evaluation_id,suite_id,dataset_id,task_name,task_family,target,sample_unit,task_type,num_samples,endpoint,metric,direction,protocol,reference_url,audit_status,observed_models
conch.natmed2024.t1.0.zero-shot_classification.auroc,conch_primary,supplementary-data-table-1-zero-shot-classification-with-prompt-ensembling-on-brca-subtyping-n-1,"Supplementary Data Table 1: Zero-shot classification with prompt ensembling on BRCA subtyping (n = 150) in terms of balanced accuracy, weighted F1 score, and ROC AUC",classification,"Supplementary Data Table 1: Zero-shot classification with prompt ensembling on BRCA subtyping (n = 150) in terms of balanced accuracy, weighted F1 score, and ROC AUC",image,classification,not_reported,zero-shot classification; prompt ensemble,auroc,higher,zero-shot classification; prompt ensemble; embedding=CONCH image/text embedding; magnification=source-defined,https://www.nature.com/articles/s41591-024-02856-4,parsed_primary_source,1
conch.natmed2024.t1.0.zero-shot_classification.balanced_accuracy,conch_primary,supplementary-data-table-1-zero-shot-classification-with-prompt-ensembling-on-brca-subtyping-n-1,"Supplementary Data Table 1: Zero-shot classification with prompt ensembling on BRCA subtyping (n = 150) in terms of balanced accuracy, weighted F1 score, and ROC AUC",classification,"Supplementary Data Table 1: Zero-shot classification with prompt ensembling on BRCA subtyping (n = 150) in terms of balanced accuracy, weighted F1 score, and ROC AUC",image,classification,not_reported,zero-shot classification; prompt ensemble,balanced_accuracy,higher,zero-shot classification; prompt ensemble; embedding=CONCH image/text embedding; magnification=source-defined,https://www.nature.com/articles/s41591-024-02856-4,parsed_primary_source,1
conch.natmed2024.t1.0.zero-shot_classification.weighted_f1,conch_primary,supplementary-data-table-1-zero-shot-classification-with-prompt-ensembling-on-brca-subtyping-n-1,"Supplementary Data Table 1: Zero-shot classification with prompt ensembling on BRCA subtyping (n = 150) in terms of balanced accuracy, weighted F1 score, and ROC AUC",classification,"Supplementary Data Table 1: Zero-shot classification with prompt ensembling on BRCA subtyping (n = 150) in terms of balanced accuracy, weighted F1 score, and ROC AUC",image,classification,not_reported,zero-shot classification; prompt ensemble,weighted_f1,higher,zero-shot classification; prompt ensemble; embedding=CONCH image/text embedding; magnification=source-defined,https://www.nature.com/articles/s41591-024-02856-4,parsed_primary_source,1
conch.natmed2024.t10.0.zero-shot_classification.auroc,conch_primary,supplementary-data-table-10-zero-shot-classification-without-prompt-ensembling-on-nsclc-subtypin,"Supplementary Data Table 10: Zero-shot classification without prompt ensembling on NSCLC subtyping (n = 150) in terms of balanced accuracy, weighted F1 score, and ROC AUC (median from 50 sets of randomly sampled prompts)",classification,"Supplementary Data Table 10: Zero-shot classification without prompt ensembling on NSCLC subtyping (n = 150) in terms of balanced accuracy, weighted F1 score, and ROC AUC (median from 50 sets of randomly sampled prompts)",image,classification,not_reported,zero-shot classification; single prompt,auroc,higher,zero-shot classification; single prompt; embedding=CONCH image/text embedding; magnification=source-defined,https://www.nature.com/articles/s41591-024-02856-4,parsed_primary_source,1
conch.natmed2024.t10.0.zero-shot_classification.balanced_accuracy,conch_primary,supplementary-data-table-10-zero-shot-classification-without-prompt-ensembling-on-nsclc-subtypin,"Supplementary Data Table 10: Zero-shot classification without prompt ensembling on NSCLC subtyping (n = 150) in terms of balanced accuracy, weighted F1 score, and ROC AUC (median from 50 sets of randomly sampled prompts)",classification,"Supplementary Data Table 10: Zero-shot classification without prompt ensembling on NSCLC subtyping (n = 150) in terms of balanced accuracy, weighted F1 score, and ROC AUC (median from 50 sets of randomly sampled prompts)",image,classification,not_reported,zero-shot classification; single prompt,balanced_accuracy,higher,zero-shot classification; single prompt; embedding=CONCH image/text embedding; magnification=source-defined,https://www.nature.com/articles/s41591-024-02856-4,parsed_primary_source,1
conch.natmed2024.t10.0.zero-shot_classification.weighted_f1,conch_primary,supplementary-data-table-10-zero-shot-classification-without-prompt-ensembling-on-nsclc-subtypin,"Supplementary Data Table 10: Zero-shot classification without prompt ensembling on NSCLC subtyping (n = 150) in terms of balanced accuracy, weighted F1 score, and ROC AUC (median from 50 sets of randomly sampled prompts)",classification,"Supplementary Data Table 10: Zero-shot classification without prompt ensembling on NSCLC subtyping (n = 150) in terms of balanced accuracy, weighted F1 score, and ROC AUC (median from 50 sets of randomly sampled prompts)",image,classification,not_reported,zero-shot classification; single prompt,weighted_f1,higher,zero-shot classification; single prompt; embedding=CONCH image/text embedding; magnification=source-defined,https://www.nature.com/articles/s41591-024-02856-4,parsed_primary_source,1
conch.natmed2024.t11.0.zero-shot_classification.balanced_accuracy,conch_primary,supplementary-data-table-11-zero-shot-classification-without-prompt-ensembling-on-dhmc-luad-n-14,"Supplementary Data Table 11: Zero-shot classification without prompt ensembling on DHMC LUAD (n = 143) in terms of Cohen’s κ, balanced accuracy, and weighted F1 score (median from 50 sets of randomly sampled prompts)",classification,"Supplementary Data Table 11: Zero-shot classification without prompt ensembling on DHMC LUAD (n = 143) in terms of Cohen’s κ, balanced accuracy, and weighted F1 score (median from 50 sets of randomly sampled prompts)",image,classification,not_reported,zero-shot classification; single prompt,balanced_accuracy,higher,zero-shot classification; single prompt; embedding=CONCH image/text embedding; magnification=source-defined,https://www.nature.com/articles/s41591-024-02856-4,parsed_primary_source,1
conch.natmed2024.t11.0.zero-shot_classification.cohen_kappa,conch_primary,supplementary-data-table-11-zero-shot-classification-without-prompt-ensembling-on-dhmc-luad-n-14,"Supplementary Data Table 11: Zero-shot classification without prompt ensembling on DHMC LUAD (n = 143) in terms of Cohen’s κ, balanced accuracy, and weighted F1 score (median from 50 sets of randomly sampled prompts)",classification,"Supplementary Data Table 11: Zero-shot classification without prompt ensembling on DHMC LUAD (n = 143) in terms of Cohen’s κ, balanced accuracy, and weighted F1 score (median from 50 sets of randomly sampled prompts)",image,classification,not_reported,zero-shot classification; single prompt,cohen_kappa,higher,zero-shot classification; single prompt; embedding=CONCH image/text embedding; magnification=source-defined,https://www.nature.com/articles/s41591-024-02856-4,parsed_primary_source,1
conch.natmed2024.t11.0.zero-shot_classification.weighted_f1,conch_primary,supplementary-data-table-11-zero-shot-classification-without-prompt-ensembling-on-dhmc-luad-n-14,"Supplementary Data Table 11: Zero-shot classification without prompt ensembling on DHMC LUAD (n = 143) in terms of Cohen’s κ, balanced accuracy, and weighted F1 score (median from 50 sets of randomly sampled prompts)",classification,"Supplementary Data Table 11: Zero-shot classification without prompt ensembling on DHMC LUAD (n = 143) in terms of Cohen’s κ, balanced accuracy, and weighted F1 score (median from 50 sets of randomly sampled prompts)",image,classification,not_reported,zero-shot classification; single prompt,weighted_f1,higher,zero-shot classification; single prompt; embedding=CONCH image/text embedding; magnification=source-defined,https://www.nature.com/articles/s41591-024-02856-4,parsed_primary_source,1
conch.natmed2024.t12.0.zero-shot_classification.balanced_accuracy,conch_primary,supplementary-data-table-12-zero-shot-classification-without-prompt-ensembling-on-sicap-n-2-122-,"Supplementary Data Table 12: Zero-shot classification without prompt ensembling on SICAP (n = 2, 122) in terms of quadratic weighted Cohen’s κ, balanced accuracy, and weighted F1 score (median from 50 sets of randomly sampled prompts)",classification,"Supplementary Data Table 12: Zero-shot classification without prompt ensembling on SICAP (n = 2, 122) in terms of quadratic weighted Cohen’s κ, balanced accuracy, and weighted F1 score (median from 50 sets of randomly sampled prompts)",image,classification,not_reported,zero-shot classification; single prompt,balanced_accuracy,higher,zero-shot classification; single prompt; embedding=CONCH image/text embedding; magnification=source-defined,https://www.nature.com/articles/s41591-024-02856-4,parsed_primary_source,1
conch.natmed2024.t12.0.zero-shot_classification.quadratic_weighted_kappa,conch_primary,supplementary-data-table-12-zero-shot-classification-without-prompt-ensembling-on-sicap-n-2-122-,"Supplementary Data Table 12: Zero-shot classification without prompt ensembling on SICAP (n = 2, 122) in terms of quadratic weighted Cohen’s κ, balanced accuracy, and weighted F1 score (median from 50 sets of randomly sampled prompts)",classification,"Supplementary Data Table 12: Zero-shot classification without prompt ensembling on SICAP (n = 2, 122) in terms of quadratic weighted Cohen’s κ, balanced accuracy, and weighted F1 score (median from 50 sets of randomly sampled prompts)",image,classification,not_reported,zero-shot classification; single prompt,quadratic_weighted_kappa,higher,zero-shot classification; single prompt; embedding=CONCH image/text embedding; magnification=source-defined,https://www.nature.com/articles/s41591-024-02856-4,parsed_primary_source,1
conch.natmed2024.t12.0.zero-shot_classification.weighted_f1,conch_primary,supplementary-data-table-12-zero-shot-classification-without-prompt-ensembling-on-sicap-n-2-122-,"Supplementary Data Table 12: Zero-shot classification without prompt ensembling on SICAP (n = 2, 122) in terms of quadratic weighted Cohen’s κ, balanced accuracy, and weighted F1 score (median from 50 sets of randomly sampled prompts)",classification,"Supplementary Data Table 12: Zero-shot classification without prompt ensembling on SICAP (n = 2, 122) in terms of quadratic weighted Cohen’s κ, balanced accuracy, and weighted F1 score (median from 50 sets of randomly sampled prompts)",image,classification,not_reported,zero-shot classification; single prompt,weighted_f1,higher,zero-shot classification; single prompt; embedding=CONCH image/text embedding; magnification=source-defined,https://www.nature.com/articles/s41591-024-02856-4,parsed_primary_source,1
conch.natmed2024.t13.0.zero-shot_classification.balanced_accuracy,conch_primary,supplementary-data-table-13-zero-shot-classification-without-prompt-ensembling-on-crc100k-n-7-18,"Supplementary Data Table 13: Zero-shot classification without prompt ensembling on CRC100k (n = 7, 180) in terms of balanced accuracy, weighted F1 score, and ROC AUC (median from 50 sets of randomly sampled prompts)",classification,"Supplementary Data Table 13: Zero-shot classification without prompt ensembling on CRC100k (n = 7, 180) in terms of balanced accuracy, weighted F1 score, and ROC AUC (median from 50 sets of randomly sampled prompts)",image,classification,not_reported,zero-shot classification; single prompt,balanced_accuracy,higher,zero-shot classification; single prompt; embedding=CONCH image/text embedding; magnification=source-defined,https://www.nature.com/articles/s41591-024-02856-4,parsed_primary_source,1
conch.natmed2024.t13.0.zero-shot_classification.cohen_kappa,conch_primary,supplementary-data-table-13-zero-shot-classification-without-prompt-ensembling-on-crc100k-n-7-18,"Supplementary Data Table 13: Zero-shot classification without prompt ensembling on CRC100k (n = 7, 180) in terms of balanced accuracy, weighted F1 score, and ROC AUC (median from 50 sets of randomly sampled prompts)",classification,"Supplementary Data Table 13: Zero-shot classification without prompt ensembling on CRC100k (n = 7, 180) in terms of balanced accuracy, weighted F1 score, and ROC AUC (median from 50 sets of randomly sampled prompts)",image,classification,not_reported,zero-shot classification; single prompt,cohen_kappa,higher,zero-shot classification; single prompt; embedding=CONCH image/text embedding; magnification=source-defined,https://www.nature.com/articles/s41591-024-02856-4,parsed_primary_source,1
conch.natmed2024.t13.0.zero-shot_classification.weighted_f1,conch_primary,supplementary-data-table-13-zero-shot-classification-without-prompt-ensembling-on-crc100k-n-7-18,"Supplementary Data Table 13: Zero-shot classification without prompt ensembling on CRC100k (n = 7, 180) in terms of balanced accuracy, weighted F1 score, and ROC AUC (median from 50 sets of randomly sampled prompts)",classification,"Supplementary Data Table 13: Zero-shot classification without prompt ensembling on CRC100k (n = 7, 180) in terms of balanced accuracy, weighted F1 score, and ROC AUC (median from 50 sets of randomly sampled prompts)",image,classification,not_reported,zero-shot classification; single prompt,weighted_f1,higher,zero-shot classification; single prompt; embedding=CONCH image/text embedding; magnification=source-defined,https://www.nature.com/articles/s41591-024-02856-4,parsed_primary_source,1
conch.natmed2024.t14.0.zero-shot_classification.auroc,conch_primary,supplementary-data-table-14-zero-shot-classification-without-prompt-ensembling-on-wsss4luad-n-4-,"Supplementary Data Table 14: Zero-shot classification without prompt ensembling on WSSS4LUAD (n = 4, 693) in terms of balanced accuracy, weighted F1 score, and ROC AUC (median from 50 sets of randomly sampled prompts)",classification,"Supplementary Data Table 14: Zero-shot classification without prompt ensembling on WSSS4LUAD (n = 4, 693) in terms of balanced accuracy, weighted F1 score, and ROC AUC (median from 50 sets of randomly sampled prompts)",image,classification,not_reported,zero-shot classification; single prompt,auroc,higher,zero-shot classification; single prompt; embedding=CONCH image/text embedding; magnification=source-defined,https://www.nature.com/articles/s41591-024-02856-4,parsed_primary_source,1
conch.natmed2024.t14.0.zero-shot_classification.balanced_accuracy,conch_primary,supplementary-data-table-14-zero-shot-classification-without-prompt-ensembling-on-wsss4luad-n-4-,"Supplementary Data Table 14: Zero-shot classification without prompt ensembling on WSSS4LUAD (n = 4, 693) in terms of balanced accuracy, weighted F1 score, and ROC AUC (median from 50 sets of randomly sampled prompts)",classification,"Supplementary Data Table 14: Zero-shot classification without prompt ensembling on WSSS4LUAD (n = 4, 693) in terms of balanced accuracy, weighted F1 score, and ROC AUC (median from 50 sets of randomly sampled prompts)",image,classification,not_reported,zero-shot classification; single prompt,balanced_accuracy,higher,zero-shot classification; single prompt; embedding=CONCH image/text embedding; magnification=source-defined,https://www.nature.com/articles/s41591-024-02856-4,parsed_primary_source,1
conch.natmed2024.t14.0.zero-shot_classification.weighted_f1,conch_primary,supplementary-data-table-14-zero-shot-classification-without-prompt-ensembling-on-wsss4luad-n-4-,"Supplementary Data Table 14: Zero-shot classification without prompt ensembling on WSSS4LUAD (n = 4, 693) in terms of balanced accuracy, weighted F1 score, and ROC AUC (median from 50 sets of randomly sampled prompts)",classification,"Supplementary Data Table 14: Zero-shot classification without prompt ensembling on WSSS4LUAD (n = 4, 693) in terms of balanced accuracy, weighted F1 score, and ROC AUC (median from 50 sets of randomly sampled prompts)",image,classification,not_reported,zero-shot classification; single prompt,weighted_f1,higher,zero-shot classification; single prompt; embedding=CONCH image/text embedding; magnification=source-defined,https://www.nature.com/articles/s41591-024-02856-4,parsed_primary_source,1
conch.natmed2024.t15.0.frozen_CONCH_features.auroc,conch_primary,supplementary-data-table-15-supervised-classification-on-brca-subtyping-n-150-in-terms-of-balanc,"Supplementary Data Table 15: Supervised classification on BRCA subtyping (n = 150) in terms of balanced accuracy, weighted F1 score, and ROC AUC",classification,"Supplementary Data Table 15: Supervised classification on BRCA subtyping (n = 150) in terms of balanced accuracy, weighted F1 score, and ROC AUC",slide,classification,not_reported,frozen CONCH features; supervised linear evaluation,auroc,higher,frozen CONCH features; supervised linear evaluation; embedding=CONCH image/text embedding; magnification=source-defined,https://www.nature.com/articles/s41591-024-02856-4,parsed_primary_source,1
conch.natmed2024.t15.0.frozen_CONCH_features.balanced_accuracy,conch_primary,supplementary-data-table-15-supervised-classification-on-brca-subtyping-n-150-in-terms-of-balanc,"Supplementary Data Table 15: Supervised classification on BRCA subtyping (n = 150) in terms of balanced accuracy, weighted F1 score, and ROC AUC",classification,"Supplementary Data Table 15: Supervised classification on BRCA subtyping (n = 150) in terms of balanced accuracy, weighted F1 score, and ROC AUC",slide,classification,not_reported,frozen CONCH features; supervised linear evaluation,balanced_accuracy,higher,frozen CONCH features; supervised linear evaluation; embedding=CONCH image/text embedding; magnification=source-defined,https://www.nature.com/articles/s41591-024-02856-4,parsed_primary_source,1
conch.natmed2024.t15.0.frozen_CONCH_features.weighted_f1,conch_primary,supplementary-data-table-15-supervised-classification-on-brca-subtyping-n-150-in-terms-of-balanc,"Supplementary Data Table 15: Supervised classification on BRCA subtyping (n = 150) in terms of balanced accuracy, weighted F1 score, and ROC AUC",classification,"Supplementary Data Table 15: Supervised classification on BRCA subtyping (n = 150) in terms of balanced accuracy, weighted F1 score, and ROC AUC",slide,classification,not_reported,frozen CONCH features; supervised linear evaluation,weighted_f1,higher,frozen CONCH features; supervised linear evaluation; embedding=CONCH image/text embedding; magnification=source-defined,https://www.nature.com/articles/s41591-024-02856-4,parsed_primary_source,1
conch.natmed2024.t16.0.frozen_CONCH_features.auroc,conch_primary,supplementary-data-table-16-supervised-classification-on-rcc-subtyping-n-225-in-terms-of-balance,"Supplementary Data Table 16: Supervised classification on RCC subtyping (n = 225) in terms of balanced accuracy, weighted F1 score, and ROC AUC",classification,"Supplementary Data Table 16: Supervised classification on RCC subtyping (n = 225) in terms of balanced accuracy, weighted F1 score, and ROC AUC",slide,classification,not_reported,frozen CONCH features; supervised linear evaluation,auroc,higher,frozen CONCH features; supervised linear evaluation; embedding=CONCH image/text embedding; magnification=source-defined,https://www.nature.com/articles/s41591-024-02856-4,parsed_primary_source,1
conch.natmed2024.t16.0.frozen_CONCH_features.balanced_accuracy,conch_primary,supplementary-data-table-16-supervised-classification-on-rcc-subtyping-n-225-in-terms-of-balance,"Supplementary Data Table 16: Supervised classification on RCC subtyping (n = 225) in terms of balanced accuracy, weighted F1 score, and ROC AUC",classification,"Supplementary Data Table 16: Supervised classification on RCC subtyping (n = 225) in terms of balanced accuracy, weighted F1 score, and ROC AUC",slide,classification,not_reported,frozen CONCH features; supervised linear evaluation,balanced_accuracy,higher,frozen CONCH features; supervised linear evaluation; embedding=CONCH image/text embedding; magnification=source-defined,https://www.nature.com/articles/s41591-024-02856-4,parsed_primary_source,1
conch.natmed2024.t16.0.frozen_CONCH_features.weighted_f1,conch_primary,supplementary-data-table-16-supervised-classification-on-rcc-subtyping-n-225-in-terms-of-balance,"Supplementary Data Table 16: Supervised classification on RCC subtyping (n = 225) in terms of balanced accuracy, weighted F1 score, and ROC AUC",classification,"Supplementary Data Table 16: Supervised classification on RCC subtyping (n = 225) in terms of balanced accuracy, weighted F1 score, and ROC AUC",slide,classification,not_reported,frozen CONCH features; supervised linear evaluation,weighted_f1,higher,frozen CONCH features; supervised linear evaluation; embedding=CONCH image/text embedding; magnification=source-defined,https://www.nature.com/articles/s41591-024-02856-4,parsed_primary_source,1
conch.natmed2024.t17.0.frozen_CONCH_features.auroc,conch_primary,supplementary-data-table-17-supervised-classification-on-nsclc-subtyping-n-150-in-terms-of-balan,"Supplementary Data Table 17: Supervised classification on NSCLC subtyping (n = 150) in terms of balanced accuracy, weighted F1 score, and ROC AUC",classification,"Supplementary Data Table 17: Supervised classification on NSCLC subtyping (n = 150) in terms of balanced accuracy, weighted F1 score, and ROC AUC",slide,classification,not_reported,frozen CONCH features; supervised linear evaluation,auroc,higher,frozen CONCH features; supervised linear evaluation; embedding=CONCH image/text embedding; magnification=source-defined,https://www.nature.com/articles/s41591-024-02856-4,parsed_primary_source,1
conch.natmed2024.t17.0.frozen_CONCH_features.balanced_accuracy,conch_primary,supplementary-data-table-17-supervised-classification-on-nsclc-subtyping-n-150-in-terms-of-balan,"Supplementary Data Table 17: Supervised classification on NSCLC subtyping (n = 150) in terms of balanced accuracy, weighted F1 score, and ROC AUC",classification,"Supplementary Data Table 17: Supervised classification on NSCLC subtyping (n = 150) in terms of balanced accuracy, weighted F1 score, and ROC AUC",slide,classification,not_reported,frozen CONCH features; supervised linear evaluation,balanced_accuracy,higher,frozen CONCH features; supervised linear evaluation; embedding=CONCH image/text embedding; magnification=source-defined,https://www.nature.com/articles/s41591-024-02856-4,parsed_primary_source,1
conch.natmed2024.t17.0.frozen_CONCH_features.weighted_f1,conch_primary,supplementary-data-table-17-supervised-classification-on-nsclc-subtyping-n-150-in-terms-of-balan,"Supplementary Data Table 17: Supervised classification on NSCLC subtyping (n = 150) in terms of balanced accuracy, weighted F1 score, and ROC AUC",classification,"Supplementary Data Table 17: Supervised classification on NSCLC subtyping (n = 150) in terms of balanced accuracy, weighted F1 score, and ROC AUC",slide,classification,not_reported,frozen CONCH features; supervised linear evaluation,weighted_f1,higher,frozen CONCH features; supervised linear evaluation; embedding=CONCH image/text embedding; magnification=source-defined,https://www.nature.com/articles/s41591-024-02856-4,parsed_primary_source,1
conch.natmed2024.t18.0.frozen_CONCH_features.balanced_accuracy,conch_primary,supplementary-data-table-18-supervised-classification-on-sicap-n-2-122-in-terms-of-quadratic-wei,"Supplementary Data Table 18: Supervised classification on SICAP (n = 2, 122) in terms of quadratic weighted Cohen’s κ, balanced accuracy, and weighted F1 score",classification,"Supplementary Data Table 18: Supervised classification on SICAP (n = 2, 122) in terms of quadratic weighted Cohen’s κ, balanced accuracy, and weighted F1 score",image,classification,not_reported,frozen CONCH features; supervised linear evaluation,balanced_accuracy,higher,frozen CONCH features; supervised linear evaluation; embedding=CONCH image/text embedding; magnification=source-defined,https://www.nature.com/articles/s41591-024-02856-4,parsed_primary_source,1
conch.natmed2024.t18.0.frozen_CONCH_features.quadratic_weighted_kappa,conch_primary,supplementary-data-table-18-supervised-classification-on-sicap-n-2-122-in-terms-of-quadratic-wei,"Supplementary Data Table 18: Supervised classification on SICAP (n = 2, 122) in terms of quadratic weighted Cohen’s κ, balanced accuracy, and weighted F1 score",classification,"Supplementary Data Table 18: Supervised classification on SICAP (n = 2, 122) in terms of quadratic weighted Cohen’s κ, balanced accuracy, and weighted F1 score",image,classification,not_reported,frozen CONCH features; supervised linear evaluation,quadratic_weighted_kappa,higher,frozen CONCH features; supervised linear evaluation; embedding=CONCH image/text embedding; magnification=source-defined,https://www.nature.com/articles/s41591-024-02856-4,parsed_primary_source,1
conch.natmed2024.t18.0.frozen_CONCH_features.weighted_f1,conch_primary,supplementary-data-table-18-supervised-classification-on-sicap-n-2-122-in-terms-of-quadratic-wei,"Supplementary Data Table 18: Supervised classification on SICAP (n = 2, 122) in terms of quadratic weighted Cohen’s κ, balanced accuracy, and weighted F1 score",classification,"Supplementary Data Table 18: Supervised classification on SICAP (n = 2, 122) in terms of quadratic weighted Cohen’s κ, balanced accuracy, and weighted F1 score",image,classification,not_reported,frozen CONCH features; supervised linear evaluation,weighted_f1,higher,frozen CONCH features; supervised linear evaluation; embedding=CONCH image/text embedding; magnification=source-defined,https://www.nature.com/articles/s41591-024-02856-4,parsed_primary_source,1
conch.natmed2024.t19.0.frozen_CONCH_features.balanced_accuracy,conch_primary,supplementary-data-table-19-supervised-classification-on-crc100k-n-7-180-in-terms-of-balanced-ac,"Supplementary Data Table 19: Supervised classification on CRC100k (n = 7, 180) in terms of balanced accuracy, weighted F1 score, and ROC AUC",classification,"Supplementary Data Table 19: Supervised classification on CRC100k (n = 7, 180) in terms of balanced accuracy, weighted F1 score, and ROC AUC",image,classification,not_reported,frozen CONCH features; supervised linear evaluation,balanced_accuracy,higher,frozen CONCH features; supervised linear evaluation; embedding=CONCH image/text embedding; magnification=source-defined,https://www.nature.com/articles/s41591-024-02856-4,parsed_primary_source,1
conch.natmed2024.t19.0.frozen_CONCH_features.cohen_kappa,conch_primary,supplementary-data-table-19-supervised-classification-on-crc100k-n-7-180-in-terms-of-balanced-ac,"Supplementary Data Table 19: Supervised classification on CRC100k (n = 7, 180) in terms of balanced accuracy, weighted F1 score, and ROC AUC",classification,"Supplementary Data Table 19: Supervised classification on CRC100k (n = 7, 180) in terms of balanced accuracy, weighted F1 score, and ROC AUC",image,classification,not_reported,frozen CONCH features; supervised linear evaluation,cohen_kappa,higher,frozen CONCH features; supervised linear evaluation; embedding=CONCH image/text embedding; magnification=source-defined,https://www.nature.com/articles/s41591-024-02856-4,parsed_primary_source,1
conch.natmed2024.t19.0.frozen_CONCH_features.weighted_f1,conch_primary,supplementary-data-table-19-supervised-classification-on-crc100k-n-7-180-in-terms-of-balanced-ac,"Supplementary Data Table 19: Supervised classification on CRC100k (n = 7, 180) in terms of balanced accuracy, weighted F1 score, and ROC AUC",classification,"Supplementary Data Table 19: Supervised classification on CRC100k (n = 7, 180) in terms of balanced accuracy, weighted F1 score, and ROC AUC",image,classification,not_reported,frozen CONCH features; supervised linear evaluation,weighted_f1,higher,frozen CONCH features; supervised linear evaluation; embedding=CONCH image/text embedding; magnification=source-defined,https://www.nature.com/articles/s41591-024-02856-4,parsed_primary_source,1
conch.natmed2024.t2.0.zero-shot_classification.auroc,conch_primary,supplementary-data-table-2-zero-shot-classification-with-prompt-ensembling-on-rcc-subtyping-n-22,"Supplementary Data Table 2: Zero-shot classification with prompt ensembling on RCC subtyping (n = 225) in terms of balanced accuracy, weighted F1 score, and ROC AUC",classification,"Supplementary Data Table 2: Zero-shot classification with prompt ensembling on RCC subtyping (n = 225) in terms of balanced accuracy, weighted F1 score, and ROC AUC",image,classification,not_reported,zero-shot classification; prompt ensemble,auroc,higher,zero-shot classification; prompt ensemble; embedding=CONCH image/text embedding; magnification=source-defined,https://www.nature.com/articles/s41591-024-02856-4,parsed_primary_source,1
conch.natmed2024.t2.0.zero-shot_classification.balanced_accuracy,conch_primary,supplementary-data-table-2-zero-shot-classification-with-prompt-ensembling-on-rcc-subtyping-n-22,"Supplementary Data Table 2: Zero-shot classification with prompt ensembling on RCC subtyping (n = 225) in terms of balanced accuracy, weighted F1 score, and ROC AUC",classification,"Supplementary Data Table 2: Zero-shot classification with prompt ensembling on RCC subtyping (n = 225) in terms of balanced accuracy, weighted F1 score, and ROC AUC",image,classification,not_reported,zero-shot classification; prompt ensemble,balanced_accuracy,higher,zero-shot classification; prompt ensemble; embedding=CONCH image/text embedding; magnification=source-defined,https://www.nature.com/articles/s41591-024-02856-4,parsed_primary_source,1
conch.natmed2024.t2.0.zero-shot_classification.weighted_f1,conch_primary,supplementary-data-table-2-zero-shot-classification-with-prompt-ensembling-on-rcc-subtyping-n-22,"Supplementary Data Table 2: Zero-shot classification with prompt ensembling on RCC subtyping (n = 225) in terms of balanced accuracy, weighted F1 score, and ROC AUC",classification,"Supplementary Data Table 2: Zero-shot classification with prompt ensembling on RCC subtyping (n = 225) in terms of balanced accuracy, weighted F1 score, and ROC AUC",image,classification,not_reported,zero-shot classification; prompt ensemble,weighted_f1,higher,zero-shot classification; prompt ensemble; embedding=CONCH image/text embedding; magnification=source-defined,https://www.nature.com/articles/s41591-024-02856-4,parsed_primary_source,1
conch.natmed2024.t20.0.frozen_CONCH_features.auroc,conch_primary,supplementary-data-table-20-supervised-classification-on-ebrains-n-573-in-terms-of-balanced-accu,"Supplementary Data Table 20: Supervised classification on EBRAINS (n = 573) in terms of balanced accuracy, weighted F1 score, and ROC AUC",classification,"Supplementary Data Table 20: Supervised classification on EBRAINS (n = 573) in terms of balanced accuracy, weighted F1 score, and ROC AUC",slide,classification,not_reported,frozen CONCH features; supervised linear evaluation,auroc,higher,frozen CONCH features; supervised linear evaluation; embedding=CONCH image/text embedding; magnification=source-defined,https://www.nature.com/articles/s41591-024-02856-4,parsed_primary_source,1
conch.natmed2024.t20.0.frozen_CONCH_features.balanced_accuracy,conch_primary,supplementary-data-table-20-supervised-classification-on-ebrains-n-573-in-terms-of-balanced-accu,"Supplementary Data Table 20: Supervised classification on EBRAINS (n = 573) in terms of balanced accuracy, weighted F1 score, and ROC AUC",classification,"Supplementary Data Table 20: Supervised classification on EBRAINS (n = 573) in terms of balanced accuracy, weighted F1 score, and ROC AUC",slide,classification,not_reported,frozen CONCH features; supervised linear evaluation,balanced_accuracy,higher,frozen CONCH features; supervised linear evaluation; embedding=CONCH image/text embedding; magnification=source-defined,https://www.nature.com/articles/s41591-024-02856-4,parsed_primary_source,1
conch.natmed2024.t20.0.frozen_CONCH_features.weighted_f1,conch_primary,supplementary-data-table-20-supervised-classification-on-ebrains-n-573-in-terms-of-balanced-accu,"Supplementary Data Table 20: Supervised classification on EBRAINS (n = 573) in terms of balanced accuracy, weighted F1 score, and ROC AUC",classification,"Supplementary Data Table 20: Supervised classification on EBRAINS (n = 573) in terms of balanced accuracy, weighted F1 score, and ROC AUC",slide,classification,not_reported,frozen CONCH features; supervised linear evaluation,weighted_f1,higher,frozen CONCH features; supervised linear evaluation; embedding=CONCH image/text embedding; magnification=source-defined,https://www.nature.com/articles/s41591-024-02856-4,parsed_primary_source,1
conch.natmed2024.t21.0.zero-shot_classification.auroc,conch_primary,supplementary-data-table-21-zeroshot-classification-on-ebrains-n-573-in-terms-of-balanced-accura,"Supplementary Data Table 21: Zeroshot classification on Ebrains (n = 573) in terms of balanced accuracy, weighted F1 score, and ROC AUC",classification,"Supplementary Data Table 21: Zeroshot classification on Ebrains (n = 573) in terms of balanced accuracy, weighted F1 score, and ROC AUC",slide,classification,not_reported,zero-shot classification,auroc,higher,zero-shot classification; embedding=CONCH image/text embedding; magnification=source-defined,https://www.nature.com/articles/s41591-024-02856-4,parsed_primary_source,1
conch.natmed2024.t21.0.zero-shot_classification.balanced_accuracy,conch_primary,supplementary-data-table-21-zeroshot-classification-on-ebrains-n-573-in-terms-of-balanced-accura,"Supplementary Data Table 21: Zeroshot classification on Ebrains (n = 573) in terms of balanced accuracy, weighted F1 score, and ROC AUC",classification,"Supplementary Data Table 21: Zeroshot classification on Ebrains (n = 573) in terms of balanced accuracy, weighted F1 score, and ROC AUC",slide,classification,not_reported,zero-shot classification,balanced_accuracy,higher,zero-shot classification; embedding=CONCH image/text embedding; magnification=source-defined,https://www.nature.com/articles/s41591-024-02856-4,parsed_primary_source,1
conch.natmed2024.t21.0.zero-shot_classification.weighted_f1,conch_primary,supplementary-data-table-21-zeroshot-classification-on-ebrains-n-573-in-terms-of-balanced-accura,"Supplementary Data Table 21: Zeroshot classification on Ebrains (n = 573) in terms of balanced accuracy, weighted F1 score, and ROC AUC",classification,"Supplementary Data Table 21: Zeroshot classification on Ebrains (n = 573) in terms of balanced accuracy, weighted F1 score, and ROC AUC",slide,classification,not_reported,zero-shot classification,weighted_f1,higher,zero-shot classification; embedding=CONCH image/text embedding; magnification=source-defined,https://www.nature.com/articles/s41591-024-02856-4,parsed_primary_source,1
conch.natmed2024.t26.0.zero-shot_cross-modal_retrieval.mean_recall,conch_primary,supplementary-data-table-26-zero-shot-text-to-image-retrieval-performance-for-tcga-luad-n-165-in,"Supplementary Data Table 26: Zero-shot text-to-image retrieval performance for TCGA LUAD (n = 165) in terms of Recall@K for K ∈ {1, 5, 10} and mean recall over K",classification,"Supplementary Data Table 26: Zero-shot text-to-image retrieval performance for TCGA LUAD (n = 165) in terms of Recall@K for K ∈ {1, 5, 10} and mean recall over K",slide,classification,not_reported,zero-shot cross-modal retrieval,mean_recall,higher,zero-shot cross-modal retrieval; embedding=CONCH image/text embedding; magnification=source-defined,https://www.nature.com/articles/s41591-024-02856-4,parsed_primary_source,1
conch.natmed2024.t26.0.zero-shot_cross-modal_retrieval.recall_at_1,conch_primary,supplementary-data-table-26-zero-shot-text-to-image-retrieval-performance-for-tcga-luad-n-165-in,"Supplementary Data Table 26: Zero-shot text-to-image retrieval performance for TCGA LUAD (n = 165) in terms of Recall@K for K ∈ {1, 5, 10} and mean recall over K",classification,"Supplementary Data Table 26: Zero-shot text-to-image retrieval performance for TCGA LUAD (n = 165) in terms of Recall@K for K ∈ {1, 5, 10} and mean recall over K",slide,classification,not_reported,zero-shot cross-modal retrieval,recall_at_1,higher,zero-shot cross-modal retrieval; embedding=CONCH image/text embedding; magnification=source-defined,https://www.nature.com/articles/s41591-024-02856-4,parsed_primary_source,1
conch.natmed2024.t26.0.zero-shot_cross-modal_retrieval.recall_at_10,conch_primary,supplementary-data-table-26-zero-shot-text-to-image-retrieval-performance-for-tcga-luad-n-165-in,"Supplementary Data Table 26: Zero-shot text-to-image retrieval performance for TCGA LUAD (n = 165) in terms of Recall@K for K ∈ {1, 5, 10} and mean recall over K",classification,"Supplementary Data Table 26: Zero-shot text-to-image retrieval performance for TCGA LUAD (n = 165) in terms of Recall@K for K ∈ {1, 5, 10} and mean recall over K",slide,classification,not_reported,zero-shot cross-modal retrieval,recall_at_10,higher,zero-shot cross-modal retrieval; embedding=CONCH image/text embedding; magnification=source-defined,https://www.nature.com/articles/s41591-024-02856-4,parsed_primary_source,1
conch.natmed2024.t26.0.zero-shot_cross-modal_retrieval.recall_at_5,conch_primary,supplementary-data-table-26-zero-shot-text-to-image-retrieval-performance-for-tcga-luad-n-165-in,"Supplementary Data Table 26: Zero-shot text-to-image retrieval performance for TCGA LUAD (n = 165) in terms of Recall@K for K ∈ {1, 5, 10} and mean recall over K",classification,"Supplementary Data Table 26: Zero-shot text-to-image retrieval performance for TCGA LUAD (n = 165) in terms of Recall@K for K ∈ {1, 5, 10} and mean recall over K",slide,classification,not_reported,zero-shot cross-modal retrieval,recall_at_5,higher,zero-shot cross-modal retrieval; embedding=CONCH image/text embedding; magnification=source-defined,https://www.nature.com/articles/s41591-024-02856-4,parsed_primary_source,1
conch.natmed2024.t27.0.zero-shot_cross-modal_retrieval.mean_recall,conch_primary,supplementary-data-table-27-zero-shot-image-to-text-retrieval-performance-for-tcga-luad-n-165-in,"Supplementary Data Table 27: Zero-shot image-to-text retrieval performance for TCGA LUAD (n = 165) in terms of Recall@K for K ∈ {1, 5, 10} and mean recall over K",classification,"Supplementary Data Table 27: Zero-shot image-to-text retrieval performance for TCGA LUAD (n = 165) in terms of Recall@K for K ∈ {1, 5, 10} and mean recall over K",slide,classification,not_reported,zero-shot cross-modal retrieval,mean_recall,higher,zero-shot cross-modal retrieval; embedding=CONCH image/text embedding; magnification=source-defined,https://www.nature.com/articles/s41591-024-02856-4,parsed_primary_source,1
conch.natmed2024.t27.0.zero-shot_cross-modal_retrieval.recall_at_1,conch_primary,supplementary-data-table-27-zero-shot-image-to-text-retrieval-performance-for-tcga-luad-n-165-in,"Supplementary Data Table 27: Zero-shot image-to-text retrieval performance for TCGA LUAD (n = 165) in terms of Recall@K for K ∈ {1, 5, 10} and mean recall over K",classification,"Supplementary Data Table 27: Zero-shot image-to-text retrieval performance for TCGA LUAD (n = 165) in terms of Recall@K for K ∈ {1, 5, 10} and mean recall over K",slide,classification,not_reported,zero-shot cross-modal retrieval,recall_at_1,higher,zero-shot cross-modal retrieval; embedding=CONCH image/text embedding; magnification=source-defined,https://www.nature.com/articles/s41591-024-02856-4,parsed_primary_source,1
conch.natmed2024.t27.0.zero-shot_cross-modal_retrieval.recall_at_10,conch_primary,supplementary-data-table-27-zero-shot-image-to-text-retrieval-performance-for-tcga-luad-n-165-in,"Supplementary Data Table 27: Zero-shot image-to-text retrieval performance for TCGA LUAD (n = 165) in terms of Recall@K for K ∈ {1, 5, 10} and mean recall over K",classification,"Supplementary Data Table 27: Zero-shot image-to-text retrieval performance for TCGA LUAD (n = 165) in terms of Recall@K for K ∈ {1, 5, 10} and mean recall over K",slide,classification,not_reported,zero-shot cross-modal retrieval,recall_at_10,higher,zero-shot cross-modal retrieval; embedding=CONCH image/text embedding; magnification=source-defined,https://www.nature.com/articles/s41591-024-02856-4,parsed_primary_source,1
conch.natmed2024.t27.0.zero-shot_cross-modal_retrieval.recall_at_5,conch_primary,supplementary-data-table-27-zero-shot-image-to-text-retrieval-performance-for-tcga-luad-n-165-in,"Supplementary Data Table 27: Zero-shot image-to-text retrieval performance for TCGA LUAD (n = 165) in terms of Recall@K for K ∈ {1, 5, 10} and mean recall over K",classification,"Supplementary Data Table 27: Zero-shot image-to-text retrieval performance for TCGA LUAD (n = 165) in terms of Recall@K for K ∈ {1, 5, 10} and mean recall over K",slide,classification,not_reported,zero-shot cross-modal retrieval,recall_at_5,higher,zero-shot cross-modal retrieval; embedding=CONCH image/text embedding; magnification=source-defined,https://www.nature.com/articles/s41591-024-02856-4,parsed_primary_source,1
conch.natmed2024.t28.0.zero-shot_segmentation.dice,conch_primary,supplementary-data-table-28-zero-shot-segmentation-performance-on-sicap-n-31-in-terms-of-the-mac,Supplementary Data Table 28: Zero-shot segmentation performance on SICAP (n = 31) in terms of the macro-averaged Dice score as well as precision and recall,segmentation,Supplementary Data Table 28: Zero-shot segmentation performance on SICAP (n = 31) in terms of the macro-averaged Dice score as well as precision and recall,image,segmentation,not_reported,zero-shot segmentation,dice,higher,zero-shot segmentation; embedding=CONCH image/text embedding; magnification=source-defined,https://www.nature.com/articles/s41591-024-02856-4,parsed_primary_source,1
conch.natmed2024.t28.0.zero-shot_segmentation.precision,conch_primary,supplementary-data-table-28-zero-shot-segmentation-performance-on-sicap-n-31-in-terms-of-the-mac,Supplementary Data Table 28: Zero-shot segmentation performance on SICAP (n = 31) in terms of the macro-averaged Dice score as well as precision and recall,segmentation,Supplementary Data Table 28: Zero-shot segmentation performance on SICAP (n = 31) in terms of the macro-averaged Dice score as well as precision and recall,image,segmentation,not_reported,zero-shot segmentation,precision,higher,zero-shot segmentation; embedding=CONCH image/text embedding; magnification=source-defined,https://www.nature.com/articles/s41591-024-02856-4,parsed_primary_source,1
conch.natmed2024.t28.0.zero-shot_segmentation.recall,conch_primary,supplementary-data-table-28-zero-shot-segmentation-performance-on-sicap-n-31-in-terms-of-the-mac,Supplementary Data Table 28: Zero-shot segmentation performance on SICAP (n = 31) in terms of the macro-averaged Dice score as well as precision and recall,segmentation,Supplementary Data Table 28: Zero-shot segmentation performance on SICAP (n = 31) in terms of the macro-averaged Dice score as well as precision and recall,image,segmentation,not_reported,zero-shot segmentation,recall,higher,zero-shot segmentation; embedding=CONCH image/text embedding; magnification=source-defined,https://www.nature.com/articles/s41591-024-02856-4,parsed_primary_source,1
conch.natmed2024.t29.0.zero-shot_segmentation.dice,conch_primary,supplementary-data-table-29-zero-shot-segmentation-performance-on-digestpath-n-250-in-terms-of-t,Supplementary Data Table 29: Zero-shot segmentation performance on DigestPath (n = 250) in terms of the macro-averaged Dice score as well as precision and recall,segmentation,Supplementary Data Table 29: Zero-shot segmentation performance on DigestPath (n = 250) in terms of the macro-averaged Dice score as well as precision and recall,image,segmentation,not_reported,zero-shot segmentation,dice,higher,zero-shot segmentation; embedding=CONCH image/text embedding; magnification=source-defined,https://www.nature.com/articles/s41591-024-02856-4,parsed_primary_source,1
conch.natmed2024.t29.0.zero-shot_segmentation.precision,conch_primary,supplementary-data-table-29-zero-shot-segmentation-performance-on-digestpath-n-250-in-terms-of-t,Supplementary Data Table 29: Zero-shot segmentation performance on DigestPath (n = 250) in terms of the macro-averaged Dice score as well as precision and recall,segmentation,Supplementary Data Table 29: Zero-shot segmentation performance on DigestPath (n = 250) in terms of the macro-averaged Dice score as well as precision and recall,image,segmentation,not_reported,zero-shot segmentation,precision,higher,zero-shot segmentation; embedding=CONCH image/text embedding; magnification=source-defined,https://www.nature.com/articles/s41591-024-02856-4,parsed_primary_source,1
conch.natmed2024.t29.0.zero-shot_segmentation.recall,conch_primary,supplementary-data-table-29-zero-shot-segmentation-performance-on-digestpath-n-250-in-terms-of-t,Supplementary Data Table 29: Zero-shot segmentation performance on DigestPath (n = 250) in terms of the macro-averaged Dice score as well as precision and recall,segmentation,Supplementary Data Table 29: Zero-shot segmentation performance on DigestPath (n = 250) in terms of the macro-averaged Dice score as well as precision and recall,image,segmentation,not_reported,zero-shot segmentation,recall,higher,zero-shot segmentation; embedding=CONCH image/text embedding; magnification=source-defined,https://www.nature.com/articles/s41591-024-02856-4,parsed_primary_source,1
conch.natmed2024.t3.0.zero-shot_classification.auroc,conch_primary,supplementary-data-table-3-zero-shot-classification-with-prompt-ensembling-on-nsclc-subtyping-n-,"Supplementary Data Table 3: Zero-shot classification with prompt ensembling on NSCLC subtyping (n = 150) in terms of balanced accuracy, weighted F1 score, and ROC AUC",classification,"Supplementary Data Table 3: Zero-shot classification with prompt ensembling on NSCLC subtyping (n = 150) in terms of balanced accuracy, weighted F1 score, and ROC AUC",image,classification,not_reported,zero-shot classification; prompt ensemble,auroc,higher,zero-shot classification; prompt ensemble; embedding=CONCH image/text embedding; magnification=source-defined,https://www.nature.com/articles/s41591-024-02856-4,parsed_primary_source,1
conch.natmed2024.t3.0.zero-shot_classification.balanced_accuracy,conch_primary,supplementary-data-table-3-zero-shot-classification-with-prompt-ensembling-on-nsclc-subtyping-n-,"Supplementary Data Table 3: Zero-shot classification with prompt ensembling on NSCLC subtyping (n = 150) in terms of balanced accuracy, weighted F1 score, and ROC AUC",classification,"Supplementary Data Table 3: Zero-shot classification with prompt ensembling on NSCLC subtyping (n = 150) in terms of balanced accuracy, weighted F1 score, and ROC AUC",image,classification,not_reported,zero-shot classification; prompt ensemble,balanced_accuracy,higher,zero-shot classification; prompt ensemble; embedding=CONCH image/text embedding; magnification=source-defined,https://www.nature.com/articles/s41591-024-02856-4,parsed_primary_source,1
conch.natmed2024.t3.0.zero-shot_classification.weighted_f1,conch_primary,supplementary-data-table-3-zero-shot-classification-with-prompt-ensembling-on-nsclc-subtyping-n-,"Supplementary Data Table 3: Zero-shot classification with prompt ensembling on NSCLC subtyping (n = 150) in terms of balanced accuracy, weighted F1 score, and ROC AUC",classification,"Supplementary Data Table 3: Zero-shot classification with prompt ensembling on NSCLC subtyping (n = 150) in terms of balanced accuracy, weighted F1 score, and ROC AUC",image,classification,not_reported,zero-shot classification; prompt ensemble,weighted_f1,higher,zero-shot classification; prompt ensemble; embedding=CONCH image/text embedding; magnification=source-defined,https://www.nature.com/articles/s41591-024-02856-4,parsed_primary_source,1
conch.natmed2024.t4.0.zero-shot_classification.balanced_accuracy,conch_primary,supplementary-data-table-4-zero-shot-classification-with-prompt-ensembling-on-dhmc-luad-n-143-in,"Supplementary Data Table 4: Zero-shot classification with prompt ensembling on DHMC LUAD (n = 143) in terms of Cohen’s κ, balanced accuracy, and weighted F1 score",classification,"Supplementary Data Table 4: Zero-shot classification with prompt ensembling on DHMC LUAD (n = 143) in terms of Cohen’s κ, balanced accuracy, and weighted F1 score",image,classification,not_reported,zero-shot classification; prompt ensemble,balanced_accuracy,higher,zero-shot classification; prompt ensemble; embedding=CONCH image/text embedding; magnification=source-defined,https://www.nature.com/articles/s41591-024-02856-4,parsed_primary_source,1
conch.natmed2024.t4.0.zero-shot_classification.cohen_kappa,conch_primary,supplementary-data-table-4-zero-shot-classification-with-prompt-ensembling-on-dhmc-luad-n-143-in,"Supplementary Data Table 4: Zero-shot classification with prompt ensembling on DHMC LUAD (n = 143) in terms of Cohen’s κ, balanced accuracy, and weighted F1 score",classification,"Supplementary Data Table 4: Zero-shot classification with prompt ensembling on DHMC LUAD (n = 143) in terms of Cohen’s κ, balanced accuracy, and weighted F1 score",image,classification,not_reported,zero-shot classification; prompt ensemble,cohen_kappa,higher,zero-shot classification; prompt ensemble; embedding=CONCH image/text embedding; magnification=source-defined,https://www.nature.com/articles/s41591-024-02856-4,parsed_primary_source,1
conch.natmed2024.t4.0.zero-shot_classification.weighted_f1,conch_primary,supplementary-data-table-4-zero-shot-classification-with-prompt-ensembling-on-dhmc-luad-n-143-in,"Supplementary Data Table 4: Zero-shot classification with prompt ensembling on DHMC LUAD (n = 143) in terms of Cohen’s κ, balanced accuracy, and weighted F1 score",classification,"Supplementary Data Table 4: Zero-shot classification with prompt ensembling on DHMC LUAD (n = 143) in terms of Cohen’s κ, balanced accuracy, and weighted F1 score",image,classification,not_reported,zero-shot classification; prompt ensemble,weighted_f1,higher,zero-shot classification; prompt ensemble; embedding=CONCH image/text embedding; magnification=source-defined,https://www.nature.com/articles/s41591-024-02856-4,parsed_primary_source,1
conch.natmed2024.t5.0.zero-shot_classification.balanced_accuracy,conch_primary,supplementary-data-table-5-zero-shot-classification-with-prompt-ensembling-on-sicap-n-2-122-in-t,"Supplementary Data Table 5: Zero-shot classification with prompt ensembling on SICAP (n = 2, 122) in terms of quadratic weighted Cohen’s κ, balanced accuracy, and weighted F1 score",classification,"Supplementary Data Table 5: Zero-shot classification with prompt ensembling on SICAP (n = 2, 122) in terms of quadratic weighted Cohen’s κ, balanced accuracy, and weighted F1 score",image,classification,not_reported,zero-shot classification; prompt ensemble,balanced_accuracy,higher,zero-shot classification; prompt ensemble; embedding=CONCH image/text embedding; magnification=source-defined,https://www.nature.com/articles/s41591-024-02856-4,parsed_primary_source,1
conch.natmed2024.t5.0.zero-shot_classification.quadratic_weighted_kappa,conch_primary,supplementary-data-table-5-zero-shot-classification-with-prompt-ensembling-on-sicap-n-2-122-in-t,"Supplementary Data Table 5: Zero-shot classification with prompt ensembling on SICAP (n = 2, 122) in terms of quadratic weighted Cohen’s κ, balanced accuracy, and weighted F1 score",classification,"Supplementary Data Table 5: Zero-shot classification with prompt ensembling on SICAP (n = 2, 122) in terms of quadratic weighted Cohen’s κ, balanced accuracy, and weighted F1 score",image,classification,not_reported,zero-shot classification; prompt ensemble,quadratic_weighted_kappa,higher,zero-shot classification; prompt ensemble; embedding=CONCH image/text embedding; magnification=source-defined,https://www.nature.com/articles/s41591-024-02856-4,parsed_primary_source,1
conch.natmed2024.t5.0.zero-shot_classification.weighted_f1,conch_primary,supplementary-data-table-5-zero-shot-classification-with-prompt-ensembling-on-sicap-n-2-122-in-t,"Supplementary Data Table 5: Zero-shot classification with prompt ensembling on SICAP (n = 2, 122) in terms of quadratic weighted Cohen’s κ, balanced accuracy, and weighted F1 score",classification,"Supplementary Data Table 5: Zero-shot classification with prompt ensembling on SICAP (n = 2, 122) in terms of quadratic weighted Cohen’s κ, balanced accuracy, and weighted F1 score",image,classification,not_reported,zero-shot classification; prompt ensemble,weighted_f1,higher,zero-shot classification; prompt ensemble; embedding=CONCH image/text embedding; magnification=source-defined,https://www.nature.com/articles/s41591-024-02856-4,parsed_primary_source,1
conch.natmed2024.t6.0.zero-shot_classification.balanced_accuracy,conch_primary,supplementary-data-table-6-zero-shot-classification-with-prompt-ensembling-on-crc100k-n-7-180-in,"Supplementary Data Table 6: Zero-shot classification with prompt ensembling on CRC100k (n = 7, 180) in terms of balanced accuracy, weighted F1 score, and ROC AUC",classification,"Supplementary Data Table 6: Zero-shot classification with prompt ensembling on CRC100k (n = 7, 180) in terms of balanced accuracy, weighted F1 score, and ROC AUC",image,classification,not_reported,zero-shot classification; prompt ensemble,balanced_accuracy,higher,zero-shot classification; prompt ensemble; embedding=CONCH image/text embedding; magnification=source-defined,https://www.nature.com/articles/s41591-024-02856-4,parsed_primary_source,1
conch.natmed2024.t6.0.zero-shot_classification.cohen_kappa,conch_primary,supplementary-data-table-6-zero-shot-classification-with-prompt-ensembling-on-crc100k-n-7-180-in,"Supplementary Data Table 6: Zero-shot classification with prompt ensembling on CRC100k (n = 7, 180) in terms of balanced accuracy, weighted F1 score, and ROC AUC",classification,"Supplementary Data Table 6: Zero-shot classification with prompt ensembling on CRC100k (n = 7, 180) in terms of balanced accuracy, weighted F1 score, and ROC AUC",image,classification,not_reported,zero-shot classification; prompt ensemble,cohen_kappa,higher,zero-shot classification; prompt ensemble; embedding=CONCH image/text embedding; magnification=source-defined,https://www.nature.com/articles/s41591-024-02856-4,parsed_primary_source,1
conch.natmed2024.t6.0.zero-shot_classification.weighted_f1,conch_primary,supplementary-data-table-6-zero-shot-classification-with-prompt-ensembling-on-crc100k-n-7-180-in,"Supplementary Data Table 6: Zero-shot classification with prompt ensembling on CRC100k (n = 7, 180) in terms of balanced accuracy, weighted F1 score, and ROC AUC",classification,"Supplementary Data Table 6: Zero-shot classification with prompt ensembling on CRC100k (n = 7, 180) in terms of balanced accuracy, weighted F1 score, and ROC AUC",image,classification,not_reported,zero-shot classification; prompt ensemble,weighted_f1,higher,zero-shot classification; prompt ensemble; embedding=CONCH image/text embedding; magnification=source-defined,https://www.nature.com/articles/s41591-024-02856-4,parsed_primary_source,1
conch.natmed2024.t7.0.zero-shot_classification.auroc,conch_primary,supplementary-data-table-7-zero-shot-classification-with-prompt-ensembling-on-wsss4luad-n-4-693-,"Supplementary Data Table 7: Zero-shot classification with prompt ensembling on WSSS4LUAD (n = 4, 693) in terms of balanced accuracy, weighted F1 score, and ROC AUC",classification,"Supplementary Data Table 7: Zero-shot classification with prompt ensembling on WSSS4LUAD (n = 4, 693) in terms of balanced accuracy, weighted F1 score, and ROC AUC",image,classification,not_reported,zero-shot classification; prompt ensemble,auroc,higher,zero-shot classification; prompt ensemble; embedding=CONCH image/text embedding; magnification=source-defined,https://www.nature.com/articles/s41591-024-02856-4,parsed_primary_source,1
conch.natmed2024.t7.0.zero-shot_classification.balanced_accuracy,conch_primary,supplementary-data-table-7-zero-shot-classification-with-prompt-ensembling-on-wsss4luad-n-4-693-,"Supplementary Data Table 7: Zero-shot classification with prompt ensembling on WSSS4LUAD (n = 4, 693) in terms of balanced accuracy, weighted F1 score, and ROC AUC",classification,"Supplementary Data Table 7: Zero-shot classification with prompt ensembling on WSSS4LUAD (n = 4, 693) in terms of balanced accuracy, weighted F1 score, and ROC AUC",image,classification,not_reported,zero-shot classification; prompt ensemble,balanced_accuracy,higher,zero-shot classification; prompt ensemble; embedding=CONCH image/text embedding; magnification=source-defined,https://www.nature.com/articles/s41591-024-02856-4,parsed_primary_source,1
conch.natmed2024.t7.0.zero-shot_classification.weighted_f1,conch_primary,supplementary-data-table-7-zero-shot-classification-with-prompt-ensembling-on-wsss4luad-n-4-693-,"Supplementary Data Table 7: Zero-shot classification with prompt ensembling on WSSS4LUAD (n = 4, 693) in terms of balanced accuracy, weighted F1 score, and ROC AUC",classification,"Supplementary Data Table 7: Zero-shot classification with prompt ensembling on WSSS4LUAD (n = 4, 693) in terms of balanced accuracy, weighted F1 score, and ROC AUC",image,classification,not_reported,zero-shot classification; prompt ensemble,weighted_f1,higher,zero-shot classification; prompt ensemble; embedding=CONCH image/text embedding; magnification=source-defined,https://www.nature.com/articles/s41591-024-02856-4,parsed_primary_source,1
conch.natmed2024.t8.0.zero-shot_classification.auroc,conch_primary,supplementary-data-table-8-zero-shot-classification-without-prompt-ensembling-on-brca-subtyping-,"Supplementary Data Table 8: Zero-shot classification without prompt ensembling on BRCA subtyping (n = 150) in terms of balanced accuracy, weighted F1 score, and ROC AUC",classification,"Supplementary Data Table 8: Zero-shot classification without prompt ensembling on BRCA subtyping (n = 150) in terms of balanced accuracy, weighted F1 score, and ROC AUC",image,classification,not_reported,zero-shot classification; single prompt,auroc,higher,zero-shot classification; single prompt; embedding=CONCH image/text embedding; magnification=source-defined,https://www.nature.com/articles/s41591-024-02856-4,parsed_primary_source,1
conch.natmed2024.t8.0.zero-shot_classification.balanced_accuracy,conch_primary,supplementary-data-table-8-zero-shot-classification-without-prompt-ensembling-on-brca-subtyping-,"Supplementary Data Table 8: Zero-shot classification without prompt ensembling on BRCA subtyping (n = 150) in terms of balanced accuracy, weighted F1 score, and ROC AUC",classification,"Supplementary Data Table 8: Zero-shot classification without prompt ensembling on BRCA subtyping (n = 150) in terms of balanced accuracy, weighted F1 score, and ROC AUC",image,classification,not_reported,zero-shot classification; single prompt,balanced_accuracy,higher,zero-shot classification; single prompt; embedding=CONCH image/text embedding; magnification=source-defined,https://www.nature.com/articles/s41591-024-02856-4,parsed_primary_source,1
conch.natmed2024.t8.0.zero-shot_classification.weighted_f1,conch_primary,supplementary-data-table-8-zero-shot-classification-without-prompt-ensembling-on-brca-subtyping-,"Supplementary Data Table 8: Zero-shot classification without prompt ensembling on BRCA subtyping (n = 150) in terms of balanced accuracy, weighted F1 score, and ROC AUC",classification,"Supplementary Data Table 8: Zero-shot classification without prompt ensembling on BRCA subtyping (n = 150) in terms of balanced accuracy, weighted F1 score, and ROC AUC",image,classification,not_reported,zero-shot classification; single prompt,weighted_f1,higher,zero-shot classification; single prompt; embedding=CONCH image/text embedding; magnification=source-defined,https://www.nature.com/articles/s41591-024-02856-4,parsed_primary_source,1
conch.natmed2024.t9.0.zero-shot_classification.auroc,conch_primary,supplementary-data-table-9-zero-shot-classification-without-prompt-ensembling-on-rcc-subtyping-n,"Supplementary Data Table 9: Zero-shot classification without prompt ensembling on RCC subtyping (n = 225) in terms of balanced accuracy, weighted F1 score, and ROC AUC (median from 50 sets of randomly sampled prompts)",classification,"Supplementary Data Table 9: Zero-shot classification without prompt ensembling on RCC subtyping (n = 225) in terms of balanced accuracy, weighted F1 score, and ROC AUC (median from 50 sets of randomly sampled prompts)",image,classification,not_reported,zero-shot classification; single prompt,auroc,higher,zero-shot classification; single prompt; embedding=CONCH image/text embedding; magnification=source-defined,https://www.nature.com/articles/s41591-024-02856-4,parsed_primary_source,1
conch.natmed2024.t9.0.zero-shot_classification.balanced_accuracy,conch_primary,supplementary-data-table-9-zero-shot-classification-without-prompt-ensembling-on-rcc-subtyping-n,"Supplementary Data Table 9: Zero-shot classification without prompt ensembling on RCC subtyping (n = 225) in terms of balanced accuracy, weighted F1 score, and ROC AUC (median from 50 sets of randomly sampled prompts)",classification,"Supplementary Data Table 9: Zero-shot classification without prompt ensembling on RCC subtyping (n = 225) in terms of balanced accuracy, weighted F1 score, and ROC AUC (median from 50 sets of randomly sampled prompts)",image,classification,not_reported,zero-shot classification; single prompt,balanced_accuracy,higher,zero-shot classification; single prompt; embedding=CONCH image/text embedding; magnification=source-defined,https://www.nature.com/articles/s41591-024-02856-4,parsed_primary_source,1
conch.natmed2024.t9.0.zero-shot_classification.weighted_f1,conch_primary,supplementary-data-table-9-zero-shot-classification-without-prompt-ensembling-on-rcc-subtyping-n,"Supplementary Data Table 9: Zero-shot classification without prompt ensembling on RCC subtyping (n = 225) in terms of balanced accuracy, weighted F1 score, and ROC AUC (median from 50 sets of randomly sampled prompts)",classification,"Supplementary Data Table 9: Zero-shot classification without prompt ensembling on RCC subtyping (n = 225) in terms of balanced accuracy, weighted F1 score, and ROC AUC (median from 50 sets of randomly sampled prompts)",image,classification,not_reported,zero-shot classification; single prompt,weighted_f1,higher,zero-shot classification; single prompt; embedding=CONCH image/text embedding; magnification=source-defined,https://www.nature.com/articles/s41591-024-02856-4,parsed_primary_source,1
conch15.titan2025.t120.retrieval.majority_vote_at3_accuracy,titan_patch_encoder,tcga-ut-8k,TCGA-UT-8K tumor subtype slide retrieval,slide_retrieval,tumor_subtype,slide,retrieval,7784,cosine slide retrieval,majority_vote_at3_accuracy,higher,cosine slide retrieval; embedding=mean-pooled frozen CONCHv1.5 patch embeddings; magnification=20x patches,https://www.nature.com/articles/s41591-025-03982-3,parsed_primary_source,1
conch15.titan2025.t120.retrieval.majority_vote_at5_accuracy,titan_patch_encoder,tcga-ut-8k,TCGA-UT-8K tumor subtype slide retrieval,slide_retrieval,tumor_subtype,slide,retrieval,7784,cosine slide retrieval,majority_vote_at5_accuracy,higher,cosine slide retrieval; embedding=mean-pooled frozen CONCHv1.5 patch embeddings; magnification=20x patches,https://www.nature.com/articles/s41591-025-03982-3,parsed_primary_source,1
conch15.titan2025.t120.retrieval.top1_accuracy,titan_patch_encoder,tcga-ut-8k,TCGA-UT-8K tumor subtype slide retrieval,slide_retrieval,tumor_subtype,slide,retrieval,7784,cosine slide retrieval,top1_accuracy,higher,cosine slide retrieval; embedding=mean-pooled frozen CONCHv1.5 patch embeddings; magnification=20x patches,https://www.nature.com/articles/s41591-025-03982-3,parsed_primary_source,1
conch15.titan2025.t120.retrieval.top3_accuracy,titan_patch_encoder,tcga-ut-8k,TCGA-UT-8K tumor subtype slide retrieval,slide_retrieval,tumor_subtype,slide,retrieval,7784,cosine slide retrieval,top3_accuracy,higher,cosine slide retrieval; embedding=mean-pooled frozen CONCHv1.5 patch embeddings; magnification=20x patches,https://www.nature.com/articles/s41591-025-03982-3,parsed_primary_source,1
conch15.titan2025.t120.retrieval.top5_accuracy,titan_patch_encoder,tcga-ut-8k,TCGA-UT-8K tumor subtype slide retrieval,slide_retrieval,tumor_subtype,slide,retrieval,7784,cosine slide retrieval,top5_accuracy,higher,cosine slide retrieval; embedding=mean-pooled frozen CONCHv1.5 patch embeddings; magnification=20x patches,https://www.nature.com/articles/s41591-025-03982-3,parsed_primary_source,1
conch15.titan2025.t121.retrieval.majority_vote_at3_accuracy,titan_patch_encoder,tcga-ot,TCGA-OT OncoTree code slide retrieval,slide_retrieval,oncotree_code,slide,retrieval,9149,cosine slide retrieval,majority_vote_at3_accuracy,higher,cosine slide retrieval; embedding=mean-pooled frozen CONCHv1.5 patch embeddings; magnification=20x patches,https://www.nature.com/articles/s41591-025-03982-3,parsed_primary_source,1
conch15.titan2025.t121.retrieval.majority_vote_at5_accuracy,titan_patch_encoder,tcga-ot,TCGA-OT OncoTree code slide retrieval,slide_retrieval,oncotree_code,slide,retrieval,9149,cosine slide retrieval,majority_vote_at5_accuracy,higher,cosine slide retrieval; embedding=mean-pooled frozen CONCHv1.5 patch embeddings; magnification=20x patches,https://www.nature.com/articles/s41591-025-03982-3,parsed_primary_source,1
conch15.titan2025.t121.retrieval.top1_accuracy,titan_patch_encoder,tcga-ot,TCGA-OT OncoTree code slide retrieval,slide_retrieval,oncotree_code,slide,retrieval,9149,cosine slide retrieval,top1_accuracy,higher,cosine slide retrieval; embedding=mean-pooled frozen CONCHv1.5 patch embeddings; magnification=20x patches,https://www.nature.com/articles/s41591-025-03982-3,parsed_primary_source,1
conch15.titan2025.t121.retrieval.top3_accuracy,titan_patch_encoder,tcga-ot,TCGA-OT OncoTree code slide retrieval,slide_retrieval,oncotree_code,slide,retrieval,9149,cosine slide retrieval,top3_accuracy,higher,cosine slide retrieval; embedding=mean-pooled frozen CONCHv1.5 patch embeddings; magnification=20x patches,https://www.nature.com/articles/s41591-025-03982-3,parsed_primary_source,1
conch15.titan2025.t121.retrieval.top5_accuracy,titan_patch_encoder,tcga-ot,TCGA-OT OncoTree code slide retrieval,slide_retrieval,oncotree_code,slide,retrieval,9149,cosine slide retrieval,top5_accuracy,higher,cosine slide retrieval; embedding=mean-pooled frozen CONCHv1.5 patch embeddings; magnification=20x patches,https://www.nature.com/articles/s41591-025-03982-3,parsed_primary_source,1
conch15.titan2025.t123.retrieval.majority_vote_at3_accuracy,titan_patch_encoder,ebrains,EBRAINS tumor type slide retrieval,slide_retrieval,diagnosis,slide,retrieval,2147,cosine slide retrieval,majority_vote_at3_accuracy,higher,cosine slide retrieval; embedding=mean-pooled frozen CONCHv1.5 patch embeddings; magnification=20x patches,https://www.nature.com/articles/s41591-025-03982-3,parsed_primary_source,1
conch15.titan2025.t123.retrieval.majority_vote_at5_accuracy,titan_patch_encoder,ebrains,EBRAINS tumor type slide retrieval,slide_retrieval,diagnosis,slide,retrieval,2147,cosine slide retrieval,majority_vote_at5_accuracy,higher,cosine slide retrieval; embedding=mean-pooled frozen CONCHv1.5 patch embeddings; magnification=20x patches,https://www.nature.com/articles/s41591-025-03982-3,parsed_primary_source,1
conch15.titan2025.t123.retrieval.top1_accuracy,titan_patch_encoder,ebrains,EBRAINS tumor type slide retrieval,slide_retrieval,diagnosis,slide,retrieval,2147,cosine slide retrieval,top1_accuracy,higher,cosine slide retrieval; embedding=mean-pooled frozen CONCHv1.5 patch embeddings; magnification=20x patches,https://www.nature.com/articles/s41591-025-03982-3,parsed_primary_source,1
conch15.titan2025.t123.retrieval.top3_accuracy,titan_patch_encoder,ebrains,EBRAINS tumor type slide retrieval,slide_retrieval,diagnosis,slide,retrieval,2147,cosine slide retrieval,top3_accuracy,higher,cosine slide retrieval; embedding=mean-pooled frozen CONCHv1.5 patch embeddings; magnification=20x patches,https://www.nature.com/articles/s41591-025-03982-3,parsed_primary_source,1
conch15.titan2025.t123.retrieval.top5_accuracy,titan_patch_encoder,ebrains,EBRAINS tumor type slide retrieval,slide_retrieval,diagnosis,slide,retrieval,2147,cosine slide retrieval,top5_accuracy,higher,cosine slide retrieval; embedding=mean-pooled frozen CONCHv1.5 patch embeddings; magnification=20x patches,https://www.nature.com/articles/s41591-025-03982-3,parsed_primary_source,1
conch15.titan2025.t22.0.knn.balanced_accuracy,titan_patch_encoder,tcga-ut-8k,TCGA-UT-8K tumor subtype,morphological_subtyping,tumor_subtype,slide,classification,7784,knn,balanced_accuracy,higher,knn; embedding=mean-pooled frozen CONCHv1.5 patch embeddings; magnification=20x patches; slide mean pooling,https://www.nature.com/articles/s41591-025-03982-3,parsed_primary_source,1
conch15.titan2025.t22.0.knn.weighted_f1,titan_patch_encoder,tcga-ut-8k,TCGA-UT-8K tumor subtype,morphological_subtyping,tumor_subtype,slide,classification,7784,knn,weighted_f1,higher,knn; embedding=mean-pooled frozen CONCHv1.5 patch embeddings; magnification=20x patches; slide mean pooling,https://www.nature.com/articles/s41591-025-03982-3,parsed_primary_source,1
conch15.titan2025.t22.0.logistic_regression.balanced_accuracy,titan_patch_encoder,tcga-ut-8k,TCGA-UT-8K tumor subtype,morphological_subtyping,tumor_subtype,slide,classification,7784,logistic_regression,balanced_accuracy,higher,logistic_regression; embedding=mean-pooled frozen CONCHv1.5 patch embeddings; magnification=20x patches; slide mean pooling,https://www.nature.com/articles/s41591-025-03982-3,parsed_primary_source,1
conch15.titan2025.t22.0.logistic_regression.weighted_f1,titan_patch_encoder,tcga-ut-8k,TCGA-UT-8K tumor subtype,morphological_subtyping,tumor_subtype,slide,classification,7784,logistic_regression,weighted_f1,higher,logistic_regression; embedding=mean-pooled frozen CONCHv1.5 patch embeddings; magnification=20x patches; slide mean pooling,https://www.nature.com/articles/s41591-025-03982-3,parsed_primary_source,1
conch15.titan2025.t22.0.simpleshot.balanced_accuracy,titan_patch_encoder,tcga-ut-8k,TCGA-UT-8K tumor subtype,morphological_subtyping,tumor_subtype,slide,classification,7784,simpleshot,balanced_accuracy,higher,simpleshot; embedding=mean-pooled frozen CONCHv1.5 patch embeddings; magnification=20x patches; slide mean pooling,https://www.nature.com/articles/s41591-025-03982-3,parsed_primary_source,1
conch15.titan2025.t22.0.simpleshot.weighted_f1,titan_patch_encoder,tcga-ut-8k,TCGA-UT-8K tumor subtype,morphological_subtyping,tumor_subtype,slide,classification,7784,simpleshot,weighted_f1,higher,simpleshot; embedding=mean-pooled frozen CONCHv1.5 patch embeddings; magnification=20x patches; slide mean pooling,https://www.nature.com/articles/s41591-025-03982-3,parsed_primary_source,1
conch15.titan2025.t23.0.knn.balanced_accuracy,titan_patch_encoder,tcga-ot,TCGA-OT OncoTree code,morphological_subtyping,oncotree_code,slide,classification,9149,knn,balanced_accuracy,higher,knn; embedding=mean-pooled frozen CONCHv1.5 patch embeddings; magnification=20x patches; slide mean pooling,https://www.nature.com/articles/s41591-025-03982-3,parsed_primary_source,1
conch15.titan2025.t23.0.knn.weighted_f1,titan_patch_encoder,tcga-ot,TCGA-OT OncoTree code,morphological_subtyping,oncotree_code,slide,classification,9149,knn,weighted_f1,higher,knn; embedding=mean-pooled frozen CONCHv1.5 patch embeddings; magnification=20x patches; slide mean pooling,https://www.nature.com/articles/s41591-025-03982-3,parsed_primary_source,1
conch15.titan2025.t23.0.logistic_regression.balanced_accuracy,titan_patch_encoder,tcga-ot,TCGA-OT OncoTree code,morphological_subtyping,oncotree_code,slide,classification,9149,logistic_regression,balanced_accuracy,higher,logistic_regression; embedding=mean-pooled frozen CONCHv1.5 patch embeddings; magnification=20x patches; slide mean pooling,https://www.nature.com/articles/s41591-025-03982-3,parsed_primary_source,1
conch15.titan2025.t23.0.logistic_regression.weighted_f1,titan_patch_encoder,tcga-ot,TCGA-OT OncoTree code,morphological_subtyping,oncotree_code,slide,classification,9149,logistic_regression,weighted_f1,higher,logistic_regression; embedding=mean-pooled frozen CONCHv1.5 patch embeddings; magnification=20x patches; slide mean pooling,https://www.nature.com/articles/s41591-025-03982-3,parsed_primary_source,1
conch15.titan2025.t23.0.simpleshot.balanced_accuracy,titan_patch_encoder,tcga-ot,TCGA-OT OncoTree code,morphological_subtyping,oncotree_code,slide,classification,9149,simpleshot,balanced_accuracy,higher,simpleshot; embedding=mean-pooled frozen CONCHv1.5 patch embeddings; magnification=20x patches; slide mean pooling,https://www.nature.com/articles/s41591-025-03982-3,parsed_primary_source,1
conch15.titan2025.t23.0.simpleshot.weighted_f1,titan_patch_encoder,tcga-ot,TCGA-OT OncoTree code,morphological_subtyping,oncotree_code,slide,classification,9149,simpleshot,weighted_f1,higher,simpleshot; embedding=mean-pooled frozen CONCHv1.5 patch embeddings; magnification=20x patches; slide mean pooling,https://www.nature.com/articles/s41591-025-03982-3,parsed_primary_source,1
conch15.titan2025.t25.0.knn.balanced_accuracy,titan_patch_encoder,ebrains,EBRAINS tumor type,morphological_subtyping,diagnosis,slide,classification,2147,knn,balanced_accuracy,higher,knn; embedding=mean-pooled frozen CONCHv1.5 patch embeddings; magnification=20x patches; slide mean pooling,https://www.nature.com/articles/s41591-025-03982-3,parsed_primary_source,1
conch15.titan2025.t25.0.knn.weighted_f1,titan_patch_encoder,ebrains,EBRAINS tumor type,morphological_subtyping,diagnosis,slide,classification,2147,knn,weighted_f1,higher,knn; embedding=mean-pooled frozen CONCHv1.5 patch embeddings; magnification=20x patches; slide mean pooling,https://www.nature.com/articles/s41591-025-03982-3,parsed_primary_source,1
conch15.titan2025.t25.0.logistic_regression.balanced_accuracy,titan_patch_encoder,ebrains,EBRAINS tumor type,morphological_subtyping,diagnosis,slide,classification,2147,logistic_regression,balanced_accuracy,higher,logistic_regression; embedding=mean-pooled frozen CONCHv1.5 patch embeddings; magnification=20x patches; slide mean pooling,https://www.nature.com/articles/s41591-025-03982-3,parsed_primary_source,1
conch15.titan2025.t25.0.logistic_regression.weighted_f1,titan_patch_encoder,ebrains,EBRAINS tumor type,morphological_subtyping,diagnosis,slide,classification,2147,logistic_regression,weighted_f1,higher,logistic_regression; embedding=mean-pooled frozen CONCHv1.5 patch embeddings; magnification=20x patches; slide mean pooling,https://www.nature.com/articles/s41591-025-03982-3,parsed_primary_source,1
conch15.titan2025.t25.0.simpleshot.balanced_accuracy,titan_patch_encoder,ebrains,EBRAINS tumor type,morphological_subtyping,diagnosis,slide,classification,2147,simpleshot,balanced_accuracy,higher,simpleshot; embedding=mean-pooled frozen CONCHv1.5 patch embeddings; magnification=20x patches; slide mean pooling,https://www.nature.com/articles/s41591-025-03982-3,parsed_primary_source,1
conch15.titan2025.t25.0.simpleshot.weighted_f1,titan_patch_encoder,ebrains,EBRAINS tumor type,morphological_subtyping,diagnosis,slide,classification,2147,simpleshot,weighted_f1,higher,simpleshot; embedding=mean-pooled frozen CONCHv1.5 patch embeddings; magnification=20x patches; slide mean pooling,https://www.nature.com/articles/s41591-025-03982-3,parsed_primary_source,1
conch15.titan2025.t26.0.knn.balanced_accuracy,titan_patch_encoder,tcga-brca,TCGA-BRCA breast subtype,morphological_subtyping,subtype,slide,classification,984,knn,balanced_accuracy,higher,knn; embedding=mean-pooled frozen CONCHv1.5 patch embeddings; magnification=20x patches; slide mean pooling,https://www.nature.com/articles/s41591-025-03982-3,parsed_primary_source,1
conch15.titan2025.t26.0.knn.weighted_f1,titan_patch_encoder,tcga-brca,TCGA-BRCA breast subtype,morphological_subtyping,subtype,slide,classification,984,knn,weighted_f1,higher,knn; embedding=mean-pooled frozen CONCHv1.5 patch embeddings; magnification=20x patches; slide mean pooling,https://www.nature.com/articles/s41591-025-03982-3,parsed_primary_source,1
conch15.titan2025.t26.0.logistic_regression.auroc,titan_patch_encoder,tcga-brca,TCGA-BRCA breast subtype,morphological_subtyping,subtype,slide,classification,984,logistic_regression,auroc,higher,logistic_regression; embedding=mean-pooled frozen CONCHv1.5 patch embeddings; magnification=20x patches; slide mean pooling,https://www.nature.com/articles/s41591-025-03982-3,parsed_primary_source,1
conch15.titan2025.t26.0.logistic_regression.balanced_accuracy,titan_patch_encoder,tcga-brca,TCGA-BRCA breast subtype,morphological_subtyping,subtype,slide,classification,984,logistic_regression,balanced_accuracy,higher,logistic_regression; embedding=mean-pooled frozen CONCHv1.5 patch embeddings; magnification=20x patches; slide mean pooling,https://www.nature.com/articles/s41591-025-03982-3,parsed_primary_source,1
conch15.titan2025.t26.0.simpleshot.balanced_accuracy,titan_patch_encoder,tcga-brca,TCGA-BRCA breast subtype,morphological_subtyping,subtype,slide,classification,984,simpleshot,balanced_accuracy,higher,simpleshot; embedding=mean-pooled frozen CONCHv1.5 patch embeddings; magnification=20x patches; slide mean pooling,https://www.nature.com/articles/s41591-025-03982-3,parsed_primary_source,1
conch15.titan2025.t26.0.simpleshot.weighted_f1,titan_patch_encoder,tcga-brca,TCGA-BRCA breast subtype,morphological_subtyping,subtype,slide,classification,984,simpleshot,weighted_f1,higher,simpleshot; embedding=mean-pooled frozen CONCHv1.5 patch embeddings; magnification=20x patches; slide mean pooling,https://www.nature.com/articles/s41591-025-03982-3,parsed_primary_source,1
conch15.titan2025.t27.0.knn.balanced_accuracy,titan_patch_encoder,tcga-nsclc,TCGA-NSCLC subtype,morphological_subtyping,subtype,slide,classification,946,knn,balanced_accuracy,higher,knn; embedding=mean-pooled frozen CONCHv1.5 patch embeddings; magnification=20x patches; slide mean pooling,https://www.nature.com/articles/s41591-025-03982-3,parsed_primary_source,1
conch15.titan2025.t27.0.knn.weighted_f1,titan_patch_encoder,tcga-nsclc,TCGA-NSCLC subtype,morphological_subtyping,subtype,slide,classification,946,knn,weighted_f1,higher,knn; embedding=mean-pooled frozen CONCHv1.5 patch embeddings; magnification=20x patches; slide mean pooling,https://www.nature.com/articles/s41591-025-03982-3,parsed_primary_source,1
conch15.titan2025.t27.0.logistic_regression.auroc,titan_patch_encoder,tcga-nsclc,TCGA-NSCLC subtype,morphological_subtyping,subtype,slide,classification,946,logistic_regression,auroc,higher,logistic_regression; embedding=mean-pooled frozen CONCHv1.5 patch embeddings; magnification=20x patches; slide mean pooling,https://www.nature.com/articles/s41591-025-03982-3,parsed_primary_source,1
conch15.titan2025.t27.0.logistic_regression.balanced_accuracy,titan_patch_encoder,tcga-nsclc,TCGA-NSCLC subtype,morphological_subtyping,subtype,slide,classification,946,logistic_regression,balanced_accuracy,higher,logistic_regression; embedding=mean-pooled frozen CONCHv1.5 patch embeddings; magnification=20x patches; slide mean pooling,https://www.nature.com/articles/s41591-025-03982-3,parsed_primary_source,1
conch15.titan2025.t27.0.simpleshot.balanced_accuracy,titan_patch_encoder,tcga-nsclc,TCGA-NSCLC subtype,morphological_subtyping,subtype,slide,classification,946,simpleshot,balanced_accuracy,higher,simpleshot; embedding=mean-pooled frozen CONCHv1.5 patch embeddings; magnification=20x patches; slide mean pooling,https://www.nature.com/articles/s41591-025-03982-3,parsed_primary_source,1
conch15.titan2025.t27.0.simpleshot.weighted_f1,titan_patch_encoder,tcga-nsclc,TCGA-NSCLC subtype,morphological_subtyping,subtype,slide,classification,946,simpleshot,weighted_f1,higher,simpleshot; embedding=mean-pooled frozen CONCHv1.5 patch embeddings; magnification=20x patches; slide mean pooling,https://www.nature.com/articles/s41591-025-03982-3,parsed_primary_source,1
conch15.titan2025.t27.1.knn.balanced_accuracy,titan_patch_encoder,cptac-nsclc,CPTAC-NSCLC subtype,morphological_subtyping,subtype,slide,classification,422,knn,balanced_accuracy,higher,knn; embedding=mean-pooled frozen CONCHv1.5 patch embeddings; magnification=20x patches; slide mean pooling,https://www.nature.com/articles/s41591-025-03982-3,parsed_primary_source,1
conch15.titan2025.t27.1.knn.weighted_f1,titan_patch_encoder,cptac-nsclc,CPTAC-NSCLC subtype,morphological_subtyping,subtype,slide,classification,422,knn,weighted_f1,higher,knn; embedding=mean-pooled frozen CONCHv1.5 patch embeddings; magnification=20x patches; slide mean pooling,https://www.nature.com/articles/s41591-025-03982-3,parsed_primary_source,1
conch15.titan2025.t27.1.logistic_regression.auroc,titan_patch_encoder,cptac-nsclc,CPTAC-NSCLC subtype,morphological_subtyping,subtype,slide,classification,422,logistic_regression,auroc,higher,logistic_regression; embedding=mean-pooled frozen CONCHv1.5 patch embeddings; magnification=20x patches; slide mean pooling,https://www.nature.com/articles/s41591-025-03982-3,parsed_primary_source,1
conch15.titan2025.t27.1.logistic_regression.balanced_accuracy,titan_patch_encoder,cptac-nsclc,CPTAC-NSCLC subtype,morphological_subtyping,subtype,slide,classification,422,logistic_regression,balanced_accuracy,higher,logistic_regression; embedding=mean-pooled frozen CONCHv1.5 patch embeddings; magnification=20x patches; slide mean pooling,https://www.nature.com/articles/s41591-025-03982-3,parsed_primary_source,1
conch15.titan2025.t27.1.simpleshot.balanced_accuracy,titan_patch_encoder,cptac-nsclc,CPTAC-NSCLC subtype,morphological_subtyping,subtype,slide,classification,422,simpleshot,balanced_accuracy,higher,simpleshot; embedding=mean-pooled frozen CONCHv1.5 patch embeddings; magnification=20x patches; slide mean pooling,https://www.nature.com/articles/s41591-025-03982-3,parsed_primary_source,1
conch15.titan2025.t27.1.simpleshot.weighted_f1,titan_patch_encoder,cptac-nsclc,CPTAC-NSCLC subtype,morphological_subtyping,subtype,slide,classification,422,simpleshot,weighted_f1,higher,simpleshot; embedding=mean-pooled frozen CONCHv1.5 patch embeddings; magnification=20x patches; slide mean pooling,https://www.nature.com/articles/s41591-025-03982-3,parsed_primary_source,1
conch15.titan2025.t28.0.knn.balanced_accuracy,titan_patch_encoder,tcga-rcc,TCGA-RCC OncoTree code,morphological_subtyping,oncotree_code,slide,classification,895,knn,balanced_accuracy,higher,knn; embedding=mean-pooled frozen CONCHv1.5 patch embeddings; magnification=20x patches; slide mean pooling,https://www.nature.com/articles/s41591-025-03982-3,parsed_primary_source,1
conch15.titan2025.t28.0.knn.weighted_f1,titan_patch_encoder,tcga-rcc,TCGA-RCC OncoTree code,morphological_subtyping,oncotree_code,slide,classification,895,knn,weighted_f1,higher,knn; embedding=mean-pooled frozen CONCHv1.5 patch embeddings; magnification=20x patches; slide mean pooling,https://www.nature.com/articles/s41591-025-03982-3,parsed_primary_source,1
conch15.titan2025.t28.0.logistic_regression.balanced_accuracy,titan_patch_encoder,tcga-rcc,TCGA-RCC OncoTree code,morphological_subtyping,oncotree_code,slide,classification,895,logistic_regression,balanced_accuracy,higher,logistic_regression; embedding=mean-pooled frozen CONCHv1.5 patch embeddings; magnification=20x patches; slide mean pooling,https://www.nature.com/articles/s41591-025-03982-3,parsed_primary_source,1
conch15.titan2025.t28.0.logistic_regression.weighted_f1,titan_patch_encoder,tcga-rcc,TCGA-RCC OncoTree code,morphological_subtyping,oncotree_code,slide,classification,895,logistic_regression,weighted_f1,higher,logistic_regression; embedding=mean-pooled frozen CONCHv1.5 patch embeddings; magnification=20x patches; slide mean pooling,https://www.nature.com/articles/s41591-025-03982-3,parsed_primary_source,1
conch15.titan2025.t28.0.simpleshot.balanced_accuracy,titan_patch_encoder,tcga-rcc,TCGA-RCC OncoTree code,morphological_subtyping,oncotree_code,slide,classification,895,simpleshot,balanced_accuracy,higher,simpleshot; embedding=mean-pooled frozen CONCHv1.5 patch embeddings; magnification=20x patches; slide mean pooling,https://www.nature.com/articles/s41591-025-03982-3,parsed_primary_source,1
conch15.titan2025.t28.0.simpleshot.weighted_f1,titan_patch_encoder,tcga-rcc,TCGA-RCC OncoTree code,morphological_subtyping,oncotree_code,slide,classification,895,simpleshot,weighted_f1,higher,simpleshot; embedding=mean-pooled frozen CONCHv1.5 patch embeddings; magnification=20x patches; slide mean pooling,https://www.nature.com/articles/s41591-025-03982-3,parsed_primary_source,1
conch15.titan2025.t28.1.knn.balanced_accuracy,titan_patch_encoder,cptac-dhmc-rcc,CPTAC-DHMC RCC OncoTree code,morphological_subtyping,oncotree_code,slide,classification,673,knn,balanced_accuracy,higher,knn; embedding=mean-pooled frozen CONCHv1.5 patch embeddings; magnification=20x patches; slide mean pooling,https://www.nature.com/articles/s41591-025-03982-3,parsed_primary_source,1
conch15.titan2025.t28.1.knn.weighted_f1,titan_patch_encoder,cptac-dhmc-rcc,CPTAC-DHMC RCC OncoTree code,morphological_subtyping,oncotree_code,slide,classification,673,knn,weighted_f1,higher,knn; embedding=mean-pooled frozen CONCHv1.5 patch embeddings; magnification=20x patches; slide mean pooling,https://www.nature.com/articles/s41591-025-03982-3,parsed_primary_source,1
conch15.titan2025.t28.1.logistic_regression.balanced_accuracy,titan_patch_encoder,cptac-dhmc-rcc,CPTAC-DHMC RCC OncoTree code,morphological_subtyping,oncotree_code,slide,classification,673,logistic_regression,balanced_accuracy,higher,logistic_regression; embedding=mean-pooled frozen CONCHv1.5 patch embeddings; magnification=20x patches; slide mean pooling,https://www.nature.com/articles/s41591-025-03982-3,parsed_primary_source,1
conch15.titan2025.t28.1.logistic_regression.weighted_f1,titan_patch_encoder,cptac-dhmc-rcc,CPTAC-DHMC RCC OncoTree code,morphological_subtyping,oncotree_code,slide,classification,673,logistic_regression,weighted_f1,higher,logistic_regression; embedding=mean-pooled frozen CONCHv1.5 patch embeddings; magnification=20x patches; slide mean pooling,https://www.nature.com/articles/s41591-025-03982-3,parsed_primary_source,1
conch15.titan2025.t28.1.simpleshot.balanced_accuracy,titan_patch_encoder,cptac-dhmc-rcc,CPTAC-DHMC RCC OncoTree code,morphological_subtyping,oncotree_code,slide,classification,673,simpleshot,balanced_accuracy,higher,simpleshot; embedding=mean-pooled frozen CONCHv1.5 patch embeddings; magnification=20x patches; slide mean pooling,https://www.nature.com/articles/s41591-025-03982-3,parsed_primary_source,1
conch15.titan2025.t28.1.simpleshot.weighted_f1,titan_patch_encoder,cptac-dhmc-rcc,CPTAC-DHMC RCC OncoTree code,morphological_subtyping,oncotree_code,slide,classification,673,simpleshot,weighted_f1,higher,simpleshot; embedding=mean-pooled frozen CONCHv1.5 patch embeddings; magnification=20x patches; slide mean pooling,https://www.nature.com/articles/s41591-025-03982-3,parsed_primary_source,1
conch15.titan2025.t29.0.knn.balanced_accuracy,titan_patch_encoder,bracs,BRACS fine subtype,morphological_subtyping,subtype_7_class,slide,classification,189,knn,balanced_accuracy,higher,knn; embedding=mean-pooled frozen CONCHv1.5 patch embeddings; magnification=20x patches; slide mean pooling,https://www.nature.com/articles/s41591-025-03982-3,parsed_primary_source,1
conch15.titan2025.t29.0.knn.weighted_f1,titan_patch_encoder,bracs,BRACS fine subtype,morphological_subtyping,subtype_7_class,slide,classification,189,knn,weighted_f1,higher,knn; embedding=mean-pooled frozen CONCHv1.5 patch embeddings; magnification=20x patches; slide mean pooling,https://www.nature.com/articles/s41591-025-03982-3,parsed_primary_source,1
conch15.titan2025.t29.0.logistic_regression.balanced_accuracy,titan_patch_encoder,bracs,BRACS fine subtype,morphological_subtyping,subtype_7_class,slide,classification,189,logistic_regression,balanced_accuracy,higher,logistic_regression; embedding=mean-pooled frozen CONCHv1.5 patch embeddings; magnification=20x patches; slide mean pooling,https://www.nature.com/articles/s41591-025-03982-3,parsed_primary_source,1
conch15.titan2025.t29.0.logistic_regression.weighted_f1,titan_patch_encoder,bracs,BRACS fine subtype,morphological_subtyping,subtype_7_class,slide,classification,189,logistic_regression,weighted_f1,higher,logistic_regression; embedding=mean-pooled frozen CONCHv1.5 patch embeddings; magnification=20x patches; slide mean pooling,https://www.nature.com/articles/s41591-025-03982-3,parsed_primary_source,1
conch15.titan2025.t29.0.simpleshot.balanced_accuracy,titan_patch_encoder,bracs,BRACS fine subtype,morphological_subtyping,subtype_7_class,slide,classification,189,simpleshot,balanced_accuracy,higher,simpleshot; embedding=mean-pooled frozen CONCHv1.5 patch embeddings; magnification=20x patches; slide mean pooling,https://www.nature.com/articles/s41591-025-03982-3,parsed_primary_source,1
conch15.titan2025.t29.0.simpleshot.weighted_f1,titan_patch_encoder,bracs,BRACS fine subtype,morphological_subtyping,subtype_7_class,slide,classification,189,simpleshot,weighted_f1,higher,simpleshot; embedding=mean-pooled frozen CONCHv1.5 patch embeddings; magnification=20x patches; slide mean pooling,https://www.nature.com/articles/s41591-025-03982-3,parsed_primary_source,1
conch15.titan2025.t30.0.knn.balanced_accuracy,titan_patch_encoder,bracs,BRACS coarse subtype,morphological_subtyping,subtype_3_class,slide,classification,189,knn,balanced_accuracy,higher,knn; embedding=mean-pooled frozen CONCHv1.5 patch embeddings; magnification=20x patches; slide mean pooling,https://www.nature.com/articles/s41591-025-03982-3,parsed_primary_source,1
conch15.titan2025.t30.0.knn.weighted_f1,titan_patch_encoder,bracs,BRACS coarse subtype,morphological_subtyping,subtype_3_class,slide,classification,189,knn,weighted_f1,higher,knn; embedding=mean-pooled frozen CONCHv1.5 patch embeddings; magnification=20x patches; slide mean pooling,https://www.nature.com/articles/s41591-025-03982-3,parsed_primary_source,1
conch15.titan2025.t30.0.logistic_regression.balanced_accuracy,titan_patch_encoder,bracs,BRACS coarse subtype,morphological_subtyping,subtype_3_class,slide,classification,189,logistic_regression,balanced_accuracy,higher,logistic_regression; embedding=mean-pooled frozen CONCHv1.5 patch embeddings; magnification=20x patches; slide mean pooling,https://www.nature.com/articles/s41591-025-03982-3,parsed_primary_source,1
conch15.titan2025.t30.0.logistic_regression.weighted_f1,titan_patch_encoder,bracs,BRACS coarse subtype,morphological_subtyping,subtype_3_class,slide,classification,189,logistic_regression,weighted_f1,higher,logistic_regression; embedding=mean-pooled frozen CONCHv1.5 patch embeddings; magnification=20x patches; slide mean pooling,https://www.nature.com/articles/s41591-025-03982-3,parsed_primary_source,1
conch15.titan2025.t30.0.simpleshot.balanced_accuracy,titan_patch_encoder,bracs,BRACS coarse subtype,morphological_subtyping,subtype_3_class,slide,classification,189,simpleshot,balanced_accuracy,higher,simpleshot; embedding=mean-pooled frozen CONCHv1.5 patch embeddings; magnification=20x patches; slide mean pooling,https://www.nature.com/articles/s41591-025-03982-3,parsed_primary_source,1
conch15.titan2025.t30.0.simpleshot.weighted_f1,titan_patch_encoder,bracs,BRACS coarse subtype,morphological_subtyping,subtype_3_class,slide,classification,189,simpleshot,weighted_f1,higher,simpleshot; embedding=mean-pooled frozen CONCHv1.5 patch embeddings; magnification=20x patches; slide mean pooling,https://www.nature.com/articles/s41591-025-03982-3,parsed_primary_source,1
conch15.titan2025.t35.0.knn.balanced_accuracy,titan_patch_encoder,imp,IMP dysplasia grading,grading,dysplasia_grade,slide,classification,5333,knn,balanced_accuracy,higher,knn; embedding=mean-pooled frozen CONCHv1.5 patch embeddings; magnification=20x patches; slide mean pooling,https://www.nature.com/articles/s41591-025-03982-3,parsed_primary_source,1
conch15.titan2025.t35.0.knn.quadratic_weighted_kappa,titan_patch_encoder,imp,IMP dysplasia grading,grading,dysplasia_grade,slide,classification,5333,knn,quadratic_weighted_kappa,higher,knn; embedding=mean-pooled frozen CONCHv1.5 patch embeddings; magnification=20x patches; slide mean pooling,https://www.nature.com/articles/s41591-025-03982-3,parsed_primary_source,1
conch15.titan2025.t35.0.logistic_regression.balanced_accuracy,titan_patch_encoder,imp,IMP dysplasia grading,grading,dysplasia_grade,slide,classification,5333,logistic_regression,balanced_accuracy,higher,logistic_regression; embedding=mean-pooled frozen CONCHv1.5 patch embeddings; magnification=20x patches; slide mean pooling,https://www.nature.com/articles/s41591-025-03982-3,parsed_primary_source,1
conch15.titan2025.t35.0.logistic_regression.quadratic_weighted_kappa,titan_patch_encoder,imp,IMP dysplasia grading,grading,dysplasia_grade,slide,classification,5333,logistic_regression,quadratic_weighted_kappa,higher,logistic_regression; embedding=mean-pooled frozen CONCHv1.5 patch embeddings; magnification=20x patches; slide mean pooling,https://www.nature.com/articles/s41591-025-03982-3,parsed_primary_source,1
conch15.titan2025.t35.0.simpleshot.balanced_accuracy,titan_patch_encoder,imp,IMP dysplasia grading,grading,dysplasia_grade,slide,classification,5333,simpleshot,balanced_accuracy,higher,simpleshot; embedding=mean-pooled frozen CONCHv1.5 patch embeddings; magnification=20x patches; slide mean pooling,https://www.nature.com/articles/s41591-025-03982-3,parsed_primary_source,1
conch15.titan2025.t35.0.simpleshot.quadratic_weighted_kappa,titan_patch_encoder,imp,IMP dysplasia grading,grading,dysplasia_grade,slide,classification,5333,simpleshot,quadratic_weighted_kappa,higher,simpleshot; embedding=mean-pooled frozen CONCHv1.5 patch embeddings; magnification=20x patches; slide mean pooling,https://www.nature.com/articles/s41591-025-03982-3,parsed_primary_source,1
conch15.titan2025.t36.0.knn.balanced_accuracy,titan_patch_encoder,panda,PANDA Gleason grading,grading,gleason_grade,slide,classification,9555,knn,balanced_accuracy,higher,knn; embedding=mean-pooled frozen CONCHv1.5 patch embeddings; magnification=20x patches; slide mean pooling,https://www.nature.com/articles/s41591-025-03982-3,parsed_primary_source,1
conch15.titan2025.t36.0.knn.quadratic_weighted_kappa,titan_patch_encoder,panda,PANDA Gleason grading,grading,gleason_grade,slide,classification,9555,knn,quadratic_weighted_kappa,higher,knn; embedding=mean-pooled frozen CONCHv1.5 patch embeddings; magnification=20x patches; slide mean pooling,https://www.nature.com/articles/s41591-025-03982-3,parsed_primary_source,1
conch15.titan2025.t36.0.logistic_regression.balanced_accuracy,titan_patch_encoder,panda,PANDA Gleason grading,grading,gleason_grade,slide,classification,9555,logistic_regression,balanced_accuracy,higher,logistic_regression; embedding=mean-pooled frozen CONCHv1.5 patch embeddings; magnification=20x patches; slide mean pooling,https://www.nature.com/articles/s41591-025-03982-3,parsed_primary_source,1
conch15.titan2025.t36.0.logistic_regression.quadratic_weighted_kappa,titan_patch_encoder,panda,PANDA Gleason grading,grading,gleason_grade,slide,classification,9555,logistic_regression,quadratic_weighted_kappa,higher,logistic_regression; embedding=mean-pooled frozen CONCHv1.5 patch embeddings; magnification=20x patches; slide mean pooling,https://www.nature.com/articles/s41591-025-03982-3,parsed_primary_source,1
conch15.titan2025.t36.0.simpleshot.balanced_accuracy,titan_patch_encoder,panda,PANDA Gleason grading,grading,gleason_grade,slide,classification,9555,simpleshot,balanced_accuracy,higher,simpleshot; embedding=mean-pooled frozen CONCHv1.5 patch embeddings; magnification=20x patches; slide mean pooling,https://www.nature.com/articles/s41591-025-03982-3,parsed_primary_source,1
conch15.titan2025.t36.0.simpleshot.quadratic_weighted_kappa,titan_patch_encoder,panda,PANDA Gleason grading,grading,gleason_grade,slide,classification,9555,simpleshot,quadratic_weighted_kappa,higher,simpleshot; embedding=mean-pooled frozen CONCHv1.5 patch embeddings; magnification=20x patches; slide mean pooling,https://www.nature.com/articles/s41591-025-03982-3,parsed_primary_source,1
conch15.titan2025.t37.0.knn.balanced_accuracy,titan_patch_encoder,mut-het-rcc,MUT-HET-RCC BAP1 mutation,molecular_biomarker,BAP1,patient,classification,1292,knn,balanced_accuracy,higher,knn; embedding=mean-pooled frozen CONCHv1.5 patch embeddings; magnification=20x patches; slide mean pooling,https://www.nature.com/articles/s41591-025-03982-3,parsed_primary_source,1
conch15.titan2025.t37.0.knn.weighted_f1,titan_patch_encoder,mut-het-rcc,MUT-HET-RCC BAP1 mutation,molecular_biomarker,BAP1,patient,classification,1292,knn,weighted_f1,higher,knn; embedding=mean-pooled frozen CONCHv1.5 patch embeddings; magnification=20x patches; slide mean pooling,https://www.nature.com/articles/s41591-025-03982-3,parsed_primary_source,1
conch15.titan2025.t37.0.logistic_regression.auroc,titan_patch_encoder,mut-het-rcc,MUT-HET-RCC BAP1 mutation,molecular_biomarker,BAP1,patient,classification,1292,logistic_regression,auroc,higher,logistic_regression; embedding=mean-pooled frozen CONCHv1.5 patch embeddings; magnification=20x patches; slide mean pooling,https://www.nature.com/articles/s41591-025-03982-3,parsed_primary_source,1
conch15.titan2025.t37.0.logistic_regression.balanced_accuracy,titan_patch_encoder,mut-het-rcc,MUT-HET-RCC BAP1 mutation,molecular_biomarker,BAP1,patient,classification,1292,logistic_regression,balanced_accuracy,higher,logistic_regression; embedding=mean-pooled frozen CONCHv1.5 patch embeddings; magnification=20x patches; slide mean pooling,https://www.nature.com/articles/s41591-025-03982-3,parsed_primary_source,1
conch15.titan2025.t37.0.simpleshot.balanced_accuracy,titan_patch_encoder,mut-het-rcc,MUT-HET-RCC BAP1 mutation,molecular_biomarker,BAP1,patient,classification,1292,simpleshot,balanced_accuracy,higher,simpleshot; embedding=mean-pooled frozen CONCHv1.5 patch embeddings; magnification=20x patches; slide mean pooling,https://www.nature.com/articles/s41591-025-03982-3,parsed_primary_source,1
conch15.titan2025.t37.0.simpleshot.weighted_f1,titan_patch_encoder,mut-het-rcc,MUT-HET-RCC BAP1 mutation,molecular_biomarker,BAP1,patient,classification,1292,simpleshot,weighted_f1,higher,simpleshot; embedding=mean-pooled frozen CONCHv1.5 patch embeddings; magnification=20x patches; slide mean pooling,https://www.nature.com/articles/s41591-025-03982-3,parsed_primary_source,1
conch15.titan2025.t38.0.knn.balanced_accuracy,titan_patch_encoder,mut-het-rcc,MUT-HET-RCC PBRM1 mutation,molecular_biomarker,PBRM1,patient,classification,1292,knn,balanced_accuracy,higher,knn; embedding=mean-pooled frozen CONCHv1.5 patch embeddings; magnification=20x patches; slide mean pooling,https://www.nature.com/articles/s41591-025-03982-3,parsed_primary_source,1
conch15.titan2025.t38.0.knn.weighted_f1,titan_patch_encoder,mut-het-rcc,MUT-HET-RCC PBRM1 mutation,molecular_biomarker,PBRM1,patient,classification,1292,knn,weighted_f1,higher,knn; embedding=mean-pooled frozen CONCHv1.5 patch embeddings; magnification=20x patches; slide mean pooling,https://www.nature.com/articles/s41591-025-03982-3,parsed_primary_source,1
conch15.titan2025.t38.0.logistic_regression.auroc,titan_patch_encoder,mut-het-rcc,MUT-HET-RCC PBRM1 mutation,molecular_biomarker,PBRM1,patient,classification,1292,logistic_regression,auroc,higher,logistic_regression; embedding=mean-pooled frozen CONCHv1.5 patch embeddings; magnification=20x patches; slide mean pooling,https://www.nature.com/articles/s41591-025-03982-3,parsed_primary_source,1
conch15.titan2025.t38.0.logistic_regression.balanced_accuracy,titan_patch_encoder,mut-het-rcc,MUT-HET-RCC PBRM1 mutation,molecular_biomarker,PBRM1,patient,classification,1292,logistic_regression,balanced_accuracy,higher,logistic_regression; embedding=mean-pooled frozen CONCHv1.5 patch embeddings; magnification=20x patches; slide mean pooling,https://www.nature.com/articles/s41591-025-03982-3,parsed_primary_source,1
conch15.titan2025.t38.0.simpleshot.balanced_accuracy,titan_patch_encoder,mut-het-rcc,MUT-HET-RCC PBRM1 mutation,molecular_biomarker,PBRM1,patient,classification,1292,simpleshot,balanced_accuracy,higher,simpleshot; embedding=mean-pooled frozen CONCHv1.5 patch embeddings; magnification=20x patches; slide mean pooling,https://www.nature.com/articles/s41591-025-03982-3,parsed_primary_source,1
conch15.titan2025.t38.0.simpleshot.weighted_f1,titan_patch_encoder,mut-het-rcc,MUT-HET-RCC PBRM1 mutation,molecular_biomarker,PBRM1,patient,classification,1292,simpleshot,weighted_f1,higher,simpleshot; embedding=mean-pooled frozen CONCHv1.5 patch embeddings; magnification=20x patches; slide mean pooling,https://www.nature.com/articles/s41591-025-03982-3,parsed_primary_source,1
conch15.titan2025.t39.0.knn.balanced_accuracy,titan_patch_encoder,mut-het-rcc,MUT-HET-RCC SETD2 mutation,molecular_biomarker,SETD2,patient,classification,1292,knn,balanced_accuracy,higher,knn; embedding=mean-pooled frozen CONCHv1.5 patch embeddings; magnification=20x patches; slide mean pooling,https://www.nature.com/articles/s41591-025-03982-3,parsed_primary_source,1
conch15.titan2025.t39.0.knn.weighted_f1,titan_patch_encoder,mut-het-rcc,MUT-HET-RCC SETD2 mutation,molecular_biomarker,SETD2,patient,classification,1292,knn,weighted_f1,higher,knn; embedding=mean-pooled frozen CONCHv1.5 patch embeddings; magnification=20x patches; slide mean pooling,https://www.nature.com/articles/s41591-025-03982-3,parsed_primary_source,1
conch15.titan2025.t39.0.logistic_regression.auroc,titan_patch_encoder,mut-het-rcc,MUT-HET-RCC SETD2 mutation,molecular_biomarker,SETD2,patient,classification,1292,logistic_regression,auroc,higher,logistic_regression; embedding=mean-pooled frozen CONCHv1.5 patch embeddings; magnification=20x patches; slide mean pooling,https://www.nature.com/articles/s41591-025-03982-3,parsed_primary_source,1
conch15.titan2025.t39.0.logistic_regression.balanced_accuracy,titan_patch_encoder,mut-het-rcc,MUT-HET-RCC SETD2 mutation,molecular_biomarker,SETD2,patient,classification,1292,logistic_regression,balanced_accuracy,higher,logistic_regression; embedding=mean-pooled frozen CONCHv1.5 patch embeddings; magnification=20x patches; slide mean pooling,https://www.nature.com/articles/s41591-025-03982-3,parsed_primary_source,1
conch15.titan2025.t39.0.simpleshot.balanced_accuracy,titan_patch_encoder,mut-het-rcc,MUT-HET-RCC SETD2 mutation,molecular_biomarker,SETD2,patient,classification,1292,simpleshot,balanced_accuracy,higher,simpleshot; embedding=mean-pooled frozen CONCHv1.5 patch embeddings; magnification=20x patches; slide mean pooling,https://www.nature.com/articles/s41591-025-03982-3,parsed_primary_source,1
conch15.titan2025.t39.0.simpleshot.weighted_f1,titan_patch_encoder,mut-het-rcc,MUT-HET-RCC SETD2 mutation,molecular_biomarker,SETD2,patient,classification,1292,simpleshot,weighted_f1,higher,simpleshot; embedding=mean-pooled frozen CONCHv1.5 patch embeddings; magnification=20x patches; slide mean pooling,https://www.nature.com/articles/s41591-025-03982-3,parsed_primary_source,1
conch15.titan2025.t40.0.knn.balanced_accuracy,titan_patch_encoder,bcnb,BCNB ER status,molecular_biomarker,ER,patient,classification,1058,knn,balanced_accuracy,higher,knn; embedding=mean-pooled frozen CONCHv1.5 patch embeddings; magnification=20x patches; slide mean pooling,https://www.nature.com/articles/s41591-025-03982-3,parsed_primary_source,1
conch15.titan2025.t40.0.knn.weighted_f1,titan_patch_encoder,bcnb,BCNB ER status,molecular_biomarker,ER,patient,classification,1058,knn,weighted_f1,higher,knn; embedding=mean-pooled frozen CONCHv1.5 patch embeddings; magnification=20x patches; slide mean pooling,https://www.nature.com/articles/s41591-025-03982-3,parsed_primary_source,1
conch15.titan2025.t40.0.logistic_regression.auroc,titan_patch_encoder,bcnb,BCNB ER status,molecular_biomarker,ER,patient,classification,1058,logistic_regression,auroc,higher,logistic_regression; embedding=mean-pooled frozen CONCHv1.5 patch embeddings; magnification=20x patches; slide mean pooling,https://www.nature.com/articles/s41591-025-03982-3,parsed_primary_source,1
conch15.titan2025.t40.0.logistic_regression.balanced_accuracy,titan_patch_encoder,bcnb,BCNB ER status,molecular_biomarker,ER,patient,classification,1058,logistic_regression,balanced_accuracy,higher,logistic_regression; embedding=mean-pooled frozen CONCHv1.5 patch embeddings; magnification=20x patches; slide mean pooling,https://www.nature.com/articles/s41591-025-03982-3,parsed_primary_source,1
conch15.titan2025.t40.0.simpleshot.balanced_accuracy,titan_patch_encoder,bcnb,BCNB ER status,molecular_biomarker,ER,patient,classification,1058,simpleshot,balanced_accuracy,higher,simpleshot; embedding=mean-pooled frozen CONCHv1.5 patch embeddings; magnification=20x patches; slide mean pooling,https://www.nature.com/articles/s41591-025-03982-3,parsed_primary_source,1
conch15.titan2025.t40.0.simpleshot.weighted_f1,titan_patch_encoder,bcnb,BCNB ER status,molecular_biomarker,ER,patient,classification,1058,simpleshot,weighted_f1,higher,simpleshot; embedding=mean-pooled frozen CONCHv1.5 patch embeddings; magnification=20x patches; slide mean pooling,https://www.nature.com/articles/s41591-025-03982-3,parsed_primary_source,1
conch15.titan2025.t41.0.knn.balanced_accuracy,titan_patch_encoder,bcnb,BCNB PR status,molecular_biomarker,PR,patient,classification,1058,knn,balanced_accuracy,higher,knn; embedding=mean-pooled frozen CONCHv1.5 patch embeddings; magnification=20x patches; slide mean pooling,https://www.nature.com/articles/s41591-025-03982-3,parsed_primary_source,1
conch15.titan2025.t41.0.knn.weighted_f1,titan_patch_encoder,bcnb,BCNB PR status,molecular_biomarker,PR,patient,classification,1058,knn,weighted_f1,higher,knn; embedding=mean-pooled frozen CONCHv1.5 patch embeddings; magnification=20x patches; slide mean pooling,https://www.nature.com/articles/s41591-025-03982-3,parsed_primary_source,1
conch15.titan2025.t41.0.logistic_regression.auroc,titan_patch_encoder,bcnb,BCNB PR status,molecular_biomarker,PR,patient,classification,1058,logistic_regression,auroc,higher,logistic_regression; embedding=mean-pooled frozen CONCHv1.5 patch embeddings; magnification=20x patches; slide mean pooling,https://www.nature.com/articles/s41591-025-03982-3,parsed_primary_source,1
conch15.titan2025.t41.0.logistic_regression.balanced_accuracy,titan_patch_encoder,bcnb,BCNB PR status,molecular_biomarker,PR,patient,classification,1058,logistic_regression,balanced_accuracy,higher,logistic_regression; embedding=mean-pooled frozen CONCHv1.5 patch embeddings; magnification=20x patches; slide mean pooling,https://www.nature.com/articles/s41591-025-03982-3,parsed_primary_source,1
conch15.titan2025.t41.0.simpleshot.balanced_accuracy,titan_patch_encoder,bcnb,BCNB PR status,molecular_biomarker,PR,patient,classification,1058,simpleshot,balanced_accuracy,higher,simpleshot; embedding=mean-pooled frozen CONCHv1.5 patch embeddings; magnification=20x patches; slide mean pooling,https://www.nature.com/articles/s41591-025-03982-3,parsed_primary_source,1
conch15.titan2025.t41.0.simpleshot.weighted_f1,titan_patch_encoder,bcnb,BCNB PR status,molecular_biomarker,PR,patient,classification,1058,simpleshot,weighted_f1,higher,simpleshot; embedding=mean-pooled frozen CONCHv1.5 patch embeddings; magnification=20x patches; slide mean pooling,https://www.nature.com/articles/s41591-025-03982-3,parsed_primary_source,1
conch15.titan2025.t42.0.knn.balanced_accuracy,titan_patch_encoder,bcnb,BCNB HER2 status,molecular_biomarker,HER2,patient,classification,1058,knn,balanced_accuracy,higher,knn; embedding=mean-pooled frozen CONCHv1.5 patch embeddings; magnification=20x patches; slide mean pooling,https://www.nature.com/articles/s41591-025-03982-3,parsed_primary_source,1
conch15.titan2025.t42.0.knn.weighted_f1,titan_patch_encoder,bcnb,BCNB HER2 status,molecular_biomarker,HER2,patient,classification,1058,knn,weighted_f1,higher,knn; embedding=mean-pooled frozen CONCHv1.5 patch embeddings; magnification=20x patches; slide mean pooling,https://www.nature.com/articles/s41591-025-03982-3,parsed_primary_source,1
conch15.titan2025.t42.0.logistic_regression.auroc,titan_patch_encoder,bcnb,BCNB HER2 status,molecular_biomarker,HER2,patient,classification,1058,logistic_regression,auroc,higher,logistic_regression; embedding=mean-pooled frozen CONCHv1.5 patch embeddings; magnification=20x patches; slide mean pooling,https://www.nature.com/articles/s41591-025-03982-3,parsed_primary_source,1
conch15.titan2025.t42.0.logistic_regression.balanced_accuracy,titan_patch_encoder,bcnb,BCNB HER2 status,molecular_biomarker,HER2,patient,classification,1058,logistic_regression,balanced_accuracy,higher,logistic_regression; embedding=mean-pooled frozen CONCHv1.5 patch embeddings; magnification=20x patches; slide mean pooling,https://www.nature.com/articles/s41591-025-03982-3,parsed_primary_source,1
conch15.titan2025.t42.0.simpleshot.balanced_accuracy,titan_patch_encoder,bcnb,BCNB HER2 status,molecular_biomarker,HER2,patient,classification,1058,simpleshot,balanced_accuracy,higher,simpleshot; embedding=mean-pooled frozen CONCHv1.5 patch embeddings; magnification=20x patches; slide mean pooling,https://www.nature.com/articles/s41591-025-03982-3,parsed_primary_source,1
conch15.titan2025.t42.0.simpleshot.weighted_f1,titan_patch_encoder,bcnb,BCNB HER2 status,molecular_biomarker,HER2,patient,classification,1058,simpleshot,weighted_f1,higher,simpleshot; embedding=mean-pooled frozen CONCHv1.5 patch embeddings; magnification=20x patches; slide mean pooling,https://www.nature.com/articles/s41591-025-03982-3,parsed_primary_source,1
conch15.titan2025.t43.0.knn.balanced_accuracy,titan_patch_encoder,tcga-gbmlgg,TCGA-GBMLGG IDH mutation,molecular_biomarker,IDH,slide,classification,558,knn,balanced_accuracy,higher,knn; embedding=mean-pooled frozen CONCHv1.5 patch embeddings; magnification=20x patches; slide mean pooling,https://www.nature.com/articles/s41591-025-03982-3,parsed_primary_source,1
conch15.titan2025.t43.0.knn.weighted_f1,titan_patch_encoder,tcga-gbmlgg,TCGA-GBMLGG IDH mutation,molecular_biomarker,IDH,slide,classification,558,knn,weighted_f1,higher,knn; embedding=mean-pooled frozen CONCHv1.5 patch embeddings; magnification=20x patches; slide mean pooling,https://www.nature.com/articles/s41591-025-03982-3,parsed_primary_source,1
conch15.titan2025.t43.0.logistic_regression.auroc,titan_patch_encoder,tcga-gbmlgg,TCGA-GBMLGG IDH mutation,molecular_biomarker,IDH,slide,classification,558,logistic_regression,auroc,higher,logistic_regression; embedding=mean-pooled frozen CONCHv1.5 patch embeddings; magnification=20x patches; slide mean pooling,https://www.nature.com/articles/s41591-025-03982-3,parsed_primary_source,1
conch15.titan2025.t43.0.logistic_regression.balanced_accuracy,titan_patch_encoder,tcga-gbmlgg,TCGA-GBMLGG IDH mutation,molecular_biomarker,IDH,slide,classification,558,logistic_regression,balanced_accuracy,higher,logistic_regression; embedding=mean-pooled frozen CONCHv1.5 patch embeddings; magnification=20x patches; slide mean pooling,https://www.nature.com/articles/s41591-025-03982-3,parsed_primary_source,1
conch15.titan2025.t43.0.simpleshot.balanced_accuracy,titan_patch_encoder,tcga-gbmlgg,TCGA-GBMLGG IDH mutation,molecular_biomarker,IDH,slide,classification,558,simpleshot,balanced_accuracy,higher,simpleshot; embedding=mean-pooled frozen CONCHv1.5 patch embeddings; magnification=20x patches; slide mean pooling,https://www.nature.com/articles/s41591-025-03982-3,parsed_primary_source,1
conch15.titan2025.t43.0.simpleshot.weighted_f1,titan_patch_encoder,tcga-gbmlgg,TCGA-GBMLGG IDH mutation,molecular_biomarker,IDH,slide,classification,558,simpleshot,weighted_f1,higher,simpleshot; embedding=mean-pooled frozen CONCHv1.5 patch embeddings; magnification=20x patches; slide mean pooling,https://www.nature.com/articles/s41591-025-03982-3,parsed_primary_source,1
conch15.titan2025.t43.1.knn.balanced_accuracy,titan_patch_encoder,ebrains-idh,EBRAINS IDH mutation,molecular_biomarker,IDH,slide,classification,795,knn,balanced_accuracy,higher,knn; embedding=mean-pooled frozen CONCHv1.5 patch embeddings; magnification=20x patches; slide mean pooling,https://www.nature.com/articles/s41591-025-03982-3,parsed_primary_source,1
conch15.titan2025.t43.1.knn.weighted_f1,titan_patch_encoder,ebrains-idh,EBRAINS IDH mutation,molecular_biomarker,IDH,slide,classification,795,knn,weighted_f1,higher,knn; embedding=mean-pooled frozen CONCHv1.5 patch embeddings; magnification=20x patches; slide mean pooling,https://www.nature.com/articles/s41591-025-03982-3,parsed_primary_source,1
conch15.titan2025.t43.1.logistic_regression.auroc,titan_patch_encoder,ebrains-idh,EBRAINS IDH mutation,molecular_biomarker,IDH,slide,classification,795,logistic_regression,auroc,higher,logistic_regression; embedding=mean-pooled frozen CONCHv1.5 patch embeddings; magnification=20x patches; slide mean pooling,https://www.nature.com/articles/s41591-025-03982-3,parsed_primary_source,1
conch15.titan2025.t43.1.logistic_regression.balanced_accuracy,titan_patch_encoder,ebrains-idh,EBRAINS IDH mutation,molecular_biomarker,IDH,slide,classification,795,logistic_regression,balanced_accuracy,higher,logistic_regression; embedding=mean-pooled frozen CONCHv1.5 patch embeddings; magnification=20x patches; slide mean pooling,https://www.nature.com/articles/s41591-025-03982-3,parsed_primary_source,1
conch15.titan2025.t43.1.simpleshot.balanced_accuracy,titan_patch_encoder,ebrains-idh,EBRAINS IDH mutation,molecular_biomarker,IDH,slide,classification,795,simpleshot,balanced_accuracy,higher,simpleshot; embedding=mean-pooled frozen CONCHv1.5 patch embeddings; magnification=20x patches; slide mean pooling,https://www.nature.com/articles/s41591-025-03982-3,parsed_primary_source,1
conch15.titan2025.t43.1.simpleshot.weighted_f1,titan_patch_encoder,ebrains-idh,EBRAINS IDH mutation,molecular_biomarker,IDH,slide,classification,795,simpleshot,weighted_f1,higher,simpleshot; embedding=mean-pooled frozen CONCHv1.5 patch embeddings; magnification=20x patches; slide mean pooling,https://www.nature.com/articles/s41591-025-03982-3,parsed_primary_source,1
conch15.titan2025.t44.0.knn.balanced_accuracy,titan_patch_encoder,tcga-brca,TCGA-BRCA ER status,molecular_biomarker,ER,patient,classification,937,knn,balanced_accuracy,higher,knn; embedding=mean-pooled frozen CONCHv1.5 patch embeddings; magnification=20x patches; slide mean pooling,https://www.nature.com/articles/s41591-025-03982-3,parsed_primary_source,1
conch15.titan2025.t44.0.knn.weighted_f1,titan_patch_encoder,tcga-brca,TCGA-BRCA ER status,molecular_biomarker,ER,patient,classification,937,knn,weighted_f1,higher,knn; embedding=mean-pooled frozen CONCHv1.5 patch embeddings; magnification=20x patches; slide mean pooling,https://www.nature.com/articles/s41591-025-03982-3,parsed_primary_source,1
conch15.titan2025.t44.0.logistic_regression.auroc,titan_patch_encoder,tcga-brca,TCGA-BRCA ER status,molecular_biomarker,ER,patient,classification,937,logistic_regression,auroc,higher,logistic_regression; embedding=mean-pooled frozen CONCHv1.5 patch embeddings; magnification=20x patches; slide mean pooling,https://www.nature.com/articles/s41591-025-03982-3,parsed_primary_source,1
conch15.titan2025.t44.0.logistic_regression.balanced_accuracy,titan_patch_encoder,tcga-brca,TCGA-BRCA ER status,molecular_biomarker,ER,patient,classification,937,logistic_regression,balanced_accuracy,higher,logistic_regression; embedding=mean-pooled frozen CONCHv1.5 patch embeddings; magnification=20x patches; slide mean pooling,https://www.nature.com/articles/s41591-025-03982-3,parsed_primary_source,1
conch15.titan2025.t44.0.simpleshot.balanced_accuracy,titan_patch_encoder,tcga-brca,TCGA-BRCA ER status,molecular_biomarker,ER,patient,classification,937,simpleshot,balanced_accuracy,higher,simpleshot; embedding=mean-pooled frozen CONCHv1.5 patch embeddings; magnification=20x patches; slide mean pooling,https://www.nature.com/articles/s41591-025-03982-3,parsed_primary_source,1
conch15.titan2025.t44.0.simpleshot.weighted_f1,titan_patch_encoder,tcga-brca,TCGA-BRCA ER status,molecular_biomarker,ER,patient,classification,937,simpleshot,weighted_f1,higher,simpleshot; embedding=mean-pooled frozen CONCHv1.5 patch embeddings; magnification=20x patches; slide mean pooling,https://www.nature.com/articles/s41591-025-03982-3,parsed_primary_source,1
conch15.titan2025.t44.1.knn.balanced_accuracy,titan_patch_encoder,cptac-brca,CPTAC-BRCA ER status,molecular_biomarker,ER,patient,classification,102,knn,balanced_accuracy,higher,knn; embedding=mean-pooled frozen CONCHv1.5 patch embeddings; magnification=20x patches; slide mean pooling,https://www.nature.com/articles/s41591-025-03982-3,parsed_primary_source,1
conch15.titan2025.t44.1.knn.weighted_f1,titan_patch_encoder,cptac-brca,CPTAC-BRCA ER status,molecular_biomarker,ER,patient,classification,102,knn,weighted_f1,higher,knn; embedding=mean-pooled frozen CONCHv1.5 patch embeddings; magnification=20x patches; slide mean pooling,https://www.nature.com/articles/s41591-025-03982-3,parsed_primary_source,1
conch15.titan2025.t44.1.logistic_regression.auroc,titan_patch_encoder,cptac-brca,CPTAC-BRCA ER status,molecular_biomarker,ER,patient,classification,102,logistic_regression,auroc,higher,logistic_regression; embedding=mean-pooled frozen CONCHv1.5 patch embeddings; magnification=20x patches; slide mean pooling,https://www.nature.com/articles/s41591-025-03982-3,parsed_primary_source,1
conch15.titan2025.t44.1.logistic_regression.balanced_accuracy,titan_patch_encoder,cptac-brca,CPTAC-BRCA ER status,molecular_biomarker,ER,patient,classification,102,logistic_regression,balanced_accuracy,higher,logistic_regression; embedding=mean-pooled frozen CONCHv1.5 patch embeddings; magnification=20x patches; slide mean pooling,https://www.nature.com/articles/s41591-025-03982-3,parsed_primary_source,1
conch15.titan2025.t44.1.simpleshot.balanced_accuracy,titan_patch_encoder,cptac-brca,CPTAC-BRCA ER status,molecular_biomarker,ER,patient,classification,102,simpleshot,balanced_accuracy,higher,simpleshot; embedding=mean-pooled frozen CONCHv1.5 patch embeddings; magnification=20x patches; slide mean pooling,https://www.nature.com/articles/s41591-025-03982-3,parsed_primary_source,1
conch15.titan2025.t44.1.simpleshot.weighted_f1,titan_patch_encoder,cptac-brca,CPTAC-BRCA ER status,molecular_biomarker,ER,patient,classification,102,simpleshot,weighted_f1,higher,simpleshot; embedding=mean-pooled frozen CONCHv1.5 patch embeddings; magnification=20x patches; slide mean pooling,https://www.nature.com/articles/s41591-025-03982-3,parsed_primary_source,1
conch15.titan2025.t45.0.knn.balanced_accuracy,titan_patch_encoder,tcga-brca,TCGA-BRCA PR status,molecular_biomarker,PR,patient,classification,934,knn,balanced_accuracy,higher,knn; embedding=mean-pooled frozen CONCHv1.5 patch embeddings; magnification=20x patches; slide mean pooling,https://www.nature.com/articles/s41591-025-03982-3,parsed_primary_source,1
conch15.titan2025.t45.0.knn.weighted_f1,titan_patch_encoder,tcga-brca,TCGA-BRCA PR status,molecular_biomarker,PR,patient,classification,934,knn,weighted_f1,higher,knn; embedding=mean-pooled frozen CONCHv1.5 patch embeddings; magnification=20x patches; slide mean pooling,https://www.nature.com/articles/s41591-025-03982-3,parsed_primary_source,1
conch15.titan2025.t45.0.logistic_regression.auroc,titan_patch_encoder,tcga-brca,TCGA-BRCA PR status,molecular_biomarker,PR,patient,classification,934,logistic_regression,auroc,higher,logistic_regression; embedding=mean-pooled frozen CONCHv1.5 patch embeddings; magnification=20x patches; slide mean pooling,https://www.nature.com/articles/s41591-025-03982-3,parsed_primary_source,1
conch15.titan2025.t45.0.logistic_regression.balanced_accuracy,titan_patch_encoder,tcga-brca,TCGA-BRCA PR status,molecular_biomarker,PR,patient,classification,934,logistic_regression,balanced_accuracy,higher,logistic_regression; embedding=mean-pooled frozen CONCHv1.5 patch embeddings; magnification=20x patches; slide mean pooling,https://www.nature.com/articles/s41591-025-03982-3,parsed_primary_source,1
conch15.titan2025.t45.0.simpleshot.balanced_accuracy,titan_patch_encoder,tcga-brca,TCGA-BRCA PR status,molecular_biomarker,PR,patient,classification,934,simpleshot,balanced_accuracy,higher,simpleshot; embedding=mean-pooled frozen CONCHv1.5 patch embeddings; magnification=20x patches; slide mean pooling,https://www.nature.com/articles/s41591-025-03982-3,parsed_primary_source,1
conch15.titan2025.t45.0.simpleshot.weighted_f1,titan_patch_encoder,tcga-brca,TCGA-BRCA PR status,molecular_biomarker,PR,patient,classification,934,simpleshot,weighted_f1,higher,simpleshot; embedding=mean-pooled frozen CONCHv1.5 patch embeddings; magnification=20x patches; slide mean pooling,https://www.nature.com/articles/s41591-025-03982-3,parsed_primary_source,1
conch15.titan2025.t45.1.knn.balanced_accuracy,titan_patch_encoder,cptac-brca,CPTAC-BRCA PR status,molecular_biomarker,PR,patient,classification,97,knn,balanced_accuracy,higher,knn; embedding=mean-pooled frozen CONCHv1.5 patch embeddings; magnification=20x patches; slide mean pooling,https://www.nature.com/articles/s41591-025-03982-3,parsed_primary_source,1
conch15.titan2025.t45.1.knn.weighted_f1,titan_patch_encoder,cptac-brca,CPTAC-BRCA PR status,molecular_biomarker,PR,patient,classification,97,knn,weighted_f1,higher,knn; embedding=mean-pooled frozen CONCHv1.5 patch embeddings; magnification=20x patches; slide mean pooling,https://www.nature.com/articles/s41591-025-03982-3,parsed_primary_source,1
conch15.titan2025.t45.1.logistic_regression.auroc,titan_patch_encoder,cptac-brca,CPTAC-BRCA PR status,molecular_biomarker,PR,patient,classification,97,logistic_regression,auroc,higher,logistic_regression; embedding=mean-pooled frozen CONCHv1.5 patch embeddings; magnification=20x patches; slide mean pooling,https://www.nature.com/articles/s41591-025-03982-3,parsed_primary_source,1
conch15.titan2025.t45.1.logistic_regression.balanced_accuracy,titan_patch_encoder,cptac-brca,CPTAC-BRCA PR status,molecular_biomarker,PR,patient,classification,97,logistic_regression,balanced_accuracy,higher,logistic_regression; embedding=mean-pooled frozen CONCHv1.5 patch embeddings; magnification=20x patches; slide mean pooling,https://www.nature.com/articles/s41591-025-03982-3,parsed_primary_source,1
conch15.titan2025.t45.1.simpleshot.balanced_accuracy,titan_patch_encoder,cptac-brca,CPTAC-BRCA PR status,molecular_biomarker,PR,patient,classification,97,simpleshot,balanced_accuracy,higher,simpleshot; embedding=mean-pooled frozen CONCHv1.5 patch embeddings; magnification=20x patches; slide mean pooling,https://www.nature.com/articles/s41591-025-03982-3,parsed_primary_source,1
conch15.titan2025.t45.1.simpleshot.weighted_f1,titan_patch_encoder,cptac-brca,CPTAC-BRCA PR status,molecular_biomarker,PR,patient,classification,97,simpleshot,weighted_f1,higher,simpleshot; embedding=mean-pooled frozen CONCHv1.5 patch embeddings; magnification=20x patches; slide mean pooling,https://www.nature.com/articles/s41591-025-03982-3,parsed_primary_source,1
conch15.titan2025.t46.0.knn.balanced_accuracy,titan_patch_encoder,tcga-brca,TCGA-BRCA HER2 status,molecular_biomarker,HER2,patient,classification,647,knn,balanced_accuracy,higher,knn; embedding=mean-pooled frozen CONCHv1.5 patch embeddings; magnification=20x patches; slide mean pooling,https://www.nature.com/articles/s41591-025-03982-3,parsed_primary_source,1
conch15.titan2025.t46.0.knn.weighted_f1,titan_patch_encoder,tcga-brca,TCGA-BRCA HER2 status,molecular_biomarker,HER2,patient,classification,647,knn,weighted_f1,higher,knn; embedding=mean-pooled frozen CONCHv1.5 patch embeddings; magnification=20x patches; slide mean pooling,https://www.nature.com/articles/s41591-025-03982-3,parsed_primary_source,1
conch15.titan2025.t46.0.logistic_regression.auroc,titan_patch_encoder,tcga-brca,TCGA-BRCA HER2 status,molecular_biomarker,HER2,patient,classification,647,logistic_regression,auroc,higher,logistic_regression; embedding=mean-pooled frozen CONCHv1.5 patch embeddings; magnification=20x patches; slide mean pooling,https://www.nature.com/articles/s41591-025-03982-3,parsed_primary_source,1
conch15.titan2025.t46.0.logistic_regression.balanced_accuracy,titan_patch_encoder,tcga-brca,TCGA-BRCA HER2 status,molecular_biomarker,HER2,patient,classification,647,logistic_regression,balanced_accuracy,higher,logistic_regression; embedding=mean-pooled frozen CONCHv1.5 patch embeddings; magnification=20x patches; slide mean pooling,https://www.nature.com/articles/s41591-025-03982-3,parsed_primary_source,1
conch15.titan2025.t46.0.simpleshot.balanced_accuracy,titan_patch_encoder,tcga-brca,TCGA-BRCA HER2 status,molecular_biomarker,HER2,patient,classification,647,simpleshot,balanced_accuracy,higher,simpleshot; embedding=mean-pooled frozen CONCHv1.5 patch embeddings; magnification=20x patches; slide mean pooling,https://www.nature.com/articles/s41591-025-03982-3,parsed_primary_source,1
conch15.titan2025.t46.0.simpleshot.weighted_f1,titan_patch_encoder,tcga-brca,TCGA-BRCA HER2 status,molecular_biomarker,HER2,patient,classification,647,simpleshot,weighted_f1,higher,simpleshot; embedding=mean-pooled frozen CONCHv1.5 patch embeddings; magnification=20x patches; slide mean pooling,https://www.nature.com/articles/s41591-025-03982-3,parsed_primary_source,1
conch15.titan2025.t46.1.knn.balanced_accuracy,titan_patch_encoder,cptac-brca,CPTAC-BRCA HER2 status,molecular_biomarker,HER2,patient,classification,103,knn,balanced_accuracy,higher,knn; embedding=mean-pooled frozen CONCHv1.5 patch embeddings; magnification=20x patches; slide mean pooling,https://www.nature.com/articles/s41591-025-03982-3,parsed_primary_source,1
conch15.titan2025.t46.1.knn.weighted_f1,titan_patch_encoder,cptac-brca,CPTAC-BRCA HER2 status,molecular_biomarker,HER2,patient,classification,103,knn,weighted_f1,higher,knn; embedding=mean-pooled frozen CONCHv1.5 patch embeddings; magnification=20x patches; slide mean pooling,https://www.nature.com/articles/s41591-025-03982-3,parsed_primary_source,1
conch15.titan2025.t46.1.logistic_regression.auroc,titan_patch_encoder,cptac-brca,CPTAC-BRCA HER2 status,molecular_biomarker,HER2,patient,classification,103,logistic_regression,auroc,higher,logistic_regression; embedding=mean-pooled frozen CONCHv1.5 patch embeddings; magnification=20x patches; slide mean pooling,https://www.nature.com/articles/s41591-025-03982-3,parsed_primary_source,1
conch15.titan2025.t46.1.logistic_regression.balanced_accuracy,titan_patch_encoder,cptac-brca,CPTAC-BRCA HER2 status,molecular_biomarker,HER2,patient,classification,103,logistic_regression,balanced_accuracy,higher,logistic_regression; embedding=mean-pooled frozen CONCHv1.5 patch embeddings; magnification=20x patches; slide mean pooling,https://www.nature.com/articles/s41591-025-03982-3,parsed_primary_source,1
conch15.titan2025.t46.1.simpleshot.balanced_accuracy,titan_patch_encoder,cptac-brca,CPTAC-BRCA HER2 status,molecular_biomarker,HER2,patient,classification,103,simpleshot,balanced_accuracy,higher,simpleshot; embedding=mean-pooled frozen CONCHv1.5 patch embeddings; magnification=20x patches; slide mean pooling,https://www.nature.com/articles/s41591-025-03982-3,parsed_primary_source,1
conch15.titan2025.t46.1.simpleshot.weighted_f1,titan_patch_encoder,cptac-brca,CPTAC-BRCA HER2 status,molecular_biomarker,HER2,patient,classification,103,simpleshot,weighted_f1,higher,simpleshot; embedding=mean-pooled frozen CONCHv1.5 patch embeddings; magnification=20x patches; slide mean pooling,https://www.nature.com/articles/s41591-025-03982-3,parsed_primary_source,1
conch15.titan2025.t47.0.knn.balanced_accuracy,titan_patch_encoder,tcga-brca,TCGA-BRCA PIK3CA status,molecular_biomarker,PIK3CA,patient,classification,970,knn,balanced_accuracy,higher,knn; embedding=mean-pooled frozen CONCHv1.5 patch embeddings; magnification=20x patches; slide mean pooling,https://www.nature.com/articles/s41591-025-03982-3,parsed_primary_source,1
conch15.titan2025.t47.0.knn.weighted_f1,titan_patch_encoder,tcga-brca,TCGA-BRCA PIK3CA status,molecular_biomarker,PIK3CA,patient,classification,970,knn,weighted_f1,higher,knn; embedding=mean-pooled frozen CONCHv1.5 patch embeddings; magnification=20x patches; slide mean pooling,https://www.nature.com/articles/s41591-025-03982-3,parsed_primary_source,1
conch15.titan2025.t47.0.logistic_regression.auroc,titan_patch_encoder,tcga-brca,TCGA-BRCA PIK3CA status,molecular_biomarker,PIK3CA,patient,classification,970,logistic_regression,auroc,higher,logistic_regression; embedding=mean-pooled frozen CONCHv1.5 patch embeddings; magnification=20x patches; slide mean pooling,https://www.nature.com/articles/s41591-025-03982-3,parsed_primary_source,1
conch15.titan2025.t47.0.logistic_regression.balanced_accuracy,titan_patch_encoder,tcga-brca,TCGA-BRCA PIK3CA status,molecular_biomarker,PIK3CA,patient,classification,970,logistic_regression,balanced_accuracy,higher,logistic_regression; embedding=mean-pooled frozen CONCHv1.5 patch embeddings; magnification=20x patches; slide mean pooling,https://www.nature.com/articles/s41591-025-03982-3,parsed_primary_source,1
conch15.titan2025.t47.0.simpleshot.balanced_accuracy,titan_patch_encoder,tcga-brca,TCGA-BRCA PIK3CA status,molecular_biomarker,PIK3CA,patient,classification,970,simpleshot,balanced_accuracy,higher,simpleshot; embedding=mean-pooled frozen CONCHv1.5 patch embeddings; magnification=20x patches; slide mean pooling,https://www.nature.com/articles/s41591-025-03982-3,parsed_primary_source,1
conch15.titan2025.t47.0.simpleshot.weighted_f1,titan_patch_encoder,tcga-brca,TCGA-BRCA PIK3CA status,molecular_biomarker,PIK3CA,patient,classification,970,simpleshot,weighted_f1,higher,simpleshot; embedding=mean-pooled frozen CONCHv1.5 patch embeddings; magnification=20x patches; slide mean pooling,https://www.nature.com/articles/s41591-025-03982-3,parsed_primary_source,1
conch15.titan2025.t47.1.knn.balanced_accuracy,titan_patch_encoder,cptac-brca,CPTAC-BRCA PIK3CA status,molecular_biomarker,PIK3CA,patient,classification,103,knn,balanced_accuracy,higher,knn; embedding=mean-pooled frozen CONCHv1.5 patch embeddings; magnification=20x patches; slide mean pooling,https://www.nature.com/articles/s41591-025-03982-3,parsed_primary_source,1
conch15.titan2025.t47.1.knn.weighted_f1,titan_patch_encoder,cptac-brca,CPTAC-BRCA PIK3CA status,molecular_biomarker,PIK3CA,patient,classification,103,knn,weighted_f1,higher,knn; embedding=mean-pooled frozen CONCHv1.5 patch embeddings; magnification=20x patches; slide mean pooling,https://www.nature.com/articles/s41591-025-03982-3,parsed_primary_source,1
conch15.titan2025.t47.1.logistic_regression.auroc,titan_patch_encoder,cptac-brca,CPTAC-BRCA PIK3CA status,molecular_biomarker,PIK3CA,patient,classification,103,logistic_regression,auroc,higher,logistic_regression; embedding=mean-pooled frozen CONCHv1.5 patch embeddings; magnification=20x patches; slide mean pooling,https://www.nature.com/articles/s41591-025-03982-3,parsed_primary_source,1
conch15.titan2025.t47.1.logistic_regression.balanced_accuracy,titan_patch_encoder,cptac-brca,CPTAC-BRCA PIK3CA status,molecular_biomarker,PIK3CA,patient,classification,103,logistic_regression,balanced_accuracy,higher,logistic_regression; embedding=mean-pooled frozen CONCHv1.5 patch embeddings; magnification=20x patches; slide mean pooling,https://www.nature.com/articles/s41591-025-03982-3,parsed_primary_source,1
conch15.titan2025.t47.1.simpleshot.balanced_accuracy,titan_patch_encoder,cptac-brca,CPTAC-BRCA PIK3CA status,molecular_biomarker,PIK3CA,patient,classification,103,simpleshot,balanced_accuracy,higher,simpleshot; embedding=mean-pooled frozen CONCHv1.5 patch embeddings; magnification=20x patches; slide mean pooling,https://www.nature.com/articles/s41591-025-03982-3,parsed_primary_source,1
conch15.titan2025.t47.1.simpleshot.weighted_f1,titan_patch_encoder,cptac-brca,CPTAC-BRCA PIK3CA status,molecular_biomarker,PIK3CA,patient,classification,103,simpleshot,weighted_f1,higher,simpleshot; embedding=mean-pooled frozen CONCHv1.5 patch embeddings; magnification=20x patches; slide mean pooling,https://www.nature.com/articles/s41591-025-03982-3,parsed_primary_source,1
conch15.titan2025.t48.0.knn.balanced_accuracy,titan_patch_encoder,tcga-nsclc,TCGA-NSCLC EGFR mutation,molecular_biomarker,EGFR,patient,classification,462,knn,balanced_accuracy,higher,knn; embedding=mean-pooled frozen CONCHv1.5 patch embeddings; magnification=20x patches; slide mean pooling,https://www.nature.com/articles/s41591-025-03982-3,parsed_primary_source,1
conch15.titan2025.t48.0.knn.weighted_f1,titan_patch_encoder,tcga-nsclc,TCGA-NSCLC EGFR mutation,molecular_biomarker,EGFR,patient,classification,462,knn,weighted_f1,higher,knn; embedding=mean-pooled frozen CONCHv1.5 patch embeddings; magnification=20x patches; slide mean pooling,https://www.nature.com/articles/s41591-025-03982-3,parsed_primary_source,1
conch15.titan2025.t48.0.logistic_regression.auroc,titan_patch_encoder,tcga-nsclc,TCGA-NSCLC EGFR mutation,molecular_biomarker,EGFR,patient,classification,462,logistic_regression,auroc,higher,logistic_regression; embedding=mean-pooled frozen CONCHv1.5 patch embeddings; magnification=20x patches; slide mean pooling,https://www.nature.com/articles/s41591-025-03982-3,parsed_primary_source,1
conch15.titan2025.t48.0.logistic_regression.balanced_accuracy,titan_patch_encoder,tcga-nsclc,TCGA-NSCLC EGFR mutation,molecular_biomarker,EGFR,patient,classification,462,logistic_regression,balanced_accuracy,higher,logistic_regression; embedding=mean-pooled frozen CONCHv1.5 patch embeddings; magnification=20x patches; slide mean pooling,https://www.nature.com/articles/s41591-025-03982-3,parsed_primary_source,1
conch15.titan2025.t48.0.simpleshot.balanced_accuracy,titan_patch_encoder,tcga-nsclc,TCGA-NSCLC EGFR mutation,molecular_biomarker,EGFR,patient,classification,462,simpleshot,balanced_accuracy,higher,simpleshot; embedding=mean-pooled frozen CONCHv1.5 patch embeddings; magnification=20x patches; slide mean pooling,https://www.nature.com/articles/s41591-025-03982-3,parsed_primary_source,1
conch15.titan2025.t48.0.simpleshot.weighted_f1,titan_patch_encoder,tcga-nsclc,TCGA-NSCLC EGFR mutation,molecular_biomarker,EGFR,patient,classification,462,simpleshot,weighted_f1,higher,simpleshot; embedding=mean-pooled frozen CONCHv1.5 patch embeddings; magnification=20x patches; slide mean pooling,https://www.nature.com/articles/s41591-025-03982-3,parsed_primary_source,1
conch15.titan2025.t48.1.knn.balanced_accuracy,titan_patch_encoder,cptac-luad,CPTAC-LUAD EGFR mutation,molecular_biomarker,EGFR,patient,classification,108,knn,balanced_accuracy,higher,knn; embedding=mean-pooled frozen CONCHv1.5 patch embeddings; magnification=20x patches; slide mean pooling,https://www.nature.com/articles/s41591-025-03982-3,parsed_primary_source,1
conch15.titan2025.t48.1.knn.weighted_f1,titan_patch_encoder,cptac-luad,CPTAC-LUAD EGFR mutation,molecular_biomarker,EGFR,patient,classification,108,knn,weighted_f1,higher,knn; embedding=mean-pooled frozen CONCHv1.5 patch embeddings; magnification=20x patches; slide mean pooling,https://www.nature.com/articles/s41591-025-03982-3,parsed_primary_source,1
conch15.titan2025.t48.1.logistic_regression.auroc,titan_patch_encoder,cptac-luad,CPTAC-LUAD EGFR mutation,molecular_biomarker,EGFR,patient,classification,108,logistic_regression,auroc,higher,logistic_regression; embedding=mean-pooled frozen CONCHv1.5 patch embeddings; magnification=20x patches; slide mean pooling,https://www.nature.com/articles/s41591-025-03982-3,parsed_primary_source,1
conch15.titan2025.t48.1.logistic_regression.balanced_accuracy,titan_patch_encoder,cptac-luad,CPTAC-LUAD EGFR mutation,molecular_biomarker,EGFR,patient,classification,108,logistic_regression,balanced_accuracy,higher,logistic_regression; embedding=mean-pooled frozen CONCHv1.5 patch embeddings; magnification=20x patches; slide mean pooling,https://www.nature.com/articles/s41591-025-03982-3,parsed_primary_source,1
conch15.titan2025.t48.1.simpleshot.balanced_accuracy,titan_patch_encoder,cptac-luad,CPTAC-LUAD EGFR mutation,molecular_biomarker,EGFR,patient,classification,108,simpleshot,balanced_accuracy,higher,simpleshot; embedding=mean-pooled frozen CONCHv1.5 patch embeddings; magnification=20x patches; slide mean pooling,https://www.nature.com/articles/s41591-025-03982-3,parsed_primary_source,1
conch15.titan2025.t48.1.simpleshot.weighted_f1,titan_patch_encoder,cptac-luad,CPTAC-LUAD EGFR mutation,molecular_biomarker,EGFR,patient,classification,108,simpleshot,weighted_f1,higher,simpleshot; embedding=mean-pooled frozen CONCHv1.5 patch embeddings; magnification=20x patches; slide mean pooling,https://www.nature.com/articles/s41591-025-03982-3,parsed_primary_source,1
conch15.titan2025.t49.0.knn.balanced_accuracy,titan_patch_encoder,tcga-nsclc,TCGA-NSCLC TP53 mutation,molecular_biomarker,TP53,patient,classification,462,knn,balanced_accuracy,higher,knn; embedding=mean-pooled frozen CONCHv1.5 patch embeddings; magnification=20x patches; slide mean pooling,https://www.nature.com/articles/s41591-025-03982-3,parsed_primary_source,1
conch15.titan2025.t49.0.knn.weighted_f1,titan_patch_encoder,tcga-nsclc,TCGA-NSCLC TP53 mutation,molecular_biomarker,TP53,patient,classification,462,knn,weighted_f1,higher,knn; embedding=mean-pooled frozen CONCHv1.5 patch embeddings; magnification=20x patches; slide mean pooling,https://www.nature.com/articles/s41591-025-03982-3,parsed_primary_source,1
conch15.titan2025.t49.0.logistic_regression.auroc,titan_patch_encoder,tcga-nsclc,TCGA-NSCLC TP53 mutation,molecular_biomarker,TP53,patient,classification,462,logistic_regression,auroc,higher,logistic_regression; embedding=mean-pooled frozen CONCHv1.5 patch embeddings; magnification=20x patches; slide mean pooling,https://www.nature.com/articles/s41591-025-03982-3,parsed_primary_source,1
conch15.titan2025.t49.0.logistic_regression.balanced_accuracy,titan_patch_encoder,tcga-nsclc,TCGA-NSCLC TP53 mutation,molecular_biomarker,TP53,patient,classification,462,logistic_regression,balanced_accuracy,higher,logistic_regression; embedding=mean-pooled frozen CONCHv1.5 patch embeddings; magnification=20x patches; slide mean pooling,https://www.nature.com/articles/s41591-025-03982-3,parsed_primary_source,1
conch15.titan2025.t49.0.simpleshot.balanced_accuracy,titan_patch_encoder,tcga-nsclc,TCGA-NSCLC TP53 mutation,molecular_biomarker,TP53,patient,classification,462,simpleshot,balanced_accuracy,higher,simpleshot; embedding=mean-pooled frozen CONCHv1.5 patch embeddings; magnification=20x patches; slide mean pooling,https://www.nature.com/articles/s41591-025-03982-3,parsed_primary_source,1
conch15.titan2025.t49.0.simpleshot.weighted_f1,titan_patch_encoder,tcga-nsclc,TCGA-NSCLC TP53 mutation,molecular_biomarker,TP53,patient,classification,462,simpleshot,weighted_f1,higher,simpleshot; embedding=mean-pooled frozen CONCHv1.5 patch embeddings; magnification=20x patches; slide mean pooling,https://www.nature.com/articles/s41591-025-03982-3,parsed_primary_source,1
conch15.titan2025.t49.1.knn.balanced_accuracy,titan_patch_encoder,cptac-luad,CPTAC-LUAD TP53 mutation,molecular_biomarker,TP53,patient,classification,108,knn,balanced_accuracy,higher,knn; embedding=mean-pooled frozen CONCHv1.5 patch embeddings; magnification=20x patches; slide mean pooling,https://www.nature.com/articles/s41591-025-03982-3,parsed_primary_source,1
conch15.titan2025.t49.1.knn.weighted_f1,titan_patch_encoder,cptac-luad,CPTAC-LUAD TP53 mutation,molecular_biomarker,TP53,patient,classification,108,knn,weighted_f1,higher,knn; embedding=mean-pooled frozen CONCHv1.5 patch embeddings; magnification=20x patches; slide mean pooling,https://www.nature.com/articles/s41591-025-03982-3,parsed_primary_source,1
conch15.titan2025.t49.1.logistic_regression.auroc,titan_patch_encoder,cptac-luad,CPTAC-LUAD TP53 mutation,molecular_biomarker,TP53,patient,classification,108,logistic_regression,auroc,higher,logistic_regression; embedding=mean-pooled frozen CONCHv1.5 patch embeddings; magnification=20x patches; slide mean pooling,https://www.nature.com/articles/s41591-025-03982-3,parsed_primary_source,1
conch15.titan2025.t49.1.logistic_regression.balanced_accuracy,titan_patch_encoder,cptac-luad,CPTAC-LUAD TP53 mutation,molecular_biomarker,TP53,patient,classification,108,logistic_regression,balanced_accuracy,higher,logistic_regression; embedding=mean-pooled frozen CONCHv1.5 patch embeddings; magnification=20x patches; slide mean pooling,https://www.nature.com/articles/s41591-025-03982-3,parsed_primary_source,1
conch15.titan2025.t49.1.simpleshot.balanced_accuracy,titan_patch_encoder,cptac-luad,CPTAC-LUAD TP53 mutation,molecular_biomarker,TP53,patient,classification,108,simpleshot,balanced_accuracy,higher,simpleshot; embedding=mean-pooled frozen CONCHv1.5 patch embeddings; magnification=20x patches; slide mean pooling,https://www.nature.com/articles/s41591-025-03982-3,parsed_primary_source,1
conch15.titan2025.t49.1.simpleshot.weighted_f1,titan_patch_encoder,cptac-luad,CPTAC-LUAD TP53 mutation,molecular_biomarker,TP53,patient,classification,108,simpleshot,weighted_f1,higher,simpleshot; embedding=mean-pooled frozen CONCHv1.5 patch embeddings; magnification=20x patches; slide mean pooling,https://www.nature.com/articles/s41591-025-03982-3,parsed_primary_source,1
conch15.titan2025.t50.0.knn.balanced_accuracy,titan_patch_encoder,tcga-crc,TCGA-CRC MSI status,molecular_biomarker,MSI,patient,classification,414,knn,balanced_accuracy,higher,knn; embedding=mean-pooled frozen CONCHv1.5 patch embeddings; magnification=20x patches; slide mean pooling,https://www.nature.com/articles/s41591-025-03982-3,parsed_primary_source,1
conch15.titan2025.t50.0.knn.weighted_f1,titan_patch_encoder,tcga-crc,TCGA-CRC MSI status,molecular_biomarker,MSI,patient,classification,414,knn,weighted_f1,higher,knn; embedding=mean-pooled frozen CONCHv1.5 patch embeddings; magnification=20x patches; slide mean pooling,https://www.nature.com/articles/s41591-025-03982-3,parsed_primary_source,1
conch15.titan2025.t50.0.logistic_regression.auroc,titan_patch_encoder,tcga-crc,TCGA-CRC MSI status,molecular_biomarker,MSI,patient,classification,414,logistic_regression,auroc,higher,logistic_regression; embedding=mean-pooled frozen CONCHv1.5 patch embeddings; magnification=20x patches; slide mean pooling,https://www.nature.com/articles/s41591-025-03982-3,parsed_primary_source,1
conch15.titan2025.t50.0.logistic_regression.balanced_accuracy,titan_patch_encoder,tcga-crc,TCGA-CRC MSI status,molecular_biomarker,MSI,patient,classification,414,logistic_regression,balanced_accuracy,higher,logistic_regression; embedding=mean-pooled frozen CONCHv1.5 patch embeddings; magnification=20x patches; slide mean pooling,https://www.nature.com/articles/s41591-025-03982-3,parsed_primary_source,1
conch15.titan2025.t50.0.simpleshot.balanced_accuracy,titan_patch_encoder,tcga-crc,TCGA-CRC MSI status,molecular_biomarker,MSI,patient,classification,414,simpleshot,balanced_accuracy,higher,simpleshot; embedding=mean-pooled frozen CONCHv1.5 patch embeddings; magnification=20x patches; slide mean pooling,https://www.nature.com/articles/s41591-025-03982-3,parsed_primary_source,1
conch15.titan2025.t50.0.simpleshot.weighted_f1,titan_patch_encoder,tcga-crc,TCGA-CRC MSI status,molecular_biomarker,MSI,patient,classification,414,simpleshot,weighted_f1,higher,simpleshot; embedding=mean-pooled frozen CONCHv1.5 patch embeddings; magnification=20x patches; slide mean pooling,https://www.nature.com/articles/s41591-025-03982-3,parsed_primary_source,1
conch15.titan2025.t50.1.knn.balanced_accuracy,titan_patch_encoder,cptac-coad,CPTAC-COAD MSI status,molecular_biomarker,MSI,patient,classification,103,knn,balanced_accuracy,higher,knn; embedding=mean-pooled frozen CONCHv1.5 patch embeddings; magnification=20x patches; slide mean pooling,https://www.nature.com/articles/s41591-025-03982-3,parsed_primary_source,1
conch15.titan2025.t50.1.knn.weighted_f1,titan_patch_encoder,cptac-coad,CPTAC-COAD MSI status,molecular_biomarker,MSI,patient,classification,103,knn,weighted_f1,higher,knn; embedding=mean-pooled frozen CONCHv1.5 patch embeddings; magnification=20x patches; slide mean pooling,https://www.nature.com/articles/s41591-025-03982-3,parsed_primary_source,1
conch15.titan2025.t50.1.logistic_regression.auroc,titan_patch_encoder,cptac-coad,CPTAC-COAD MSI status,molecular_biomarker,MSI,patient,classification,103,logistic_regression,auroc,higher,logistic_regression; embedding=mean-pooled frozen CONCHv1.5 patch embeddings; magnification=20x patches; slide mean pooling,https://www.nature.com/articles/s41591-025-03982-3,parsed_primary_source,1
conch15.titan2025.t50.1.logistic_regression.balanced_accuracy,titan_patch_encoder,cptac-coad,CPTAC-COAD MSI status,molecular_biomarker,MSI,patient,classification,103,logistic_regression,balanced_accuracy,higher,logistic_regression; embedding=mean-pooled frozen CONCHv1.5 patch embeddings; magnification=20x patches; slide mean pooling,https://www.nature.com/articles/s41591-025-03982-3,parsed_primary_source,1
conch15.titan2025.t50.1.simpleshot.balanced_accuracy,titan_patch_encoder,cptac-coad,CPTAC-COAD MSI status,molecular_biomarker,MSI,patient,classification,103,simpleshot,balanced_accuracy,higher,simpleshot; embedding=mean-pooled frozen CONCHv1.5 patch embeddings; magnification=20x patches; slide mean pooling,https://www.nature.com/articles/s41591-025-03982-3,parsed_primary_source,1
conch15.titan2025.t50.1.simpleshot.weighted_f1,titan_patch_encoder,cptac-coad,CPTAC-COAD MSI status,molecular_biomarker,MSI,patient,classification,103,simpleshot,weighted_f1,higher,simpleshot; embedding=mean-pooled frozen CONCHv1.5 patch embeddings; magnification=20x patches; slide mean pooling,https://www.nature.com/articles/s41591-025-03982-3,parsed_primary_source,1
conch15.titan2025.t51.0.knn.balanced_accuracy,titan_patch_encoder,tcga-crc,TCGA-CRC BRAF status,molecular_biomarker,BRAF,patient,classification,487,knn,balanced_accuracy,higher,knn; embedding=mean-pooled frozen CONCHv1.5 patch embeddings; magnification=20x patches; slide mean pooling,https://www.nature.com/articles/s41591-025-03982-3,parsed_primary_source,1
conch15.titan2025.t51.0.knn.weighted_f1,titan_patch_encoder,tcga-crc,TCGA-CRC BRAF status,molecular_biomarker,BRAF,patient,classification,487,knn,weighted_f1,higher,knn; embedding=mean-pooled frozen CONCHv1.5 patch embeddings; magnification=20x patches; slide mean pooling,https://www.nature.com/articles/s41591-025-03982-3,parsed_primary_source,1
conch15.titan2025.t51.0.logistic_regression.auroc,titan_patch_encoder,tcga-crc,TCGA-CRC BRAF status,molecular_biomarker,BRAF,patient,classification,487,logistic_regression,auroc,higher,logistic_regression; embedding=mean-pooled frozen CONCHv1.5 patch embeddings; magnification=20x patches; slide mean pooling,https://www.nature.com/articles/s41591-025-03982-3,parsed_primary_source,1
conch15.titan2025.t51.0.logistic_regression.balanced_accuracy,titan_patch_encoder,tcga-crc,TCGA-CRC BRAF status,molecular_biomarker,BRAF,patient,classification,487,logistic_regression,balanced_accuracy,higher,logistic_regression; embedding=mean-pooled frozen CONCHv1.5 patch embeddings; magnification=20x patches; slide mean pooling,https://www.nature.com/articles/s41591-025-03982-3,parsed_primary_source,1
conch15.titan2025.t51.0.simpleshot.balanced_accuracy,titan_patch_encoder,tcga-crc,TCGA-CRC BRAF status,molecular_biomarker,BRAF,patient,classification,487,simpleshot,balanced_accuracy,higher,simpleshot; embedding=mean-pooled frozen CONCHv1.5 patch embeddings; magnification=20x patches; slide mean pooling,https://www.nature.com/articles/s41591-025-03982-3,parsed_primary_source,1
conch15.titan2025.t51.0.simpleshot.weighted_f1,titan_patch_encoder,tcga-crc,TCGA-CRC BRAF status,molecular_biomarker,BRAF,patient,classification,487,simpleshot,weighted_f1,higher,simpleshot; embedding=mean-pooled frozen CONCHv1.5 patch embeddings; magnification=20x patches; slide mean pooling,https://www.nature.com/articles/s41591-025-03982-3,parsed_primary_source,1
conch15.titan2025.t51.1.knn.balanced_accuracy,titan_patch_encoder,cptac-coad,CPTAC-COAD BRAF status,molecular_biomarker,BRAF,patient,classification,103,knn,balanced_accuracy,higher,knn; embedding=mean-pooled frozen CONCHv1.5 patch embeddings; magnification=20x patches; slide mean pooling,https://www.nature.com/articles/s41591-025-03982-3,parsed_primary_source,1
conch15.titan2025.t51.1.knn.weighted_f1,titan_patch_encoder,cptac-coad,CPTAC-COAD BRAF status,molecular_biomarker,BRAF,patient,classification,103,knn,weighted_f1,higher,knn; embedding=mean-pooled frozen CONCHv1.5 patch embeddings; magnification=20x patches; slide mean pooling,https://www.nature.com/articles/s41591-025-03982-3,parsed_primary_source,1
conch15.titan2025.t51.1.logistic_regression.auroc,titan_patch_encoder,cptac-coad,CPTAC-COAD BRAF status,molecular_biomarker,BRAF,patient,classification,103,logistic_regression,auroc,higher,logistic_regression; embedding=mean-pooled frozen CONCHv1.5 patch embeddings; magnification=20x patches; slide mean pooling,https://www.nature.com/articles/s41591-025-03982-3,parsed_primary_source,1
conch15.titan2025.t51.1.logistic_regression.balanced_accuracy,titan_patch_encoder,cptac-coad,CPTAC-COAD BRAF status,molecular_biomarker,BRAF,patient,classification,103,logistic_regression,balanced_accuracy,higher,logistic_regression; embedding=mean-pooled frozen CONCHv1.5 patch embeddings; magnification=20x patches; slide mean pooling,https://www.nature.com/articles/s41591-025-03982-3,parsed_primary_source,1
conch15.titan2025.t51.1.simpleshot.balanced_accuracy,titan_patch_encoder,cptac-coad,CPTAC-COAD BRAF status,molecular_biomarker,BRAF,patient,classification,103,simpleshot,balanced_accuracy,higher,simpleshot; embedding=mean-pooled frozen CONCHv1.5 patch embeddings; magnification=20x patches; slide mean pooling,https://www.nature.com/articles/s41591-025-03982-3,parsed_primary_source,1
conch15.titan2025.t51.1.simpleshot.weighted_f1,titan_patch_encoder,cptac-coad,CPTAC-COAD BRAF status,molecular_biomarker,BRAF,patient,classification,103,simpleshot,weighted_f1,higher,simpleshot; embedding=mean-pooled frozen CONCHv1.5 patch embeddings; magnification=20x patches; slide mean pooling,https://www.nature.com/articles/s41591-025-03982-3,parsed_primary_source,1
conch15.titan2025.t52.0.knn.balanced_accuracy,titan_patch_encoder,tcga-crc,TCGA-CRC KRAS status,molecular_biomarker,KRAS,patient,classification,not_reported,knn,balanced_accuracy,higher,knn; embedding=mean-pooled frozen CONCHv1.5 patch embeddings; magnification=20x patches; slide mean pooling,https://www.nature.com/articles/s41591-025-03982-3,parsed_primary_source,1
conch15.titan2025.t52.0.knn.weighted_f1,titan_patch_encoder,tcga-crc,TCGA-CRC KRAS status,molecular_biomarker,KRAS,patient,classification,not_reported,knn,weighted_f1,higher,knn; embedding=mean-pooled frozen CONCHv1.5 patch embeddings; magnification=20x patches; slide mean pooling,https://www.nature.com/articles/s41591-025-03982-3,parsed_primary_source,1
conch15.titan2025.t52.0.logistic_regression.auroc,titan_patch_encoder,tcga-crc,TCGA-CRC KRAS status,molecular_biomarker,KRAS,patient,classification,not_reported,logistic_regression,auroc,higher,logistic_regression; embedding=mean-pooled frozen CONCHv1.5 patch embeddings; magnification=20x patches; slide mean pooling,https://www.nature.com/articles/s41591-025-03982-3,parsed_primary_source,1
conch15.titan2025.t52.0.logistic_regression.balanced_accuracy,titan_patch_encoder,tcga-crc,TCGA-CRC KRAS status,molecular_biomarker,KRAS,patient,classification,not_reported,logistic_regression,balanced_accuracy,higher,logistic_regression; embedding=mean-pooled frozen CONCHv1.5 patch embeddings; magnification=20x patches; slide mean pooling,https://www.nature.com/articles/s41591-025-03982-3,parsed_primary_source,1
conch15.titan2025.t52.0.simpleshot.balanced_accuracy,titan_patch_encoder,tcga-crc,TCGA-CRC KRAS status,molecular_biomarker,KRAS,patient,classification,not_reported,simpleshot,balanced_accuracy,higher,simpleshot; embedding=mean-pooled frozen CONCHv1.5 patch embeddings; magnification=20x patches; slide mean pooling,https://www.nature.com/articles/s41591-025-03982-3,parsed_primary_source,1
conch15.titan2025.t52.0.simpleshot.weighted_f1,titan_patch_encoder,tcga-crc,TCGA-CRC KRAS status,molecular_biomarker,KRAS,patient,classification,not_reported,simpleshot,weighted_f1,higher,simpleshot; embedding=mean-pooled frozen CONCHv1.5 patch embeddings; magnification=20x patches; slide mean pooling,https://www.nature.com/articles/s41591-025-03982-3,parsed_primary_source,1
conch15.titan2025.t52.1.knn.balanced_accuracy,titan_patch_encoder,cptac-coad,CPTAC-COAD KRAS status,molecular_biomarker,KRAS,patient,classification,103,knn,balanced_accuracy,higher,knn; embedding=mean-pooled frozen CONCHv1.5 patch embeddings; magnification=20x patches; slide mean pooling,https://www.nature.com/articles/s41591-025-03982-3,parsed_primary_source,1
conch15.titan2025.t52.1.knn.weighted_f1,titan_patch_encoder,cptac-coad,CPTAC-COAD KRAS status,molecular_biomarker,KRAS,patient,classification,103,knn,weighted_f1,higher,knn; embedding=mean-pooled frozen CONCHv1.5 patch embeddings; magnification=20x patches; slide mean pooling,https://www.nature.com/articles/s41591-025-03982-3,parsed_primary_source,1
conch15.titan2025.t52.1.logistic_regression.auroc,titan_patch_encoder,cptac-coad,CPTAC-COAD KRAS status,molecular_biomarker,KRAS,patient,classification,103,logistic_regression,auroc,higher,logistic_regression; embedding=mean-pooled frozen CONCHv1.5 patch embeddings; magnification=20x patches; slide mean pooling,https://www.nature.com/articles/s41591-025-03982-3,parsed_primary_source,1
conch15.titan2025.t52.1.logistic_regression.balanced_accuracy,titan_patch_encoder,cptac-coad,CPTAC-COAD KRAS status,molecular_biomarker,KRAS,patient,classification,103,logistic_regression,balanced_accuracy,higher,logistic_regression; embedding=mean-pooled frozen CONCHv1.5 patch embeddings; magnification=20x patches; slide mean pooling,https://www.nature.com/articles/s41591-025-03982-3,parsed_primary_source,1
conch15.titan2025.t52.1.simpleshot.balanced_accuracy,titan_patch_encoder,cptac-coad,CPTAC-COAD KRAS status,molecular_biomarker,KRAS,patient,classification,103,simpleshot,balanced_accuracy,higher,simpleshot; embedding=mean-pooled frozen CONCHv1.5 patch embeddings; magnification=20x patches; slide mean pooling,https://www.nature.com/articles/s41591-025-03982-3,parsed_primary_source,1
conch15.titan2025.t52.1.simpleshot.weighted_f1,titan_patch_encoder,cptac-coad,CPTAC-COAD KRAS status,molecular_biomarker,KRAS,patient,classification,103,simpleshot,weighted_f1,higher,simpleshot; embedding=mean-pooled frozen CONCHv1.5 patch embeddings; magnification=20x patches; slide mean pooling,https://www.nature.com/articles/s41591-025-03982-3,parsed_primary_source,1
conch15.titan2025.t82.abmil.k1.balanced_accuracy,titan_patch_encoder,tcga-ut-8k,TCGA-UT-8K tumor subtype,morphological_subtyping,tumor_subtype,slide,classification,7784,abmil; 1-shot per class,balanced_accuracy,higher,abmil; 1-shot per class; embedding=frozen CONCHv1.5 patch embeddings; magnification=20x patches,https://www.nature.com/articles/s41591-025-03982-3,parsed_primary_source,1
conch15.titan2025.t82.abmil.k16.balanced_accuracy,titan_patch_encoder,tcga-ut-8k,TCGA-UT-8K tumor subtype,morphological_subtyping,tumor_subtype,slide,classification,7784,abmil; 16-shot per class,balanced_accuracy,higher,abmil; 16-shot per class; embedding=frozen CONCHv1.5 patch embeddings; magnification=20x patches,https://www.nature.com/articles/s41591-025-03982-3,parsed_primary_source,1
conch15.titan2025.t82.abmil.k2.balanced_accuracy,titan_patch_encoder,tcga-ut-8k,TCGA-UT-8K tumor subtype,morphological_subtyping,tumor_subtype,slide,classification,7784,abmil; 2-shot per class,balanced_accuracy,higher,abmil; 2-shot per class; embedding=frozen CONCHv1.5 patch embeddings; magnification=20x patches,https://www.nature.com/articles/s41591-025-03982-3,parsed_primary_source,1
conch15.titan2025.t82.abmil.k32.balanced_accuracy,titan_patch_encoder,tcga-ut-8k,TCGA-UT-8K tumor subtype,morphological_subtyping,tumor_subtype,slide,classification,7784,abmil; 32-shot per class,balanced_accuracy,higher,abmil; 32-shot per class; embedding=frozen CONCHv1.5 patch embeddings; magnification=20x patches,https://www.nature.com/articles/s41591-025-03982-3,parsed_primary_source,1
conch15.titan2025.t82.abmil.k4.balanced_accuracy,titan_patch_encoder,tcga-ut-8k,TCGA-UT-8K tumor subtype,morphological_subtyping,tumor_subtype,slide,classification,7784,abmil; 4-shot per class,balanced_accuracy,higher,abmil; 4-shot per class; embedding=frozen CONCHv1.5 patch embeddings; magnification=20x patches,https://www.nature.com/articles/s41591-025-03982-3,parsed_primary_source,1
conch15.titan2025.t82.abmil.k8.balanced_accuracy,titan_patch_encoder,tcga-ut-8k,TCGA-UT-8K tumor subtype,morphological_subtyping,tumor_subtype,slide,classification,7784,abmil; 8-shot per class,balanced_accuracy,higher,abmil; 8-shot per class; embedding=frozen CONCHv1.5 patch embeddings; magnification=20x patches,https://www.nature.com/articles/s41591-025-03982-3,parsed_primary_source,1
conch15.titan2025.t82.linear_probe.k1.balanced_accuracy,titan_patch_encoder,tcga-ut-8k,TCGA-UT-8K tumor subtype,morphological_subtyping,tumor_subtype,slide,classification,7784,linear_probe; 1-shot per class,balanced_accuracy,higher,linear_probe; 1-shot per class; embedding=frozen CONCHv1.5 patch embeddings; magnification=20x patches,https://www.nature.com/articles/s41591-025-03982-3,parsed_primary_source,1
conch15.titan2025.t82.linear_probe.k16.balanced_accuracy,titan_patch_encoder,tcga-ut-8k,TCGA-UT-8K tumor subtype,morphological_subtyping,tumor_subtype,slide,classification,7784,linear_probe; 16-shot per class,balanced_accuracy,higher,linear_probe; 16-shot per class; embedding=frozen CONCHv1.5 patch embeddings; magnification=20x patches,https://www.nature.com/articles/s41591-025-03982-3,parsed_primary_source,1
conch15.titan2025.t82.linear_probe.k2.balanced_accuracy,titan_patch_encoder,tcga-ut-8k,TCGA-UT-8K tumor subtype,morphological_subtyping,tumor_subtype,slide,classification,7784,linear_probe; 2-shot per class,balanced_accuracy,higher,linear_probe; 2-shot per class; embedding=frozen CONCHv1.5 patch embeddings; magnification=20x patches,https://www.nature.com/articles/s41591-025-03982-3,parsed_primary_source,1
conch15.titan2025.t82.linear_probe.k32.balanced_accuracy,titan_patch_encoder,tcga-ut-8k,TCGA-UT-8K tumor subtype,morphological_subtyping,tumor_subtype,slide,classification,7784,linear_probe; 32-shot per class,balanced_accuracy,higher,linear_probe; 32-shot per class; embedding=frozen CONCHv1.5 patch embeddings; magnification=20x patches,https://www.nature.com/articles/s41591-025-03982-3,parsed_primary_source,1
conch15.titan2025.t82.linear_probe.k4.balanced_accuracy,titan_patch_encoder,tcga-ut-8k,TCGA-UT-8K tumor subtype,morphological_subtyping,tumor_subtype,slide,classification,7784,linear_probe; 4-shot per class,balanced_accuracy,higher,linear_probe; 4-shot per class; embedding=frozen CONCHv1.5 patch embeddings; magnification=20x patches,https://www.nature.com/articles/s41591-025-03982-3,parsed_primary_source,1
conch15.titan2025.t82.linear_probe.k8.balanced_accuracy,titan_patch_encoder,tcga-ut-8k,TCGA-UT-8K tumor subtype,morphological_subtyping,tumor_subtype,slide,classification,7784,linear_probe; 8-shot per class,balanced_accuracy,higher,linear_probe; 8-shot per class; embedding=frozen CONCHv1.5 patch embeddings; magnification=20x patches,https://www.nature.com/articles/s41591-025-03982-3,parsed_primary_source,1
conch15.titan2025.t83.abmil.k1.balanced_accuracy,titan_patch_encoder,tcga-ot,TCGA-OT OncoTree code,morphological_subtyping,oncotree_code,slide,classification,9149,abmil; 1-shot per class,balanced_accuracy,higher,abmil; 1-shot per class; embedding=frozen CONCHv1.5 patch embeddings; magnification=20x patches,https://www.nature.com/articles/s41591-025-03982-3,parsed_primary_source,1
conch15.titan2025.t83.abmil.k16.balanced_accuracy,titan_patch_encoder,tcga-ot,TCGA-OT OncoTree code,morphological_subtyping,oncotree_code,slide,classification,9149,abmil; 16-shot per class,balanced_accuracy,higher,abmil; 16-shot per class; embedding=frozen CONCHv1.5 patch embeddings; magnification=20x patches,https://www.nature.com/articles/s41591-025-03982-3,parsed_primary_source,1
conch15.titan2025.t83.abmil.k2.balanced_accuracy,titan_patch_encoder,tcga-ot,TCGA-OT OncoTree code,morphological_subtyping,oncotree_code,slide,classification,9149,abmil; 2-shot per class,balanced_accuracy,higher,abmil; 2-shot per class; embedding=frozen CONCHv1.5 patch embeddings; magnification=20x patches,https://www.nature.com/articles/s41591-025-03982-3,parsed_primary_source,1
conch15.titan2025.t83.abmil.k32.balanced_accuracy,titan_patch_encoder,tcga-ot,TCGA-OT OncoTree code,morphological_subtyping,oncotree_code,slide,classification,9149,abmil; 32-shot per class,balanced_accuracy,higher,abmil; 32-shot per class; embedding=frozen CONCHv1.5 patch embeddings; magnification=20x patches,https://www.nature.com/articles/s41591-025-03982-3,parsed_primary_source,1
conch15.titan2025.t83.abmil.k4.balanced_accuracy,titan_patch_encoder,tcga-ot,TCGA-OT OncoTree code,morphological_subtyping,oncotree_code,slide,classification,9149,abmil; 4-shot per class,balanced_accuracy,higher,abmil; 4-shot per class; embedding=frozen CONCHv1.5 patch embeddings; magnification=20x patches,https://www.nature.com/articles/s41591-025-03982-3,parsed_primary_source,1
conch15.titan2025.t83.abmil.k8.balanced_accuracy,titan_patch_encoder,tcga-ot,TCGA-OT OncoTree code,morphological_subtyping,oncotree_code,slide,classification,9149,abmil; 8-shot per class,balanced_accuracy,higher,abmil; 8-shot per class; embedding=frozen CONCHv1.5 patch embeddings; magnification=20x patches,https://www.nature.com/articles/s41591-025-03982-3,parsed_primary_source,1
conch15.titan2025.t83.linear_probe.k1.balanced_accuracy,titan_patch_encoder,tcga-ot,TCGA-OT OncoTree code,morphological_subtyping,oncotree_code,slide,classification,9149,linear_probe; 1-shot per class,balanced_accuracy,higher,linear_probe; 1-shot per class; embedding=frozen CONCHv1.5 patch embeddings; magnification=20x patches,https://www.nature.com/articles/s41591-025-03982-3,parsed_primary_source,1
conch15.titan2025.t83.linear_probe.k16.balanced_accuracy,titan_patch_encoder,tcga-ot,TCGA-OT OncoTree code,morphological_subtyping,oncotree_code,slide,classification,9149,linear_probe; 16-shot per class,balanced_accuracy,higher,linear_probe; 16-shot per class; embedding=frozen CONCHv1.5 patch embeddings; magnification=20x patches,https://www.nature.com/articles/s41591-025-03982-3,parsed_primary_source,1
conch15.titan2025.t83.linear_probe.k2.balanced_accuracy,titan_patch_encoder,tcga-ot,TCGA-OT OncoTree code,morphological_subtyping,oncotree_code,slide,classification,9149,linear_probe; 2-shot per class,balanced_accuracy,higher,linear_probe; 2-shot per class; embedding=frozen CONCHv1.5 patch embeddings; magnification=20x patches,https://www.nature.com/articles/s41591-025-03982-3,parsed_primary_source,1
conch15.titan2025.t83.linear_probe.k32.balanced_accuracy,titan_patch_encoder,tcga-ot,TCGA-OT OncoTree code,morphological_subtyping,oncotree_code,slide,classification,9149,linear_probe; 32-shot per class,balanced_accuracy,higher,linear_probe; 32-shot per class; embedding=frozen CONCHv1.5 patch embeddings; magnification=20x patches,https://www.nature.com/articles/s41591-025-03982-3,parsed_primary_source,1
conch15.titan2025.t83.linear_probe.k4.balanced_accuracy,titan_patch_encoder,tcga-ot,TCGA-OT OncoTree code,morphological_subtyping,oncotree_code,slide,classification,9149,linear_probe; 4-shot per class,balanced_accuracy,higher,linear_probe; 4-shot per class; embedding=frozen CONCHv1.5 patch embeddings; magnification=20x patches,https://www.nature.com/articles/s41591-025-03982-3,parsed_primary_source,1
conch15.titan2025.t83.linear_probe.k8.balanced_accuracy,titan_patch_encoder,tcga-ot,TCGA-OT OncoTree code,morphological_subtyping,oncotree_code,slide,classification,9149,linear_probe; 8-shot per class,balanced_accuracy,higher,linear_probe; 8-shot per class; embedding=frozen CONCHv1.5 patch embeddings; magnification=20x patches,https://www.nature.com/articles/s41591-025-03982-3,parsed_primary_source,1
conch15.titan2025.t85.abmil.k1.balanced_accuracy,titan_patch_encoder,ebrains,EBRAINS tumor type,morphological_subtyping,diagnosis,slide,classification,2147,abmil; 1-shot per class,balanced_accuracy,higher,abmil; 1-shot per class; embedding=frozen CONCHv1.5 patch embeddings; magnification=20x patches,https://www.nature.com/articles/s41591-025-03982-3,parsed_primary_source,1
conch15.titan2025.t85.abmil.k16.balanced_accuracy,titan_patch_encoder,ebrains,EBRAINS tumor type,morphological_subtyping,diagnosis,slide,classification,2147,abmil; 16-shot per class,balanced_accuracy,higher,abmil; 16-shot per class; embedding=frozen CONCHv1.5 patch embeddings; magnification=20x patches,https://www.nature.com/articles/s41591-025-03982-3,parsed_primary_source,1
conch15.titan2025.t85.abmil.k2.balanced_accuracy,titan_patch_encoder,ebrains,EBRAINS tumor type,morphological_subtyping,diagnosis,slide,classification,2147,abmil; 2-shot per class,balanced_accuracy,higher,abmil; 2-shot per class; embedding=frozen CONCHv1.5 patch embeddings; magnification=20x patches,https://www.nature.com/articles/s41591-025-03982-3,parsed_primary_source,1
conch15.titan2025.t85.abmil.k32.balanced_accuracy,titan_patch_encoder,ebrains,EBRAINS tumor type,morphological_subtyping,diagnosis,slide,classification,2147,abmil; 32-shot per class,balanced_accuracy,higher,abmil; 32-shot per class; embedding=frozen CONCHv1.5 patch embeddings; magnification=20x patches,https://www.nature.com/articles/s41591-025-03982-3,parsed_primary_source,1
conch15.titan2025.t85.abmil.k4.balanced_accuracy,titan_patch_encoder,ebrains,EBRAINS tumor type,morphological_subtyping,diagnosis,slide,classification,2147,abmil; 4-shot per class,balanced_accuracy,higher,abmil; 4-shot per class; embedding=frozen CONCHv1.5 patch embeddings; magnification=20x patches,https://www.nature.com/articles/s41591-025-03982-3,parsed_primary_source,1
conch15.titan2025.t85.abmil.k8.balanced_accuracy,titan_patch_encoder,ebrains,EBRAINS tumor type,morphological_subtyping,diagnosis,slide,classification,2147,abmil; 8-shot per class,balanced_accuracy,higher,abmil; 8-shot per class; embedding=frozen CONCHv1.5 patch embeddings; magnification=20x patches,https://www.nature.com/articles/s41591-025-03982-3,parsed_primary_source,1
conch15.titan2025.t85.linear_probe.k1.balanced_accuracy,titan_patch_encoder,ebrains,EBRAINS tumor type,morphological_subtyping,diagnosis,slide,classification,2147,linear_probe; 1-shot per class,balanced_accuracy,higher,linear_probe; 1-shot per class; embedding=frozen CONCHv1.5 patch embeddings; magnification=20x patches,https://www.nature.com/articles/s41591-025-03982-3,parsed_primary_source,1
conch15.titan2025.t85.linear_probe.k16.balanced_accuracy,titan_patch_encoder,ebrains,EBRAINS tumor type,morphological_subtyping,diagnosis,slide,classification,2147,linear_probe; 16-shot per class,balanced_accuracy,higher,linear_probe; 16-shot per class; embedding=frozen CONCHv1.5 patch embeddings; magnification=20x patches,https://www.nature.com/articles/s41591-025-03982-3,parsed_primary_source,1
conch15.titan2025.t85.linear_probe.k2.balanced_accuracy,titan_patch_encoder,ebrains,EBRAINS tumor type,morphological_subtyping,diagnosis,slide,classification,2147,linear_probe; 2-shot per class,balanced_accuracy,higher,linear_probe; 2-shot per class; embedding=frozen CONCHv1.5 patch embeddings; magnification=20x patches,https://www.nature.com/articles/s41591-025-03982-3,parsed_primary_source,1
conch15.titan2025.t85.linear_probe.k32.balanced_accuracy,titan_patch_encoder,ebrains,EBRAINS tumor type,morphological_subtyping,diagnosis,slide,classification,2147,linear_probe; 32-shot per class,balanced_accuracy,higher,linear_probe; 32-shot per class; embedding=frozen CONCHv1.5 patch embeddings; magnification=20x patches,https://www.nature.com/articles/s41591-025-03982-3,parsed_primary_source,1
conch15.titan2025.t85.linear_probe.k4.balanced_accuracy,titan_patch_encoder,ebrains,EBRAINS tumor type,morphological_subtyping,diagnosis,slide,classification,2147,linear_probe; 4-shot per class,balanced_accuracy,higher,linear_probe; 4-shot per class; embedding=frozen CONCHv1.5 patch embeddings; magnification=20x patches,https://www.nature.com/articles/s41591-025-03982-3,parsed_primary_source,1
conch15.titan2025.t85.linear_probe.k8.balanced_accuracy,titan_patch_encoder,ebrains,EBRAINS tumor type,morphological_subtyping,diagnosis,slide,classification,2147,linear_probe; 8-shot per class,balanced_accuracy,higher,linear_probe; 8-shot per class; embedding=frozen CONCHv1.5 patch embeddings; magnification=20x patches,https://www.nature.com/articles/s41591-025-03982-3,parsed_primary_source,1
conch15.titan2025.t86.simpleshot.k1.balanced_accuracy,titan_patch_encoder,tcga-ut-8k,TCGA-UT-8K tumor subtype,morphological_subtyping,tumor_subtype,slide,classification,7784,simpleshot; 1-shot per class,balanced_accuracy,higher,simpleshot; 1-shot per class; embedding=frozen CONCHv1.5 patch embeddings; magnification=20x patches,https://www.nature.com/articles/s41591-025-03982-3,parsed_primary_source,1
conch15.titan2025.t86.simpleshot.k16.balanced_accuracy,titan_patch_encoder,tcga-ut-8k,TCGA-UT-8K tumor subtype,morphological_subtyping,tumor_subtype,slide,classification,7784,simpleshot; 16-shot per class,balanced_accuracy,higher,simpleshot; 16-shot per class; embedding=frozen CONCHv1.5 patch embeddings; magnification=20x patches,https://www.nature.com/articles/s41591-025-03982-3,parsed_primary_source,1
conch15.titan2025.t86.simpleshot.k2.balanced_accuracy,titan_patch_encoder,tcga-ut-8k,TCGA-UT-8K tumor subtype,morphological_subtyping,tumor_subtype,slide,classification,7784,simpleshot; 2-shot per class,balanced_accuracy,higher,simpleshot; 2-shot per class; embedding=frozen CONCHv1.5 patch embeddings; magnification=20x patches,https://www.nature.com/articles/s41591-025-03982-3,parsed_primary_source,1
conch15.titan2025.t86.simpleshot.k32.balanced_accuracy,titan_patch_encoder,tcga-ut-8k,TCGA-UT-8K tumor subtype,morphological_subtyping,tumor_subtype,slide,classification,7784,simpleshot; 32-shot per class,balanced_accuracy,higher,simpleshot; 32-shot per class; embedding=frozen CONCHv1.5 patch embeddings; magnification=20x patches,https://www.nature.com/articles/s41591-025-03982-3,parsed_primary_source,1
conch15.titan2025.t86.simpleshot.k4.balanced_accuracy,titan_patch_encoder,tcga-ut-8k,TCGA-UT-8K tumor subtype,morphological_subtyping,tumor_subtype,slide,classification,7784,simpleshot; 4-shot per class,balanced_accuracy,higher,simpleshot; 4-shot per class; embedding=frozen CONCHv1.5 patch embeddings; magnification=20x patches,https://www.nature.com/articles/s41591-025-03982-3,parsed_primary_source,1
conch15.titan2025.t86.simpleshot.k8.balanced_accuracy,titan_patch_encoder,tcga-ut-8k,TCGA-UT-8K tumor subtype,morphological_subtyping,tumor_subtype,slide,classification,7784,simpleshot; 8-shot per class,balanced_accuracy,higher,simpleshot; 8-shot per class; embedding=frozen CONCHv1.5 patch embeddings; magnification=20x patches,https://www.nature.com/articles/s41591-025-03982-3,parsed_primary_source,1
conch15.titan2025.t87.simpleshot.k1.balanced_accuracy,titan_patch_encoder,tcga-ot,TCGA-OT OncoTree code,morphological_subtyping,oncotree_code,slide,classification,9149,simpleshot; 1-shot per class,balanced_accuracy,higher,simpleshot; 1-shot per class; embedding=frozen CONCHv1.5 patch embeddings; magnification=20x patches,https://www.nature.com/articles/s41591-025-03982-3,parsed_primary_source,1
conch15.titan2025.t87.simpleshot.k16.balanced_accuracy,titan_patch_encoder,tcga-ot,TCGA-OT OncoTree code,morphological_subtyping,oncotree_code,slide,classification,9149,simpleshot; 16-shot per class,balanced_accuracy,higher,simpleshot; 16-shot per class; embedding=frozen CONCHv1.5 patch embeddings; magnification=20x patches,https://www.nature.com/articles/s41591-025-03982-3,parsed_primary_source,1
conch15.titan2025.t87.simpleshot.k2.balanced_accuracy,titan_patch_encoder,tcga-ot,TCGA-OT OncoTree code,morphological_subtyping,oncotree_code,slide,classification,9149,simpleshot; 2-shot per class,balanced_accuracy,higher,simpleshot; 2-shot per class; embedding=frozen CONCHv1.5 patch embeddings; magnification=20x patches,https://www.nature.com/articles/s41591-025-03982-3,parsed_primary_source,1
conch15.titan2025.t87.simpleshot.k32.balanced_accuracy,titan_patch_encoder,tcga-ot,TCGA-OT OncoTree code,morphological_subtyping,oncotree_code,slide,classification,9149,simpleshot; 32-shot per class,balanced_accuracy,higher,simpleshot; 32-shot per class; embedding=frozen CONCHv1.5 patch embeddings; magnification=20x patches,https://www.nature.com/articles/s41591-025-03982-3,parsed_primary_source,1
conch15.titan2025.t87.simpleshot.k4.balanced_accuracy,titan_patch_encoder,tcga-ot,TCGA-OT OncoTree code,morphological_subtyping,oncotree_code,slide,classification,9149,simpleshot; 4-shot per class,balanced_accuracy,higher,simpleshot; 4-shot per class; embedding=frozen CONCHv1.5 patch embeddings; magnification=20x patches,https://www.nature.com/articles/s41591-025-03982-3,parsed_primary_source,1
conch15.titan2025.t87.simpleshot.k8.balanced_accuracy,titan_patch_encoder,tcga-ot,TCGA-OT OncoTree code,morphological_subtyping,oncotree_code,slide,classification,9149,simpleshot; 8-shot per class,balanced_accuracy,higher,simpleshot; 8-shot per class; embedding=frozen CONCHv1.5 patch embeddings; magnification=20x patches,https://www.nature.com/articles/s41591-025-03982-3,parsed_primary_source,1
conch15.titan2025.t89.simpleshot.k1.balanced_accuracy,titan_patch_encoder,ebrains,EBRAINS tumor type,morphological_subtyping,diagnosis,slide,classification,2147,simpleshot; 1-shot per class,balanced_accuracy,higher,simpleshot; 1-shot per class; embedding=frozen CONCHv1.5 patch embeddings; magnification=20x patches,https://www.nature.com/articles/s41591-025-03982-3,parsed_primary_source,1
conch15.titan2025.t89.simpleshot.k16.balanced_accuracy,titan_patch_encoder,ebrains,EBRAINS tumor type,morphological_subtyping,diagnosis,slide,classification,2147,simpleshot; 16-shot per class,balanced_accuracy,higher,simpleshot; 16-shot per class; embedding=frozen CONCHv1.5 patch embeddings; magnification=20x patches,https://www.nature.com/articles/s41591-025-03982-3,parsed_primary_source,1
conch15.titan2025.t89.simpleshot.k2.balanced_accuracy,titan_patch_encoder,ebrains,EBRAINS tumor type,morphological_subtyping,diagnosis,slide,classification,2147,simpleshot; 2-shot per class,balanced_accuracy,higher,simpleshot; 2-shot per class; embedding=frozen CONCHv1.5 patch embeddings; magnification=20x patches,https://www.nature.com/articles/s41591-025-03982-3,parsed_primary_source,1
conch15.titan2025.t89.simpleshot.k32.balanced_accuracy,titan_patch_encoder,ebrains,EBRAINS tumor type,morphological_subtyping,diagnosis,slide,classification,2147,simpleshot; 32-shot per class,balanced_accuracy,higher,simpleshot; 32-shot per class; embedding=frozen CONCHv1.5 patch embeddings; magnification=20x patches,https://www.nature.com/articles/s41591-025-03982-3,parsed_primary_source,1
conch15.titan2025.t89.simpleshot.k4.balanced_accuracy,titan_patch_encoder,ebrains,EBRAINS tumor type,morphological_subtyping,diagnosis,slide,classification,2147,simpleshot; 4-shot per class,balanced_accuracy,higher,simpleshot; 4-shot per class; embedding=frozen CONCHv1.5 patch embeddings; magnification=20x patches,https://www.nature.com/articles/s41591-025-03982-3,parsed_primary_source,1
conch15.titan2025.t89.simpleshot.k8.balanced_accuracy,titan_patch_encoder,ebrains,EBRAINS tumor type,morphological_subtyping,diagnosis,slide,classification,2147,simpleshot; 8-shot per class,balanced_accuracy,higher,simpleshot; 8-shot per class; embedding=frozen CONCHv1.5 patch embeddings; magnification=20x patches,https://www.nature.com/articles/s41591-025-03982-3,parsed_primary_source,1
eva.bach,eva,bach,bach classification,classification,BACH four-class histology label,image,classification,not_reported,offline_classification,accuracy,higher,EVA offline config; frozen encoder evaluation; 5 runs; monitored accuracy.,https://github.com/kaiko-ai/eva/blob/e43e74a99b75660b0014f790f25a33dd9f11e121/configs/vision/pathology/offline/classification/bach.yaml,parsed_primary_source,0
eva.bcss,eva,bcss,bcss segmentation,segmentation,bcss segmentation target,image,segmentation,not_reported,offline_segmentation,dice,higher,EVA offline config; frozen encoder evaluation; 5 runs; monitored dice.,https://github.com/kaiko-ai/eva/blob/e43e74a99b75660b0014f790f25a33dd9f11e121/configs/vision/pathology/offline/segmentation/bcss.yaml,parsed_primary_source,0
eva.bracs,eva,bracs,bracs classification,classification,BRACS seven-class lesion label,image,classification,not_reported,offline_classification,accuracy,higher,EVA offline config; frozen encoder evaluation; 5 runs; monitored accuracy.,https://github.com/kaiko-ai/eva/blob/e43e74a99b75660b0014f790f25a33dd9f11e121/configs/vision/pathology/offline/classification/bracs.yaml,parsed_primary_source,0
eva.breakhis,eva,breakhis,breakhis classification,classification,BreakHis selected four-class subtype label,image,classification,not_reported,offline_classification,accuracy,higher,EVA offline config; frozen encoder evaluation; 5 runs; monitored accuracy.,https://github.com/kaiko-ai/eva/blob/e43e74a99b75660b0014f790f25a33dd9f11e121/configs/vision/pathology/offline/classification/breakhis.yaml,parsed_primary_source,0
eva.camelyon16,eva,camelyon16,camelyon16 classification,classification,camelyon16 classification target,slide,classification,not_reported,offline_classification,balanced_accuracy,higher,EVA offline config; frozen encoder evaluation; 20 runs; monitored balanced_accuracy.,https://github.com/kaiko-ai/eva/blob/e43e74a99b75660b0014f790f25a33dd9f11e121/configs/vision/pathology/offline/classification/camelyon16.yaml,parsed_primary_source,0
eva.consep,eva,consep,consep segmentation,segmentation,consep segmentation target,image,segmentation,not_reported,offline_segmentation,dice,higher,EVA offline config; frozen encoder evaluation; 5 runs; monitored dice.,https://github.com/kaiko-ai/eva/blob/e43e74a99b75660b0014f790f25a33dd9f11e121/configs/vision/pathology/offline/segmentation/consep.yaml,parsed_primary_source,0
eva.crc,eva,crc,crc classification,classification,CRC-100K nine-class tissue label,image,classification,not_reported,offline_classification,accuracy,higher,EVA offline config; frozen encoder evaluation; 5 runs; monitored accuracy.,https://github.com/kaiko-ai/eva/blob/e43e74a99b75660b0014f790f25a33dd9f11e121/configs/vision/pathology/offline/classification/crc.yaml,parsed_primary_source,0
eva.gleason_arvaniti,eva,gleason_arvaniti,gleason_arvaniti classification,classification,gleason_arvaniti classification target,image,classification,not_reported,offline_classification,accuracy,higher,EVA offline config; frozen encoder evaluation; 5 runs; monitored accuracy.,https://github.com/kaiko-ai/eva/blob/e43e74a99b75660b0014f790f25a33dd9f11e121/configs/vision/pathology/offline/classification/gleason_arvaniti.yaml,parsed_primary_source,0
eva.h0mini2025.bach,eva,bach,BACH EVA classification/segmentation,classification,BACH class label,image,classification,not_reported,h0mini2025_eva_cls_token,balanced_accuracy,higher,H0-mini paper EVA protocol; CLS-token input embeddings; balanced accuracy for classification and MonaiDiceScore for segmentation.,https://arxiv.org/abs/2501.16239v3,parsed_primary_source,2
eva.h0mini2025.camelyon16,eva,camelyon16,Cam16 EVA classification/segmentation,classification,Cam16 class label,slide,classification,not_reported,h0mini2025_eva_cls_token,balanced_accuracy,higher,H0-mini paper EVA protocol; CLS-token input embeddings; balanced accuracy for classification and MonaiDiceScore for segmentation.,https://arxiv.org/abs/2501.16239v3,parsed_primary_source,2
eva.h0mini2025.consep,eva,consep,CoNSeP EVA classification/segmentation,segmentation,CoNSeP segmentation mask,image,segmentation,not_reported,h0mini2025_eva_cls_token,dice,higher,H0-mini paper EVA protocol; CLS-token input embeddings; balanced accuracy for classification and MonaiDiceScore for segmentation.,https://arxiv.org/abs/2501.16239v3,parsed_primary_source,2
eva.h0mini2025.crc,eva,crc,CRC EVA classification/segmentation,classification,CRC class label,image,classification,not_reported,h0mini2025_eva_cls_token,balanced_accuracy,higher,H0-mini paper EVA protocol; CLS-token input embeddings; balanced accuracy for classification and MonaiDiceScore for segmentation.,https://arxiv.org/abs/2501.16239v3,parsed_primary_source,2
eva.h0mini2025.mhist,eva,mhist,MHIST EVA classification/segmentation,classification,MHIST class label,image,classification,not_reported,h0mini2025_eva_cls_token,balanced_accuracy,higher,H0-mini paper EVA protocol; CLS-token input embeddings; balanced accuracy for classification and MonaiDiceScore for segmentation.,https://arxiv.org/abs/2501.16239v3,parsed_primary_source,2
eva.h0mini2025.monusac,eva,monusac,MoNuSAC EVA classification/segmentation,segmentation,MoNuSAC segmentation mask,image,segmentation,not_reported,h0mini2025_eva_cls_token,dice,higher,H0-mini paper EVA protocol; CLS-token input embeddings; balanced accuracy for classification and MonaiDiceScore for segmentation.,https://arxiv.org/abs/2501.16239v3,parsed_primary_source,2
eva.h0mini2025.panda,eva,panda,PANDA EVA classification/segmentation,classification,PANDA class label,slide,classification,not_reported,h0mini2025_eva_cls_token,balanced_accuracy,higher,H0-mini paper EVA protocol; CLS-token input embeddings; balanced accuracy for classification and MonaiDiceScore for segmentation.,https://arxiv.org/abs/2501.16239v3,parsed_primary_source,2
eva.h0mini2025.patch_camelyon,eva,patch_camelyon,PCam EVA classification/segmentation,classification,PCam class label,image,classification,not_reported,h0mini2025_eva_cls_token,balanced_accuracy,higher,H0-mini paper EVA protocol; CLS-token input embeddings; balanced accuracy for classification and MonaiDiceScore for segmentation.,https://arxiv.org/abs/2501.16239v3,parsed_primary_source,2
eva.leaderboard.bach.validation,eva,bach,bach classification,classification,BACH four-class histology label,image,classification,not_reported,leaderboard_validation_classification,balanced_accuracy,higher,EVA pathology leaderboard; reported split=validation; reported metric=balanced_accuracy; mean over 5 runs. Config monitor metrics are checkpoint-selection metadata and are not substituted for the documented leaderboard metric.,https://github.com/kaiko-ai/eva/blob/e43e74a99b75660b0014f790f25a33dd9f11e121/configs/vision/pathology/offline/classification/bach.yaml,parsed_primary_source,19
eva.leaderboard.bracs.validation,eva,bracs,bracs classification,classification,BRACS seven-class lesion label,image,classification,not_reported,leaderboard_validation_classification,balanced_accuracy,higher,EVA pathology leaderboard; reported split=validation; reported metric=balanced_accuracy; mean over 5 runs. Config monitor metrics are checkpoint-selection metadata and are not substituted for the documented leaderboard metric.,https://github.com/kaiko-ai/eva/blob/e43e74a99b75660b0014f790f25a33dd9f11e121/configs/vision/pathology/offline/classification/bracs.yaml,parsed_primary_source,15
eva.leaderboard.breakhis.validation,eva,breakhis,breakhis classification,classification,BreakHis selected four-class subtype label,image,classification,not_reported,leaderboard_validation_classification,balanced_accuracy,higher,EVA pathology leaderboard; reported split=validation; reported metric=balanced_accuracy; mean over 5 runs. Config monitor metrics are checkpoint-selection metadata and are not substituted for the documented leaderboard metric.,https://github.com/kaiko-ai/eva/blob/e43e74a99b75660b0014f790f25a33dd9f11e121/configs/vision/pathology/offline/classification/breakhis.yaml,parsed_primary_source,19
eva.leaderboard.camelyon16_small.test,eva,camelyon16_small,camelyon16_small classification,classification,camelyon16_small classification target,slide,classification,not_reported,leaderboard_test_classification,balanced_accuracy,higher,EVA pathology leaderboard; reported split=test; reported metric=balanced_accuracy; mean over 20 runs. Config monitor metrics are checkpoint-selection metadata and are not substituted for the documented leaderboard metric.,https://github.com/kaiko-ai/eva/blob/e43e74a99b75660b0014f790f25a33dd9f11e121/configs/vision/pathology/offline/classification/camelyon16_small.yaml,parsed_primary_source,19
eva.leaderboard.camelyon16_small.validation,eva,camelyon16_small,camelyon16_small classification,classification,camelyon16_small classification target,slide,classification,not_reported,leaderboard_validation_classification,balanced_accuracy,higher,EVA pathology leaderboard; reported split=validation; reported metric=balanced_accuracy; mean over 20 runs. Config monitor metrics are checkpoint-selection metadata and are not substituted for the documented leaderboard metric.,https://github.com/kaiko-ai/eva/blob/e43e74a99b75660b0014f790f25a33dd9f11e121/configs/vision/pathology/offline/classification/camelyon16_small.yaml,parsed_primary_source,15
eva.leaderboard.consep.validation,eva,consep,consep segmentation,segmentation,consep segmentation target,image,segmentation,not_reported,leaderboard_validation_segmentation,dice,higher,EVA pathology leaderboard; reported split=validation; reported metric=dice; mean over 5 runs. Config monitor metrics are checkpoint-selection metadata and are not substituted for the documented leaderboard metric.,https://github.com/kaiko-ai/eva/blob/e43e74a99b75660b0014f790f25a33dd9f11e121/configs/vision/pathology/offline/segmentation/consep.yaml,parsed_primary_source,19
eva.leaderboard.crc.validation,eva,crc,crc classification,classification,CRC-100K nine-class tissue label,image,classification,not_reported,leaderboard_validation_classification,balanced_accuracy,higher,EVA pathology leaderboard; reported split=validation; reported metric=balanced_accuracy; mean over 5 runs. Config monitor metrics are checkpoint-selection metadata and are not substituted for the documented leaderboard metric.,https://github.com/kaiko-ai/eva/blob/e43e74a99b75660b0014f790f25a33dd9f11e121/configs/vision/pathology/offline/classification/crc.yaml,parsed_primary_source,19
eva.leaderboard.gleason_arvaniti.validation,eva,gleason_arvaniti,gleason_arvaniti classification,classification,gleason_arvaniti classification target,image,classification,not_reported,leaderboard_validation_classification,balanced_accuracy,higher,EVA pathology leaderboard; reported split=validation; reported metric=balanced_accuracy; mean over 5 runs. Config monitor metrics are checkpoint-selection metadata and are not substituted for the documented leaderboard metric.,https://github.com/kaiko-ai/eva/blob/e43e74a99b75660b0014f790f25a33dd9f11e121/configs/vision/pathology/offline/classification/gleason_arvaniti.yaml,parsed_primary_source,19
eva.leaderboard.mhist.test,eva,mhist,mhist classification,classification,MHIST hyperplastic-polyp versus sessile-serrated-adenoma label,image,classification,not_reported,leaderboard_test_classification,balanced_accuracy,higher,EVA pathology leaderboard; reported split=test; reported metric=balanced_accuracy; mean over 5 runs. Config monitor metrics are checkpoint-selection metadata and are not substituted for the documented leaderboard metric.,https://github.com/kaiko-ai/eva/blob/e43e74a99b75660b0014f790f25a33dd9f11e121/configs/vision/pathology/offline/classification/mhist.yaml,parsed_primary_source,19
eva.leaderboard.monusac.test,eva,monusac,monusac segmentation,segmentation,monusac segmentation target,image,segmentation,not_reported,leaderboard_test_segmentation,dice,higher,EVA pathology leaderboard; reported split=test; reported metric=dice; mean over 5 runs. Config monitor metrics are checkpoint-selection metadata and are not substituted for the documented leaderboard metric.,https://github.com/kaiko-ai/eva/blob/e43e74a99b75660b0014f790f25a33dd9f11e121/configs/vision/pathology/offline/segmentation/monusac.yaml,parsed_primary_source,19
eva.leaderboard.panda_small.test,eva,panda_small,panda_small classification,classification,panda_small classification target,slide,classification,not_reported,leaderboard_test_classification,balanced_accuracy,higher,EVA pathology leaderboard; reported split=test; reported metric=balanced_accuracy; mean over 20 runs. Config monitor metrics are checkpoint-selection metadata and are not substituted for the documented leaderboard metric.,https://github.com/kaiko-ai/eva/blob/e43e74a99b75660b0014f790f25a33dd9f11e121/configs/vision/pathology/offline/classification/panda_small.yaml,parsed_primary_source,19
eva.leaderboard.panda_small.validation,eva,panda_small,panda_small classification,classification,panda_small classification target,slide,classification,not_reported,leaderboard_validation_classification,balanced_accuracy,higher,EVA pathology leaderboard; reported split=validation; reported metric=balanced_accuracy; mean over 20 runs. Config monitor metrics are checkpoint-selection metadata and are not substituted for the documented leaderboard metric.,https://github.com/kaiko-ai/eva/blob/e43e74a99b75660b0014f790f25a33dd9f11e121/configs/vision/pathology/offline/classification/panda_small.yaml,parsed_primary_source,15
eva.leaderboard.patch_camelyon.test,eva,patch_camelyon,patch_camelyon classification,classification,PatchCamelyon binary metastatic-tissue label,image,classification,not_reported,leaderboard_test_classification,balanced_accuracy,higher,EVA pathology leaderboard; reported split=test; reported metric=balanced_accuracy; mean over 5 runs. Config monitor metrics are checkpoint-selection metadata and are not substituted for the documented leaderboard metric.,https://github.com/kaiko-ai/eva/blob/e43e74a99b75660b0014f790f25a33dd9f11e121/configs/vision/pathology/offline/classification/patch_camelyon.yaml,parsed_primary_source,19
eva.leaderboard.patch_camelyon.validation,eva,patch_camelyon,patch_camelyon classification,classification,PatchCamelyon binary metastatic-tissue label,image,classification,not_reported,leaderboard_validation_classification,balanced_accuracy,higher,EVA pathology leaderboard; reported split=validation; reported metric=balanced_accuracy; mean over 5 runs. Config monitor metrics are checkpoint-selection metadata and are not substituted for the documented leaderboard metric.,https://github.com/kaiko-ai/eva/blob/e43e74a99b75660b0014f790f25a33dd9f11e121/configs/vision/pathology/offline/classification/patch_camelyon.yaml,parsed_primary_source,15
eva.leaderboard.patch_camelyon_10shot.test,eva,patch_camelyon,patch_camelyon classification,classification,PatchCamelyon binary metastatic-tissue label,image,classification,not_reported,leaderboard_test_classification,balanced_accuracy,higher,EVA pathology leaderboard; reported split=test; reported metric=balanced_accuracy; mean over 5 runs. Config monitor metrics are checkpoint-selection metadata and are not substituted for the documented leaderboard metric.,https://github.com/kaiko-ai/eva/blob/e43e74a99b75660b0014f790f25a33dd9f11e121/configs/vision/pathology/offline/classification/patch_camelyon_10shot.yaml,parsed_primary_source,15
eva.mhist,eva,mhist,mhist classification,classification,MHIST hyperplastic-polyp versus sessile-serrated-adenoma label,image,classification,not_reported,offline_classification,balanced_accuracy,higher,EVA offline config; frozen encoder evaluation; 5 runs; monitored balanced_accuracy.,https://github.com/kaiko-ai/eva/blob/e43e74a99b75660b0014f790f25a33dd9f11e121/configs/vision/pathology/offline/classification/mhist.yaml,parsed_primary_source,0
eva.miccai2025.clsmean_224.bach.validation,eva,bach,bach classification,classification,BACH four-class histology label,image,classification,not_reported,leaderboard_validation_classification,balanced_accuracy,higher,MICCAI 2025 EVA fork; early stopping disabled except Camelyon16/PANDA; 224x224 input; embedding=CLS + mean pooled patch tokens,https://papers.miccai.org/miccai-2025/paper/4651_paper.pdf,parsed_primary_source,2
eva.miccai2025.clsmean_224.bracs.validation,eva,bracs,bracs classification,classification,BRACS seven-class lesion label,image,classification,not_reported,leaderboard_validation_classification,balanced_accuracy,higher,MICCAI 2025 EVA fork; early stopping disabled except Camelyon16/PANDA; 224x224 input; embedding=CLS + mean pooled patch tokens,https://papers.miccai.org/miccai-2025/paper/4651_paper.pdf,parsed_primary_source,2
eva.miccai2025.clsmean_224.breakhis.validation,eva,breakhis,breakhis classification,classification,BreakHis selected four-class subtype label,image,classification,not_reported,leaderboard_validation_classification,balanced_accuracy,higher,MICCAI 2025 EVA fork; early stopping disabled except Camelyon16/PANDA; 224x224 input; embedding=CLS + mean pooled patch tokens,https://papers.miccai.org/miccai-2025/paper/4651_paper.pdf,parsed_primary_source,2
eva.miccai2025.clsmean_224.camelyon16_small.test,eva,camelyon16_small,camelyon16_small classification,classification,camelyon16_small classification target,slide,classification,not_reported,leaderboard_test_classification,balanced_accuracy,higher,MICCAI 2025 EVA fork; early stopping disabled except Camelyon16/PANDA; 224x224 input; embedding=CLS + mean pooled patch tokens,https://papers.miccai.org/miccai-2025/paper/4651_paper.pdf,parsed_primary_source,2
eva.miccai2025.clsmean_224.consep.validation,eva,consep,consep segmentation,segmentation,consep segmentation target,image,segmentation,not_reported,leaderboard_validation_segmentation,dice,higher,MICCAI 2025 EVA fork; early stopping disabled except Camelyon16/PANDA; 224x224 input; embedding=CLS + mean pooled patch tokens,https://papers.miccai.org/miccai-2025/paper/4651_paper.pdf,parsed_primary_source,2
eva.miccai2025.clsmean_224.crc.validation,eva,crc,crc classification,classification,CRC-100K nine-class tissue label,image,classification,not_reported,leaderboard_validation_classification,balanced_accuracy,higher,MICCAI 2025 EVA fork; early stopping disabled except Camelyon16/PANDA; 224x224 input; embedding=CLS + mean pooled patch tokens,https://papers.miccai.org/miccai-2025/paper/4651_paper.pdf,parsed_primary_source,2
eva.miccai2025.clsmean_224.gleason_arvaniti.validation,eva,gleason_arvaniti,gleason_arvaniti classification,classification,gleason_arvaniti classification target,image,classification,not_reported,leaderboard_validation_classification,balanced_accuracy,higher,MICCAI 2025 EVA fork; early stopping disabled except Camelyon16/PANDA; 224x224 input; embedding=CLS + mean pooled patch tokens,https://papers.miccai.org/miccai-2025/paper/4651_paper.pdf,parsed_primary_source,2
eva.miccai2025.clsmean_224.mhist.test,eva,mhist,mhist classification,classification,MHIST hyperplastic-polyp versus sessile-serrated-adenoma label,image,classification,not_reported,leaderboard_test_classification,balanced_accuracy,higher,MICCAI 2025 EVA fork; early stopping disabled except Camelyon16/PANDA; 224x224 input; embedding=CLS + mean pooled patch tokens,https://papers.miccai.org/miccai-2025/paper/4651_paper.pdf,parsed_primary_source,2
eva.miccai2025.clsmean_224.monusac.test,eva,monusac,monusac segmentation,segmentation,monusac segmentation target,image,segmentation,not_reported,leaderboard_test_segmentation,dice,higher,MICCAI 2025 EVA fork; early stopping disabled except Camelyon16/PANDA; 224x224 input; embedding=CLS + mean pooled patch tokens,https://papers.miccai.org/miccai-2025/paper/4651_paper.pdf,parsed_primary_source,2
eva.miccai2025.clsmean_224.panda_small.test,eva,panda_small,panda_small classification,classification,panda_small classification target,slide,classification,not_reported,leaderboard_test_classification,balanced_accuracy,higher,MICCAI 2025 EVA fork; early stopping disabled except Camelyon16/PANDA; 224x224 input; embedding=CLS + mean pooled patch tokens,https://papers.miccai.org/miccai-2025/paper/4651_paper.pdf,parsed_primary_source,2
eva.miccai2025.clsmean_224.patch_camelyon.test,eva,patch_camelyon,patch_camelyon classification,classification,PatchCamelyon binary metastatic-tissue label,image,classification,not_reported,leaderboard_test_classification,balanced_accuracy,higher,MICCAI 2025 EVA fork; early stopping disabled except Camelyon16/PANDA; 224x224 input; embedding=CLS + mean pooled patch tokens,https://papers.miccai.org/miccai-2025/paper/4651_paper.pdf,parsed_primary_source,2
eva.miccai2025.clsmean_224.patch_camelyon_10shot.test,eva,patch_camelyon,patch_camelyon classification,classification,PatchCamelyon binary metastatic-tissue label,image,classification,not_reported,leaderboard_test_classification,balanced_accuracy,higher,MICCAI 2025 EVA fork; early stopping disabled except Camelyon16/PANDA; 224x224 input; embedding=CLS + mean pooled patch tokens,https://papers.miccai.org/miccai-2025/paper/4651_paper.pdf,parsed_primary_source,2
eva.monusac,eva,monusac,monusac segmentation,segmentation,monusac segmentation target,image,segmentation,not_reported,offline_segmentation,dice,higher,EVA offline config; frozen encoder evaluation; 5 runs; monitored dice.,https://github.com/kaiko-ai/eva/blob/e43e74a99b75660b0014f790f25a33dd9f11e121/configs/vision/pathology/offline/segmentation/monusac.yaml,parsed_primary_source,0
eva.openmidnight_tr2025.cls.bach.validation,eva,bach,bach classification,classification,BACH four-class histology label,image,classification,not_reported,leaderboard_validation_classification,balanced_accuracy,higher,OpenMidnight EVA fork; supporting config snapshot 4c3e4a83802010f47dc68bb2d25629f2b6f58eea:eval_configs/bach.yaml sha256:9c23d1f84374709aac6690c60da4f6bffc114e64b0a03b9aded9b383ab2f148a; embedding=CLS token only,https://sophont.med/blog/openmidnight,parsed_primary_source,1
eva.openmidnight_tr2025.cls.bracs.validation,eva,bracs,bracs classification,classification,BRACS seven-class lesion label,image,classification,not_reported,leaderboard_validation_classification,balanced_accuracy,higher,OpenMidnight EVA fork; supporting config snapshot 4c3e4a83802010f47dc68bb2d25629f2b6f58eea:eval_configs/bracs.yaml sha256:26afeedca3bc5690d7977613ec3b3a38a5f82159f3602797a3654decfdaabd39; embedding=CLS token only,https://sophont.med/blog/openmidnight,parsed_primary_source,1
eva.openmidnight_tr2025.cls.breakhis.validation,eva,breakhis,breakhis classification,classification,BreakHis selected four-class subtype label,image,classification,not_reported,leaderboard_validation_classification,balanced_accuracy,higher,OpenMidnight EVA fork; supporting config snapshot 4c3e4a83802010f47dc68bb2d25629f2b6f58eea:eval_configs/breakhist.yaml sha256:a70b72b1db1c1fd6791186e88a7d060ebc474fb3cbe63671ec9fbb7e5d16cf58; embedding=CLS token only,https://sophont.med/blog/openmidnight,parsed_primary_source,1
eva.openmidnight_tr2025.cls.camelyon16_small.test,eva,camelyon16_small,camelyon16_small classification,classification,camelyon16_small classification target,slide,classification,not_reported,leaderboard_test_classification,balanced_accuracy,higher,OpenMidnight EVA fork; supporting config snapshot 4c3e4a83802010f47dc68bb2d25629f2b6f58eea:eval_configs/cam16_small.yaml sha256:bb08fd262b973e88f4a77d1f441bea7ca6f6bc21db4a338946cb4aa75e55ba5b; embedding=CLS token only,https://sophont.med/blog/openmidnight,parsed_primary_source,1
eva.openmidnight_tr2025.cls.consep.validation,eva,consep,consep segmentation,segmentation,consep segmentation target,image,segmentation,not_reported,leaderboard_validation_segmentation,dice,higher,OpenMidnight EVA fork; supporting config snapshot 4c3e4a83802010f47dc68bb2d25629f2b6f58eea:eval_configs/consep.yaml sha256:dcf48241fbe9b1d2d85800be2bea9c93c673db64114b0f1aeab1af2eb1ac1975; embedding=CLS token only,https://sophont.med/blog/openmidnight,parsed_primary_source,1
eva.openmidnight_tr2025.cls.crc.validation,eva,crc,crc classification,classification,CRC-100K nine-class tissue label,image,classification,not_reported,leaderboard_validation_classification,balanced_accuracy,higher,OpenMidnight EVA fork; supporting config snapshot 4c3e4a83802010f47dc68bb2d25629f2b6f58eea:eval_configs/crc.yaml sha256:682ab6b9739142a4720e5930839aa9cfcc9e63c7e923146b01171c109582c582; embedding=CLS token only,https://sophont.med/blog/openmidnight,parsed_primary_source,1
eva.openmidnight_tr2025.cls.gleason_arvaniti.validation,eva,gleason_arvaniti,gleason_arvaniti classification,classification,gleason_arvaniti classification target,image,classification,not_reported,leaderboard_validation_classification,balanced_accuracy,higher,OpenMidnight EVA fork; supporting config snapshot 4c3e4a83802010f47dc68bb2d25629f2b6f58eea:eval_configs/gleason.yaml sha256:496fe772f56da4891e041b8fbcb43dafcdb22beede8bdc1efb9dc6df84bba501; embedding=CLS token only,https://sophont.med/blog/openmidnight,parsed_primary_source,1
eva.openmidnight_tr2025.cls.mhist.test,eva,mhist,mhist classification,classification,MHIST hyperplastic-polyp versus sessile-serrated-adenoma label,image,classification,not_reported,leaderboard_test_classification,balanced_accuracy,higher,OpenMidnight EVA fork; supporting config snapshot 4c3e4a83802010f47dc68bb2d25629f2b6f58eea:eval_configs/mhist.yaml sha256:5e0543b818e0275c2439038e400a3481eb44fc501da933ded3c6f6fa16434d73; embedding=CLS token only,https://sophont.med/blog/openmidnight,parsed_primary_source,1
eva.openmidnight_tr2025.cls.monusac.test,eva,monusac,monusac segmentation,segmentation,monusac segmentation target,image,segmentation,not_reported,leaderboard_test_segmentation,dice,higher,OpenMidnight EVA fork; supporting config snapshot 4c3e4a83802010f47dc68bb2d25629f2b6f58eea:eval_configs/monusac.yaml sha256:ad1419a64e9e9cf04ab022ff5bc2938b72fce524a612b50d9c0a983a09186fa6; embedding=CLS token only,https://sophont.med/blog/openmidnight,parsed_primary_source,1
eva.openmidnight_tr2025.cls.panda_small.test,eva,panda_small,panda_small classification,classification,panda_small classification target,slide,classification,not_reported,leaderboard_test_classification,balanced_accuracy,higher,OpenMidnight EVA fork; supporting config snapshot 4c3e4a83802010f47dc68bb2d25629f2b6f58eea:eval_configs/panda_small.yaml sha256:71bcecc6afd182b203aee31fda3d8291b1558dd3144c5c01e7836fcffbedef28; embedding=CLS token only,https://sophont.med/blog/openmidnight,parsed_primary_source,1
eva.openmidnight_tr2025.cls.patch_camelyon.test,eva,patch_camelyon,patch_camelyon classification,classification,PatchCamelyon binary metastatic-tissue label,image,classification,not_reported,leaderboard_test_classification,balanced_accuracy,higher,OpenMidnight EVA fork; supporting config snapshot 4c3e4a83802010f47dc68bb2d25629f2b6f58eea:eval_configs/pcam.yaml sha256:0d9bb57c61d6145634047190543c2f977299343ca249600c550554c2deab2635; embedding=CLS token only,https://sophont.med/blog/openmidnight,parsed_primary_source,1
eva.openmidnight_tr2025.cls.patch_camelyon_10shot.test,eva,patch_camelyon,patch_camelyon classification,classification,PatchCamelyon binary metastatic-tissue label,image,classification,not_reported,leaderboard_test_classification,balanced_accuracy,higher,OpenMidnight EVA fork; supporting config snapshot 4c3e4a83802010f47dc68bb2d25629f2b6f58eea:eval_configs/pcam_10.yaml sha256:c9f8f04ceb594b9db60cfe30850ce604adf10a9250e3ce22054f29dcbf86425d; embedding=CLS token only,https://sophont.med/blog/openmidnight,parsed_primary_source,1
eva.panda,eva,panda,panda classification,classification,PANDA ISUP grade,slide,classification,not_reported,offline_classification,accuracy,higher,EVA offline config; frozen encoder evaluation; 20 runs; monitored accuracy.,https://github.com/kaiko-ai/eva/blob/e43e74a99b75660b0014f790f25a33dd9f11e121/configs/vision/pathology/offline/classification/panda.yaml,parsed_primary_source,0
eva.patch_camelyon,eva,patch_camelyon,patch_camelyon classification,classification,PatchCamelyon binary metastatic-tissue label,image,classification,not_reported,offline_classification,balanced_accuracy,higher,EVA offline config; frozen encoder evaluation; 5 runs; monitored balanced_accuracy.,https://github.com/kaiko-ai/eva/blob/e43e74a99b75660b0014f790f25a33dd9f11e121/configs/vision/pathology/offline/classification/patch_camelyon.yaml,parsed_primary_source,0
eva.unitopatho,eva,unitopatho,unitopatho classification,classification,unitopatho classification target,image,classification,not_reported,offline_classification,accuracy,higher,EVA offline config; frozen encoder evaluation; 5 runs; monitored accuracy.,https://github.com/kaiko-ai/eva/blob/e43e74a99b75660b0014f790f25a33dd9f11e121/configs/vision/pathology/offline/classification/unitopatho.yaml,parsed_primary_source,0
gpfm.nbe2025.roi_classification.bach.auroc,gpfm_primary,bach,bach classification,classification,BACH four-class histology label,image,classification,not_reported,linear classifier on frozen GPFM embeddings,auroc,higher,linear classifier on frozen GPFM embeddings; embedding=frozen GPFM patch embeddings; magnification=source-defined,https://www.nature.com/articles/s41551-025-01488-4,parsed_primary_source,1
gpfm.nbe2025.roi_classification.bach.balanced_accuracy,gpfm_primary,bach,bach classification,classification,BACH four-class histology label,image,classification,not_reported,linear classifier on frozen GPFM embeddings,balanced_accuracy,higher,linear classifier on frozen GPFM embeddings; embedding=frozen GPFM patch embeddings; magnification=source-defined,https://www.nature.com/articles/s41551-025-01488-4,parsed_primary_source,1
gpfm.nbe2025.roi_classification.bach.weighted_f1,gpfm_primary,bach,bach classification,classification,BACH four-class histology label,image,classification,not_reported,linear classifier on frozen GPFM embeddings,weighted_f1,higher,linear classifier on frozen GPFM embeddings; embedding=frozen GPFM patch embeddings; magnification=source-defined,https://www.nature.com/articles/s41551-025-01488-4,parsed_primary_source,1
gpfm.nbe2025.roi_classification.breakhis.auroc,gpfm_primary,breakhis,breakhis classification,classification,BreakHis selected four-class subtype label,image,classification,not_reported,linear classifier on frozen GPFM embeddings,auroc,higher,linear classifier on frozen GPFM embeddings; embedding=frozen GPFM patch embeddings; magnification=source-defined,https://www.nature.com/articles/s41551-025-01488-4,parsed_primary_source,1
gpfm.nbe2025.roi_classification.breakhis.balanced_accuracy,gpfm_primary,breakhis,breakhis classification,classification,BreakHis selected four-class subtype label,image,classification,not_reported,linear classifier on frozen GPFM embeddings,balanced_accuracy,higher,linear classifier on frozen GPFM embeddings; embedding=frozen GPFM patch embeddings; magnification=source-defined,https://www.nature.com/articles/s41551-025-01488-4,parsed_primary_source,1
gpfm.nbe2025.roi_classification.breakhis.weighted_f1,gpfm_primary,breakhis,breakhis classification,classification,BreakHis selected four-class subtype label,image,classification,not_reported,linear classifier on frozen GPFM embeddings,weighted_f1,higher,linear classifier on frozen GPFM embeddings; embedding=frozen GPFM patch embeddings; magnification=source-defined,https://www.nature.com/articles/s41551-025-01488-4,parsed_primary_source,1
gpfm.nbe2025.roi_classification.ccrcc_tcga_hel.auroc,gpfm_primary,ccrcc-tcga-hel,CCRCC-TCGA-HEL,classification,CCRCC-TCGA-HEL classification target,image,classification,not_reported,linear classifier on frozen GPFM embeddings,auroc,higher,linear classifier on frozen GPFM embeddings; embedding=frozen GPFM patch embeddings; magnification=source-defined,https://www.nature.com/articles/s41551-025-01488-4,parsed_primary_source,1
gpfm.nbe2025.roi_classification.ccrcc_tcga_hel.balanced_accuracy,gpfm_primary,ccrcc-tcga-hel,CCRCC-TCGA-HEL,classification,CCRCC-TCGA-HEL classification target,image,classification,not_reported,linear classifier on frozen GPFM embeddings,balanced_accuracy,higher,linear classifier on frozen GPFM embeddings; embedding=frozen GPFM patch embeddings; magnification=source-defined,https://www.nature.com/articles/s41551-025-01488-4,parsed_primary_source,1
gpfm.nbe2025.roi_classification.ccrcc_tcga_hel.weighted_f1,gpfm_primary,ccrcc-tcga-hel,CCRCC-TCGA-HEL,classification,CCRCC-TCGA-HEL classification target,image,classification,not_reported,linear classifier on frozen GPFM embeddings,weighted_f1,higher,linear classifier on frozen GPFM embeddings; embedding=frozen GPFM patch embeddings; magnification=source-defined,https://www.nature.com/articles/s41551-025-01488-4,parsed_primary_source,1
gpfm.nbe2025.roi_classification.chaoyang.auroc,gpfm_primary,chaoyang,Chaoyang,classification,Chaoyang classification target,image,classification,not_reported,linear classifier on frozen GPFM embeddings,auroc,higher,linear classifier on frozen GPFM embeddings; embedding=frozen GPFM patch embeddings; magnification=source-defined,https://www.nature.com/articles/s41551-025-01488-4,parsed_primary_source,1
gpfm.nbe2025.roi_classification.chaoyang.balanced_accuracy,gpfm_primary,chaoyang,Chaoyang,classification,Chaoyang classification target,image,classification,not_reported,linear classifier on frozen GPFM embeddings,balanced_accuracy,higher,linear classifier on frozen GPFM embeddings; embedding=frozen GPFM patch embeddings; magnification=source-defined,https://www.nature.com/articles/s41551-025-01488-4,parsed_primary_source,1
gpfm.nbe2025.roi_classification.chaoyang.weighted_f1,gpfm_primary,chaoyang,Chaoyang,classification,Chaoyang classification target,image,classification,not_reported,linear classifier on frozen GPFM embeddings,weighted_f1,higher,linear classifier on frozen GPFM embeddings; embedding=frozen GPFM patch embeddings; magnification=source-defined,https://www.nature.com/articles/s41551-025-01488-4,parsed_primary_source,1
gpfm.nbe2025.roi_classification.crc100.auroc,gpfm_primary,crc,crc classification,classification,CRC-100K nine-class tissue label,image,classification,not_reported,linear classifier on frozen GPFM embeddings,auroc,higher,linear classifier on frozen GPFM embeddings; embedding=frozen GPFM patch embeddings; magnification=source-defined,https://www.nature.com/articles/s41551-025-01488-4,parsed_primary_source,1
gpfm.nbe2025.roi_classification.crc100.balanced_accuracy,gpfm_primary,crc,crc classification,classification,CRC-100K nine-class tissue label,image,classification,not_reported,linear classifier on frozen GPFM embeddings,balanced_accuracy,higher,linear classifier on frozen GPFM embeddings; embedding=frozen GPFM patch embeddings; magnification=source-defined,https://www.nature.com/articles/s41551-025-01488-4,parsed_primary_source,1
gpfm.nbe2025.roi_classification.crc100.weighted_f1,gpfm_primary,crc,crc classification,classification,CRC-100K nine-class tissue label,image,classification,not_reported,linear classifier on frozen GPFM embeddings,weighted_f1,higher,linear classifier on frozen GPFM embeddings; embedding=frozen GPFM patch embeddings; magnification=source-defined,https://www.nature.com/articles/s41551-025-01488-4,parsed_primary_source,1
gpfm.nbe2025.roi_classification.crc_msi.auroc,gpfm_primary,crc-msi,CRC-MSI,classification,CRC-MSI classification target,image,classification,not_reported,linear classifier on frozen GPFM embeddings,auroc,higher,linear classifier on frozen GPFM embeddings; embedding=frozen GPFM patch embeddings; magnification=source-defined,https://www.nature.com/articles/s41551-025-01488-4,parsed_primary_source,1
gpfm.nbe2025.roi_classification.crc_msi.balanced_accuracy,gpfm_primary,crc-msi,CRC-MSI,classification,CRC-MSI classification target,image,classification,not_reported,linear classifier on frozen GPFM embeddings,balanced_accuracy,higher,linear classifier on frozen GPFM embeddings; embedding=frozen GPFM patch embeddings; magnification=source-defined,https://www.nature.com/articles/s41551-025-01488-4,parsed_primary_source,1
gpfm.nbe2025.roi_classification.crc_msi.weighted_f1,gpfm_primary,crc-msi,CRC-MSI,classification,CRC-MSI classification target,image,classification,not_reported,linear classifier on frozen GPFM embeddings,weighted_f1,higher,linear classifier on frozen GPFM embeddings; embedding=frozen GPFM patch embeddings; magnification=source-defined,https://www.nature.com/articles/s41551-025-01488-4,parsed_primary_source,1
gpfm.nbe2025.roi_classification.esca.auroc,gpfm_primary,esca,ESCA,classification,ESCA classification target,image,classification,not_reported,linear classifier on frozen GPFM embeddings,auroc,higher,linear classifier on frozen GPFM embeddings; embedding=frozen GPFM patch embeddings; magnification=source-defined,https://www.nature.com/articles/s41551-025-01488-4,parsed_primary_source,1
gpfm.nbe2025.roi_classification.esca.balanced_accuracy,gpfm_primary,esca,ESCA,classification,ESCA classification target,image,classification,not_reported,linear classifier on frozen GPFM embeddings,balanced_accuracy,higher,linear classifier on frozen GPFM embeddings; embedding=frozen GPFM patch embeddings; magnification=source-defined,https://www.nature.com/articles/s41551-025-01488-4,parsed_primary_source,1
gpfm.nbe2025.roi_classification.esca.weighted_f1,gpfm_primary,esca,ESCA,classification,ESCA classification target,image,classification,not_reported,linear classifier on frozen GPFM embeddings,weighted_f1,higher,linear classifier on frozen GPFM embeddings; embedding=frozen GPFM patch embeddings; magnification=source-defined,https://www.nature.com/articles/s41551-025-01488-4,parsed_primary_source,1
gpfm.nbe2025.roi_classification.gashisdb.auroc,gpfm_primary,gashisdb,GasHisDB,classification,GasHisDB classification target,image,classification,not_reported,linear classifier on frozen GPFM embeddings,auroc,higher,linear classifier on frozen GPFM embeddings; embedding=frozen GPFM patch embeddings; magnification=source-defined,https://www.nature.com/articles/s41551-025-01488-4,parsed_primary_source,1
gpfm.nbe2025.roi_classification.gashisdb.balanced_accuracy,gpfm_primary,gashisdb,GasHisDB,classification,GasHisDB classification target,image,classification,not_reported,linear classifier on frozen GPFM embeddings,balanced_accuracy,higher,linear classifier on frozen GPFM embeddings; embedding=frozen GPFM patch embeddings; magnification=source-defined,https://www.nature.com/articles/s41551-025-01488-4,parsed_primary_source,1
gpfm.nbe2025.roi_classification.gashisdb.weighted_f1,gpfm_primary,gashisdb,GasHisDB,classification,GasHisDB classification target,image,classification,not_reported,linear classifier on frozen GPFM embeddings,weighted_f1,higher,linear classifier on frozen GPFM embeddings; embedding=frozen GPFM patch embeddings; magnification=source-defined,https://www.nature.com/articles/s41551-025-01488-4,parsed_primary_source,1
gpfm.nbe2025.roi_classification.pancancer_tcga.auroc,gpfm_primary,pancancer-tcga,PanCancer-TCGA,classification,PanCancer-TCGA classification target,image,classification,not_reported,linear classifier on frozen GPFM embeddings,auroc,higher,linear classifier on frozen GPFM embeddings; embedding=frozen GPFM patch embeddings; magnification=source-defined,https://www.nature.com/articles/s41551-025-01488-4,parsed_primary_source,1
gpfm.nbe2025.roi_classification.pancancer_tcga.balanced_accuracy,gpfm_primary,pancancer-tcga,PanCancer-TCGA,classification,PanCancer-TCGA classification target,image,classification,not_reported,linear classifier on frozen GPFM embeddings,balanced_accuracy,higher,linear classifier on frozen GPFM embeddings; embedding=frozen GPFM patch embeddings; magnification=source-defined,https://www.nature.com/articles/s41551-025-01488-4,parsed_primary_source,1
gpfm.nbe2025.roi_classification.pancancer_tcga.weighted_f1,gpfm_primary,pancancer-tcga,PanCancer-TCGA,classification,PanCancer-TCGA classification target,image,classification,not_reported,linear classifier on frozen GPFM embeddings,weighted_f1,higher,linear classifier on frozen GPFM embeddings; embedding=frozen GPFM patch embeddings; magnification=source-defined,https://www.nature.com/articles/s41551-025-01488-4,parsed_primary_source,1
gpfm.nbe2025.roi_classification.pancancer_til.auroc,gpfm_primary,pancancer-til,PanCancer-TIL,classification,PanCancer-TIL classification target,image,classification,not_reported,linear classifier on frozen GPFM embeddings,auroc,higher,linear classifier on frozen GPFM embeddings; embedding=frozen GPFM patch embeddings; magnification=source-defined,https://www.nature.com/articles/s41551-025-01488-4,parsed_primary_source,1
gpfm.nbe2025.roi_classification.pancancer_til.balanced_accuracy,gpfm_primary,pancancer-til,PanCancer-TIL,classification,PanCancer-TIL classification target,image,classification,not_reported,linear classifier on frozen GPFM embeddings,balanced_accuracy,higher,linear classifier on frozen GPFM embeddings; embedding=frozen GPFM patch embeddings; magnification=source-defined,https://www.nature.com/articles/s41551-025-01488-4,parsed_primary_source,1
gpfm.nbe2025.roi_classification.pancancer_til.weighted_f1,gpfm_primary,pancancer-til,PanCancer-TIL,classification,PanCancer-TIL classification target,image,classification,not_reported,linear classifier on frozen GPFM embeddings,weighted_f1,higher,linear classifier on frozen GPFM embeddings; embedding=frozen GPFM patch embeddings; magnification=source-defined,https://www.nature.com/articles/s41551-025-01488-4,parsed_primary_source,1
gpfm.nbe2025.roi_classification.pcam.auroc,gpfm_primary,patch_camelyon,patch_camelyon classification,classification,PatchCamelyon binary metastatic-tissue label,image,classification,not_reported,linear classifier on frozen GPFM embeddings,auroc,higher,linear classifier on frozen GPFM embeddings; embedding=frozen GPFM patch embeddings; magnification=source-defined,https://www.nature.com/articles/s41551-025-01488-4,parsed_primary_source,1
gpfm.nbe2025.roi_classification.pcam.balanced_accuracy,gpfm_primary,patch_camelyon,patch_camelyon classification,classification,PatchCamelyon binary metastatic-tissue label,image,classification,not_reported,linear classifier on frozen GPFM embeddings,balanced_accuracy,higher,linear classifier on frozen GPFM embeddings; embedding=frozen GPFM patch embeddings; magnification=source-defined,https://www.nature.com/articles/s41551-025-01488-4,parsed_primary_source,1
gpfm.nbe2025.roi_classification.pcam.weighted_f1,gpfm_primary,patch_camelyon,patch_camelyon classification,classification,PatchCamelyon binary metastatic-tissue label,image,classification,not_reported,linear classifier on frozen GPFM embeddings,weighted_f1,higher,linear classifier on frozen GPFM embeddings; embedding=frozen GPFM patch embeddings; magnification=source-defined,https://www.nature.com/articles/s41551-025-01488-4,parsed_primary_source,1
gpfm.nbe2025.roi_classification.unitopatho.auroc,gpfm_primary,unitopatho,unitopatho classification,classification,unitopatho classification target,image,classification,not_reported,linear classifier on frozen GPFM embeddings,auroc,higher,linear classifier on frozen GPFM embeddings; embedding=frozen GPFM patch embeddings; magnification=source-defined,https://www.nature.com/articles/s41551-025-01488-4,parsed_primary_source,1
gpfm.nbe2025.roi_classification.unitopatho.balanced_accuracy,gpfm_primary,unitopatho,unitopatho classification,classification,unitopatho classification target,image,classification,not_reported,linear classifier on frozen GPFM embeddings,balanced_accuracy,higher,linear classifier on frozen GPFM embeddings; embedding=frozen GPFM patch embeddings; magnification=source-defined,https://www.nature.com/articles/s41551-025-01488-4,parsed_primary_source,1
gpfm.nbe2025.roi_classification.unitopatho.weighted_f1,gpfm_primary,unitopatho,unitopatho classification,classification,unitopatho classification target,image,classification,not_reported,linear classifier on frozen GPFM embeddings,weighted_f1,higher,linear classifier on frozen GPFM embeddings; embedding=frozen GPFM patch embeddings; magnification=source-defined,https://www.nature.com/articles/s41551-025-01488-4,parsed_primary_source,1
gpfm.nbe2025.roi_classification.wsss4luad.auroc,gpfm_primary,wsss4luad,WSSS4LUAD,classification,WSSS4LUAD classification target,image,classification,not_reported,linear classifier on frozen GPFM embeddings,auroc,higher,linear classifier on frozen GPFM embeddings; embedding=frozen GPFM patch embeddings; magnification=source-defined,https://www.nature.com/articles/s41551-025-01488-4,parsed_primary_source,1
gpfm.nbe2025.roi_classification.wsss4luad.balanced_accuracy,gpfm_primary,wsss4luad,WSSS4LUAD,classification,WSSS4LUAD classification target,image,classification,not_reported,linear classifier on frozen GPFM embeddings,balanced_accuracy,higher,linear classifier on frozen GPFM embeddings; embedding=frozen GPFM patch embeddings; magnification=source-defined,https://www.nature.com/articles/s41551-025-01488-4,parsed_primary_source,1
gpfm.nbe2025.roi_classification.wsss4luad.weighted_f1,gpfm_primary,wsss4luad,WSSS4LUAD,classification,WSSS4LUAD classification target,image,classification,not_reported,linear classifier on frozen GPFM embeddings,weighted_f1,higher,linear classifier on frozen GPFM embeddings; embedding=frozen GPFM patch embeddings; magnification=source-defined,https://www.nature.com/articles/s41551-025-01488-4,parsed_primary_source,1
gpfm.nbe2025.roi_retrieval.crc_100k_retrieval.top1_accuracy,gpfm_primary,crc-100k-retrieval,CRC-100K retrieval,image-retrieval,CRC-100K retrieval image retrieval target,image,image-retrieval,not_reported,cosine nearest-neighbour retrieval on frozen GPFM embeddings,top1_accuracy,higher,cosine nearest-neighbour retrieval on frozen GPFM embeddings; embedding=frozen GPFM patch embeddings; magnification=source-defined,https://www.nature.com/articles/s41551-025-01488-4,parsed_primary_source,1
gpfm.nbe2025.roi_retrieval.crc_100k_retrieval.top3_accuracy,gpfm_primary,crc-100k-retrieval,CRC-100K retrieval,image-retrieval,CRC-100K retrieval image retrieval target,image,image-retrieval,not_reported,cosine nearest-neighbour retrieval on frozen GPFM embeddings,top3_accuracy,higher,cosine nearest-neighbour retrieval on frozen GPFM embeddings; embedding=frozen GPFM patch embeddings; magnification=source-defined,https://www.nature.com/articles/s41551-025-01488-4,parsed_primary_source,1
gpfm.nbe2025.roi_retrieval.crc_100k_retrieval.top5_accuracy,gpfm_primary,crc-100k-retrieval,CRC-100K retrieval,image-retrieval,CRC-100K retrieval image retrieval target,image,image-retrieval,not_reported,cosine nearest-neighbour retrieval on frozen GPFM embeddings,top5_accuracy,higher,cosine nearest-neighbour retrieval on frozen GPFM embeddings; embedding=frozen GPFM patch embeddings; magnification=source-defined,https://www.nature.com/articles/s41551-025-01488-4,parsed_primary_source,1
gpfm.nbe2025.survival_analysis.cptac_luad.c_index,gpfm_primary,cptac-luad,CPTAC-LUAD,survival,survival risk,slide,survival,not_reported,two-layer ABMIL survival head on frozen GPFM embeddings,c_index,higher,two-layer ABMIL survival head on frozen GPFM embeddings; embedding=frozen GPFM patch embeddings; magnification=source-defined,https://www.nature.com/articles/s41551-025-01488-4,parsed_primary_source,1
gpfm.nbe2025.survival_analysis.hancock.c_index,gpfm_primary,hancock,HANCOCK,survival,survival risk,slide,survival,not_reported,two-layer ABMIL survival head on frozen GPFM embeddings,c_index,higher,two-layer ABMIL survival head on frozen GPFM embeddings; embedding=frozen GPFM patch embeddings; magnification=source-defined,https://www.nature.com/articles/s41551-025-01488-4,parsed_primary_source,1
gpfm.nbe2025.survival_analysis.tcga_blca.c_index,gpfm_primary,tcga-blca,TCGA-BLCA,survival,survival risk,slide,survival,not_reported,two-layer ABMIL survival head on frozen GPFM embeddings,c_index,higher,two-layer ABMIL survival head on frozen GPFM embeddings; embedding=frozen GPFM patch embeddings; magnification=source-defined,https://www.nature.com/articles/s41551-025-01488-4,parsed_primary_source,1
gpfm.nbe2025.survival_analysis.tcga_brca.c_index,gpfm_primary,tcga-brca,TCGA-BRCA,survival,survival risk,slide,survival,not_reported,two-layer ABMIL survival head on frozen GPFM embeddings,c_index,higher,two-layer ABMIL survival head on frozen GPFM embeddings; embedding=frozen GPFM patch embeddings; magnification=source-defined,https://www.nature.com/articles/s41551-025-01488-4,parsed_primary_source,1
gpfm.nbe2025.survival_analysis.tcga_cesc.c_index,gpfm_primary,tcga-cesc,TCGA-CESC,survival,survival risk,slide,survival,not_reported,two-layer ABMIL survival head on frozen GPFM embeddings,c_index,higher,two-layer ABMIL survival head on frozen GPFM embeddings; embedding=frozen GPFM patch embeddings; magnification=source-defined,https://www.nature.com/articles/s41551-025-01488-4,parsed_primary_source,1
gpfm.nbe2025.survival_analysis.tcga_coadread.c_index,gpfm_primary,tcga-coadread,TCGA-COADREAD,survival,survival risk,slide,survival,not_reported,two-layer ABMIL survival head on frozen GPFM embeddings,c_index,higher,two-layer ABMIL survival head on frozen GPFM embeddings; embedding=frozen GPFM patch embeddings; magnification=source-defined,https://www.nature.com/articles/s41551-025-01488-4,parsed_primary_source,1
gpfm.nbe2025.survival_analysis.tcga_gbm.c_index,gpfm_primary,tcga-gbm,TCGA-GBM,survival,survival risk,slide,survival,not_reported,two-layer ABMIL survival head on frozen GPFM embeddings,c_index,higher,two-layer ABMIL survival head on frozen GPFM embeddings; embedding=frozen GPFM patch embeddings; magnification=source-defined,https://www.nature.com/articles/s41551-025-01488-4,parsed_primary_source,1
gpfm.nbe2025.survival_analysis.tcga_hnsc.c_index,gpfm_primary,tcga-hnsc,TCGA-HNSC,survival,survival risk,slide,survival,not_reported,two-layer ABMIL survival head on frozen GPFM embeddings,c_index,higher,two-layer ABMIL survival head on frozen GPFM embeddings; embedding=frozen GPFM patch embeddings; magnification=source-defined,https://www.nature.com/articles/s41551-025-01488-4,parsed_primary_source,1
gpfm.nbe2025.survival_analysis.tcga_kirc.c_index,gpfm_primary,tcga-kirc,TCGA-KIRC,survival,survival risk,slide,survival,not_reported,two-layer ABMIL survival head on frozen GPFM embeddings,c_index,higher,two-layer ABMIL survival head on frozen GPFM embeddings; embedding=frozen GPFM patch embeddings; magnification=source-defined,https://www.nature.com/articles/s41551-025-01488-4,parsed_primary_source,1
gpfm.nbe2025.survival_analysis.tcga_kirp.c_index,gpfm_primary,tcga-kirp,TCGA-KIRP,survival,survival risk,slide,survival,not_reported,two-layer ABMIL survival head on frozen GPFM embeddings,c_index,higher,two-layer ABMIL survival head on frozen GPFM embeddings; embedding=frozen GPFM patch embeddings; magnification=source-defined,https://www.nature.com/articles/s41551-025-01488-4,parsed_primary_source,1
gpfm.nbe2025.survival_analysis.tcga_lgg.c_index,gpfm_primary,tcga-lgg,TCGA-LGG,survival,survival risk,slide,survival,not_reported,two-layer ABMIL survival head on frozen GPFM embeddings,c_index,higher,two-layer ABMIL survival head on frozen GPFM embeddings; embedding=frozen GPFM patch embeddings; magnification=source-defined,https://www.nature.com/articles/s41551-025-01488-4,parsed_primary_source,1
gpfm.nbe2025.survival_analysis.tcga_luad.c_index,gpfm_primary,tcga-luad,TCGA-LUAD,survival,survival risk,slide,survival,not_reported,two-layer ABMIL survival head on frozen GPFM embeddings,c_index,higher,two-layer ABMIL survival head on frozen GPFM embeddings; embedding=frozen GPFM patch embeddings; magnification=source-defined,https://www.nature.com/articles/s41551-025-01488-4,parsed_primary_source,1
gpfm.nbe2025.survival_analysis.tcga_lusc.c_index,gpfm_primary,tcga-lusc,TCGA-LUSC,survival,survival risk,slide,survival,not_reported,two-layer ABMIL survival head on frozen GPFM embeddings,c_index,higher,two-layer ABMIL survival head on frozen GPFM embeddings; embedding=frozen GPFM patch embeddings; magnification=source-defined,https://www.nature.com/articles/s41551-025-01488-4,parsed_primary_source,1
gpfm.nbe2025.survival_analysis.tcga_skcm.c_index,gpfm_primary,tcga-skcm,TCGA-SKCM,survival,survival risk,slide,survival,not_reported,two-layer ABMIL survival head on frozen GPFM embeddings,c_index,higher,two-layer ABMIL survival head on frozen GPFM embeddings; embedding=frozen GPFM patch embeddings; magnification=source-defined,https://www.nature.com/articles/s41551-025-01488-4,parsed_primary_source,1
gpfm.nbe2025.survival_analysis.tcga_stad.c_index,gpfm_primary,tcga-stad,TCGA-STAD,survival,survival risk,slide,survival,not_reported,two-layer ABMIL survival head on frozen GPFM embeddings,c_index,higher,two-layer ABMIL survival head on frozen GPFM embeddings; embedding=frozen GPFM patch embeddings; magnification=source-defined,https://www.nature.com/articles/s41551-025-01488-4,parsed_primary_source,1
gpfm.nbe2025.wsi_classification.bracs_3.auroc,gpfm_primary,bracs,slidelevel_coarse,morphological_subtyping,slidelevel_coarse,slide,classification,547,two-layer ABMIL on frozen GPFM embeddings,auroc,higher,two-layer ABMIL on frozen GPFM embeddings; embedding=frozen GPFM patch embeddings; magnification=source-defined,https://www.nature.com/articles/s41551-025-01488-4,parsed_primary_source,1
gpfm.nbe2025.wsi_classification.bracs_3.balanced_accuracy,gpfm_primary,bracs,slidelevel_coarse,morphological_subtyping,slidelevel_coarse,slide,classification,547,two-layer ABMIL on frozen GPFM embeddings,balanced_accuracy,higher,two-layer ABMIL on frozen GPFM embeddings; embedding=frozen GPFM patch embeddings; magnification=source-defined,https://www.nature.com/articles/s41551-025-01488-4,parsed_primary_source,1
gpfm.nbe2025.wsi_classification.bracs_3.weighted_f1,gpfm_primary,bracs,slidelevel_coarse,morphological_subtyping,slidelevel_coarse,slide,classification,547,two-layer ABMIL on frozen GPFM embeddings,weighted_f1,higher,two-layer ABMIL on frozen GPFM embeddings; embedding=frozen GPFM patch embeddings; magnification=source-defined,https://www.nature.com/articles/s41551-025-01488-4,parsed_primary_source,1
gpfm.nbe2025.wsi_classification.brcas7.auroc,gpfm_primary,bracs,bracs classification,classification,BRACS seven-class lesion label,image,classification,not_reported,two-layer ABMIL on frozen GPFM embeddings,auroc,higher,two-layer ABMIL on frozen GPFM embeddings; embedding=frozen GPFM patch embeddings; magnification=source-defined,https://www.nature.com/articles/s41551-025-01488-4,parsed_primary_source,1
gpfm.nbe2025.wsi_classification.brcas7.balanced_accuracy,gpfm_primary,bracs,bracs classification,classification,BRACS seven-class lesion label,image,classification,not_reported,two-layer ABMIL on frozen GPFM embeddings,balanced_accuracy,higher,two-layer ABMIL on frozen GPFM embeddings; embedding=frozen GPFM patch embeddings; magnification=source-defined,https://www.nature.com/articles/s41551-025-01488-4,parsed_primary_source,1
gpfm.nbe2025.wsi_classification.brcas7.weighted_f1,gpfm_primary,bracs,bracs classification,classification,BRACS seven-class lesion label,image,classification,not_reported,two-layer ABMIL on frozen GPFM embeddings,weighted_f1,higher,two-layer ABMIL on frozen GPFM embeddings; embedding=frozen GPFM patch embeddings; magnification=source-defined,https://www.nature.com/articles/s41551-025-01488-4,parsed_primary_source,1
gpfm.nbe2025.wsi_classification.camelyon.auroc,gpfm_primary,camelyon16,Cam16 EVA classification/segmentation,classification,Cam16 class label,slide,classification,not_reported,two-layer ABMIL on frozen GPFM embeddings,auroc,higher,two-layer ABMIL on frozen GPFM embeddings; embedding=frozen GPFM patch embeddings; magnification=source-defined,https://www.nature.com/articles/s41551-025-01488-4,parsed_primary_source,1
gpfm.nbe2025.wsi_classification.camelyon.balanced_accuracy,gpfm_primary,camelyon16,Cam16 EVA classification/segmentation,classification,Cam16 class label,slide,classification,not_reported,two-layer ABMIL on frozen GPFM embeddings,balanced_accuracy,higher,two-layer ABMIL on frozen GPFM embeddings; embedding=frozen GPFM patch embeddings; magnification=source-defined,https://www.nature.com/articles/s41551-025-01488-4,parsed_primary_source,1
gpfm.nbe2025.wsi_classification.camelyon.weighted_f1,gpfm_primary,camelyon16,Cam16 EVA classification/segmentation,classification,Cam16 class label,slide,classification,not_reported,two-layer ABMIL on frozen GPFM embeddings,weighted_f1,higher,two-layer ABMIL on frozen GPFM embeddings; embedding=frozen GPFM patch embeddings; magnification=source-defined,https://www.nature.com/articles/s41551-025-01488-4,parsed_primary_source,1
gpfm.nbe2025.wsi_classification.cptac_nsclc.auroc,gpfm_primary,cptac-nsclc,CPTAC-NSCLC,classification,CPTAC-NSCLC classification target,slide,classification,not_reported,two-layer ABMIL on frozen GPFM embeddings,auroc,higher,two-layer ABMIL on frozen GPFM embeddings; embedding=frozen GPFM patch embeddings; magnification=source-defined,https://www.nature.com/articles/s41551-025-01488-4,parsed_primary_source,1
gpfm.nbe2025.wsi_classification.cptac_nsclc.balanced_accuracy,gpfm_primary,cptac-nsclc,CPTAC-NSCLC,classification,CPTAC-NSCLC classification target,slide,classification,not_reported,two-layer ABMIL on frozen GPFM embeddings,balanced_accuracy,higher,two-layer ABMIL on frozen GPFM embeddings; embedding=frozen GPFM patch embeddings; magnification=source-defined,https://www.nature.com/articles/s41551-025-01488-4,parsed_primary_source,1
gpfm.nbe2025.wsi_classification.cptac_nsclc.weighted_f1,gpfm_primary,cptac-nsclc,CPTAC-NSCLC,classification,CPTAC-NSCLC classification target,slide,classification,not_reported,two-layer ABMIL on frozen GPFM embeddings,weighted_f1,higher,two-layer ABMIL on frozen GPFM embeddings; embedding=frozen GPFM patch embeddings; magnification=source-defined,https://www.nature.com/articles/s41551-025-01488-4,parsed_primary_source,1
gpfm.nbe2025.wsi_classification.idh1_tcga.auroc,gpfm_primary,idh1-tcga,IDH1_TCGA,classification,IDH1_TCGA classification target,slide,classification,not_reported,two-layer ABMIL on frozen GPFM embeddings,auroc,higher,two-layer ABMIL on frozen GPFM embeddings; embedding=frozen GPFM patch embeddings; magnification=source-defined,https://www.nature.com/articles/s41551-025-01488-4,parsed_primary_source,1
gpfm.nbe2025.wsi_classification.idh1_tcga.balanced_accuracy,gpfm_primary,idh1-tcga,IDH1_TCGA,classification,IDH1_TCGA classification target,slide,classification,not_reported,two-layer ABMIL on frozen GPFM embeddings,balanced_accuracy,higher,two-layer ABMIL on frozen GPFM embeddings; embedding=frozen GPFM patch embeddings; magnification=source-defined,https://www.nature.com/articles/s41551-025-01488-4,parsed_primary_source,1
gpfm.nbe2025.wsi_classification.idh1_tcga.weighted_f1,gpfm_primary,idh1-tcga,IDH1_TCGA,classification,IDH1_TCGA classification target,slide,classification,not_reported,two-layer ABMIL on frozen GPFM embeddings,weighted_f1,higher,two-layer ABMIL on frozen GPFM embeddings; embedding=frozen GPFM patch embeddings; magnification=source-defined,https://www.nature.com/articles/s41551-025-01488-4,parsed_primary_source,1
gpfm.nbe2025.wsi_classification.imp.auroc,gpfm_primary,imp,IMP,classification,IMP classification target,slide,classification,not_reported,two-layer ABMIL on frozen GPFM embeddings,auroc,higher,two-layer ABMIL on frozen GPFM embeddings; embedding=frozen GPFM patch embeddings; magnification=source-defined,https://www.nature.com/articles/s41551-025-01488-4,parsed_primary_source,1
gpfm.nbe2025.wsi_classification.imp.balanced_accuracy,gpfm_primary,imp,IMP,classification,IMP classification target,slide,classification,not_reported,two-layer ABMIL on frozen GPFM embeddings,balanced_accuracy,higher,two-layer ABMIL on frozen GPFM embeddings; embedding=frozen GPFM patch embeddings; magnification=source-defined,https://www.nature.com/articles/s41551-025-01488-4,parsed_primary_source,1
gpfm.nbe2025.wsi_classification.imp.weighted_f1,gpfm_primary,imp,IMP,classification,IMP classification target,slide,classification,not_reported,two-layer ABMIL on frozen GPFM embeddings,weighted_f1,higher,two-layer ABMIL on frozen GPFM embeddings; embedding=frozen GPFM patch embeddings; magnification=source-defined,https://www.nature.com/articles/s41551-025-01488-4,parsed_primary_source,1
gpfm.nbe2025.wsi_classification.lauren_tcga_stad.auroc,gpfm_primary,lauren-tcga-stad,Lauren-TCGA-STAD,classification,Lauren-TCGA-STAD classification target,slide,classification,not_reported,two-layer ABMIL on frozen GPFM embeddings,auroc,higher,two-layer ABMIL on frozen GPFM embeddings; embedding=frozen GPFM patch embeddings; magnification=source-defined,https://www.nature.com/articles/s41551-025-01488-4,parsed_primary_source,1
gpfm.nbe2025.wsi_classification.lauren_tcga_stad.balanced_accuracy,gpfm_primary,lauren-tcga-stad,Lauren-TCGA-STAD,classification,Lauren-TCGA-STAD classification target,slide,classification,not_reported,two-layer ABMIL on frozen GPFM embeddings,balanced_accuracy,higher,two-layer ABMIL on frozen GPFM embeddings; embedding=frozen GPFM patch embeddings; magnification=source-defined,https://www.nature.com/articles/s41551-025-01488-4,parsed_primary_source,1
gpfm.nbe2025.wsi_classification.lauren_tcga_stad.weighted_f1,gpfm_primary,lauren-tcga-stad,Lauren-TCGA-STAD,classification,Lauren-TCGA-STAD classification target,slide,classification,not_reported,two-layer ABMIL on frozen GPFM embeddings,weighted_f1,higher,two-layer ABMIL on frozen GPFM embeddings; embedding=frozen GPFM patch embeddings; magnification=source-defined,https://www.nature.com/articles/s41551-025-01488-4,parsed_primary_source,1
gpfm.nbe2025.wsi_classification.panda.auroc,gpfm_primary,panda,PANDA EVA classification/segmentation,classification,PANDA class label,slide,classification,not_reported,two-layer ABMIL on frozen GPFM embeddings,auroc,higher,two-layer ABMIL on frozen GPFM embeddings; embedding=frozen GPFM patch embeddings; magnification=source-defined,https://www.nature.com/articles/s41551-025-01488-4,parsed_primary_source,1
gpfm.nbe2025.wsi_classification.panda.balanced_accuracy,gpfm_primary,panda,PANDA EVA classification/segmentation,classification,PANDA class label,slide,classification,not_reported,two-layer ABMIL on frozen GPFM embeddings,balanced_accuracy,higher,two-layer ABMIL on frozen GPFM embeddings; embedding=frozen GPFM patch embeddings; magnification=source-defined,https://www.nature.com/articles/s41551-025-01488-4,parsed_primary_source,1
gpfm.nbe2025.wsi_classification.panda.weighted_f1,gpfm_primary,panda,PANDA EVA classification/segmentation,classification,PANDA class label,slide,classification,not_reported,two-layer ABMIL on frozen GPFM embeddings,weighted_f1,higher,two-layer ABMIL on frozen GPFM embeddings; embedding=frozen GPFM patch embeddings; magnification=source-defined,https://www.nature.com/articles/s41551-025-01488-4,parsed_primary_source,1
gpfm.nbe2025.wsi_classification.tcga_brca_idc_ilc.auroc,gpfm_primary,tcga-brca-idc-ilc,TCGA-BRCA_IDC_ILC,classification,TCGA-BRCA_IDC_ILC classification target,slide,classification,not_reported,two-layer ABMIL on frozen GPFM embeddings,auroc,higher,two-layer ABMIL on frozen GPFM embeddings; embedding=frozen GPFM patch embeddings; magnification=source-defined,https://www.nature.com/articles/s41551-025-01488-4,parsed_primary_source,1
gpfm.nbe2025.wsi_classification.tcga_brca_idc_ilc.balanced_accuracy,gpfm_primary,tcga-brca-idc-ilc,TCGA-BRCA_IDC_ILC,classification,TCGA-BRCA_IDC_ILC classification target,slide,classification,not_reported,two-layer ABMIL on frozen GPFM embeddings,balanced_accuracy,higher,two-layer ABMIL on frozen GPFM embeddings; embedding=frozen GPFM patch embeddings; magnification=source-defined,https://www.nature.com/articles/s41551-025-01488-4,parsed_primary_source,1
gpfm.nbe2025.wsi_classification.tcga_brca_idc_ilc.weighted_f1,gpfm_primary,tcga-brca-idc-ilc,TCGA-BRCA_IDC_ILC,classification,TCGA-BRCA_IDC_ILC classification target,slide,classification,not_reported,two-layer ABMIL on frozen GPFM embeddings,weighted_f1,higher,two-layer ABMIL on frozen GPFM embeddings; embedding=frozen GPFM patch embeddings; magnification=source-defined,https://www.nature.com/articles/s41551-025-01488-4,parsed_primary_source,1
gpfm.nbe2025.wsi_classification.tcga_gbmlgg.auroc,gpfm_primary,tcga-gbmlgg,TCGA-GBMLGG,classification,TCGA-GBMLGG classification target,slide,classification,not_reported,two-layer ABMIL on frozen GPFM embeddings,auroc,higher,two-layer ABMIL on frozen GPFM embeddings; embedding=frozen GPFM patch embeddings; magnification=source-defined,https://www.nature.com/articles/s41551-025-01488-4,parsed_primary_source,1
gpfm.nbe2025.wsi_classification.tcga_gbmlgg.balanced_accuracy,gpfm_primary,tcga-gbmlgg,TCGA-GBMLGG,classification,TCGA-GBMLGG classification target,slide,classification,not_reported,two-layer ABMIL on frozen GPFM embeddings,balanced_accuracy,higher,two-layer ABMIL on frozen GPFM embeddings; embedding=frozen GPFM patch embeddings; magnification=source-defined,https://www.nature.com/articles/s41551-025-01488-4,parsed_primary_source,1
gpfm.nbe2025.wsi_classification.tcga_gbmlgg.weighted_f1,gpfm_primary,tcga-gbmlgg,TCGA-GBMLGG,classification,TCGA-GBMLGG classification target,slide,classification,not_reported,two-layer ABMIL on frozen GPFM embeddings,weighted_f1,higher,two-layer ABMIL on frozen GPFM embeddings; embedding=frozen GPFM patch embeddings; magnification=source-defined,https://www.nature.com/articles/s41551-025-01488-4,parsed_primary_source,1
gpfm.nbe2025.wsi_classification.tcga_nsclc.auroc,gpfm_primary,tcga-nsclc,TCGA-NSCLC,classification,TCGA-NSCLC classification target,slide,classification,not_reported,two-layer ABMIL on frozen GPFM embeddings,auroc,higher,two-layer ABMIL on frozen GPFM embeddings; embedding=frozen GPFM patch embeddings; magnification=source-defined,https://www.nature.com/articles/s41551-025-01488-4,parsed_primary_source,1
gpfm.nbe2025.wsi_classification.tcga_nsclc.balanced_accuracy,gpfm_primary,tcga-nsclc,TCGA-NSCLC,classification,TCGA-NSCLC classification target,slide,classification,not_reported,two-layer ABMIL on frozen GPFM embeddings,balanced_accuracy,higher,two-layer ABMIL on frozen GPFM embeddings; embedding=frozen GPFM patch embeddings; magnification=source-defined,https://www.nature.com/articles/s41551-025-01488-4,parsed_primary_source,1
gpfm.nbe2025.wsi_classification.tcga_nsclc.weighted_f1,gpfm_primary,tcga-nsclc,TCGA-NSCLC,classification,TCGA-NSCLC classification target,slide,classification,not_reported,two-layer ABMIL on frozen GPFM embeddings,weighted_f1,higher,two-layer ABMIL on frozen GPFM embeddings; embedding=frozen GPFM patch embeddings; magnification=source-defined,https://www.nature.com/articles/s41551-025-01488-4,parsed_primary_source,1
gpfm.nbe2025.wsi_classification.tcga_rcc.auroc,gpfm_primary,tcga-rcc,TCGA-RCC,classification,TCGA-RCC classification target,slide,classification,not_reported,two-layer ABMIL on frozen GPFM embeddings,auroc,higher,two-layer ABMIL on frozen GPFM embeddings; embedding=frozen GPFM patch embeddings; magnification=source-defined,https://www.nature.com/articles/s41551-025-01488-4,parsed_primary_source,1
gpfm.nbe2025.wsi_classification.tcga_rcc.balanced_accuracy,gpfm_primary,tcga-rcc,TCGA-RCC,classification,TCGA-RCC classification target,slide,classification,not_reported,two-layer ABMIL on frozen GPFM embeddings,balanced_accuracy,higher,two-layer ABMIL on frozen GPFM embeddings; embedding=frozen GPFM patch embeddings; magnification=source-defined,https://www.nature.com/articles/s41551-025-01488-4,parsed_primary_source,1
gpfm.nbe2025.wsi_classification.tcga_rcc.weighted_f1,gpfm_primary,tcga-rcc,TCGA-RCC,classification,TCGA-RCC classification target,slide,classification,not_reported,two-layer ABMIL on frozen GPFM embeddings,weighted_f1,higher,two-layer ABMIL on frozen GPFM embeddings; embedding=frozen GPFM patch embeddings; magnification=source-defined,https://www.nature.com/articles/s41551-025-01488-4,parsed_primary_source,1
gpfm.nbe2025.wsi_classification.tp53.auroc,gpfm_primary,tp53,TP53,classification,TP53 classification target,slide,classification,not_reported,two-layer ABMIL on frozen GPFM embeddings,auroc,higher,two-layer ABMIL on frozen GPFM embeddings; embedding=frozen GPFM patch embeddings; magnification=source-defined,https://www.nature.com/articles/s41551-025-01488-4,parsed_primary_source,1
gpfm.nbe2025.wsi_classification.tp53.balanced_accuracy,gpfm_primary,tp53,TP53,classification,TP53 classification target,slide,classification,not_reported,two-layer ABMIL on frozen GPFM embeddings,balanced_accuracy,higher,two-layer ABMIL on frozen GPFM embeddings; embedding=frozen GPFM patch embeddings; magnification=source-defined,https://www.nature.com/articles/s41551-025-01488-4,parsed_primary_source,1
gpfm.nbe2025.wsi_classification.tp53.weighted_f1,gpfm_primary,tp53,TP53,classification,TP53 classification target,slide,classification,not_reported,two-layer ABMIL on frozen GPFM embeddings,weighted_f1,higher,two-layer ABMIL on frozen GPFM embeddings; embedding=frozen GPFM patch embeddings; magnification=source-defined,https://www.nature.com/articles/s41551-025-01488-4,parsed_primary_source,1
gpfm.nbe2025.wsi_classification.ubc_ocean.auroc,gpfm_primary,ubc-ocean,UBC-OCEAN,classification,UBC-OCEAN classification target,slide,classification,not_reported,two-layer ABMIL on frozen GPFM embeddings,auroc,higher,two-layer ABMIL on frozen GPFM embeddings; embedding=frozen GPFM patch embeddings; magnification=source-defined,https://www.nature.com/articles/s41551-025-01488-4,parsed_primary_source,1
gpfm.nbe2025.wsi_classification.ubc_ocean.balanced_accuracy,gpfm_primary,ubc-ocean,UBC-OCEAN,classification,UBC-OCEAN classification target,slide,classification,not_reported,two-layer ABMIL on frozen GPFM embeddings,balanced_accuracy,higher,two-layer ABMIL on frozen GPFM embeddings; embedding=frozen GPFM patch embeddings; magnification=source-defined,https://www.nature.com/articles/s41551-025-01488-4,parsed_primary_source,1
gpfm.nbe2025.wsi_classification.ubc_ocean.weighted_f1,gpfm_primary,ubc-ocean,UBC-OCEAN,classification,UBC-OCEAN classification target,slide,classification,not_reported,two-layer ABMIL on frozen GPFM embeddings,weighted_f1,higher,two-layer ABMIL on frozen GPFM embeddings; embedding=frozen GPFM patch embeddings; magnification=source-defined,https://www.nature.com/articles/s41551-025-01488-4,parsed_primary_source,1
hest.ccrcc.gene_expression,hest,ccrcc,CCRCC morphology-to-gene-expression,spatial_transcriptomics,expression of 50 highly variable genes,spatial_transcriptomics_spot,regression,not_reported,ridge_gene_expression_prediction,pearson_r,higher,Predict 50 highly variable genes from 112x112 um morphology regions at 0.5 um/px using ridge regression after PCA to 256 factors.,https://github.com/mahmoodlab/HEST/blob/3ddb5eaf5bd2a8133e0c0e8015816489a3d99dc3/README.md,parsed_primary_source,26
hest.coad.gene_expression,hest,coad,COAD morphology-to-gene-expression,spatial_transcriptomics,expression of 50 highly variable genes,spatial_transcriptomics_spot,regression,not_reported,ridge_gene_expression_prediction,pearson_r,higher,Predict 50 highly variable genes from 112x112 um morphology regions at 0.5 um/px using ridge regression after PCA to 256 factors.,https://github.com/mahmoodlab/HEST/blob/3ddb5eaf5bd2a8133e0c0e8015816489a3d99dc3/README.md,parsed_primary_source,26
hest.h0mini2025.ccrcc.gene_expression,hest,ccrcc,CCRCC morphology-to-gene-expression,spatial_transcriptomics,expression of 50 highly variable genes,spatial_transcriptomics_spot,regression,not_reported,h0mini2025_ridge_gene_expression_cls_mean,pearson_r,higher,H0-mini paper HEST protocol; CLS token concatenated with mean patch token as input embedding; Pearson correlation.,https://arxiv.org/abs/2501.16239v3,parsed_primary_source,2
hest.h0mini2025.coad.gene_expression,hest,coad,COAD morphology-to-gene-expression,spatial_transcriptomics,expression of 50 highly variable genes,spatial_transcriptomics_spot,regression,not_reported,h0mini2025_ridge_gene_expression_cls_mean,pearson_r,higher,H0-mini paper HEST protocol; CLS token concatenated with mean patch token as input embedding; Pearson correlation.,https://arxiv.org/abs/2501.16239v3,parsed_primary_source,2
hest.h0mini2025.idc.gene_expression,hest,idc,IDC morphology-to-gene-expression,spatial_transcriptomics,expression of 50 highly variable genes,spatial_transcriptomics_spot,regression,not_reported,h0mini2025_ridge_gene_expression_cls_mean,pearson_r,higher,H0-mini paper HEST protocol; CLS token concatenated with mean patch token as input embedding; Pearson correlation.,https://arxiv.org/abs/2501.16239v3,parsed_primary_source,2
hest.h0mini2025.lung.gene_expression,hest,lung,LUAD morphology-to-gene-expression,spatial_transcriptomics,expression of 50 highly variable genes,spatial_transcriptomics_spot,regression,not_reported,h0mini2025_ridge_gene_expression_cls_mean,pearson_r,higher,H0-mini paper HEST protocol; CLS token concatenated with mean patch token as input embedding; Pearson correlation.,https://arxiv.org/abs/2501.16239v3,parsed_primary_source,2
hest.h0mini2025.lymph_idc.gene_expression,hest,lymph_idc,L. IDC morphology-to-gene-expression,spatial_transcriptomics,expression of 50 highly variable genes,spatial_transcriptomics_spot,regression,not_reported,h0mini2025_ridge_gene_expression_cls_mean,pearson_r,higher,H0-mini paper HEST protocol; CLS token concatenated with mean patch token as input embedding; Pearson correlation.,https://arxiv.org/abs/2501.16239v3,parsed_primary_source,2
hest.h0mini2025.paad.gene_expression,hest,paad,PAAD morphology-to-gene-expression,spatial_transcriptomics,expression of 50 highly variable genes,spatial_transcriptomics_spot,regression,not_reported,h0mini2025_ridge_gene_expression_cls_mean,pearson_r,higher,H0-mini paper HEST protocol; CLS token concatenated with mean patch token as input embedding; Pearson correlation.,https://arxiv.org/abs/2501.16239v3,parsed_primary_source,2
hest.h0mini2025.prad.gene_expression,hest,prad,PRAD morphology-to-gene-expression,spatial_transcriptomics,expression of 50 highly variable genes,spatial_transcriptomics_spot,regression,not_reported,h0mini2025_ridge_gene_expression_cls_mean,pearson_r,higher,H0-mini paper HEST protocol; CLS token concatenated with mean patch token as input embedding; Pearson correlation.,https://arxiv.org/abs/2501.16239v3,parsed_primary_source,2
hest.h0mini2025.read.gene_expression,hest,read,READ morphology-to-gene-expression,spatial_transcriptomics,expression of 50 highly variable genes,spatial_transcriptomics_spot,regression,not_reported,h0mini2025_ridge_gene_expression_cls_mean,pearson_r,higher,H0-mini paper HEST protocol; CLS token concatenated with mean patch token as input embedding; Pearson correlation.,https://arxiv.org/abs/2501.16239v3,parsed_primary_source,2
hest.h0mini2025.skcm.gene_expression,hest,skcm,SKCM morphology-to-gene-expression,spatial_transcriptomics,expression of 50 highly variable genes,spatial_transcriptomics_spot,regression,not_reported,h0mini2025_ridge_gene_expression_cls_mean,pearson_r,higher,H0-mini paper HEST protocol; CLS token concatenated with mean patch token as input embedding; Pearson correlation.,https://arxiv.org/abs/2501.16239v3,parsed_primary_source,2
hest.hoptimus1report2025.ccrcc.gene_expression,hest,ccrcc,CCRCC morphology-to-gene-expression,spatial_transcriptomics,expression of 50 highly variable genes,spatial_transcriptomics_spot,regression,not_reported,hoptimus1_report_2025_frozen_features,pearson_r,higher,Exact HEST procedure; CLS-token embedding; Pearson correlation.,https://www.bioptimus.com/news/bioptimus-launches-h-optimus-1,parsed_primary_source,5
hest.hoptimus1report2025.coad.gene_expression,hest,coad,COAD morphology-to-gene-expression,spatial_transcriptomics,expression of 50 highly variable genes,spatial_transcriptomics_spot,regression,not_reported,hoptimus1_report_2025_frozen_features,pearson_r,higher,Exact HEST procedure; CLS-token embedding; Pearson correlation.,https://www.bioptimus.com/news/bioptimus-launches-h-optimus-1,parsed_primary_source,5
hest.hoptimus1report2025.idc.gene_expression,hest,idc,IDC morphology-to-gene-expression,spatial_transcriptomics,expression of 50 highly variable genes,spatial_transcriptomics_spot,regression,not_reported,hoptimus1_report_2025_frozen_features,pearson_r,higher,Exact HEST procedure; CLS-token embedding; Pearson correlation.,https://www.bioptimus.com/news/bioptimus-launches-h-optimus-1,parsed_primary_source,5
hest.hoptimus1report2025.lung.gene_expression,hest,lung,LUNG morphology-to-gene-expression,spatial_transcriptomics,expression of 50 highly variable genes,spatial_transcriptomics_spot,regression,not_reported,hoptimus1_report_2025_frozen_features,pearson_r,higher,Exact HEST procedure; CLS-token embedding; Pearson correlation.,https://www.bioptimus.com/news/bioptimus-launches-h-optimus-1,parsed_primary_source,5
hest.hoptimus1report2025.lymph_idc.gene_expression,hest,lymph_idc,LYMPH_IDC morphology-to-gene-expression,spatial_transcriptomics,expression of 50 highly variable genes,spatial_transcriptomics_spot,regression,not_reported,hoptimus1_report_2025_frozen_features,pearson_r,higher,Exact HEST procedure; CLS-token embedding; Pearson correlation.,https://www.bioptimus.com/news/bioptimus-launches-h-optimus-1,parsed_primary_source,5
hest.hoptimus1report2025.paad.gene_expression,hest,paad,PAAD morphology-to-gene-expression,spatial_transcriptomics,expression of 50 highly variable genes,spatial_transcriptomics_spot,regression,not_reported,hoptimus1_report_2025_frozen_features,pearson_r,higher,Exact HEST procedure; CLS-token embedding; Pearson correlation.,https://www.bioptimus.com/news/bioptimus-launches-h-optimus-1,parsed_primary_source,5
hest.hoptimus1report2025.prad.gene_expression,hest,prad,PRAD morphology-to-gene-expression,spatial_transcriptomics,expression of 50 highly variable genes,spatial_transcriptomics_spot,regression,not_reported,hoptimus1_report_2025_frozen_features,pearson_r,higher,Exact HEST procedure; CLS-token embedding; Pearson correlation.,https://www.bioptimus.com/news/bioptimus-launches-h-optimus-1,parsed_primary_source,5
hest.hoptimus1report2025.read.gene_expression,hest,read,READ morphology-to-gene-expression,spatial_transcriptomics,expression of 50 highly variable genes,spatial_transcriptomics_spot,regression,not_reported,hoptimus1_report_2025_frozen_features,pearson_r,higher,Exact HEST procedure; CLS-token embedding; Pearson correlation.,https://www.bioptimus.com/news/bioptimus-launches-h-optimus-1,parsed_primary_source,5
hest.hoptimus1report2025.skcm.gene_expression,hest,skcm,SKCM morphology-to-gene-expression,spatial_transcriptomics,expression of 50 highly variable genes,spatial_transcriptomics_spot,regression,not_reported,hoptimus1_report_2025_frozen_features,pearson_r,higher,Exact HEST procedure; CLS-token embedding; Pearson correlation.,https://www.bioptimus.com/news/bioptimus-launches-h-optimus-1,parsed_primary_source,5
hest.idc.gene_expression,hest,idc,IDC morphology-to-gene-expression,spatial_transcriptomics,expression of 50 highly variable genes,spatial_transcriptomics_spot,regression,not_reported,ridge_gene_expression_prediction,pearson_r,higher,Predict 50 highly variable genes from 112x112 um morphology regions at 0.5 um/px using ridge regression after PCA to 256 factors.,https://github.com/mahmoodlab/HEST/blob/3ddb5eaf5bd2a8133e0c0e8015816489a3d99dc3/README.md,parsed_primary_source,26
hest.lung.gene_expression,hest,lung,LUNG morphology-to-gene-expression,spatial_transcriptomics,expression of 50 highly variable genes,spatial_transcriptomics_spot,regression,not_reported,ridge_gene_expression_prediction,pearson_r,higher,Predict 50 highly variable genes from 112x112 um morphology regions at 0.5 um/px using ridge regression after PCA to 256 factors.,https://github.com/mahmoodlab/HEST/blob/3ddb5eaf5bd2a8133e0c0e8015816489a3d99dc3/README.md,parsed_primary_source,26
hest.lymph_idc.gene_expression,hest,lymph_idc,LYMPH_IDC morphology-to-gene-expression,spatial_transcriptomics,expression of 50 highly variable genes,spatial_transcriptomics_spot,regression,not_reported,ridge_gene_expression_prediction,pearson_r,higher,Predict 50 highly variable genes from 112x112 um morphology regions at 0.5 um/px using ridge regression after PCA to 256 factors.,https://github.com/mahmoodlab/HEST/blob/3ddb5eaf5bd2a8133e0c0e8015816489a3d99dc3/README.md,parsed_primary_source,26
hest.paad.gene_expression,hest,paad,PAAD morphology-to-gene-expression,spatial_transcriptomics,expression of 50 highly variable genes,spatial_transcriptomics_spot,regression,not_reported,ridge_gene_expression_prediction,pearson_r,higher,Predict 50 highly variable genes from 112x112 um morphology regions at 0.5 um/px using ridge regression after PCA to 256 factors.,https://github.com/mahmoodlab/HEST/blob/3ddb5eaf5bd2a8133e0c0e8015816489a3d99dc3/README.md,parsed_primary_source,26
hest.prad.gene_expression,hest,prad,PRAD morphology-to-gene-expression,spatial_transcriptomics,expression of 50 highly variable genes,spatial_transcriptomics_spot,regression,not_reported,ridge_gene_expression_prediction,pearson_r,higher,Predict 50 highly variable genes from 112x112 um morphology regions at 0.5 um/px using ridge regression after PCA to 256 factors.,https://github.com/mahmoodlab/HEST/blob/3ddb5eaf5bd2a8133e0c0e8015816489a3d99dc3/README.md,parsed_primary_source,26
hest.read.gene_expression,hest,read,READ morphology-to-gene-expression,spatial_transcriptomics,expression of 50 highly variable genes,spatial_transcriptomics_spot,regression,not_reported,ridge_gene_expression_prediction,pearson_r,higher,Predict 50 highly variable genes from 112x112 um morphology regions at 0.5 um/px using ridge regression after PCA to 256 factors.,https://github.com/mahmoodlab/HEST/blob/3ddb5eaf5bd2a8133e0c0e8015816489a3d99dc3/README.md,parsed_primary_source,26
hest.skcm.gene_expression,hest,skcm,SKCM morphology-to-gene-expression,spatial_transcriptomics,expression of 50 highly variable genes,spatial_transcriptomics_spot,regression,not_reported,ridge_gene_expression_prediction,pearson_r,higher,Predict 50 highly variable genes from 112x112 um morphology regions at 0.5 um/px using ridge regression after PCA to 256 factors.,https://github.com/mahmoodlab/HEST/blob/3ddb5eaf5bd2a8133e0c0e8015816489a3d99dc3/README.md,parsed_primary_source,26
hest.virchow2paper2024.cls_mean.ccrcc.random_forest,hest,ccrcc,CCRCC morphology-to-gene-expression,spatial_transcriptomics,expression of 50 highly variable genes,spatial_transcriptomics_spot,regression,not_reported,random_forest_gene_expression,pearson_r,higher,HEST random-forest protocol with frozen CLS+Mean embedding; not interchangeable with ridge/PCA HEST.,https://arxiv.org/abs/2408.00738,parsed_primary_source,4
hest.virchow2paper2024.cls_mean.coad.random_forest,hest,coad,COAD morphology-to-gene-expression,spatial_transcriptomics,expression of 50 highly variable genes,spatial_transcriptomics_spot,regression,not_reported,random_forest_gene_expression,pearson_r,higher,HEST random-forest protocol with frozen CLS+Mean embedding; not interchangeable with ridge/PCA HEST.,https://arxiv.org/abs/2408.00738,parsed_primary_source,4
hest.virchow2paper2024.cls_mean.hcc.random_forest,virchow2_paper,hcc,hcc,spatial_transcriptomics,spatial_transcriptomics,spatial_transcriptomics_spot,regression,not_reported,random_forest_gene_expression,pearson_r,higher,HEST random-forest protocol with frozen CLS+Mean embedding; not interchangeable with ridge/PCA HEST.,https://arxiv.org/abs/2408.00738,parsed_primary_source,4
hest.virchow2paper2024.cls_mean.idc.random_forest,hest,idc,IDC morphology-to-gene-expression,spatial_transcriptomics,expression of 50 highly variable genes,spatial_transcriptomics_spot,regression,not_reported,random_forest_gene_expression,pearson_r,higher,HEST random-forest protocol with frozen CLS+Mean embedding; not interchangeable with ridge/PCA HEST.,https://arxiv.org/abs/2408.00738,parsed_primary_source,4
hest.virchow2paper2024.cls_mean.lung.random_forest,hest,lung,LUNG morphology-to-gene-expression,spatial_transcriptomics,expression of 50 highly variable genes,spatial_transcriptomics_spot,regression,not_reported,random_forest_gene_expression,pearson_r,higher,HEST random-forest protocol with frozen CLS+Mean embedding; not interchangeable with ridge/PCA HEST.,https://arxiv.org/abs/2408.00738,parsed_primary_source,4
hest.virchow2paper2024.cls_mean.lymph_idc.random_forest,hest,lymph_idc,LYMPH_IDC morphology-to-gene-expression,spatial_transcriptomics,expression of 50 highly variable genes,spatial_transcriptomics_spot,regression,not_reported,random_forest_gene_expression,pearson_r,higher,HEST random-forest protocol with frozen CLS+Mean embedding; not interchangeable with ridge/PCA HEST.,https://arxiv.org/abs/2408.00738,parsed_primary_source,4
hest.virchow2paper2024.cls_mean.paad.random_forest,hest,paad,PAAD morphology-to-gene-expression,spatial_transcriptomics,expression of 50 highly variable genes,spatial_transcriptomics_spot,regression,not_reported,random_forest_gene_expression,pearson_r,higher,HEST random-forest protocol with frozen CLS+Mean embedding; not interchangeable with ridge/PCA HEST.,https://arxiv.org/abs/2408.00738,parsed_primary_source,4
hest.virchow2paper2024.cls_mean.prad.random_forest,hest,prad,PRAD morphology-to-gene-expression,spatial_transcriptomics,expression of 50 highly variable genes,spatial_transcriptomics_spot,regression,not_reported,random_forest_gene_expression,pearson_r,higher,HEST random-forest protocol with frozen CLS+Mean embedding; not interchangeable with ridge/PCA HEST.,https://arxiv.org/abs/2408.00738,parsed_primary_source,4
hest.virchow2paper2024.cls_mean.read.random_forest,hest,read,READ morphology-to-gene-expression,spatial_transcriptomics,expression of 50 highly variable genes,spatial_transcriptomics_spot,regression,not_reported,random_forest_gene_expression,pearson_r,higher,HEST random-forest protocol with frozen CLS+Mean embedding; not interchangeable with ridge/PCA HEST.,https://arxiv.org/abs/2408.00738,parsed_primary_source,4
hest.virchow2paper2024.cls_mean.skcm.random_forest,hest,skcm,SKCM morphology-to-gene-expression,spatial_transcriptomics,expression of 50 highly variable genes,spatial_transcriptomics_spot,regression,not_reported,random_forest_gene_expression,pearson_r,higher,HEST random-forest protocol with frozen CLS+Mean embedding; not interchangeable with ridge/PCA HEST.,https://arxiv.org/abs/2408.00738,parsed_primary_source,4
hest.virchow2paper2024.cls_only.ccrcc.random_forest,hest,ccrcc,CCRCC morphology-to-gene-expression,spatial_transcriptomics,expression of 50 highly variable genes,spatial_transcriptomics_spot,regression,not_reported,random_forest_gene_expression,pearson_r,higher,HEST random-forest protocol with frozen CLS-only embedding; not interchangeable with ridge/PCA HEST.,https://arxiv.org/abs/2408.00738,parsed_primary_source,4
hest.virchow2paper2024.cls_only.coad.random_forest,hest,coad,COAD morphology-to-gene-expression,spatial_transcriptomics,expression of 50 highly variable genes,spatial_transcriptomics_spot,regression,not_reported,random_forest_gene_expression,pearson_r,higher,HEST random-forest protocol with frozen CLS-only embedding; not interchangeable with ridge/PCA HEST.,https://arxiv.org/abs/2408.00738,parsed_primary_source,4
hest.virchow2paper2024.cls_only.hcc.random_forest,virchow2_paper,hcc,hcc,spatial_transcriptomics,spatial_transcriptomics,spatial_transcriptomics_spot,regression,not_reported,random_forest_gene_expression,pearson_r,higher,HEST random-forest protocol with frozen CLS-only embedding; not interchangeable with ridge/PCA HEST.,https://arxiv.org/abs/2408.00738,parsed_primary_source,4
hest.virchow2paper2024.cls_only.idc.random_forest,hest,idc,IDC morphology-to-gene-expression,spatial_transcriptomics,expression of 50 highly variable genes,spatial_transcriptomics_spot,regression,not_reported,random_forest_gene_expression,pearson_r,higher,HEST random-forest protocol with frozen CLS-only embedding; not interchangeable with ridge/PCA HEST.,https://arxiv.org/abs/2408.00738,parsed_primary_source,4
hest.virchow2paper2024.cls_only.lung.random_forest,hest,lung,LUNG morphology-to-gene-expression,spatial_transcriptomics,expression of 50 highly variable genes,spatial_transcriptomics_spot,regression,not_reported,random_forest_gene_expression,pearson_r,higher,HEST random-forest protocol with frozen CLS-only embedding; not interchangeable with ridge/PCA HEST.,https://arxiv.org/abs/2408.00738,parsed_primary_source,4
hest.virchow2paper2024.cls_only.lymph_idc.random_forest,hest,lymph_idc,LYMPH_IDC morphology-to-gene-expression,spatial_transcriptomics,expression of 50 highly variable genes,spatial_transcriptomics_spot,regression,not_reported,random_forest_gene_expression,pearson_r,higher,HEST random-forest protocol with frozen CLS-only embedding; not interchangeable with ridge/PCA HEST.,https://arxiv.org/abs/2408.00738,parsed_primary_source,4
hest.virchow2paper2024.cls_only.paad.random_forest,hest,paad,PAAD morphology-to-gene-expression,spatial_transcriptomics,expression of 50 highly variable genes,spatial_transcriptomics_spot,regression,not_reported,random_forest_gene_expression,pearson_r,higher,HEST random-forest protocol with frozen CLS-only embedding; not interchangeable with ridge/PCA HEST.,https://arxiv.org/abs/2408.00738,parsed_primary_source,4
hest.virchow2paper2024.cls_only.prad.random_forest,hest,prad,PRAD morphology-to-gene-expression,spatial_transcriptomics,expression of 50 highly variable genes,spatial_transcriptomics_spot,regression,not_reported,random_forest_gene_expression,pearson_r,higher,HEST random-forest protocol with frozen CLS-only embedding; not interchangeable with ridge/PCA HEST.,https://arxiv.org/abs/2408.00738,parsed_primary_source,4
hest.virchow2paper2024.cls_only.read.random_forest,hest,read,READ morphology-to-gene-expression,spatial_transcriptomics,expression of 50 highly variable genes,spatial_transcriptomics_spot,regression,not_reported,random_forest_gene_expression,pearson_r,higher,HEST random-forest protocol with frozen CLS-only embedding; not interchangeable with ridge/PCA HEST.,https://arxiv.org/abs/2408.00738,parsed_primary_source,4
hest.virchow2paper2024.cls_only.skcm.random_forest,hest,skcm,SKCM morphology-to-gene-expression,spatial_transcriptomics,expression of 50 highly variable genes,spatial_transcriptomics_spot,regression,not_reported,random_forest_gene_expression,pearson_r,higher,HEST random-forest protocol with frozen CLS-only embedding; not interchangeable with ridge/PCA HEST.,https://arxiv.org/abs/2408.00738,parsed_primary_source,4
hibou-b.hibou2024.t1.crc_100k.top1_accuracy,hibou_primary,crc,crc classification,classification,CRC-100K nine-class tissue label,image,classification,not_reported,supervised linear probe; SGD; validation-selected linear head,top1_accuracy,higher,supervised linear probe; SGD; validation-selected linear head; embedding=frozen Hibou-B CLS embedding; magnification=source-defined; 224 px input (PCam upsampled),https://arxiv.org/abs/2406.05074,parsed_primary_source,1
hibou-b.hibou2024.t1.mhist.top1_accuracy,hibou_primary,mhist,mhist classification,classification,MHIST hyperplastic-polyp versus sessile-serrated-adenoma label,image,classification,not_reported,supervised linear probe; SGD; validation-selected linear head,top1_accuracy,higher,supervised linear probe; SGD; validation-selected linear head; embedding=frozen Hibou-B CLS embedding; magnification=source-defined; 224 px input (PCam upsampled),https://arxiv.org/abs/2406.05074,parsed_primary_source,1
hibou-b.hibou2024.t1.msi_crc.top1_accuracy,hibou_primary,msi-crc,MSI-CRC,classification,MSI-CRC classification target,image,classification,not_reported,supervised linear probe; SGD; validation-selected linear head,top1_accuracy,higher,supervised linear probe; SGD; validation-selected linear head; embedding=frozen Hibou-B CLS embedding; magnification=source-defined; 224 px input (PCam upsampled),https://arxiv.org/abs/2406.05074,parsed_primary_source,1
hibou-b.hibou2024.t1.msi_stad.top1_accuracy,hibou_primary,msi-stad,MSI-STAD,classification,MSI-STAD classification target,image,classification,not_reported,supervised linear probe; SGD; validation-selected linear head,top1_accuracy,higher,supervised linear probe; SGD; validation-selected linear head; embedding=frozen Hibou-B CLS embedding; magnification=source-defined; 224 px input (PCam upsampled),https://arxiv.org/abs/2406.05074,parsed_primary_source,1
hibou-b.hibou2024.t1.pcam.top1_accuracy,hibou_primary,patch_camelyon,patch_camelyon classification,classification,PatchCamelyon binary metastatic-tissue label,image,classification,not_reported,supervised linear probe; SGD; validation-selected linear head,top1_accuracy,higher,supervised linear probe; SGD; validation-selected linear head; embedding=frozen Hibou-B CLS embedding; magnification=source-defined; 224 px input (PCam upsampled),https://arxiv.org/abs/2406.05074,parsed_primary_source,1
hibou-b.hibou2024.t1.til_det.top1_accuracy,hibou_primary,til-det,TIL-DET,classification,TIL-DET classification target,image,classification,not_reported,supervised linear probe; SGD; validation-selected linear head,top1_accuracy,higher,supervised linear probe; SGD; validation-selected linear head; embedding=frozen Hibou-B CLS embedding; magnification=source-defined; 224 px input (PCam upsampled),https://arxiv.org/abs/2406.05074,parsed_primary_source,1
hibou-b.hibou2024.t2.brca.auroc,hibou_primary,brca,BRCA,classification,BRCA classification target,slide,classification,not_reported,weakly supervised attention pooling; encoder frozen; 80/10/10 split,auroc,higher,weakly supervised attention pooling; encoder frozen; 80/10/10 split; embedding=frozen Hibou-B patch embeddings; learned attention pooling; magnification=source-defined non-overlapping foreground patches,https://arxiv.org/abs/2406.05074,parsed_primary_source,1
hibou-b.hibou2024.t2.nsclc.auroc,hibou_primary,nsclc,NSCLC,classification,NSCLC classification target,slide,classification,not_reported,weakly supervised attention pooling; encoder frozen; 80/10/10 split,auroc,higher,weakly supervised attention pooling; encoder frozen; 80/10/10 split; embedding=frozen Hibou-B patch embeddings; learned attention pooling; magnification=source-defined non-overlapping foreground patches,https://arxiv.org/abs/2406.05074,parsed_primary_source,1
hibou-b.hibou2024.t2.rcc.auroc,hibou_primary,rcc,RCC,classification,RCC classification target,slide,classification,not_reported,weakly supervised attention pooling; encoder frozen; 80/10/10 split,auroc,higher,weakly supervised attention pooling; encoder frozen; 80/10/10 split; embedding=frozen Hibou-B patch embeddings; learned attention pooling; magnification=source-defined non-overlapping foreground patches,https://arxiv.org/abs/2406.05074,parsed_primary_source,1
hibou-l.hibou2024.t1.crc_100k.top1_accuracy,hibou_primary,crc,crc classification,classification,CRC-100K nine-class tissue label,image,classification,not_reported,supervised linear probe; SGD; validation-selected linear head,top1_accuracy,higher,supervised linear probe; SGD; validation-selected linear head; embedding=frozen Hibou-L CLS embedding; magnification=source-defined; 224 px input (PCam upsampled),https://arxiv.org/abs/2406.05074,parsed_primary_source,1
hibou-l.hibou2024.t1.mhist.top1_accuracy,hibou_primary,mhist,mhist classification,classification,MHIST hyperplastic-polyp versus sessile-serrated-adenoma label,image,classification,not_reported,supervised linear probe; SGD; validation-selected linear head,top1_accuracy,higher,supervised linear probe; SGD; validation-selected linear head; embedding=frozen Hibou-L CLS embedding; magnification=source-defined; 224 px input (PCam upsampled),https://arxiv.org/abs/2406.05074,parsed_primary_source,1
hibou-l.hibou2024.t1.msi_crc.top1_accuracy,hibou_primary,msi-crc,MSI-CRC,classification,MSI-CRC classification target,image,classification,not_reported,supervised linear probe; SGD; validation-selected linear head,top1_accuracy,higher,supervised linear probe; SGD; validation-selected linear head; embedding=frozen Hibou-L CLS embedding; magnification=source-defined; 224 px input (PCam upsampled),https://arxiv.org/abs/2406.05074,parsed_primary_source,1
hibou-l.hibou2024.t1.msi_stad.top1_accuracy,hibou_primary,msi-stad,MSI-STAD,classification,MSI-STAD classification target,image,classification,not_reported,supervised linear probe; SGD; validation-selected linear head,top1_accuracy,higher,supervised linear probe; SGD; validation-selected linear head; embedding=frozen Hibou-L CLS embedding; magnification=source-defined; 224 px input (PCam upsampled),https://arxiv.org/abs/2406.05074,parsed_primary_source,1
hibou-l.hibou2024.t1.pcam.top1_accuracy,hibou_primary,patch_camelyon,patch_camelyon classification,classification,PatchCamelyon binary metastatic-tissue label,image,classification,not_reported,supervised linear probe; SGD; validation-selected linear head,top1_accuracy,higher,supervised linear probe; SGD; validation-selected linear head; embedding=frozen Hibou-L CLS embedding; magnification=source-defined; 224 px input (PCam upsampled),https://arxiv.org/abs/2406.05074,parsed_primary_source,1
hibou-l.hibou2024.t1.til_det.top1_accuracy,hibou_primary,til-det,TIL-DET,classification,TIL-DET classification target,image,classification,not_reported,supervised linear probe; SGD; validation-selected linear head,top1_accuracy,higher,supervised linear probe; SGD; validation-selected linear head; embedding=frozen Hibou-L CLS embedding; magnification=source-defined; 224 px input (PCam upsampled),https://arxiv.org/abs/2406.05074,parsed_primary_source,1
hibou-l.hibou2024.t2.brca.auroc,hibou_primary,brca,BRCA,classification,BRCA classification target,slide,classification,not_reported,weakly supervised attention pooling; encoder frozen; 80/10/10 split,auroc,higher,weakly supervised attention pooling; encoder frozen; 80/10/10 split; embedding=frozen Hibou-L patch embeddings; learned attention pooling; magnification=source-defined non-overlapping foreground patches,https://arxiv.org/abs/2406.05074,parsed_primary_source,1
hibou-l.hibou2024.t2.nsclc.auroc,hibou_primary,nsclc,NSCLC,classification,NSCLC classification target,slide,classification,not_reported,weakly supervised attention pooling; encoder frozen; 80/10/10 split,auroc,higher,weakly supervised attention pooling; encoder frozen; 80/10/10 split; embedding=frozen Hibou-L patch embeddings; learned attention pooling; magnification=source-defined non-overlapping foreground patches,https://arxiv.org/abs/2406.05074,parsed_primary_source,1
hibou-l.hibou2024.t2.rcc.auroc,hibou_primary,rcc,RCC,classification,RCC classification target,slide,classification,not_reported,weakly supervised attention pooling; encoder frozen; 80/10/10 split,auroc,higher,weakly supervised attention pooling; encoder frozen; 80/10/10 split; embedding=frozen Hibou-L patch embeddings; learned attention pooling; magnification=source-defined non-overlapping foreground patches,https://arxiv.org/abs/2406.05074,parsed_primary_source,1
hoptimus1report2025.braf_crc.cptac_coad.abmil_auc,hoptimus1_report,cptac_coad,braf_crc.cptac_coad.abmil_auc,slide_biomarker_or_classification,slide_biomarker_or_classification,slide,classification,not_reported,hoptimus1_report_2025_frozen_features,auroc,higher,Frozen CLS-token features; ten ABMIL heads; training-step selection by five-fold cross-validation; AUROC.,https://www.bioptimus.com/news/bioptimus-launches-h-optimus-1,parsed_primary_source,5
hoptimus1report2025.cam17_wilds.linear_probe_top1,hoptimus1_report,wilds,wilds linear_probing,classification,wilds class label,image,classification,422394,hoptimus1_report_2025_frozen_features,top1_accuracy,higher,Frozen CLS-token features; linear probing with repeated cross-validation; top-1 accuracy.,https://www.bioptimus.com/news/bioptimus-launches-h-optimus-1,parsed_primary_source,5
hoptimus1report2025.crc_no_norm.linear_probe_top1,hoptimus1_report,crc,crc linear_probing,classification,CRC-100K nine-class tissue label,image,classification,107180,hoptimus1_report_2025_frozen_features,top1_accuracy,higher,Frozen CLS-token features; linear probing with repeated cross-validation; top-1 accuracy.,https://www.bioptimus.com/news/bioptimus-launches-h-optimus-1,parsed_primary_source,5
hoptimus1report2025.kras_crc.cptac_coad.abmil_auc,hoptimus1_report,cptac_coad,kras_crc.cptac_coad.abmil_auc,slide_biomarker_or_classification,slide_biomarker_or_classification,slide,classification,not_reported,hoptimus1_report_2025_frozen_features,auroc,higher,Frozen CLS-token features; ten ABMIL heads; training-step selection by five-fold cross-validation; AUROC.,https://www.bioptimus.com/news/bioptimus-launches-h-optimus-1,parsed_primary_source,5
hoptimus1report2025.meta_bc.camelyon16_test.abmil_auc,hoptimus1_report,camelyon16_test,meta_bc.camelyon16_test.abmil_auc,slide_biomarker_or_classification,slide_biomarker_or_classification,slide,classification,not_reported,hoptimus1_report_2025_frozen_features,auroc,higher,Frozen CLS-token features; ten ABMIL heads; training-step selection by five-fold cross-validation; AUROC.,https://www.bioptimus.com/news/bioptimus-launches-h-optimus-1,parsed_primary_source,5
hoptimus1report2025.mhist.linear_probe_top1,hoptimus1_report,mhist,mhist linear_probing,classification,MHIST hyperplastic-polyp versus sessile-serrated-adenoma label,image,classification,3152,hoptimus1_report_2025_frozen_features,top1_accuracy,higher,Frozen CLS-token features; linear probing with repeated cross-validation; top-1 accuracy.,https://www.bioptimus.com/news/bioptimus-launches-h-optimus-1,parsed_primary_source,5
hoptimus1report2025.msi_crc.cptac_coad.abmil_auc,hoptimus1_report,cptac_coad,msi_crc.cptac_coad.abmil_auc,slide_biomarker_or_classification,slide_biomarker_or_classification,slide,classification,not_reported,hoptimus1_report_2025_frozen_features,auroc,higher,Frozen CLS-token features; ten ABMIL heads; training-step selection by five-fold cross-validation; AUROC.,https://www.bioptimus.com/news/bioptimus-launches-h-optimus-1,parsed_primary_source,5
hoptimus1report2025.msi_crc.paip2020.abmil_auc,hoptimus1_report,paip2020,msi_crc.paip2020.abmil_auc,slide_biomarker_or_classification,slide_biomarker_or_classification,slide,classification,not_reported,hoptimus1_report_2025_frozen_features,auroc,higher,Frozen CLS-token features; ten ABMIL heads; training-step selection by five-fold cross-validation; AUROC.,https://www.bioptimus.com/news/bioptimus-launches-h-optimus-1,parsed_primary_source,5
hoptimus1report2025.msi_gc.tcga_stad_test.abmil_auc,hoptimus1_report,tcga_stad_test,msi_gc.tcga_stad_test.abmil_auc,slide_biomarker_or_classification,slide_biomarker_or_classification,slide,classification,not_reported,hoptimus1_report_2025_frozen_features,auroc,higher,Frozen CLS-token features; ten ABMIL heads; training-step selection by five-fold cross-validation; AUROC.,https://www.bioptimus.com/news/bioptimus-launches-h-optimus-1,parsed_primary_source,5
hoptimus1report2025.tcga_uniform.linear_probe_top1,hoptimus1_report,tcga_uniform,tcga_uniform linear_probing,classification,tcga_uniform class label,image,classification,271710,hoptimus1_report_2025_frozen_features,top1_accuracy,higher,Frozen CLS-token features; linear probing with repeated cross-validation; top-1 accuracy.,https://www.bioptimus.com/news/bioptimus-launches-h-optimus-1,parsed_primary_source,5
musk.nature2025.t1.musk.bookset.recall_at_1,musk_primary,bookset,BookSet,text-to-image-retrieval,BookSet text to image retrieval target,image,text-to-image-retrieval,not_reported,zero-shot text-to-image retrieval,recall_at_1_percent,higher,zero-shot text-to-image retrieval; embedding=MUSK image/text embeddings; magnification=source-defined; 384x384 MUSK input,https://www.nature.com/articles/s41586-024-08378-w,parsed_primary_source,1
musk.nature2025.t1.musk.bookset.recall_at_10,musk_primary,bookset,BookSet,text-to-image-retrieval,BookSet text to image retrieval target,image,text-to-image-retrieval,not_reported,zero-shot text-to-image retrieval,recall_at_10_percent,higher,zero-shot text-to-image retrieval; embedding=MUSK image/text embeddings; magnification=source-defined; 384x384 MUSK input,https://www.nature.com/articles/s41586-024-08378-w,parsed_primary_source,1
musk.nature2025.t1.musk.bookset.recall_at_50,musk_primary,bookset,BookSet,text-to-image-retrieval,BookSet text to image retrieval target,image,text-to-image-retrieval,not_reported,zero-shot text-to-image retrieval,recall_at_50_percent,higher,zero-shot text-to-image retrieval; embedding=MUSK image/text embeddings; magnification=source-defined; 384x384 MUSK input,https://www.nature.com/articles/s41586-024-08378-w,parsed_primary_source,1
musk.nature2025.t1.musk.pathmmu.recall_at_1,musk_primary,pathmmu,PathMMU,text-to-image-retrieval,PathMMU text to image retrieval target,image,text-to-image-retrieval,not_reported,zero-shot text-to-image retrieval,recall_at_1_percent,higher,zero-shot text-to-image retrieval; embedding=MUSK image/text embeddings; magnification=source-defined; 384x384 MUSK input,https://www.nature.com/articles/s41586-024-08378-w,parsed_primary_source,1
musk.nature2025.t1.musk.pathmmu.recall_at_10,musk_primary,pathmmu,PathMMU,text-to-image-retrieval,PathMMU text to image retrieval target,image,text-to-image-retrieval,not_reported,zero-shot text-to-image retrieval,recall_at_10_percent,higher,zero-shot text-to-image retrieval; embedding=MUSK image/text embeddings; magnification=source-defined; 384x384 MUSK input,https://www.nature.com/articles/s41586-024-08378-w,parsed_primary_source,1
musk.nature2025.t1.musk.pathmmu.recall_at_50,musk_primary,pathmmu,PathMMU,text-to-image-retrieval,PathMMU text to image retrieval target,image,text-to-image-retrieval,not_reported,zero-shot text-to-image retrieval,recall_at_50_percent,higher,zero-shot text-to-image retrieval; embedding=MUSK image/text embeddings; magnification=source-defined; 384x384 MUSK input,https://www.nature.com/articles/s41586-024-08378-w,parsed_primary_source,1
musk.nature2025.t2.musk.bookset.recall_at_1,musk_primary,bookset,BookSet,image-to-text-retrieval,BookSet image to text retrieval target,image,image-to-text-retrieval,not_reported,zero-shot image-to-text retrieval,recall_at_1_percent,higher,zero-shot image-to-text retrieval; embedding=MUSK image/text embeddings; magnification=source-defined; 384x384 MUSK input,https://www.nature.com/articles/s41586-024-08378-w,parsed_primary_source,1
musk.nature2025.t2.musk.bookset.recall_at_10,musk_primary,bookset,BookSet,image-to-text-retrieval,BookSet image to text retrieval target,image,image-to-text-retrieval,not_reported,zero-shot image-to-text retrieval,recall_at_10_percent,higher,zero-shot image-to-text retrieval; embedding=MUSK image/text embeddings; magnification=source-defined; 384x384 MUSK input,https://www.nature.com/articles/s41586-024-08378-w,parsed_primary_source,1
musk.nature2025.t2.musk.bookset.recall_at_50,musk_primary,bookset,BookSet,image-to-text-retrieval,BookSet image to text retrieval target,image,image-to-text-retrieval,not_reported,zero-shot image-to-text retrieval,recall_at_50_percent,higher,zero-shot image-to-text retrieval; embedding=MUSK image/text embeddings; magnification=source-defined; 384x384 MUSK input,https://www.nature.com/articles/s41586-024-08378-w,parsed_primary_source,1
musk.nature2025.t2.musk.pathmmu.recall_at_1,musk_primary,pathmmu,PathMMU,image-to-text-retrieval,PathMMU image to text retrieval target,image,image-to-text-retrieval,not_reported,zero-shot image-to-text retrieval,recall_at_1_percent,higher,zero-shot image-to-text retrieval; embedding=MUSK image/text embeddings; magnification=source-defined; 384x384 MUSK input,https://www.nature.com/articles/s41586-024-08378-w,parsed_primary_source,1
musk.nature2025.t2.musk.pathmmu.recall_at_10,musk_primary,pathmmu,PathMMU,image-to-text-retrieval,PathMMU image to text retrieval target,image,image-to-text-retrieval,not_reported,zero-shot image-to-text retrieval,recall_at_10_percent,higher,zero-shot image-to-text retrieval; embedding=MUSK image/text embeddings; magnification=source-defined; 384x384 MUSK input,https://www.nature.com/articles/s41586-024-08378-w,parsed_primary_source,1
musk.nature2025.t2.musk.pathmmu.recall_at_50,musk_primary,pathmmu,PathMMU,image-to-text-retrieval,PathMMU image to text retrieval target,image,image-to-text-retrieval,not_reported,zero-shot image-to-text retrieval,recall_at_50_percent,higher,zero-shot image-to-text retrieval; embedding=MUSK image/text embeddings; magnification=source-defined; 384x384 MUSK input,https://www.nature.com/articles/s41586-024-08378-w,parsed_primary_source,1
musk.nature2025.t3.musk.bracs_6.majority_vote_at_5,musk_primary,bracs-6,BRACS-6,image-retrieval,BRACS-6 image retrieval target,image,image-retrieval,not_reported,zero-shot image-to-image retrieval,majority_vote_at_5_percent,higher,zero-shot image-to-image retrieval; embedding=MUSK image/text embeddings; magnification=source-defined; 384x384 MUSK input,https://www.nature.com/articles/s41586-024-08378-w,parsed_primary_source,1
musk.nature2025.t3.musk.bracs_6.recall_at_1,musk_primary,bracs-6,BRACS-6,image-retrieval,BRACS-6 image retrieval target,image,image-retrieval,not_reported,zero-shot image-to-image retrieval,recall_at_1_percent,higher,zero-shot image-to-image retrieval; embedding=MUSK image/text embeddings; magnification=source-defined; 384x384 MUSK input,https://www.nature.com/articles/s41586-024-08378-w,parsed_primary_source,1
musk.nature2025.t3.musk.bracs_6.recall_at_3,musk_primary,bracs-6,BRACS-6,image-retrieval,BRACS-6 image retrieval target,image,image-retrieval,not_reported,zero-shot image-to-image retrieval,recall_at_3_percent,higher,zero-shot image-to-image retrieval; embedding=MUSK image/text embeddings; magnification=source-defined; 384x384 MUSK input,https://www.nature.com/articles/s41586-024-08378-w,parsed_primary_source,1
musk.nature2025.t3.musk.bracs_6.recall_at_5,musk_primary,bracs-6,BRACS-6,image-retrieval,BRACS-6 image retrieval target,image,image-retrieval,not_reported,zero-shot image-to-image retrieval,recall_at_5_percent,higher,zero-shot image-to-image retrieval; embedding=MUSK image/text embeddings; magnification=source-defined; 384x384 MUSK input,https://www.nature.com/articles/s41586-024-08378-w,parsed_primary_source,1
musk.nature2025.t3.musk.unitopatho.majority_vote_at_5,musk_primary,unitopatho,UniToPatho,image-retrieval,UniToPatho image retrieval target,image,image-retrieval,not_reported,zero-shot image-to-image retrieval,majority_vote_at_5_percent,higher,zero-shot image-to-image retrieval; embedding=MUSK image/text embeddings; magnification=source-defined; 384x384 MUSK input,https://www.nature.com/articles/s41586-024-08378-w,parsed_primary_source,1
musk.nature2025.t3.musk.unitopatho.recall_at_1,musk_primary,unitopatho,UniToPatho,image-retrieval,UniToPatho image retrieval target,image,image-retrieval,not_reported,zero-shot image-to-image retrieval,recall_at_1_percent,higher,zero-shot image-to-image retrieval; embedding=MUSK image/text embeddings; magnification=source-defined; 384x384 MUSK input,https://www.nature.com/articles/s41586-024-08378-w,parsed_primary_source,1
musk.nature2025.t3.musk.unitopatho.recall_at_3,musk_primary,unitopatho,UniToPatho,image-retrieval,UniToPatho image retrieval target,image,image-retrieval,not_reported,zero-shot image-to-image retrieval,recall_at_3_percent,higher,zero-shot image-to-image retrieval; embedding=MUSK image/text embeddings; magnification=source-defined; 384x384 MUSK input,https://www.nature.com/articles/s41586-024-08378-w,parsed_primary_source,1
musk.nature2025.t3.musk.unitopatho.recall_at_5,musk_primary,unitopatho,UniToPatho,image-retrieval,UniToPatho image retrieval target,image,image-retrieval,not_reported,zero-shot image-to-image retrieval,recall_at_5_percent,higher,zero-shot image-to-image retrieval; embedding=MUSK image/text embeddings; magnification=source-defined; 384x384 MUSK input,https://www.nature.com/articles/s41586-024-08378-w,parsed_primary_source,1
musk.nature2025.t4.musk.pannuke.balanced_accuracy,musk_primary,pannuke,PanNuke,classification,PanNuke classification target,image,classification,not_reported,zero-shot image classification; text prompts,balanced_accuracy_percent,higher,zero-shot image classification; text prompts; embedding=MUSK image/text embeddings; magnification=source-defined; 384x384 MUSK input,https://www.nature.com/articles/s41586-024-08378-w,parsed_primary_source,1
musk.nature2025.t4.musk.patchcamelyon.balanced_accuracy,musk_primary,patch_camelyon,patch_camelyon classification,classification,PatchCamelyon binary metastatic-tissue label,image,classification,not_reported,zero-shot image classification; text prompts,balanced_accuracy_percent,higher,zero-shot image classification; text prompts; embedding=MUSK image/text embeddings; magnification=source-defined; 384x384 MUSK input,https://www.nature.com/articles/s41586-024-08378-w,parsed_primary_source,1
musk.nature2025.t4.musk.skincancer.balanced_accuracy,musk_primary,skincancer,SkinCancer,classification,SkinCancer classification target,image,classification,not_reported,zero-shot image classification; text prompts,balanced_accuracy_percent,higher,zero-shot image classification; text prompts; embedding=MUSK image/text embeddings; magnification=source-defined; 384x384 MUSK input,https://www.nature.com/articles/s41586-024-08378-w,parsed_primary_source,1
musk.nature2025.t4.musk.unitopatho.balanced_accuracy,musk_primary,unitopatho,unitopatho classification,classification,unitopatho classification target,image,classification,not_reported,zero-shot image classification; text prompts,balanced_accuracy_percent,higher,zero-shot image classification; text prompts; embedding=MUSK image/text embeddings; magnification=source-defined; 384x384 MUSK input,https://www.nature.com/articles/s41586-024-08378-w,parsed_primary_source,1
musk.nature2025.t5.musk.bracs_3.balanced_accuracy,musk_primary,bracs,slidelevel_coarse,morphological_subtyping,slidelevel_coarse,slide,classification,547,10-shot per class supervised classification; frozen encoder,balanced_accuracy_percent,higher,10-shot per class supervised classification; frozen encoder; embedding=MUSK image/text embeddings; magnification=source-defined; 384x384 MUSK input,https://www.nature.com/articles/s41586-024-08378-w,parsed_primary_source,1
musk.nature2025.t5.musk.bracs_6.balanced_accuracy,musk_primary,bracs,bracs classification,classification,BRACS seven-class lesion label,image,classification,not_reported,10-shot per class supervised classification; frozen encoder,balanced_accuracy_percent,higher,10-shot per class supervised classification; frozen encoder; embedding=MUSK image/text embeddings; magnification=source-defined; 384x384 MUSK input,https://www.nature.com/articles/s41586-024-08378-w,parsed_primary_source,1
musk.nature2025.t5.musk.lc25000.balanced_accuracy,musk_primary,lc25000,LC25000,classification,LC25000 classification target,image,classification,not_reported,10-shot per class supervised classification; frozen encoder,balanced_accuracy_percent,higher,10-shot per class supervised classification; frozen encoder; embedding=MUSK image/text embeddings; magnification=source-defined; 384x384 MUSK input,https://www.nature.com/articles/s41586-024-08378-w,parsed_primary_source,1
musk.nature2025.t5.musk.nct_crc.balanced_accuracy,musk_primary,crc,crc classification,classification,CRC-100K nine-class tissue label,image,classification,not_reported,10-shot per class supervised classification; frozen encoder,balanced_accuracy_percent,higher,10-shot per class supervised classification; frozen encoder; embedding=MUSK image/text embeddings; magnification=source-defined; 384x384 MUSK input,https://www.nature.com/articles/s41586-024-08378-w,parsed_primary_source,1
musk.nature2025.t5.musk.osteo.balanced_accuracy,musk_primary,osteo,Osteo,classification,Osteo classification target,image,classification,not_reported,10-shot per class supervised classification; frozen encoder,balanced_accuracy_percent,higher,10-shot per class supervised classification; frozen encoder; embedding=MUSK image/text embeddings; magnification=source-defined; 384x384 MUSK input,https://www.nature.com/articles/s41586-024-08378-w,parsed_primary_source,1
musk.nature2025.t5.musk.pannuke.balanced_accuracy,musk_primary,pannuke,PanNuke,classification,PanNuke classification target,image,classification,not_reported,10-shot per class supervised classification; frozen encoder,balanced_accuracy_percent,higher,10-shot per class supervised classification; frozen encoder; embedding=MUSK image/text embeddings; magnification=source-defined; 384x384 MUSK input,https://www.nature.com/articles/s41586-024-08378-w,parsed_primary_source,1
musk.nature2025.t5.musk.patchcamelyon.balanced_accuracy,musk_primary,patch_camelyon,patch_camelyon classification,classification,PatchCamelyon binary metastatic-tissue label,image,classification,not_reported,10-shot per class supervised classification; frozen encoder,balanced_accuracy_percent,higher,10-shot per class supervised classification; frozen encoder; embedding=MUSK image/text embeddings; magnification=source-defined; 384x384 MUSK input,https://www.nature.com/articles/s41586-024-08378-w,parsed_primary_source,1
musk.nature2025.t5.musk.renalcell.balanced_accuracy,musk_primary,renalcell,RenalCell,classification,RenalCell classification target,image,classification,not_reported,10-shot per class supervised classification; frozen encoder,balanced_accuracy_percent,higher,10-shot per class supervised classification; frozen encoder; embedding=MUSK image/text embeddings; magnification=source-defined; 384x384 MUSK input,https://www.nature.com/articles/s41586-024-08378-w,parsed_primary_source,1
musk.nature2025.t5.musk.sicapv2.balanced_accuracy,musk_primary,sicapv2,SICAPv2,classification,SICAPv2 classification target,image,classification,not_reported,10-shot per class supervised classification; frozen encoder,balanced_accuracy_percent,higher,10-shot per class supervised classification; frozen encoder; embedding=MUSK image/text embeddings; magnification=source-defined; 384x384 MUSK input,https://www.nature.com/articles/s41586-024-08378-w,parsed_primary_source,1
musk.nature2025.t5.musk.skincancer.balanced_accuracy,musk_primary,skincancer,SkinCancer,classification,SkinCancer classification target,image,classification,not_reported,10-shot per class supervised classification; frozen encoder,balanced_accuracy_percent,higher,10-shot per class supervised classification; frozen encoder; embedding=MUSK image/text embeddings; magnification=source-defined; 384x384 MUSK input,https://www.nature.com/articles/s41586-024-08378-w,parsed_primary_source,1
musk.nature2025.t5.musk.unitopatho.balanced_accuracy,musk_primary,unitopatho,unitopatho classification,classification,unitopatho classification target,image,classification,not_reported,10-shot per class supervised classification; frozen encoder,balanced_accuracy_percent,higher,10-shot per class supervised classification; frozen encoder; embedding=MUSK image/text embeddings; magnification=source-defined; 384x384 MUSK input,https://www.nature.com/articles/s41586-024-08378-w,parsed_primary_source,1
musk.nature2025.t5.musk.wsss4luad.balanced_accuracy,musk_primary,wsss4luad,WSSS4LUAD,classification,WSSS4LUAD classification target,image,classification,not_reported,10-shot per class supervised classification; frozen encoder,balanced_accuracy_percent,higher,10-shot per class supervised classification; frozen encoder; embedding=MUSK image/text embeddings; magnification=source-defined; 384x384 MUSK input,https://www.nature.com/articles/s41586-024-08378-w,parsed_primary_source,1
musk.nature2025.t6.musk.bracs_3.balanced_accuracy,musk_primary,bracs,slidelevel_coarse,morphological_subtyping,slidelevel_coarse,slide,classification,547,supervised linear probe; frozen encoder,balanced_accuracy_percent,higher,supervised linear probe; frozen encoder; embedding=MUSK image/text embeddings; magnification=source-defined; 384x384 MUSK input,https://www.nature.com/articles/s41586-024-08378-w,parsed_primary_source,1
musk.nature2025.t6.musk.bracs_6.balanced_accuracy,musk_primary,bracs,bracs classification,classification,BRACS seven-class lesion label,image,classification,not_reported,supervised linear probe; frozen encoder,balanced_accuracy_percent,higher,supervised linear probe; frozen encoder; embedding=MUSK image/text embeddings; magnification=source-defined; 384x384 MUSK input,https://www.nature.com/articles/s41586-024-08378-w,parsed_primary_source,1
musk.nature2025.t6.musk.lc25000.balanced_accuracy,musk_primary,lc25000,LC25000,classification,LC25000 classification target,image,classification,not_reported,supervised linear probe; frozen encoder,balanced_accuracy_percent,higher,supervised linear probe; frozen encoder; embedding=MUSK image/text embeddings; magnification=source-defined; 384x384 MUSK input,https://www.nature.com/articles/s41586-024-08378-w,parsed_primary_source,1
musk.nature2025.t6.musk.nct_crc.balanced_accuracy,musk_primary,crc,crc classification,classification,CRC-100K nine-class tissue label,image,classification,not_reported,supervised linear probe; frozen encoder,balanced_accuracy_percent,higher,supervised linear probe; frozen encoder; embedding=MUSK image/text embeddings; magnification=source-defined; 384x384 MUSK input,https://www.nature.com/articles/s41586-024-08378-w,parsed_primary_source,1
musk.nature2025.t6.musk.osteo.balanced_accuracy,musk_primary,osteo,Osteo,classification,Osteo classification target,image,classification,not_reported,supervised linear probe; frozen encoder,balanced_accuracy_percent,higher,supervised linear probe; frozen encoder; embedding=MUSK image/text embeddings; magnification=source-defined; 384x384 MUSK input,https://www.nature.com/articles/s41586-024-08378-w,parsed_primary_source,1
musk.nature2025.t6.musk.pannuke.balanced_accuracy,musk_primary,pannuke,PanNuke,classification,PanNuke classification target,image,classification,not_reported,supervised linear probe; frozen encoder,balanced_accuracy_percent,higher,supervised linear probe; frozen encoder; embedding=MUSK image/text embeddings; magnification=source-defined; 384x384 MUSK input,https://www.nature.com/articles/s41586-024-08378-w,parsed_primary_source,1
musk.nature2025.t6.musk.patchcamelyon.balanced_accuracy,musk_primary,patch_camelyon,patch_camelyon classification,classification,PatchCamelyon binary metastatic-tissue label,image,classification,not_reported,supervised linear probe; frozen encoder,balanced_accuracy_percent,higher,supervised linear probe; frozen encoder; embedding=MUSK image/text embeddings; magnification=source-defined; 384x384 MUSK input,https://www.nature.com/articles/s41586-024-08378-w,parsed_primary_source,1
musk.nature2025.t6.musk.renalcell.balanced_accuracy,musk_primary,renalcell,RenalCell,classification,RenalCell classification target,image,classification,not_reported,supervised linear probe; frozen encoder,balanced_accuracy_percent,higher,supervised linear probe; frozen encoder; embedding=MUSK image/text embeddings; magnification=source-defined; 384x384 MUSK input,https://www.nature.com/articles/s41586-024-08378-w,parsed_primary_source,1
musk.nature2025.t6.musk.sicapv2.balanced_accuracy,musk_primary,sicapv2,SICAPv2,classification,SICAPv2 classification target,image,classification,not_reported,supervised linear probe; frozen encoder,balanced_accuracy_percent,higher,supervised linear probe; frozen encoder; embedding=MUSK image/text embeddings; magnification=source-defined; 384x384 MUSK input,https://www.nature.com/articles/s41586-024-08378-w,parsed_primary_source,1
musk.nature2025.t6.musk.skincancer.balanced_accuracy,musk_primary,skincancer,SkinCancer,classification,SkinCancer classification target,image,classification,not_reported,supervised linear probe; frozen encoder,balanced_accuracy_percent,higher,supervised linear probe; frozen encoder; embedding=MUSK image/text embeddings; magnification=source-defined; 384x384 MUSK input,https://www.nature.com/articles/s41586-024-08378-w,parsed_primary_source,1
musk.nature2025.t6.musk.unitopatho.balanced_accuracy,musk_primary,unitopatho,unitopatho classification,classification,unitopatho classification target,image,classification,not_reported,supervised linear probe; frozen encoder,balanced_accuracy_percent,higher,supervised linear probe; frozen encoder; embedding=MUSK image/text embeddings; magnification=source-defined; 384x384 MUSK input,https://www.nature.com/articles/s41586-024-08378-w,parsed_primary_source,1
musk.nature2025.t6.musk.wsss4luad.balanced_accuracy,musk_primary,wsss4luad,WSSS4LUAD,classification,WSSS4LUAD classification target,image,classification,not_reported,supervised linear probe; frozen encoder,balanced_accuracy_percent,higher,supervised linear probe; frozen encoder; embedding=MUSK image/text embeddings; magnification=source-defined; 384x384 MUSK input,https://www.nature.com/articles/s41586-024-08378-w,parsed_primary_source,1
musk.nature2025.t7.musk.bcnb_er.auroc,musk_primary,bcnb-er,BCNB-ER,biomarker,BCNB-ER biomarker target,slide,biomarker,not_reported,five-fold ABMIL biomarker prediction,auroc,higher,five-fold ABMIL biomarker prediction; embedding=MUSK multimodal patient representation; magnification=source-defined; 384x384 MUSK input,https://www.nature.com/articles/s41586-024-08378-w,parsed_primary_source,1
musk.nature2025.t7.musk.bcnb_her2.auroc,musk_primary,bcnb-her2,BCNB-HER2,biomarker,BCNB-HER2 biomarker target,slide,biomarker,not_reported,five-fold ABMIL biomarker prediction,auroc,higher,five-fold ABMIL biomarker prediction; embedding=MUSK multimodal patient representation; magnification=source-defined; 384x384 MUSK input,https://www.nature.com/articles/s41586-024-08378-w,parsed_primary_source,1
musk.nature2025.t7.musk.bcnb_pr.auroc,musk_primary,bcnb-pr,BCNB-PR,biomarker,BCNB-PR biomarker target,slide,biomarker,not_reported,five-fold ABMIL biomarker prediction,auroc,higher,five-fold ABMIL biomarker prediction; embedding=MUSK multimodal patient representation; magnification=source-defined; 384x384 MUSK input,https://www.nature.com/articles/s41586-024-08378-w,parsed_primary_source,1
musk.nature2025.t7.musk.blca.c_index,musk_primary,blca,BLCA,survival,survival risk,slide,survival,not_reported,five-fold multimodal prognosis model,c_index,higher,five-fold multimodal prognosis model; embedding=MUSK multimodal patient representation; magnification=source-defined; 384x384 MUSK input,https://www.nature.com/articles/s41586-024-08378-w,parsed_primary_source,1
musk.nature2025.t7.musk.brca.c_index,musk_primary,brca,BRCA,survival,survival risk,slide,survival,not_reported,five-fold multimodal prognosis model,c_index,higher,five-fold multimodal prognosis model; embedding=MUSK multimodal patient representation; magnification=source-defined; 384x384 MUSK input,https://www.nature.com/articles/s41586-024-08378-w,parsed_primary_source,1
musk.nature2025.t7.musk.cesc.c_index,musk_primary,cesc,CESC,survival,survival risk,slide,survival,not_reported,five-fold multimodal prognosis model,c_index,higher,five-fold multimodal prognosis model; embedding=MUSK multimodal patient representation; magnification=source-defined; 384x384 MUSK input,https://www.nature.com/articles/s41586-024-08378-w,parsed_primary_source,1
musk.nature2025.t7.musk.coadread.c_index,musk_primary,coadread,COADREAD,survival,survival risk,slide,survival,not_reported,five-fold multimodal prognosis model,c_index,higher,five-fold multimodal prognosis model; embedding=MUSK multimodal patient representation; magnification=source-defined; 384x384 MUSK input,https://www.nature.com/articles/s41586-024-08378-w,parsed_primary_source,1
musk.nature2025.t7.musk.esca.c_index,musk_primary,esca,ESCA,survival,survival risk,slide,survival,not_reported,five-fold multimodal prognosis model,c_index,higher,five-fold multimodal prognosis model; embedding=MUSK multimodal patient representation; magnification=source-defined; 384x384 MUSK input,https://www.nature.com/articles/s41586-024-08378-w,parsed_primary_source,1
musk.nature2025.t7.musk.gbm.c_index,musk_primary,gbm,GBM,survival,survival risk,slide,survival,not_reported,five-fold multimodal prognosis model,c_index,higher,five-fold multimodal prognosis model; embedding=MUSK multimodal patient representation; magnification=source-defined; 384x384 MUSK input,https://www.nature.com/articles/s41586-024-08378-w,parsed_primary_source,1
musk.nature2025.t7.musk.hnsc.c_index,musk_primary,hnsc,HNSC,survival,survival risk,slide,survival,not_reported,five-fold multimodal prognosis model,c_index,higher,five-fold multimodal prognosis model; embedding=MUSK multimodal patient representation; magnification=source-defined; 384x384 MUSK input,https://www.nature.com/articles/s41586-024-08378-w,parsed_primary_source,1
musk.nature2025.t7.musk.lgg.c_index,musk_primary,lgg,LGG,survival,survival risk,slide,survival,not_reported,five-fold multimodal prognosis model,c_index,higher,five-fold multimodal prognosis model; embedding=MUSK multimodal patient representation; magnification=source-defined; 384x384 MUSK input,https://www.nature.com/articles/s41586-024-08378-w,parsed_primary_source,1
musk.nature2025.t7.musk.lihc.c_index,musk_primary,lihc,LIHC,survival,survival risk,slide,survival,not_reported,five-fold multimodal prognosis model,c_index,higher,five-fold multimodal prognosis model; embedding=MUSK multimodal patient representation; magnification=source-defined; 384x384 MUSK input,https://www.nature.com/articles/s41586-024-08378-w,parsed_primary_source,1
musk.nature2025.t7.musk.luad.c_index,musk_primary,luad,LUAD,survival,survival risk,slide,survival,not_reported,five-fold multimodal prognosis model,c_index,higher,five-fold multimodal prognosis model; embedding=MUSK multimodal patient representation; magnification=source-defined; 384x384 MUSK input,https://www.nature.com/articles/s41586-024-08378-w,parsed_primary_source,1
musk.nature2025.t7.musk.lusc.c_index,musk_primary,lusc,LUSC,survival,survival risk,slide,survival,not_reported,five-fold multimodal prognosis model,c_index,higher,five-fold multimodal prognosis model; embedding=MUSK multimodal patient representation; magnification=source-defined; 384x384 MUSK input,https://www.nature.com/articles/s41586-024-08378-w,parsed_primary_source,1
musk.nature2025.t7.musk.muv_idh.auroc,musk_primary,muv-idh,MUV-IDH,biomarker,MUV-IDH biomarker target,slide,biomarker,not_reported,five-fold ABMIL biomarker prediction,auroc,higher,five-fold ABMIL biomarker prediction; embedding=MUSK multimodal patient representation; magnification=source-defined; 384x384 MUSK input,https://www.nature.com/articles/s41586-024-08378-w,parsed_primary_source,1
musk.nature2025.t7.musk.paad.c_index,musk_primary,paad,PAAD,survival,survival risk,slide,survival,not_reported,five-fold multimodal prognosis model,c_index,higher,five-fold multimodal prognosis model; embedding=MUSK multimodal patient representation; magnification=source-defined; 384x384 MUSK input,https://www.nature.com/articles/s41586-024-08378-w,parsed_primary_source,1
musk.nature2025.t7.musk.rcc.c_index,musk_primary,rcc,RCC,survival,survival risk,slide,survival,not_reported,five-fold multimodal prognosis model,c_index,higher,five-fold multimodal prognosis model; embedding=MUSK multimodal patient representation; magnification=source-defined; 384x384 MUSK input,https://www.nature.com/articles/s41586-024-08378-w,parsed_primary_source,1
musk.nature2025.t7.musk.skcm.c_index,musk_primary,skcm,SKCM,survival,survival risk,slide,survival,not_reported,five-fold multimodal prognosis model,c_index,higher,five-fold multimodal prognosis model; embedding=MUSK multimodal patient representation; magnification=source-defined; 384x384 MUSK input,https://www.nature.com/articles/s41586-024-08378-w,parsed_primary_source,1
musk.nature2025.t7.musk.stad.c_index,musk_primary,stad,STAD,survival,survival risk,slide,survival,not_reported,five-fold multimodal prognosis model,c_index,higher,five-fold multimodal prognosis model; embedding=MUSK multimodal patient representation; magnification=source-defined; 384x384 MUSK input,https://www.nature.com/articles/s41586-024-08378-w,parsed_primary_source,1
musk.nature2025.t7.musk.ucec.c_index,musk_primary,ucec,UCEC,survival,survival risk,slide,survival,not_reported,five-fold multimodal prognosis model,c_index,higher,five-fold multimodal prognosis model; embedding=MUSK multimodal patient representation; magnification=source-defined; 384x384 MUSK input,https://www.nature.com/articles/s41586-024-08378-w,parsed_primary_source,1
pathobench.bc_therapy.er-status,pathobench,bc_therapy,er_status,molecular_subtyping,er_status,case,classification,166,case_level_classification,macro-ovr-auc,higher,Public Patho-Bench split and task metadata; downstream protocol is task-specific in Patho-Bench.,https://huggingface.co/datasets/MahmoodLab/Patho-Bench/blob/60fde3a9138b2fb27a163ed6f3e2cf0ef7e8f387/bc_therapy/er_status/config.yaml,parsed_primary_source,0
pathobench.bc_therapy.grade,pathobench,bc_therapy,grade,tumor_grading,grade,case,classification,166,case_level_classification,weighted_kappa,higher,Public Patho-Bench split and task metadata; downstream protocol is task-specific in Patho-Bench.,https://huggingface.co/datasets/MahmoodLab/Patho-Bench/blob/60fde3a9138b2fb27a163ed6f3e2cf0ef7e8f387/bc_therapy/grade/config.yaml,parsed_primary_source,0
pathobench.bc_therapy.her2-status,pathobench,bc_therapy,her2_status,molecular_subtyping,her2_status,case,classification,166,case_level_classification,macro-ovr-auc,higher,Public Patho-Bench split and task metadata; downstream protocol is task-specific in Patho-Bench.,https://huggingface.co/datasets/MahmoodLab/Patho-Bench/blob/60fde3a9138b2fb27a163ed6f3e2cf0ef7e8f387/bc_therapy/her2_status/config.yaml,parsed_primary_source,0
pathobench.bc_therapy.residual-cancer-burden,pathobench,bc_therapy,residual_cancer_burden,treatment_response,residual_cancer_burden,case,classification,159,case_level_classification,bacc,higher,Public Patho-Bench split and task metadata; downstream protocol is task-specific in Patho-Bench.,https://huggingface.co/datasets/MahmoodLab/Patho-Bench/blob/60fde3a9138b2fb27a163ed6f3e2cf0ef7e8f387/bc_therapy/residual_cancer_burden/config.yaml,parsed_primary_source,0
pathobench.bcnb.er,pathobench,bcnb,er,molecular_subtyping,er,case,classification,1058,case_level_classification,macro-ovr-auc,higher,Public Patho-Bench split and task metadata; downstream protocol is task-specific in Patho-Bench.,https://huggingface.co/datasets/MahmoodLab/Patho-Bench/blob/60fde3a9138b2fb27a163ed6f3e2cf0ef7e8f387/bcnb/er/config.yaml,parsed_primary_source,0
pathobench.bcnb.her2,pathobench,bcnb,her2,molecular_subtyping,her2,case,classification,1058,case_level_classification,macro-ovr-auc,higher,Public Patho-Bench split and task metadata; downstream protocol is task-specific in Patho-Bench.,https://huggingface.co/datasets/MahmoodLab/Patho-Bench/blob/60fde3a9138b2fb27a163ed6f3e2cf0ef7e8f387/bcnb/her2/config.yaml,parsed_primary_source,0
pathobench.bcnb.pr,pathobench,bcnb,pr,molecular_subtyping,pr,case,classification,1058,case_level_classification,macro-ovr-auc,higher,Public Patho-Bench split and task metadata; downstream protocol is task-specific in Patho-Bench.,https://huggingface.co/datasets/MahmoodLab/Patho-Bench/blob/60fde3a9138b2fb27a163ed6f3e2cf0ef7e8f387/bcnb/pr/config.yaml,parsed_primary_source,0
pathobench.boehmk_.pfs,pathobench,boehmk_,PFS,survival_prediction,PFS,case,survival,183,case_level_survival,cindex,higher,Public Patho-Bench split and task metadata; downstream protocol is task-specific in Patho-Bench.,https://huggingface.co/datasets/MahmoodLab/Patho-Bench/blob/60fde3a9138b2fb27a163ed6f3e2cf0ef7e8f387/boehmk_/PFS/config.yaml,parsed_primary_source,0
pathobench.bracs.slidelevel-coarse,pathobench,bracs,slidelevel_coarse,morphological_subtyping,slidelevel_coarse,slide,classification,547,slide_level_classification,bacc,higher,Public Patho-Bench split and task metadata; downstream protocol is task-specific in Patho-Bench.,https://huggingface.co/datasets/MahmoodLab/Patho-Bench/blob/60fde3a9138b2fb27a163ed6f3e2cf0ef7e8f387/bracs/slidelevel_coarse/config.yaml,parsed_primary_source,0
pathobench.bracs.slidelevel-fine,pathobench,bracs,slidelevel_fine,morphological_subtyping,slidelevel_fine,slide,classification,547,slide_level_classification,bacc,higher,Public Patho-Bench split and task metadata; downstream protocol is task-specific in Patho-Bench.,https://huggingface.co/datasets/MahmoodLab/Patho-Bench/blob/60fde3a9138b2fb27a163ed6f3e2cf0ef7e8f387/bracs/slidelevel_fine/config.yaml,parsed_primary_source,0
pathobench.cervical_subtype.subtype,pathobench,cervical_subtype,subtype,morphological_subtyping,subtype,case,classification,599,case_level_classification,macro-ovr-auc,higher,Public Patho-Bench split and task metadata; downstream protocol is task-specific in Patho-Bench.,https://huggingface.co/datasets/MahmoodLab/Patho-Bench/blob/60fde3a9138b2fb27a163ed6f3e2cf0ef7e8f387/cervical_subtype/subtype/config.yaml,parsed_primary_source,0
pathobench.cptac_all.organ,pathobench,cptac_all,organ,morphological_subtyping,organ,slide,classification,2154,slide_level_classification,bacc,higher,Public Patho-Bench split and task metadata; downstream protocol is task-specific in Patho-Bench.,https://huggingface.co/datasets/MahmoodLab/Patho-Bench/blob/60fde3a9138b2fb27a163ed6f3e2cf0ef7e8f387/cptac_all/organ/config.yaml,parsed_primary_source,0
pathobench.cptac_brca.immune-class,pathobench,cptac_brca,Immune_class,tme_characterization,Immune_class,case,classification,103,case_level_classification,bacc,higher,Public Patho-Bench split and task metadata; downstream protocol is task-specific in Patho-Bench.,https://huggingface.co/datasets/MahmoodLab/Patho-Bench/blob/60fde3a9138b2fb27a163ed6f3e2cf0ef7e8f387/cptac_brca/Immune_class/config.yaml,parsed_primary_source,0
pathobench.cptac_brca.pik3ca-mutation,pathobench,cptac_brca,PIK3CA_mutation,mutation_prediction,PIK3CA_mutation,case,classification,103,case_level_classification,macro-ovr-auc,higher,Public Patho-Bench split and task metadata; downstream protocol is task-specific in Patho-Bench.,https://huggingface.co/datasets/MahmoodLab/Patho-Bench/blob/60fde3a9138b2fb27a163ed6f3e2cf0ef7e8f387/cptac_brca/PIK3CA_mutation/config.yaml,parsed_primary_source,0
pathobench.cptac_brca.tp53-mutation,pathobench,cptac_brca,TP53_mutation,mutation_prediction,TP53_mutation,case,classification,103,case_level_classification,macro-ovr-auc,higher,Public Patho-Bench split and task metadata; downstream protocol is task-specific in Patho-Bench.,https://huggingface.co/datasets/MahmoodLab/Patho-Bench/blob/60fde3a9138b2fb27a163ed6f3e2cf0ef7e8f387/cptac_brca/TP53_mutation/config.yaml,parsed_primary_source,0
pathobench.cptac_ccrcc.bap1-mutation,pathobench,cptac_ccrcc,BAP1_mutation,mutation_prediction,BAP1_mutation,case,classification,103,case_level_classification,macro-ovr-auc,higher,Public Patho-Bench split and task metadata; downstream protocol is task-specific in Patho-Bench.,https://huggingface.co/datasets/MahmoodLab/Patho-Bench/blob/60fde3a9138b2fb27a163ed6f3e2cf0ef7e8f387/cptac_ccrcc/BAP1_mutation/config.yaml,parsed_primary_source,0
pathobench.cptac_ccrcc.immune-class,pathobench,cptac_ccrcc,Immune_class,tme_characterization,Immune_class,case,classification,103,case_level_classification,bacc,higher,Public Patho-Bench split and task metadata; downstream protocol is task-specific in Patho-Bench.,https://huggingface.co/datasets/MahmoodLab/Patho-Bench/blob/60fde3a9138b2fb27a163ed6f3e2cf0ef7e8f387/cptac_ccrcc/Immune_class/config.yaml,parsed_primary_source,0
pathobench.cptac_ccrcc.os,pathobench,cptac_ccrcc,OS,survival_prediction,OS,case,survival,94,case_level_survival,cindex,higher,Public Patho-Bench split and task metadata; downstream protocol is task-specific in Patho-Bench.,https://huggingface.co/datasets/MahmoodLab/Patho-Bench/blob/60fde3a9138b2fb27a163ed6f3e2cf0ef7e8f387/cptac_ccrcc/OS/config.yaml,parsed_primary_source,0
pathobench.cptac_ccrcc.pbrm1-mutation,pathobench,cptac_ccrcc,PBRM1_mutation,mutation_prediction,PBRM1_mutation,case,classification,103,case_level_classification,macro-ovr-auc,higher,Public Patho-Bench split and task metadata; downstream protocol is task-specific in Patho-Bench.,https://huggingface.co/datasets/MahmoodLab/Patho-Bench/blob/60fde3a9138b2fb27a163ed6f3e2cf0ef7e8f387/cptac_ccrcc/PBRM1_mutation/config.yaml,parsed_primary_source,0
pathobench.cptac_ccrcc.vhl-mutation,pathobench,cptac_ccrcc,VHL_mutation,mutation_prediction,VHL_mutation,case,classification,103,case_level_classification,macro-ovr-auc,higher,Public Patho-Bench split and task metadata; downstream protocol is task-specific in Patho-Bench.,https://huggingface.co/datasets/MahmoodLab/Patho-Bench/blob/60fde3a9138b2fb27a163ed6f3e2cf0ef7e8f387/cptac_ccrcc/VHL_mutation/config.yaml,parsed_primary_source,0
pathobench.cptac_ccrcc_dhmc.oncotreecode,pathobench,cptac_ccrcc_dhmc,OncoTreeCode,morphological_subtyping,OncoTreeCode,slide,classification,871,slide_level_classification,bacc,higher,Public Patho-Bench split and task metadata; downstream protocol is task-specific in Patho-Bench.,https://huggingface.co/datasets/MahmoodLab/Patho-Bench/blob/60fde3a9138b2fb27a163ed6f3e2cf0ef7e8f387/cptac_ccrcc_dhmc/OncoTreeCode/config.yaml,parsed_primary_source,0
pathobench.cptac_coad.acvr2a-mutation,pathobench,cptac_coad,ACVR2A_mutation,mutation_prediction,ACVR2A_mutation,case,classification,94,case_level_classification,macro-ovr-auc,higher,Public Patho-Bench split and task metadata; downstream protocol is task-specific in Patho-Bench.,https://huggingface.co/datasets/MahmoodLab/Patho-Bench/blob/60fde3a9138b2fb27a163ed6f3e2cf0ef7e8f387/cptac_coad/ACVR2A_mutation/config.yaml,parsed_primary_source,0
pathobench.cptac_coad.apc-mutation,pathobench,cptac_coad,APC_mutation,mutation_prediction,APC_mutation,case,classification,94,case_level_classification,macro-ovr-auc,higher,Public Patho-Bench split and task metadata; downstream protocol is task-specific in Patho-Bench.,https://huggingface.co/datasets/MahmoodLab/Patho-Bench/blob/60fde3a9138b2fb27a163ed6f3e2cf0ef7e8f387/cptac_coad/APC_mutation/config.yaml,parsed_primary_source,0
pathobench.cptac_coad.arid1a-mutation,pathobench,cptac_coad,ARID1A_mutation,mutation_prediction,ARID1A_mutation,case,classification,94,case_level_classification,macro-ovr-auc,higher,Public Patho-Bench split and task metadata; downstream protocol is task-specific in Patho-Bench.,https://huggingface.co/datasets/MahmoodLab/Patho-Bench/blob/60fde3a9138b2fb27a163ed6f3e2cf0ef7e8f387/cptac_coad/ARID1A_mutation/config.yaml,parsed_primary_source,0
pathobench.cptac_coad.immune-class,pathobench,cptac_coad,Immune_class,tme_characterization,Immune_class,case,classification,94,case_level_classification,bacc,higher,Public Patho-Bench split and task metadata; downstream protocol is task-specific in Patho-Bench.,https://huggingface.co/datasets/MahmoodLab/Patho-Bench/blob/60fde3a9138b2fb27a163ed6f3e2cf0ef7e8f387/cptac_coad/Immune_class/config.yaml,parsed_primary_source,0
pathobench.cptac_coad.kras-mutation,pathobench,cptac_coad,KRAS_mutation,mutation_prediction,KRAS_mutation,case,classification,94,case_level_classification,macro-ovr-auc,higher,Public Patho-Bench split and task metadata; downstream protocol is task-specific in Patho-Bench.,https://huggingface.co/datasets/MahmoodLab/Patho-Bench/blob/60fde3a9138b2fb27a163ed6f3e2cf0ef7e8f387/cptac_coad/KRAS_mutation/config.yaml,parsed_primary_source,0
pathobench.cptac_coad.msi-h,pathobench,cptac_coad,MSI_H,molecular_subtyping,MSI_H,case,classification,93,case_level_classification,macro-ovr-auc,higher,Public Patho-Bench split and task metadata; downstream protocol is task-specific in Patho-Bench.,https://huggingface.co/datasets/MahmoodLab/Patho-Bench/blob/60fde3a9138b2fb27a163ed6f3e2cf0ef7e8f387/cptac_coad/MSI_H/config.yaml,parsed_primary_source,0
pathobench.cptac_coad.pik3ca-mutation,pathobench,cptac_coad,PIK3CA_mutation,mutation_prediction,PIK3CA_mutation,case,classification,94,case_level_classification,macro-ovr-auc,higher,Public Patho-Bench split and task metadata; downstream protocol is task-specific in Patho-Bench.,https://huggingface.co/datasets/MahmoodLab/Patho-Bench/blob/60fde3a9138b2fb27a163ed6f3e2cf0ef7e8f387/cptac_coad/PIK3CA_mutation/config.yaml,parsed_primary_source,0
pathobench.cptac_coad.setd1b-mutation,pathobench,cptac_coad,SETD1B_mutation,mutation_prediction,SETD1B_mutation,case,classification,94,case_level_classification,macro-ovr-auc,higher,Public Patho-Bench split and task metadata; downstream protocol is task-specific in Patho-Bench.,https://huggingface.co/datasets/MahmoodLab/Patho-Bench/blob/60fde3a9138b2fb27a163ed6f3e2cf0ef7e8f387/cptac_coad/SETD1B_mutation/config.yaml,parsed_primary_source,0
pathobench.cptac_coad.tp53-mutation,pathobench,cptac_coad,TP53_mutation,mutation_prediction,TP53_mutation,case,classification,94,case_level_classification,macro-ovr-auc,higher,Public Patho-Bench split and task metadata; downstream protocol is task-specific in Patho-Bench.,https://huggingface.co/datasets/MahmoodLab/Patho-Bench/blob/60fde3a9138b2fb27a163ed6f3e2cf0ef7e8f387/cptac_coad/TP53_mutation/config.yaml,parsed_primary_source,0
pathobench.cptac_gbm.egfr-mutation,pathobench,cptac_gbm,EGFR_mutation,mutation_prediction,EGFR_mutation,case,classification,99,case_level_classification,macro-ovr-auc,higher,Public Patho-Bench split and task metadata; downstream protocol is task-specific in Patho-Bench.,https://huggingface.co/datasets/MahmoodLab/Patho-Bench/blob/60fde3a9138b2fb27a163ed6f3e2cf0ef7e8f387/cptac_gbm/EGFR_mutation/config.yaml,parsed_primary_source,0
pathobench.cptac_gbm.immune-class,pathobench,cptac_gbm,Immune_class,tme_characterization,Immune_class,case,classification,99,case_level_classification,bacc,higher,Public Patho-Bench split and task metadata; downstream protocol is task-specific in Patho-Bench.,https://huggingface.co/datasets/MahmoodLab/Patho-Bench/blob/60fde3a9138b2fb27a163ed6f3e2cf0ef7e8f387/cptac_gbm/Immune_class/config.yaml,parsed_primary_source,0
pathobench.cptac_gbm.tp53-mutation,pathobench,cptac_gbm,TP53_mutation,mutation_prediction,TP53_mutation,case,classification,99,case_level_classification,macro-ovr-auc,higher,Public Patho-Bench split and task metadata; downstream protocol is task-specific in Patho-Bench.,https://huggingface.co/datasets/MahmoodLab/Patho-Bench/blob/60fde3a9138b2fb27a163ed6f3e2cf0ef7e8f387/cptac_gbm/TP53_mutation/config.yaml,parsed_primary_source,0
pathobench.cptac_hnsc.casp8-mutation,pathobench,cptac_hnsc,CASP8_mutation,mutation_prediction,CASP8_mutation,case,classification,107,case_level_classification,macro-ovr-auc,higher,Public Patho-Bench split and task metadata; downstream protocol is task-specific in Patho-Bench.,https://huggingface.co/datasets/MahmoodLab/Patho-Bench/blob/60fde3a9138b2fb27a163ed6f3e2cf0ef7e8f387/cptac_hnsc/CASP8_mutation/config.yaml,parsed_primary_source,0
pathobench.cptac_hnsc.histologic-grade,pathobench,cptac_hnsc,Histologic_Grade,tumor_grading,Histologic_Grade,case,classification,107,case_level_classification,weighted_kappa,higher,Public Patho-Bench split and task metadata; downstream protocol is task-specific in Patho-Bench.,https://huggingface.co/datasets/MahmoodLab/Patho-Bench/blob/60fde3a9138b2fb27a163ed6f3e2cf0ef7e8f387/cptac_hnsc/Histologic_Grade/config.yaml,parsed_primary_source,0
pathobench.cptac_hnsc.immune-class,pathobench,cptac_hnsc,Immune_class,tme_characterization,Immune_class,case,classification,107,case_level_classification,bacc,higher,Public Patho-Bench split and task metadata; downstream protocol is task-specific in Patho-Bench.,https://huggingface.co/datasets/MahmoodLab/Patho-Bench/blob/60fde3a9138b2fb27a163ed6f3e2cf0ef7e8f387/cptac_hnsc/Immune_class/config.yaml,parsed_primary_source,0
pathobench.cptac_hnsc.os,pathobench,cptac_hnsc,OS,survival_prediction,OS,case,survival,102,case_level_survival,cindex,higher,Public Patho-Bench split and task metadata; downstream protocol is task-specific in Patho-Bench.,https://huggingface.co/datasets/MahmoodLab/Patho-Bench/blob/60fde3a9138b2fb27a163ed6f3e2cf0ef7e8f387/cptac_hnsc/OS/config.yaml,parsed_primary_source,0
pathobench.cptac_lscc.arid1a-mutation,pathobench,cptac_lscc,ARID1A_mutation,mutation_prediction,ARID1A_mutation,case,classification,108,case_level_classification,macro-ovr-auc,higher,Public Patho-Bench split and task metadata; downstream protocol is task-specific in Patho-Bench.,https://huggingface.co/datasets/MahmoodLab/Patho-Bench/blob/60fde3a9138b2fb27a163ed6f3e2cf0ef7e8f387/cptac_lscc/ARID1A_mutation/config.yaml,parsed_primary_source,0
pathobench.cptac_lscc.histologic-grade,pathobench,cptac_lscc,Histologic_Grade,tumor_grading,Histologic_Grade,case,classification,104,case_level_classification,weighted_kappa,higher,Public Patho-Bench split and task metadata; downstream protocol is task-specific in Patho-Bench.,https://huggingface.co/datasets/MahmoodLab/Patho-Bench/blob/60fde3a9138b2fb27a163ed6f3e2cf0ef7e8f387/cptac_lscc/Histologic_Grade/config.yaml,parsed_primary_source,0
pathobench.cptac_lscc.immune-class,pathobench,cptac_lscc,Immune_class,tme_characterization,Immune_class,case,classification,108,case_level_classification,bacc,higher,Public Patho-Bench split and task metadata; downstream protocol is task-specific in Patho-Bench.,https://huggingface.co/datasets/MahmoodLab/Patho-Bench/blob/60fde3a9138b2fb27a163ed6f3e2cf0ef7e8f387/cptac_lscc/Immune_class/config.yaml,parsed_primary_source,0
pathobench.cptac_lscc.keap1-mutation,pathobench,cptac_lscc,KEAP1_mutation,mutation_prediction,KEAP1_mutation,case,classification,108,case_level_classification,macro-ovr-auc,higher,Public Patho-Bench split and task metadata; downstream protocol is task-specific in Patho-Bench.,https://huggingface.co/datasets/MahmoodLab/Patho-Bench/blob/60fde3a9138b2fb27a163ed6f3e2cf0ef7e8f387/cptac_lscc/KEAP1_mutation/config.yaml,parsed_primary_source,0
pathobench.cptac_luad.egfr-mutation,pathobench,cptac_luad,EGFR_mutation,mutation_prediction,EGFR_mutation,case,classification,108,case_level_classification,macro-ovr-auc,higher,Public Patho-Bench split and task metadata; downstream protocol is task-specific in Patho-Bench.,https://huggingface.co/datasets/MahmoodLab/Patho-Bench/blob/60fde3a9138b2fb27a163ed6f3e2cf0ef7e8f387/cptac_luad/EGFR_mutation/config.yaml,parsed_primary_source,0
pathobench.cptac_luad.immune-class,pathobench,cptac_luad,Immune_class,tme_characterization,Immune_class,case,classification,108,case_level_classification,bacc,higher,Public Patho-Bench split and task metadata; downstream protocol is task-specific in Patho-Bench.,https://huggingface.co/datasets/MahmoodLab/Patho-Bench/blob/60fde3a9138b2fb27a163ed6f3e2cf0ef7e8f387/cptac_luad/Immune_class/config.yaml,parsed_primary_source,0
pathobench.cptac_luad.kras-mutation,pathobench,cptac_luad,KRAS_mutation,mutation_prediction,KRAS_mutation,case,classification,102,case_level_classification,macro-ovr-auc,higher,Public Patho-Bench split and task metadata; downstream protocol is task-specific in Patho-Bench.,https://huggingface.co/datasets/MahmoodLab/Patho-Bench/blob/60fde3a9138b2fb27a163ed6f3e2cf0ef7e8f387/cptac_luad/KRAS_mutation/config.yaml,parsed_primary_source,0
pathobench.cptac_luad.os,pathobench,cptac_luad,OS,survival_prediction,OS,case,survival,105,case_level_survival,cindex,higher,Public Patho-Bench split and task metadata; downstream protocol is task-specific in Patho-Bench.,https://huggingface.co/datasets/MahmoodLab/Patho-Bench/blob/60fde3a9138b2fb27a163ed6f3e2cf0ef7e8f387/cptac_luad/OS/config.yaml,parsed_primary_source,0
pathobench.cptac_luad.stk11-mutation,pathobench,cptac_luad,STK11_mutation,mutation_prediction,STK11_mutation,case,classification,108,case_level_classification,macro-ovr-auc,higher,Public Patho-Bench split and task metadata; downstream protocol is task-specific in Patho-Bench.,https://huggingface.co/datasets/MahmoodLab/Patho-Bench/blob/60fde3a9138b2fb27a163ed6f3e2cf0ef7e8f387/cptac_luad/STK11_mutation/config.yaml,parsed_primary_source,0
pathobench.cptac_luad.tp53-mutation,pathobench,cptac_luad,TP53_mutation,mutation_prediction,TP53_mutation,case,classification,108,case_level_classification,macro-ovr-auc,higher,Public Patho-Bench split and task metadata; downstream protocol is task-specific in Patho-Bench.,https://huggingface.co/datasets/MahmoodLab/Patho-Bench/blob/60fde3a9138b2fb27a163ed6f3e2cf0ef7e8f387/cptac_luad/TP53_mutation/config.yaml,parsed_primary_source,0
pathobench.cptac_lung.subtype,pathobench,cptac_lung,subtype,morphological_subtyping,subtype,case,classification,206,case_level_classification,macro-ovr-auc,higher,Public Patho-Bench split and task metadata; downstream protocol is task-specific in Patho-Bench.,https://huggingface.co/datasets/MahmoodLab/Patho-Bench/blob/60fde3a9138b2fb27a163ed6f3e2cf0ef7e8f387/cptac_lung/subtype/config.yaml,parsed_primary_source,0
pathobench.cptac_ov.immune-class,pathobench,cptac_ov,Immune_class,tme_characterization,Immune_class,case,classification,51,case_level_classification,bacc,higher,Public Patho-Bench split and task metadata; downstream protocol is task-specific in Patho-Bench.,https://huggingface.co/datasets/MahmoodLab/Patho-Bench/blob/60fde3a9138b2fb27a163ed6f3e2cf0ef7e8f387/cptac_ov/Immune_class/config.yaml,parsed_primary_source,0
pathobench.cptac_pda.immune-class,pathobench,cptac_pda,Immune_class,tme_characterization,Immune_class,case,classification,105,case_level_classification,bacc,higher,Public Patho-Bench split and task metadata; downstream protocol is task-specific in Patho-Bench.,https://huggingface.co/datasets/MahmoodLab/Patho-Bench/blob/60fde3a9138b2fb27a163ed6f3e2cf0ef7e8f387/cptac_pda/Immune_class/config.yaml,parsed_primary_source,0
pathobench.cptac_pda.os,pathobench,cptac_pda,OS,survival_prediction,OS,case,survival,97,case_level_survival,cindex,higher,Public Patho-Bench split and task metadata; downstream protocol is task-specific in Patho-Bench.,https://huggingface.co/datasets/MahmoodLab/Patho-Bench/blob/60fde3a9138b2fb27a163ed6f3e2cf0ef7e8f387/cptac_pda/OS/config.yaml,parsed_primary_source,0
pathobench.cptac_pda.smad4-mutation,pathobench,cptac_pda,SMAD4_mutation,mutation_prediction,SMAD4_mutation,case,classification,105,case_level_classification,macro-ovr-auc,higher,Public Patho-Bench split and task metadata; downstream protocol is task-specific in Patho-Bench.,https://huggingface.co/datasets/MahmoodLab/Patho-Bench/blob/60fde3a9138b2fb27a163ed6f3e2cf0ef7e8f387/cptac_pda/SMAD4_mutation/config.yaml,parsed_primary_source,0
pathobench.cptac_ucec.ctnnb1-mutation,pathobench,cptac_ucec,CTNNB1_mutation,mutation_prediction,CTNNB1_mutation,case,classification,93,case_level_classification,macro-ovr-auc,higher,Public Patho-Bench split and task metadata; downstream protocol is task-specific in Patho-Bench.,https://huggingface.co/datasets/MahmoodLab/Patho-Bench/blob/60fde3a9138b2fb27a163ed6f3e2cf0ef7e8f387/cptac_ucec/CTNNB1_mutation/config.yaml,parsed_primary_source,0
pathobench.cptac_ucec.immune-class,pathobench,cptac_ucec,Immune_class,tme_characterization,Immune_class,case,classification,94,case_level_classification,bacc,higher,Public Patho-Bench split and task metadata; downstream protocol is task-specific in Patho-Bench.,https://huggingface.co/datasets/MahmoodLab/Patho-Bench/blob/60fde3a9138b2fb27a163ed6f3e2cf0ef7e8f387/cptac_ucec/Immune_class/config.yaml,parsed_primary_source,0
pathobench.cptac_ucec.pten-mutation,pathobench,cptac_ucec,PTEN_mutation,mutation_prediction,PTEN_mutation,case,classification,93,case_level_classification,macro-ovr-auc,higher,Public Patho-Bench split and task metadata; downstream protocol is task-specific in Patho-Bench.,https://huggingface.co/datasets/MahmoodLab/Patho-Bench/blob/60fde3a9138b2fb27a163ed6f3e2cf0ef7e8f387/cptac_ucec/PTEN_mutation/config.yaml,parsed_primary_source,0
pathobench.crc_outcomes.braf-grading,pathobench,crc_outcomes,braf_grading,tumor_grading,braf_grading,case,classification,134,case_level_classification,weighted_kappa,higher,Public Patho-Bench split and task metadata; downstream protocol is task-specific in Patho-Bench.,https://huggingface.co/datasets/MahmoodLab/Patho-Bench/blob/60fde3a9138b2fb27a163ed6f3e2cf0ef7e8f387/crc_outcomes/braf_grading/config.yaml,parsed_primary_source,0
pathobench.crc_outcomes.braf-lymphovas-invasion,pathobench,crc_outcomes,braf_lymphovas_invasion,tme_characterization,braf_lymphovas_invasion,case,classification,111,case_level_classification,macro-ovr-auc,higher,Public Patho-Bench split and task metadata; downstream protocol is task-specific in Patho-Bench.,https://huggingface.co/datasets/MahmoodLab/Patho-Bench/blob/60fde3a9138b2fb27a163ed6f3e2cf0ef7e8f387/crc_outcomes/braf_lymphovas_invasion/config.yaml,parsed_primary_source,0
pathobench.crc_outcomes.braf-mmr,pathobench,crc_outcomes,braf_mmr,molecular_subtyping,braf_mmr,case,classification,135,case_level_classification,macro-ovr-auc,higher,Public Patho-Bench split and task metadata; downstream protocol is task-specific in Patho-Bench.,https://huggingface.co/datasets/MahmoodLab/Patho-Bench/blob/60fde3a9138b2fb27a163ed6f3e2cf0ef7e8f387/crc_outcomes/braf_mmr/config.yaml,parsed_primary_source,0
pathobench.crc_outcomes.braf-synapto,pathobench,crc_outcomes,braf_synapto,morphological_subtyping,braf_synapto,case,classification,135,case_level_classification,macro-ovr-auc,higher,Public Patho-Bench split and task metadata; downstream protocol is task-specific in Patho-Bench.,https://huggingface.co/datasets/MahmoodLab/Patho-Bench/blob/60fde3a9138b2fb27a163ed6f3e2cf0ef7e8f387/crc_outcomes/braf_synapto/config.yaml,parsed_primary_source,0
pathobench.crc_outcomes.braf-tils,pathobench,crc_outcomes,braf_tils,tme_characterization,braf_tils,case,classification,135,case_level_classification,macro-ovr-auc,higher,Public Patho-Bench split and task metadata; downstream protocol is task-specific in Patho-Bench.,https://huggingface.co/datasets/MahmoodLab/Patho-Bench/blob/60fde3a9138b2fb27a163ed6f3e2cf0ef7e8f387/crc_outcomes/braf_tils/config.yaml,parsed_primary_source,0
pathobench.crc_outcomes.os-valentino,pathobench,crc_outcomes,OS_VALENTINO,survival_prediction,OS_VALENTINO,case,survival,170,case_level_survival,cindex,higher,Public Patho-Bench split and task metadata; downstream protocol is task-specific in Patho-Bench.,https://huggingface.co/datasets/MahmoodLab/Patho-Bench/blob/60fde3a9138b2fb27a163ed6f3e2cf0ef7e8f387/crc_outcomes/OS_VALENTINO/config.yaml,parsed_primary_source,0
pathobench.crc_outcomes.pfs-valentino,pathobench,crc_outcomes,PFS_VALENTINO,survival_prediction,PFS_VALENTINO,case,survival,170,case_level_survival,cindex,higher,Public Patho-Bench split and task metadata; downstream protocol is task-specific in Patho-Bench.,https://huggingface.co/datasets/MahmoodLab/Patho-Bench/blob/60fde3a9138b2fb27a163ed6f3e2cf0ef7e8f387/crc_outcomes/PFS_VALENTINO/config.yaml,parsed_primary_source,0
pathobench.crc_outcomes.valentino-molecular-subtype,pathobench,crc_outcomes,valentino_molecular_subtype,molecular_subtyping,valentino_molecular_subtype,case,classification,96,case_level_classification,macro-ovr-auc,higher,Public Patho-Bench split and task metadata; downstream protocol is task-specific in Patho-Bench.,https://huggingface.co/datasets/MahmoodLab/Patho-Bench/blob/60fde3a9138b2fb27a163ed6f3e2cf0ef7e8f387/crc_outcomes/valentino_molecular_subtype/config.yaml,parsed_primary_source,0
pathobench.crc_outcomes.valentino-msi,pathobench,crc_outcomes,valentino_msi,molecular_subtyping,valentino_msi,case,classification,136,case_level_classification,macro-ovr-auc,higher,Public Patho-Bench split and task metadata; downstream protocol is task-specific in Patho-Bench.,https://huggingface.co/datasets/MahmoodLab/Patho-Bench/blob/60fde3a9138b2fb27a163ed6f3e2cf0ef7e8f387/crc_outcomes/valentino_msi/config.yaml,parsed_primary_source,0
pathobench.dhmc_luad.label,pathobench,dhmc_luad,label,morphological_subtyping,label,slide,classification,143,slide_level_classification,bacc,higher,Public Patho-Bench split and task metadata; downstream protocol is task-specific in Patho-Bench.,https://huggingface.co/datasets/MahmoodLab/Patho-Bench/blob/60fde3a9138b2fb27a163ed6f3e2cf0ef7e8f387/dhmc_luad/label/config.yaml,parsed_primary_source,0
pathobench.ebrains.diagnosis,pathobench,ebrains,diagnosis,morphological_subtyping,diagnosis,slide,classification,2319,slide_level_classification,bacc,higher,Public Patho-Bench split and task metadata; downstream protocol is task-specific in Patho-Bench.,https://huggingface.co/datasets/MahmoodLab/Patho-Bench/blob/60fde3a9138b2fb27a163ed6f3e2cf0ef7e8f387/ebrains/diagnosis/config.yaml,parsed_primary_source,0
pathobench.ebrains.diagnosis-group,pathobench,ebrains,diagnosis_group,morphological_subtyping,diagnosis_group,slide,classification,2319,slide_level_classification,bacc,higher,Public Patho-Bench split and task metadata; downstream protocol is task-specific in Patho-Bench.,https://huggingface.co/datasets/MahmoodLab/Patho-Bench/blob/60fde3a9138b2fb27a163ed6f3e2cf0ef7e8f387/ebrains/diagnosis_group/config.yaml,parsed_primary_source,0
pathobench.ebrains.idh-status,pathobench,ebrains,idh_status,morphological_subtyping,idh_status,slide,classification,848,slide_level_classification,macro-ovr-auc,higher,Public Patho-Bench split and task metadata; downstream protocol is task-specific in Patho-Bench.,https://huggingface.co/datasets/MahmoodLab/Patho-Bench/blob/60fde3a9138b2fb27a163ed6f3e2cf0ef7e8f387/ebrains/idh_status/config.yaml,parsed_primary_source,0
pathobench.exaone2025.bc_therapy.er-status,pathobench,bc_therapy,er_status,molecular_subtyping,er_status,case,classification,166,exaone2025_linear_probe,macro-ovr-auc,higher,EXAONE Path 2.5 Table 4 protocol: official Patho-Bench predefined 5-fold/50-fold splits; fixed THREADS-style logistic-regression linear probe for classification and Cox probe for survival; all classification tasks use macro one-vs-rest AUROC and survival uses C-index.,https://arxiv.org/pdf/2512.14019v1,parsed_primary_source,7
pathobench.exaone2025.bc_therapy.grade,pathobench,bc_therapy,grade,tumor_grading,grade,case,classification,166,exaone2025_linear_probe,macro-ovr-auc,higher,EXAONE Path 2.5 Table 4 protocol: official Patho-Bench predefined 5-fold/50-fold splits; fixed THREADS-style logistic-regression linear probe for classification and Cox probe for survival; all classification tasks use macro one-vs-rest AUROC and survival uses C-index.,https://arxiv.org/pdf/2512.14019v1,parsed_primary_source,7
pathobench.exaone2025.bc_therapy.her2-status,pathobench,bc_therapy,her2_status,molecular_subtyping,her2_status,case,classification,166,exaone2025_linear_probe,macro-ovr-auc,higher,EXAONE Path 2.5 Table 4 protocol: official Patho-Bench predefined 5-fold/50-fold splits; fixed THREADS-style logistic-regression linear probe for classification and Cox probe for survival; all classification tasks use macro one-vs-rest AUROC and survival uses C-index.,https://arxiv.org/pdf/2512.14019v1,parsed_primary_source,7
pathobench.exaone2025.bc_therapy.residual-cancer-burden,pathobench,bc_therapy,residual_cancer_burden,treatment_response,residual_cancer_burden,case,classification,159,exaone2025_linear_probe,macro-ovr-auc,higher,EXAONE Path 2.5 Table 4 protocol: official Patho-Bench predefined 5-fold/50-fold splits; fixed THREADS-style logistic-regression linear probe for classification and Cox probe for survival; all classification tasks use macro one-vs-rest AUROC and survival uses C-index.,https://arxiv.org/pdf/2512.14019v1,parsed_primary_source,7
pathobench.exaone2025.bcnb.er,pathobench,bcnb,er,molecular_subtyping,er,case,classification,1058,exaone2025_linear_probe,macro-ovr-auc,higher,EXAONE Path 2.5 Table 4 protocol: official Patho-Bench predefined 5-fold/50-fold splits; fixed THREADS-style logistic-regression linear probe for classification and Cox probe for survival; all classification tasks use macro one-vs-rest AUROC and survival uses C-index.,https://arxiv.org/pdf/2512.14019v1,parsed_primary_source,7
pathobench.exaone2025.bcnb.her2,pathobench,bcnb,her2,molecular_subtyping,her2,case,classification,1058,exaone2025_linear_probe,macro-ovr-auc,higher,EXAONE Path 2.5 Table 4 protocol: official Patho-Bench predefined 5-fold/50-fold splits; fixed THREADS-style logistic-regression linear probe for classification and Cox probe for survival; all classification tasks use macro one-vs-rest AUROC and survival uses C-index.,https://arxiv.org/pdf/2512.14019v1,parsed_primary_source,7
pathobench.exaone2025.bcnb.pr,pathobench,bcnb,pr,molecular_subtyping,pr,case,classification,1058,exaone2025_linear_probe,macro-ovr-auc,higher,EXAONE Path 2.5 Table 4 protocol: official Patho-Bench predefined 5-fold/50-fold splits; fixed THREADS-style logistic-regression linear probe for classification and Cox probe for survival; all classification tasks use macro one-vs-rest AUROC and survival uses C-index.,https://arxiv.org/pdf/2512.14019v1,parsed_primary_source,7
pathobench.exaone2025.boehmk_.pfs,pathobench,boehmk_,PFS,survival_prediction,PFS,case,survival,183,exaone2025_cox_probe,cindex,higher,EXAONE Path 2.5 Table 4 protocol: official Patho-Bench predefined 5-fold/50-fold splits; fixed THREADS-style logistic-regression linear probe for classification and Cox probe for survival; all classification tasks use macro one-vs-rest AUROC and survival uses C-index.,https://arxiv.org/pdf/2512.14019v1,parsed_primary_source,7
pathobench.exaone2025.bracs.slidelevel-coarse,pathobench,bracs,slidelevel_coarse,morphological_subtyping,slidelevel_coarse,slide,classification,547,exaone2025_linear_probe,macro-ovr-auc,higher,EXAONE Path 2.5 Table 4 protocol: official Patho-Bench predefined 5-fold/50-fold splits; fixed THREADS-style logistic-regression linear probe for classification and Cox probe for survival; all classification tasks use macro one-vs-rest AUROC and survival uses C-index.,https://arxiv.org/pdf/2512.14019v1,parsed_primary_source,7
pathobench.exaone2025.bracs.slidelevel-fine,pathobench,bracs,slidelevel_fine,morphological_subtyping,slidelevel_fine,slide,classification,547,exaone2025_linear_probe,macro-ovr-auc,higher,EXAONE Path 2.5 Table 4 protocol: official Patho-Bench predefined 5-fold/50-fold splits; fixed THREADS-style logistic-regression linear probe for classification and Cox probe for survival; all classification tasks use macro one-vs-rest AUROC and survival uses C-index.,https://arxiv.org/pdf/2512.14019v1,parsed_primary_source,7
pathobench.exaone2025.cptac_brca.immune-class,pathobench,cptac_brca,Immune_class,tme_characterization,Immune_class,case,classification,103,exaone2025_linear_probe,macro-ovr-auc,higher,EXAONE Path 2.5 Table 4 protocol: official Patho-Bench predefined 5-fold/50-fold splits; fixed THREADS-style logistic-regression linear probe for classification and Cox probe for survival; all classification tasks use macro one-vs-rest AUROC and survival uses C-index.,https://arxiv.org/pdf/2512.14019v1,parsed_primary_source,7
pathobench.exaone2025.cptac_brca.pik3ca-mutation,pathobench,cptac_brca,PIK3CA_mutation,mutation_prediction,PIK3CA_mutation,case,classification,103,exaone2025_linear_probe,macro-ovr-auc,higher,EXAONE Path 2.5 Table 4 protocol: official Patho-Bench predefined 5-fold/50-fold splits; fixed THREADS-style logistic-regression linear probe for classification and Cox probe for survival; all classification tasks use macro one-vs-rest AUROC and survival uses C-index.,https://arxiv.org/pdf/2512.14019v1,parsed_primary_source,7
pathobench.exaone2025.cptac_brca.tp53-mutation,pathobench,cptac_brca,TP53_mutation,mutation_prediction,TP53_mutation,case,classification,103,exaone2025_linear_probe,macro-ovr-auc,higher,EXAONE Path 2.5 Table 4 protocol: official Patho-Bench predefined 5-fold/50-fold splits; fixed THREADS-style logistic-regression linear probe for classification and Cox probe for survival; all classification tasks use macro one-vs-rest AUROC and survival uses C-index.,https://arxiv.org/pdf/2512.14019v1,parsed_primary_source,7
pathobench.exaone2025.cptac_ccrcc.bap1-mutation,pathobench,cptac_ccrcc,BAP1_mutation,mutation_prediction,BAP1_mutation,case,classification,103,exaone2025_linear_probe,macro-ovr-auc,higher,EXAONE Path 2.5 Table 4 protocol: official Patho-Bench predefined 5-fold/50-fold splits; fixed THREADS-style logistic-regression linear probe for classification and Cox probe for survival; all classification tasks use macro one-vs-rest AUROC and survival uses C-index.,https://arxiv.org/pdf/2512.14019v1,parsed_primary_source,7
pathobench.exaone2025.cptac_ccrcc.immune-class,pathobench,cptac_ccrcc,Immune_class,tme_characterization,Immune_class,case,classification,103,exaone2025_linear_probe,macro-ovr-auc,higher,EXAONE Path 2.5 Table 4 protocol: official Patho-Bench predefined 5-fold/50-fold splits; fixed THREADS-style logistic-regression linear probe for classification and Cox probe for survival; all classification tasks use macro one-vs-rest AUROC and survival uses C-index.,https://arxiv.org/pdf/2512.14019v1,parsed_primary_source,7
pathobench.exaone2025.cptac_ccrcc.os,pathobench,cptac_ccrcc,OS,survival_prediction,OS,case,survival,94,exaone2025_cox_probe,cindex,higher,EXAONE Path 2.5 Table 4 protocol: official Patho-Bench predefined 5-fold/50-fold splits; fixed THREADS-style logistic-regression linear probe for classification and Cox probe for survival; all classification tasks use macro one-vs-rest AUROC and survival uses C-index.,https://arxiv.org/pdf/2512.14019v1,parsed_primary_source,7
pathobench.exaone2025.cptac_ccrcc.pbrm1-mutation,pathobench,cptac_ccrcc,PBRM1_mutation,mutation_prediction,PBRM1_mutation,case,classification,103,exaone2025_linear_probe,macro-ovr-auc,higher,EXAONE Path 2.5 Table 4 protocol: official Patho-Bench predefined 5-fold/50-fold splits; fixed THREADS-style logistic-regression linear probe for classification and Cox probe for survival; all classification tasks use macro one-vs-rest AUROC and survival uses C-index.,https://arxiv.org/pdf/2512.14019v1,parsed_primary_source,7
pathobench.exaone2025.cptac_ccrcc.vhl-mutation,pathobench,cptac_ccrcc,VHL_mutation,mutation_prediction,VHL_mutation,case,classification,103,exaone2025_linear_probe,macro-ovr-auc,higher,EXAONE Path 2.5 Table 4 protocol: official Patho-Bench predefined 5-fold/50-fold splits; fixed THREADS-style logistic-regression linear probe for classification and Cox probe for survival; all classification tasks use macro one-vs-rest AUROC and survival uses C-index.,https://arxiv.org/pdf/2512.14019v1,parsed_primary_source,7
pathobench.exaone2025.cptac_coad.acvr2a-mutation,pathobench,cptac_coad,ACVR2A_mutation,mutation_prediction,ACVR2A_mutation,case,classification,94,exaone2025_linear_probe,macro-ovr-auc,higher,EXAONE Path 2.5 Table 4 protocol: official Patho-Bench predefined 5-fold/50-fold splits; fixed THREADS-style logistic-regression linear probe for classification and Cox probe for survival; all classification tasks use macro one-vs-rest AUROC and survival uses C-index.,https://arxiv.org/pdf/2512.14019v1,parsed_primary_source,7
pathobench.exaone2025.cptac_coad.apc-mutation,pathobench,cptac_coad,APC_mutation,mutation_prediction,APC_mutation,case,classification,94,exaone2025_linear_probe,macro-ovr-auc,higher,EXAONE Path 2.5 Table 4 protocol: official Patho-Bench predefined 5-fold/50-fold splits; fixed THREADS-style logistic-regression linear probe for classification and Cox probe for survival; all classification tasks use macro one-vs-rest AUROC and survival uses C-index.,https://arxiv.org/pdf/2512.14019v1,parsed_primary_source,7
pathobench.exaone2025.cptac_coad.arid1a-mutation,pathobench,cptac_coad,ARID1A_mutation,mutation_prediction,ARID1A_mutation,case,classification,94,exaone2025_linear_probe,macro-ovr-auc,higher,EXAONE Path 2.5 Table 4 protocol: official Patho-Bench predefined 5-fold/50-fold splits; fixed THREADS-style logistic-regression linear probe for classification and Cox probe for survival; all classification tasks use macro one-vs-rest AUROC and survival uses C-index.,https://arxiv.org/pdf/2512.14019v1,parsed_primary_source,7
pathobench.exaone2025.cptac_coad.immune-class,pathobench,cptac_coad,Immune_class,tme_characterization,Immune_class,case,classification,94,exaone2025_linear_probe,macro-ovr-auc,higher,EXAONE Path 2.5 Table 4 protocol: official Patho-Bench predefined 5-fold/50-fold splits; fixed THREADS-style logistic-regression linear probe for classification and Cox probe for survival; all classification tasks use macro one-vs-rest AUROC and survival uses C-index.,https://arxiv.org/pdf/2512.14019v1,parsed_primary_source,7
pathobench.exaone2025.cptac_coad.kras-mutation,pathobench,cptac_coad,KRAS_mutation,mutation_prediction,KRAS_mutation,case,classification,94,exaone2025_linear_probe,macro-ovr-auc,higher,EXAONE Path 2.5 Table 4 protocol: official Patho-Bench predefined 5-fold/50-fold splits; fixed THREADS-style logistic-regression linear probe for classification and Cox probe for survival; all classification tasks use macro one-vs-rest AUROC and survival uses C-index.,https://arxiv.org/pdf/2512.14019v1,parsed_primary_source,7
pathobench.exaone2025.cptac_coad.msi-h,pathobench,cptac_coad,MSI_H,molecular_subtyping,MSI_H,case,classification,93,exaone2025_linear_probe,macro-ovr-auc,higher,EXAONE Path 2.5 Table 4 protocol: official Patho-Bench predefined 5-fold/50-fold splits; fixed THREADS-style logistic-regression linear probe for classification and Cox probe for survival; all classification tasks use macro one-vs-rest AUROC and survival uses C-index.,https://arxiv.org/pdf/2512.14019v1,parsed_primary_source,7
pathobench.exaone2025.cptac_coad.pik3ca-mutation,pathobench,cptac_coad,PIK3CA_mutation,mutation_prediction,PIK3CA_mutation,case,classification,94,exaone2025_linear_probe,macro-ovr-auc,higher,EXAONE Path 2.5 Table 4 protocol: official Patho-Bench predefined 5-fold/50-fold splits; fixed THREADS-style logistic-regression linear probe for classification and Cox probe for survival; all classification tasks use macro one-vs-rest AUROC and survival uses C-index.,https://arxiv.org/pdf/2512.14019v1,parsed_primary_source,7
pathobench.exaone2025.cptac_coad.setd1b-mutation,pathobench,cptac_coad,SETD1B_mutation,mutation_prediction,SETD1B_mutation,case,classification,94,exaone2025_linear_probe,macro-ovr-auc,higher,EXAONE Path 2.5 Table 4 protocol: official Patho-Bench predefined 5-fold/50-fold splits; fixed THREADS-style logistic-regression linear probe for classification and Cox probe for survival; all classification tasks use macro one-vs-rest AUROC and survival uses C-index.,https://arxiv.org/pdf/2512.14019v1,parsed_primary_source,7
pathobench.exaone2025.cptac_coad.tp53-mutation,pathobench,cptac_coad,TP53_mutation,mutation_prediction,TP53_mutation,case,classification,94,exaone2025_linear_probe,macro-ovr-auc,higher,EXAONE Path 2.5 Table 4 protocol: official Patho-Bench predefined 5-fold/50-fold splits; fixed THREADS-style logistic-regression linear probe for classification and Cox probe for survival; all classification tasks use macro one-vs-rest AUROC and survival uses C-index.,https://arxiv.org/pdf/2512.14019v1,parsed_primary_source,7
pathobench.exaone2025.cptac_gbm.egfr-mutation,pathobench,cptac_gbm,EGFR_mutation,mutation_prediction,EGFR_mutation,case,classification,99,exaone2025_linear_probe,macro-ovr-auc,higher,EXAONE Path 2.5 Table 4 protocol: official Patho-Bench predefined 5-fold/50-fold splits; fixed THREADS-style logistic-regression linear probe for classification and Cox probe for survival; all classification tasks use macro one-vs-rest AUROC and survival uses C-index.,https://arxiv.org/pdf/2512.14019v1,parsed_primary_source,7
pathobench.exaone2025.cptac_gbm.immune-class,pathobench,cptac_gbm,Immune_class,tme_characterization,Immune_class,case,classification,99,exaone2025_linear_probe,macro-ovr-auc,higher,EXAONE Path 2.5 Table 4 protocol: official Patho-Bench predefined 5-fold/50-fold splits; fixed THREADS-style logistic-regression linear probe for classification and Cox probe for survival; all classification tasks use macro one-vs-rest AUROC and survival uses C-index.,https://arxiv.org/pdf/2512.14019v1,parsed_primary_source,7
pathobench.exaone2025.cptac_gbm.tp53-mutation,pathobench,cptac_gbm,TP53_mutation,mutation_prediction,TP53_mutation,case,classification,99,exaone2025_linear_probe,macro-ovr-auc,higher,EXAONE Path 2.5 Table 4 protocol: official Patho-Bench predefined 5-fold/50-fold splits; fixed THREADS-style logistic-regression linear probe for classification and Cox probe for survival; all classification tasks use macro one-vs-rest AUROC and survival uses C-index.,https://arxiv.org/pdf/2512.14019v1,parsed_primary_source,7
pathobench.exaone2025.cptac_hnsc.casp8-mutation,pathobench,cptac_hnsc,CASP8_mutation,mutation_prediction,CASP8_mutation,case,classification,107,exaone2025_linear_probe,macro-ovr-auc,higher,EXAONE Path 2.5 Table 4 protocol: official Patho-Bench predefined 5-fold/50-fold splits; fixed THREADS-style logistic-regression linear probe for classification and Cox probe for survival; all classification tasks use macro one-vs-rest AUROC and survival uses C-index.,https://arxiv.org/pdf/2512.14019v1,parsed_primary_source,7
pathobench.exaone2025.cptac_hnsc.histologic-grade,pathobench,cptac_hnsc,Histologic_Grade,tumor_grading,Histologic_Grade,case,classification,107,exaone2025_linear_probe,macro-ovr-auc,higher,EXAONE Path 2.5 Table 4 protocol: official Patho-Bench predefined 5-fold/50-fold splits; fixed THREADS-style logistic-regression linear probe for classification and Cox probe for survival; all classification tasks use macro one-vs-rest AUROC and survival uses C-index.,https://arxiv.org/pdf/2512.14019v1,parsed_primary_source,7
pathobench.exaone2025.cptac_hnsc.immune-class,pathobench,cptac_hnsc,Immune_class,tme_characterization,Immune_class,case,classification,107,exaone2025_linear_probe,macro-ovr-auc,higher,EXAONE Path 2.5 Table 4 protocol: official Patho-Bench predefined 5-fold/50-fold splits; fixed THREADS-style logistic-regression linear probe for classification and Cox probe for survival; all classification tasks use macro one-vs-rest AUROC and survival uses C-index.,https://arxiv.org/pdf/2512.14019v1,parsed_primary_source,7
pathobench.exaone2025.cptac_hnsc.os,pathobench,cptac_hnsc,OS,survival_prediction,OS,case,survival,102,exaone2025_cox_probe,cindex,higher,EXAONE Path 2.5 Table 4 protocol: official Patho-Bench predefined 5-fold/50-fold splits; fixed THREADS-style logistic-regression linear probe for classification and Cox probe for survival; all classification tasks use macro one-vs-rest AUROC and survival uses C-index.,https://arxiv.org/pdf/2512.14019v1,parsed_primary_source,7
pathobench.exaone2025.cptac_lscc.arid1a-mutation,pathobench,cptac_lscc,ARID1A_mutation,mutation_prediction,ARID1A_mutation,case,classification,108,exaone2025_linear_probe,macro-ovr-auc,higher,EXAONE Path 2.5 Table 4 protocol: official Patho-Bench predefined 5-fold/50-fold splits; fixed THREADS-style logistic-regression linear probe for classification and Cox probe for survival; all classification tasks use macro one-vs-rest AUROC and survival uses C-index.,https://arxiv.org/pdf/2512.14019v1,parsed_primary_source,7
pathobench.exaone2025.cptac_lscc.histologic-grade,pathobench,cptac_lscc,Histologic_Grade,tumor_grading,Histologic_Grade,case,classification,104,exaone2025_linear_probe,macro-ovr-auc,higher,EXAONE Path 2.5 Table 4 protocol: official Patho-Bench predefined 5-fold/50-fold splits; fixed THREADS-style logistic-regression linear probe for classification and Cox probe for survival; all classification tasks use macro one-vs-rest AUROC and survival uses C-index.,https://arxiv.org/pdf/2512.14019v1,parsed_primary_source,7
pathobench.exaone2025.cptac_lscc.immune-class,pathobench,cptac_lscc,Immune_class,tme_characterization,Immune_class,case,classification,108,exaone2025_linear_probe,macro-ovr-auc,higher,EXAONE Path 2.5 Table 4 protocol: official Patho-Bench predefined 5-fold/50-fold splits; fixed THREADS-style logistic-regression linear probe for classification and Cox probe for survival; all classification tasks use macro one-vs-rest AUROC and survival uses C-index.,https://arxiv.org/pdf/2512.14019v1,parsed_primary_source,7
pathobench.exaone2025.cptac_lscc.keap1-mutation,pathobench,cptac_lscc,KEAP1_mutation,mutation_prediction,KEAP1_mutation,case,classification,108,exaone2025_linear_probe,macro-ovr-auc,higher,EXAONE Path 2.5 Table 4 protocol: official Patho-Bench predefined 5-fold/50-fold splits; fixed THREADS-style logistic-regression linear probe for classification and Cox probe for survival; all classification tasks use macro one-vs-rest AUROC and survival uses C-index.,https://arxiv.org/pdf/2512.14019v1,parsed_primary_source,7
pathobench.exaone2025.cptac_luad.egfr-mutation,pathobench,cptac_luad,EGFR_mutation,mutation_prediction,EGFR_mutation,case,classification,108,exaone2025_linear_probe,macro-ovr-auc,higher,EXAONE Path 2.5 Table 4 protocol: official Patho-Bench predefined 5-fold/50-fold splits; fixed THREADS-style logistic-regression linear probe for classification and Cox probe for survival; all classification tasks use macro one-vs-rest AUROC and survival uses C-index.,https://arxiv.org/pdf/2512.14019v1,parsed_primary_source,7
pathobench.exaone2025.cptac_luad.immune-class,pathobench,cptac_luad,Immune_class,tme_characterization,Immune_class,case,classification,108,exaone2025_linear_probe,macro-ovr-auc,higher,EXAONE Path 2.5 Table 4 protocol: official Patho-Bench predefined 5-fold/50-fold splits; fixed THREADS-style logistic-regression linear probe for classification and Cox probe for survival; all classification tasks use macro one-vs-rest AUROC and survival uses C-index.,https://arxiv.org/pdf/2512.14019v1,parsed_primary_source,7
pathobench.exaone2025.cptac_luad.kras-mutation,pathobench,cptac_luad,KRAS_mutation,mutation_prediction,KRAS_mutation,case,classification,102,exaone2025_linear_probe,macro-ovr-auc,higher,EXAONE Path 2.5 Table 4 protocol: official Patho-Bench predefined 5-fold/50-fold splits; fixed THREADS-style logistic-regression linear probe for classification and Cox probe for survival; all classification tasks use macro one-vs-rest AUROC and survival uses C-index.,https://arxiv.org/pdf/2512.14019v1,parsed_primary_source,7
pathobench.exaone2025.cptac_luad.os,pathobench,cptac_luad,OS,survival_prediction,OS,case,survival,105,exaone2025_cox_probe,cindex,higher,EXAONE Path 2.5 Table 4 protocol: official Patho-Bench predefined 5-fold/50-fold splits; fixed THREADS-style logistic-regression linear probe for classification and Cox probe for survival; all classification tasks use macro one-vs-rest AUROC and survival uses C-index.,https://arxiv.org/pdf/2512.14019v1,parsed_primary_source,7
pathobench.exaone2025.cptac_luad.stk11-mutation,pathobench,cptac_luad,STK11_mutation,mutation_prediction,STK11_mutation,case,classification,108,exaone2025_linear_probe,macro-ovr-auc,higher,EXAONE Path 2.5 Table 4 protocol: official Patho-Bench predefined 5-fold/50-fold splits; fixed THREADS-style logistic-regression linear probe for classification and Cox probe for survival; all classification tasks use macro one-vs-rest AUROC and survival uses C-index.,https://arxiv.org/pdf/2512.14019v1,parsed_primary_source,7
pathobench.exaone2025.cptac_luad.tp53-mutation,pathobench,cptac_luad,TP53_mutation,mutation_prediction,TP53_mutation,case,classification,108,exaone2025_linear_probe,macro-ovr-auc,higher,EXAONE Path 2.5 Table 4 protocol: official Patho-Bench predefined 5-fold/50-fold splits; fixed THREADS-style logistic-regression linear probe for classification and Cox probe for survival; all classification tasks use macro one-vs-rest AUROC and survival uses C-index.,https://arxiv.org/pdf/2512.14019v1,parsed_primary_source,7
pathobench.exaone2025.cptac_ov.immune-class,pathobench,cptac_ov,Immune_class,tme_characterization,Immune_class,case,classification,51,exaone2025_linear_probe,macro-ovr-auc,higher,EXAONE Path 2.5 Table 4 protocol: official Patho-Bench predefined 5-fold/50-fold splits; fixed THREADS-style logistic-regression linear probe for classification and Cox probe for survival; all classification tasks use macro one-vs-rest AUROC and survival uses C-index.,https://arxiv.org/pdf/2512.14019v1,parsed_primary_source,7
pathobench.exaone2025.cptac_pda.immune-class,pathobench,cptac_pda,Immune_class,tme_characterization,Immune_class,case,classification,105,exaone2025_linear_probe,macro-ovr-auc,higher,EXAONE Path 2.5 Table 4 protocol: official Patho-Bench predefined 5-fold/50-fold splits; fixed THREADS-style logistic-regression linear probe for classification and Cox probe for survival; all classification tasks use macro one-vs-rest AUROC and survival uses C-index.,https://arxiv.org/pdf/2512.14019v1,parsed_primary_source,7
pathobench.exaone2025.cptac_pda.os,pathobench,cptac_pda,OS,survival_prediction,OS,case,survival,97,exaone2025_cox_probe,cindex,higher,EXAONE Path 2.5 Table 4 protocol: official Patho-Bench predefined 5-fold/50-fold splits; fixed THREADS-style logistic-regression linear probe for classification and Cox probe for survival; all classification tasks use macro one-vs-rest AUROC and survival uses C-index.,https://arxiv.org/pdf/2512.14019v1,parsed_primary_source,7
pathobench.exaone2025.cptac_pda.smad4-mutation,pathobench,cptac_pda,SMAD4_mutation,mutation_prediction,SMAD4_mutation,case,classification,105,exaone2025_linear_probe,macro-ovr-auc,higher,EXAONE Path 2.5 Table 4 protocol: official Patho-Bench predefined 5-fold/50-fold splits; fixed THREADS-style logistic-regression linear probe for classification and Cox probe for survival; all classification tasks use macro one-vs-rest AUROC and survival uses C-index.,https://arxiv.org/pdf/2512.14019v1,parsed_primary_source,7
pathobench.exaone2025.cptac_ucec.ctnnb1-mutation,pathobench,cptac_ucec,CTNNB1_mutation,mutation_prediction,CTNNB1_mutation,case,classification,93,exaone2025_linear_probe,macro-ovr-auc,higher,EXAONE Path 2.5 Table 4 protocol: official Patho-Bench predefined 5-fold/50-fold splits; fixed THREADS-style logistic-regression linear probe for classification and Cox probe for survival; all classification tasks use macro one-vs-rest AUROC and survival uses C-index.,https://arxiv.org/pdf/2512.14019v1,parsed_primary_source,7
pathobench.exaone2025.cptac_ucec.immune-class,pathobench,cptac_ucec,Immune_class,tme_characterization,Immune_class,case,classification,94,exaone2025_linear_probe,macro-ovr-auc,higher,EXAONE Path 2.5 Table 4 protocol: official Patho-Bench predefined 5-fold/50-fold splits; fixed THREADS-style logistic-regression linear probe for classification and Cox probe for survival; all classification tasks use macro one-vs-rest AUROC and survival uses C-index.,https://arxiv.org/pdf/2512.14019v1,parsed_primary_source,7
pathobench.exaone2025.cptac_ucec.pten-mutation,pathobench,cptac_ucec,PTEN_mutation,mutation_prediction,PTEN_mutation,case,classification,93,exaone2025_linear_probe,macro-ovr-auc,higher,EXAONE Path 2.5 Table 4 protocol: official Patho-Bench predefined 5-fold/50-fold splits; fixed THREADS-style logistic-regression linear probe for classification and Cox probe for survival; all classification tasks use macro one-vs-rest AUROC and survival uses C-index.,https://arxiv.org/pdf/2512.14019v1,parsed_primary_source,7
pathobench.exaone2025.ebrains.diagnosis,pathobench,ebrains,diagnosis,morphological_subtyping,diagnosis,slide,classification,2319,exaone2025_linear_probe,macro-ovr-auc,higher,EXAONE Path 2.5 Table 4 protocol: official Patho-Bench predefined 5-fold/50-fold splits; fixed THREADS-style logistic-regression linear probe for classification and Cox probe for survival; all classification tasks use macro one-vs-rest AUROC and survival uses C-index.,https://arxiv.org/pdf/2512.14019v1,parsed_primary_source,7
pathobench.exaone2025.ebrains.diagnosis-group,pathobench,ebrains,diagnosis_group,morphological_subtyping,diagnosis_group,slide,classification,2319,exaone2025_linear_probe,macro-ovr-auc,higher,EXAONE Path 2.5 Table 4 protocol: official Patho-Bench predefined 5-fold/50-fold splits; fixed THREADS-style logistic-regression linear probe for classification and Cox probe for survival; all classification tasks use macro one-vs-rest AUROC and survival uses C-index.,https://arxiv.org/pdf/2512.14019v1,parsed_primary_source,7
pathobench.exaone2025.ebrains.idh-status,pathobench,ebrains,idh_status,morphological_subtyping,idh_status,slide,classification,848,exaone2025_linear_probe,macro-ovr-auc,higher,EXAONE Path 2.5 Table 4 protocol: official Patho-Bench predefined 5-fold/50-fold splits; fixed THREADS-style logistic-regression linear probe for classification and Cox probe for survival; all classification tasks use macro one-vs-rest AUROC and survival uses C-index.,https://arxiv.org/pdf/2512.14019v1,parsed_primary_source,7
pathobench.exaone2025.hancook.grading-scc-conventional-keratinizing,pathobench,hancook,grading_SCC_Conventional_Keratinizing,tumor_grading,grading_SCC_Conventional_Keratinizing,case,classification,383,exaone2025_linear_probe,macro-ovr-auc,higher,EXAONE Path 2.5 Table 4 protocol: official Patho-Bench predefined 5-fold/50-fold splits; fixed THREADS-style logistic-regression linear probe for classification and Cox probe for survival; all classification tasks use macro one-vs-rest AUROC and survival uses C-index.,https://arxiv.org/pdf/2512.14019v1,parsed_primary_source,7
pathobench.exaone2025.hancook.grading-scc-conventional-nonkeratinizing,pathobench,hancook,grading_SCC_Conventional_NonKeratinizing,tumor_grading,grading_SCC_Conventional_NonKeratinizing,case,classification,74,exaone2025_linear_probe,macro-ovr-auc,higher,EXAONE Path 2.5 Table 4 protocol: official Patho-Bench predefined 5-fold/50-fold splits; fixed THREADS-style logistic-regression linear probe for classification and Cox probe for survival; all classification tasks use macro one-vs-rest AUROC and survival uses C-index.,https://arxiv.org/pdf/2512.14019v1,parsed_primary_source,7
pathobench.exaone2025.hancook.lymphovascular-invasion-l,pathobench,hancook,lymphovascular_invasion_L,tme_characterization,lymphovascular_invasion_L,case,classification,697,exaone2025_linear_probe,macro-ovr-auc,higher,EXAONE Path 2.5 Table 4 protocol: official Patho-Bench predefined 5-fold/50-fold splits; fixed THREADS-style logistic-regression linear probe for classification and Cox probe for survival; all classification tasks use macro one-vs-rest AUROC and survival uses C-index.,https://arxiv.org/pdf/2512.14019v1,parsed_primary_source,7
pathobench.exaone2025.hancook.os-treatment-rdc,pathobench,hancook,OS_treatment_rdc,survival_prediction,OS_treatment_rdc,case,survival,203,exaone2025_cox_probe,cindex,higher,EXAONE Path 2.5 Table 4 protocol: official Patho-Bench predefined 5-fold/50-fold splits; fixed THREADS-style logistic-regression linear probe for classification and Cox probe for survival; all classification tasks use macro one-vs-rest AUROC and survival uses C-index.,https://arxiv.org/pdf/2512.14019v1,parsed_primary_source,7
pathobench.exaone2025.hancook.perineural-invasion-pn,pathobench,hancook,perineural_invasion_Pn,tme_characterization,perineural_invasion_Pn,case,classification,697,exaone2025_linear_probe,macro-ovr-auc,higher,EXAONE Path 2.5 Table 4 protocol: official Patho-Bench predefined 5-fold/50-fold splits; fixed THREADS-style logistic-regression linear probe for classification and Cox probe for survival; all classification tasks use macro one-vs-rest AUROC and survival uses C-index.,https://arxiv.org/pdf/2512.14019v1,parsed_primary_source,7
pathobench.exaone2025.hancook.primarily-metastasis,pathobench,hancook,primarily_metastasis,tme_characterization,primarily_metastasis,case,classification,676,exaone2025_linear_probe,macro-ovr-auc,higher,EXAONE Path 2.5 Table 4 protocol: official Patho-Bench predefined 5-fold/50-fold splits; fixed THREADS-style logistic-regression linear probe for classification and Cox probe for survival; all classification tasks use macro one-vs-rest AUROC and survival uses C-index.,https://arxiv.org/pdf/2512.14019v1,parsed_primary_source,7
pathobench.exaone2025.hancook.primary-tumor-site,pathobench,hancook,primary_tumor_site,morphological_subtyping,primary_tumor_site,case,classification,696,exaone2025_linear_probe,macro-ovr-auc,higher,EXAONE Path 2.5 Table 4 protocol: official Patho-Bench predefined 5-fold/50-fold splits; fixed THREADS-style logistic-regression linear probe for classification and Cox probe for survival; all classification tasks use macro one-vs-rest AUROC and survival uses C-index.,https://arxiv.org/pdf/2512.14019v1,parsed_primary_source,7
pathobench.exaone2025.hancook.vascular-invasion-v,pathobench,hancook,vascular_invasion_V,tme_characterization,vascular_invasion_V,case,classification,697,exaone2025_linear_probe,macro-ovr-auc,higher,EXAONE Path 2.5 Table 4 protocol: official Patho-Bench predefined 5-fold/50-fold splits; fixed THREADS-style logistic-regression linear probe for classification and Cox probe for survival; all classification tasks use macro one-vs-rest AUROC and survival uses C-index.,https://arxiv.org/pdf/2512.14019v1,parsed_primary_source,7
pathobench.exaone2025.herroi.response,pathobench,herroi,response,treatment_response,response,slide,classification,85,exaone2025_linear_probe,macro-ovr-auc,higher,EXAONE Path 2.5 Table 4 protocol: official Patho-Bench predefined 5-fold/50-fold splits; fixed THREADS-style logistic-regression linear probe for classification and Cox probe for survival; all classification tasks use macro one-vs-rest AUROC and survival uses C-index.,https://arxiv.org/pdf/2512.14019v1,parsed_primary_source,7
pathobench.exaone2025.imp.grade,pathobench,imp,grade,tumor_grading,grade,slide,classification,5333,exaone2025_linear_probe,macro-ovr-auc,higher,EXAONE Path 2.5 Table 4 protocol: official Patho-Bench predefined 5-fold/50-fold splits; fixed THREADS-style logistic-regression linear probe for classification and Cox probe for survival; all classification tasks use macro one-vs-rest AUROC and survival uses C-index.,https://arxiv.org/pdf/2512.14019v1,parsed_primary_source,7
pathobench.exaone2025.mbc_.os,pathobench,mbc_,OS,survival_prediction,OS,case,survival,75,exaone2025_cox_probe,cindex,higher,EXAONE Path 2.5 Table 4 protocol: official Patho-Bench predefined 5-fold/50-fold splits; fixed THREADS-style logistic-regression linear probe for classification and Cox probe for survival; all classification tasks use macro one-vs-rest AUROC and survival uses C-index.,https://arxiv.org/pdf/2512.14019v1,parsed_primary_source,7
pathobench.exaone2025.mbc_.recist,pathobench,mbc_,Recist,treatment_response,Recist,case,classification,76,exaone2025_linear_probe,macro-ovr-auc,higher,EXAONE Path 2.5 Table 4 protocol: official Patho-Bench predefined 5-fold/50-fold splits; fixed THREADS-style logistic-regression linear probe for classification and Cox probe for survival; all classification tasks use macro one-vs-rest AUROC and survival uses C-index.,https://arxiv.org/pdf/2512.14019v1,parsed_primary_source,7
pathobench.exaone2025.mut-het-rcc.bap1-mutation,pathobench,mut-het-rcc,BAP1_mutation,mutation_prediction,BAP1_mutation,case,classification,1291,exaone2025_linear_probe,macro-ovr-auc,higher,EXAONE Path 2.5 Table 4 protocol: official Patho-Bench predefined 5-fold/50-fold splits; fixed THREADS-style logistic-regression linear probe for classification and Cox probe for survival; all classification tasks use macro one-vs-rest AUROC and survival uses C-index.,https://arxiv.org/pdf/2512.14019v1,parsed_primary_source,7
pathobench.exaone2025.mut-het-rcc.pbrm1-mutation,pathobench,mut-het-rcc,PBRM1_mutation,mutation_prediction,PBRM1_mutation,case,classification,1291,exaone2025_linear_probe,macro-ovr-auc,higher,EXAONE Path 2.5 Table 4 protocol: official Patho-Bench predefined 5-fold/50-fold splits; fixed THREADS-style logistic-regression linear probe for classification and Cox probe for survival; all classification tasks use macro one-vs-rest AUROC and survival uses C-index.,https://arxiv.org/pdf/2512.14019v1,parsed_primary_source,7
pathobench.exaone2025.mut-het-rcc.setd2-mutation,pathobench,mut-het-rcc,SETD2_mutation,mutation_prediction,SETD2_mutation,case,classification,1291,exaone2025_linear_probe,macro-ovr-auc,higher,EXAONE Path 2.5 Table 4 protocol: official Patho-Bench predefined 5-fold/50-fold splits; fixed THREADS-style logistic-regression linear probe for classification and Cox probe for survival; all classification tasks use macro one-vs-rest AUROC and survival uses C-index.,https://arxiv.org/pdf/2512.14019v1,parsed_primary_source,7
pathobench.exaone2025.nadt.response,pathobench,nadt,response,treatment_response,response,case,classification,36,exaone2025_linear_probe,macro-ovr-auc,higher,EXAONE Path 2.5 Table 4 protocol: official Patho-Bench predefined 5-fold/50-fold splits; fixed THREADS-style logistic-regression linear probe for classification and Cox probe for survival; all classification tasks use macro one-vs-rest AUROC and survival uses C-index.,https://arxiv.org/pdf/2512.14019v1,parsed_primary_source,7
pathobench.exaone2025.natbrca.lymphovascular-invasion,pathobench,natbrca,lymphovascular_invasion,tme_characterization,lymphovascular_invasion,slide,classification,53,exaone2025_linear_probe,macro-ovr-auc,higher,EXAONE Path 2.5 Table 4 protocol: official Patho-Bench predefined 5-fold/50-fold splits; fixed THREADS-style logistic-regression linear probe for classification and Cox probe for survival; all classification tasks use macro one-vs-rest AUROC and survival uses C-index.,https://arxiv.org/pdf/2512.14019v1,parsed_primary_source,7
pathobench.exaone2025.ovarian.response,pathobench,ovarian,response,treatment_response,response,case,classification,36,exaone2025_linear_probe,macro-ovr-auc,higher,EXAONE Path 2.5 Table 4 protocol: official Patho-Bench predefined 5-fold/50-fold splits; fixed THREADS-style logistic-regression linear probe for classification and Cox probe for survival; all classification tasks use macro one-vs-rest AUROC and survival uses C-index.,https://arxiv.org/pdf/2512.14019v1,parsed_primary_source,7
pathobench.exaone2025.panda.isup-grade,pathobench,panda,isup_grade,tumor_grading,PANDA ISUP grade,slide,classification,9555,exaone2025_linear_probe,macro-ovr-auc,higher,EXAONE Path 2.5 Table 4 protocol: official Patho-Bench predefined 5-fold/50-fold splits; fixed THREADS-style logistic-regression linear probe for classification and Cox probe for survival; all classification tasks use macro one-vs-rest AUROC and survival uses C-index.,https://arxiv.org/pdf/2512.14019v1,parsed_primary_source,7
pathobench.exaone2025.sr386_.braf-mutant-binary,pathobench,sr386_,braf_mutant_binary,mutation_prediction,braf_mutant_binary,case,classification,388,exaone2025_linear_probe,macro-ovr-auc,higher,EXAONE Path 2.5 Table 4 protocol: official Patho-Bench predefined 5-fold/50-fold splits; fixed THREADS-style logistic-regression linear probe for classification and Cox probe for survival; all classification tasks use macro one-vs-rest AUROC and survival uses C-index.,https://arxiv.org/pdf/2512.14019v1,parsed_primary_source,7
pathobench.exaone2025.sr386_.died-within-5-years,pathobench,sr386_,died_within_5_years,survival_prediction,died_within_5_years,case,classification,387,exaone2025_linear_probe,macro-ovr-auc,higher,EXAONE Path 2.5 Table 4 protocol: official Patho-Bench predefined 5-fold/50-fold splits; fixed THREADS-style logistic-regression linear probe for classification and Cox probe for survival; all classification tasks use macro one-vs-rest AUROC and survival uses C-index.,https://arxiv.org/pdf/2512.14019v1,parsed_primary_source,7
pathobench.exaone2025.sr386_.mmr-loss-binary,pathobench,sr386_,mmr_loss_binary,molecular_subtyping,mmr_loss_binary,case,classification,389,exaone2025_linear_probe,macro-ovr-auc,higher,EXAONE Path 2.5 Table 4 protocol: official Patho-Bench predefined 5-fold/50-fold splits; fixed THREADS-style logistic-regression linear probe for classification and Cox probe for survival; all classification tasks use macro one-vs-rest AUROC and survival uses C-index.,https://arxiv.org/pdf/2512.14019v1,parsed_primary_source,7
pathobench.exaone2025.sr386_.os,pathobench,sr386_,OS,survival_prediction,OS,case,survival,144,exaone2025_cox_probe,cindex,higher,EXAONE Path 2.5 Table 4 protocol: official Patho-Bench predefined 5-fold/50-fold splits; fixed THREADS-style logistic-regression linear probe for classification and Cox probe for survival; all classification tasks use macro one-vs-rest AUROC and survival uses C-index.,https://arxiv.org/pdf/2512.14019v1,parsed_primary_source,7
pathobench.exaone2025.sr386_.ras-mutant-binary,pathobench,sr386_,ras_mutant_binary,mutation_prediction,ras_mutant_binary,case,classification,389,exaone2025_linear_probe,macro-ovr-auc,higher,EXAONE Path 2.5 Table 4 protocol: official Patho-Bench predefined 5-fold/50-fold splits; fixed THREADS-style logistic-regression linear probe for classification and Cox probe for survival; all classification tasks use macro one-vs-rest AUROC and survival uses C-index.,https://arxiv.org/pdf/2512.14019v1,parsed_primary_source,7
pathobench.exaone2025.visiomel.relapse-noprev-melanoma,pathobench,visiomel,relapse_noprev_melanoma,survival_prediction,relapse_noprev_melanoma,case,classification,584,exaone2025_linear_probe,macro-ovr-auc,higher,EXAONE Path 2.5 Table 4 protocol: official Patho-Bench predefined 5-fold/50-fold splits; fixed THREADS-style logistic-regression linear probe for classification and Cox probe for survival; all classification tasks use macro one-vs-rest AUROC and survival uses C-index.,https://arxiv.org/pdf/2512.14019v1,parsed_primary_source,7
pathobench.exaone2025.visiomel.relapse-overall,pathobench,visiomel,relapse_overall,survival_prediction,relapse_overall,case,classification,1341,exaone2025_linear_probe,macro-ovr-auc,higher,EXAONE Path 2.5 Table 4 protocol: official Patho-Bench predefined 5-fold/50-fold splits; fixed THREADS-style logistic-regression linear probe for classification and Cox probe for survival; all classification tasks use macro one-vs-rest AUROC and survival uses C-index.,https://arxiv.org/pdf/2512.14019v1,parsed_primary_source,7
pathobench.hancook.grading-scc-conventional-keratinizing,pathobench,hancook,grading_SCC_Conventional_Keratinizing,tumor_grading,grading_SCC_Conventional_Keratinizing,case,classification,383,case_level_classification,weighted_kappa,higher,Public Patho-Bench split and task metadata; downstream protocol is task-specific in Patho-Bench.,https://huggingface.co/datasets/MahmoodLab/Patho-Bench/blob/60fde3a9138b2fb27a163ed6f3e2cf0ef7e8f387/hancook/grading_SCC_Conventional_Keratinizing/config.yaml,parsed_primary_source,0
pathobench.hancook.grading-scc-conventional-nonkeratinizing,pathobench,hancook,grading_SCC_Conventional_NonKeratinizing,tumor_grading,grading_SCC_Conventional_NonKeratinizing,case,classification,74,case_level_classification,weighted_kappa,higher,Public Patho-Bench split and task metadata; downstream protocol is task-specific in Patho-Bench.,https://huggingface.co/datasets/MahmoodLab/Patho-Bench/blob/60fde3a9138b2fb27a163ed6f3e2cf0ef7e8f387/hancook/grading_SCC_Conventional_NonKeratinizing/config.yaml,parsed_primary_source,0
pathobench.hancook.lymphovascular-invasion-l,pathobench,hancook,lymphovascular_invasion_L,tme_characterization,lymphovascular_invasion_L,case,classification,697,case_level_classification,macro-ovr-auc,higher,Public Patho-Bench split and task metadata; downstream protocol is task-specific in Patho-Bench.,https://huggingface.co/datasets/MahmoodLab/Patho-Bench/blob/60fde3a9138b2fb27a163ed6f3e2cf0ef7e8f387/hancook/lymphovascular_invasion_L/config.yaml,parsed_primary_source,0
pathobench.hancook.os-treatment-rdc,pathobench,hancook,OS_treatment_rdc,survival_prediction,OS_treatment_rdc,case,survival,203,case_level_survival,cindex,higher,Public Patho-Bench split and task metadata; downstream protocol is task-specific in Patho-Bench.,https://huggingface.co/datasets/MahmoodLab/Patho-Bench/blob/60fde3a9138b2fb27a163ed6f3e2cf0ef7e8f387/hancook/OS_treatment_rdc/config.yaml,parsed_primary_source,0
pathobench.hancook.perineural-invasion-pn,pathobench,hancook,perineural_invasion_Pn,tme_characterization,perineural_invasion_Pn,case,classification,697,case_level_classification,macro-ovr-auc,higher,Public Patho-Bench split and task metadata; downstream protocol is task-specific in Patho-Bench.,https://huggingface.co/datasets/MahmoodLab/Patho-Bench/blob/60fde3a9138b2fb27a163ed6f3e2cf0ef7e8f387/hancook/perineural_invasion_Pn/config.yaml,parsed_primary_source,0
pathobench.hancook.primarily-metastasis,pathobench,hancook,primarily_metastasis,tme_characterization,primarily_metastasis,case,classification,676,case_level_classification,macro-ovr-auc,higher,Public Patho-Bench split and task metadata; downstream protocol is task-specific in Patho-Bench.,https://huggingface.co/datasets/MahmoodLab/Patho-Bench/blob/60fde3a9138b2fb27a163ed6f3e2cf0ef7e8f387/hancook/primarily_metastasis/config.yaml,parsed_primary_source,0
pathobench.hancook.primary-tumor-site,pathobench,hancook,primary_tumor_site,morphological_subtyping,primary_tumor_site,case,classification,696,case_level_classification,bacc,higher,Public Patho-Bench split and task metadata; downstream protocol is task-specific in Patho-Bench.,https://huggingface.co/datasets/MahmoodLab/Patho-Bench/blob/60fde3a9138b2fb27a163ed6f3e2cf0ef7e8f387/hancook/primary_tumor_site/config.yaml,parsed_primary_source,0
pathobench.hancook.vascular-invasion-v,pathobench,hancook,vascular_invasion_V,tme_characterization,vascular_invasion_V,case,classification,697,case_level_classification,macro-ovr-auc,higher,Public Patho-Bench split and task metadata; downstream protocol is task-specific in Patho-Bench.,https://huggingface.co/datasets/MahmoodLab/Patho-Bench/blob/60fde3a9138b2fb27a163ed6f3e2cf0ef7e8f387/hancook/vascular_invasion_V/config.yaml,parsed_primary_source,0
pathobench.herroi.response,pathobench,herroi,response,treatment_response,response,slide,classification,85,slide_level_classification,macro-ovr-auc,higher,Public Patho-Bench split and task metadata; downstream protocol is task-specific in Patho-Bench.,https://huggingface.co/datasets/MahmoodLab/Patho-Bench/blob/60fde3a9138b2fb27a163ed6f3e2cf0ef7e8f387/herroi/response/config.yaml,parsed_primary_source,0
pathobench.imp.grade,pathobench,imp,grade,tumor_grading,grade,slide,classification,5333,slide_level_classification,weighted_kappa,higher,Public Patho-Bench split and task metadata; downstream protocol is task-specific in Patho-Bench.,https://huggingface.co/datasets/MahmoodLab/Patho-Bench/blob/60fde3a9138b2fb27a163ed6f3e2cf0ef7e8f387/imp/grade/config.yaml,parsed_primary_source,0
pathobench.mbc_.os,pathobench,mbc_,OS,survival_prediction,OS,case,survival,75,case_level_survival,cindex,higher,Public Patho-Bench split and task metadata; downstream protocol is task-specific in Patho-Bench.,https://huggingface.co/datasets/MahmoodLab/Patho-Bench/blob/60fde3a9138b2fb27a163ed6f3e2cf0ef7e8f387/mbc_/OS/config.yaml,parsed_primary_source,0
pathobench.mbc_.recist,pathobench,mbc_,Recist,treatment_response,Recist,case,classification,76,case_level_classification,weighted_kappa,higher,Public Patho-Bench split and task metadata; downstream protocol is task-specific in Patho-Bench.,https://huggingface.co/datasets/MahmoodLab/Patho-Bench/blob/60fde3a9138b2fb27a163ed6f3e2cf0ef7e8f387/mbc_/Recist/config.yaml,parsed_primary_source,0
pathobench.mut-het-rcc.bap1-mutation,pathobench,mut-het-rcc,BAP1_mutation,mutation_prediction,BAP1_mutation,case,classification,1291,case_level_classification,macro-ovr-auc,higher,Public Patho-Bench split and task metadata; downstream protocol is task-specific in Patho-Bench.,https://huggingface.co/datasets/MahmoodLab/Patho-Bench/blob/60fde3a9138b2fb27a163ed6f3e2cf0ef7e8f387/mut-het-rcc/BAP1_mutation/config.yaml,parsed_primary_source,0
pathobench.mut-het-rcc.pbrm1-mutation,pathobench,mut-het-rcc,PBRM1_mutation,mutation_prediction,PBRM1_mutation,case,classification,1291,case_level_classification,macro-ovr-auc,higher,Public Patho-Bench split and task metadata; downstream protocol is task-specific in Patho-Bench.,https://huggingface.co/datasets/MahmoodLab/Patho-Bench/blob/60fde3a9138b2fb27a163ed6f3e2cf0ef7e8f387/mut-het-rcc/PBRM1_mutation/config.yaml,parsed_primary_source,0
pathobench.mut-het-rcc.setd2-mutation,pathobench,mut-het-rcc,SETD2_mutation,mutation_prediction,SETD2_mutation,case,classification,1291,case_level_classification,macro-ovr-auc,higher,Public Patho-Bench split and task metadata; downstream protocol is task-specific in Patho-Bench.,https://huggingface.co/datasets/MahmoodLab/Patho-Bench/blob/60fde3a9138b2fb27a163ed6f3e2cf0ef7e8f387/mut-het-rcc/SETD2_mutation/config.yaml,parsed_primary_source,0
pathobench.nadt.response,pathobench,nadt,response,treatment_response,response,case,classification,36,case_level_classification,macro-ovr-auc,higher,Public Patho-Bench split and task metadata; downstream protocol is task-specific in Patho-Bench.,https://huggingface.co/datasets/MahmoodLab/Patho-Bench/blob/60fde3a9138b2fb27a163ed6f3e2cf0ef7e8f387/nadt/response/config.yaml,parsed_primary_source,0
pathobench.natbrca.lymphovascular-invasion,pathobench,natbrca,lymphovascular_invasion,tme_characterization,lymphovascular_invasion,slide,classification,53,slide_level_classification,macro-ovr-auc,higher,Public Patho-Bench split and task metadata; downstream protocol is task-specific in Patho-Bench.,https://huggingface.co/datasets/MahmoodLab/Patho-Bench/blob/60fde3a9138b2fb27a163ed6f3e2cf0ef7e8f387/natbrca/lymphovascular_invasion/config.yaml,parsed_primary_source,0
pathobench.ovarian.response,pathobench,ovarian,response,treatment_response,response,case,classification,36,case_level_classification,macro-ovr-auc,higher,Public Patho-Bench split and task metadata; downstream protocol is task-specific in Patho-Bench.,https://huggingface.co/datasets/MahmoodLab/Patho-Bench/blob/60fde3a9138b2fb27a163ed6f3e2cf0ef7e8f387/ovarian/response/config.yaml,parsed_primary_source,0
pathobench.panda.isup-grade,pathobench,panda,isup_grade,tumor_grading,PANDA ISUP grade,slide,classification,9555,slide_level_classification,weighted_kappa,higher,Public Patho-Bench split and task metadata; downstream protocol is task-specific in Patho-Bench.,https://huggingface.co/datasets/MahmoodLab/Patho-Bench/blob/60fde3a9138b2fb27a163ed6f3e2cf0ef7e8f387/panda/isup_grade/config.yaml,parsed_primary_source,0
pathobench.sr386_.braf-mutant-binary,pathobench,sr386_,braf_mutant_binary,mutation_prediction,braf_mutant_binary,case,classification,388,case_level_classification,macro-ovr-auc,higher,Public Patho-Bench split and task metadata; downstream protocol is task-specific in Patho-Bench.,https://huggingface.co/datasets/MahmoodLab/Patho-Bench/blob/60fde3a9138b2fb27a163ed6f3e2cf0ef7e8f387/sr386_/braf_mutant_binary/config.yaml,parsed_primary_source,0
pathobench.sr386_.died-within-5-years,pathobench,sr386_,died_within_5_years,survival_prediction,died_within_5_years,case,classification,387,case_level_classification,macro-ovr-auc,higher,Public Patho-Bench split and task metadata; downstream protocol is task-specific in Patho-Bench.,https://huggingface.co/datasets/MahmoodLab/Patho-Bench/blob/60fde3a9138b2fb27a163ed6f3e2cf0ef7e8f387/sr386_/died_within_5_years/config.yaml,parsed_primary_source,0
pathobench.sr386_.mmr-loss-binary,pathobench,sr386_,mmr_loss_binary,molecular_subtyping,mmr_loss_binary,case,classification,389,case_level_classification,macro-ovr-auc,higher,Public Patho-Bench split and task metadata; downstream protocol is task-specific in Patho-Bench.,https://huggingface.co/datasets/MahmoodLab/Patho-Bench/blob/60fde3a9138b2fb27a163ed6f3e2cf0ef7e8f387/sr386_/mmr_loss_binary/config.yaml,parsed_primary_source,0
pathobench.sr386_.os,pathobench,sr386_,OS,survival_prediction,OS,case,survival,144,case_level_survival,cindex,higher,Public Patho-Bench split and task metadata; downstream protocol is task-specific in Patho-Bench.,https://huggingface.co/datasets/MahmoodLab/Patho-Bench/blob/60fde3a9138b2fb27a163ed6f3e2cf0ef7e8f387/sr386_/OS/config.yaml,parsed_primary_source,0
pathobench.sr386_.ras-mutant-binary,pathobench,sr386_,ras_mutant_binary,mutation_prediction,ras_mutant_binary,case,classification,389,case_level_classification,macro-ovr-auc,higher,Public Patho-Bench split and task metadata; downstream protocol is task-specific in Patho-Bench.,https://huggingface.co/datasets/MahmoodLab/Patho-Bench/blob/60fde3a9138b2fb27a163ed6f3e2cf0ef7e8f387/sr386_/ras_mutant_binary/config.yaml,parsed_primary_source,0
pathobench.threads2025.bcnb.er,pathobench,bcnb,er,molecular_subtyping,er,case,classification,1058,threads2025_balanced_linear_probe,macro-ovr-auc,higher,"THREADS Extended Data protocol: frozen representation, balanced linear probe with fixed cost 0.5 for classification or paper-reported CoxNet for survival, evaluated on the Patho-Bench-v1 public split/fold recipe.",https://arxiv.org/html/2501.16652v1#S0.T11,parsed_primary_source,8
pathobench.threads2025.bcnb.her2,pathobench,bcnb,her2,molecular_subtyping,her2,case,classification,1058,threads2025_balanced_linear_probe,macro-ovr-auc,higher,"THREADS Extended Data protocol: frozen representation, balanced linear probe with fixed cost 0.5 for classification or paper-reported CoxNet for survival, evaluated on the Patho-Bench-v1 public split/fold recipe.",https://arxiv.org/html/2501.16652v1#S0.T11,parsed_primary_source,8
pathobench.threads2025.bcnb.pr,pathobench,bcnb,pr,molecular_subtyping,pr,case,classification,1058,threads2025_balanced_linear_probe,macro-ovr-auc,higher,"THREADS Extended Data protocol: frozen representation, balanced linear probe with fixed cost 0.5 for classification or paper-reported CoxNet for survival, evaluated on the Patho-Bench-v1 public split/fold recipe.",https://arxiv.org/html/2501.16652v1#S0.T11,parsed_primary_source,8
pathobench.threads2025.boehmk_.pfs,pathobench,boehmk_,PFS,survival_prediction,PFS,case,survival,183,threads2025_coxnet,cindex,higher,"THREADS Extended Data protocol: frozen representation, balanced linear probe with fixed cost 0.5 for classification or paper-reported CoxNet for survival, evaluated on the Patho-Bench-v1 public split/fold recipe.",https://arxiv.org/html/2501.16652v1#S0.T37,parsed_primary_source,8
pathobench.threads2025.bracs.slidelevel-coarse,pathobench,bracs,slidelevel_coarse,morphological_subtyping,slidelevel_coarse,slide,classification,547,threads2025_balanced_linear_probe,bacc,higher,"THREADS Extended Data protocol: frozen representation, balanced linear probe with fixed cost 0.5 for classification or paper-reported CoxNet for survival, evaluated on the Patho-Bench-v1 public split/fold recipe.",https://arxiv.org/html/2501.16652v1#S0.T23,parsed_primary_source,8
pathobench.threads2025.bracs.slidelevel-fine,pathobench,bracs,slidelevel_fine,morphological_subtyping,slidelevel_fine,slide,classification,547,threads2025_balanced_linear_probe,bacc,higher,"THREADS Extended Data protocol: frozen representation, balanced linear probe with fixed cost 0.5 for classification or paper-reported CoxNet for survival, evaluated on the Patho-Bench-v1 public split/fold recipe.",https://arxiv.org/html/2501.16652v1#S0.T23,parsed_primary_source,8
pathobench.threads2025.cptac_brca.pik3ca-mutation,pathobench,cptac_brca,PIK3CA_mutation,mutation_prediction,PIK3CA_mutation,case,classification,103,threads2025_balanced_linear_probe,macro-ovr-auc,higher,"THREADS Extended Data protocol: frozen representation, balanced linear probe with fixed cost 0.5 for classification or paper-reported CoxNet for survival, evaluated on the Patho-Bench-v1 public split/fold recipe.",https://arxiv.org/html/2501.16652v1#S0.T15,parsed_primary_source,8
pathobench.threads2025.cptac_brca.tp53-mutation,pathobench,cptac_brca,TP53_mutation,mutation_prediction,TP53_mutation,case,classification,103,threads2025_balanced_linear_probe,macro-ovr-auc,higher,"THREADS Extended Data protocol: frozen representation, balanced linear probe with fixed cost 0.5 for classification or paper-reported CoxNet for survival, evaluated on the Patho-Bench-v1 public split/fold recipe.",https://arxiv.org/html/2501.16652v1#S0.T15,parsed_primary_source,8
pathobench.threads2025.cptac_ccrcc.bap1-mutation,pathobench,cptac_ccrcc,BAP1_mutation,mutation_prediction,BAP1_mutation,case,classification,103,threads2025_balanced_linear_probe,macro-ovr-auc,higher,"THREADS Extended Data protocol: frozen representation, balanced linear probe with fixed cost 0.5 for classification or paper-reported CoxNet for survival, evaluated on the Patho-Bench-v1 public split/fold recipe.",https://arxiv.org/html/2501.16652v1#S0.T16,parsed_primary_source,8
pathobench.threads2025.cptac_ccrcc.os,pathobench,cptac_ccrcc,OS,survival_prediction,OS,case,survival,94,threads2025_coxnet,cindex,higher,"THREADS Extended Data protocol: frozen representation, balanced linear probe with fixed cost 0.5 for classification or paper-reported CoxNet for survival, evaluated on the Patho-Bench-v1 public split/fold recipe.",https://arxiv.org/html/2501.16652v1#S0.T33,parsed_primary_source,8
pathobench.threads2025.cptac_ccrcc.pbrm1-mutation,pathobench,cptac_ccrcc,PBRM1_mutation,mutation_prediction,PBRM1_mutation,case,classification,103,threads2025_balanced_linear_probe,macro-ovr-auc,higher,"THREADS Extended Data protocol: frozen representation, balanced linear probe with fixed cost 0.5 for classification or paper-reported CoxNet for survival, evaluated on the Patho-Bench-v1 public split/fold recipe.",https://arxiv.org/html/2501.16652v1#S0.T16,parsed_primary_source,8
pathobench.threads2025.cptac_coad.kras-mutation,pathobench,cptac_coad,KRAS_mutation,mutation_prediction,KRAS_mutation,case,classification,94,threads2025_balanced_linear_probe,macro-ovr-auc,higher,"THREADS Extended Data protocol: frozen representation, balanced linear probe with fixed cost 0.5 for classification or paper-reported CoxNet for survival, evaluated on the Patho-Bench-v1 public split/fold recipe.",https://arxiv.org/html/2501.16652v1#S0.T17,parsed_primary_source,8
pathobench.threads2025.cptac_coad.tp53-mutation,pathobench,cptac_coad,TP53_mutation,mutation_prediction,TP53_mutation,case,classification,94,threads2025_balanced_linear_probe,macro-ovr-auc,higher,"THREADS Extended Data protocol: frozen representation, balanced linear probe with fixed cost 0.5 for classification or paper-reported CoxNet for survival, evaluated on the Patho-Bench-v1 public split/fold recipe.",https://arxiv.org/html/2501.16652v1#S0.T17,parsed_primary_source,8
pathobench.threads2025.cptac_gbm.egfr-mutation,pathobench,cptac_gbm,EGFR_mutation,mutation_prediction,EGFR_mutation,case,classification,99,threads2025_balanced_linear_probe,macro-ovr-auc,higher,"THREADS Extended Data protocol: frozen representation, balanced linear probe with fixed cost 0.5 for classification or paper-reported CoxNet for survival, evaluated on the Patho-Bench-v1 public split/fold recipe.",https://arxiv.org/html/2501.16652v1#S0.T18,parsed_primary_source,8
pathobench.threads2025.cptac_gbm.tp53-mutation,pathobench,cptac_gbm,TP53_mutation,mutation_prediction,TP53_mutation,case,classification,99,threads2025_balanced_linear_probe,macro-ovr-auc,higher,"THREADS Extended Data protocol: frozen representation, balanced linear probe with fixed cost 0.5 for classification or paper-reported CoxNet for survival, evaluated on the Patho-Bench-v1 public split/fold recipe.",https://arxiv.org/html/2501.16652v1#S0.T18,parsed_primary_source,8
pathobench.threads2025.cptac_hnsc.casp8-mutation,pathobench,cptac_hnsc,CASP8_mutation,mutation_prediction,CASP8_mutation,case,classification,107,threads2025_balanced_linear_probe,macro-ovr-auc,higher,"THREADS Extended Data protocol: frozen representation, balanced linear probe with fixed cost 0.5 for classification or paper-reported CoxNet for survival, evaluated on the Patho-Bench-v1 public split/fold recipe.",https://arxiv.org/html/2501.16652v1#S0.T19,parsed_primary_source,8
pathobench.threads2025.cptac_hnsc.os,pathobench,cptac_hnsc,OS,survival_prediction,OS,case,survival,102,threads2025_coxnet,cindex,higher,"THREADS Extended Data protocol: frozen representation, balanced linear probe with fixed cost 0.5 for classification or paper-reported CoxNet for survival, evaluated on the Patho-Bench-v1 public split/fold recipe.",https://arxiv.org/html/2501.16652v1#S0.T34,parsed_primary_source,8
pathobench.threads2025.cptac_lscc.arid1a-mutation,pathobench,cptac_lscc,ARID1A_mutation,mutation_prediction,ARID1A_mutation,case,classification,108,threads2025_balanced_linear_probe,macro-ovr-auc,higher,"THREADS Extended Data protocol: frozen representation, balanced linear probe with fixed cost 0.5 for classification or paper-reported CoxNet for survival, evaluated on the Patho-Bench-v1 public split/fold recipe.",https://arxiv.org/html/2501.16652v1#S0.T20,parsed_primary_source,8
pathobench.threads2025.cptac_lscc.keap1-mutation,pathobench,cptac_lscc,KEAP1_mutation,mutation_prediction,KEAP1_mutation,case,classification,108,threads2025_balanced_linear_probe,macro-ovr-auc,higher,"THREADS Extended Data protocol: frozen representation, balanced linear probe with fixed cost 0.5 for classification or paper-reported CoxNet for survival, evaluated on the Patho-Bench-v1 public split/fold recipe.",https://arxiv.org/html/2501.16652v1#S0.T20,parsed_primary_source,8
pathobench.threads2025.cptac_luad.egfr-mutation,pathobench,cptac_luad,EGFR_mutation,mutation_prediction,EGFR_mutation,case,classification,108,threads2025_balanced_linear_probe,macro-ovr-auc,higher,"THREADS Extended Data protocol: frozen representation, balanced linear probe with fixed cost 0.5 for classification or paper-reported CoxNet for survival, evaluated on the Patho-Bench-v1 public split/fold recipe.",https://arxiv.org/html/2501.16652v1#S0.T21,parsed_primary_source,8
pathobench.threads2025.cptac_luad.os,pathobench,cptac_luad,OS,survival_prediction,OS,case,survival,105,threads2025_coxnet,cindex,higher,"THREADS Extended Data protocol: frozen representation, balanced linear probe with fixed cost 0.5 for classification or paper-reported CoxNet for survival, evaluated on the Patho-Bench-v1 public split/fold recipe.",https://arxiv.org/html/2501.16652v1#S0.T32,parsed_primary_source,8
pathobench.threads2025.cptac_luad.stk11-mutation,pathobench,cptac_luad,STK11_mutation,mutation_prediction,STK11_mutation,case,classification,108,threads2025_balanced_linear_probe,macro-ovr-auc,higher,"THREADS Extended Data protocol: frozen representation, balanced linear probe with fixed cost 0.5 for classification or paper-reported CoxNet for survival, evaluated on the Patho-Bench-v1 public split/fold recipe.",https://arxiv.org/html/2501.16652v1#S0.T21,parsed_primary_source,8
pathobench.threads2025.cptac_luad.tp53-mutation,pathobench,cptac_luad,TP53_mutation,mutation_prediction,TP53_mutation,case,classification,108,threads2025_balanced_linear_probe,macro-ovr-auc,higher,"THREADS Extended Data protocol: frozen representation, balanced linear probe with fixed cost 0.5 for classification or paper-reported CoxNet for survival, evaluated on the Patho-Bench-v1 public split/fold recipe.",https://arxiv.org/html/2501.16652v1#S0.T21,parsed_primary_source,8
pathobench.threads2025.cptac_pda.os,pathobench,cptac_pda,OS,survival_prediction,OS,case,survival,97,threads2025_coxnet,cindex,higher,"THREADS Extended Data protocol: frozen representation, balanced linear probe with fixed cost 0.5 for classification or paper-reported CoxNet for survival, evaluated on the Patho-Bench-v1 public split/fold recipe.",https://arxiv.org/html/2501.16652v1#S0.T31,parsed_primary_source,8
pathobench.threads2025.cptac_pda.smad4-mutation,pathobench,cptac_pda,SMAD4_mutation,mutation_prediction,SMAD4_mutation,case,classification,105,threads2025_balanced_linear_probe,macro-ovr-auc,higher,"THREADS Extended Data protocol: frozen representation, balanced linear probe with fixed cost 0.5 for classification or paper-reported CoxNet for survival, evaluated on the Patho-Bench-v1 public split/fold recipe.",https://arxiv.org/html/2501.16652v1#S0.T22,parsed_primary_source,8
pathobench.threads2025.ebrains.diagnosis,pathobench,ebrains,diagnosis,morphological_subtyping,diagnosis,slide,classification,2319,threads2025_balanced_linear_probe,bacc,higher,"THREADS Extended Data protocol: frozen representation, balanced linear probe with fixed cost 0.5 for classification or paper-reported CoxNet for survival, evaluated on the Patho-Bench-v1 public split/fold recipe.",https://arxiv.org/html/2501.16652v1#S0.T24,parsed_primary_source,8
pathobench.threads2025.ebrains.diagnosis-group,pathobench,ebrains,diagnosis_group,morphological_subtyping,diagnosis_group,slide,classification,2319,threads2025_balanced_linear_probe,bacc,higher,"THREADS Extended Data protocol: frozen representation, balanced linear probe with fixed cost 0.5 for classification or paper-reported CoxNet for survival, evaluated on the Patho-Bench-v1 public split/fold recipe.",https://arxiv.org/html/2501.16652v1#S0.T24,parsed_primary_source,8
pathobench.threads2025.imp.grade,pathobench,imp,grade,tumor_grading,grade,slide,classification,5333,threads2025_balanced_linear_probe,weighted_kappa,higher,"THREADS Extended Data protocol: frozen representation, balanced linear probe with fixed cost 0.5 for classification or paper-reported CoxNet for survival, evaluated on the Patho-Bench-v1 public split/fold recipe.",https://arxiv.org/html/2501.16652v1#S0.T13,parsed_primary_source,8
pathobench.threads2025.mbc_.os,pathobench,mbc_,OS,survival_prediction,OS,case,survival,75,threads2025_coxnet,cindex,higher,"THREADS Extended Data protocol: frozen representation, balanced linear probe with fixed cost 0.5 for classification or paper-reported CoxNet for survival, evaluated on the Patho-Bench-v1 public split/fold recipe.",https://arxiv.org/html/2501.16652v1#S0.T36,parsed_primary_source,8
pathobench.threads2025.mbc_.recist,pathobench,mbc_,Recist,treatment_response,Recist,case,classification,76,threads2025_balanced_linear_probe,weighted_kappa,higher,"THREADS Extended Data protocol: frozen representation, balanced linear probe with fixed cost 0.5 for classification or paper-reported CoxNet for survival, evaluated on the Patho-Bench-v1 public split/fold recipe.",https://arxiv.org/html/2501.16652v1#S0.T30,parsed_primary_source,8
pathobench.threads2025.mut-het-rcc.bap1-mutation,pathobench,mut-het-rcc,BAP1_mutation,mutation_prediction,BAP1_mutation,case,classification,1291,threads2025_balanced_linear_probe,macro-ovr-auc,higher,"THREADS Extended Data protocol: frozen representation, balanced linear probe with fixed cost 0.5 for classification or paper-reported CoxNet for survival, evaluated on the Patho-Bench-v1 public split/fold recipe.",https://arxiv.org/html/2501.16652v1#S0.T12,parsed_primary_source,8
pathobench.threads2025.mut-het-rcc.pbrm1-mutation,pathobench,mut-het-rcc,PBRM1_mutation,mutation_prediction,PBRM1_mutation,case,classification,1291,threads2025_balanced_linear_probe,macro-ovr-auc,higher,"THREADS Extended Data protocol: frozen representation, balanced linear probe with fixed cost 0.5 for classification or paper-reported CoxNet for survival, evaluated on the Patho-Bench-v1 public split/fold recipe.",https://arxiv.org/html/2501.16652v1#S0.T12,parsed_primary_source,8
pathobench.threads2025.mut-het-rcc.setd2-mutation,pathobench,mut-het-rcc,SETD2_mutation,mutation_prediction,SETD2_mutation,case,classification,1291,threads2025_balanced_linear_probe,macro-ovr-auc,higher,"THREADS Extended Data protocol: frozen representation, balanced linear probe with fixed cost 0.5 for classification or paper-reported CoxNet for survival, evaluated on the Patho-Bench-v1 public split/fold recipe.",https://arxiv.org/html/2501.16652v1#S0.T12,parsed_primary_source,8
pathobench.threads2025.nadt.response,pathobench,nadt,response,treatment_response,response,case,classification,36,threads2025_balanced_linear_probe,macro-ovr-auc,higher,"THREADS Extended Data protocol: frozen representation, balanced linear probe with fixed cost 0.5 for classification or paper-reported CoxNet for survival, evaluated on the Patho-Bench-v1 public split/fold recipe.",https://arxiv.org/html/2501.16652v1#S0.T26,parsed_primary_source,8
pathobench.threads2025.natbrca.lymphovascular-invasion,pathobench,natbrca,lymphovascular_invasion,tme_characterization,lymphovascular_invasion,slide,classification,53,threads2025_balanced_linear_probe,macro-ovr-auc,higher,"THREADS Extended Data protocol: frozen representation, balanced linear probe with fixed cost 0.5 for classification or paper-reported CoxNet for survival, evaluated on the Patho-Bench-v1 public split/fold recipe.",https://arxiv.org/html/2501.16652v1#S0.T28,parsed_primary_source,8
pathobench.threads2025.ovarian.response,pathobench,ovarian,response,treatment_response,response,case,classification,36,threads2025_balanced_linear_probe,macro-ovr-auc,higher,"THREADS Extended Data protocol: frozen representation, balanced linear probe with fixed cost 0.5 for classification or paper-reported CoxNet for survival, evaluated on the Patho-Bench-v1 public split/fold recipe.",https://arxiv.org/html/2501.16652v1#S0.T25,parsed_primary_source,8
pathobench.threads2025.panda.isup-grade,pathobench,panda,isup_grade,tumor_grading,PANDA ISUP grade,slide,classification,9555,threads2025_balanced_linear_probe,weighted_kappa,higher,"THREADS Extended Data protocol: frozen representation, balanced linear probe with fixed cost 0.5 for classification or paper-reported CoxNet for survival, evaluated on the Patho-Bench-v1 public split/fold recipe.",https://arxiv.org/html/2501.16652v1#S0.T14,parsed_primary_source,8
pathobench.threads2025.sr386_.braf-mutant-binary,pathobench,sr386_,braf_mutant_binary,mutation_prediction,braf_mutant_binary,case,classification,388,threads2025_balanced_linear_probe,macro-ovr-auc,higher,"THREADS Extended Data protocol: frozen representation, balanced linear probe with fixed cost 0.5 for classification or paper-reported CoxNet for survival, evaluated on the Patho-Bench-v1 public split/fold recipe.",https://arxiv.org/html/2501.16652v1#S0.T29,parsed_primary_source,8
pathobench.threads2025.sr386_.died-within-5-years,pathobench,sr386_,died_within_5_years,survival_prediction,died_within_5_years,case,classification,387,threads2025_balanced_linear_probe,macro-ovr-auc,higher,"THREADS Extended Data protocol: frozen representation, balanced linear probe with fixed cost 0.5 for classification or paper-reported CoxNet for survival, evaluated on the Patho-Bench-v1 public split/fold recipe.",https://arxiv.org/html/2501.16652v1#S0.T29,parsed_primary_source,8
pathobench.threads2025.sr386_.mmr-loss-binary,pathobench,sr386_,mmr_loss_binary,molecular_subtyping,mmr_loss_binary,case,classification,389,threads2025_balanced_linear_probe,macro-ovr-auc,higher,"THREADS Extended Data protocol: frozen representation, balanced linear probe with fixed cost 0.5 for classification or paper-reported CoxNet for survival, evaluated on the Patho-Bench-v1 public split/fold recipe.",https://arxiv.org/html/2501.16652v1#S0.T29,parsed_primary_source,8
pathobench.threads2025.sr386_.os,pathobench,sr386_,OS,survival_prediction,OS,case,survival,144,threads2025_coxnet,cindex,higher,"THREADS Extended Data protocol: frozen representation, balanced linear probe with fixed cost 0.5 for classification or paper-reported CoxNet for survival, evaluated on the Patho-Bench-v1 public split/fold recipe.",https://arxiv.org/html/2501.16652v1#S0.T35,parsed_primary_source,8
pathobench.threads2025.sr386_.ras-mutant-binary,pathobench,sr386_,ras_mutant_binary,mutation_prediction,ras_mutant_binary,case,classification,389,threads2025_balanced_linear_probe,macro-ovr-auc,higher,"THREADS Extended Data protocol: frozen representation, balanced linear probe with fixed cost 0.5 for classification or paper-reported CoxNet for survival, evaluated on the Patho-Bench-v1 public split/fold recipe.",https://arxiv.org/html/2501.16652v1#S0.T29,parsed_primary_source,8
pathobench.ucla_lung.progression-regression,pathobench,ucla_lung,progression_regression,treatment_response,progression_regression,case,classification,112,case_level_classification,macro-ovr-auc,higher,Public Patho-Bench split and task metadata; downstream protocol is task-specific in Patho-Bench.,https://huggingface.co/datasets/MahmoodLab/Patho-Bench/blob/60fde3a9138b2fb27a163ed6f3e2cf0ef7e8f387/ucla_lung/progression_regression/config.yaml,parsed_primary_source,0
pathobench.visiomel.relapse-noprev-melanoma,pathobench,visiomel,relapse_noprev_melanoma,survival_prediction,relapse_noprev_melanoma,case,classification,584,case_level_classification,macro-ovr-auc,higher,Public Patho-Bench split and task metadata; downstream protocol is task-specific in Patho-Bench.,https://huggingface.co/datasets/MahmoodLab/Patho-Bench/blob/60fde3a9138b2fb27a163ed6f3e2cf0ef7e8f387/visiomel/relapse_noprev_melanoma/config.yaml,parsed_primary_source,0
pathobench.visiomel.relapse-overall,pathobench,visiomel,relapse_overall,survival_prediction,relapse_overall,case,classification,1341,case_level_classification,macro-ovr-auc,higher,Public Patho-Bench split and task metadata; downstream protocol is task-specific in Patho-Bench.,https://huggingface.co/datasets/MahmoodLab/Patho-Bench/blob/60fde3a9138b2fb27a163ed6f3e2cf0ef7e8f387/visiomel/relapse_overall/config.yaml,parsed_primary_source,0
pathorob.camelyon.average_performance_drop,pathorob,camelyon,camelyon average_performance_drop,shortcut_generalization,average_performance_drop,patch,robustness_analysis,not_reported,average_performance_drop,average_performance_drop,higher,"PathoROB endpoint catalog across TCGA 2x2, TCGA 4x4, Camelyon, and Tolkach ESCA. Signed APD is higher/closer to zero when better; APD-ID and APD-OOD require separate score-bearing protocols.",https://github.com/bifold-pathomics/PathoROB/blob/6583cf0b0d902c8cc032308262fa3a3befdc0687/README.md,parsed_primary_source,0
pathorob.camelyon.clustering_score,pathorob,camelyon,camelyon clustering_score,clustering_robustness,clustering_score,patch,robustness_analysis,not_reported,clustering_score,clustering_score,higher,"PathoROB center-robustness protocol across TCGA 2x2, TCGA 4x4, Camelyon, and Tolkach ESCA benchmark datasets.",https://github.com/bifold-pathomics/PathoROB/blob/6583cf0b0d902c8cc032308262fa3a3befdc0687/README.md,parsed_primary_source,0
pathorob.camelyon.robustness_index,pathorob,camelyon,camelyon robustness_index,representation_robustness,robustness_index,patch,robustness_analysis,not_reported,robustness_index,robustness_index,higher,"PathoROB center-robustness protocol across TCGA 2x2, TCGA 4x4, Camelyon, and Tolkach ESCA benchmark datasets.",https://github.com/bifold-pathomics/PathoROB/blob/6583cf0b0d902c8cc032308262fa3a3befdc0687/README.md,parsed_primary_source,23
pathorob.genbio2026.camelyon.apd_id,pathorob,camelyon,camelyon average_performance_drop,shortcut_generalization,apd_id,patch,robustness_analysis,not_reported,apd_id,average_performance_drop_percent,higher,Original PathoROB APD protocol; embedding=CLS + mean pooled patch tokens,https://genbio.ai/papers/genbio-pathfm.pdf,parsed_primary_source_analysis_ineligible,1
pathorob.genbio2026.camelyon.apd_ood,pathorob,camelyon,camelyon average_performance_drop,shortcut_generalization,apd_ood,patch,robustness_analysis,not_reported,apd_ood,average_performance_drop_percent,higher,Original PathoROB APD protocol; embedding=CLS + mean pooled patch tokens,https://genbio.ai/papers/genbio-pathfm.pdf,parsed_primary_source_analysis_ineligible,1
pathorob.genbio2026.camelyon.balanced_accuracy,pathorob,camelyon,camelyon balanced accuracy,classification_robustness,balanced_accuracy,patch,robustness_analysis,not_reported,balanced_accuracy,balanced_accuracy_percent,higher,Original PathoROB protocol; embedding=CLS + mean pooled patch tokens,https://genbio.ai/papers/genbio-pathfm.pdf,parsed_primary_source,1
pathorob.genbio2026.tcga.apd_id,pathorob,tcga_4x4,tcga_4x4 average_performance_drop,shortcut_generalization,apd_id,patch,robustness_analysis,not_reported,apd_id,average_performance_drop_percent,higher,Original PathoROB APD protocol; embedding=CLS + mean pooled patch tokens,https://genbio.ai/papers/genbio-pathfm.pdf,parsed_primary_source_analysis_ineligible,1
pathorob.genbio2026.tcga.apd_ood,pathorob,tcga_4x4,tcga_4x4 average_performance_drop,shortcut_generalization,apd_ood,patch,robustness_analysis,not_reported,apd_ood,average_performance_drop_percent,higher,Original PathoROB APD protocol; embedding=CLS + mean pooled patch tokens,https://genbio.ai/papers/genbio-pathfm.pdf,parsed_primary_source_analysis_ineligible,1
pathorob.genbio2026.tcga.balanced_accuracy,pathorob,tcga_4x4,tcga_4x4 balanced accuracy,classification_robustness,balanced_accuracy,patch,robustness_analysis,not_reported,balanced_accuracy,balanced_accuracy_percent,higher,Original PathoROB protocol; embedding=CLS + mean pooled patch tokens,https://genbio.ai/papers/genbio-pathfm.pdf,parsed_primary_source,1
pathorob.genbio2026.tolkach_esca.apd_id,pathorob,tolkach_esca,tolkach_esca average_performance_drop,shortcut_generalization,apd_id,patch,robustness_analysis,not_reported,apd_id,average_performance_drop_percent,higher,Original PathoROB APD protocol; embedding=CLS + mean pooled patch tokens,https://genbio.ai/papers/genbio-pathfm.pdf,parsed_primary_source_analysis_ineligible,1
pathorob.genbio2026.tolkach_esca.apd_ood,pathorob,tolkach_esca,tolkach_esca average_performance_drop,shortcut_generalization,apd_ood,patch,robustness_analysis,not_reported,apd_ood,average_performance_drop_percent,higher,Original PathoROB APD protocol; embedding=CLS + mean pooled patch tokens,https://genbio.ai/papers/genbio-pathfm.pdf,parsed_primary_source_analysis_ineligible,1
pathorob.genbio2026.tolkach_esca.balanced_accuracy,pathorob,tolkach_esca,tolkach_esca balanced accuracy,classification_robustness,balanced_accuracy,patch,robustness_analysis,not_reported,balanced_accuracy,balanced_accuracy_percent,higher,Original PathoROB protocol; embedding=CLS + mean pooled patch tokens,https://genbio.ai/papers/genbio-pathfm.pdf,parsed_primary_source,1
pathorob.nature2026.all_datasets.apd_id,pathorob,all_datasets,all-dataset apd_id,shortcut_generalization,signed relative generalization-performance change under spurious medical-center correlation,patch,robustness_analysis,n=60 model-level observations (20 repetitions x 3 datasets),apd_id,average_performance_drop_percent,higher_closer_to_zero,"Mean signed relative accuracy change from the balanced split across all nonbaseline spurious-correlation splits, 20 repetitions, and three datasets; ID and OOD are distinct endpoints.",https://www.nature.com/articles/s41467-026-73923-2,parsed_primary_source,20
pathorob.nature2026.all_datasets.apd_ood,pathorob,all_datasets,all-dataset apd_ood,shortcut_generalization,signed relative generalization-performance change under spurious medical-center correlation,patch,robustness_analysis,n=60 model-level observations (20 repetitions x 3 datasets),apd_ood,average_performance_drop_percent,higher_closer_to_zero,"Mean signed relative accuracy change from the balanced split across all nonbaseline spurious-correlation splits, 20 repetitions, and three datasets; ID and OOD are distinct endpoints.",https://www.nature.com/articles/s41467-026-73923-2,parsed_primary_source,20
pathorob.nature2026.camelyon.clustering_score,pathorob,camelyon,camelyon clustering_score,clustering_robustness,clustering_score,patch,robustness_analysis,not_reported,clustering_score,clustering_score,higher,"K-means with cosine distance; K selected by maximum silhouette score; clustering score is ARI(biology)-ARI(medical center), averaged over balanced 2x2 combinations and 50 random initializations.",https://www.nature.com/articles/s41467-026-73923-2,parsed_primary_source,20
pathorob.nature2026.tcga_4x4.clustering_score,pathorob,tcga_4x4,tcga_4x4 clustering_score,clustering_robustness,clustering_score,patch,robustness_analysis,not_reported,clustering_score,clustering_score,higher,"K-means with cosine distance; K selected by maximum silhouette score; clustering score is ARI(biology)-ARI(medical center), averaged over balanced 2x2 combinations and 50 random initializations.",https://www.nature.com/articles/s41467-026-73923-2,parsed_primary_source,20
pathorob.nature2026.tolkach_esca.clustering_score,pathorob,tolkach_esca,tolkach_esca clustering_score,clustering_robustness,clustering_score,patch,robustness_analysis,not_reported,clustering_score,clustering_score,higher,"K-means with cosine distance; K selected by maximum silhouette score; clustering score is ARI(biology)-ARI(medical center), averaged over balanced 2x2 combinations and 50 random initializations.",https://www.nature.com/articles/s41467-026-73923-2,parsed_primary_source,20
pathorob.tcga_2x2.average_performance_drop,pathorob,tcga_2x2,tcga_2x2 average_performance_drop,shortcut_generalization,average_performance_drop,patch,robustness_analysis,not_reported,average_performance_drop,average_performance_drop,higher,"PathoROB endpoint catalog across TCGA 2x2, TCGA 4x4, Camelyon, and Tolkach ESCA. Signed APD is higher/closer to zero when better; APD-ID and APD-OOD require separate score-bearing protocols.",https://github.com/bifold-pathomics/PathoROB/blob/6583cf0b0d902c8cc032308262fa3a3befdc0687/README.md,parsed_primary_source,0
pathorob.tcga_2x2.clustering_score,pathorob,tcga_2x2,tcga_2x2 clustering_score,clustering_robustness,clustering_score,patch,robustness_analysis,not_reported,clustering_score,clustering_score,higher,"PathoROB center-robustness protocol across TCGA 2x2, TCGA 4x4, Camelyon, and Tolkach ESCA benchmark datasets.",https://github.com/bifold-pathomics/PathoROB/blob/6583cf0b0d902c8cc032308262fa3a3befdc0687/README.md,parsed_primary_source,0
pathorob.tcga_2x2.robustness_index,pathorob,tcga_2x2,tcga_2x2 robustness_index,representation_robustness,robustness_index,patch,robustness_analysis,not_reported,robustness_index,robustness_index,higher,"PathoROB center-robustness protocol across TCGA 2x2, TCGA 4x4, Camelyon, and Tolkach ESCA benchmark datasets.",https://github.com/bifold-pathomics/PathoROB/blob/6583cf0b0d902c8cc032308262fa3a3befdc0687/README.md,parsed_primary_source,23
pathorob.tcga_4x4.average_performance_drop,pathorob,tcga_4x4,tcga_4x4 average_performance_drop,shortcut_generalization,average_performance_drop,patch,robustness_analysis,not_reported,average_performance_drop,average_performance_drop,higher,"PathoROB endpoint catalog across TCGA 2x2, TCGA 4x4, Camelyon, and Tolkach ESCA. Signed APD is higher/closer to zero when better; APD-ID and APD-OOD require separate score-bearing protocols.",https://github.com/bifold-pathomics/PathoROB/blob/6583cf0b0d902c8cc032308262fa3a3befdc0687/README.md,parsed_primary_source,0
pathorob.tcga_4x4.clustering_score,pathorob,tcga_4x4,tcga_4x4 clustering_score,clustering_robustness,clustering_score,patch,robustness_analysis,not_reported,clustering_score,clustering_score,higher,"PathoROB center-robustness protocol across TCGA 2x2, TCGA 4x4, Camelyon, and Tolkach ESCA benchmark datasets.",https://github.com/bifold-pathomics/PathoROB/blob/6583cf0b0d902c8cc032308262fa3a3befdc0687/README.md,parsed_primary_source,0
pathorob.tcga_4x4.robustness_index,pathorob,tcga_4x4,tcga_4x4 robustness_index,representation_robustness,robustness_index,patch,robustness_analysis,not_reported,robustness_index,robustness_index,higher,"PathoROB center-robustness protocol across TCGA 2x2, TCGA 4x4, Camelyon, and Tolkach ESCA benchmark datasets.",https://github.com/bifold-pathomics/PathoROB/blob/6583cf0b0d902c8cc032308262fa3a3befdc0687/README.md,parsed_primary_source,0
pathorob.tolkach_esca.average_performance_drop,pathorob,tolkach_esca,tolkach_esca average_performance_drop,shortcut_generalization,average_performance_drop,patch,robustness_analysis,not_reported,average_performance_drop,average_performance_drop,higher,"PathoROB endpoint catalog across TCGA 2x2, TCGA 4x4, Camelyon, and Tolkach ESCA. Signed APD is higher/closer to zero when better; APD-ID and APD-OOD require separate score-bearing protocols.",https://github.com/bifold-pathomics/PathoROB/blob/6583cf0b0d902c8cc032308262fa3a3befdc0687/README.md,parsed_primary_source,0
pathorob.tolkach_esca.clustering_score,pathorob,tolkach_esca,tolkach_esca clustering_score,clustering_robustness,clustering_score,patch,robustness_analysis,not_reported,clustering_score,clustering_score,higher,"PathoROB center-robustness protocol across TCGA 2x2, TCGA 4x4, Camelyon, and Tolkach ESCA benchmark datasets.",https://github.com/bifold-pathomics/PathoROB/blob/6583cf0b0d902c8cc032308262fa3a3befdc0687/README.md,parsed_primary_source,0
pathorob.tolkach_esca.robustness_index,pathorob,tolkach_esca,tolkach_esca robustness_index,representation_robustness,robustness_index,patch,robustness_analysis,not_reported,robustness_index,robustness_index,higher,"PathoROB center-robustness protocol across TCGA 2x2, TCGA 4x4, Camelyon, and Tolkach ESCA benchmark datasets.",https://github.com/bifold-pathomics/PathoROB/blob/6583cf0b0d902c8cc032308262fa3a3befdc0687/README.md,parsed_primary_source,23
phikon-v2.phikonv2.t2.er.bcnb.auroc,phikon_v2_external,er-on-bcnb,ER on BCNB,classification,ER on BCNB,slide,classification,not_reported,external-cohort ABMIL evaluation,auroc,higher,external-cohort ABMIL evaluation; embedding=frozen tile features with ABMIL; magnification=0.5 µm/px except CTransPath comparator at 1.0 µm/px,https://arxiv.org/abs/2409.09173v1,parsed_primary_source,1
phikon-v2.phikonv2.t2.her2.bcnb.auroc,phikon_v2_external,her2-on-bcnb,HER2 on BCNB,classification,HER2 on BCNB,slide,classification,not_reported,external-cohort ABMIL evaluation,auroc,higher,external-cohort ABMIL evaluation; embedding=frozen tile features with ABMIL; magnification=0.5 µm/px except CTransPath comparator at 1.0 µm/px,https://arxiv.org/abs/2409.09173v1,parsed_primary_source,1
phikon-v2.phikonv2.t2.her2.herohe.auroc,phikon_v2_external,her2-on-herohe,HER2 on HEROHE,classification,HER2 on HEROHE,slide,classification,not_reported,external-cohort ABMIL evaluation,auroc,higher,external-cohort ABMIL evaluation; embedding=frozen tile features with ABMIL; magnification=0.5 µm/px except CTransPath comparator at 1.0 µm/px,https://arxiv.org/abs/2409.09173v1,parsed_primary_source,1
phikon-v2.phikonv2.t2.idh1.ebrains.auroc,phikon_v2_external,idh1-on-ebrains,IDH1 on EBRAINS,classification,IDH1 on EBRAINS,slide,classification,not_reported,external-cohort ABMIL evaluation,auroc,higher,external-cohort ABMIL evaluation; embedding=frozen tile features with ABMIL; magnification=0.5 µm/px except CTransPath comparator at 1.0 µm/px,https://arxiv.org/abs/2409.09173v1,parsed_primary_source,1
phikon-v2.phikonv2.t2.isup.panda.auroc,phikon_v2_external,isup-on-panda,ISUP on PANDA,classification,ISUP on PANDA,slide,classification,not_reported,external-cohort ABMIL evaluation,auroc,higher,external-cohort ABMIL evaluation; embedding=frozen tile features with ABMIL; magnification=0.5 µm/px except CTransPath comparator at 1.0 µm/px,https://arxiv.org/abs/2409.09173v1,parsed_primary_source,1
phikon-v2.phikonv2.t2.metastasis.camelyon16.auroc,phikon_v2_external,metastasis-on-camelyon16,metastasis on Camelyon16,classification,metastasis on Camelyon16,slide,classification,not_reported,external-cohort ABMIL evaluation,auroc,higher,external-cohort ABMIL evaluation; embedding=frozen tile features with ABMIL; magnification=0.5 µm/px except CTransPath comparator at 1.0 µm/px,https://arxiv.org/abs/2409.09173v1,parsed_primary_source,1
phikon-v2.phikonv2.t2.msi.paip.auroc,phikon_v2_external,msi-on-paip,MSI on PAIP,classification,MSI on PAIP,slide,classification,not_reported,external-cohort ABMIL evaluation,auroc,higher,external-cohort ABMIL evaluation; embedding=frozen tile features with ABMIL; magnification=0.5 µm/px except CTransPath comparator at 1.0 µm/px,https://arxiv.org/abs/2409.09173v1,parsed_primary_source,1
phikon-v2.phikonv2.t2.pr.bcnb.auroc,phikon_v2_external,pr-on-bcnb,PR on BCNB,classification,PR on BCNB,slide,classification,not_reported,external-cohort ABMIL evaluation,auroc,higher,external-cohort ABMIL evaluation; embedding=frozen tile features with ABMIL; magnification=0.5 µm/px except CTransPath comparator at 1.0 µm/px,https://arxiv.org/abs/2409.09173v1,parsed_primary_source,1
phikon-v2.phikonv2.t2.rcc_subtype.dhmc.auroc,phikon_v2_external,rcc-subtype-on-dhmc,RCC subtype on DHMC,classification,RCC subtype on DHMC,slide,classification,not_reported,external-cohort ABMIL evaluation,auroc,higher,external-cohort ABMIL evaluation; embedding=frozen tile features with ABMIL; magnification=0.5 µm/px except CTransPath comparator at 1.0 µm/px,https://arxiv.org/abs/2409.09173v1,parsed_primary_source,1
phikon.medrxiv2024.f1.camelyon16_meta.auroc,phikon_primary,camelyon16-meta,Camelyon16 Meta,classification,Camelyon16 Meta,slide,classification,not_reported,ABMIL; 5x5 nested CV,auroc,higher,ABMIL; 5x5 nested CV; embedding=frozen Phikon tile features; magnification=20x; 0.5 µm/px,https://www.medrxiv.org/content/10.1101/2023.07.21.23292757v3,parsed_primary_source,1
phikon.medrxiv2024.f1.tcga-brca_hist.auroc,phikon_primary,tcga-brca-hist,TCGA-BRCA Hist,classification,TCGA-BRCA Hist,slide,classification,not_reported,ABMIL; 5x5 nested CV,auroc,higher,ABMIL; 5x5 nested CV; embedding=frozen Phikon tile features; magnification=20x; 0.5 µm/px,https://www.medrxiv.org/content/10.1101/2023.07.21.23292757v3,parsed_primary_source,1
phikon.medrxiv2024.f1.tcga-brca_hrd.auroc,phikon_primary,tcga-brca-hrd,TCGA-BRCA HRD,classification,TCGA-BRCA HRD,slide,classification,not_reported,ABMIL; 5x5 nested CV,auroc,higher,ABMIL; 5x5 nested CV; embedding=frozen Phikon tile features; magnification=20x; 0.5 µm/px,https://www.medrxiv.org/content/10.1101/2023.07.21.23292757v3,parsed_primary_source,1
phikon.medrxiv2024.f1.tcga-brca_mol.auroc,phikon_primary,tcga-brca-mol,TCGA-BRCA Mol,classification,TCGA-BRCA Mol,slide,classification,not_reported,ABMIL; 5x5 nested CV,auroc,higher,ABMIL; 5x5 nested CV; embedding=frozen Phikon tile features; magnification=20x; 0.5 µm/px,https://www.medrxiv.org/content/10.1101/2023.07.21.23292757v3,parsed_primary_source,1
phikon.medrxiv2024.f1.tcga-brca_os.c_index,phikon_primary,tcga-brca-os,TCGA-BRCA OS,survival,TCGA-BRCA OS,slide,survival,not_reported,ABMIL; 5x5 nested CV,c_index,higher,ABMIL; 5x5 nested CV; embedding=frozen Phikon tile features; magnification=20x; 0.5 µm/px,https://www.medrxiv.org/content/10.1101/2023.07.21.23292757v3,parsed_primary_source,1
phikon.medrxiv2024.f1.tcga-coad_os.c_index,phikon_primary,tcga-coad-os,TCGA-COAD OS,survival,TCGA-COAD OS,slide,survival,not_reported,ABMIL; 5x5 nested CV,c_index,higher,ABMIL; 5x5 nested CV; embedding=frozen Phikon tile features; magnification=20x; 0.5 µm/px,https://www.medrxiv.org/content/10.1101/2023.07.21.23292757v3,parsed_primary_source,1
phikon.medrxiv2024.f1.tcga-crc_msi.auroc,phikon_primary,tcga-crc-msi,TCGA-CRC MSI,classification,TCGA-CRC MSI,slide,classification,not_reported,ABMIL; 5x5 nested CV,auroc,higher,ABMIL; 5x5 nested CV; embedding=frozen Phikon tile features; magnification=20x; 0.5 µm/px,https://www.medrxiv.org/content/10.1101/2023.07.21.23292757v3,parsed_primary_source,1
phikon.medrxiv2024.f1.tcga-luad_os.c_index,phikon_primary,tcga-luad-os,TCGA-LUAD OS,survival,TCGA-LUAD OS,slide,survival,not_reported,ABMIL; 5x5 nested CV,c_index,higher,ABMIL; 5x5 nested CV; embedding=frozen Phikon tile features; magnification=20x; 0.5 µm/px,https://www.medrxiv.org/content/10.1101/2023.07.21.23292757v3,parsed_primary_source,1
phikon.medrxiv2024.f1.tcga-lusc_os.c_index,phikon_primary,tcga-lusc-os,TCGA-LUSC OS,survival,TCGA-LUSC OS,slide,survival,not_reported,ABMIL; 5x5 nested CV,c_index,higher,ABMIL; 5x5 nested CV; embedding=frozen Phikon tile features; magnification=20x; 0.5 µm/px,https://www.medrxiv.org/content/10.1101/2023.07.21.23292757v3,parsed_primary_source,1
phikon.medrxiv2024.f1.tcga-nsclc_ctype.auroc,phikon_primary,tcga-nsclc-ctype,TCGA-NSCLC CType,classification,TCGA-NSCLC CType,slide,classification,not_reported,ABMIL; 5x5 nested CV,auroc,higher,ABMIL; 5x5 nested CV; embedding=frozen Phikon tile features; magnification=20x; 0.5 µm/px,https://www.medrxiv.org/content/10.1101/2023.07.21.23292757v3,parsed_primary_source,1
phikon.medrxiv2024.f1.tcga-ov_hrd.auroc,phikon_primary,tcga-ov-hrd,TCGA-OV HRD,classification,TCGA-OV HRD,slide,classification,not_reported,ABMIL; 5x5 nested CV,auroc,higher,ABMIL; 5x5 nested CV; embedding=frozen Phikon tile features; magnification=20x; 0.5 µm/px,https://www.medrxiv.org/content/10.1101/2023.07.21.23292757v3,parsed_primary_source,1
phikon.medrxiv2024.f1.tcga-paad_os.c_index,phikon_primary,tcga-paad-os,TCGA-PAAD OS,survival,TCGA-PAAD OS,slide,survival,not_reported,ABMIL; 5x5 nested CV,c_index,higher,ABMIL; 5x5 nested CV; embedding=frozen Phikon tile features; magnification=20x; 0.5 µm/px,https://www.medrxiv.org/content/10.1101/2023.07.21.23292757v3,parsed_primary_source,1
phikon.medrxiv2024.f1.tcga-rcc_ctype.auroc,phikon_primary,tcga-rcc-ctype,TCGA-RCC CType,classification,TCGA-RCC CType,slide,classification,not_reported,ABMIL; 5x5 nested CV,auroc,higher,ABMIL; 5x5 nested CV; embedding=frozen Phikon tile features; magnification=20x; 0.5 µm/px,https://www.medrxiv.org/content/10.1101/2023.07.21.23292757v3,parsed_primary_source,1
phikon.medrxiv2024.f1.tcga-stad_msi.auroc,phikon_primary,tcga-stad-msi,TCGA-STAD MSI,classification,TCGA-STAD MSI,slide,classification,not_reported,ABMIL; 5x5 nested CV,auroc,higher,ABMIL; 5x5 nested CV; embedding=frozen Phikon tile features; magnification=20x; 0.5 µm/px,https://www.medrxiv.org/content/10.1101/2023.07.21.23292757v3,parsed_primary_source,1
phikon.medrxiv2024.f2.tcga_crc_to_paip.abmil.auroc,phikon_primary,msi-tcga-crc-train-to-paip-external,MSI: TCGA-CRC train to PAIP external,classification,MSI: TCGA-CRC train to PAIP external,slide,classification,not_reported,ABMIL trained on TCGA-CRC; PAIP external validation,auroc,higher,ABMIL trained on TCGA-CRC; PAIP external validation; embedding=frozen Phikon tile features; magnification=20x; 0.5 µm/px,https://www.medrxiv.org/content/10.1101/2023.07.21.23292757v3,parsed_primary_source,1
phikon.medrxiv2024.g3.adipose.auroc,phikon_primary,adipose,Adipose,classification,Adipose,image,classification,not_reported,ensemble of 30 linear classifiers; full training set,auroc,higher,ensemble of 30 linear classifiers; full training set; embedding=frozen Phikon tile features; magnification=20x; 0.5 µm/px,https://www.medrxiv.org/content/10.1101/2023.07.21.23292757v3,parsed_primary_source,1
phikon.medrxiv2024.g3.all.auroc,phikon_primary,all,All,classification,All,image,classification,not_reported,ensemble of 30 linear classifiers; full training set,auroc,higher,ensemble of 30 linear classifiers; full training set; embedding=frozen Phikon tile features; magnification=20x; 0.5 µm/px,https://www.medrxiv.org/content/10.1101/2023.07.21.23292757v3,parsed_primary_source,1
phikon.medrxiv2024.g3.camelyon17_metastases.auroc,phikon_primary,camelyon17-metastases,Camelyon17 metastases,classification,Camelyon17 metastases,image,classification,not_reported,ensemble of 30 linear classifiers; full training set,auroc,higher,ensemble of 30 linear classifiers; full training set; embedding=frozen Phikon tile features; magnification=20x; 0.5 µm/px,https://www.medrxiv.org/content/10.1101/2023.07.21.23292757v3,parsed_primary_source,1
phikon.medrxiv2024.g3.debris.auroc,phikon_primary,debris,Debris,classification,Debris,image,classification,not_reported,ensemble of 30 linear classifiers; full training set,auroc,higher,ensemble of 30 linear classifiers; full training set; embedding=frozen Phikon tile features; magnification=20x; 0.5 µm/px,https://www.medrxiv.org/content/10.1101/2023.07.21.23292757v3,parsed_primary_source,1
phikon.medrxiv2024.g3.lymphocytes.auroc,phikon_primary,lymphocytes,Lymphocytes,classification,Lymphocytes,image,classification,not_reported,ensemble of 30 linear classifiers; full training set,auroc,higher,ensemble of 30 linear classifiers; full training set; embedding=frozen Phikon tile features; magnification=20x; 0.5 µm/px,https://www.medrxiv.org/content/10.1101/2023.07.21.23292757v3,parsed_primary_source,1
phikon.medrxiv2024.g3.mucus.auroc,phikon_primary,mucus,Mucus,classification,Mucus,image,classification,not_reported,ensemble of 30 linear classifiers; full training set,auroc,higher,ensemble of 30 linear classifiers; full training set; embedding=frozen Phikon tile features; magnification=20x; 0.5 µm/px,https://www.medrxiv.org/content/10.1101/2023.07.21.23292757v3,parsed_primary_source,1
phikon.medrxiv2024.g3.muscle.auroc,phikon_primary,muscle,Muscle,classification,Muscle,image,classification,not_reported,ensemble of 30 linear classifiers; full training set,auroc,higher,ensemble of 30 linear classifiers; full training set; embedding=frozen Phikon tile features; magnification=20x; 0.5 µm/px,https://www.medrxiv.org/content/10.1101/2023.07.21.23292757v3,parsed_primary_source,1
phikon.medrxiv2024.g3.normal.auroc,phikon_primary,normal,Normal,classification,Normal,image,classification,not_reported,ensemble of 30 linear classifiers; full training set,auroc,higher,ensemble of 30 linear classifiers; full training set; embedding=frozen Phikon tile features; magnification=20x; 0.5 µm/px,https://www.medrxiv.org/content/10.1101/2023.07.21.23292757v3,parsed_primary_source,1
phikon.medrxiv2024.g3.stroma.auroc,phikon_primary,stroma,Stroma,classification,Stroma,image,classification,not_reported,ensemble of 30 linear classifiers; full training set,auroc,higher,ensemble of 30 linear classifiers; full training set; embedding=frozen Phikon tile features; magnification=20x; 0.5 µm/px,https://www.medrxiv.org/content/10.1101/2023.07.21.23292757v3,parsed_primary_source,1
phikon.medrxiv2024.g3.tumor.auroc,phikon_primary,tumor,Tumor,classification,Tumor,image,classification,not_reported,ensemble of 30 linear classifiers; full training set,auroc,higher,ensemble of 30 linear classifiers; full training set; embedding=frozen Phikon tile features; magnification=20x; 0.5 µm/px,https://www.medrxiv.org/content/10.1101/2023.07.21.23292757v3,parsed_primary_source,1
phikon.phikonv2.t2.er.bcnb.auroc,phikon_v2_external,er-on-bcnb,ER on BCNB,classification,ER on BCNB,slide,classification,not_reported,external-cohort ABMIL evaluation,auroc,higher,external-cohort ABMIL evaluation; embedding=frozen tile features with ABMIL; magnification=0.5 µm/px except CTransPath comparator at 1.0 µm/px,https://arxiv.org/abs/2409.09173v1,parsed_primary_source,1
phikon.phikonv2.t2.her2.bcnb.auroc,phikon_v2_external,her2-on-bcnb,HER2 on BCNB,classification,HER2 on BCNB,slide,classification,not_reported,external-cohort ABMIL evaluation,auroc,higher,external-cohort ABMIL evaluation; embedding=frozen tile features with ABMIL; magnification=0.5 µm/px except CTransPath comparator at 1.0 µm/px,https://arxiv.org/abs/2409.09173v1,parsed_primary_source,1
phikon.phikonv2.t2.her2.herohe.auroc,phikon_v2_external,her2-on-herohe,HER2 on HEROHE,classification,HER2 on HEROHE,slide,classification,not_reported,external-cohort ABMIL evaluation,auroc,higher,external-cohort ABMIL evaluation; embedding=frozen tile features with ABMIL; magnification=0.5 µm/px except CTransPath comparator at 1.0 µm/px,https://arxiv.org/abs/2409.09173v1,parsed_primary_source,1
phikon.phikonv2.t2.idh1.ebrains.auroc,phikon_v2_external,idh1-on-ebrains,IDH1 on EBRAINS,classification,IDH1 on EBRAINS,slide,classification,not_reported,external-cohort ABMIL evaluation,auroc,higher,external-cohort ABMIL evaluation; embedding=frozen tile features with ABMIL; magnification=0.5 µm/px except CTransPath comparator at 1.0 µm/px,https://arxiv.org/abs/2409.09173v1,parsed_primary_source,1
phikon.phikonv2.t2.isup.panda.auroc,phikon_v2_external,isup-on-panda,ISUP on PANDA,classification,ISUP on PANDA,slide,classification,not_reported,external-cohort ABMIL evaluation,auroc,higher,external-cohort ABMIL evaluation; embedding=frozen tile features with ABMIL; magnification=0.5 µm/px except CTransPath comparator at 1.0 µm/px,https://arxiv.org/abs/2409.09173v1,parsed_primary_source,1
phikon.phikonv2.t2.metastasis.camelyon16.auroc,phikon_v2_external,metastasis-on-camelyon16,metastasis on Camelyon16,classification,metastasis on Camelyon16,slide,classification,not_reported,external-cohort ABMIL evaluation,auroc,higher,external-cohort ABMIL evaluation; embedding=frozen tile features with ABMIL; magnification=0.5 µm/px except CTransPath comparator at 1.0 µm/px,https://arxiv.org/abs/2409.09173v1,parsed_primary_source,1
phikon.phikonv2.t2.msi.paip.auroc,phikon_v2_external,msi-on-paip,MSI on PAIP,classification,MSI on PAIP,slide,classification,not_reported,external-cohort ABMIL evaluation,auroc,higher,external-cohort ABMIL evaluation; embedding=frozen tile features with ABMIL; magnification=0.5 µm/px except CTransPath comparator at 1.0 µm/px,https://arxiv.org/abs/2409.09173v1,parsed_primary_source,1
phikon.phikonv2.t2.pr.bcnb.auroc,phikon_v2_external,pr-on-bcnb,PR on BCNB,classification,PR on BCNB,slide,classification,not_reported,external-cohort ABMIL evaluation,auroc,higher,external-cohort ABMIL evaluation; embedding=frozen tile features with ABMIL; magnification=0.5 µm/px except CTransPath comparator at 1.0 µm/px,https://arxiv.org/abs/2409.09173v1,parsed_primary_source,1
phikon.phikonv2.t2.rcc_subtype.dhmc.auroc,phikon_v2_external,rcc-subtype-on-dhmc,RCC subtype on DHMC,classification,RCC subtype on DHMC,slide,classification,not_reported,external-cohort ABMIL evaluation,auroc,higher,external-cohort ABMIL evaluation; embedding=frozen tile features with ABMIL; magnification=0.5 µm/px except CTransPath comparator at 1.0 µm/px,https://arxiv.org/abs/2409.09173v1,parsed_primary_source,1
plism.h0mini2025.cross_staining_cross_scanner.cosine_similarity,plism,plism_cross_staining_cross_scanner,PLISM cross-staining cross-scanner cosine similarity median,representation_robustness,matched-tile embedding robustness,registered_slide_pair,robustness_analysis,not_reported,cross_staining_cross_scanner,cosine_similarity,higher,H0-mini paper PLISM protocol; median over corresponding public slide pairs with IQR; cosine similarity or matched-tile top-10 retrieval accuracy.,https://arxiv.org/abs/2501.16239v3,parsed_primary_source,2
plism.h0mini2025.cross_staining_cross_scanner.top10_accuracy,plism,plism_cross_staining_cross_scanner,PLISM cross-staining cross-scanner top10 accuracy median,representation_robustness,matched-tile embedding robustness,registered_slide_pair,robustness_analysis,not_reported,cross_staining_cross_scanner,top10_accuracy,higher,H0-mini paper PLISM protocol; median over corresponding public slide pairs with IQR; cosine similarity or matched-tile top-10 retrieval accuracy.,https://arxiv.org/abs/2501.16239v3,parsed_primary_source,2
plism.h0mini2025.fixed_scanner_cross_staining.cosine_similarity,plism,plism_fixed_scanner_cross_staining,PLISM fixed-scanner cross-staining cosine similarity median,representation_robustness,matched-tile embedding robustness,registered_slide_pair,robustness_analysis,not_reported,fixed_scanner_cross_staining,cosine_similarity,higher,H0-mini paper PLISM protocol; median over corresponding public slide pairs with IQR; cosine similarity or matched-tile top-10 retrieval accuracy.,https://arxiv.org/abs/2501.16239v3,parsed_primary_source,2
plism.h0mini2025.fixed_scanner_cross_staining.top10_accuracy,plism,plism_fixed_scanner_cross_staining,PLISM fixed-scanner cross-staining top10 accuracy median,representation_robustness,matched-tile embedding robustness,registered_slide_pair,robustness_analysis,not_reported,fixed_scanner_cross_staining,top10_accuracy,higher,H0-mini paper PLISM protocol; median over corresponding public slide pairs with IQR; cosine similarity or matched-tile top-10 retrieval accuracy.,https://arxiv.org/abs/2501.16239v3,parsed_primary_source,2
plism.h0mini2025.fixed_staining_cross_scanner.cosine_similarity,plism,plism_fixed_staining_cross_scanner,PLISM fixed-staining cross-scanner cosine similarity median,representation_robustness,matched-tile embedding robustness,registered_slide_pair,robustness_analysis,not_reported,fixed_staining_cross_scanner,cosine_similarity,higher,H0-mini paper PLISM protocol; median over corresponding public slide pairs with IQR; cosine similarity or matched-tile top-10 retrieval accuracy.,https://arxiv.org/abs/2501.16239v3,parsed_primary_source,2
plism.h0mini2025.fixed_staining_cross_scanner.top10_accuracy,plism,plism_fixed_staining_cross_scanner,PLISM fixed-staining cross-scanner top10 accuracy median,representation_robustness,matched-tile embedding robustness,registered_slide_pair,robustness_analysis,not_reported,fixed_staining_cross_scanner,top10_accuracy,higher,H0-mini paper PLISM protocol; median over corresponding public slide pairs with IQR; cosine similarity or matched-tile top-10 retrieval accuracy.,https://arxiv.org/abs/2501.16239v3,parsed_primary_source,2
plism.repo2025.all_pairs.cosine_similarity,plism,plism_all_pairs,PLISM all pairs cosine similarity,representation_robustness,matched-tile embedding robustness,registered_slide_pair,robustness_analysis,not_reported,all_pairs,cosine_similarity,higher,"PLISM repository leaderboard dated 2025-03-03; 4,095 unique public slide pairs; all-pairs cosine similarity and context-specific matched-tile top-10 accuracy.",https://github.com/owkin/plism-benchmark/blob/5ec9511893af993f6faa099f093d1924b291aed2/README.md,parsed_primary_source,2
plism.repo2025.cross_staining_cross_scanner.top10_accuracy,plism,plism_cross_staining_cross_scanner,PLISM cross staining cross scanner top10 accuracy,representation_robustness,matched-tile embedding robustness,registered_slide_pair,robustness_analysis,not_reported,cross_staining_cross_scanner,top10_accuracy,higher,"PLISM repository leaderboard dated 2025-03-03; 4,095 unique public slide pairs; all-pairs cosine similarity and context-specific matched-tile top-10 accuracy.",https://github.com/owkin/plism-benchmark/blob/5ec9511893af993f6faa099f093d1924b291aed2/README.md,parsed_primary_source,2
plism.repo2025.fixed_scanner_cross_staining.top10_accuracy,plism,plism_fixed_scanner_cross_staining,PLISM fixed scanner cross staining top10 accuracy,representation_robustness,matched-tile embedding robustness,registered_slide_pair,robustness_analysis,not_reported,fixed_scanner_cross_staining,top10_accuracy,higher,"PLISM repository leaderboard dated 2025-03-03; 4,095 unique public slide pairs; all-pairs cosine similarity and context-specific matched-tile top-10 accuracy.",https://github.com/owkin/plism-benchmark/blob/5ec9511893af993f6faa099f093d1924b291aed2/README.md,parsed_primary_source,2
plism.repo2025.fixed_staining_cross_scanner.top10_accuracy,plism,plism_fixed_staining_cross_scanner,PLISM fixed staining cross scanner top10 accuracy,representation_robustness,matched-tile embedding robustness,registered_slide_pair,robustness_analysis,not_reported,fixed_staining_cross_scanner,top10_accuracy,higher,"PLISM repository leaderboard dated 2025-03-03; 4,095 unique public slide pairs; all-pairs cosine similarity and context-specific matched-tile top-10 accuracy.",https://github.com/owkin/plism-benchmark/blob/5ec9511893af993f6faa099f093d1924b291aed2/README.md,parsed_primary_source,2
thunder.bach.linear_probing,thunder,bach,bach linear_probing,classification,BACH four-class histology label,image,classification,400,linear_probing,f1,higher,THUNDER dataset config with its code-declared compatible primary downstream endpoint; frozen linear probe for classification or segmentation decoder.,https://github.com/MICS-Lab/thunder/blob/3d1cc9513fb2cfd8c4afb0d7bb9f5c4f6b69117f/src/thunder/config/dataset/bach.yaml,parsed_primary_source,32
thunder.bracs.linear_probing,thunder,bracs,bracs linear_probing,classification,BRACS seven-class lesion label,image,classification,4539,linear_probing,f1,higher,THUNDER dataset config with its code-declared compatible primary downstream endpoint; frozen linear probe for classification or segmentation decoder.,https://github.com/MICS-Lab/thunder/blob/3d1cc9513fb2cfd8c4afb0d7bb9f5c4f6b69117f/src/thunder/config/dataset/bracs.yaml,parsed_primary_source,32
thunder.break_his.linear_probing,thunder,break_his,break_his linear_probing,classification,BreakHis selected four-class subtype label,image,classification,1471,linear_probing,f1,higher,THUNDER dataset config with its code-declared compatible primary downstream endpoint; frozen linear probe for classification or segmentation decoder.,https://github.com/MICS-Lab/thunder/blob/3d1cc9513fb2cfd8c4afb0d7bb9f5c4f6b69117f/src/thunder/config/dataset/break_his.yaml,parsed_primary_source,32
thunder.ccrcc.linear_probing,thunder,ccrcc,ccrcc linear_probing,classification,ccrcc class label,image,classification,27169,linear_probing,f1,higher,THUNDER dataset config with its code-declared compatible primary downstream endpoint; frozen linear probe for classification or segmentation decoder.,https://github.com/MICS-Lab/thunder/blob/3d1cc9513fb2cfd8c4afb0d7bb9f5c4f6b69117f/src/thunder/config/dataset/ccrcc.yaml,parsed_primary_source,32
thunder.crc.linear_probing,thunder,crc,crc linear_probing,classification,CRC-100K nine-class tissue label,image,classification,107180,linear_probing,f1,higher,THUNDER dataset config with its code-declared compatible primary downstream endpoint; frozen linear probe for classification or segmentation decoder.,https://github.com/MICS-Lab/thunder/blob/3d1cc9513fb2cfd8c4afb0d7bb9f5c4f6b69117f/src/thunder/config/dataset/crc.yaml,parsed_primary_source,32
thunder.esca.linear_probing,thunder,esca,esca linear_probing,classification,esca class label,image,classification,367329,linear_probing,f1,higher,THUNDER dataset config with its code-declared compatible primary downstream endpoint; frozen linear probe for classification or segmentation decoder.,https://github.com/MICS-Lab/thunder/blob/3d1cc9513fb2cfd8c4afb0d7bb9f5c4f6b69117f/src/thunder/config/dataset/esca.yaml,parsed_primary_source,32
thunder.genbio2026.bach.knn,thunder,bach,bach linear_probing,classification,BACH four-class histology label,image,classification,400,linear_probing,f1_score,higher,Official THUNDER kNN protocol; frozen encoder; embedding=CLS token,https://genbio.ai/papers/genbio-pathfm.pdf,parsed_primary_source,1
thunder.genbio2026.bracs.knn,thunder,bracs,bracs linear_probing,classification,BRACS seven-class lesion label,image,classification,4539,linear_probing,f1_score,higher,Official THUNDER kNN protocol; frozen encoder; embedding=CLS token,https://genbio.ai/papers/genbio-pathfm.pdf,parsed_primary_source,1
thunder.genbio2026.breakhis.knn,thunder,break_his,break_his linear_probing,classification,BreakHis selected four-class subtype label,image,classification,1471,linear_probing,f1_score,higher,Official THUNDER kNN protocol; frozen encoder; embedding=CLS token,https://genbio.ai/papers/genbio-pathfm.pdf,parsed_primary_source,1
thunder.genbio2026.ccrcc.knn,thunder,ccrcc,ccrcc linear_probing,classification,ccrcc class label,image,classification,27169,linear_probing,f1_score,higher,Official THUNDER kNN protocol; frozen encoder; embedding=CLS token,https://genbio.ai/papers/genbio-pathfm.pdf,parsed_primary_source,1
thunder.genbio2026.crc_100k.knn,thunder,crc,crc linear_probing,classification,CRC-100K nine-class tissue label,image,classification,107180,linear_probing,f1_score,higher,Official THUNDER kNN protocol; frozen encoder; embedding=CLS token,https://genbio.ai/papers/genbio-pathfm.pdf,parsed_primary_source,1
thunder.genbio2026.esca.knn,thunder,esca,esca linear_probing,classification,esca class label,image,classification,367329,linear_probing,f1_score,higher,Official THUNDER kNN protocol; frozen encoder; embedding=CLS token,https://genbio.ai/papers/genbio-pathfm.pdf,parsed_primary_source,1
thunder.genbio2026.mhist.knn,thunder,mhist,mhist linear_probing,classification,MHIST hyperplastic-polyp versus sessile-serrated-adenoma label,image,classification,3152,linear_probing,f1_score,higher,Official THUNDER kNN protocol; frozen encoder; embedding=CLS token,https://genbio.ai/papers/genbio-pathfm.pdf,parsed_primary_source,1
thunder.genbio2026.pcam.knn,thunder,patch_camelyon,patch_camelyon linear_probing,classification,PatchCamelyon binary metastatic-tissue label,image,classification,327680,linear_probing,f1_score,higher,Official THUNDER kNN protocol; frozen encoder; embedding=CLS token,https://genbio.ai/papers/genbio-pathfm.pdf,parsed_primary_source,1
thunder.genbio2026.tcga_crc.knn,thunder,tcga_crc_msi,tcga_crc_msi linear_probing,classification,tcga_crc_msi class label,image,classification,51918,linear_probing,f1_score,higher,Official THUNDER kNN protocol; frozen encoder; embedding=CLS token,https://genbio.ai/papers/genbio-pathfm.pdf,parsed_primary_source,1
thunder.genbio2026.tcga_tils.knn,thunder,tcga_tils,tcga_tils linear_probing,classification,tcga_tils class label,image,classification,304097,linear_probing,f1_score,higher,Official THUNDER kNN protocol; frozen encoder; embedding=CLS token,https://genbio.ai/papers/genbio-pathfm.pdf,parsed_primary_source,1
thunder.genbio2026.tcga_unif.knn,thunder,tcga_uniform,tcga_uniform linear_probing,classification,tcga_uniform class label,image,classification,271710,linear_probing,f1_score,higher,Official THUNDER kNN protocol; frozen encoder; embedding=CLS token,https://genbio.ai/papers/genbio-pathfm.pdf,parsed_primary_source,1
thunder.genbio2026.wilds.knn,thunder,wilds,wilds linear_probing,classification,wilds class label,image,classification,422394,linear_probing,f1_score,higher,Official THUNDER kNN protocol; frozen encoder; embedding=CLS token,https://genbio.ai/papers/genbio-pathfm.pdf,parsed_primary_source,1
thunder.mhist.linear_probing,thunder,mhist,mhist linear_probing,classification,MHIST hyperplastic-polyp versus sessile-serrated-adenoma label,image,classification,3152,linear_probing,f1,higher,THUNDER dataset config with its code-declared compatible primary downstream endpoint; frozen linear probe for classification or segmentation decoder.,https://github.com/MICS-Lab/thunder/blob/3d1cc9513fb2cfd8c4afb0d7bb9f5c4f6b69117f/src/thunder/config/dataset/mhist.yaml,parsed_primary_source,32
thunder.ocelot.segmentation,thunder,ocelot,ocelot segmentation,segmentation,ocelot segmentation mask,image,segmentation,10608,segmentation,dice,higher,THUNDER dataset config with its code-declared compatible primary downstream endpoint; frozen linear probe for classification or segmentation decoder.,https://github.com/MICS-Lab/thunder/blob/3d1cc9513fb2cfd8c4afb0d7bb9f5c4f6b69117f/src/thunder/config/dataset/ocelot.yaml,parsed_primary_source,0
thunder.pannuke.segmentation,thunder,pannuke,pannuke segmentation,segmentation,pannuke segmentation mask,image,segmentation,7901,segmentation,dice,higher,THUNDER dataset config with its code-declared compatible primary downstream endpoint; frozen linear probe for classification or segmentation decoder.,https://github.com/MICS-Lab/thunder/blob/3d1cc9513fb2cfd8c4afb0d7bb9f5c4f6b69117f/src/thunder/config/dataset/pannuke.yaml,parsed_primary_source,0
thunder.patch_camelyon.linear_probing,thunder,patch_camelyon,patch_camelyon linear_probing,classification,PatchCamelyon binary metastatic-tissue label,image,classification,327680,linear_probing,f1,higher,THUNDER dataset config with its code-declared compatible primary downstream endpoint; frozen linear probe for classification or segmentation decoder.,https://github.com/MICS-Lab/thunder/blob/3d1cc9513fb2cfd8c4afb0d7bb9f5c4f6b69117f/src/thunder/config/dataset/patch_camelyon.yaml,parsed_primary_source,32
thunder.segpath_epithelial.segmentation,thunder,segpath_epithelial,segpath_epithelial segmentation,segmentation,segpath_epithelial segmentation mask,image,segmentation,238581,segmentation,dice,higher,THUNDER dataset config with its code-declared compatible primary downstream endpoint; frozen linear probe for classification or segmentation decoder.,https://github.com/MICS-Lab/thunder/blob/3d1cc9513fb2cfd8c4afb0d7bb9f5c4f6b69117f/src/thunder/config/dataset/segpath_epithelial.yaml,parsed_primary_source,0
thunder.segpath_lymphocytes.segmentation,thunder,segpath_lymphocytes,segpath_lymphocytes segmentation,segmentation,segpath_lymphocytes segmentation mask,image,segmentation,110457,segmentation,dice,higher,THUNDER dataset config with its code-declared compatible primary downstream endpoint; frozen linear probe for classification or segmentation decoder.,https://github.com/MICS-Lab/thunder/blob/3d1cc9513fb2cfd8c4afb0d7bb9f5c4f6b69117f/src/thunder/config/dataset/segpath_lymphocytes.yaml,parsed_primary_source,0
thunder.spider_breast.linear_probing,thunder,spider_breast,spider_breast linear_probing,classification,spider_breast class label,image,classification,92892,linear_probing,f1,higher,THUNDER dataset config with its code-declared compatible primary downstream endpoint; frozen linear probe for classification or segmentation decoder.,https://github.com/MICS-Lab/thunder/blob/3d1cc9513fb2cfd8c4afb0d7bb9f5c4f6b69117f/src/thunder/config/dataset/spider_breast.yaml,parsed_primary_source,32
thunder.spider_colorectal.linear_probing,thunder,spider_colorectal,spider_colorectal linear_probing,classification,spider_colorectal class label,image,classification,77182,linear_probing,f1,higher,THUNDER dataset config with its code-declared compatible primary downstream endpoint; frozen linear probe for classification or segmentation decoder.,https://github.com/MICS-Lab/thunder/blob/3d1cc9513fb2cfd8c4afb0d7bb9f5c4f6b69117f/src/thunder/config/dataset/spider_colorectal.yaml,parsed_primary_source,32
thunder.spider_skin.linear_probing,thunder,spider_skin,spider_skin linear_probing,classification,spider_skin class label,image,classification,159854,linear_probing,f1,higher,THUNDER dataset config with its code-declared compatible primary downstream endpoint; frozen linear probe for classification or segmentation decoder.,https://github.com/MICS-Lab/thunder/blob/3d1cc9513fb2cfd8c4afb0d7bb9f5c4f6b69117f/src/thunder/config/dataset/spider_skin.yaml,parsed_primary_source,32
thunder.spider_thorax.linear_probing,thunder,spider_thorax,spider_thorax linear_probing,classification,spider_thorax class label,image,classification,78307,linear_probing,f1,higher,THUNDER dataset config with its code-declared compatible primary downstream endpoint; frozen linear probe for classification or segmentation decoder.,https://github.com/MICS-Lab/thunder/blob/3d1cc9513fb2cfd8c4afb0d7bb9f5c4f6b69117f/src/thunder/config/dataset/spider_thorax.yaml,parsed_primary_source,32
thunder.starc9.linear_probing,thunder,starc9,starc9 linear_probing,classification,starc9 class label,image,classification,702000,linear_probing,f1,higher,THUNDER dataset config with its code-declared compatible primary downstream endpoint; frozen linear probe for classification or segmentation decoder.,https://github.com/MICS-Lab/thunder/blob/3d1cc9513fb2cfd8c4afb0d7bb9f5c4f6b69117f/src/thunder/config/dataset/starc9.yaml,parsed_primary_source,0
thunder.tcga_crc_msi.linear_probing,thunder,tcga_crc_msi,tcga_crc_msi linear_probing,classification,tcga_crc_msi class label,image,classification,51918,linear_probing,f1,higher,THUNDER dataset config with its code-declared compatible primary downstream endpoint; frozen linear probe for classification or segmentation decoder.,https://github.com/MICS-Lab/thunder/blob/3d1cc9513fb2cfd8c4afb0d7bb9f5c4f6b69117f/src/thunder/config/dataset/tcga_crc_msi.yaml,parsed_primary_source,32
thunder.tcga_tils.linear_probing,thunder,tcga_tils,tcga_tils linear_probing,classification,tcga_tils class label,image,classification,304097,linear_probing,f1,higher,THUNDER dataset config with its code-declared compatible primary downstream endpoint; frozen linear probe for classification or segmentation decoder.,https://github.com/MICS-Lab/thunder/blob/3d1cc9513fb2cfd8c4afb0d7bb9f5c4f6b69117f/src/thunder/config/dataset/tcga_tils.yaml,parsed_primary_source,32
thunder.tcga_uniform.linear_probing,thunder,tcga_uniform,tcga_uniform linear_probing,classification,tcga_uniform class label,image,classification,271710,linear_probing,f1,higher,THUNDER dataset config with its code-declared compatible primary downstream endpoint; frozen linear probe for classification or segmentation decoder.,https://github.com/MICS-Lab/thunder/blob/3d1cc9513fb2cfd8c4afb0d7bb9f5c4f6b69117f/src/thunder/config/dataset/tcga_uniform.yaml,parsed_primary_source,32
thunder.wilds.linear_probing,thunder,wilds,wilds linear_probing,classification,wilds class label,image,classification,422394,linear_probing,f1,higher,THUNDER dataset config with its code-declared compatible primary downstream endpoint; frozen linear probe for classification or segmentation decoder.,https://github.com/MICS-Lab/thunder/blob/3d1cc9513fb2cfd8c4afb0d7bb9f5c4f6b69117f/src/thunder/config/dataset/wilds.yaml,parsed_primary_source,32
titan2025.bcnb.bcnb-er-status.titan2025-frozen-20-nearest-neighbors.balanced-accuracy,titan_paper,bcnb,BCNB ER status,molecular_biomarker,ER,patient,classification,1058,slide_level_classification,balanced_accuracy,higher,titan2025_frozen_20_nearest_neighbors,https://media.springernature.com/original/springer-static/esm/art%3A10.1038%2Fs41591-025-03982-3/MediaObjects/41591_2025_3982_MOESM1_ESM.pdf,parsed_primary_source,2
titan2025.bcnb.bcnb-er-status.titan2025-frozen-20-nearest-neighbors.weighted-f1,titan_paper,bcnb,BCNB ER status,molecular_biomarker,ER,patient,classification,1058,slide_level_classification,weighted_f1,higher,titan2025_frozen_20_nearest_neighbors,https://media.springernature.com/original/springer-static/esm/art%3A10.1038%2Fs41591-025-03982-3/MediaObjects/41591_2025_3982_MOESM1_ESM.pdf,parsed_primary_source,2
titan2025.bcnb.bcnb-er-status.titan2025-frozen-logistic-regression.auroc,titan_paper,bcnb,BCNB ER status,molecular_biomarker,ER,patient,classification,1058,slide_level_classification,auroc,higher,titan2025_frozen_logistic_regression,https://media.springernature.com/original/springer-static/esm/art%3A10.1038%2Fs41591-025-03982-3/MediaObjects/41591_2025_3982_MOESM1_ESM.pdf,parsed_primary_source,2
titan2025.bcnb.bcnb-er-status.titan2025-frozen-logistic-regression.balanced-accuracy,titan_paper,bcnb,BCNB ER status,molecular_biomarker,ER,patient,classification,1058,slide_level_classification,balanced_accuracy,higher,titan2025_frozen_logistic_regression,https://media.springernature.com/original/springer-static/esm/art%3A10.1038%2Fs41591-025-03982-3/MediaObjects/41591_2025_3982_MOESM1_ESM.pdf,parsed_primary_source,2
titan2025.bcnb.bcnb-er-status.titan2025-frozen-simpleshot.balanced-accuracy,titan_paper,bcnb,BCNB ER status,molecular_biomarker,ER,patient,classification,1058,slide_level_classification,balanced_accuracy,higher,titan2025_frozen_simpleshot,https://media.springernature.com/original/springer-static/esm/art%3A10.1038%2Fs41591-025-03982-3/MediaObjects/41591_2025_3982_MOESM1_ESM.pdf,parsed_primary_source,2
titan2025.bcnb.bcnb-er-status.titan2025-frozen-simpleshot.weighted-f1,titan_paper,bcnb,BCNB ER status,molecular_biomarker,ER,patient,classification,1058,slide_level_classification,weighted_f1,higher,titan2025_frozen_simpleshot,https://media.springernature.com/original/springer-static/esm/art%3A10.1038%2Fs41591-025-03982-3/MediaObjects/41591_2025_3982_MOESM1_ESM.pdf,parsed_primary_source,2
titan2025.bcnb.bcnb-her2-status.titan2025-frozen-20-nearest-neighbors.balanced-accuracy,titan_paper,bcnb,BCNB HER2 status,molecular_biomarker,HER2,patient,classification,1058,slide_level_classification,balanced_accuracy,higher,titan2025_frozen_20_nearest_neighbors,https://media.springernature.com/original/springer-static/esm/art%3A10.1038%2Fs41591-025-03982-3/MediaObjects/41591_2025_3982_MOESM1_ESM.pdf,parsed_primary_source,2
titan2025.bcnb.bcnb-her2-status.titan2025-frozen-20-nearest-neighbors.weighted-f1,titan_paper,bcnb,BCNB HER2 status,molecular_biomarker,HER2,patient,classification,1058,slide_level_classification,weighted_f1,higher,titan2025_frozen_20_nearest_neighbors,https://media.springernature.com/original/springer-static/esm/art%3A10.1038%2Fs41591-025-03982-3/MediaObjects/41591_2025_3982_MOESM1_ESM.pdf,parsed_primary_source,2
titan2025.bcnb.bcnb-her2-status.titan2025-frozen-logistic-regression.auroc,titan_paper,bcnb,BCNB HER2 status,molecular_biomarker,HER2,patient,classification,1058,slide_level_classification,auroc,higher,titan2025_frozen_logistic_regression,https://media.springernature.com/original/springer-static/esm/art%3A10.1038%2Fs41591-025-03982-3/MediaObjects/41591_2025_3982_MOESM1_ESM.pdf,parsed_primary_source,2
titan2025.bcnb.bcnb-her2-status.titan2025-frozen-logistic-regression.balanced-accuracy,titan_paper,bcnb,BCNB HER2 status,molecular_biomarker,HER2,patient,classification,1058,slide_level_classification,balanced_accuracy,higher,titan2025_frozen_logistic_regression,https://media.springernature.com/original/springer-static/esm/art%3A10.1038%2Fs41591-025-03982-3/MediaObjects/41591_2025_3982_MOESM1_ESM.pdf,parsed_primary_source,2
titan2025.bcnb.bcnb-her2-status.titan2025-frozen-simpleshot.balanced-accuracy,titan_paper,bcnb,BCNB HER2 status,molecular_biomarker,HER2,patient,classification,1058,slide_level_classification,balanced_accuracy,higher,titan2025_frozen_simpleshot,https://media.springernature.com/original/springer-static/esm/art%3A10.1038%2Fs41591-025-03982-3/MediaObjects/41591_2025_3982_MOESM1_ESM.pdf,parsed_primary_source,2
titan2025.bcnb.bcnb-her2-status.titan2025-frozen-simpleshot.weighted-f1,titan_paper,bcnb,BCNB HER2 status,molecular_biomarker,HER2,patient,classification,1058,slide_level_classification,weighted_f1,higher,titan2025_frozen_simpleshot,https://media.springernature.com/original/springer-static/esm/art%3A10.1038%2Fs41591-025-03982-3/MediaObjects/41591_2025_3982_MOESM1_ESM.pdf,parsed_primary_source,2
titan2025.bcnb.bcnb-pr-status.titan2025-frozen-20-nearest-neighbors.balanced-accuracy,titan_paper,bcnb,BCNB PR status,molecular_biomarker,PR,patient,classification,1058,slide_level_classification,balanced_accuracy,higher,titan2025_frozen_20_nearest_neighbors,https://media.springernature.com/original/springer-static/esm/art%3A10.1038%2Fs41591-025-03982-3/MediaObjects/41591_2025_3982_MOESM1_ESM.pdf,parsed_primary_source,2
titan2025.bcnb.bcnb-pr-status.titan2025-frozen-20-nearest-neighbors.weighted-f1,titan_paper,bcnb,BCNB PR status,molecular_biomarker,PR,patient,classification,1058,slide_level_classification,weighted_f1,higher,titan2025_frozen_20_nearest_neighbors,https://media.springernature.com/original/springer-static/esm/art%3A10.1038%2Fs41591-025-03982-3/MediaObjects/41591_2025_3982_MOESM1_ESM.pdf,parsed_primary_source,2
titan2025.bcnb.bcnb-pr-status.titan2025-frozen-logistic-regression.auroc,titan_paper,bcnb,BCNB PR status,molecular_biomarker,PR,patient,classification,1058,slide_level_classification,auroc,higher,titan2025_frozen_logistic_regression,https://media.springernature.com/original/springer-static/esm/art%3A10.1038%2Fs41591-025-03982-3/MediaObjects/41591_2025_3982_MOESM1_ESM.pdf,parsed_primary_source,2
titan2025.bcnb.bcnb-pr-status.titan2025-frozen-logistic-regression.balanced-accuracy,titan_paper,bcnb,BCNB PR status,molecular_biomarker,PR,patient,classification,1058,slide_level_classification,balanced_accuracy,higher,titan2025_frozen_logistic_regression,https://media.springernature.com/original/springer-static/esm/art%3A10.1038%2Fs41591-025-03982-3/MediaObjects/41591_2025_3982_MOESM1_ESM.pdf,parsed_primary_source,2
titan2025.bcnb.bcnb-pr-status.titan2025-frozen-simpleshot.balanced-accuracy,titan_paper,bcnb,BCNB PR status,molecular_biomarker,PR,patient,classification,1058,slide_level_classification,balanced_accuracy,higher,titan2025_frozen_simpleshot,https://media.springernature.com/original/springer-static/esm/art%3A10.1038%2Fs41591-025-03982-3/MediaObjects/41591_2025_3982_MOESM1_ESM.pdf,parsed_primary_source,2
titan2025.bcnb.bcnb-pr-status.titan2025-frozen-simpleshot.weighted-f1,titan_paper,bcnb,BCNB PR status,molecular_biomarker,PR,patient,classification,1058,slide_level_classification,weighted_f1,higher,titan2025_frozen_simpleshot,https://media.springernature.com/original/springer-static/esm/art%3A10.1038%2Fs41591-025-03982-3/MediaObjects/41591_2025_3982_MOESM1_ESM.pdf,parsed_primary_source,2
titan2025.bracs.bracs-coarse-subtype.titan2025-frozen-20-nearest-neighbors.balanced-accuracy,titan_paper,bracs,BRACS coarse subtype,morphological_subtyping,subtype_3_class,slide,classification,189,slide_level_classification,balanced_accuracy,higher,titan2025_frozen_20_nearest_neighbors,https://media.springernature.com/original/springer-static/esm/art%3A10.1038%2Fs41591-025-03982-3/MediaObjects/41591_2025_3982_MOESM1_ESM.pdf,parsed_primary_source,2
titan2025.bracs.bracs-coarse-subtype.titan2025-frozen-20-nearest-neighbors.weighted-f1,titan_paper,bracs,BRACS coarse subtype,morphological_subtyping,subtype_3_class,slide,classification,189,slide_level_classification,weighted_f1,higher,titan2025_frozen_20_nearest_neighbors,https://media.springernature.com/original/springer-static/esm/art%3A10.1038%2Fs41591-025-03982-3/MediaObjects/41591_2025_3982_MOESM1_ESM.pdf,parsed_primary_source,2
titan2025.bracs.bracs-coarse-subtype.titan2025-frozen-logistic-regression.balanced-accuracy,titan_paper,bracs,BRACS coarse subtype,morphological_subtyping,subtype_3_class,slide,classification,189,slide_level_classification,balanced_accuracy,higher,titan2025_frozen_logistic_regression,https://media.springernature.com/original/springer-static/esm/art%3A10.1038%2Fs41591-025-03982-3/MediaObjects/41591_2025_3982_MOESM1_ESM.pdf,parsed_primary_source,2
titan2025.bracs.bracs-coarse-subtype.titan2025-frozen-logistic-regression.weighted-f1,titan_paper,bracs,BRACS coarse subtype,morphological_subtyping,subtype_3_class,slide,classification,189,slide_level_classification,weighted_f1,higher,titan2025_frozen_logistic_regression,https://media.springernature.com/original/springer-static/esm/art%3A10.1038%2Fs41591-025-03982-3/MediaObjects/41591_2025_3982_MOESM1_ESM.pdf,parsed_primary_source,2
titan2025.bracs.bracs-coarse-subtype.titan2025-frozen-simpleshot.balanced-accuracy,titan_paper,bracs,BRACS coarse subtype,morphological_subtyping,subtype_3_class,slide,classification,189,slide_level_classification,balanced_accuracy,higher,titan2025_frozen_simpleshot,https://media.springernature.com/original/springer-static/esm/art%3A10.1038%2Fs41591-025-03982-3/MediaObjects/41591_2025_3982_MOESM1_ESM.pdf,parsed_primary_source,2
titan2025.bracs.bracs-coarse-subtype.titan2025-frozen-simpleshot.weighted-f1,titan_paper,bracs,BRACS coarse subtype,morphological_subtyping,subtype_3_class,slide,classification,189,slide_level_classification,weighted_f1,higher,titan2025_frozen_simpleshot,https://media.springernature.com/original/springer-static/esm/art%3A10.1038%2Fs41591-025-03982-3/MediaObjects/41591_2025_3982_MOESM1_ESM.pdf,parsed_primary_source,2
titan2025.bracs.bracs-fine-subtype.titan2025-frozen-20-nearest-neighbors.balanced-accuracy,titan_paper,bracs,BRACS fine subtype,morphological_subtyping,subtype_7_class,slide,classification,189,slide_level_classification,balanced_accuracy,higher,titan2025_frozen_20_nearest_neighbors,https://media.springernature.com/original/springer-static/esm/art%3A10.1038%2Fs41591-025-03982-3/MediaObjects/41591_2025_3982_MOESM1_ESM.pdf,parsed_primary_source,2
titan2025.bracs.bracs-fine-subtype.titan2025-frozen-20-nearest-neighbors.weighted-f1,titan_paper,bracs,BRACS fine subtype,morphological_subtyping,subtype_7_class,slide,classification,189,slide_level_classification,weighted_f1,higher,titan2025_frozen_20_nearest_neighbors,https://media.springernature.com/original/springer-static/esm/art%3A10.1038%2Fs41591-025-03982-3/MediaObjects/41591_2025_3982_MOESM1_ESM.pdf,parsed_primary_source,2
titan2025.bracs.bracs-fine-subtype.titan2025-frozen-logistic-regression.balanced-accuracy,titan_paper,bracs,BRACS fine subtype,morphological_subtyping,subtype_7_class,slide,classification,189,slide_level_classification,balanced_accuracy,higher,titan2025_frozen_logistic_regression,https://media.springernature.com/original/springer-static/esm/art%3A10.1038%2Fs41591-025-03982-3/MediaObjects/41591_2025_3982_MOESM1_ESM.pdf,parsed_primary_source,2
titan2025.bracs.bracs-fine-subtype.titan2025-frozen-logistic-regression.weighted-f1,titan_paper,bracs,BRACS fine subtype,morphological_subtyping,subtype_7_class,slide,classification,189,slide_level_classification,weighted_f1,higher,titan2025_frozen_logistic_regression,https://media.springernature.com/original/springer-static/esm/art%3A10.1038%2Fs41591-025-03982-3/MediaObjects/41591_2025_3982_MOESM1_ESM.pdf,parsed_primary_source,2
titan2025.bracs.bracs-fine-subtype.titan2025-frozen-simpleshot.balanced-accuracy,titan_paper,bracs,BRACS fine subtype,morphological_subtyping,subtype_7_class,slide,classification,189,slide_level_classification,balanced_accuracy,higher,titan2025_frozen_simpleshot,https://media.springernature.com/original/springer-static/esm/art%3A10.1038%2Fs41591-025-03982-3/MediaObjects/41591_2025_3982_MOESM1_ESM.pdf,parsed_primary_source,2
titan2025.bracs.bracs-fine-subtype.titan2025-frozen-simpleshot.weighted-f1,titan_paper,bracs,BRACS fine subtype,morphological_subtyping,subtype_7_class,slide,classification,189,slide_level_classification,weighted_f1,higher,titan2025_frozen_simpleshot,https://media.springernature.com/original/springer-static/esm/art%3A10.1038%2Fs41591-025-03982-3/MediaObjects/41591_2025_3982_MOESM1_ESM.pdf,parsed_primary_source,2
titan2025.cptac-brca.cptac-brca-er-status.titan2025-frozen-20-nearest-neighbors.balanced-accuracy,titan_paper,cptac-brca,CPTAC-BRCA ER status,molecular_biomarker,ER,patient,classification,102,slide_level_classification,balanced_accuracy,higher,titan2025_frozen_20_nearest_neighbors,https://media.springernature.com/original/springer-static/esm/art%3A10.1038%2Fs41591-025-03982-3/MediaObjects/41591_2025_3982_MOESM1_ESM.pdf,parsed_primary_source,2
titan2025.cptac-brca.cptac-brca-er-status.titan2025-frozen-20-nearest-neighbors.weighted-f1,titan_paper,cptac-brca,CPTAC-BRCA ER status,molecular_biomarker,ER,patient,classification,102,slide_level_classification,weighted_f1,higher,titan2025_frozen_20_nearest_neighbors,https://media.springernature.com/original/springer-static/esm/art%3A10.1038%2Fs41591-025-03982-3/MediaObjects/41591_2025_3982_MOESM1_ESM.pdf,parsed_primary_source,2
titan2025.cptac-brca.cptac-brca-er-status.titan2025-frozen-logistic-regression.auroc,titan_paper,cptac-brca,CPTAC-BRCA ER status,molecular_biomarker,ER,patient,classification,102,slide_level_classification,auroc,higher,titan2025_frozen_logistic_regression,https://media.springernature.com/original/springer-static/esm/art%3A10.1038%2Fs41591-025-03982-3/MediaObjects/41591_2025_3982_MOESM1_ESM.pdf,parsed_primary_source,2
titan2025.cptac-brca.cptac-brca-er-status.titan2025-frozen-logistic-regression.balanced-accuracy,titan_paper,cptac-brca,CPTAC-BRCA ER status,molecular_biomarker,ER,patient,classification,102,slide_level_classification,balanced_accuracy,higher,titan2025_frozen_logistic_regression,https://media.springernature.com/original/springer-static/esm/art%3A10.1038%2Fs41591-025-03982-3/MediaObjects/41591_2025_3982_MOESM1_ESM.pdf,parsed_primary_source,2
titan2025.cptac-brca.cptac-brca-er-status.titan2025-frozen-simpleshot.balanced-accuracy,titan_paper,cptac-brca,CPTAC-BRCA ER status,molecular_biomarker,ER,patient,classification,102,slide_level_classification,balanced_accuracy,higher,titan2025_frozen_simpleshot,https://media.springernature.com/original/springer-static/esm/art%3A10.1038%2Fs41591-025-03982-3/MediaObjects/41591_2025_3982_MOESM1_ESM.pdf,parsed_primary_source,2
titan2025.cptac-brca.cptac-brca-er-status.titan2025-frozen-simpleshot.weighted-f1,titan_paper,cptac-brca,CPTAC-BRCA ER status,molecular_biomarker,ER,patient,classification,102,slide_level_classification,weighted_f1,higher,titan2025_frozen_simpleshot,https://media.springernature.com/original/springer-static/esm/art%3A10.1038%2Fs41591-025-03982-3/MediaObjects/41591_2025_3982_MOESM1_ESM.pdf,parsed_primary_source,2
titan2025.cptac-brca.cptac-brca-her2-status.titan2025-frozen-20-nearest-neighbors.balanced-accuracy,titan_paper,cptac-brca,CPTAC-BRCA HER2 status,molecular_biomarker,HER2,patient,classification,103,slide_level_classification,balanced_accuracy,higher,titan2025_frozen_20_nearest_neighbors,https://media.springernature.com/original/springer-static/esm/art%3A10.1038%2Fs41591-025-03982-3/MediaObjects/41591_2025_3982_MOESM1_ESM.pdf,parsed_primary_source,2
titan2025.cptac-brca.cptac-brca-her2-status.titan2025-frozen-20-nearest-neighbors.weighted-f1,titan_paper,cptac-brca,CPTAC-BRCA HER2 status,molecular_biomarker,HER2,patient,classification,103,slide_level_classification,weighted_f1,higher,titan2025_frozen_20_nearest_neighbors,https://media.springernature.com/original/springer-static/esm/art%3A10.1038%2Fs41591-025-03982-3/MediaObjects/41591_2025_3982_MOESM1_ESM.pdf,parsed_primary_source,2
titan2025.cptac-brca.cptac-brca-her2-status.titan2025-frozen-logistic-regression.auroc,titan_paper,cptac-brca,CPTAC-BRCA HER2 status,molecular_biomarker,HER2,patient,classification,103,slide_level_classification,auroc,higher,titan2025_frozen_logistic_regression,https://media.springernature.com/original/springer-static/esm/art%3A10.1038%2Fs41591-025-03982-3/MediaObjects/41591_2025_3982_MOESM1_ESM.pdf,parsed_primary_source,2
titan2025.cptac-brca.cptac-brca-her2-status.titan2025-frozen-logistic-regression.balanced-accuracy,titan_paper,cptac-brca,CPTAC-BRCA HER2 status,molecular_biomarker,HER2,patient,classification,103,slide_level_classification,balanced_accuracy,higher,titan2025_frozen_logistic_regression,https://media.springernature.com/original/springer-static/esm/art%3A10.1038%2Fs41591-025-03982-3/MediaObjects/41591_2025_3982_MOESM1_ESM.pdf,parsed_primary_source,2
titan2025.cptac-brca.cptac-brca-her2-status.titan2025-frozen-simpleshot.balanced-accuracy,titan_paper,cptac-brca,CPTAC-BRCA HER2 status,molecular_biomarker,HER2,patient,classification,103,slide_level_classification,balanced_accuracy,higher,titan2025_frozen_simpleshot,https://media.springernature.com/original/springer-static/esm/art%3A10.1038%2Fs41591-025-03982-3/MediaObjects/41591_2025_3982_MOESM1_ESM.pdf,parsed_primary_source,2
titan2025.cptac-brca.cptac-brca-her2-status.titan2025-frozen-simpleshot.weighted-f1,titan_paper,cptac-brca,CPTAC-BRCA HER2 status,molecular_biomarker,HER2,patient,classification,103,slide_level_classification,weighted_f1,higher,titan2025_frozen_simpleshot,https://media.springernature.com/original/springer-static/esm/art%3A10.1038%2Fs41591-025-03982-3/MediaObjects/41591_2025_3982_MOESM1_ESM.pdf,parsed_primary_source,2
titan2025.cptac-brca.cptac-brca-pik3ca-status.titan2025-frozen-20-nearest-neighbors.balanced-accuracy,titan_paper,cptac-brca,CPTAC-BRCA PIK3CA status,molecular_biomarker,PIK3CA,patient,classification,103,slide_level_classification,balanced_accuracy,higher,titan2025_frozen_20_nearest_neighbors,https://media.springernature.com/original/springer-static/esm/art%3A10.1038%2Fs41591-025-03982-3/MediaObjects/41591_2025_3982_MOESM1_ESM.pdf,parsed_primary_source,2
titan2025.cptac-brca.cptac-brca-pik3ca-status.titan2025-frozen-20-nearest-neighbors.weighted-f1,titan_paper,cptac-brca,CPTAC-BRCA PIK3CA status,molecular_biomarker,PIK3CA,patient,classification,103,slide_level_classification,weighted_f1,higher,titan2025_frozen_20_nearest_neighbors,https://media.springernature.com/original/springer-static/esm/art%3A10.1038%2Fs41591-025-03982-3/MediaObjects/41591_2025_3982_MOESM1_ESM.pdf,parsed_primary_source,2
titan2025.cptac-brca.cptac-brca-pik3ca-status.titan2025-frozen-logistic-regression.auroc,titan_paper,cptac-brca,CPTAC-BRCA PIK3CA status,molecular_biomarker,PIK3CA,patient,classification,103,slide_level_classification,auroc,higher,titan2025_frozen_logistic_regression,https://media.springernature.com/original/springer-static/esm/art%3A10.1038%2Fs41591-025-03982-3/MediaObjects/41591_2025_3982_MOESM1_ESM.pdf,parsed_primary_source,2
titan2025.cptac-brca.cptac-brca-pik3ca-status.titan2025-frozen-logistic-regression.balanced-accuracy,titan_paper,cptac-brca,CPTAC-BRCA PIK3CA status,molecular_biomarker,PIK3CA,patient,classification,103,slide_level_classification,balanced_accuracy,higher,titan2025_frozen_logistic_regression,https://media.springernature.com/original/springer-static/esm/art%3A10.1038%2Fs41591-025-03982-3/MediaObjects/41591_2025_3982_MOESM1_ESM.pdf,parsed_primary_source,2
titan2025.cptac-brca.cptac-brca-pik3ca-status.titan2025-frozen-simpleshot.balanced-accuracy,titan_paper,cptac-brca,CPTAC-BRCA PIK3CA status,molecular_biomarker,PIK3CA,patient,classification,103,slide_level_classification,balanced_accuracy,higher,titan2025_frozen_simpleshot,https://media.springernature.com/original/springer-static/esm/art%3A10.1038%2Fs41591-025-03982-3/MediaObjects/41591_2025_3982_MOESM1_ESM.pdf,parsed_primary_source,2
titan2025.cptac-brca.cptac-brca-pik3ca-status.titan2025-frozen-simpleshot.weighted-f1,titan_paper,cptac-brca,CPTAC-BRCA PIK3CA status,molecular_biomarker,PIK3CA,patient,classification,103,slide_level_classification,weighted_f1,higher,titan2025_frozen_simpleshot,https://media.springernature.com/original/springer-static/esm/art%3A10.1038%2Fs41591-025-03982-3/MediaObjects/41591_2025_3982_MOESM1_ESM.pdf,parsed_primary_source,2
titan2025.cptac-brca.cptac-brca-pr-status.titan2025-frozen-20-nearest-neighbors.balanced-accuracy,titan_paper,cptac-brca,CPTAC-BRCA PR status,molecular_biomarker,PR,patient,classification,97,slide_level_classification,balanced_accuracy,higher,titan2025_frozen_20_nearest_neighbors,https://media.springernature.com/original/springer-static/esm/art%3A10.1038%2Fs41591-025-03982-3/MediaObjects/41591_2025_3982_MOESM1_ESM.pdf,parsed_primary_source,2
titan2025.cptac-brca.cptac-brca-pr-status.titan2025-frozen-20-nearest-neighbors.weighted-f1,titan_paper,cptac-brca,CPTAC-BRCA PR status,molecular_biomarker,PR,patient,classification,97,slide_level_classification,weighted_f1,higher,titan2025_frozen_20_nearest_neighbors,https://media.springernature.com/original/springer-static/esm/art%3A10.1038%2Fs41591-025-03982-3/MediaObjects/41591_2025_3982_MOESM1_ESM.pdf,parsed_primary_source,2
titan2025.cptac-brca.cptac-brca-pr-status.titan2025-frozen-logistic-regression.auroc,titan_paper,cptac-brca,CPTAC-BRCA PR status,molecular_biomarker,PR,patient,classification,97,slide_level_classification,auroc,higher,titan2025_frozen_logistic_regression,https://media.springernature.com/original/springer-static/esm/art%3A10.1038%2Fs41591-025-03982-3/MediaObjects/41591_2025_3982_MOESM1_ESM.pdf,parsed_primary_source,2
titan2025.cptac-brca.cptac-brca-pr-status.titan2025-frozen-logistic-regression.balanced-accuracy,titan_paper,cptac-brca,CPTAC-BRCA PR status,molecular_biomarker,PR,patient,classification,97,slide_level_classification,balanced_accuracy,higher,titan2025_frozen_logistic_regression,https://media.springernature.com/original/springer-static/esm/art%3A10.1038%2Fs41591-025-03982-3/MediaObjects/41591_2025_3982_MOESM1_ESM.pdf,parsed_primary_source,2
titan2025.cptac-brca.cptac-brca-pr-status.titan2025-frozen-simpleshot.balanced-accuracy,titan_paper,cptac-brca,CPTAC-BRCA PR status,molecular_biomarker,PR,patient,classification,97,slide_level_classification,balanced_accuracy,higher,titan2025_frozen_simpleshot,https://media.springernature.com/original/springer-static/esm/art%3A10.1038%2Fs41591-025-03982-3/MediaObjects/41591_2025_3982_MOESM1_ESM.pdf,parsed_primary_source,2
titan2025.cptac-brca.cptac-brca-pr-status.titan2025-frozen-simpleshot.weighted-f1,titan_paper,cptac-brca,CPTAC-BRCA PR status,molecular_biomarker,PR,patient,classification,97,slide_level_classification,weighted_f1,higher,titan2025_frozen_simpleshot,https://media.springernature.com/original/springer-static/esm/art%3A10.1038%2Fs41591-025-03982-3/MediaObjects/41591_2025_3982_MOESM1_ESM.pdf,parsed_primary_source,2
titan2025.cptac-coad.cptac-coad-braf-status.titan2025-frozen-20-nearest-neighbors.balanced-accuracy,titan_paper,cptac-coad,CPTAC-COAD BRAF status,molecular_biomarker,BRAF,patient,classification,103,slide_level_classification,balanced_accuracy,higher,titan2025_frozen_20_nearest_neighbors,https://media.springernature.com/original/springer-static/esm/art%3A10.1038%2Fs41591-025-03982-3/MediaObjects/41591_2025_3982_MOESM1_ESM.pdf,parsed_primary_source,2
titan2025.cptac-coad.cptac-coad-braf-status.titan2025-frozen-20-nearest-neighbors.weighted-f1,titan_paper,cptac-coad,CPTAC-COAD BRAF status,molecular_biomarker,BRAF,patient,classification,103,slide_level_classification,weighted_f1,higher,titan2025_frozen_20_nearest_neighbors,https://media.springernature.com/original/springer-static/esm/art%3A10.1038%2Fs41591-025-03982-3/MediaObjects/41591_2025_3982_MOESM1_ESM.pdf,parsed_primary_source,2
titan2025.cptac-coad.cptac-coad-braf-status.titan2025-frozen-logistic-regression.auroc,titan_paper,cptac-coad,CPTAC-COAD BRAF status,molecular_biomarker,BRAF,patient,classification,103,slide_level_classification,auroc,higher,titan2025_frozen_logistic_regression,https://media.springernature.com/original/springer-static/esm/art%3A10.1038%2Fs41591-025-03982-3/MediaObjects/41591_2025_3982_MOESM1_ESM.pdf,parsed_primary_source,2
titan2025.cptac-coad.cptac-coad-braf-status.titan2025-frozen-logistic-regression.balanced-accuracy,titan_paper,cptac-coad,CPTAC-COAD BRAF status,molecular_biomarker,BRAF,patient,classification,103,slide_level_classification,balanced_accuracy,higher,titan2025_frozen_logistic_regression,https://media.springernature.com/original/springer-static/esm/art%3A10.1038%2Fs41591-025-03982-3/MediaObjects/41591_2025_3982_MOESM1_ESM.pdf,parsed_primary_source,2
titan2025.cptac-coad.cptac-coad-braf-status.titan2025-frozen-simpleshot.balanced-accuracy,titan_paper,cptac-coad,CPTAC-COAD BRAF status,molecular_biomarker,BRAF,patient,classification,103,slide_level_classification,balanced_accuracy,higher,titan2025_frozen_simpleshot,https://media.springernature.com/original/springer-static/esm/art%3A10.1038%2Fs41591-025-03982-3/MediaObjects/41591_2025_3982_MOESM1_ESM.pdf,parsed_primary_source,2
titan2025.cptac-coad.cptac-coad-braf-status.titan2025-frozen-simpleshot.weighted-f1,titan_paper,cptac-coad,CPTAC-COAD BRAF status,molecular_biomarker,BRAF,patient,classification,103,slide_level_classification,weighted_f1,higher,titan2025_frozen_simpleshot,https://media.springernature.com/original/springer-static/esm/art%3A10.1038%2Fs41591-025-03982-3/MediaObjects/41591_2025_3982_MOESM1_ESM.pdf,parsed_primary_source,2
titan2025.cptac-coad.cptac-coad-kras-status.titan2025-frozen-20-nearest-neighbors.balanced-accuracy,titan_paper,cptac-coad,CPTAC-COAD KRAS status,molecular_biomarker,KRAS,patient,classification,103,slide_level_classification,balanced_accuracy,higher,titan2025_frozen_20_nearest_neighbors,https://media.springernature.com/original/springer-static/esm/art%3A10.1038%2Fs41591-025-03982-3/MediaObjects/41591_2025_3982_MOESM1_ESM.pdf,parsed_primary_source,2
titan2025.cptac-coad.cptac-coad-kras-status.titan2025-frozen-20-nearest-neighbors.weighted-f1,titan_paper,cptac-coad,CPTAC-COAD KRAS status,molecular_biomarker,KRAS,patient,classification,103,slide_level_classification,weighted_f1,higher,titan2025_frozen_20_nearest_neighbors,https://media.springernature.com/original/springer-static/esm/art%3A10.1038%2Fs41591-025-03982-3/MediaObjects/41591_2025_3982_MOESM1_ESM.pdf,parsed_primary_source,2
titan2025.cptac-coad.cptac-coad-kras-status.titan2025-frozen-logistic-regression.auroc,titan_paper,cptac-coad,CPTAC-COAD KRAS status,molecular_biomarker,KRAS,patient,classification,103,slide_level_classification,auroc,higher,titan2025_frozen_logistic_regression,https://media.springernature.com/original/springer-static/esm/art%3A10.1038%2Fs41591-025-03982-3/MediaObjects/41591_2025_3982_MOESM1_ESM.pdf,parsed_primary_source,2
titan2025.cptac-coad.cptac-coad-kras-status.titan2025-frozen-logistic-regression.balanced-accuracy,titan_paper,cptac-coad,CPTAC-COAD KRAS status,molecular_biomarker,KRAS,patient,classification,103,slide_level_classification,balanced_accuracy,higher,titan2025_frozen_logistic_regression,https://media.springernature.com/original/springer-static/esm/art%3A10.1038%2Fs41591-025-03982-3/MediaObjects/41591_2025_3982_MOESM1_ESM.pdf,parsed_primary_source,2
titan2025.cptac-coad.cptac-coad-kras-status.titan2025-frozen-simpleshot.balanced-accuracy,titan_paper,cptac-coad,CPTAC-COAD KRAS status,molecular_biomarker,KRAS,patient,classification,103,slide_level_classification,balanced_accuracy,higher,titan2025_frozen_simpleshot,https://media.springernature.com/original/springer-static/esm/art%3A10.1038%2Fs41591-025-03982-3/MediaObjects/41591_2025_3982_MOESM1_ESM.pdf,parsed_primary_source,2
titan2025.cptac-coad.cptac-coad-kras-status.titan2025-frozen-simpleshot.weighted-f1,titan_paper,cptac-coad,CPTAC-COAD KRAS status,molecular_biomarker,KRAS,patient,classification,103,slide_level_classification,weighted_f1,higher,titan2025_frozen_simpleshot,https://media.springernature.com/original/springer-static/esm/art%3A10.1038%2Fs41591-025-03982-3/MediaObjects/41591_2025_3982_MOESM1_ESM.pdf,parsed_primary_source,2
titan2025.cptac-coad.cptac-coad-msi-status.titan2025-frozen-20-nearest-neighbors.balanced-accuracy,titan_paper,cptac-coad,CPTAC-COAD MSI status,molecular_biomarker,MSI,patient,classification,103,slide_level_classification,balanced_accuracy,higher,titan2025_frozen_20_nearest_neighbors,https://media.springernature.com/original/springer-static/esm/art%3A10.1038%2Fs41591-025-03982-3/MediaObjects/41591_2025_3982_MOESM1_ESM.pdf,parsed_primary_source,2
titan2025.cptac-coad.cptac-coad-msi-status.titan2025-frozen-20-nearest-neighbors.weighted-f1,titan_paper,cptac-coad,CPTAC-COAD MSI status,molecular_biomarker,MSI,patient,classification,103,slide_level_classification,weighted_f1,higher,titan2025_frozen_20_nearest_neighbors,https://media.springernature.com/original/springer-static/esm/art%3A10.1038%2Fs41591-025-03982-3/MediaObjects/41591_2025_3982_MOESM1_ESM.pdf,parsed_primary_source,2
titan2025.cptac-coad.cptac-coad-msi-status.titan2025-frozen-logistic-regression.auroc,titan_paper,cptac-coad,CPTAC-COAD MSI status,molecular_biomarker,MSI,patient,classification,103,slide_level_classification,auroc,higher,titan2025_frozen_logistic_regression,https://media.springernature.com/original/springer-static/esm/art%3A10.1038%2Fs41591-025-03982-3/MediaObjects/41591_2025_3982_MOESM1_ESM.pdf,parsed_primary_source,2
titan2025.cptac-coad.cptac-coad-msi-status.titan2025-frozen-logistic-regression.balanced-accuracy,titan_paper,cptac-coad,CPTAC-COAD MSI status,molecular_biomarker,MSI,patient,classification,103,slide_level_classification,balanced_accuracy,higher,titan2025_frozen_logistic_regression,https://media.springernature.com/original/springer-static/esm/art%3A10.1038%2Fs41591-025-03982-3/MediaObjects/41591_2025_3982_MOESM1_ESM.pdf,parsed_primary_source,2
titan2025.cptac-coad.cptac-coad-msi-status.titan2025-frozen-simpleshot.balanced-accuracy,titan_paper,cptac-coad,CPTAC-COAD MSI status,molecular_biomarker,MSI,patient,classification,103,slide_level_classification,balanced_accuracy,higher,titan2025_frozen_simpleshot,https://media.springernature.com/original/springer-static/esm/art%3A10.1038%2Fs41591-025-03982-3/MediaObjects/41591_2025_3982_MOESM1_ESM.pdf,parsed_primary_source,2
titan2025.cptac-coad.cptac-coad-msi-status.titan2025-frozen-simpleshot.weighted-f1,titan_paper,cptac-coad,CPTAC-COAD MSI status,molecular_biomarker,MSI,patient,classification,103,slide_level_classification,weighted_f1,higher,titan2025_frozen_simpleshot,https://media.springernature.com/original/springer-static/esm/art%3A10.1038%2Fs41591-025-03982-3/MediaObjects/41591_2025_3982_MOESM1_ESM.pdf,parsed_primary_source,2
titan2025.cptac-dhmc-rcc.cptac-dhmc-rcc-oncotree-code.titan2025-frozen-20-nearest-neighbors.balanced-accuracy,titan_paper,cptac-dhmc-rcc,CPTAC-DHMC RCC OncoTree code,morphological_subtyping,oncotree_code,slide,classification,673,slide_level_classification,balanced_accuracy,higher,titan2025_frozen_20_nearest_neighbors,https://media.springernature.com/original/springer-static/esm/art%3A10.1038%2Fs41591-025-03982-3/MediaObjects/41591_2025_3982_MOESM1_ESM.pdf,parsed_primary_source,2
titan2025.cptac-dhmc-rcc.cptac-dhmc-rcc-oncotree-code.titan2025-frozen-20-nearest-neighbors.weighted-f1,titan_paper,cptac-dhmc-rcc,CPTAC-DHMC RCC OncoTree code,morphological_subtyping,oncotree_code,slide,classification,673,slide_level_classification,weighted_f1,higher,titan2025_frozen_20_nearest_neighbors,https://media.springernature.com/original/springer-static/esm/art%3A10.1038%2Fs41591-025-03982-3/MediaObjects/41591_2025_3982_MOESM1_ESM.pdf,parsed_primary_source,2
titan2025.cptac-dhmc-rcc.cptac-dhmc-rcc-oncotree-code.titan2025-frozen-logistic-regression.balanced-accuracy,titan_paper,cptac-dhmc-rcc,CPTAC-DHMC RCC OncoTree code,morphological_subtyping,oncotree_code,slide,classification,673,slide_level_classification,balanced_accuracy,higher,titan2025_frozen_logistic_regression,https://media.springernature.com/original/springer-static/esm/art%3A10.1038%2Fs41591-025-03982-3/MediaObjects/41591_2025_3982_MOESM1_ESM.pdf,parsed_primary_source,2
titan2025.cptac-dhmc-rcc.cptac-dhmc-rcc-oncotree-code.titan2025-frozen-logistic-regression.weighted-f1,titan_paper,cptac-dhmc-rcc,CPTAC-DHMC RCC OncoTree code,morphological_subtyping,oncotree_code,slide,classification,673,slide_level_classification,weighted_f1,higher,titan2025_frozen_logistic_regression,https://media.springernature.com/original/springer-static/esm/art%3A10.1038%2Fs41591-025-03982-3/MediaObjects/41591_2025_3982_MOESM1_ESM.pdf,parsed_primary_source,2
titan2025.cptac-dhmc-rcc.cptac-dhmc-rcc-oncotree-code.titan2025-frozen-simpleshot.balanced-accuracy,titan_paper,cptac-dhmc-rcc,CPTAC-DHMC RCC OncoTree code,morphological_subtyping,oncotree_code,slide,classification,673,slide_level_classification,balanced_accuracy,higher,titan2025_frozen_simpleshot,https://media.springernature.com/original/springer-static/esm/art%3A10.1038%2Fs41591-025-03982-3/MediaObjects/41591_2025_3982_MOESM1_ESM.pdf,parsed_primary_source,2
titan2025.cptac-dhmc-rcc.cptac-dhmc-rcc-oncotree-code.titan2025-frozen-simpleshot.weighted-f1,titan_paper,cptac-dhmc-rcc,CPTAC-DHMC RCC OncoTree code,morphological_subtyping,oncotree_code,slide,classification,673,slide_level_classification,weighted_f1,higher,titan2025_frozen_simpleshot,https://media.springernature.com/original/springer-static/esm/art%3A10.1038%2Fs41591-025-03982-3/MediaObjects/41591_2025_3982_MOESM1_ESM.pdf,parsed_primary_source,2
titan2025.cptac-dhmc-rcc.cptac-dhmc-rcc-oncotree-code.titan2025-zero-shot-prompt-ensemble.auroc,titan_paper,cptac-dhmc-rcc,CPTAC-DHMC RCC OncoTree code,morphological_subtyping,oncotree_code,slide,classification,673,slide_level_classification,auroc,higher,titan2025_zero_shot_prompt_ensemble,https://media.springernature.com/original/springer-static/esm/art%3A10.1038%2Fs41591-025-03982-3/MediaObjects/41591_2025_3982_MOESM1_ESM.pdf,parsed_primary_source,1
titan2025.cptac-dhmc-rcc.cptac-dhmc-rcc-oncotree-code.titan2025-zero-shot-prompt-ensemble.balanced-accuracy,titan_paper,cptac-dhmc-rcc,CPTAC-DHMC RCC OncoTree code,morphological_subtyping,oncotree_code,slide,classification,673,slide_level_classification,balanced_accuracy,higher,titan2025_zero_shot_prompt_ensemble,https://media.springernature.com/original/springer-static/esm/art%3A10.1038%2Fs41591-025-03982-3/MediaObjects/41591_2025_3982_MOESM1_ESM.pdf,parsed_primary_source,1
titan2025.cptac-dhmc-rcc.cptac-dhmc-rcc-oncotree-code.titan2025-zero-shot-prompt-ensemble.weighted-f1,titan_paper,cptac-dhmc-rcc,CPTAC-DHMC RCC OncoTree code,morphological_subtyping,oncotree_code,slide,classification,673,slide_level_classification,weighted_f1,higher,titan2025_zero_shot_prompt_ensemble,https://media.springernature.com/original/springer-static/esm/art%3A10.1038%2Fs41591-025-03982-3/MediaObjects/41591_2025_3982_MOESM1_ESM.pdf,parsed_primary_source,1
titan2025.cptac-luad.cptac-luad-egfr-mutation.titan2025-frozen-20-nearest-neighbors.balanced-accuracy,titan_paper,cptac-luad,CPTAC-LUAD EGFR mutation,molecular_biomarker,EGFR,patient,classification,108,slide_level_classification,balanced_accuracy,higher,titan2025_frozen_20_nearest_neighbors,https://media.springernature.com/original/springer-static/esm/art%3A10.1038%2Fs41591-025-03982-3/MediaObjects/41591_2025_3982_MOESM1_ESM.pdf,parsed_primary_source,2
titan2025.cptac-luad.cptac-luad-egfr-mutation.titan2025-frozen-20-nearest-neighbors.weighted-f1,titan_paper,cptac-luad,CPTAC-LUAD EGFR mutation,molecular_biomarker,EGFR,patient,classification,108,slide_level_classification,weighted_f1,higher,titan2025_frozen_20_nearest_neighbors,https://media.springernature.com/original/springer-static/esm/art%3A10.1038%2Fs41591-025-03982-3/MediaObjects/41591_2025_3982_MOESM1_ESM.pdf,parsed_primary_source,2
titan2025.cptac-luad.cptac-luad-egfr-mutation.titan2025-frozen-logistic-regression.auroc,titan_paper,cptac-luad,CPTAC-LUAD EGFR mutation,molecular_biomarker,EGFR,patient,classification,108,slide_level_classification,auroc,higher,titan2025_frozen_logistic_regression,https://media.springernature.com/original/springer-static/esm/art%3A10.1038%2Fs41591-025-03982-3/MediaObjects/41591_2025_3982_MOESM1_ESM.pdf,parsed_primary_source,2
titan2025.cptac-luad.cptac-luad-egfr-mutation.titan2025-frozen-logistic-regression.balanced-accuracy,titan_paper,cptac-luad,CPTAC-LUAD EGFR mutation,molecular_biomarker,EGFR,patient,classification,108,slide_level_classification,balanced_accuracy,higher,titan2025_frozen_logistic_regression,https://media.springernature.com/original/springer-static/esm/art%3A10.1038%2Fs41591-025-03982-3/MediaObjects/41591_2025_3982_MOESM1_ESM.pdf,parsed_primary_source,2
titan2025.cptac-luad.cptac-luad-egfr-mutation.titan2025-frozen-simpleshot.balanced-accuracy,titan_paper,cptac-luad,CPTAC-LUAD EGFR mutation,molecular_biomarker,EGFR,patient,classification,108,slide_level_classification,balanced_accuracy,higher,titan2025_frozen_simpleshot,https://media.springernature.com/original/springer-static/esm/art%3A10.1038%2Fs41591-025-03982-3/MediaObjects/41591_2025_3982_MOESM1_ESM.pdf,parsed_primary_source,2
titan2025.cptac-luad.cptac-luad-egfr-mutation.titan2025-frozen-simpleshot.weighted-f1,titan_paper,cptac-luad,CPTAC-LUAD EGFR mutation,molecular_biomarker,EGFR,patient,classification,108,slide_level_classification,weighted_f1,higher,titan2025_frozen_simpleshot,https://media.springernature.com/original/springer-static/esm/art%3A10.1038%2Fs41591-025-03982-3/MediaObjects/41591_2025_3982_MOESM1_ESM.pdf,parsed_primary_source,2
titan2025.cptac-luad.cptac-luad-tp53-mutation.titan2025-frozen-20-nearest-neighbors.balanced-accuracy,titan_paper,cptac-luad,CPTAC-LUAD TP53 mutation,molecular_biomarker,TP53,patient,classification,108,slide_level_classification,balanced_accuracy,higher,titan2025_frozen_20_nearest_neighbors,https://media.springernature.com/original/springer-static/esm/art%3A10.1038%2Fs41591-025-03982-3/MediaObjects/41591_2025_3982_MOESM1_ESM.pdf,parsed_primary_source,2
titan2025.cptac-luad.cptac-luad-tp53-mutation.titan2025-frozen-20-nearest-neighbors.weighted-f1,titan_paper,cptac-luad,CPTAC-LUAD TP53 mutation,molecular_biomarker,TP53,patient,classification,108,slide_level_classification,weighted_f1,higher,titan2025_frozen_20_nearest_neighbors,https://media.springernature.com/original/springer-static/esm/art%3A10.1038%2Fs41591-025-03982-3/MediaObjects/41591_2025_3982_MOESM1_ESM.pdf,parsed_primary_source,2
titan2025.cptac-luad.cptac-luad-tp53-mutation.titan2025-frozen-logistic-regression.auroc,titan_paper,cptac-luad,CPTAC-LUAD TP53 mutation,molecular_biomarker,TP53,patient,classification,108,slide_level_classification,auroc,higher,titan2025_frozen_logistic_regression,https://media.springernature.com/original/springer-static/esm/art%3A10.1038%2Fs41591-025-03982-3/MediaObjects/41591_2025_3982_MOESM1_ESM.pdf,parsed_primary_source,2
titan2025.cptac-luad.cptac-luad-tp53-mutation.titan2025-frozen-logistic-regression.balanced-accuracy,titan_paper,cptac-luad,CPTAC-LUAD TP53 mutation,molecular_biomarker,TP53,patient,classification,108,slide_level_classification,balanced_accuracy,higher,titan2025_frozen_logistic_regression,https://media.springernature.com/original/springer-static/esm/art%3A10.1038%2Fs41591-025-03982-3/MediaObjects/41591_2025_3982_MOESM1_ESM.pdf,parsed_primary_source,2
titan2025.cptac-luad.cptac-luad-tp53-mutation.titan2025-frozen-simpleshot.balanced-accuracy,titan_paper,cptac-luad,CPTAC-LUAD TP53 mutation,molecular_biomarker,TP53,patient,classification,108,slide_level_classification,balanced_accuracy,higher,titan2025_frozen_simpleshot,https://media.springernature.com/original/springer-static/esm/art%3A10.1038%2Fs41591-025-03982-3/MediaObjects/41591_2025_3982_MOESM1_ESM.pdf,parsed_primary_source,2
titan2025.cptac-luad.cptac-luad-tp53-mutation.titan2025-frozen-simpleshot.weighted-f1,titan_paper,cptac-luad,CPTAC-LUAD TP53 mutation,molecular_biomarker,TP53,patient,classification,108,slide_level_classification,weighted_f1,higher,titan2025_frozen_simpleshot,https://media.springernature.com/original/springer-static/esm/art%3A10.1038%2Fs41591-025-03982-3/MediaObjects/41591_2025_3982_MOESM1_ESM.pdf,parsed_primary_source,2
titan2025.cptac-nsclc.cptac-nsclc-subtype.titan2025-frozen-20-nearest-neighbors.balanced-accuracy,titan_paper,cptac-nsclc,CPTAC-NSCLC subtype,morphological_subtyping,subtype,slide,classification,422,slide_level_classification,balanced_accuracy,higher,titan2025_frozen_20_nearest_neighbors,https://media.springernature.com/original/springer-static/esm/art%3A10.1038%2Fs41591-025-03982-3/MediaObjects/41591_2025_3982_MOESM1_ESM.pdf,parsed_primary_source,2
titan2025.cptac-nsclc.cptac-nsclc-subtype.titan2025-frozen-20-nearest-neighbors.weighted-f1,titan_paper,cptac-nsclc,CPTAC-NSCLC subtype,morphological_subtyping,subtype,slide,classification,422,slide_level_classification,weighted_f1,higher,titan2025_frozen_20_nearest_neighbors,https://media.springernature.com/original/springer-static/esm/art%3A10.1038%2Fs41591-025-03982-3/MediaObjects/41591_2025_3982_MOESM1_ESM.pdf,parsed_primary_source,2
titan2025.cptac-nsclc.cptac-nsclc-subtype.titan2025-frozen-logistic-regression.auroc,titan_paper,cptac-nsclc,CPTAC-NSCLC subtype,morphological_subtyping,subtype,slide,classification,422,slide_level_classification,auroc,higher,titan2025_frozen_logistic_regression,https://media.springernature.com/original/springer-static/esm/art%3A10.1038%2Fs41591-025-03982-3/MediaObjects/41591_2025_3982_MOESM1_ESM.pdf,parsed_primary_source,2
titan2025.cptac-nsclc.cptac-nsclc-subtype.titan2025-frozen-logistic-regression.balanced-accuracy,titan_paper,cptac-nsclc,CPTAC-NSCLC subtype,morphological_subtyping,subtype,slide,classification,422,slide_level_classification,balanced_accuracy,higher,titan2025_frozen_logistic_regression,https://media.springernature.com/original/springer-static/esm/art%3A10.1038%2Fs41591-025-03982-3/MediaObjects/41591_2025_3982_MOESM1_ESM.pdf,parsed_primary_source,2
titan2025.cptac-nsclc.cptac-nsclc-subtype.titan2025-frozen-simpleshot.balanced-accuracy,titan_paper,cptac-nsclc,CPTAC-NSCLC subtype,morphological_subtyping,subtype,slide,classification,422,slide_level_classification,balanced_accuracy,higher,titan2025_frozen_simpleshot,https://media.springernature.com/original/springer-static/esm/art%3A10.1038%2Fs41591-025-03982-3/MediaObjects/41591_2025_3982_MOESM1_ESM.pdf,parsed_primary_source,2
titan2025.cptac-nsclc.cptac-nsclc-subtype.titan2025-frozen-simpleshot.weighted-f1,titan_paper,cptac-nsclc,CPTAC-NSCLC subtype,morphological_subtyping,subtype,slide,classification,422,slide_level_classification,weighted_f1,higher,titan2025_frozen_simpleshot,https://media.springernature.com/original/springer-static/esm/art%3A10.1038%2Fs41591-025-03982-3/MediaObjects/41591_2025_3982_MOESM1_ESM.pdf,parsed_primary_source,2
titan2025.cptac-nsclc.cptac-nsclc-subtype.titan2025-zero-shot-prompt-ensemble.auroc,titan_paper,cptac-nsclc,CPTAC-NSCLC subtype,morphological_subtyping,subtype,slide,classification,422,slide_level_classification,auroc,higher,titan2025_zero_shot_prompt_ensemble,https://media.springernature.com/original/springer-static/esm/art%3A10.1038%2Fs41591-025-03982-3/MediaObjects/41591_2025_3982_MOESM1_ESM.pdf,parsed_primary_source,1
titan2025.cptac-nsclc.cptac-nsclc-subtype.titan2025-zero-shot-prompt-ensemble.balanced-accuracy,titan_paper,cptac-nsclc,CPTAC-NSCLC subtype,morphological_subtyping,subtype,slide,classification,422,slide_level_classification,balanced_accuracy,higher,titan2025_zero_shot_prompt_ensemble,https://media.springernature.com/original/springer-static/esm/art%3A10.1038%2Fs41591-025-03982-3/MediaObjects/41591_2025_3982_MOESM1_ESM.pdf,parsed_primary_source,1
titan2025.cptac-nsclc.cptac-nsclc-subtype.titan2025-zero-shot-prompt-ensemble.weighted-f1,titan_paper,cptac-nsclc,CPTAC-NSCLC subtype,morphological_subtyping,subtype,slide,classification,422,slide_level_classification,weighted_f1,higher,titan2025_zero_shot_prompt_ensemble,https://media.springernature.com/original/springer-static/esm/art%3A10.1038%2Fs41591-025-03982-3/MediaObjects/41591_2025_3982_MOESM1_ESM.pdf,parsed_primary_source,1
titan2025.dhmc-luad.dhmc-luad-histological-pattern.titan2025-zero-shot-prompt-ensemble.auroc,titan_paper,dhmc-luad,DHMC-LUAD histological pattern,morphological_subtyping,histological_pattern,slide,classification,not_reported,slide_level_classification,auroc,higher,titan2025_zero_shot_prompt_ensemble,https://media.springernature.com/original/springer-static/esm/art%3A10.1038%2Fs41591-025-03982-3/MediaObjects/41591_2025_3982_MOESM1_ESM.pdf,parsed_primary_source,1
titan2025.dhmc-luad.dhmc-luad-histological-pattern.titan2025-zero-shot-prompt-ensemble.balanced-accuracy,titan_paper,dhmc-luad,DHMC-LUAD histological pattern,morphological_subtyping,histological_pattern,slide,classification,not_reported,slide_level_classification,balanced_accuracy,higher,titan2025_zero_shot_prompt_ensemble,https://media.springernature.com/original/springer-static/esm/art%3A10.1038%2Fs41591-025-03982-3/MediaObjects/41591_2025_3982_MOESM1_ESM.pdf,parsed_primary_source,1
titan2025.dhmc-luad.dhmc-luad-histological-pattern.titan2025-zero-shot-prompt-ensemble.weighted-f1,titan_paper,dhmc-luad,DHMC-LUAD histological pattern,morphological_subtyping,histological_pattern,slide,classification,not_reported,slide_level_classification,weighted_f1,higher,titan2025_zero_shot_prompt_ensemble,https://media.springernature.com/original/springer-static/esm/art%3A10.1038%2Fs41591-025-03982-3/MediaObjects/41591_2025_3982_MOESM1_ESM.pdf,parsed_primary_source,1
titan2025.ebrains-idh.ebrains-idh-mutation.titan2025-frozen-20-nearest-neighbors.balanced-accuracy,titan_paper,ebrains-idh,EBRAINS IDH mutation,molecular_biomarker,IDH,slide,classification,795,slide_level_classification,balanced_accuracy,higher,titan2025_frozen_20_nearest_neighbors,https://media.springernature.com/original/springer-static/esm/art%3A10.1038%2Fs41591-025-03982-3/MediaObjects/41591_2025_3982_MOESM1_ESM.pdf,parsed_primary_source,2
titan2025.ebrains-idh.ebrains-idh-mutation.titan2025-frozen-20-nearest-neighbors.weighted-f1,titan_paper,ebrains-idh,EBRAINS IDH mutation,molecular_biomarker,IDH,slide,classification,795,slide_level_classification,weighted_f1,higher,titan2025_frozen_20_nearest_neighbors,https://media.springernature.com/original/springer-static/esm/art%3A10.1038%2Fs41591-025-03982-3/MediaObjects/41591_2025_3982_MOESM1_ESM.pdf,parsed_primary_source,2
titan2025.ebrains-idh.ebrains-idh-mutation.titan2025-frozen-logistic-regression.auroc,titan_paper,ebrains-idh,EBRAINS IDH mutation,molecular_biomarker,IDH,slide,classification,795,slide_level_classification,auroc,higher,titan2025_frozen_logistic_regression,https://media.springernature.com/original/springer-static/esm/art%3A10.1038%2Fs41591-025-03982-3/MediaObjects/41591_2025_3982_MOESM1_ESM.pdf,parsed_primary_source,2
titan2025.ebrains-idh.ebrains-idh-mutation.titan2025-frozen-logistic-regression.balanced-accuracy,titan_paper,ebrains-idh,EBRAINS IDH mutation,molecular_biomarker,IDH,slide,classification,795,slide_level_classification,balanced_accuracy,higher,titan2025_frozen_logistic_regression,https://media.springernature.com/original/springer-static/esm/art%3A10.1038%2Fs41591-025-03982-3/MediaObjects/41591_2025_3982_MOESM1_ESM.pdf,parsed_primary_source,2
titan2025.ebrains-idh.ebrains-idh-mutation.titan2025-frozen-simpleshot.balanced-accuracy,titan_paper,ebrains-idh,EBRAINS IDH mutation,molecular_biomarker,IDH,slide,classification,795,slide_level_classification,balanced_accuracy,higher,titan2025_frozen_simpleshot,https://media.springernature.com/original/springer-static/esm/art%3A10.1038%2Fs41591-025-03982-3/MediaObjects/41591_2025_3982_MOESM1_ESM.pdf,parsed_primary_source,2
titan2025.ebrains-idh.ebrains-idh-mutation.titan2025-frozen-simpleshot.weighted-f1,titan_paper,ebrains-idh,EBRAINS IDH mutation,molecular_biomarker,IDH,slide,classification,795,slide_level_classification,weighted_f1,higher,titan2025_frozen_simpleshot,https://media.springernature.com/original/springer-static/esm/art%3A10.1038%2Fs41591-025-03982-3/MediaObjects/41591_2025_3982_MOESM1_ESM.pdf,parsed_primary_source,2
titan2025.ebrains.ebrains-tumor-type-slide-retrieval.titan2025-l2-slide-retrieval.majority-vote-at-3-accuracy,titan_paper,ebrains,EBRAINS tumor type slide retrieval,slide_retrieval,diagnosis,slide,retrieval,2147,slide_retrieval,majority_vote_at_3_accuracy,higher,titan2025_l2_slide_retrieval,https://media.springernature.com/original/springer-static/esm/art%3A10.1038%2Fs41591-025-03982-3/MediaObjects/41591_2025_3982_MOESM1_ESM.pdf,parsed_primary_source,2
titan2025.ebrains.ebrains-tumor-type-slide-retrieval.titan2025-l2-slide-retrieval.majority-vote-at-5-accuracy,titan_paper,ebrains,EBRAINS tumor type slide retrieval,slide_retrieval,diagnosis,slide,retrieval,2147,slide_retrieval,majority_vote_at_5_accuracy,higher,titan2025_l2_slide_retrieval,https://media.springernature.com/original/springer-static/esm/art%3A10.1038%2Fs41591-025-03982-3/MediaObjects/41591_2025_3982_MOESM1_ESM.pdf,parsed_primary_source,2
titan2025.ebrains.ebrains-tumor-type-slide-retrieval.titan2025-l2-slide-retrieval.top1-accuracy,titan_paper,ebrains,EBRAINS tumor type slide retrieval,slide_retrieval,diagnosis,slide,retrieval,2147,slide_retrieval,top1_accuracy,higher,titan2025_l2_slide_retrieval,https://media.springernature.com/original/springer-static/esm/art%3A10.1038%2Fs41591-025-03982-3/MediaObjects/41591_2025_3982_MOESM1_ESM.pdf,parsed_primary_source,2
titan2025.ebrains.ebrains-tumor-type-slide-retrieval.titan2025-l2-slide-retrieval.top3-accuracy,titan_paper,ebrains,EBRAINS tumor type slide retrieval,slide_retrieval,diagnosis,slide,retrieval,2147,slide_retrieval,top3_accuracy,higher,titan2025_l2_slide_retrieval,https://media.springernature.com/original/springer-static/esm/art%3A10.1038%2Fs41591-025-03982-3/MediaObjects/41591_2025_3982_MOESM1_ESM.pdf,parsed_primary_source,2
titan2025.ebrains.ebrains-tumor-type-slide-retrieval.titan2025-l2-slide-retrieval.top5-accuracy,titan_paper,ebrains,EBRAINS tumor type slide retrieval,slide_retrieval,diagnosis,slide,retrieval,2147,slide_retrieval,top5_accuracy,higher,titan2025_l2_slide_retrieval,https://media.springernature.com/original/springer-static/esm/art%3A10.1038%2Fs41591-025-03982-3/MediaObjects/41591_2025_3982_MOESM1_ESM.pdf,parsed_primary_source,2
titan2025.ebrains.ebrains-tumor-type.titan2025-16shot-linear-probe.balanced-accuracy,titan_paper,ebrains,EBRAINS tumor type,morphological_subtyping,diagnosis,slide,classification,2147,slide_level_classification,balanced_accuracy,higher,titan2025_16shot_linear_probe,https://media.springernature.com/original/springer-static/esm/art%3A10.1038%2Fs41591-025-03982-3/MediaObjects/41591_2025_3982_MOESM1_ESM.pdf,parsed_primary_source,2
titan2025.ebrains.ebrains-tumor-type.titan2025-16shot-simpleshot.balanced-accuracy,titan_paper,ebrains,EBRAINS tumor type,morphological_subtyping,diagnosis,slide,classification,2147,slide_level_classification,balanced_accuracy,higher,titan2025_16shot_simpleshot,https://media.springernature.com/original/springer-static/esm/art%3A10.1038%2Fs41591-025-03982-3/MediaObjects/41591_2025_3982_MOESM1_ESM.pdf,parsed_primary_source,2
titan2025.ebrains.ebrains-tumor-type.titan2025-1shot-linear-probe.balanced-accuracy,titan_paper,ebrains,EBRAINS tumor type,morphological_subtyping,diagnosis,slide,classification,2147,slide_level_classification,balanced_accuracy,higher,titan2025_1shot_linear_probe,https://media.springernature.com/original/springer-static/esm/art%3A10.1038%2Fs41591-025-03982-3/MediaObjects/41591_2025_3982_MOESM1_ESM.pdf,parsed_primary_source,2
titan2025.ebrains.ebrains-tumor-type.titan2025-1shot-simpleshot.balanced-accuracy,titan_paper,ebrains,EBRAINS tumor type,morphological_subtyping,diagnosis,slide,classification,2147,slide_level_classification,balanced_accuracy,higher,titan2025_1shot_simpleshot,https://media.springernature.com/original/springer-static/esm/art%3A10.1038%2Fs41591-025-03982-3/MediaObjects/41591_2025_3982_MOESM1_ESM.pdf,parsed_primary_source,2
titan2025.ebrains.ebrains-tumor-type.titan2025-2shot-linear-probe.balanced-accuracy,titan_paper,ebrains,EBRAINS tumor type,morphological_subtyping,diagnosis,slide,classification,2147,slide_level_classification,balanced_accuracy,higher,titan2025_2shot_linear_probe,https://media.springernature.com/original/springer-static/esm/art%3A10.1038%2Fs41591-025-03982-3/MediaObjects/41591_2025_3982_MOESM1_ESM.pdf,parsed_primary_source,2
titan2025.ebrains.ebrains-tumor-type.titan2025-2shot-simpleshot.balanced-accuracy,titan_paper,ebrains,EBRAINS tumor type,morphological_subtyping,diagnosis,slide,classification,2147,slide_level_classification,balanced_accuracy,higher,titan2025_2shot_simpleshot,https://media.springernature.com/original/springer-static/esm/art%3A10.1038%2Fs41591-025-03982-3/MediaObjects/41591_2025_3982_MOESM1_ESM.pdf,parsed_primary_source,2
titan2025.ebrains.ebrains-tumor-type.titan2025-32shot-linear-probe.balanced-accuracy,titan_paper,ebrains,EBRAINS tumor type,morphological_subtyping,diagnosis,slide,classification,2147,slide_level_classification,balanced_accuracy,higher,titan2025_32shot_linear_probe,https://media.springernature.com/original/springer-static/esm/art%3A10.1038%2Fs41591-025-03982-3/MediaObjects/41591_2025_3982_MOESM1_ESM.pdf,parsed_primary_source,2
titan2025.ebrains.ebrains-tumor-type.titan2025-32shot-simpleshot.balanced-accuracy,titan_paper,ebrains,EBRAINS tumor type,morphological_subtyping,diagnosis,slide,classification,2147,slide_level_classification,balanced_accuracy,higher,titan2025_32shot_simpleshot,https://media.springernature.com/original/springer-static/esm/art%3A10.1038%2Fs41591-025-03982-3/MediaObjects/41591_2025_3982_MOESM1_ESM.pdf,parsed_primary_source,2
titan2025.ebrains.ebrains-tumor-type.titan2025-4shot-linear-probe.balanced-accuracy,titan_paper,ebrains,EBRAINS tumor type,morphological_subtyping,diagnosis,slide,classification,2147,slide_level_classification,balanced_accuracy,higher,titan2025_4shot_linear_probe,https://media.springernature.com/original/springer-static/esm/art%3A10.1038%2Fs41591-025-03982-3/MediaObjects/41591_2025_3982_MOESM1_ESM.pdf,parsed_primary_source,2
titan2025.ebrains.ebrains-tumor-type.titan2025-4shot-simpleshot.balanced-accuracy,titan_paper,ebrains,EBRAINS tumor type,morphological_subtyping,diagnosis,slide,classification,2147,slide_level_classification,balanced_accuracy,higher,titan2025_4shot_simpleshot,https://media.springernature.com/original/springer-static/esm/art%3A10.1038%2Fs41591-025-03982-3/MediaObjects/41591_2025_3982_MOESM1_ESM.pdf,parsed_primary_source,2
titan2025.ebrains.ebrains-tumor-type.titan2025-8shot-linear-probe.balanced-accuracy,titan_paper,ebrains,EBRAINS tumor type,morphological_subtyping,diagnosis,slide,classification,2147,slide_level_classification,balanced_accuracy,higher,titan2025_8shot_linear_probe,https://media.springernature.com/original/springer-static/esm/art%3A10.1038%2Fs41591-025-03982-3/MediaObjects/41591_2025_3982_MOESM1_ESM.pdf,parsed_primary_source,2
titan2025.ebrains.ebrains-tumor-type.titan2025-8shot-simpleshot.balanced-accuracy,titan_paper,ebrains,EBRAINS tumor type,morphological_subtyping,diagnosis,slide,classification,2147,slide_level_classification,balanced_accuracy,higher,titan2025_8shot_simpleshot,https://media.springernature.com/original/springer-static/esm/art%3A10.1038%2Fs41591-025-03982-3/MediaObjects/41591_2025_3982_MOESM1_ESM.pdf,parsed_primary_source,2
titan2025.ebrains.ebrains-tumor-type.titan2025-frozen-20-nearest-neighbors.balanced-accuracy,titan_paper,ebrains,EBRAINS tumor type,morphological_subtyping,diagnosis,slide,classification,2147,slide_level_classification,balanced_accuracy,higher,titan2025_frozen_20_nearest_neighbors,https://media.springernature.com/original/springer-static/esm/art%3A10.1038%2Fs41591-025-03982-3/MediaObjects/41591_2025_3982_MOESM1_ESM.pdf,parsed_primary_source,2
titan2025.ebrains.ebrains-tumor-type.titan2025-frozen-20-nearest-neighbors.weighted-f1,titan_paper,ebrains,EBRAINS tumor type,morphological_subtyping,diagnosis,slide,classification,2147,slide_level_classification,weighted_f1,higher,titan2025_frozen_20_nearest_neighbors,https://media.springernature.com/original/springer-static/esm/art%3A10.1038%2Fs41591-025-03982-3/MediaObjects/41591_2025_3982_MOESM1_ESM.pdf,parsed_primary_source,2
titan2025.ebrains.ebrains-tumor-type.titan2025-frozen-logistic-regression.balanced-accuracy,titan_paper,ebrains,EBRAINS tumor type,morphological_subtyping,diagnosis,slide,classification,2147,slide_level_classification,balanced_accuracy,higher,titan2025_frozen_logistic_regression,https://media.springernature.com/original/springer-static/esm/art%3A10.1038%2Fs41591-025-03982-3/MediaObjects/41591_2025_3982_MOESM1_ESM.pdf,parsed_primary_source,2
titan2025.ebrains.ebrains-tumor-type.titan2025-frozen-logistic-regression.weighted-f1,titan_paper,ebrains,EBRAINS tumor type,morphological_subtyping,diagnosis,slide,classification,2147,slide_level_classification,weighted_f1,higher,titan2025_frozen_logistic_regression,https://media.springernature.com/original/springer-static/esm/art%3A10.1038%2Fs41591-025-03982-3/MediaObjects/41591_2025_3982_MOESM1_ESM.pdf,parsed_primary_source,2
titan2025.ebrains.ebrains-tumor-type.titan2025-frozen-simpleshot.balanced-accuracy,titan_paper,ebrains,EBRAINS tumor type,morphological_subtyping,diagnosis,slide,classification,2147,slide_level_classification,balanced_accuracy,higher,titan2025_frozen_simpleshot,https://media.springernature.com/original/springer-static/esm/art%3A10.1038%2Fs41591-025-03982-3/MediaObjects/41591_2025_3982_MOESM1_ESM.pdf,parsed_primary_source,2
titan2025.ebrains.ebrains-tumor-type.titan2025-frozen-simpleshot.weighted-f1,titan_paper,ebrains,EBRAINS tumor type,morphological_subtyping,diagnosis,slide,classification,2147,slide_level_classification,weighted_f1,higher,titan2025_frozen_simpleshot,https://media.springernature.com/original/springer-static/esm/art%3A10.1038%2Fs41591-025-03982-3/MediaObjects/41591_2025_3982_MOESM1_ESM.pdf,parsed_primary_source,2
titan2025.ebrains.ebrains-tumor-type.titan2025-zero-shot-prompt-ensemble.auroc,titan_paper,ebrains,EBRAINS tumor type,morphological_subtyping,diagnosis,slide,classification,2147,slide_level_classification,auroc,higher,titan2025_zero_shot_prompt_ensemble,https://media.springernature.com/original/springer-static/esm/art%3A10.1038%2Fs41591-025-03982-3/MediaObjects/41591_2025_3982_MOESM1_ESM.pdf,parsed_primary_source,1
titan2025.ebrains.ebrains-tumor-type.titan2025-zero-shot-prompt-ensemble.balanced-accuracy,titan_paper,ebrains,EBRAINS tumor type,morphological_subtyping,diagnosis,slide,classification,2147,slide_level_classification,balanced_accuracy,higher,titan2025_zero_shot_prompt_ensemble,https://media.springernature.com/original/springer-static/esm/art%3A10.1038%2Fs41591-025-03982-3/MediaObjects/41591_2025_3982_MOESM1_ESM.pdf,parsed_primary_source,1
titan2025.ebrains.ebrains-tumor-type.titan2025-zero-shot-prompt-ensemble.weighted-f1,titan_paper,ebrains,EBRAINS tumor type,morphological_subtyping,diagnosis,slide,classification,2147,slide_level_classification,weighted_f1,higher,titan2025_zero_shot_prompt_ensemble,https://media.springernature.com/original/springer-static/esm/art%3A10.1038%2Fs41591-025-03982-3/MediaObjects/41591_2025_3982_MOESM1_ESM.pdf,parsed_primary_source,1
titan2025.imp.imp-dysplasia-grading.titan2025-frozen-20-nearest-neighbors.balanced-accuracy,titan_paper,imp,IMP dysplasia grading,grading,dysplasia_grade,slide,classification,5333,slide_level_classification,balanced_accuracy,higher,titan2025_frozen_20_nearest_neighbors,https://media.springernature.com/original/springer-static/esm/art%3A10.1038%2Fs41591-025-03982-3/MediaObjects/41591_2025_3982_MOESM1_ESM.pdf,parsed_primary_source,2
titan2025.imp.imp-dysplasia-grading.titan2025-frozen-20-nearest-neighbors.quadratic-weighted-kappa,titan_paper,imp,IMP dysplasia grading,grading,dysplasia_grade,slide,classification,5333,slide_level_classification,quadratic_weighted_kappa,higher,titan2025_frozen_20_nearest_neighbors,https://media.springernature.com/original/springer-static/esm/art%3A10.1038%2Fs41591-025-03982-3/MediaObjects/41591_2025_3982_MOESM1_ESM.pdf,parsed_primary_source,2
titan2025.imp.imp-dysplasia-grading.titan2025-frozen-logistic-regression.balanced-accuracy,titan_paper,imp,IMP dysplasia grading,grading,dysplasia_grade,slide,classification,5333,slide_level_classification,balanced_accuracy,higher,titan2025_frozen_logistic_regression,https://media.springernature.com/original/springer-static/esm/art%3A10.1038%2Fs41591-025-03982-3/MediaObjects/41591_2025_3982_MOESM1_ESM.pdf,parsed_primary_source,2
titan2025.imp.imp-dysplasia-grading.titan2025-frozen-logistic-regression.quadratic-weighted-kappa,titan_paper,imp,IMP dysplasia grading,grading,dysplasia_grade,slide,classification,5333,slide_level_classification,quadratic_weighted_kappa,higher,titan2025_frozen_logistic_regression,https://media.springernature.com/original/springer-static/esm/art%3A10.1038%2Fs41591-025-03982-3/MediaObjects/41591_2025_3982_MOESM1_ESM.pdf,parsed_primary_source,2
titan2025.imp.imp-dysplasia-grading.titan2025-frozen-simpleshot.balanced-accuracy,titan_paper,imp,IMP dysplasia grading,grading,dysplasia_grade,slide,classification,5333,slide_level_classification,balanced_accuracy,higher,titan2025_frozen_simpleshot,https://media.springernature.com/original/springer-static/esm/art%3A10.1038%2Fs41591-025-03982-3/MediaObjects/41591_2025_3982_MOESM1_ESM.pdf,parsed_primary_source,2
titan2025.imp.imp-dysplasia-grading.titan2025-frozen-simpleshot.quadratic-weighted-kappa,titan_paper,imp,IMP dysplasia grading,grading,dysplasia_grade,slide,classification,5333,slide_level_classification,quadratic_weighted_kappa,higher,titan2025_frozen_simpleshot,https://media.springernature.com/original/springer-static/esm/art%3A10.1038%2Fs41591-025-03982-3/MediaObjects/41591_2025_3982_MOESM1_ESM.pdf,parsed_primary_source,2
titan2025.mut-het-rcc.mut-het-rcc-bap1-mutation.titan2025-frozen-20-nearest-neighbors.balanced-accuracy,titan_paper,mut-het-rcc,MUT-HET-RCC BAP1 mutation,molecular_biomarker,BAP1,patient,classification,1292,slide_level_classification,balanced_accuracy,higher,titan2025_frozen_20_nearest_neighbors,https://media.springernature.com/original/springer-static/esm/art%3A10.1038%2Fs41591-025-03982-3/MediaObjects/41591_2025_3982_MOESM1_ESM.pdf,parsed_primary_source,2
titan2025.mut-het-rcc.mut-het-rcc-bap1-mutation.titan2025-frozen-20-nearest-neighbors.weighted-f1,titan_paper,mut-het-rcc,MUT-HET-RCC BAP1 mutation,molecular_biomarker,BAP1,patient,classification,1292,slide_level_classification,weighted_f1,higher,titan2025_frozen_20_nearest_neighbors,https://media.springernature.com/original/springer-static/esm/art%3A10.1038%2Fs41591-025-03982-3/MediaObjects/41591_2025_3982_MOESM1_ESM.pdf,parsed_primary_source,2
titan2025.mut-het-rcc.mut-het-rcc-bap1-mutation.titan2025-frozen-logistic-regression.auroc,titan_paper,mut-het-rcc,MUT-HET-RCC BAP1 mutation,molecular_biomarker,BAP1,patient,classification,1292,slide_level_classification,auroc,higher,titan2025_frozen_logistic_regression,https://media.springernature.com/original/springer-static/esm/art%3A10.1038%2Fs41591-025-03982-3/MediaObjects/41591_2025_3982_MOESM1_ESM.pdf,parsed_primary_source,2
titan2025.mut-het-rcc.mut-het-rcc-bap1-mutation.titan2025-frozen-logistic-regression.balanced-accuracy,titan_paper,mut-het-rcc,MUT-HET-RCC BAP1 mutation,molecular_biomarker,BAP1,patient,classification,1292,slide_level_classification,balanced_accuracy,higher,titan2025_frozen_logistic_regression,https://media.springernature.com/original/springer-static/esm/art%3A10.1038%2Fs41591-025-03982-3/MediaObjects/41591_2025_3982_MOESM1_ESM.pdf,parsed_primary_source,2
titan2025.mut-het-rcc.mut-het-rcc-bap1-mutation.titan2025-frozen-simpleshot.balanced-accuracy,titan_paper,mut-het-rcc,MUT-HET-RCC BAP1 mutation,molecular_biomarker,BAP1,patient,classification,1292,slide_level_classification,balanced_accuracy,higher,titan2025_frozen_simpleshot,https://media.springernature.com/original/springer-static/esm/art%3A10.1038%2Fs41591-025-03982-3/MediaObjects/41591_2025_3982_MOESM1_ESM.pdf,parsed_primary_source,2
titan2025.mut-het-rcc.mut-het-rcc-bap1-mutation.titan2025-frozen-simpleshot.weighted-f1,titan_paper,mut-het-rcc,MUT-HET-RCC BAP1 mutation,molecular_biomarker,BAP1,patient,classification,1292,slide_level_classification,weighted_f1,higher,titan2025_frozen_simpleshot,https://media.springernature.com/original/springer-static/esm/art%3A10.1038%2Fs41591-025-03982-3/MediaObjects/41591_2025_3982_MOESM1_ESM.pdf,parsed_primary_source,2
titan2025.mut-het-rcc.mut-het-rcc-pbrm1-mutation.titan2025-frozen-20-nearest-neighbors.balanced-accuracy,titan_paper,mut-het-rcc,MUT-HET-RCC PBRM1 mutation,molecular_biomarker,PBRM1,patient,classification,1292,slide_level_classification,balanced_accuracy,higher,titan2025_frozen_20_nearest_neighbors,https://media.springernature.com/original/springer-static/esm/art%3A10.1038%2Fs41591-025-03982-3/MediaObjects/41591_2025_3982_MOESM1_ESM.pdf,parsed_primary_source,2
titan2025.mut-het-rcc.mut-het-rcc-pbrm1-mutation.titan2025-frozen-20-nearest-neighbors.weighted-f1,titan_paper,mut-het-rcc,MUT-HET-RCC PBRM1 mutation,molecular_biomarker,PBRM1,patient,classification,1292,slide_level_classification,weighted_f1,higher,titan2025_frozen_20_nearest_neighbors,https://media.springernature.com/original/springer-static/esm/art%3A10.1038%2Fs41591-025-03982-3/MediaObjects/41591_2025_3982_MOESM1_ESM.pdf,parsed_primary_source,2
titan2025.mut-het-rcc.mut-het-rcc-pbrm1-mutation.titan2025-frozen-logistic-regression.auroc,titan_paper,mut-het-rcc,MUT-HET-RCC PBRM1 mutation,molecular_biomarker,PBRM1,patient,classification,1292,slide_level_classification,auroc,higher,titan2025_frozen_logistic_regression,https://media.springernature.com/original/springer-static/esm/art%3A10.1038%2Fs41591-025-03982-3/MediaObjects/41591_2025_3982_MOESM1_ESM.pdf,parsed_primary_source,2
titan2025.mut-het-rcc.mut-het-rcc-pbrm1-mutation.titan2025-frozen-logistic-regression.balanced-accuracy,titan_paper,mut-het-rcc,MUT-HET-RCC PBRM1 mutation,molecular_biomarker,PBRM1,patient,classification,1292,slide_level_classification,balanced_accuracy,higher,titan2025_frozen_logistic_regression,https://media.springernature.com/original/springer-static/esm/art%3A10.1038%2Fs41591-025-03982-3/MediaObjects/41591_2025_3982_MOESM1_ESM.pdf,parsed_primary_source,2
titan2025.mut-het-rcc.mut-het-rcc-pbrm1-mutation.titan2025-frozen-simpleshot.balanced-accuracy,titan_paper,mut-het-rcc,MUT-HET-RCC PBRM1 mutation,molecular_biomarker,PBRM1,patient,classification,1292,slide_level_classification,balanced_accuracy,higher,titan2025_frozen_simpleshot,https://media.springernature.com/original/springer-static/esm/art%3A10.1038%2Fs41591-025-03982-3/MediaObjects/41591_2025_3982_MOESM1_ESM.pdf,parsed_primary_source,2
titan2025.mut-het-rcc.mut-het-rcc-pbrm1-mutation.titan2025-frozen-simpleshot.weighted-f1,titan_paper,mut-het-rcc,MUT-HET-RCC PBRM1 mutation,molecular_biomarker,PBRM1,patient,classification,1292,slide_level_classification,weighted_f1,higher,titan2025_frozen_simpleshot,https://media.springernature.com/original/springer-static/esm/art%3A10.1038%2Fs41591-025-03982-3/MediaObjects/41591_2025_3982_MOESM1_ESM.pdf,parsed_primary_source,2
titan2025.mut-het-rcc.mut-het-rcc-setd2-mutation.titan2025-frozen-20-nearest-neighbors.balanced-accuracy,titan_paper,mut-het-rcc,MUT-HET-RCC SETD2 mutation,molecular_biomarker,SETD2,patient,classification,1292,slide_level_classification,balanced_accuracy,higher,titan2025_frozen_20_nearest_neighbors,https://media.springernature.com/original/springer-static/esm/art%3A10.1038%2Fs41591-025-03982-3/MediaObjects/41591_2025_3982_MOESM1_ESM.pdf,parsed_primary_source,2
titan2025.mut-het-rcc.mut-het-rcc-setd2-mutation.titan2025-frozen-20-nearest-neighbors.weighted-f1,titan_paper,mut-het-rcc,MUT-HET-RCC SETD2 mutation,molecular_biomarker,SETD2,patient,classification,1292,slide_level_classification,weighted_f1,higher,titan2025_frozen_20_nearest_neighbors,https://media.springernature.com/original/springer-static/esm/art%3A10.1038%2Fs41591-025-03982-3/MediaObjects/41591_2025_3982_MOESM1_ESM.pdf,parsed_primary_source,2
titan2025.mut-het-rcc.mut-het-rcc-setd2-mutation.titan2025-frozen-logistic-regression.auroc,titan_paper,mut-het-rcc,MUT-HET-RCC SETD2 mutation,molecular_biomarker,SETD2,patient,classification,1292,slide_level_classification,auroc,higher,titan2025_frozen_logistic_regression,https://media.springernature.com/original/springer-static/esm/art%3A10.1038%2Fs41591-025-03982-3/MediaObjects/41591_2025_3982_MOESM1_ESM.pdf,parsed_primary_source,2
titan2025.mut-het-rcc.mut-het-rcc-setd2-mutation.titan2025-frozen-logistic-regression.balanced-accuracy,titan_paper,mut-het-rcc,MUT-HET-RCC SETD2 mutation,molecular_biomarker,SETD2,patient,classification,1292,slide_level_classification,balanced_accuracy,higher,titan2025_frozen_logistic_regression,https://media.springernature.com/original/springer-static/esm/art%3A10.1038%2Fs41591-025-03982-3/MediaObjects/41591_2025_3982_MOESM1_ESM.pdf,parsed_primary_source,2
titan2025.mut-het-rcc.mut-het-rcc-setd2-mutation.titan2025-frozen-simpleshot.balanced-accuracy,titan_paper,mut-het-rcc,MUT-HET-RCC SETD2 mutation,molecular_biomarker,SETD2,patient,classification,1292,slide_level_classification,balanced_accuracy,higher,titan2025_frozen_simpleshot,https://media.springernature.com/original/springer-static/esm/art%3A10.1038%2Fs41591-025-03982-3/MediaObjects/41591_2025_3982_MOESM1_ESM.pdf,parsed_primary_source,2
titan2025.mut-het-rcc.mut-het-rcc-setd2-mutation.titan2025-frozen-simpleshot.weighted-f1,titan_paper,mut-het-rcc,MUT-HET-RCC SETD2 mutation,molecular_biomarker,SETD2,patient,classification,1292,slide_level_classification,weighted_f1,higher,titan2025_frozen_simpleshot,https://media.springernature.com/original/springer-static/esm/art%3A10.1038%2Fs41591-025-03982-3/MediaObjects/41591_2025_3982_MOESM1_ESM.pdf,parsed_primary_source,2
titan2025.panda.panda-gleason-grading.titan2025-frozen-20-nearest-neighbors.balanced-accuracy,titan_paper,panda,PANDA Gleason grading,grading,gleason_grade,slide,classification,9555,slide_level_classification,balanced_accuracy,higher,titan2025_frozen_20_nearest_neighbors,https://media.springernature.com/original/springer-static/esm/art%3A10.1038%2Fs41591-025-03982-3/MediaObjects/41591_2025_3982_MOESM1_ESM.pdf,parsed_primary_source,2
titan2025.panda.panda-gleason-grading.titan2025-frozen-20-nearest-neighbors.quadratic-weighted-kappa,titan_paper,panda,PANDA Gleason grading,grading,gleason_grade,slide,classification,9555,slide_level_classification,quadratic_weighted_kappa,higher,titan2025_frozen_20_nearest_neighbors,https://media.springernature.com/original/springer-static/esm/art%3A10.1038%2Fs41591-025-03982-3/MediaObjects/41591_2025_3982_MOESM1_ESM.pdf,parsed_primary_source,2
titan2025.panda.panda-gleason-grading.titan2025-frozen-logistic-regression.balanced-accuracy,titan_paper,panda,PANDA Gleason grading,grading,gleason_grade,slide,classification,9555,slide_level_classification,balanced_accuracy,higher,titan2025_frozen_logistic_regression,https://media.springernature.com/original/springer-static/esm/art%3A10.1038%2Fs41591-025-03982-3/MediaObjects/41591_2025_3982_MOESM1_ESM.pdf,parsed_primary_source,2
titan2025.panda.panda-gleason-grading.titan2025-frozen-logistic-regression.quadratic-weighted-kappa,titan_paper,panda,PANDA Gleason grading,grading,gleason_grade,slide,classification,9555,slide_level_classification,quadratic_weighted_kappa,higher,titan2025_frozen_logistic_regression,https://media.springernature.com/original/springer-static/esm/art%3A10.1038%2Fs41591-025-03982-3/MediaObjects/41591_2025_3982_MOESM1_ESM.pdf,parsed_primary_source,2
titan2025.panda.panda-gleason-grading.titan2025-frozen-simpleshot.balanced-accuracy,titan_paper,panda,PANDA Gleason grading,grading,gleason_grade,slide,classification,9555,slide_level_classification,balanced_accuracy,higher,titan2025_frozen_simpleshot,https://media.springernature.com/original/springer-static/esm/art%3A10.1038%2Fs41591-025-03982-3/MediaObjects/41591_2025_3982_MOESM1_ESM.pdf,parsed_primary_source,2
titan2025.panda.panda-gleason-grading.titan2025-frozen-simpleshot.quadratic-weighted-kappa,titan_paper,panda,PANDA Gleason grading,grading,gleason_grade,slide,classification,9555,slide_level_classification,quadratic_weighted_kappa,higher,titan2025_frozen_simpleshot,https://media.springernature.com/original/springer-static/esm/art%3A10.1038%2Fs41591-025-03982-3/MediaObjects/41591_2025_3982_MOESM1_ESM.pdf,parsed_primary_source,2
titan2025.pdl1-luad.pd-l1-expression-level.titan2025-frozen-20-nearest-neighbors.balanced-accuracy,titan_paper,pdl1-luad,PD-L1 expression level,molecular_biomarker,PD-L1_level,patient,classification,217,slide_level_classification,balanced_accuracy,higher,titan2025_frozen_20_nearest_neighbors,https://media.springernature.com/original/springer-static/esm/art%3A10.1038%2Fs41591-025-03982-3/MediaObjects/41591_2025_3982_MOESM1_ESM.pdf,parsed_primary_source,2
titan2025.pdl1-luad.pd-l1-expression-level.titan2025-frozen-20-nearest-neighbors.quadratic-weighted-kappa,titan_paper,pdl1-luad,PD-L1 expression level,molecular_biomarker,PD-L1_level,patient,classification,217,slide_level_classification,quadratic_weighted_kappa,higher,titan2025_frozen_20_nearest_neighbors,https://media.springernature.com/original/springer-static/esm/art%3A10.1038%2Fs41591-025-03982-3/MediaObjects/41591_2025_3982_MOESM1_ESM.pdf,parsed_primary_source,2
titan2025.pdl1-luad.pd-l1-expression-level.titan2025-frozen-logistic-regression.balanced-accuracy,titan_paper,pdl1-luad,PD-L1 expression level,molecular_biomarker,PD-L1_level,patient,classification,217,slide_level_classification,balanced_accuracy,higher,titan2025_frozen_logistic_regression,https://media.springernature.com/original/springer-static/esm/art%3A10.1038%2Fs41591-025-03982-3/MediaObjects/41591_2025_3982_MOESM1_ESM.pdf,parsed_primary_source,2
titan2025.pdl1-luad.pd-l1-expression-level.titan2025-frozen-logistic-regression.quadratic-weighted-kappa,titan_paper,pdl1-luad,PD-L1 expression level,molecular_biomarker,PD-L1_level,patient,classification,217,slide_level_classification,quadratic_weighted_kappa,higher,titan2025_frozen_logistic_regression,https://media.springernature.com/original/springer-static/esm/art%3A10.1038%2Fs41591-025-03982-3/MediaObjects/41591_2025_3982_MOESM1_ESM.pdf,parsed_primary_source,2
titan2025.pdl1-luad.pd-l1-expression-level.titan2025-frozen-simpleshot.balanced-accuracy,titan_paper,pdl1-luad,PD-L1 expression level,molecular_biomarker,PD-L1_level,patient,classification,217,slide_level_classification,balanced_accuracy,higher,titan2025_frozen_simpleshot,https://media.springernature.com/original/springer-static/esm/art%3A10.1038%2Fs41591-025-03982-3/MediaObjects/41591_2025_3982_MOESM1_ESM.pdf,parsed_primary_source,2
titan2025.pdl1-luad.pd-l1-expression-level.titan2025-frozen-simpleshot.quadratic-weighted-kappa,titan_paper,pdl1-luad,PD-L1 expression level,molecular_biomarker,PD-L1_level,patient,classification,217,slide_level_classification,quadratic_weighted_kappa,higher,titan2025_frozen_simpleshot,https://media.springernature.com/original/springer-static/esm/art%3A10.1038%2Fs41591-025-03982-3/MediaObjects/41591_2025_3982_MOESM1_ESM.pdf,parsed_primary_source,2
titan2025.rare-cancers-public.rare-cancers-public-slide-retrieval.titan2025-l2-slide-retrieval.majority-vote-at-3-accuracy,titan_paper,rare-cancers-public,Rare-Cancers-Public slide retrieval,slide_retrieval,oncotree_code_29_class,slide,retrieval,not_reported_total,slide_retrieval,majority_vote_at_3_accuracy,higher,titan2025_l2_slide_retrieval,https://media.springernature.com/original/springer-static/esm/art%3A10.1038%2Fs41591-025-03982-3/MediaObjects/41591_2025_3982_MOESM1_ESM.pdf,parsed_primary_source,2
titan2025.rare-cancers-public.rare-cancers-public-slide-retrieval.titan2025-l2-slide-retrieval.majority-vote-at-5-accuracy,titan_paper,rare-cancers-public,Rare-Cancers-Public slide retrieval,slide_retrieval,oncotree_code_29_class,slide,retrieval,not_reported_total,slide_retrieval,majority_vote_at_5_accuracy,higher,titan2025_l2_slide_retrieval,https://media.springernature.com/original/springer-static/esm/art%3A10.1038%2Fs41591-025-03982-3/MediaObjects/41591_2025_3982_MOESM1_ESM.pdf,parsed_primary_source,2
titan2025.rare-cancers-public.rare-cancers-public-slide-retrieval.titan2025-l2-slide-retrieval.top1-accuracy,titan_paper,rare-cancers-public,Rare-Cancers-Public slide retrieval,slide_retrieval,oncotree_code_29_class,slide,retrieval,not_reported_total,slide_retrieval,top1_accuracy,higher,titan2025_l2_slide_retrieval,https://media.springernature.com/original/springer-static/esm/art%3A10.1038%2Fs41591-025-03982-3/MediaObjects/41591_2025_3982_MOESM1_ESM.pdf,parsed_primary_source,2
titan2025.rare-cancers-public.rare-cancers-public-slide-retrieval.titan2025-l2-slide-retrieval.top3-accuracy,titan_paper,rare-cancers-public,Rare-Cancers-Public slide retrieval,slide_retrieval,oncotree_code_29_class,slide,retrieval,not_reported_total,slide_retrieval,top3_accuracy,higher,titan2025_l2_slide_retrieval,https://media.springernature.com/original/springer-static/esm/art%3A10.1038%2Fs41591-025-03982-3/MediaObjects/41591_2025_3982_MOESM1_ESM.pdf,parsed_primary_source,2
titan2025.rare-cancers-public.rare-cancers-public-slide-retrieval.titan2025-l2-slide-retrieval.top5-accuracy,titan_paper,rare-cancers-public,Rare-Cancers-Public slide retrieval,slide_retrieval,oncotree_code_29_class,slide,retrieval,not_reported_total,slide_retrieval,top5_accuracy,higher,titan2025_l2_slide_retrieval,https://media.springernature.com/original/springer-static/esm/art%3A10.1038%2Fs41591-025-03982-3/MediaObjects/41591_2025_3982_MOESM1_ESM.pdf,parsed_primary_source,2
titan2025.tcga-blca.tcga-blca-disease-specific-survival.titan2025-frozen-five-fold-site-preserving.concordance-index,titan_paper,tcga-blca,TCGA-BLCA disease-specific survival,survival,disease_specific_survival,patient,survival,360,survival_prediction,concordance_index,higher,titan2025_frozen_five_fold_site_preserving,https://media.springernature.com/original/springer-static/esm/art%3A10.1038%2Fs41591-025-03982-3/MediaObjects/41591_2025_3982_MOESM1_ESM.pdf,parsed_primary_source,2
titan2025.tcga-brca.tcga-brca-breast-subtype.titan2025-frozen-20-nearest-neighbors.balanced-accuracy,titan_paper,tcga-brca,TCGA-BRCA breast subtype,morphological_subtyping,subtype,slide,classification,984,slide_level_classification,balanced_accuracy,higher,titan2025_frozen_20_nearest_neighbors,https://media.springernature.com/original/springer-static/esm/art%3A10.1038%2Fs41591-025-03982-3/MediaObjects/41591_2025_3982_MOESM1_ESM.pdf,parsed_primary_source,2
titan2025.tcga-brca.tcga-brca-breast-subtype.titan2025-frozen-20-nearest-neighbors.weighted-f1,titan_paper,tcga-brca,TCGA-BRCA breast subtype,morphological_subtyping,subtype,slide,classification,984,slide_level_classification,weighted_f1,higher,titan2025_frozen_20_nearest_neighbors,https://media.springernature.com/original/springer-static/esm/art%3A10.1038%2Fs41591-025-03982-3/MediaObjects/41591_2025_3982_MOESM1_ESM.pdf,parsed_primary_source,2
titan2025.tcga-brca.tcga-brca-breast-subtype.titan2025-frozen-logistic-regression.auroc,titan_paper,tcga-brca,TCGA-BRCA breast subtype,morphological_subtyping,subtype,slide,classification,984,slide_level_classification,auroc,higher,titan2025_frozen_logistic_regression,https://media.springernature.com/original/springer-static/esm/art%3A10.1038%2Fs41591-025-03982-3/MediaObjects/41591_2025_3982_MOESM1_ESM.pdf,parsed_primary_source,2
titan2025.tcga-brca.tcga-brca-breast-subtype.titan2025-frozen-logistic-regression.balanced-accuracy,titan_paper,tcga-brca,TCGA-BRCA breast subtype,morphological_subtyping,subtype,slide,classification,984,slide_level_classification,balanced_accuracy,higher,titan2025_frozen_logistic_regression,https://media.springernature.com/original/springer-static/esm/art%3A10.1038%2Fs41591-025-03982-3/MediaObjects/41591_2025_3982_MOESM1_ESM.pdf,parsed_primary_source,2
titan2025.tcga-brca.tcga-brca-breast-subtype.titan2025-frozen-simpleshot.balanced-accuracy,titan_paper,tcga-brca,TCGA-BRCA breast subtype,morphological_subtyping,subtype,slide,classification,984,slide_level_classification,balanced_accuracy,higher,titan2025_frozen_simpleshot,https://media.springernature.com/original/springer-static/esm/art%3A10.1038%2Fs41591-025-03982-3/MediaObjects/41591_2025_3982_MOESM1_ESM.pdf,parsed_primary_source,2
titan2025.tcga-brca.tcga-brca-breast-subtype.titan2025-frozen-simpleshot.weighted-f1,titan_paper,tcga-brca,TCGA-BRCA breast subtype,morphological_subtyping,subtype,slide,classification,984,slide_level_classification,weighted_f1,higher,titan2025_frozen_simpleshot,https://media.springernature.com/original/springer-static/esm/art%3A10.1038%2Fs41591-025-03982-3/MediaObjects/41591_2025_3982_MOESM1_ESM.pdf,parsed_primary_source,2
titan2025.tcga-brca.tcga-brca-breast-subtype.titan2025-zero-shot-prompt-ensemble.auroc,titan_paper,tcga-brca,TCGA-BRCA breast subtype,morphological_subtyping,subtype,slide,classification,984,slide_level_classification,auroc,higher,titan2025_zero_shot_prompt_ensemble,https://media.springernature.com/original/springer-static/esm/art%3A10.1038%2Fs41591-025-03982-3/MediaObjects/41591_2025_3982_MOESM1_ESM.pdf,parsed_primary_source,1
titan2025.tcga-brca.tcga-brca-breast-subtype.titan2025-zero-shot-prompt-ensemble.balanced-accuracy,titan_paper,tcga-brca,TCGA-BRCA breast subtype,morphological_subtyping,subtype,slide,classification,984,slide_level_classification,balanced_accuracy,higher,titan2025_zero_shot_prompt_ensemble,https://media.springernature.com/original/springer-static/esm/art%3A10.1038%2Fs41591-025-03982-3/MediaObjects/41591_2025_3982_MOESM1_ESM.pdf,parsed_primary_source,1
titan2025.tcga-brca.tcga-brca-breast-subtype.titan2025-zero-shot-prompt-ensemble.weighted-f1,titan_paper,tcga-brca,TCGA-BRCA breast subtype,morphological_subtyping,subtype,slide,classification,984,slide_level_classification,weighted_f1,higher,titan2025_zero_shot_prompt_ensemble,https://media.springernature.com/original/springer-static/esm/art%3A10.1038%2Fs41591-025-03982-3/MediaObjects/41591_2025_3982_MOESM1_ESM.pdf,parsed_primary_source,1
titan2025.tcga-brca.tcga-brca-disease-specific-survival.titan2025-frozen-five-fold-site-preserving.concordance-index,titan_paper,tcga-brca,TCGA-BRCA disease-specific survival,survival,disease_specific_survival,patient,survival,1022,survival_prediction,concordance_index,higher,titan2025_frozen_five_fold_site_preserving,https://media.springernature.com/original/springer-static/esm/art%3A10.1038%2Fs41591-025-03982-3/MediaObjects/41591_2025_3982_MOESM1_ESM.pdf,parsed_primary_source,2
titan2025.tcga-brca.tcga-brca-er-status.titan2025-frozen-20-nearest-neighbors.balanced-accuracy,titan_paper,tcga-brca,TCGA-BRCA ER status,molecular_biomarker,ER,patient,classification,937,slide_level_classification,balanced_accuracy,higher,titan2025_frozen_20_nearest_neighbors,https://media.springernature.com/original/springer-static/esm/art%3A10.1038%2Fs41591-025-03982-3/MediaObjects/41591_2025_3982_MOESM1_ESM.pdf,parsed_primary_source,2
titan2025.tcga-brca.tcga-brca-er-status.titan2025-frozen-20-nearest-neighbors.weighted-f1,titan_paper,tcga-brca,TCGA-BRCA ER status,molecular_biomarker,ER,patient,classification,937,slide_level_classification,weighted_f1,higher,titan2025_frozen_20_nearest_neighbors,https://media.springernature.com/original/springer-static/esm/art%3A10.1038%2Fs41591-025-03982-3/MediaObjects/41591_2025_3982_MOESM1_ESM.pdf,parsed_primary_source,2
titan2025.tcga-brca.tcga-brca-er-status.titan2025-frozen-logistic-regression.auroc,titan_paper,tcga-brca,TCGA-BRCA ER status,molecular_biomarker,ER,patient,classification,937,slide_level_classification,auroc,higher,titan2025_frozen_logistic_regression,https://media.springernature.com/original/springer-static/esm/art%3A10.1038%2Fs41591-025-03982-3/MediaObjects/41591_2025_3982_MOESM1_ESM.pdf,parsed_primary_source,2
titan2025.tcga-brca.tcga-brca-er-status.titan2025-frozen-logistic-regression.balanced-accuracy,titan_paper,tcga-brca,TCGA-BRCA ER status,molecular_biomarker,ER,patient,classification,937,slide_level_classification,balanced_accuracy,higher,titan2025_frozen_logistic_regression,https://media.springernature.com/original/springer-static/esm/art%3A10.1038%2Fs41591-025-03982-3/MediaObjects/41591_2025_3982_MOESM1_ESM.pdf,parsed_primary_source,2
titan2025.tcga-brca.tcga-brca-er-status.titan2025-frozen-simpleshot.balanced-accuracy,titan_paper,tcga-brca,TCGA-BRCA ER status,molecular_biomarker,ER,patient,classification,937,slide_level_classification,balanced_accuracy,higher,titan2025_frozen_simpleshot,https://media.springernature.com/original/springer-static/esm/art%3A10.1038%2Fs41591-025-03982-3/MediaObjects/41591_2025_3982_MOESM1_ESM.pdf,parsed_primary_source,2
titan2025.tcga-brca.tcga-brca-er-status.titan2025-frozen-simpleshot.weighted-f1,titan_paper,tcga-brca,TCGA-BRCA ER status,molecular_biomarker,ER,patient,classification,937,slide_level_classification,weighted_f1,higher,titan2025_frozen_simpleshot,https://media.springernature.com/original/springer-static/esm/art%3A10.1038%2Fs41591-025-03982-3/MediaObjects/41591_2025_3982_MOESM1_ESM.pdf,parsed_primary_source,2
titan2025.tcga-brca.tcga-brca-her2-status.titan2025-frozen-20-nearest-neighbors.balanced-accuracy,titan_paper,tcga-brca,TCGA-BRCA HER2 status,molecular_biomarker,HER2,patient,classification,647,slide_level_classification,balanced_accuracy,higher,titan2025_frozen_20_nearest_neighbors,https://media.springernature.com/original/springer-static/esm/art%3A10.1038%2Fs41591-025-03982-3/MediaObjects/41591_2025_3982_MOESM1_ESM.pdf,parsed_primary_source,2
titan2025.tcga-brca.tcga-brca-her2-status.titan2025-frozen-20-nearest-neighbors.weighted-f1,titan_paper,tcga-brca,TCGA-BRCA HER2 status,molecular_biomarker,HER2,patient,classification,647,slide_level_classification,weighted_f1,higher,titan2025_frozen_20_nearest_neighbors,https://media.springernature.com/original/springer-static/esm/art%3A10.1038%2Fs41591-025-03982-3/MediaObjects/41591_2025_3982_MOESM1_ESM.pdf,parsed_primary_source,2
titan2025.tcga-brca.tcga-brca-her2-status.titan2025-frozen-logistic-regression.auroc,titan_paper,tcga-brca,TCGA-BRCA HER2 status,molecular_biomarker,HER2,patient,classification,647,slide_level_classification,auroc,higher,titan2025_frozen_logistic_regression,https://media.springernature.com/original/springer-static/esm/art%3A10.1038%2Fs41591-025-03982-3/MediaObjects/41591_2025_3982_MOESM1_ESM.pdf,parsed_primary_source,2
titan2025.tcga-brca.tcga-brca-her2-status.titan2025-frozen-logistic-regression.balanced-accuracy,titan_paper,tcga-brca,TCGA-BRCA HER2 status,molecular_biomarker,HER2,patient,classification,647,slide_level_classification,balanced_accuracy,higher,titan2025_frozen_logistic_regression,https://media.springernature.com/original/springer-static/esm/art%3A10.1038%2Fs41591-025-03982-3/MediaObjects/41591_2025_3982_MOESM1_ESM.pdf,parsed_primary_source,2
titan2025.tcga-brca.tcga-brca-her2-status.titan2025-frozen-simpleshot.balanced-accuracy,titan_paper,tcga-brca,TCGA-BRCA HER2 status,molecular_biomarker,HER2,patient,classification,647,slide_level_classification,balanced_accuracy,higher,titan2025_frozen_simpleshot,https://media.springernature.com/original/springer-static/esm/art%3A10.1038%2Fs41591-025-03982-3/MediaObjects/41591_2025_3982_MOESM1_ESM.pdf,parsed_primary_source,2
titan2025.tcga-brca.tcga-brca-her2-status.titan2025-frozen-simpleshot.weighted-f1,titan_paper,tcga-brca,TCGA-BRCA HER2 status,molecular_biomarker,HER2,patient,classification,647,slide_level_classification,weighted_f1,higher,titan2025_frozen_simpleshot,https://media.springernature.com/original/springer-static/esm/art%3A10.1038%2Fs41591-025-03982-3/MediaObjects/41591_2025_3982_MOESM1_ESM.pdf,parsed_primary_source,2
titan2025.tcga-brca.tcga-brca-pik3ca-status.titan2025-frozen-20-nearest-neighbors.balanced-accuracy,titan_paper,tcga-brca,TCGA-BRCA PIK3CA status,molecular_biomarker,PIK3CA,patient,classification,970,slide_level_classification,balanced_accuracy,higher,titan2025_frozen_20_nearest_neighbors,https://media.springernature.com/original/springer-static/esm/art%3A10.1038%2Fs41591-025-03982-3/MediaObjects/41591_2025_3982_MOESM1_ESM.pdf,parsed_primary_source,2
titan2025.tcga-brca.tcga-brca-pik3ca-status.titan2025-frozen-20-nearest-neighbors.weighted-f1,titan_paper,tcga-brca,TCGA-BRCA PIK3CA status,molecular_biomarker,PIK3CA,patient,classification,970,slide_level_classification,weighted_f1,higher,titan2025_frozen_20_nearest_neighbors,https://media.springernature.com/original/springer-static/esm/art%3A10.1038%2Fs41591-025-03982-3/MediaObjects/41591_2025_3982_MOESM1_ESM.pdf,parsed_primary_source,2
titan2025.tcga-brca.tcga-brca-pik3ca-status.titan2025-frozen-logistic-regression.auroc,titan_paper,tcga-brca,TCGA-BRCA PIK3CA status,molecular_biomarker,PIK3CA,patient,classification,970,slide_level_classification,auroc,higher,titan2025_frozen_logistic_regression,https://media.springernature.com/original/springer-static/esm/art%3A10.1038%2Fs41591-025-03982-3/MediaObjects/41591_2025_3982_MOESM1_ESM.pdf,parsed_primary_source,2
titan2025.tcga-brca.tcga-brca-pik3ca-status.titan2025-frozen-logistic-regression.balanced-accuracy,titan_paper,tcga-brca,TCGA-BRCA PIK3CA status,molecular_biomarker,PIK3CA,patient,classification,970,slide_level_classification,balanced_accuracy,higher,titan2025_frozen_logistic_regression,https://media.springernature.com/original/springer-static/esm/art%3A10.1038%2Fs41591-025-03982-3/MediaObjects/41591_2025_3982_MOESM1_ESM.pdf,parsed_primary_source,2
titan2025.tcga-brca.tcga-brca-pik3ca-status.titan2025-frozen-simpleshot.balanced-accuracy,titan_paper,tcga-brca,TCGA-BRCA PIK3CA status,molecular_biomarker,PIK3CA,patient,classification,970,slide_level_classification,balanced_accuracy,higher,titan2025_frozen_simpleshot,https://media.springernature.com/original/springer-static/esm/art%3A10.1038%2Fs41591-025-03982-3/MediaObjects/41591_2025_3982_MOESM1_ESM.pdf,parsed_primary_source,2
titan2025.tcga-brca.tcga-brca-pik3ca-status.titan2025-frozen-simpleshot.weighted-f1,titan_paper,tcga-brca,TCGA-BRCA PIK3CA status,molecular_biomarker,PIK3CA,patient,classification,970,slide_level_classification,weighted_f1,higher,titan2025_frozen_simpleshot,https://media.springernature.com/original/springer-static/esm/art%3A10.1038%2Fs41591-025-03982-3/MediaObjects/41591_2025_3982_MOESM1_ESM.pdf,parsed_primary_source,2
titan2025.tcga-brca.tcga-brca-pr-status.titan2025-frozen-20-nearest-neighbors.balanced-accuracy,titan_paper,tcga-brca,TCGA-BRCA PR status,molecular_biomarker,PR,patient,classification,934,slide_level_classification,balanced_accuracy,higher,titan2025_frozen_20_nearest_neighbors,https://media.springernature.com/original/springer-static/esm/art%3A10.1038%2Fs41591-025-03982-3/MediaObjects/41591_2025_3982_MOESM1_ESM.pdf,parsed_primary_source,2
titan2025.tcga-brca.tcga-brca-pr-status.titan2025-frozen-20-nearest-neighbors.weighted-f1,titan_paper,tcga-brca,TCGA-BRCA PR status,molecular_biomarker,PR,patient,classification,934,slide_level_classification,weighted_f1,higher,titan2025_frozen_20_nearest_neighbors,https://media.springernature.com/original/springer-static/esm/art%3A10.1038%2Fs41591-025-03982-3/MediaObjects/41591_2025_3982_MOESM1_ESM.pdf,parsed_primary_source,2
titan2025.tcga-brca.tcga-brca-pr-status.titan2025-frozen-logistic-regression.auroc,titan_paper,tcga-brca,TCGA-BRCA PR status,molecular_biomarker,PR,patient,classification,934,slide_level_classification,auroc,higher,titan2025_frozen_logistic_regression,https://media.springernature.com/original/springer-static/esm/art%3A10.1038%2Fs41591-025-03982-3/MediaObjects/41591_2025_3982_MOESM1_ESM.pdf,parsed_primary_source,2
titan2025.tcga-brca.tcga-brca-pr-status.titan2025-frozen-logistic-regression.balanced-accuracy,titan_paper,tcga-brca,TCGA-BRCA PR status,molecular_biomarker,PR,patient,classification,934,slide_level_classification,balanced_accuracy,higher,titan2025_frozen_logistic_regression,https://media.springernature.com/original/springer-static/esm/art%3A10.1038%2Fs41591-025-03982-3/MediaObjects/41591_2025_3982_MOESM1_ESM.pdf,parsed_primary_source,2
titan2025.tcga-brca.tcga-brca-pr-status.titan2025-frozen-simpleshot.balanced-accuracy,titan_paper,tcga-brca,TCGA-BRCA PR status,molecular_biomarker,PR,patient,classification,934,slide_level_classification,balanced_accuracy,higher,titan2025_frozen_simpleshot,https://media.springernature.com/original/springer-static/esm/art%3A10.1038%2Fs41591-025-03982-3/MediaObjects/41591_2025_3982_MOESM1_ESM.pdf,parsed_primary_source,2
titan2025.tcga-brca.tcga-brca-pr-status.titan2025-frozen-simpleshot.weighted-f1,titan_paper,tcga-brca,TCGA-BRCA PR status,molecular_biomarker,PR,patient,classification,934,slide_level_classification,weighted_f1,higher,titan2025_frozen_simpleshot,https://media.springernature.com/original/springer-static/esm/art%3A10.1038%2Fs41591-025-03982-3/MediaObjects/41591_2025_3982_MOESM1_ESM.pdf,parsed_primary_source,2
titan2025.tcga-crc.tcga-crc-braf-status.titan2025-frozen-20-nearest-neighbors.balanced-accuracy,titan_paper,tcga-crc,TCGA-CRC BRAF status,molecular_biomarker,BRAF,patient,classification,487,slide_level_classification,balanced_accuracy,higher,titan2025_frozen_20_nearest_neighbors,https://media.springernature.com/original/springer-static/esm/art%3A10.1038%2Fs41591-025-03982-3/MediaObjects/41591_2025_3982_MOESM1_ESM.pdf,parsed_primary_source,2
titan2025.tcga-crc.tcga-crc-braf-status.titan2025-frozen-20-nearest-neighbors.weighted-f1,titan_paper,tcga-crc,TCGA-CRC BRAF status,molecular_biomarker,BRAF,patient,classification,487,slide_level_classification,weighted_f1,higher,titan2025_frozen_20_nearest_neighbors,https://media.springernature.com/original/springer-static/esm/art%3A10.1038%2Fs41591-025-03982-3/MediaObjects/41591_2025_3982_MOESM1_ESM.pdf,parsed_primary_source,2
titan2025.tcga-crc.tcga-crc-braf-status.titan2025-frozen-logistic-regression.auroc,titan_paper,tcga-crc,TCGA-CRC BRAF status,molecular_biomarker,BRAF,patient,classification,487,slide_level_classification,auroc,higher,titan2025_frozen_logistic_regression,https://media.springernature.com/original/springer-static/esm/art%3A10.1038%2Fs41591-025-03982-3/MediaObjects/41591_2025_3982_MOESM1_ESM.pdf,parsed_primary_source,2
titan2025.tcga-crc.tcga-crc-braf-status.titan2025-frozen-logistic-regression.balanced-accuracy,titan_paper,tcga-crc,TCGA-CRC BRAF status,molecular_biomarker,BRAF,patient,classification,487,slide_level_classification,balanced_accuracy,higher,titan2025_frozen_logistic_regression,https://media.springernature.com/original/springer-static/esm/art%3A10.1038%2Fs41591-025-03982-3/MediaObjects/41591_2025_3982_MOESM1_ESM.pdf,parsed_primary_source,2
titan2025.tcga-crc.tcga-crc-braf-status.titan2025-frozen-simpleshot.balanced-accuracy,titan_paper,tcga-crc,TCGA-CRC BRAF status,molecular_biomarker,BRAF,patient,classification,487,slide_level_classification,balanced_accuracy,higher,titan2025_frozen_simpleshot,https://media.springernature.com/original/springer-static/esm/art%3A10.1038%2Fs41591-025-03982-3/MediaObjects/41591_2025_3982_MOESM1_ESM.pdf,parsed_primary_source,2
titan2025.tcga-crc.tcga-crc-braf-status.titan2025-frozen-simpleshot.weighted-f1,titan_paper,tcga-crc,TCGA-CRC BRAF status,molecular_biomarker,BRAF,patient,classification,487,slide_level_classification,weighted_f1,higher,titan2025_frozen_simpleshot,https://media.springernature.com/original/springer-static/esm/art%3A10.1038%2Fs41591-025-03982-3/MediaObjects/41591_2025_3982_MOESM1_ESM.pdf,parsed_primary_source,2
titan2025.tcga-crc.tcga-crc-disease-specific-survival.titan2025-frozen-five-fold-site-preserving.concordance-index,titan_paper,tcga-crc,TCGA-CRC disease-specific survival,survival,disease_specific_survival,patient,survival,545,survival_prediction,concordance_index,higher,titan2025_frozen_five_fold_site_preserving,https://media.springernature.com/original/springer-static/esm/art%3A10.1038%2Fs41591-025-03982-3/MediaObjects/41591_2025_3982_MOESM1_ESM.pdf,parsed_primary_source,2
titan2025.tcga-crc.tcga-crc-kras-status.titan2025-frozen-20-nearest-neighbors.balanced-accuracy,titan_paper,tcga-crc,TCGA-CRC KRAS status,molecular_biomarker,KRAS,patient,classification,not_reported,slide_level_classification,balanced_accuracy,higher,titan2025_frozen_20_nearest_neighbors,https://media.springernature.com/original/springer-static/esm/art%3A10.1038%2Fs41591-025-03982-3/MediaObjects/41591_2025_3982_MOESM1_ESM.pdf,parsed_primary_source,2
titan2025.tcga-crc.tcga-crc-kras-status.titan2025-frozen-20-nearest-neighbors.weighted-f1,titan_paper,tcga-crc,TCGA-CRC KRAS status,molecular_biomarker,KRAS,patient,classification,not_reported,slide_level_classification,weighted_f1,higher,titan2025_frozen_20_nearest_neighbors,https://media.springernature.com/original/springer-static/esm/art%3A10.1038%2Fs41591-025-03982-3/MediaObjects/41591_2025_3982_MOESM1_ESM.pdf,parsed_primary_source,2
titan2025.tcga-crc.tcga-crc-kras-status.titan2025-frozen-logistic-regression.auroc,titan_paper,tcga-crc,TCGA-CRC KRAS status,molecular_biomarker,KRAS,patient,classification,not_reported,slide_level_classification,auroc,higher,titan2025_frozen_logistic_regression,https://media.springernature.com/original/springer-static/esm/art%3A10.1038%2Fs41591-025-03982-3/MediaObjects/41591_2025_3982_MOESM1_ESM.pdf,parsed_primary_source,2
titan2025.tcga-crc.tcga-crc-kras-status.titan2025-frozen-logistic-regression.balanced-accuracy,titan_paper,tcga-crc,TCGA-CRC KRAS status,molecular_biomarker,KRAS,patient,classification,not_reported,slide_level_classification,balanced_accuracy,higher,titan2025_frozen_logistic_regression,https://media.springernature.com/original/springer-static/esm/art%3A10.1038%2Fs41591-025-03982-3/MediaObjects/41591_2025_3982_MOESM1_ESM.pdf,parsed_primary_source,2
titan2025.tcga-crc.tcga-crc-kras-status.titan2025-frozen-simpleshot.balanced-accuracy,titan_paper,tcga-crc,TCGA-CRC KRAS status,molecular_biomarker,KRAS,patient,classification,not_reported,slide_level_classification,balanced_accuracy,higher,titan2025_frozen_simpleshot,https://media.springernature.com/original/springer-static/esm/art%3A10.1038%2Fs41591-025-03982-3/MediaObjects/41591_2025_3982_MOESM1_ESM.pdf,parsed_primary_source,2
titan2025.tcga-crc.tcga-crc-kras-status.titan2025-frozen-simpleshot.weighted-f1,titan_paper,tcga-crc,TCGA-CRC KRAS status,molecular_biomarker,KRAS,patient,classification,not_reported,slide_level_classification,weighted_f1,higher,titan2025_frozen_simpleshot,https://media.springernature.com/original/springer-static/esm/art%3A10.1038%2Fs41591-025-03982-3/MediaObjects/41591_2025_3982_MOESM1_ESM.pdf,parsed_primary_source,2
titan2025.tcga-crc.tcga-crc-msi-status.titan2025-frozen-20-nearest-neighbors.balanced-accuracy,titan_paper,tcga-crc,TCGA-CRC MSI status,molecular_biomarker,MSI,patient,classification,414,slide_level_classification,balanced_accuracy,higher,titan2025_frozen_20_nearest_neighbors,https://media.springernature.com/original/springer-static/esm/art%3A10.1038%2Fs41591-025-03982-3/MediaObjects/41591_2025_3982_MOESM1_ESM.pdf,parsed_primary_source,2
titan2025.tcga-crc.tcga-crc-msi-status.titan2025-frozen-20-nearest-neighbors.weighted-f1,titan_paper,tcga-crc,TCGA-CRC MSI status,molecular_biomarker,MSI,patient,classification,414,slide_level_classification,weighted_f1,higher,titan2025_frozen_20_nearest_neighbors,https://media.springernature.com/original/springer-static/esm/art%3A10.1038%2Fs41591-025-03982-3/MediaObjects/41591_2025_3982_MOESM1_ESM.pdf,parsed_primary_source,2
titan2025.tcga-crc.tcga-crc-msi-status.titan2025-frozen-logistic-regression.auroc,titan_paper,tcga-crc,TCGA-CRC MSI status,molecular_biomarker,MSI,patient,classification,414,slide_level_classification,auroc,higher,titan2025_frozen_logistic_regression,https://media.springernature.com/original/springer-static/esm/art%3A10.1038%2Fs41591-025-03982-3/MediaObjects/41591_2025_3982_MOESM1_ESM.pdf,parsed_primary_source,2
titan2025.tcga-crc.tcga-crc-msi-status.titan2025-frozen-logistic-regression.balanced-accuracy,titan_paper,tcga-crc,TCGA-CRC MSI status,molecular_biomarker,MSI,patient,classification,414,slide_level_classification,balanced_accuracy,higher,titan2025_frozen_logistic_regression,https://media.springernature.com/original/springer-static/esm/art%3A10.1038%2Fs41591-025-03982-3/MediaObjects/41591_2025_3982_MOESM1_ESM.pdf,parsed_primary_source,2
titan2025.tcga-crc.tcga-crc-msi-status.titan2025-frozen-simpleshot.balanced-accuracy,titan_paper,tcga-crc,TCGA-CRC MSI status,molecular_biomarker,MSI,patient,classification,414,slide_level_classification,balanced_accuracy,higher,titan2025_frozen_simpleshot,https://media.springernature.com/original/springer-static/esm/art%3A10.1038%2Fs41591-025-03982-3/MediaObjects/41591_2025_3982_MOESM1_ESM.pdf,parsed_primary_source,2
titan2025.tcga-crc.tcga-crc-msi-status.titan2025-frozen-simpleshot.weighted-f1,titan_paper,tcga-crc,TCGA-CRC MSI status,molecular_biomarker,MSI,patient,classification,414,slide_level_classification,weighted_f1,higher,titan2025_frozen_simpleshot,https://media.springernature.com/original/springer-static/esm/art%3A10.1038%2Fs41591-025-03982-3/MediaObjects/41591_2025_3982_MOESM1_ESM.pdf,parsed_primary_source,2
titan2025.tcga-gbmlgg.tcga-gbmlgg-idh-mutation.titan2025-frozen-20-nearest-neighbors.balanced-accuracy,titan_paper,tcga-gbmlgg,TCGA-GBMLGG IDH mutation,molecular_biomarker,IDH,slide,classification,558,slide_level_classification,balanced_accuracy,higher,titan2025_frozen_20_nearest_neighbors,https://media.springernature.com/original/springer-static/esm/art%3A10.1038%2Fs41591-025-03982-3/MediaObjects/41591_2025_3982_MOESM1_ESM.pdf,parsed_primary_source,2
titan2025.tcga-gbmlgg.tcga-gbmlgg-idh-mutation.titan2025-frozen-20-nearest-neighbors.weighted-f1,titan_paper,tcga-gbmlgg,TCGA-GBMLGG IDH mutation,molecular_biomarker,IDH,slide,classification,558,slide_level_classification,weighted_f1,higher,titan2025_frozen_20_nearest_neighbors,https://media.springernature.com/original/springer-static/esm/art%3A10.1038%2Fs41591-025-03982-3/MediaObjects/41591_2025_3982_MOESM1_ESM.pdf,parsed_primary_source,2
titan2025.tcga-gbmlgg.tcga-gbmlgg-idh-mutation.titan2025-frozen-logistic-regression.auroc,titan_paper,tcga-gbmlgg,TCGA-GBMLGG IDH mutation,molecular_biomarker,IDH,slide,classification,558,slide_level_classification,auroc,higher,titan2025_frozen_logistic_regression,https://media.springernature.com/original/springer-static/esm/art%3A10.1038%2Fs41591-025-03982-3/MediaObjects/41591_2025_3982_MOESM1_ESM.pdf,parsed_primary_source,2
titan2025.tcga-gbmlgg.tcga-gbmlgg-idh-mutation.titan2025-frozen-logistic-regression.balanced-accuracy,titan_paper,tcga-gbmlgg,TCGA-GBMLGG IDH mutation,molecular_biomarker,IDH,slide,classification,558,slide_level_classification,balanced_accuracy,higher,titan2025_frozen_logistic_regression,https://media.springernature.com/original/springer-static/esm/art%3A10.1038%2Fs41591-025-03982-3/MediaObjects/41591_2025_3982_MOESM1_ESM.pdf,parsed_primary_source,2
titan2025.tcga-gbmlgg.tcga-gbmlgg-idh-mutation.titan2025-frozen-simpleshot.balanced-accuracy,titan_paper,tcga-gbmlgg,TCGA-GBMLGG IDH mutation,molecular_biomarker,IDH,slide,classification,558,slide_level_classification,balanced_accuracy,higher,titan2025_frozen_simpleshot,https://media.springernature.com/original/springer-static/esm/art%3A10.1038%2Fs41591-025-03982-3/MediaObjects/41591_2025_3982_MOESM1_ESM.pdf,parsed_primary_source,2
titan2025.tcga-gbmlgg.tcga-gbmlgg-idh-mutation.titan2025-frozen-simpleshot.weighted-f1,titan_paper,tcga-gbmlgg,TCGA-GBMLGG IDH mutation,molecular_biomarker,IDH,slide,classification,558,slide_level_classification,weighted_f1,higher,titan2025_frozen_simpleshot,https://media.springernature.com/original/springer-static/esm/art%3A10.1038%2Fs41591-025-03982-3/MediaObjects/41591_2025_3982_MOESM1_ESM.pdf,parsed_primary_source,2
titan2025.tcga-kirc.tcga-kirc-disease-specific-survival.titan2025-frozen-five-fold-site-preserving.concordance-index,titan_paper,tcga-kirc,TCGA-KIRC disease-specific survival,survival,disease_specific_survival,patient,survival,502,survival_prediction,concordance_index,higher,titan2025_frozen_five_fold_site_preserving,https://media.springernature.com/original/springer-static/esm/art%3A10.1038%2Fs41591-025-03982-3/MediaObjects/41591_2025_3982_MOESM1_ESM.pdf,parsed_primary_source,2
titan2025.tcga-nsclc.tcga-nsclc-disease-specific-survival.titan2025-frozen-five-fold-site-preserving.concordance-index,titan_paper,tcga-nsclc,TCGA-NSCLC disease-specific survival,survival,disease_specific_survival,patient,survival,844,survival_prediction,concordance_index,higher,titan2025_frozen_five_fold_site_preserving,https://media.springernature.com/original/springer-static/esm/art%3A10.1038%2Fs41591-025-03982-3/MediaObjects/41591_2025_3982_MOESM1_ESM.pdf,parsed_primary_source,2
titan2025.tcga-nsclc.tcga-nsclc-egfr-mutation.titan2025-frozen-20-nearest-neighbors.balanced-accuracy,titan_paper,tcga-nsclc,TCGA-NSCLC EGFR mutation,molecular_biomarker,EGFR,patient,classification,462,slide_level_classification,balanced_accuracy,higher,titan2025_frozen_20_nearest_neighbors,https://media.springernature.com/original/springer-static/esm/art%3A10.1038%2Fs41591-025-03982-3/MediaObjects/41591_2025_3982_MOESM1_ESM.pdf,parsed_primary_source,2
titan2025.tcga-nsclc.tcga-nsclc-egfr-mutation.titan2025-frozen-20-nearest-neighbors.weighted-f1,titan_paper,tcga-nsclc,TCGA-NSCLC EGFR mutation,molecular_biomarker,EGFR,patient,classification,462,slide_level_classification,weighted_f1,higher,titan2025_frozen_20_nearest_neighbors,https://media.springernature.com/original/springer-static/esm/art%3A10.1038%2Fs41591-025-03982-3/MediaObjects/41591_2025_3982_MOESM1_ESM.pdf,parsed_primary_source,2
titan2025.tcga-nsclc.tcga-nsclc-egfr-mutation.titan2025-frozen-logistic-regression.auroc,titan_paper,tcga-nsclc,TCGA-NSCLC EGFR mutation,molecular_biomarker,EGFR,patient,classification,462,slide_level_classification,auroc,higher,titan2025_frozen_logistic_regression,https://media.springernature.com/original/springer-static/esm/art%3A10.1038%2Fs41591-025-03982-3/MediaObjects/41591_2025_3982_MOESM1_ESM.pdf,parsed_primary_source,2
titan2025.tcga-nsclc.tcga-nsclc-egfr-mutation.titan2025-frozen-logistic-regression.balanced-accuracy,titan_paper,tcga-nsclc,TCGA-NSCLC EGFR mutation,molecular_biomarker,EGFR,patient,classification,462,slide_level_classification,balanced_accuracy,higher,titan2025_frozen_logistic_regression,https://media.springernature.com/original/springer-static/esm/art%3A10.1038%2Fs41591-025-03982-3/MediaObjects/41591_2025_3982_MOESM1_ESM.pdf,parsed_primary_source,2
titan2025.tcga-nsclc.tcga-nsclc-egfr-mutation.titan2025-frozen-simpleshot.balanced-accuracy,titan_paper,tcga-nsclc,TCGA-NSCLC EGFR mutation,molecular_biomarker,EGFR,patient,classification,462,slide_level_classification,balanced_accuracy,higher,titan2025_frozen_simpleshot,https://media.springernature.com/original/springer-static/esm/art%3A10.1038%2Fs41591-025-03982-3/MediaObjects/41591_2025_3982_MOESM1_ESM.pdf,parsed_primary_source,2
titan2025.tcga-nsclc.tcga-nsclc-egfr-mutation.titan2025-frozen-simpleshot.weighted-f1,titan_paper,tcga-nsclc,TCGA-NSCLC EGFR mutation,molecular_biomarker,EGFR,patient,classification,462,slide_level_classification,weighted_f1,higher,titan2025_frozen_simpleshot,https://media.springernature.com/original/springer-static/esm/art%3A10.1038%2Fs41591-025-03982-3/MediaObjects/41591_2025_3982_MOESM1_ESM.pdf,parsed_primary_source,2
titan2025.tcga-nsclc.tcga-nsclc-subtype.titan2025-frozen-20-nearest-neighbors.balanced-accuracy,titan_paper,tcga-nsclc,TCGA-NSCLC subtype,morphological_subtyping,subtype,slide,classification,946,slide_level_classification,balanced_accuracy,higher,titan2025_frozen_20_nearest_neighbors,https://media.springernature.com/original/springer-static/esm/art%3A10.1038%2Fs41591-025-03982-3/MediaObjects/41591_2025_3982_MOESM1_ESM.pdf,parsed_primary_source,2
titan2025.tcga-nsclc.tcga-nsclc-subtype.titan2025-frozen-20-nearest-neighbors.weighted-f1,titan_paper,tcga-nsclc,TCGA-NSCLC subtype,morphological_subtyping,subtype,slide,classification,946,slide_level_classification,weighted_f1,higher,titan2025_frozen_20_nearest_neighbors,https://media.springernature.com/original/springer-static/esm/art%3A10.1038%2Fs41591-025-03982-3/MediaObjects/41591_2025_3982_MOESM1_ESM.pdf,parsed_primary_source,2
titan2025.tcga-nsclc.tcga-nsclc-subtype.titan2025-frozen-logistic-regression.auroc,titan_paper,tcga-nsclc,TCGA-NSCLC subtype,morphological_subtyping,subtype,slide,classification,946,slide_level_classification,auroc,higher,titan2025_frozen_logistic_regression,https://media.springernature.com/original/springer-static/esm/art%3A10.1038%2Fs41591-025-03982-3/MediaObjects/41591_2025_3982_MOESM1_ESM.pdf,parsed_primary_source,2
titan2025.tcga-nsclc.tcga-nsclc-subtype.titan2025-frozen-logistic-regression.balanced-accuracy,titan_paper,tcga-nsclc,TCGA-NSCLC subtype,morphological_subtyping,subtype,slide,classification,946,slide_level_classification,balanced_accuracy,higher,titan2025_frozen_logistic_regression,https://media.springernature.com/original/springer-static/esm/art%3A10.1038%2Fs41591-025-03982-3/MediaObjects/41591_2025_3982_MOESM1_ESM.pdf,parsed_primary_source,2
titan2025.tcga-nsclc.tcga-nsclc-subtype.titan2025-frozen-simpleshot.balanced-accuracy,titan_paper,tcga-nsclc,TCGA-NSCLC subtype,morphological_subtyping,subtype,slide,classification,946,slide_level_classification,balanced_accuracy,higher,titan2025_frozen_simpleshot,https://media.springernature.com/original/springer-static/esm/art%3A10.1038%2Fs41591-025-03982-3/MediaObjects/41591_2025_3982_MOESM1_ESM.pdf,parsed_primary_source,2
titan2025.tcga-nsclc.tcga-nsclc-subtype.titan2025-frozen-simpleshot.weighted-f1,titan_paper,tcga-nsclc,TCGA-NSCLC subtype,morphological_subtyping,subtype,slide,classification,946,slide_level_classification,weighted_f1,higher,titan2025_frozen_simpleshot,https://media.springernature.com/original/springer-static/esm/art%3A10.1038%2Fs41591-025-03982-3/MediaObjects/41591_2025_3982_MOESM1_ESM.pdf,parsed_primary_source,2
titan2025.tcga-nsclc.tcga-nsclc-subtype.titan2025-zero-shot-prompt-ensemble.auroc,titan_paper,tcga-nsclc,TCGA-NSCLC subtype,morphological_subtyping,subtype,slide,classification,946,slide_level_classification,auroc,higher,titan2025_zero_shot_prompt_ensemble,https://media.springernature.com/original/springer-static/esm/art%3A10.1038%2Fs41591-025-03982-3/MediaObjects/41591_2025_3982_MOESM1_ESM.pdf,parsed_primary_source,1
titan2025.tcga-nsclc.tcga-nsclc-subtype.titan2025-zero-shot-prompt-ensemble.balanced-accuracy,titan_paper,tcga-nsclc,TCGA-NSCLC subtype,morphological_subtyping,subtype,slide,classification,946,slide_level_classification,balanced_accuracy,higher,titan2025_zero_shot_prompt_ensemble,https://media.springernature.com/original/springer-static/esm/art%3A10.1038%2Fs41591-025-03982-3/MediaObjects/41591_2025_3982_MOESM1_ESM.pdf,parsed_primary_source,1
titan2025.tcga-nsclc.tcga-nsclc-subtype.titan2025-zero-shot-prompt-ensemble.weighted-f1,titan_paper,tcga-nsclc,TCGA-NSCLC subtype,morphological_subtyping,subtype,slide,classification,946,slide_level_classification,weighted_f1,higher,titan2025_zero_shot_prompt_ensemble,https://media.springernature.com/original/springer-static/esm/art%3A10.1038%2Fs41591-025-03982-3/MediaObjects/41591_2025_3982_MOESM1_ESM.pdf,parsed_primary_source,1
titan2025.tcga-nsclc.tcga-nsclc-tp53-mutation.titan2025-frozen-20-nearest-neighbors.balanced-accuracy,titan_paper,tcga-nsclc,TCGA-NSCLC TP53 mutation,molecular_biomarker,TP53,patient,classification,462,slide_level_classification,balanced_accuracy,higher,titan2025_frozen_20_nearest_neighbors,https://media.springernature.com/original/springer-static/esm/art%3A10.1038%2Fs41591-025-03982-3/MediaObjects/41591_2025_3982_MOESM1_ESM.pdf,parsed_primary_source,2
titan2025.tcga-nsclc.tcga-nsclc-tp53-mutation.titan2025-frozen-20-nearest-neighbors.weighted-f1,titan_paper,tcga-nsclc,TCGA-NSCLC TP53 mutation,molecular_biomarker,TP53,patient,classification,462,slide_level_classification,weighted_f1,higher,titan2025_frozen_20_nearest_neighbors,https://media.springernature.com/original/springer-static/esm/art%3A10.1038%2Fs41591-025-03982-3/MediaObjects/41591_2025_3982_MOESM1_ESM.pdf,parsed_primary_source,2
titan2025.tcga-nsclc.tcga-nsclc-tp53-mutation.titan2025-frozen-logistic-regression.auroc,titan_paper,tcga-nsclc,TCGA-NSCLC TP53 mutation,molecular_biomarker,TP53,patient,classification,462,slide_level_classification,auroc,higher,titan2025_frozen_logistic_regression,https://media.springernature.com/original/springer-static/esm/art%3A10.1038%2Fs41591-025-03982-3/MediaObjects/41591_2025_3982_MOESM1_ESM.pdf,parsed_primary_source,2
titan2025.tcga-nsclc.tcga-nsclc-tp53-mutation.titan2025-frozen-logistic-regression.balanced-accuracy,titan_paper,tcga-nsclc,TCGA-NSCLC TP53 mutation,molecular_biomarker,TP53,patient,classification,462,slide_level_classification,balanced_accuracy,higher,titan2025_frozen_logistic_regression,https://media.springernature.com/original/springer-static/esm/art%3A10.1038%2Fs41591-025-03982-3/MediaObjects/41591_2025_3982_MOESM1_ESM.pdf,parsed_primary_source,2
titan2025.tcga-nsclc.tcga-nsclc-tp53-mutation.titan2025-frozen-simpleshot.balanced-accuracy,titan_paper,tcga-nsclc,TCGA-NSCLC TP53 mutation,molecular_biomarker,TP53,patient,classification,462,slide_level_classification,balanced_accuracy,higher,titan2025_frozen_simpleshot,https://media.springernature.com/original/springer-static/esm/art%3A10.1038%2Fs41591-025-03982-3/MediaObjects/41591_2025_3982_MOESM1_ESM.pdf,parsed_primary_source,2
titan2025.tcga-nsclc.tcga-nsclc-tp53-mutation.titan2025-frozen-simpleshot.weighted-f1,titan_paper,tcga-nsclc,TCGA-NSCLC TP53 mutation,molecular_biomarker,TP53,patient,classification,462,slide_level_classification,weighted_f1,higher,titan2025_frozen_simpleshot,https://media.springernature.com/original/springer-static/esm/art%3A10.1038%2Fs41591-025-03982-3/MediaObjects/41591_2025_3982_MOESM1_ESM.pdf,parsed_primary_source,2
titan2025.tcga-ot.tcga-ot-oncotree-code-slide-retrieval.titan2025-l2-slide-retrieval.majority-vote-at-3-accuracy,titan_paper,tcga-ot,TCGA-OT OncoTree code slide retrieval,slide_retrieval,oncotree_code,slide,retrieval,9149,slide_retrieval,majority_vote_at_3_accuracy,higher,titan2025_l2_slide_retrieval,https://media.springernature.com/original/springer-static/esm/art%3A10.1038%2Fs41591-025-03982-3/MediaObjects/41591_2025_3982_MOESM1_ESM.pdf,parsed_primary_source,2
titan2025.tcga-ot.tcga-ot-oncotree-code-slide-retrieval.titan2025-l2-slide-retrieval.majority-vote-at-5-accuracy,titan_paper,tcga-ot,TCGA-OT OncoTree code slide retrieval,slide_retrieval,oncotree_code,slide,retrieval,9149,slide_retrieval,majority_vote_at_5_accuracy,higher,titan2025_l2_slide_retrieval,https://media.springernature.com/original/springer-static/esm/art%3A10.1038%2Fs41591-025-03982-3/MediaObjects/41591_2025_3982_MOESM1_ESM.pdf,parsed_primary_source,2
titan2025.tcga-ot.tcga-ot-oncotree-code-slide-retrieval.titan2025-l2-slide-retrieval.top1-accuracy,titan_paper,tcga-ot,TCGA-OT OncoTree code slide retrieval,slide_retrieval,oncotree_code,slide,retrieval,9149,slide_retrieval,top1_accuracy,higher,titan2025_l2_slide_retrieval,https://media.springernature.com/original/springer-static/esm/art%3A10.1038%2Fs41591-025-03982-3/MediaObjects/41591_2025_3982_MOESM1_ESM.pdf,parsed_primary_source,2
titan2025.tcga-ot.tcga-ot-oncotree-code-slide-retrieval.titan2025-l2-slide-retrieval.top3-accuracy,titan_paper,tcga-ot,TCGA-OT OncoTree code slide retrieval,slide_retrieval,oncotree_code,slide,retrieval,9149,slide_retrieval,top3_accuracy,higher,titan2025_l2_slide_retrieval,https://media.springernature.com/original/springer-static/esm/art%3A10.1038%2Fs41591-025-03982-3/MediaObjects/41591_2025_3982_MOESM1_ESM.pdf,parsed_primary_source,2
titan2025.tcga-ot.tcga-ot-oncotree-code-slide-retrieval.titan2025-l2-slide-retrieval.top5-accuracy,titan_paper,tcga-ot,TCGA-OT OncoTree code slide retrieval,slide_retrieval,oncotree_code,slide,retrieval,9149,slide_retrieval,top5_accuracy,higher,titan2025_l2_slide_retrieval,https://media.springernature.com/original/springer-static/esm/art%3A10.1038%2Fs41591-025-03982-3/MediaObjects/41591_2025_3982_MOESM1_ESM.pdf,parsed_primary_source,2
titan2025.tcga-ot.tcga-ot-oncotree-code.titan2025-16shot-linear-probe.balanced-accuracy,titan_paper,tcga-ot,TCGA-OT OncoTree code,morphological_subtyping,oncotree_code,slide,classification,9149,slide_level_classification,balanced_accuracy,higher,titan2025_16shot_linear_probe,https://media.springernature.com/original/springer-static/esm/art%3A10.1038%2Fs41591-025-03982-3/MediaObjects/41591_2025_3982_MOESM1_ESM.pdf,parsed_primary_source,2
titan2025.tcga-ot.tcga-ot-oncotree-code.titan2025-16shot-simpleshot.balanced-accuracy,titan_paper,tcga-ot,TCGA-OT OncoTree code,morphological_subtyping,oncotree_code,slide,classification,9149,slide_level_classification,balanced_accuracy,higher,titan2025_16shot_simpleshot,https://media.springernature.com/original/springer-static/esm/art%3A10.1038%2Fs41591-025-03982-3/MediaObjects/41591_2025_3982_MOESM1_ESM.pdf,parsed_primary_source,2
titan2025.tcga-ot.tcga-ot-oncotree-code.titan2025-1shot-linear-probe.balanced-accuracy,titan_paper,tcga-ot,TCGA-OT OncoTree code,morphological_subtyping,oncotree_code,slide,classification,9149,slide_level_classification,balanced_accuracy,higher,titan2025_1shot_linear_probe,https://media.springernature.com/original/springer-static/esm/art%3A10.1038%2Fs41591-025-03982-3/MediaObjects/41591_2025_3982_MOESM1_ESM.pdf,parsed_primary_source,2
titan2025.tcga-ot.tcga-ot-oncotree-code.titan2025-1shot-simpleshot.balanced-accuracy,titan_paper,tcga-ot,TCGA-OT OncoTree code,morphological_subtyping,oncotree_code,slide,classification,9149,slide_level_classification,balanced_accuracy,higher,titan2025_1shot_simpleshot,https://media.springernature.com/original/springer-static/esm/art%3A10.1038%2Fs41591-025-03982-3/MediaObjects/41591_2025_3982_MOESM1_ESM.pdf,parsed_primary_source,2
titan2025.tcga-ot.tcga-ot-oncotree-code.titan2025-2shot-linear-probe.balanced-accuracy,titan_paper,tcga-ot,TCGA-OT OncoTree code,morphological_subtyping,oncotree_code,slide,classification,9149,slide_level_classification,balanced_accuracy,higher,titan2025_2shot_linear_probe,https://media.springernature.com/original/springer-static/esm/art%3A10.1038%2Fs41591-025-03982-3/MediaObjects/41591_2025_3982_MOESM1_ESM.pdf,parsed_primary_source,2
titan2025.tcga-ot.tcga-ot-oncotree-code.titan2025-2shot-simpleshot.balanced-accuracy,titan_paper,tcga-ot,TCGA-OT OncoTree code,morphological_subtyping,oncotree_code,slide,classification,9149,slide_level_classification,balanced_accuracy,higher,titan2025_2shot_simpleshot,https://media.springernature.com/original/springer-static/esm/art%3A10.1038%2Fs41591-025-03982-3/MediaObjects/41591_2025_3982_MOESM1_ESM.pdf,parsed_primary_source,2
titan2025.tcga-ot.tcga-ot-oncotree-code.titan2025-32shot-linear-probe.balanced-accuracy,titan_paper,tcga-ot,TCGA-OT OncoTree code,morphological_subtyping,oncotree_code,slide,classification,9149,slide_level_classification,balanced_accuracy,higher,titan2025_32shot_linear_probe,https://media.springernature.com/original/springer-static/esm/art%3A10.1038%2Fs41591-025-03982-3/MediaObjects/41591_2025_3982_MOESM1_ESM.pdf,parsed_primary_source,2
titan2025.tcga-ot.tcga-ot-oncotree-code.titan2025-32shot-simpleshot.balanced-accuracy,titan_paper,tcga-ot,TCGA-OT OncoTree code,morphological_subtyping,oncotree_code,slide,classification,9149,slide_level_classification,balanced_accuracy,higher,titan2025_32shot_simpleshot,https://media.springernature.com/original/springer-static/esm/art%3A10.1038%2Fs41591-025-03982-3/MediaObjects/41591_2025_3982_MOESM1_ESM.pdf,parsed_primary_source,2
titan2025.tcga-ot.tcga-ot-oncotree-code.titan2025-4shot-linear-probe.balanced-accuracy,titan_paper,tcga-ot,TCGA-OT OncoTree code,morphological_subtyping,oncotree_code,slide,classification,9149,slide_level_classification,balanced_accuracy,higher,titan2025_4shot_linear_probe,https://media.springernature.com/original/springer-static/esm/art%3A10.1038%2Fs41591-025-03982-3/MediaObjects/41591_2025_3982_MOESM1_ESM.pdf,parsed_primary_source,2
titan2025.tcga-ot.tcga-ot-oncotree-code.titan2025-4shot-simpleshot.balanced-accuracy,titan_paper,tcga-ot,TCGA-OT OncoTree code,morphological_subtyping,oncotree_code,slide,classification,9149,slide_level_classification,balanced_accuracy,higher,titan2025_4shot_simpleshot,https://media.springernature.com/original/springer-static/esm/art%3A10.1038%2Fs41591-025-03982-3/MediaObjects/41591_2025_3982_MOESM1_ESM.pdf,parsed_primary_source,2
titan2025.tcga-ot.tcga-ot-oncotree-code.titan2025-8shot-linear-probe.balanced-accuracy,titan_paper,tcga-ot,TCGA-OT OncoTree code,morphological_subtyping,oncotree_code,slide,classification,9149,slide_level_classification,balanced_accuracy,higher,titan2025_8shot_linear_probe,https://media.springernature.com/original/springer-static/esm/art%3A10.1038%2Fs41591-025-03982-3/MediaObjects/41591_2025_3982_MOESM1_ESM.pdf,parsed_primary_source,2
titan2025.tcga-ot.tcga-ot-oncotree-code.titan2025-8shot-simpleshot.balanced-accuracy,titan_paper,tcga-ot,TCGA-OT OncoTree code,morphological_subtyping,oncotree_code,slide,classification,9149,slide_level_classification,balanced_accuracy,higher,titan2025_8shot_simpleshot,https://media.springernature.com/original/springer-static/esm/art%3A10.1038%2Fs41591-025-03982-3/MediaObjects/41591_2025_3982_MOESM1_ESM.pdf,parsed_primary_source,2
titan2025.tcga-ot.tcga-ot-oncotree-code.titan2025-frozen-20-nearest-neighbors.balanced-accuracy,titan_paper,tcga-ot,TCGA-OT OncoTree code,morphological_subtyping,oncotree_code,slide,classification,9149,slide_level_classification,balanced_accuracy,higher,titan2025_frozen_20_nearest_neighbors,https://media.springernature.com/original/springer-static/esm/art%3A10.1038%2Fs41591-025-03982-3/MediaObjects/41591_2025_3982_MOESM1_ESM.pdf,parsed_primary_source,2
titan2025.tcga-ot.tcga-ot-oncotree-code.titan2025-frozen-20-nearest-neighbors.weighted-f1,titan_paper,tcga-ot,TCGA-OT OncoTree code,morphological_subtyping,oncotree_code,slide,classification,9149,slide_level_classification,weighted_f1,higher,titan2025_frozen_20_nearest_neighbors,https://media.springernature.com/original/springer-static/esm/art%3A10.1038%2Fs41591-025-03982-3/MediaObjects/41591_2025_3982_MOESM1_ESM.pdf,parsed_primary_source,2
titan2025.tcga-ot.tcga-ot-oncotree-code.titan2025-frozen-logistic-regression.balanced-accuracy,titan_paper,tcga-ot,TCGA-OT OncoTree code,morphological_subtyping,oncotree_code,slide,classification,9149,slide_level_classification,balanced_accuracy,higher,titan2025_frozen_logistic_regression,https://media.springernature.com/original/springer-static/esm/art%3A10.1038%2Fs41591-025-03982-3/MediaObjects/41591_2025_3982_MOESM1_ESM.pdf,parsed_primary_source,2
titan2025.tcga-ot.tcga-ot-oncotree-code.titan2025-frozen-logistic-regression.weighted-f1,titan_paper,tcga-ot,TCGA-OT OncoTree code,morphological_subtyping,oncotree_code,slide,classification,9149,slide_level_classification,weighted_f1,higher,titan2025_frozen_logistic_regression,https://media.springernature.com/original/springer-static/esm/art%3A10.1038%2Fs41591-025-03982-3/MediaObjects/41591_2025_3982_MOESM1_ESM.pdf,parsed_primary_source,2
titan2025.tcga-ot.tcga-ot-oncotree-code.titan2025-frozen-simpleshot.balanced-accuracy,titan_paper,tcga-ot,TCGA-OT OncoTree code,morphological_subtyping,oncotree_code,slide,classification,9149,slide_level_classification,balanced_accuracy,higher,titan2025_frozen_simpleshot,https://media.springernature.com/original/springer-static/esm/art%3A10.1038%2Fs41591-025-03982-3/MediaObjects/41591_2025_3982_MOESM1_ESM.pdf,parsed_primary_source,2
titan2025.tcga-ot.tcga-ot-oncotree-code.titan2025-frozen-simpleshot.weighted-f1,titan_paper,tcga-ot,TCGA-OT OncoTree code,morphological_subtyping,oncotree_code,slide,classification,9149,slide_level_classification,weighted_f1,higher,titan2025_frozen_simpleshot,https://media.springernature.com/original/springer-static/esm/art%3A10.1038%2Fs41591-025-03982-3/MediaObjects/41591_2025_3982_MOESM1_ESM.pdf,parsed_primary_source,2
titan2025.tcga-ot.tcga-ot-oncotree-code.titan2025-zero-shot-prompt-ensemble.auroc,titan_paper,tcga-ot,TCGA-OT OncoTree code,morphological_subtyping,oncotree_code,slide,classification,9149,slide_level_classification,auroc,higher,titan2025_zero_shot_prompt_ensemble,https://media.springernature.com/original/springer-static/esm/art%3A10.1038%2Fs41591-025-03982-3/MediaObjects/41591_2025_3982_MOESM1_ESM.pdf,parsed_primary_source,1
titan2025.tcga-ot.tcga-ot-oncotree-code.titan2025-zero-shot-prompt-ensemble.balanced-accuracy,titan_paper,tcga-ot,TCGA-OT OncoTree code,morphological_subtyping,oncotree_code,slide,classification,9149,slide_level_classification,balanced_accuracy,higher,titan2025_zero_shot_prompt_ensemble,https://media.springernature.com/original/springer-static/esm/art%3A10.1038%2Fs41591-025-03982-3/MediaObjects/41591_2025_3982_MOESM1_ESM.pdf,parsed_primary_source,1
titan2025.tcga-ot.tcga-ot-oncotree-code.titan2025-zero-shot-prompt-ensemble.weighted-f1,titan_paper,tcga-ot,TCGA-OT OncoTree code,morphological_subtyping,oncotree_code,slide,classification,9149,slide_level_classification,weighted_f1,higher,titan2025_zero_shot_prompt_ensemble,https://media.springernature.com/original/springer-static/esm/art%3A10.1038%2Fs41591-025-03982-3/MediaObjects/41591_2025_3982_MOESM1_ESM.pdf,parsed_primary_source,1
titan2025.tcga-rcc.tcga-rcc-oncotree-code.titan2025-frozen-20-nearest-neighbors.balanced-accuracy,titan_paper,tcga-rcc,TCGA-RCC OncoTree code,morphological_subtyping,oncotree_code,slide,classification,895,slide_level_classification,balanced_accuracy,higher,titan2025_frozen_20_nearest_neighbors,https://media.springernature.com/original/springer-static/esm/art%3A10.1038%2Fs41591-025-03982-3/MediaObjects/41591_2025_3982_MOESM1_ESM.pdf,parsed_primary_source,2
titan2025.tcga-rcc.tcga-rcc-oncotree-code.titan2025-frozen-20-nearest-neighbors.weighted-f1,titan_paper,tcga-rcc,TCGA-RCC OncoTree code,morphological_subtyping,oncotree_code,slide,classification,895,slide_level_classification,weighted_f1,higher,titan2025_frozen_20_nearest_neighbors,https://media.springernature.com/original/springer-static/esm/art%3A10.1038%2Fs41591-025-03982-3/MediaObjects/41591_2025_3982_MOESM1_ESM.pdf,parsed_primary_source,2
titan2025.tcga-rcc.tcga-rcc-oncotree-code.titan2025-frozen-logistic-regression.balanced-accuracy,titan_paper,tcga-rcc,TCGA-RCC OncoTree code,morphological_subtyping,oncotree_code,slide,classification,895,slide_level_classification,balanced_accuracy,higher,titan2025_frozen_logistic_regression,https://media.springernature.com/original/springer-static/esm/art%3A10.1038%2Fs41591-025-03982-3/MediaObjects/41591_2025_3982_MOESM1_ESM.pdf,parsed_primary_source,2
titan2025.tcga-rcc.tcga-rcc-oncotree-code.titan2025-frozen-logistic-regression.weighted-f1,titan_paper,tcga-rcc,TCGA-RCC OncoTree code,morphological_subtyping,oncotree_code,slide,classification,895,slide_level_classification,weighted_f1,higher,titan2025_frozen_logistic_regression,https://media.springernature.com/original/springer-static/esm/art%3A10.1038%2Fs41591-025-03982-3/MediaObjects/41591_2025_3982_MOESM1_ESM.pdf,parsed_primary_source,2
titan2025.tcga-rcc.tcga-rcc-oncotree-code.titan2025-frozen-simpleshot.balanced-accuracy,titan_paper,tcga-rcc,TCGA-RCC OncoTree code,morphological_subtyping,oncotree_code,slide,classification,895,slide_level_classification,balanced_accuracy,higher,titan2025_frozen_simpleshot,https://media.springernature.com/original/springer-static/esm/art%3A10.1038%2Fs41591-025-03982-3/MediaObjects/41591_2025_3982_MOESM1_ESM.pdf,parsed_primary_source,2
titan2025.tcga-rcc.tcga-rcc-oncotree-code.titan2025-frozen-simpleshot.weighted-f1,titan_paper,tcga-rcc,TCGA-RCC OncoTree code,morphological_subtyping,oncotree_code,slide,classification,895,slide_level_classification,weighted_f1,higher,titan2025_frozen_simpleshot,https://media.springernature.com/original/springer-static/esm/art%3A10.1038%2Fs41591-025-03982-3/MediaObjects/41591_2025_3982_MOESM1_ESM.pdf,parsed_primary_source,2
titan2025.tcga-rcc.tcga-rcc-oncotree-code.titan2025-zero-shot-prompt-ensemble.auroc,titan_paper,tcga-rcc,TCGA-RCC OncoTree code,morphological_subtyping,oncotree_code,slide,classification,895,slide_level_classification,auroc,higher,titan2025_zero_shot_prompt_ensemble,https://media.springernature.com/original/springer-static/esm/art%3A10.1038%2Fs41591-025-03982-3/MediaObjects/41591_2025_3982_MOESM1_ESM.pdf,parsed_primary_source,1
titan2025.tcga-rcc.tcga-rcc-oncotree-code.titan2025-zero-shot-prompt-ensemble.balanced-accuracy,titan_paper,tcga-rcc,TCGA-RCC OncoTree code,morphological_subtyping,oncotree_code,slide,classification,895,slide_level_classification,balanced_accuracy,higher,titan2025_zero_shot_prompt_ensemble,https://media.springernature.com/original/springer-static/esm/art%3A10.1038%2Fs41591-025-03982-3/MediaObjects/41591_2025_3982_MOESM1_ESM.pdf,parsed_primary_source,1
titan2025.tcga-rcc.tcga-rcc-oncotree-code.titan2025-zero-shot-prompt-ensemble.weighted-f1,titan_paper,tcga-rcc,TCGA-RCC OncoTree code,morphological_subtyping,oncotree_code,slide,classification,895,slide_level_classification,weighted_f1,higher,titan2025_zero_shot_prompt_ensemble,https://media.springernature.com/original/springer-static/esm/art%3A10.1038%2Fs41591-025-03982-3/MediaObjects/41591_2025_3982_MOESM1_ESM.pdf,parsed_primary_source,1
titan2025.tcga-slide-reports.tcga-slide-reports-report-to-slide.titan2025-report-to-slide-retrieval.mean-recall,titan_paper,tcga-slide-reports,TCGA Slide-Reports report to slide,cross_modal_retrieval,report_to_slide,slide_report_pair,retrieval,not_reported_total,cross_modal_retrieval,mean_recall,higher,titan2025_report_to_slide_retrieval,https://media.springernature.com/original/springer-static/esm/art%3A10.1038%2Fs41591-025-03982-3/MediaObjects/41591_2025_3982_MOESM1_ESM.pdf,parsed_primary_source,1
titan2025.tcga-slide-reports.tcga-slide-reports-report-to-slide.titan2025-report-to-slide-retrieval.recall-at-1,titan_paper,tcga-slide-reports,TCGA Slide-Reports report to slide,cross_modal_retrieval,report_to_slide,slide_report_pair,retrieval,not_reported_total,cross_modal_retrieval,recall_at_1,higher,titan2025_report_to_slide_retrieval,https://media.springernature.com/original/springer-static/esm/art%3A10.1038%2Fs41591-025-03982-3/MediaObjects/41591_2025_3982_MOESM1_ESM.pdf,parsed_primary_source,1
titan2025.tcga-slide-reports.tcga-slide-reports-report-to-slide.titan2025-report-to-slide-retrieval.recall-at-10,titan_paper,tcga-slide-reports,TCGA Slide-Reports report to slide,cross_modal_retrieval,report_to_slide,slide_report_pair,retrieval,not_reported_total,cross_modal_retrieval,recall_at_10,higher,titan2025_report_to_slide_retrieval,https://media.springernature.com/original/springer-static/esm/art%3A10.1038%2Fs41591-025-03982-3/MediaObjects/41591_2025_3982_MOESM1_ESM.pdf,parsed_primary_source,1
titan2025.tcga-slide-reports.tcga-slide-reports-report-to-slide.titan2025-report-to-slide-retrieval.recall-at-3,titan_paper,tcga-slide-reports,TCGA Slide-Reports report to slide,cross_modal_retrieval,report_to_slide,slide_report_pair,retrieval,not_reported_total,cross_modal_retrieval,recall_at_3,higher,titan2025_report_to_slide_retrieval,https://media.springernature.com/original/springer-static/esm/art%3A10.1038%2Fs41591-025-03982-3/MediaObjects/41591_2025_3982_MOESM1_ESM.pdf,parsed_primary_source,1
titan2025.tcga-slide-reports.tcga-slide-reports-report-to-slide.titan2025-report-to-slide-retrieval.recall-at-5,titan_paper,tcga-slide-reports,TCGA Slide-Reports report to slide,cross_modal_retrieval,report_to_slide,slide_report_pair,retrieval,not_reported_total,cross_modal_retrieval,recall_at_5,higher,titan2025_report_to_slide_retrieval,https://media.springernature.com/original/springer-static/esm/art%3A10.1038%2Fs41591-025-03982-3/MediaObjects/41591_2025_3982_MOESM1_ESM.pdf,parsed_primary_source,1
titan2025.tcga-slide-reports.tcga-slide-reports-slide-to-report.titan2025-slide-to-report-retrieval.mean-recall,titan_paper,tcga-slide-reports,TCGA Slide-Reports slide to report,cross_modal_retrieval,slide_to_report,slide_report_pair,retrieval,not_reported_total,cross_modal_retrieval,mean_recall,higher,titan2025_slide_to_report_retrieval,https://media.springernature.com/original/springer-static/esm/art%3A10.1038%2Fs41591-025-03982-3/MediaObjects/41591_2025_3982_MOESM1_ESM.pdf,parsed_primary_source,1
titan2025.tcga-slide-reports.tcga-slide-reports-slide-to-report.titan2025-slide-to-report-retrieval.recall-at-1,titan_paper,tcga-slide-reports,TCGA Slide-Reports slide to report,cross_modal_retrieval,slide_to_report,slide_report_pair,retrieval,not_reported_total,cross_modal_retrieval,recall_at_1,higher,titan2025_slide_to_report_retrieval,https://media.springernature.com/original/springer-static/esm/art%3A10.1038%2Fs41591-025-03982-3/MediaObjects/41591_2025_3982_MOESM1_ESM.pdf,parsed_primary_source,1
titan2025.tcga-slide-reports.tcga-slide-reports-slide-to-report.titan2025-slide-to-report-retrieval.recall-at-10,titan_paper,tcga-slide-reports,TCGA Slide-Reports slide to report,cross_modal_retrieval,slide_to_report,slide_report_pair,retrieval,not_reported_total,cross_modal_retrieval,recall_at_10,higher,titan2025_slide_to_report_retrieval,https://media.springernature.com/original/springer-static/esm/art%3A10.1038%2Fs41591-025-03982-3/MediaObjects/41591_2025_3982_MOESM1_ESM.pdf,parsed_primary_source,1
titan2025.tcga-slide-reports.tcga-slide-reports-slide-to-report.titan2025-slide-to-report-retrieval.recall-at-3,titan_paper,tcga-slide-reports,TCGA Slide-Reports slide to report,cross_modal_retrieval,slide_to_report,slide_report_pair,retrieval,not_reported_total,cross_modal_retrieval,recall_at_3,higher,titan2025_slide_to_report_retrieval,https://media.springernature.com/original/springer-static/esm/art%3A10.1038%2Fs41591-025-03982-3/MediaObjects/41591_2025_3982_MOESM1_ESM.pdf,parsed_primary_source,1
titan2025.tcga-slide-reports.tcga-slide-reports-slide-to-report.titan2025-slide-to-report-retrieval.recall-at-5,titan_paper,tcga-slide-reports,TCGA Slide-Reports slide to report,cross_modal_retrieval,slide_to_report,slide_report_pair,retrieval,not_reported_total,cross_modal_retrieval,recall_at_5,higher,titan2025_slide_to_report_retrieval,https://media.springernature.com/original/springer-static/esm/art%3A10.1038%2Fs41591-025-03982-3/MediaObjects/41591_2025_3982_MOESM1_ESM.pdf,parsed_primary_source,1
titan2025.tcga-ucec.tcga-ucec-disease-specific-survival.titan2025-frozen-five-fold-site-preserving.concordance-index,titan_paper,tcga-ucec,TCGA-UCEC disease-specific survival,survival,disease_specific_survival,patient,survival,504,survival_prediction,concordance_index,higher,titan2025_frozen_five_fold_site_preserving,https://media.springernature.com/original/springer-static/esm/art%3A10.1038%2Fs41591-025-03982-3/MediaObjects/41591_2025_3982_MOESM1_ESM.pdf,parsed_primary_source,2
titan2025.tcga-ut-8k.tcga-ut-8k-tumor-subtype-slide-retrieval.titan2025-l2-slide-retrieval.majority-vote-at-3-accuracy,titan_paper,tcga-ut-8k,TCGA-UT-8K tumor subtype slide retrieval,slide_retrieval,tumor_subtype,slide,retrieval,7784,slide_retrieval,majority_vote_at_3_accuracy,higher,titan2025_l2_slide_retrieval,https://media.springernature.com/original/springer-static/esm/art%3A10.1038%2Fs41591-025-03982-3/MediaObjects/41591_2025_3982_MOESM1_ESM.pdf,parsed_primary_source,2
titan2025.tcga-ut-8k.tcga-ut-8k-tumor-subtype-slide-retrieval.titan2025-l2-slide-retrieval.majority-vote-at-5-accuracy,titan_paper,tcga-ut-8k,TCGA-UT-8K tumor subtype slide retrieval,slide_retrieval,tumor_subtype,slide,retrieval,7784,slide_retrieval,majority_vote_at_5_accuracy,higher,titan2025_l2_slide_retrieval,https://media.springernature.com/original/springer-static/esm/art%3A10.1038%2Fs41591-025-03982-3/MediaObjects/41591_2025_3982_MOESM1_ESM.pdf,parsed_primary_source,2
titan2025.tcga-ut-8k.tcga-ut-8k-tumor-subtype-slide-retrieval.titan2025-l2-slide-retrieval.top1-accuracy,titan_paper,tcga-ut-8k,TCGA-UT-8K tumor subtype slide retrieval,slide_retrieval,tumor_subtype,slide,retrieval,7784,slide_retrieval,top1_accuracy,higher,titan2025_l2_slide_retrieval,https://media.springernature.com/original/springer-static/esm/art%3A10.1038%2Fs41591-025-03982-3/MediaObjects/41591_2025_3982_MOESM1_ESM.pdf,parsed_primary_source,2
titan2025.tcga-ut-8k.tcga-ut-8k-tumor-subtype-slide-retrieval.titan2025-l2-slide-retrieval.top3-accuracy,titan_paper,tcga-ut-8k,TCGA-UT-8K tumor subtype slide retrieval,slide_retrieval,tumor_subtype,slide,retrieval,7784,slide_retrieval,top3_accuracy,higher,titan2025_l2_slide_retrieval,https://media.springernature.com/original/springer-static/esm/art%3A10.1038%2Fs41591-025-03982-3/MediaObjects/41591_2025_3982_MOESM1_ESM.pdf,parsed_primary_source,2
titan2025.tcga-ut-8k.tcga-ut-8k-tumor-subtype-slide-retrieval.titan2025-l2-slide-retrieval.top5-accuracy,titan_paper,tcga-ut-8k,TCGA-UT-8K tumor subtype slide retrieval,slide_retrieval,tumor_subtype,slide,retrieval,7784,slide_retrieval,top5_accuracy,higher,titan2025_l2_slide_retrieval,https://media.springernature.com/original/springer-static/esm/art%3A10.1038%2Fs41591-025-03982-3/MediaObjects/41591_2025_3982_MOESM1_ESM.pdf,parsed_primary_source,2
titan2025.tcga-ut-8k.tcga-ut-8k-tumor-subtype.titan2025-16shot-linear-probe.balanced-accuracy,titan_paper,tcga-ut-8k,TCGA-UT-8K tumor subtype,morphological_subtyping,tumor_subtype,slide,classification,7784,slide_level_classification,balanced_accuracy,higher,titan2025_16shot_linear_probe,https://media.springernature.com/original/springer-static/esm/art%3A10.1038%2Fs41591-025-03982-3/MediaObjects/41591_2025_3982_MOESM1_ESM.pdf,parsed_primary_source,2
titan2025.tcga-ut-8k.tcga-ut-8k-tumor-subtype.titan2025-16shot-simpleshot.balanced-accuracy,titan_paper,tcga-ut-8k,TCGA-UT-8K tumor subtype,morphological_subtyping,tumor_subtype,slide,classification,7784,slide_level_classification,balanced_accuracy,higher,titan2025_16shot_simpleshot,https://media.springernature.com/original/springer-static/esm/art%3A10.1038%2Fs41591-025-03982-3/MediaObjects/41591_2025_3982_MOESM1_ESM.pdf,parsed_primary_source,2
titan2025.tcga-ut-8k.tcga-ut-8k-tumor-subtype.titan2025-1shot-linear-probe.balanced-accuracy,titan_paper,tcga-ut-8k,TCGA-UT-8K tumor subtype,morphological_subtyping,tumor_subtype,slide,classification,7784,slide_level_classification,balanced_accuracy,higher,titan2025_1shot_linear_probe,https://media.springernature.com/original/springer-static/esm/art%3A10.1038%2Fs41591-025-03982-3/MediaObjects/41591_2025_3982_MOESM1_ESM.pdf,parsed_primary_source,2
titan2025.tcga-ut-8k.tcga-ut-8k-tumor-subtype.titan2025-1shot-simpleshot.balanced-accuracy,titan_paper,tcga-ut-8k,TCGA-UT-8K tumor subtype,morphological_subtyping,tumor_subtype,slide,classification,7784,slide_level_classification,balanced_accuracy,higher,titan2025_1shot_simpleshot,https://media.springernature.com/original/springer-static/esm/art%3A10.1038%2Fs41591-025-03982-3/MediaObjects/41591_2025_3982_MOESM1_ESM.pdf,parsed_primary_source,2
titan2025.tcga-ut-8k.tcga-ut-8k-tumor-subtype.titan2025-2shot-linear-probe.balanced-accuracy,titan_paper,tcga-ut-8k,TCGA-UT-8K tumor subtype,morphological_subtyping,tumor_subtype,slide,classification,7784,slide_level_classification,balanced_accuracy,higher,titan2025_2shot_linear_probe,https://media.springernature.com/original/springer-static/esm/art%3A10.1038%2Fs41591-025-03982-3/MediaObjects/41591_2025_3982_MOESM1_ESM.pdf,parsed_primary_source,2
titan2025.tcga-ut-8k.tcga-ut-8k-tumor-subtype.titan2025-2shot-simpleshot.balanced-accuracy,titan_paper,tcga-ut-8k,TCGA-UT-8K tumor subtype,morphological_subtyping,tumor_subtype,slide,classification,7784,slide_level_classification,balanced_accuracy,higher,titan2025_2shot_simpleshot,https://media.springernature.com/original/springer-static/esm/art%3A10.1038%2Fs41591-025-03982-3/MediaObjects/41591_2025_3982_MOESM1_ESM.pdf,parsed_primary_source,2
titan2025.tcga-ut-8k.tcga-ut-8k-tumor-subtype.titan2025-32shot-linear-probe.balanced-accuracy,titan_paper,tcga-ut-8k,TCGA-UT-8K tumor subtype,morphological_subtyping,tumor_subtype,slide,classification,7784,slide_level_classification,balanced_accuracy,higher,titan2025_32shot_linear_probe,https://media.springernature.com/original/springer-static/esm/art%3A10.1038%2Fs41591-025-03982-3/MediaObjects/41591_2025_3982_MOESM1_ESM.pdf,parsed_primary_source,2
titan2025.tcga-ut-8k.tcga-ut-8k-tumor-subtype.titan2025-32shot-simpleshot.balanced-accuracy,titan_paper,tcga-ut-8k,TCGA-UT-8K tumor subtype,morphological_subtyping,tumor_subtype,slide,classification,7784,slide_level_classification,balanced_accuracy,higher,titan2025_32shot_simpleshot,https://media.springernature.com/original/springer-static/esm/art%3A10.1038%2Fs41591-025-03982-3/MediaObjects/41591_2025_3982_MOESM1_ESM.pdf,parsed_primary_source,2
titan2025.tcga-ut-8k.tcga-ut-8k-tumor-subtype.titan2025-4shot-linear-probe.balanced-accuracy,titan_paper,tcga-ut-8k,TCGA-UT-8K tumor subtype,morphological_subtyping,tumor_subtype,slide,classification,7784,slide_level_classification,balanced_accuracy,higher,titan2025_4shot_linear_probe,https://media.springernature.com/original/springer-static/esm/art%3A10.1038%2Fs41591-025-03982-3/MediaObjects/41591_2025_3982_MOESM1_ESM.pdf,parsed_primary_source,2
titan2025.tcga-ut-8k.tcga-ut-8k-tumor-subtype.titan2025-4shot-simpleshot.balanced-accuracy,titan_paper,tcga-ut-8k,TCGA-UT-8K tumor subtype,morphological_subtyping,tumor_subtype,slide,classification,7784,slide_level_classification,balanced_accuracy,higher,titan2025_4shot_simpleshot,https://media.springernature.com/original/springer-static/esm/art%3A10.1038%2Fs41591-025-03982-3/MediaObjects/41591_2025_3982_MOESM1_ESM.pdf,parsed_primary_source,2
titan2025.tcga-ut-8k.tcga-ut-8k-tumor-subtype.titan2025-8shot-linear-probe.balanced-accuracy,titan_paper,tcga-ut-8k,TCGA-UT-8K tumor subtype,morphological_subtyping,tumor_subtype,slide,classification,7784,slide_level_classification,balanced_accuracy,higher,titan2025_8shot_linear_probe,https://media.springernature.com/original/springer-static/esm/art%3A10.1038%2Fs41591-025-03982-3/MediaObjects/41591_2025_3982_MOESM1_ESM.pdf,parsed_primary_source,2
titan2025.tcga-ut-8k.tcga-ut-8k-tumor-subtype.titan2025-8shot-simpleshot.balanced-accuracy,titan_paper,tcga-ut-8k,TCGA-UT-8K tumor subtype,morphological_subtyping,tumor_subtype,slide,classification,7784,slide_level_classification,balanced_accuracy,higher,titan2025_8shot_simpleshot,https://media.springernature.com/original/springer-static/esm/art%3A10.1038%2Fs41591-025-03982-3/MediaObjects/41591_2025_3982_MOESM1_ESM.pdf,parsed_primary_source,2
titan2025.tcga-ut-8k.tcga-ut-8k-tumor-subtype.titan2025-frozen-20-nearest-neighbors.balanced-accuracy,titan_paper,tcga-ut-8k,TCGA-UT-8K tumor subtype,morphological_subtyping,tumor_subtype,slide,classification,7784,slide_level_classification,balanced_accuracy,higher,titan2025_frozen_20_nearest_neighbors,https://media.springernature.com/original/springer-static/esm/art%3A10.1038%2Fs41591-025-03982-3/MediaObjects/41591_2025_3982_MOESM1_ESM.pdf,parsed_primary_source,2
titan2025.tcga-ut-8k.tcga-ut-8k-tumor-subtype.titan2025-frozen-20-nearest-neighbors.weighted-f1,titan_paper,tcga-ut-8k,TCGA-UT-8K tumor subtype,morphological_subtyping,tumor_subtype,slide,classification,7784,slide_level_classification,weighted_f1,higher,titan2025_frozen_20_nearest_neighbors,https://media.springernature.com/original/springer-static/esm/art%3A10.1038%2Fs41591-025-03982-3/MediaObjects/41591_2025_3982_MOESM1_ESM.pdf,parsed_primary_source,2
titan2025.tcga-ut-8k.tcga-ut-8k-tumor-subtype.titan2025-frozen-logistic-regression.balanced-accuracy,titan_paper,tcga-ut-8k,TCGA-UT-8K tumor subtype,morphological_subtyping,tumor_subtype,slide,classification,7784,slide_level_classification,balanced_accuracy,higher,titan2025_frozen_logistic_regression,https://media.springernature.com/original/springer-static/esm/art%3A10.1038%2Fs41591-025-03982-3/MediaObjects/41591_2025_3982_MOESM1_ESM.pdf,parsed_primary_source,2
titan2025.tcga-ut-8k.tcga-ut-8k-tumor-subtype.titan2025-frozen-logistic-regression.weighted-f1,titan_paper,tcga-ut-8k,TCGA-UT-8K tumor subtype,morphological_subtyping,tumor_subtype,slide,classification,7784,slide_level_classification,weighted_f1,higher,titan2025_frozen_logistic_regression,https://media.springernature.com/original/springer-static/esm/art%3A10.1038%2Fs41591-025-03982-3/MediaObjects/41591_2025_3982_MOESM1_ESM.pdf,parsed_primary_source,2
titan2025.tcga-ut-8k.tcga-ut-8k-tumor-subtype.titan2025-frozen-simpleshot.balanced-accuracy,titan_paper,tcga-ut-8k,TCGA-UT-8K tumor subtype,morphological_subtyping,tumor_subtype,slide,classification,7784,slide_level_classification,balanced_accuracy,higher,titan2025_frozen_simpleshot,https://media.springernature.com/original/springer-static/esm/art%3A10.1038%2Fs41591-025-03982-3/MediaObjects/41591_2025_3982_MOESM1_ESM.pdf,parsed_primary_source,2
titan2025.tcga-ut-8k.tcga-ut-8k-tumor-subtype.titan2025-frozen-simpleshot.weighted-f1,titan_paper,tcga-ut-8k,TCGA-UT-8K tumor subtype,morphological_subtyping,tumor_subtype,slide,classification,7784,slide_level_classification,weighted_f1,higher,titan2025_frozen_simpleshot,https://media.springernature.com/original/springer-static/esm/art%3A10.1038%2Fs41591-025-03982-3/MediaObjects/41591_2025_3982_MOESM1_ESM.pdf,parsed_primary_source,2
titan2025.tcga-ut-8k.tcga-ut-8k-tumor-subtype.titan2025-zero-shot-prompt-ensemble.auroc,titan_paper,tcga-ut-8k,TCGA-UT-8K tumor subtype,morphological_subtyping,tumor_subtype,slide,classification,7784,slide_level_classification,auroc,higher,titan2025_zero_shot_prompt_ensemble,https://media.springernature.com/original/springer-static/esm/art%3A10.1038%2Fs41591-025-03982-3/MediaObjects/41591_2025_3982_MOESM1_ESM.pdf,parsed_primary_source,1
titan2025.tcga-ut-8k.tcga-ut-8k-tumor-subtype.titan2025-zero-shot-prompt-ensemble.balanced-accuracy,titan_paper,tcga-ut-8k,TCGA-UT-8K tumor subtype,morphological_subtyping,tumor_subtype,slide,classification,7784,slide_level_classification,balanced_accuracy,higher,titan2025_zero_shot_prompt_ensemble,https://media.springernature.com/original/springer-static/esm/art%3A10.1038%2Fs41591-025-03982-3/MediaObjects/41591_2025_3982_MOESM1_ESM.pdf,parsed_primary_source,1
titan2025.tcga-ut-8k.tcga-ut-8k-tumor-subtype.titan2025-zero-shot-prompt-ensemble.weighted-f1,titan_paper,tcga-ut-8k,TCGA-UT-8K tumor subtype,morphological_subtyping,tumor_subtype,slide,classification,7784,slide_level_classification,weighted_f1,higher,titan2025_zero_shot_prompt_ensemble,https://media.springernature.com/original/springer-static/esm/art%3A10.1038%2Fs41591-025-03982-3/MediaObjects/41591_2025_3982_MOESM1_ESM.pdf,parsed_primary_source,1
uni2repo2026.c17_wilds.reported_performance,uni2_benchmark,c17_wilds,C17-WILDS reported performance,classification,binary metastasis label,image,classification,not_reported,roi_benchmark,reported_performance_score,higher,"Official UNI repository benchmark; global representation without test-time augmentation; sweep learning rates 1e-5, 5e-5, 1e-4 and report test performance selected by validation. Source does not name endpoint-specific metrics.",https://github.com/mahmoodlab/UNI/blob/42715efc11722a496e0a67f3369505a8f277206c/README.md,parsed_primary_source_analysis_ineligible,1
uni2repo2026.crc100k_raw.reported_performance,uni2_benchmark,crc100k_raw,CRC-100K-Raw reported performance,classification,nine-class tissue label,image,classification,not_reported,roi_benchmark,reported_performance_score,higher,"Official UNI repository benchmark; global representation without test-time augmentation; sweep learning rates 1e-5, 5e-5, 1e-4 and report test performance selected by validation. Source does not name endpoint-specific metrics.",https://github.com/mahmoodlab/UNI/blob/42715efc11722a496e0a67f3369505a8f277206c/README.md,parsed_primary_source_analysis_ineligible,1
uni2repo2026.ebrains.reported_performance,uni2_benchmark,ebrains,EBRAINS reported performance,classification,30-class diagnosis label,slide,classification,not_reported,slide_benchmark,reported_performance_score,higher,"Official UNI repository benchmark; global representation without test-time augmentation; sweep learning rates 1e-5, 5e-5, 1e-4 and report test performance selected by validation. Source does not name endpoint-specific metrics.",https://github.com/mahmoodlab/UNI/blob/42715efc11722a496e0a67f3369505a8f277206c/README.md,parsed_primary_source_analysis_ineligible,1
uni2repo2026.kather_msi.reported_performance,uni2_benchmark,kather_msi,Kather MSI reported performance,classification,binary MSI label,image,classification,not_reported,roi_benchmark,reported_performance_score,higher,"Official UNI repository benchmark; global representation without test-time augmentation; sweep learning rates 1e-5, 5e-5, 1e-4 and report test performance selected by validation. Source does not name endpoint-specific metrics.",https://github.com/mahmoodlab/UNI/blob/42715efc11722a496e0a67f3369505a8f277206c/README.md,parsed_primary_source_analysis_ineligible,1
uni2repo2026.panda.reported_performance,uni2_benchmark,panda,PANDA reported performance,classification,five-class grade label,slide,classification,not_reported,slide_benchmark,reported_performance_score,higher,"Official UNI repository benchmark; global representation without test-time augmentation; sweep learning rates 1e-5, 5e-5, 1e-4 and report test performance selected by validation. Source does not name endpoint-specific metrics.",https://github.com/mahmoodlab/UNI/blob/42715efc11722a496e0a67f3369505a8f277206c/README.md,parsed_primary_source_analysis_ineligible,1
uni2repo2026.tcga_uniform_tumor.reported_performance,uni2_benchmark,tcga_uniform_tumor,TCGA Uniform Tumor reported performance,classification,32-class tumor label,image,classification,not_reported,roi_benchmark,reported_performance_score,higher,"Official UNI repository benchmark; global representation without test-time augmentation; sweep learning rates 1e-5, 5e-5, 1e-4 and report test performance selected by validation. Source does not name endpoint-specific metrics.",https://github.com/mahmoodlab/UNI/blob/42715efc11722a496e0a67f3369505a8f277206c/README.md,parsed_primary_source_analysis_ineligible,1
unipaper2023.aggc_retrieval.default.retrieval_accuracy_at_1,uni_paper,aggc,prad_tissue_5class,classification,prad_tissue_5class,image,classification,not_reported,image_retrieval,retrieval_accuracy_at_1,higher,image_retrieval on aggc; paper table tab:aggc-retrieval; row setting: default setting.,https://arxiv.org/abs/2308.15474,parsed_primary_source,1
unipaper2023.aggc_retrieval.default.retrieval_accuracy_at_3,uni_paper,aggc,prad_tissue_5class,classification,prad_tissue_5class,image,classification,not_reported,image_retrieval,retrieval_accuracy_at_3,higher,image_retrieval on aggc; paper table tab:aggc-retrieval; row setting: default setting.,https://arxiv.org/abs/2308.15474,parsed_primary_source,1
unipaper2023.aggc_retrieval.default.retrieval_accuracy_at_5,uni_paper,aggc,prad_tissue_5class,classification,prad_tissue_5class,image,classification,not_reported,image_retrieval,retrieval_accuracy_at_5,higher,image_retrieval on aggc; paper table tab:aggc-retrieval; row setting: default setting.,https://arxiv.org/abs/2308.15474,parsed_primary_source,1
unipaper2023.aggc_retrieval.default.retrieval_majority_vote_accuracy_at_5,uni_paper,aggc,prad_tissue_5class,classification,prad_tissue_5class,image,classification,not_reported,image_retrieval,retrieval_majority_vote_accuracy_at_5,higher,image_retrieval on aggc; paper table tab:aggc-retrieval; row setting: default setting.,https://arxiv.org/abs/2308.15474,parsed_primary_source,1
unipaper2023.crc_retrieval.default.retrieval_accuracy_at_1,uni_paper,crc,crc linear_probing,classification,CRC-100K nine-class tissue label,image,classification,107180,image_retrieval,retrieval_accuracy_at_1,higher,image_retrieval on crc100k; paper table tab:crc-retrieval; row setting: default setting.,https://arxiv.org/abs/2308.15474,parsed_primary_source,1
unipaper2023.crc_retrieval.default.retrieval_accuracy_at_3,uni_paper,crc,crc linear_probing,classification,CRC-100K nine-class tissue label,image,classification,107180,image_retrieval,retrieval_accuracy_at_3,higher,image_retrieval on crc100k; paper table tab:crc-retrieval; row setting: default setting.,https://arxiv.org/abs/2308.15474,parsed_primary_source,1
unipaper2023.crc_retrieval.default.retrieval_accuracy_at_5,uni_paper,crc,crc linear_probing,classification,CRC-100K nine-class tissue label,image,classification,107180,image_retrieval,retrieval_accuracy_at_5,higher,image_retrieval on crc100k; paper table tab:crc-retrieval; row setting: default setting.,https://arxiv.org/abs/2308.15474,parsed_primary_source,1
unipaper2023.crc_retrieval.default.retrieval_majority_vote_accuracy_at_5,uni_paper,crc,crc linear_probing,classification,CRC-100K nine-class tissue label,image,classification,107180,image_retrieval,retrieval_majority_vote_accuracy_at_5,higher,image_retrieval on crc100k; paper table tab:crc-retrieval; row setting: default setting.,https://arxiv.org/abs/2308.15474,parsed_primary_source,1
unipaper2023.esca_retrieval.default.retrieval_accuracy_at_1,uni_paper,ukk_wns_tcga_cha_esca,esca_subtyping_11class,classification,esca_subtyping_11class,image,classification,not_reported,image_retrieval,retrieval_accuracy_at_1,higher,image_retrieval on ukk_wns_tcga_cha_esca; paper table tab:esca-retrieval; row setting: default setting.,https://arxiv.org/abs/2308.15474,parsed_primary_source,1
unipaper2023.esca_retrieval.default.retrieval_accuracy_at_3,uni_paper,ukk_wns_tcga_cha_esca,esca_subtyping_11class,classification,esca_subtyping_11class,image,classification,not_reported,image_retrieval,retrieval_accuracy_at_3,higher,image_retrieval on ukk_wns_tcga_cha_esca; paper table tab:esca-retrieval; row setting: default setting.,https://arxiv.org/abs/2308.15474,parsed_primary_source,1
unipaper2023.esca_retrieval.default.retrieval_accuracy_at_5,uni_paper,ukk_wns_tcga_cha_esca,esca_subtyping_11class,classification,esca_subtyping_11class,image,classification,not_reported,image_retrieval,retrieval_accuracy_at_5,higher,image_retrieval on ukk_wns_tcga_cha_esca; paper table tab:esca-retrieval; row setting: default setting.,https://arxiv.org/abs/2308.15474,parsed_primary_source,1
unipaper2023.esca_retrieval.default.retrieval_majority_vote_accuracy_at_5,uni_paper,ukk_wns_tcga_cha_esca,esca_subtyping_11class,classification,esca_subtyping_11class,image,classification,not_reported,image_retrieval,retrieval_majority_vote_accuracy_at_5,higher,image_retrieval on ukk_wns_tcga_cha_esca; paper table tab:esca-retrieval; row setting: default setting.,https://arxiv.org/abs/2308.15474,parsed_primary_source,1
unipaper2023.huncrc_retrieval.default.retrieval_accuracy_at_1,uni_paper,huncrc,crc_tissue_9class,classification,crc_tissue_9class,image,classification,not_reported,image_retrieval,retrieval_accuracy_at_1,higher,image_retrieval on huncrc; paper table tab:huncrc-retrieval; row setting: default setting.,https://arxiv.org/abs/2308.15474,parsed_primary_source,1
unipaper2023.huncrc_retrieval.default.retrieval_accuracy_at_3,uni_paper,huncrc,crc_tissue_9class,classification,crc_tissue_9class,image,classification,not_reported,image_retrieval,retrieval_accuracy_at_3,higher,image_retrieval on huncrc; paper table tab:huncrc-retrieval; row setting: default setting.,https://arxiv.org/abs/2308.15474,parsed_primary_source,1
unipaper2023.huncrc_retrieval.default.retrieval_accuracy_at_5,uni_paper,huncrc,crc_tissue_9class,classification,crc_tissue_9class,image,classification,not_reported,image_retrieval,retrieval_accuracy_at_5,higher,image_retrieval on huncrc; paper table tab:huncrc-retrieval; row setting: default setting.,https://arxiv.org/abs/2308.15474,parsed_primary_source,1
unipaper2023.huncrc_retrieval.default.retrieval_majority_vote_accuracy_at_5,uni_paper,huncrc,crc_tissue_9class,classification,crc_tissue_9class,image,classification,not_reported,image_retrieval,retrieval_majority_vote_accuracy_at_5,higher,image_retrieval on huncrc; paper table tab:huncrc-retrieval; row setting: default setting.,https://arxiv.org/abs/2308.15474,parsed_primary_source,1
unipaper2023.patch_aggc_knn.default.one_nn_balanced_accuracy,uni_paper,aggc,prad_tissue_5class,classification,prad_tissue_5class,image,classification,not_reported,knn,one_nn_balanced_accuracy,higher,knn on aggc; paper table tab:patch-aggc-knn; row setting: default setting.,https://arxiv.org/abs/2308.15474,parsed_primary_source,1
unipaper2023.patch_aggc_knn.default.one_nn_weighted_f1,uni_paper,aggc,prad_tissue_5class,classification,prad_tissue_5class,image,classification,not_reported,knn,one_nn_weighted_f1,higher,knn on aggc; paper table tab:patch-aggc-knn; row setting: default setting.,https://arxiv.org/abs/2308.15474,parsed_primary_source,1
unipaper2023.patch_aggc_knn.default.twenty_nn_balanced_accuracy,uni_paper,aggc,prad_tissue_5class,classification,prad_tissue_5class,image,classification,not_reported,knn,twenty_nn_balanced_accuracy,higher,knn on aggc; paper table tab:patch-aggc-knn; row setting: default setting.,https://arxiv.org/abs/2308.15474,parsed_primary_source,1
unipaper2023.patch_aggc_knn.default.twenty_nn_weighted_f1,uni_paper,aggc,prad_tissue_5class,classification,prad_tissue_5class,image,classification,not_reported,knn,twenty_nn_weighted_f1,higher,knn on aggc; paper table tab:patch-aggc-knn; row setting: default setting.,https://arxiv.org/abs/2308.15474,parsed_primary_source,1
unipaper2023.patch_aggc_lin.default.auroc,uni_paper,aggc,prad_tissue_5class,classification,prad_tissue_5class,image,classification,not_reported,linear_probe,auroc,higher,linear_probe on aggc; paper table tab:patch-aggc-lin; row setting: default setting.,https://arxiv.org/abs/2308.15474,parsed_primary_source,1
unipaper2023.patch_aggc_lin.default.balanced_accuracy,uni_paper,aggc,prad_tissue_5class,classification,prad_tissue_5class,image,classification,not_reported,linear_probe,balanced_accuracy,higher,linear_probe on aggc; paper table tab:patch-aggc-lin; row setting: default setting.,https://arxiv.org/abs/2308.15474,parsed_primary_source,1
unipaper2023.patch_aggc_lin.default.weighted_f1,uni_paper,aggc,prad_tissue_5class,classification,prad_tissue_5class,image,classification,not_reported,linear_probe,weighted_f1,higher,linear_probe on aggc; paper table tab:patch-aggc-lin; row setting: default setting.,https://arxiv.org/abs/2308.15474,parsed_primary_source,1
unipaper2023.patch_aggc_lin.default.weighted_kappa,uni_paper,aggc,prad_tissue_5class,classification,prad_tissue_5class,image,classification,not_reported,linear_probe,weighted_kappa,higher,linear_probe on aggc; paper table tab:patch-aggc-lin; row setting: default setting.,https://arxiv.org/abs/2308.15474,parsed_primary_source,1
unipaper2023.patch_bach_knn.1344.one_nn_balanced_accuracy,uni_paper,bach,BACH EVA classification/segmentation,classification,BACH class label,image,classification,not_reported,knn,one_nn_balanced_accuracy,higher,knn on bach; paper table tab:patch-bach-knn; row setting: 1344.,https://arxiv.org/abs/2308.15474,parsed_primary_source,1
unipaper2023.patch_bach_knn.1344.one_nn_weighted_f1,uni_paper,bach,BACH EVA classification/segmentation,classification,BACH class label,image,classification,not_reported,knn,one_nn_weighted_f1,higher,knn on bach; paper table tab:patch-bach-knn; row setting: 1344.,https://arxiv.org/abs/2308.15474,parsed_primary_source,1
unipaper2023.patch_bach_knn.1344.twenty_nn_balanced_accuracy,uni_paper,bach,BACH EVA classification/segmentation,classification,BACH class label,image,classification,not_reported,knn,twenty_nn_balanced_accuracy,higher,knn on bach; paper table tab:patch-bach-knn; row setting: 1344.,https://arxiv.org/abs/2308.15474,parsed_primary_source,1
unipaper2023.patch_bach_knn.1344.twenty_nn_weighted_f1,uni_paper,bach,BACH EVA classification/segmentation,classification,BACH class label,image,classification,not_reported,knn,twenty_nn_weighted_f1,higher,knn on bach; paper table tab:patch-bach-knn; row setting: 1344.,https://arxiv.org/abs/2308.15474,parsed_primary_source,1
unipaper2023.patch_bach_knn.224.one_nn_balanced_accuracy,uni_paper,bach,BACH EVA classification/segmentation,classification,BACH class label,image,classification,not_reported,knn,one_nn_balanced_accuracy,higher,knn on bach; paper table tab:patch-bach-knn; row setting: 224.,https://arxiv.org/abs/2308.15474,parsed_primary_source,1
unipaper2023.patch_bach_knn.224.one_nn_weighted_f1,uni_paper,bach,BACH EVA classification/segmentation,classification,BACH class label,image,classification,not_reported,knn,one_nn_weighted_f1,higher,knn on bach; paper table tab:patch-bach-knn; row setting: 224.,https://arxiv.org/abs/2308.15474,parsed_primary_source,1
unipaper2023.patch_bach_knn.224.twenty_nn_balanced_accuracy,uni_paper,bach,BACH EVA classification/segmentation,classification,BACH class label,image,classification,not_reported,knn,twenty_nn_balanced_accuracy,higher,knn on bach; paper table tab:patch-bach-knn; row setting: 224.,https://arxiv.org/abs/2308.15474,parsed_primary_source,1
unipaper2023.patch_bach_knn.224.twenty_nn_weighted_f1,uni_paper,bach,BACH EVA classification/segmentation,classification,BACH class label,image,classification,not_reported,knn,twenty_nn_weighted_f1,higher,knn on bach; paper table tab:patch-bach-knn; row setting: 224.,https://arxiv.org/abs/2308.15474,parsed_primary_source,1
unipaper2023.patch_bach_knn.448.one_nn_balanced_accuracy,uni_paper,bach,BACH EVA classification/segmentation,classification,BACH class label,image,classification,not_reported,knn,one_nn_balanced_accuracy,higher,knn on bach; paper table tab:patch-bach-knn; row setting: 448.,https://arxiv.org/abs/2308.15474,parsed_primary_source,1
unipaper2023.patch_bach_knn.448.one_nn_weighted_f1,uni_paper,bach,BACH EVA classification/segmentation,classification,BACH class label,image,classification,not_reported,knn,one_nn_weighted_f1,higher,knn on bach; paper table tab:patch-bach-knn; row setting: 448.,https://arxiv.org/abs/2308.15474,parsed_primary_source,1
unipaper2023.patch_bach_knn.448.twenty_nn_balanced_accuracy,uni_paper,bach,BACH EVA classification/segmentation,classification,BACH class label,image,classification,not_reported,knn,twenty_nn_balanced_accuracy,higher,knn on bach; paper table tab:patch-bach-knn; row setting: 448.,https://arxiv.org/abs/2308.15474,parsed_primary_source,1
unipaper2023.patch_bach_knn.448.twenty_nn_weighted_f1,uni_paper,bach,BACH EVA classification/segmentation,classification,BACH class label,image,classification,not_reported,knn,twenty_nn_weighted_f1,higher,knn on bach; paper table tab:patch-bach-knn; row setting: 448.,https://arxiv.org/abs/2308.15474,parsed_primary_source,1
unipaper2023.patch_bach_knn.896.one_nn_balanced_accuracy,uni_paper,bach,BACH EVA classification/segmentation,classification,BACH class label,image,classification,not_reported,knn,one_nn_balanced_accuracy,higher,knn on bach; paper table tab:patch-bach-knn; row setting: 896.,https://arxiv.org/abs/2308.15474,parsed_primary_source,1
unipaper2023.patch_bach_knn.896.one_nn_weighted_f1,uni_paper,bach,BACH EVA classification/segmentation,classification,BACH class label,image,classification,not_reported,knn,one_nn_weighted_f1,higher,knn on bach; paper table tab:patch-bach-knn; row setting: 896.,https://arxiv.org/abs/2308.15474,parsed_primary_source,1
unipaper2023.patch_bach_knn.896.twenty_nn_balanced_accuracy,uni_paper,bach,BACH EVA classification/segmentation,classification,BACH class label,image,classification,not_reported,knn,twenty_nn_balanced_accuracy,higher,knn on bach; paper table tab:patch-bach-knn; row setting: 896.,https://arxiv.org/abs/2308.15474,parsed_primary_source,1
unipaper2023.patch_bach_knn.896.twenty_nn_weighted_f1,uni_paper,bach,BACH EVA classification/segmentation,classification,BACH class label,image,classification,not_reported,knn,twenty_nn_weighted_f1,higher,knn on bach; paper table tab:patch-bach-knn; row setting: 896.,https://arxiv.org/abs/2308.15474,parsed_primary_source,1
unipaper2023.patch_bach_lin.1344.auroc,uni_paper,bach,BACH EVA classification/segmentation,classification,BACH class label,image,classification,not_reported,linear_probe,auroc,higher,linear_probe on bach; paper table tab:patch-bach-lin; row setting: 1344.,https://arxiv.org/abs/2308.15474,parsed_primary_source,1
unipaper2023.patch_bach_lin.1344.balanced_accuracy,uni_paper,bach,BACH EVA classification/segmentation,classification,BACH class label,image,classification,not_reported,linear_probe,balanced_accuracy,higher,linear_probe on bach; paper table tab:patch-bach-lin; row setting: 1344.,https://arxiv.org/abs/2308.15474,parsed_primary_source,1
unipaper2023.patch_bach_lin.1344.weighted_f1,uni_paper,bach,BACH EVA classification/segmentation,classification,BACH class label,image,classification,not_reported,linear_probe,weighted_f1,higher,linear_probe on bach; paper table tab:patch-bach-lin; row setting: 1344.,https://arxiv.org/abs/2308.15474,parsed_primary_source,1
unipaper2023.patch_bach_lin.224.auroc,uni_paper,bach,BACH EVA classification/segmentation,classification,BACH class label,image,classification,not_reported,linear_probe,auroc,higher,linear_probe on bach; paper table tab:patch-bach-lin; row setting: 224.,https://arxiv.org/abs/2308.15474,parsed_primary_source,1
unipaper2023.patch_bach_lin.224.balanced_accuracy,uni_paper,bach,BACH EVA classification/segmentation,classification,BACH class label,image,classification,not_reported,linear_probe,balanced_accuracy,higher,linear_probe on bach; paper table tab:patch-bach-lin; row setting: 224.,https://arxiv.org/abs/2308.15474,parsed_primary_source,1
unipaper2023.patch_bach_lin.224.weighted_f1,uni_paper,bach,BACH EVA classification/segmentation,classification,BACH class label,image,classification,not_reported,linear_probe,weighted_f1,higher,linear_probe on bach; paper table tab:patch-bach-lin; row setting: 224.,https://arxiv.org/abs/2308.15474,parsed_primary_source,1
unipaper2023.patch_bach_lin.448.auroc,uni_paper,bach,BACH EVA classification/segmentation,classification,BACH class label,image,classification,not_reported,linear_probe,auroc,higher,linear_probe on bach; paper table tab:patch-bach-lin; row setting: 448.,https://arxiv.org/abs/2308.15474,parsed_primary_source,1
unipaper2023.patch_bach_lin.448.balanced_accuracy,uni_paper,bach,BACH EVA classification/segmentation,classification,BACH class label,image,classification,not_reported,linear_probe,balanced_accuracy,higher,linear_probe on bach; paper table tab:patch-bach-lin; row setting: 448.,https://arxiv.org/abs/2308.15474,parsed_primary_source,1
unipaper2023.patch_bach_lin.448.weighted_f1,uni_paper,bach,BACH EVA classification/segmentation,classification,BACH class label,image,classification,not_reported,linear_probe,weighted_f1,higher,linear_probe on bach; paper table tab:patch-bach-lin; row setting: 448.,https://arxiv.org/abs/2308.15474,parsed_primary_source,1
unipaper2023.patch_bach_lin.896.auroc,uni_paper,bach,BACH EVA classification/segmentation,classification,BACH class label,image,classification,not_reported,linear_probe,auroc,higher,linear_probe on bach; paper table tab:patch-bach-lin; row setting: 896.,https://arxiv.org/abs/2308.15474,parsed_primary_source,1
unipaper2023.patch_bach_lin.896.balanced_accuracy,uni_paper,bach,BACH EVA classification/segmentation,classification,BACH class label,image,classification,not_reported,linear_probe,balanced_accuracy,higher,linear_probe on bach; paper table tab:patch-bach-lin; row setting: 896.,https://arxiv.org/abs/2308.15474,parsed_primary_source,1
unipaper2023.patch_bach_lin.896.weighted_f1,uni_paper,bach,BACH EVA classification/segmentation,classification,BACH class label,image,classification,not_reported,linear_probe,weighted_f1,higher,linear_probe on bach; paper table tab:patch-bach-lin; row setting: 896.,https://arxiv.org/abs/2308.15474,parsed_primary_source,1
unipaper2023.patch_ccrcc_knn.default.one_nn_balanced_accuracy,uni_paper,ccrcc,ccrcc linear_probing,classification,ccrcc class label,image,classification,27169,knn,one_nn_balanced_accuracy,higher,knn on tcga_hel_ccrcc; paper table tab:patch-ccrcc-knn; row setting: default setting.,https://arxiv.org/abs/2308.15474,parsed_primary_source,1
unipaper2023.patch_ccrcc_knn.default.one_nn_weighted_f1,uni_paper,ccrcc,ccrcc linear_probing,classification,ccrcc class label,image,classification,27169,knn,one_nn_weighted_f1,higher,knn on tcga_hel_ccrcc; paper table tab:patch-ccrcc-knn; row setting: default setting.,https://arxiv.org/abs/2308.15474,parsed_primary_source,1
unipaper2023.patch_ccrcc_knn.default.twenty_nn_balanced_accuracy,uni_paper,ccrcc,ccrcc linear_probing,classification,ccrcc class label,image,classification,27169,knn,twenty_nn_balanced_accuracy,higher,knn on tcga_hel_ccrcc; paper table tab:patch-ccrcc-knn; row setting: default setting.,https://arxiv.org/abs/2308.15474,parsed_primary_source,1
unipaper2023.patch_ccrcc_knn.default.twenty_nn_weighted_f1,uni_paper,ccrcc,ccrcc linear_probing,classification,ccrcc class label,image,classification,27169,knn,twenty_nn_weighted_f1,higher,knn on tcga_hel_ccrcc; paper table tab:patch-ccrcc-knn; row setting: default setting.,https://arxiv.org/abs/2308.15474,parsed_primary_source,1
unipaper2023.patch_ccrcc_lin.default.auroc,uni_paper,ccrcc,ccrcc linear_probing,classification,ccrcc class label,image,classification,27169,linear_probe,auroc,higher,linear_probe on tcga_hel_ccrcc; paper table tab:patch-ccrcc-lin; row setting: default setting.,https://arxiv.org/abs/2308.15474,parsed_primary_source,1
unipaper2023.patch_ccrcc_lin.default.balanced_accuracy,uni_paper,ccrcc,ccrcc linear_probing,classification,ccrcc class label,image,classification,27169,linear_probe,balanced_accuracy,higher,linear_probe on tcga_hel_ccrcc; paper table tab:patch-ccrcc-lin; row setting: default setting.,https://arxiv.org/abs/2308.15474,parsed_primary_source,1
unipaper2023.patch_ccrcc_lin.default.weighted_f1,uni_paper,ccrcc,ccrcc linear_probing,classification,ccrcc class label,image,classification,27169,linear_probe,weighted_f1,higher,linear_probe on tcga_hel_ccrcc; paper table tab:patch-ccrcc-lin; row setting: default setting.,https://arxiv.org/abs/2308.15474,parsed_primary_source,1
unipaper2023.patch_crc100k_knn.default.one_nn_balanced_accuracy,uni_paper,crc,crc linear_probing,classification,CRC-100K nine-class tissue label,image,classification,107180,knn,one_nn_balanced_accuracy,higher,knn on crc100k; paper table tab:patch-crc100k-knn; row setting: default setting.,https://arxiv.org/abs/2308.15474,parsed_primary_source,1
unipaper2023.patch_crc100k_knn.default.one_nn_weighted_f1,uni_paper,crc,crc linear_probing,classification,CRC-100K nine-class tissue label,image,classification,107180,knn,one_nn_weighted_f1,higher,knn on crc100k; paper table tab:patch-crc100k-knn; row setting: default setting.,https://arxiv.org/abs/2308.15474,parsed_primary_source,1
unipaper2023.patch_crc100k_knn.default.twenty_nn_balanced_accuracy,uni_paper,crc,crc linear_probing,classification,CRC-100K nine-class tissue label,image,classification,107180,knn,twenty_nn_balanced_accuracy,higher,knn on crc100k; paper table tab:patch-crc100k-knn; row setting: default setting.,https://arxiv.org/abs/2308.15474,parsed_primary_source,1
unipaper2023.patch_crc100k_knn.default.twenty_nn_weighted_f1,uni_paper,crc,crc linear_probing,classification,CRC-100K nine-class tissue label,image,classification,107180,knn,twenty_nn_weighted_f1,higher,knn on crc100k; paper table tab:patch-crc100k-knn; row setting: default setting.,https://arxiv.org/abs/2308.15474,parsed_primary_source,1
unipaper2023.patch_crc100k_lin.default.auroc,uni_paper,crc,crc linear_probing,classification,CRC-100K nine-class tissue label,image,classification,107180,linear_probe,auroc,higher,linear_probe on crc100k; paper table tab:patch-crc100k-lin; row setting: default setting.,https://arxiv.org/abs/2308.15474,parsed_primary_source,1
unipaper2023.patch_crc100k_lin.default.balanced_accuracy,uni_paper,crc,crc linear_probing,classification,CRC-100K nine-class tissue label,image,classification,107180,linear_probe,balanced_accuracy,higher,linear_probe on crc100k; paper table tab:patch-crc100k-lin; row setting: default setting.,https://arxiv.org/abs/2308.15474,parsed_primary_source,1
unipaper2023.patch_crc100k_lin.default.weighted_f1,uni_paper,crc,crc linear_probing,classification,CRC-100K nine-class tissue label,image,classification,107180,linear_probe,weighted_f1,higher,linear_probe on crc100k; paper table tab:patch-crc100k-lin; row setting: default setting.,https://arxiv.org/abs/2308.15474,parsed_primary_source,1
unipaper2023.patch_esca_knn.default.one_nn_balanced_accuracy,uni_paper,ukk_wns_tcga_cha_esca,esca_subtyping_11class,classification,esca_subtyping_11class,image,classification,not_reported,knn,one_nn_balanced_accuracy,higher,knn on ukk_wns_tcga_cha_esca; paper table tab:patch-esca-knn; row setting: default setting.,https://arxiv.org/abs/2308.15474,parsed_primary_source,1
unipaper2023.patch_esca_knn.default.one_nn_weighted_f1,uni_paper,ukk_wns_tcga_cha_esca,esca_subtyping_11class,classification,esca_subtyping_11class,image,classification,not_reported,knn,one_nn_weighted_f1,higher,knn on ukk_wns_tcga_cha_esca; paper table tab:patch-esca-knn; row setting: default setting.,https://arxiv.org/abs/2308.15474,parsed_primary_source,1
unipaper2023.patch_esca_knn.default.twenty_nn_balanced_accuracy,uni_paper,ukk_wns_tcga_cha_esca,esca_subtyping_11class,classification,esca_subtyping_11class,image,classification,not_reported,knn,twenty_nn_balanced_accuracy,higher,knn on ukk_wns_tcga_cha_esca; paper table tab:patch-esca-knn; row setting: default setting.,https://arxiv.org/abs/2308.15474,parsed_primary_source,1
unipaper2023.patch_esca_knn.default.twenty_nn_weighted_f1,uni_paper,ukk_wns_tcga_cha_esca,esca_subtyping_11class,classification,esca_subtyping_11class,image,classification,not_reported,knn,twenty_nn_weighted_f1,higher,knn on ukk_wns_tcga_cha_esca; paper table tab:patch-esca-knn; row setting: default setting.,https://arxiv.org/abs/2308.15474,parsed_primary_source,1
unipaper2023.patch_esca_lin.default.auroc,uni_paper,ukk_wns_tcga_cha_esca,esca_subtyping_11class,classification,esca_subtyping_11class,image,classification,not_reported,linear_probe,auroc,higher,linear_probe on ukk_wns_tcga_cha_esca; paper table tab:patch-esca-lin; row setting: default setting.,https://arxiv.org/abs/2308.15474,parsed_primary_source,1
unipaper2023.patch_esca_lin.default.balanced_accuracy,uni_paper,ukk_wns_tcga_cha_esca,esca_subtyping_11class,classification,esca_subtyping_11class,image,classification,not_reported,linear_probe,balanced_accuracy,higher,linear_probe on ukk_wns_tcga_cha_esca; paper table tab:patch-esca-lin; row setting: default setting.,https://arxiv.org/abs/2308.15474,parsed_primary_source,1
unipaper2023.patch_esca_lin.default.weighted_f1,uni_paper,ukk_wns_tcga_cha_esca,esca_subtyping_11class,classification,esca_subtyping_11class,image,classification,not_reported,linear_probe,weighted_f1,higher,linear_probe on ukk_wns_tcga_cha_esca; paper table tab:patch-esca-lin; row setting: default setting.,https://arxiv.org/abs/2308.15474,parsed_primary_source,1
unipaper2023.patch_hun_lin.default.auroc,uni_paper,huncrc,crc_tissue_9class,classification,crc_tissue_9class,image,classification,not_reported,linear_probe,auroc,higher,linear_probe on huncrc; paper table tab:patch-hun-lin; row setting: default setting.,https://arxiv.org/abs/2308.15474,parsed_primary_source,1
unipaper2023.patch_hun_lin.default.balanced_accuracy,uni_paper,huncrc,crc_tissue_9class,classification,crc_tissue_9class,image,classification,not_reported,linear_probe,balanced_accuracy,higher,linear_probe on huncrc; paper table tab:patch-hun-lin; row setting: default setting.,https://arxiv.org/abs/2308.15474,parsed_primary_source,1
unipaper2023.patch_hun_lin.default.weighted_f1,uni_paper,huncrc,crc_tissue_9class,classification,crc_tissue_9class,image,classification,not_reported,linear_probe,weighted_f1,higher,linear_probe on huncrc; paper table tab:patch-hun-lin; row setting: default setting.,https://arxiv.org/abs/2308.15474,parsed_primary_source,1
unipaper2023.patch_huncrc_knn.default.one_nn_balanced_accuracy,uni_paper,huncrc,crc_tissue_9class,classification,crc_tissue_9class,image,classification,not_reported,knn,one_nn_balanced_accuracy,higher,knn on huncrc; paper table tab:patch-huncrc-knn; row setting: default setting.,https://arxiv.org/abs/2308.15474,parsed_primary_source,1
unipaper2023.patch_huncrc_knn.default.one_nn_weighted_f1,uni_paper,huncrc,crc_tissue_9class,classification,crc_tissue_9class,image,classification,not_reported,knn,one_nn_weighted_f1,higher,knn on huncrc; paper table tab:patch-huncrc-knn; row setting: default setting.,https://arxiv.org/abs/2308.15474,parsed_primary_source,1
unipaper2023.patch_huncrc_knn.default.twenty_nn_balanced_accuracy,uni_paper,huncrc,crc_tissue_9class,classification,crc_tissue_9class,image,classification,not_reported,knn,twenty_nn_balanced_accuracy,higher,knn on huncrc; paper table tab:patch-huncrc-knn; row setting: default setting.,https://arxiv.org/abs/2308.15474,parsed_primary_source,1
unipaper2023.patch_huncrc_knn.default.twenty_nn_weighted_f1,uni_paper,huncrc,crc_tissue_9class,classification,crc_tissue_9class,image,classification,not_reported,knn,twenty_nn_weighted_f1,higher,knn on huncrc; paper table tab:patch-huncrc-knn; row setting: default setting.,https://arxiv.org/abs/2308.15474,parsed_primary_source,1
unipaper2023.patch_msi_knn.with.one_nn_balanced_accuracy,uni_paper,tcga_crc_msi,tcga_crc_msi linear_probing,classification,tcga_crc_msi class label,image,classification,51918,knn,one_nn_balanced_accuracy,higher,knn on tcga_msi; paper table tab:patch-msi-knn; row setting: \checkmark.,https://arxiv.org/abs/2308.15474,parsed_primary_source,1
unipaper2023.patch_msi_knn.with.one_nn_weighted_f1,uni_paper,tcga_crc_msi,tcga_crc_msi linear_probing,classification,tcga_crc_msi class label,image,classification,51918,knn,one_nn_weighted_f1,higher,knn on tcga_msi; paper table tab:patch-msi-knn; row setting: \checkmark.,https://arxiv.org/abs/2308.15474,parsed_primary_source,1
unipaper2023.patch_msi_knn.with.twenty_nn_balanced_accuracy,uni_paper,tcga_crc_msi,tcga_crc_msi linear_probing,classification,tcga_crc_msi class label,image,classification,51918,knn,twenty_nn_balanced_accuracy,higher,knn on tcga_msi; paper table tab:patch-msi-knn; row setting: \checkmark.,https://arxiv.org/abs/2308.15474,parsed_primary_source,1
unipaper2023.patch_msi_knn.with.twenty_nn_weighted_f1,uni_paper,tcga_crc_msi,tcga_crc_msi linear_probing,classification,tcga_crc_msi class label,image,classification,51918,knn,twenty_nn_weighted_f1,higher,knn on tcga_msi; paper table tab:patch-msi-knn; row setting: \checkmark.,https://arxiv.org/abs/2308.15474,parsed_primary_source,1
unipaper2023.patch_msi_knn.without.one_nn_balanced_accuracy,uni_paper,tcga_crc_msi,tcga_crc_msi linear_probing,classification,tcga_crc_msi class label,image,classification,51918,knn,one_nn_balanced_accuracy,higher,knn on tcga_msi; paper table tab:patch-msi-knn; row setting: \xmark.,https://arxiv.org/abs/2308.15474,parsed_primary_source,1
unipaper2023.patch_msi_knn.without.one_nn_weighted_f1,uni_paper,tcga_crc_msi,tcga_crc_msi linear_probing,classification,tcga_crc_msi class label,image,classification,51918,knn,one_nn_weighted_f1,higher,knn on tcga_msi; paper table tab:patch-msi-knn; row setting: \xmark.,https://arxiv.org/abs/2308.15474,parsed_primary_source,1
unipaper2023.patch_msi_knn.without.twenty_nn_balanced_accuracy,uni_paper,tcga_crc_msi,tcga_crc_msi linear_probing,classification,tcga_crc_msi class label,image,classification,51918,knn,twenty_nn_balanced_accuracy,higher,knn on tcga_msi; paper table tab:patch-msi-knn; row setting: \xmark.,https://arxiv.org/abs/2308.15474,parsed_primary_source,1
unipaper2023.patch_msi_knn.without.twenty_nn_weighted_f1,uni_paper,tcga_crc_msi,tcga_crc_msi linear_probing,classification,tcga_crc_msi class label,image,classification,51918,knn,twenty_nn_weighted_f1,higher,knn on tcga_msi; paper table tab:patch-msi-knn; row setting: \xmark.,https://arxiv.org/abs/2308.15474,parsed_primary_source,1
unipaper2023.patch_msi_lin.with.auroc,uni_paper,tcga_crc_msi,tcga_crc_msi linear_probing,classification,tcga_crc_msi class label,image,classification,51918,linear_probe,auroc,higher,linear_probe on tcga_msi; paper table tab:patch-msi-lin; row setting: \checkmark.,https://arxiv.org/abs/2308.15474,parsed_primary_source,1
unipaper2023.patch_msi_lin.with.balanced_accuracy,uni_paper,tcga_crc_msi,tcga_crc_msi linear_probing,classification,tcga_crc_msi class label,image,classification,51918,linear_probe,balanced_accuracy,higher,linear_probe on tcga_msi; paper table tab:patch-msi-lin; row setting: \checkmark.,https://arxiv.org/abs/2308.15474,parsed_primary_source,1
unipaper2023.patch_msi_lin.with.weighted_f1,uni_paper,tcga_crc_msi,tcga_crc_msi linear_probing,classification,tcga_crc_msi class label,image,classification,51918,linear_probe,weighted_f1,higher,linear_probe on tcga_msi; paper table tab:patch-msi-lin; row setting: \checkmark.,https://arxiv.org/abs/2308.15474,parsed_primary_source,1
unipaper2023.patch_msi_lin.without.auroc,uni_paper,tcga_crc_msi,tcga_crc_msi linear_probing,classification,tcga_crc_msi class label,image,classification,51918,linear_probe,auroc,higher,linear_probe on tcga_msi; paper table tab:patch-msi-lin; row setting: \xmark.,https://arxiv.org/abs/2308.15474,parsed_primary_source,1
unipaper2023.patch_msi_lin.without.balanced_accuracy,uni_paper,tcga_crc_msi,tcga_crc_msi linear_probing,classification,tcga_crc_msi class label,image,classification,51918,linear_probe,balanced_accuracy,higher,linear_probe on tcga_msi; paper table tab:patch-msi-lin; row setting: \xmark.,https://arxiv.org/abs/2308.15474,parsed_primary_source,1
unipaper2023.patch_msi_lin.without.weighted_f1,uni_paper,tcga_crc_msi,tcga_crc_msi linear_probing,classification,tcga_crc_msi class label,image,classification,51918,linear_probe,weighted_f1,higher,linear_probe on tcga_msi; paper table tab:patch-msi-lin; row setting: \xmark.,https://arxiv.org/abs/2308.15474,parsed_primary_source,1
unipaper2023.patch_tcga_tils_knn.with.one_nn_balanced_accuracy,uni_paper,tcga_tils,tcga_tils linear_probing,classification,tcga_tils class label,image,classification,304097,knn,one_nn_balanced_accuracy,higher,knn on tcga_tils; paper table tab:patch-tcga-tils-knn; row setting: \checkmark.,https://arxiv.org/abs/2308.15474,parsed_primary_source,1
unipaper2023.patch_tcga_tils_knn.with.one_nn_weighted_f1,uni_paper,tcga_tils,tcga_tils linear_probing,classification,tcga_tils class label,image,classification,304097,knn,one_nn_weighted_f1,higher,knn on tcga_tils; paper table tab:patch-tcga-tils-knn; row setting: \checkmark.,https://arxiv.org/abs/2308.15474,parsed_primary_source,1
unipaper2023.patch_tcga_tils_knn.with.twenty_nn_balanced_accuracy,uni_paper,tcga_tils,tcga_tils linear_probing,classification,tcga_tils class label,image,classification,304097,knn,twenty_nn_balanced_accuracy,higher,knn on tcga_tils; paper table tab:patch-tcga-tils-knn; row setting: \checkmark.,https://arxiv.org/abs/2308.15474,parsed_primary_source,1
unipaper2023.patch_tcga_tils_knn.with.twenty_nn_weighted_f1,uni_paper,tcga_tils,tcga_tils linear_probing,classification,tcga_tils class label,image,classification,304097,knn,twenty_nn_weighted_f1,higher,knn on tcga_tils; paper table tab:patch-tcga-tils-knn; row setting: \checkmark.,https://arxiv.org/abs/2308.15474,parsed_primary_source,1
unipaper2023.patch_tcga_tils_knn.without.one_nn_balanced_accuracy,uni_paper,tcga_tils,tcga_tils linear_probing,classification,tcga_tils class label,image,classification,304097,knn,one_nn_balanced_accuracy,higher,knn on tcga_tils; paper table tab:patch-tcga-tils-knn; row setting: \xmark.,https://arxiv.org/abs/2308.15474,parsed_primary_source,1
unipaper2023.patch_tcga_tils_knn.without.one_nn_weighted_f1,uni_paper,tcga_tils,tcga_tils linear_probing,classification,tcga_tils class label,image,classification,304097,knn,one_nn_weighted_f1,higher,knn on tcga_tils; paper table tab:patch-tcga-tils-knn; row setting: \xmark.,https://arxiv.org/abs/2308.15474,parsed_primary_source,1
unipaper2023.patch_tcga_tils_knn.without.twenty_nn_balanced_accuracy,uni_paper,tcga_tils,tcga_tils linear_probing,classification,tcga_tils class label,image,classification,304097,knn,twenty_nn_balanced_accuracy,higher,knn on tcga_tils; paper table tab:patch-tcga-tils-knn; row setting: \xmark.,https://arxiv.org/abs/2308.15474,parsed_primary_source,1
unipaper2023.patch_tcga_tils_knn.without.twenty_nn_weighted_f1,uni_paper,tcga_tils,tcga_tils linear_probing,classification,tcga_tils class label,image,classification,304097,knn,twenty_nn_weighted_f1,higher,knn on tcga_tils; paper table tab:patch-tcga-tils-knn; row setting: \xmark.,https://arxiv.org/abs/2308.15474,parsed_primary_source,1
unipaper2023.patch_tcga_tils_lin.with.auroc,uni_paper,tcga_tils,tcga_tils linear_probing,classification,tcga_tils class label,image,classification,304097,linear_probe,auroc,higher,linear_probe on tcga_tils; paper table tab:patch-tcga-tils-lin; row setting: \checkmark.,https://arxiv.org/abs/2308.15474,parsed_primary_source,1
unipaper2023.patch_tcga_tils_lin.with.balanced_accuracy,uni_paper,tcga_tils,tcga_tils linear_probing,classification,tcga_tils class label,image,classification,304097,linear_probe,balanced_accuracy,higher,linear_probe on tcga_tils; paper table tab:patch-tcga-tils-lin; row setting: \checkmark.,https://arxiv.org/abs/2308.15474,parsed_primary_source,1
unipaper2023.patch_tcga_tils_lin.with.weighted_f1,uni_paper,tcga_tils,tcga_tils linear_probing,classification,tcga_tils class label,image,classification,304097,linear_probe,weighted_f1,higher,linear_probe on tcga_tils; paper table tab:patch-tcga-tils-lin; row setting: \checkmark.,https://arxiv.org/abs/2308.15474,parsed_primary_source,1
unipaper2023.patch_tcga_tils_lin.without.auroc,uni_paper,tcga_tils,tcga_tils linear_probing,classification,tcga_tils class label,image,classification,304097,linear_probe,auroc,higher,linear_probe on tcga_tils; paper table tab:patch-tcga-tils-lin; row setting: \xmark.,https://arxiv.org/abs/2308.15474,parsed_primary_source,1
unipaper2023.patch_tcga_tils_lin.without.balanced_accuracy,uni_paper,tcga_tils,tcga_tils linear_probing,classification,tcga_tils class label,image,classification,304097,linear_probe,balanced_accuracy,higher,linear_probe on tcga_tils; paper table tab:patch-tcga-tils-lin; row setting: \xmark.,https://arxiv.org/abs/2308.15474,parsed_primary_source,1
unipaper2023.patch_tcga_tils_lin.without.weighted_f1,uni_paper,tcga_tils,tcga_tils linear_probing,classification,tcga_tils class label,image,classification,304097,linear_probe,weighted_f1,higher,linear_probe on tcga_tils; paper table tab:patch-tcga-tils-lin; row setting: \xmark.,https://arxiv.org/abs/2308.15474,parsed_primary_source,1
unipaper2023.patch_tcga_uniform_knn.with.one_nn_balanced_accuracy,uni_paper,tcga_uniform,tcga_uniform linear_probing,classification,tcga_uniform class label,image,classification,271710,knn,one_nn_balanced_accuracy,higher,knn on tcga_uniform; paper table tab:patch-tcga-uniform-knn; row setting: \checkmark.,https://arxiv.org/abs/2308.15474,parsed_primary_source,1
unipaper2023.patch_tcga_uniform_knn.with.one_nn_weighted_f1,uni_paper,tcga_uniform,tcga_uniform linear_probing,classification,tcga_uniform class label,image,classification,271710,knn,one_nn_weighted_f1,higher,knn on tcga_uniform; paper table tab:patch-tcga-uniform-knn; row setting: \checkmark.,https://arxiv.org/abs/2308.15474,parsed_primary_source,1
unipaper2023.patch_tcga_uniform_knn.with.twenty_nn_balanced_accuracy,uni_paper,tcga_uniform,tcga_uniform linear_probing,classification,tcga_uniform class label,image,classification,271710,knn,twenty_nn_balanced_accuracy,higher,knn on tcga_uniform; paper table tab:patch-tcga-uniform-knn; row setting: \checkmark.,https://arxiv.org/abs/2308.15474,parsed_primary_source,1
unipaper2023.patch_tcga_uniform_knn.with.twenty_nn_weighted_f1,uni_paper,tcga_uniform,tcga_uniform linear_probing,classification,tcga_uniform class label,image,classification,271710,knn,twenty_nn_weighted_f1,higher,knn on tcga_uniform; paper table tab:patch-tcga-uniform-knn; row setting: \checkmark.,https://arxiv.org/abs/2308.15474,parsed_primary_source,1
unipaper2023.patch_tcga_uniform_knn.without.one_nn_balanced_accuracy,uni_paper,tcga_uniform,tcga_uniform linear_probing,classification,tcga_uniform class label,image,classification,271710,knn,one_nn_balanced_accuracy,higher,knn on tcga_uniform; paper table tab:patch-tcga-uniform-knn; row setting: \xmark.,https://arxiv.org/abs/2308.15474,parsed_primary_source,1
unipaper2023.patch_tcga_uniform_knn.without.one_nn_weighted_f1,uni_paper,tcga_uniform,tcga_uniform linear_probing,classification,tcga_uniform class label,image,classification,271710,knn,one_nn_weighted_f1,higher,knn on tcga_uniform; paper table tab:patch-tcga-uniform-knn; row setting: \xmark.,https://arxiv.org/abs/2308.15474,parsed_primary_source,1
unipaper2023.patch_tcga_uniform_knn.without.twenty_nn_balanced_accuracy,uni_paper,tcga_uniform,tcga_uniform linear_probing,classification,tcga_uniform class label,image,classification,271710,knn,twenty_nn_balanced_accuracy,higher,knn on tcga_uniform; paper table tab:patch-tcga-uniform-knn; row setting: \xmark.,https://arxiv.org/abs/2308.15474,parsed_primary_source,1
unipaper2023.patch_tcga_uniform_knn.without.twenty_nn_weighted_f1,uni_paper,tcga_uniform,tcga_uniform linear_probing,classification,tcga_uniform class label,image,classification,271710,knn,twenty_nn_weighted_f1,higher,knn on tcga_uniform; paper table tab:patch-tcga-uniform-knn; row setting: \xmark.,https://arxiv.org/abs/2308.15474,parsed_primary_source,1
unipaper2023.patch_tcga_uniform_lin.with.auroc,uni_paper,tcga_uniform,tcga_uniform linear_probing,classification,tcga_uniform class label,image,classification,271710,linear_probe,auroc,higher,linear_probe on tcga_uniform; paper table tab:patch-tcga-uniform-lin; row setting: \checkmark.,https://arxiv.org/abs/2308.15474,parsed_primary_source,1
unipaper2023.patch_tcga_uniform_lin.with.balanced_accuracy,uni_paper,tcga_uniform,tcga_uniform linear_probing,classification,tcga_uniform class label,image,classification,271710,linear_probe,balanced_accuracy,higher,linear_probe on tcga_uniform; paper table tab:patch-tcga-uniform-lin; row setting: \checkmark.,https://arxiv.org/abs/2308.15474,parsed_primary_source,1
unipaper2023.patch_tcga_uniform_lin.with.weighted_f1,uni_paper,tcga_uniform,tcga_uniform linear_probing,classification,tcga_uniform class label,image,classification,271710,linear_probe,weighted_f1,higher,linear_probe on tcga_uniform; paper table tab:patch-tcga-uniform-lin; row setting: \checkmark.,https://arxiv.org/abs/2308.15474,parsed_primary_source,1
unipaper2023.patch_tcga_uniform_lin.without.auroc,uni_paper,tcga_uniform,tcga_uniform linear_probing,classification,tcga_uniform class label,image,classification,271710,linear_probe,auroc,higher,linear_probe on tcga_uniform; paper table tab:patch-tcga-uniform-lin; row setting: \xmark.,https://arxiv.org/abs/2308.15474,parsed_primary_source,1
unipaper2023.patch_tcga_uniform_lin.without.balanced_accuracy,uni_paper,tcga_uniform,tcga_uniform linear_probing,classification,tcga_uniform class label,image,classification,271710,linear_probe,balanced_accuracy,higher,linear_probe on tcga_uniform; paper table tab:patch-tcga-uniform-lin; row setting: \xmark.,https://arxiv.org/abs/2308.15474,parsed_primary_source,1
unipaper2023.patch_tcga_uniform_lin.without.weighted_f1,uni_paper,tcga_uniform,tcga_uniform linear_probing,classification,tcga_uniform class label,image,classification,271710,linear_probe,weighted_f1,higher,linear_probe on tcga_uniform; paper table tab:patch-tcga-uniform-lin; row setting: \xmark.,https://arxiv.org/abs/2308.15474,parsed_primary_source,1
unipaper2023.patch_unitopatho_knn.1792.one_nn_balanced_accuracy,uni_paper,unitopatho,unitopatho classification,classification,unitopatho classification target,image,classification,not_reported,knn,one_nn_balanced_accuracy,higher,knn on unitopatho; paper table tab:patch-unitopatho-knn; row setting: 1792.,https://arxiv.org/abs/2308.15474,parsed_primary_source,1
unipaper2023.patch_unitopatho_knn.1792.one_nn_weighted_f1,uni_paper,unitopatho,unitopatho classification,classification,unitopatho classification target,image,classification,not_reported,knn,one_nn_weighted_f1,higher,knn on unitopatho; paper table tab:patch-unitopatho-knn; row setting: 1792.,https://arxiv.org/abs/2308.15474,parsed_primary_source,1
unipaper2023.patch_unitopatho_knn.1792.twenty_nn_balanced_accuracy,uni_paper,unitopatho,unitopatho classification,classification,unitopatho classification target,image,classification,not_reported,knn,twenty_nn_balanced_accuracy,higher,knn on unitopatho; paper table tab:patch-unitopatho-knn; row setting: 1792.,https://arxiv.org/abs/2308.15474,parsed_primary_source,1
unipaper2023.patch_unitopatho_knn.1792.twenty_nn_weighted_f1,uni_paper,unitopatho,unitopatho classification,classification,unitopatho classification target,image,classification,not_reported,knn,twenty_nn_weighted_f1,higher,knn on unitopatho; paper table tab:patch-unitopatho-knn; row setting: 1792.,https://arxiv.org/abs/2308.15474,parsed_primary_source,1
unipaper2023.patch_unitopatho_knn.224.one_nn_balanced_accuracy,uni_paper,unitopatho,unitopatho classification,classification,unitopatho classification target,image,classification,not_reported,knn,one_nn_balanced_accuracy,higher,knn on unitopatho; paper table tab:patch-unitopatho-knn; row setting: 224.,https://arxiv.org/abs/2308.15474,parsed_primary_source,1
unipaper2023.patch_unitopatho_knn.224.one_nn_weighted_f1,uni_paper,unitopatho,unitopatho classification,classification,unitopatho classification target,image,classification,not_reported,knn,one_nn_weighted_f1,higher,knn on unitopatho; paper table tab:patch-unitopatho-knn; row setting: 224.,https://arxiv.org/abs/2308.15474,parsed_primary_source,1
unipaper2023.patch_unitopatho_knn.224.twenty_nn_balanced_accuracy,uni_paper,unitopatho,unitopatho classification,classification,unitopatho classification target,image,classification,not_reported,knn,twenty_nn_balanced_accuracy,higher,knn on unitopatho; paper table tab:patch-unitopatho-knn; row setting: 224.,https://arxiv.org/abs/2308.15474,parsed_primary_source,1
unipaper2023.patch_unitopatho_knn.224.twenty_nn_weighted_f1,uni_paper,unitopatho,unitopatho classification,classification,unitopatho classification target,image,classification,not_reported,knn,twenty_nn_weighted_f1,higher,knn on unitopatho; paper table tab:patch-unitopatho-knn; row setting: 224.,https://arxiv.org/abs/2308.15474,parsed_primary_source,1
unipaper2023.patch_unitopatho_knn.448.one_nn_balanced_accuracy,uni_paper,unitopatho,unitopatho classification,classification,unitopatho classification target,image,classification,not_reported,knn,one_nn_balanced_accuracy,higher,knn on unitopatho; paper table tab:patch-unitopatho-knn; row setting: 448.,https://arxiv.org/abs/2308.15474,parsed_primary_source,1
unipaper2023.patch_unitopatho_knn.448.one_nn_weighted_f1,uni_paper,unitopatho,unitopatho classification,classification,unitopatho classification target,image,classification,not_reported,knn,one_nn_weighted_f1,higher,knn on unitopatho; paper table tab:patch-unitopatho-knn; row setting: 448.,https://arxiv.org/abs/2308.15474,parsed_primary_source,1
unipaper2023.patch_unitopatho_knn.448.twenty_nn_balanced_accuracy,uni_paper,unitopatho,unitopatho classification,classification,unitopatho classification target,image,classification,not_reported,knn,twenty_nn_balanced_accuracy,higher,knn on unitopatho; paper table tab:patch-unitopatho-knn; row setting: 448.,https://arxiv.org/abs/2308.15474,parsed_primary_source,1
unipaper2023.patch_unitopatho_knn.448.twenty_nn_weighted_f1,uni_paper,unitopatho,unitopatho classification,classification,unitopatho classification target,image,classification,not_reported,knn,twenty_nn_weighted_f1,higher,knn on unitopatho; paper table tab:patch-unitopatho-knn; row setting: 448.,https://arxiv.org/abs/2308.15474,parsed_primary_source,1
unipaper2023.patch_unitopatho_knn.896.one_nn_balanced_accuracy,uni_paper,unitopatho,unitopatho classification,classification,unitopatho classification target,image,classification,not_reported,knn,one_nn_balanced_accuracy,higher,knn on unitopatho; paper table tab:patch-unitopatho-knn; row setting: 896.,https://arxiv.org/abs/2308.15474,parsed_primary_source,1
unipaper2023.patch_unitopatho_knn.896.one_nn_weighted_f1,uni_paper,unitopatho,unitopatho classification,classification,unitopatho classification target,image,classification,not_reported,knn,one_nn_weighted_f1,higher,knn on unitopatho; paper table tab:patch-unitopatho-knn; row setting: 896.,https://arxiv.org/abs/2308.15474,parsed_primary_source,1
unipaper2023.patch_unitopatho_knn.896.twenty_nn_balanced_accuracy,uni_paper,unitopatho,unitopatho classification,classification,unitopatho classification target,image,classification,not_reported,knn,twenty_nn_balanced_accuracy,higher,knn on unitopatho; paper table tab:patch-unitopatho-knn; row setting: 896.,https://arxiv.org/abs/2308.15474,parsed_primary_source,1
unipaper2023.patch_unitopatho_knn.896.twenty_nn_weighted_f1,uni_paper,unitopatho,unitopatho classification,classification,unitopatho classification target,image,classification,not_reported,knn,twenty_nn_weighted_f1,higher,knn on unitopatho; paper table tab:patch-unitopatho-knn; row setting: 896.,https://arxiv.org/abs/2308.15474,parsed_primary_source,1
unipaper2023.patch_unitopatho_lin.1792.auroc,uni_paper,unitopatho,unitopatho classification,classification,unitopatho classification target,image,classification,not_reported,linear_probe,auroc,higher,linear_probe on unitopatho; paper table tab:patch-unitopatho-lin; row setting: 1792.,https://arxiv.org/abs/2308.15474,parsed_primary_source,1
unipaper2023.patch_unitopatho_lin.1792.balanced_accuracy,uni_paper,unitopatho,unitopatho classification,classification,unitopatho classification target,image,classification,not_reported,linear_probe,balanced_accuracy,higher,linear_probe on unitopatho; paper table tab:patch-unitopatho-lin; row setting: 1792.,https://arxiv.org/abs/2308.15474,parsed_primary_source,1
unipaper2023.patch_unitopatho_lin.1792.weighted_f1,uni_paper,unitopatho,unitopatho classification,classification,unitopatho classification target,image,classification,not_reported,linear_probe,weighted_f1,higher,linear_probe on unitopatho; paper table tab:patch-unitopatho-lin; row setting: 1792.,https://arxiv.org/abs/2308.15474,parsed_primary_source,1
unipaper2023.patch_unitopatho_lin.224.auroc,uni_paper,unitopatho,unitopatho classification,classification,unitopatho classification target,image,classification,not_reported,linear_probe,auroc,higher,linear_probe on unitopatho; paper table tab:patch-unitopatho-lin; row setting: 224.,https://arxiv.org/abs/2308.15474,parsed_primary_source,1
unipaper2023.patch_unitopatho_lin.224.balanced_accuracy,uni_paper,unitopatho,unitopatho classification,classification,unitopatho classification target,image,classification,not_reported,linear_probe,balanced_accuracy,higher,linear_probe on unitopatho; paper table tab:patch-unitopatho-lin; row setting: 224.,https://arxiv.org/abs/2308.15474,parsed_primary_source,1
unipaper2023.patch_unitopatho_lin.224.weighted_f1,uni_paper,unitopatho,unitopatho classification,classification,unitopatho classification target,image,classification,not_reported,linear_probe,weighted_f1,higher,linear_probe on unitopatho; paper table tab:patch-unitopatho-lin; row setting: 224.,https://arxiv.org/abs/2308.15474,parsed_primary_source,1
unipaper2023.patch_unitopatho_lin.448.auroc,uni_paper,unitopatho,unitopatho classification,classification,unitopatho classification target,image,classification,not_reported,linear_probe,auroc,higher,linear_probe on unitopatho; paper table tab:patch-unitopatho-lin; row setting: 448.,https://arxiv.org/abs/2308.15474,parsed_primary_source,1
unipaper2023.patch_unitopatho_lin.448.balanced_accuracy,uni_paper,unitopatho,unitopatho classification,classification,unitopatho classification target,image,classification,not_reported,linear_probe,balanced_accuracy,higher,linear_probe on unitopatho; paper table tab:patch-unitopatho-lin; row setting: 448.,https://arxiv.org/abs/2308.15474,parsed_primary_source,1
unipaper2023.patch_unitopatho_lin.448.weighted_f1,uni_paper,unitopatho,unitopatho classification,classification,unitopatho classification target,image,classification,not_reported,linear_probe,weighted_f1,higher,linear_probe on unitopatho; paper table tab:patch-unitopatho-lin; row setting: 448.,https://arxiv.org/abs/2308.15474,parsed_primary_source,1
unipaper2023.patch_unitopatho_lin.896.auroc,uni_paper,unitopatho,unitopatho classification,classification,unitopatho classification target,image,classification,not_reported,linear_probe,auroc,higher,linear_probe on unitopatho; paper table tab:patch-unitopatho-lin; row setting: 896.,https://arxiv.org/abs/2308.15474,parsed_primary_source,1
unipaper2023.patch_unitopatho_lin.896.balanced_accuracy,uni_paper,unitopatho,unitopatho classification,classification,unitopatho classification target,image,classification,not_reported,linear_probe,balanced_accuracy,higher,linear_probe on unitopatho; paper table tab:patch-unitopatho-lin; row setting: 896.,https://arxiv.org/abs/2308.15474,parsed_primary_source,1
unipaper2023.patch_unitopatho_lin.896.weighted_f1,uni_paper,unitopatho,unitopatho classification,classification,unitopatho classification target,image,classification,not_reported,linear_probe,weighted_f1,higher,linear_probe on unitopatho; paper table tab:patch-unitopatho-lin; row setting: 896.,https://arxiv.org/abs/2308.15474,parsed_primary_source,1
unipaper2023.proto_nsclc.cptac.5.balanced_accuracy,uni_paper,tcga_cptac_nsclc_cptac,nsclc_subtyping_2class,classification,nsclc_subtyping_2class,slide,classification,not_reported,mi_simpleshot,balanced_accuracy,higher,"mi_simpleshot on tcga_cptac_nsclc_cptac; paper table tab:proto-nsclc; row setting: CPTAC, 5.",https://arxiv.org/abs/2308.15474,parsed_primary_source,1
unipaper2023.proto_nsclc.cptac.5.weighted_f1,uni_paper,tcga_cptac_nsclc_cptac,nsclc_subtyping_2class,classification,nsclc_subtyping_2class,slide,classification,not_reported,mi_simpleshot,weighted_f1,higher,"mi_simpleshot on tcga_cptac_nsclc_cptac; paper table tab:proto-nsclc; row setting: CPTAC, 5.",https://arxiv.org/abs/2308.15474,parsed_primary_source,1
unipaper2023.proto_nsclc.cptac.50.balanced_accuracy,uni_paper,tcga_cptac_nsclc_cptac,nsclc_subtyping_2class,classification,nsclc_subtyping_2class,slide,classification,not_reported,mi_simpleshot,balanced_accuracy,higher,"mi_simpleshot on tcga_cptac_nsclc_cptac; paper table tab:proto-nsclc; row setting: CPTAC, 50.",https://arxiv.org/abs/2308.15474,parsed_primary_source,1
unipaper2023.proto_nsclc.cptac.50.weighted_f1,uni_paper,tcga_cptac_nsclc_cptac,nsclc_subtyping_2class,classification,nsclc_subtyping_2class,slide,classification,not_reported,mi_simpleshot,weighted_f1,higher,"mi_simpleshot on tcga_cptac_nsclc_cptac; paper table tab:proto-nsclc; row setting: CPTAC, 50.",https://arxiv.org/abs/2308.15474,parsed_primary_source,1
unipaper2023.proto_nsclc.tcga.5.balanced_accuracy,uni_paper,tcga_cptac_nsclc_tcga,nsclc_subtyping_2class,classification,nsclc_subtyping_2class,slide,classification,not_reported,mi_simpleshot,balanced_accuracy,higher,"mi_simpleshot on tcga_cptac_nsclc_tcga; paper table tab:proto-nsclc; row setting: TCGA, 5.",https://arxiv.org/abs/2308.15474,parsed_primary_source,1
unipaper2023.proto_nsclc.tcga.5.weighted_f1,uni_paper,tcga_cptac_nsclc_tcga,nsclc_subtyping_2class,classification,nsclc_subtyping_2class,slide,classification,not_reported,mi_simpleshot,weighted_f1,higher,"mi_simpleshot on tcga_cptac_nsclc_tcga; paper table tab:proto-nsclc; row setting: TCGA, 5.",https://arxiv.org/abs/2308.15474,parsed_primary_source,1
unipaper2023.proto_nsclc.tcga.50.balanced_accuracy,uni_paper,tcga_cptac_nsclc_tcga,nsclc_subtyping_2class,classification,nsclc_subtyping_2class,slide,classification,not_reported,mi_simpleshot,balanced_accuracy,higher,"mi_simpleshot on tcga_cptac_nsclc_tcga; paper table tab:proto-nsclc; row setting: TCGA, 50.",https://arxiv.org/abs/2308.15474,parsed_primary_source,1
unipaper2023.proto_nsclc.tcga.50.weighted_f1,uni_paper,tcga_cptac_nsclc_tcga,nsclc_subtyping_2class,classification,nsclc_subtyping_2class,slide,classification,not_reported,mi_simpleshot,weighted_f1,higher,"mi_simpleshot on tcga_cptac_nsclc_tcga; paper table tab:proto-nsclc; row setting: TCGA, 50.",https://arxiv.org/abs/2308.15474,parsed_primary_source,1
unipaper2023.proto_rcc.cptac.5.balanced_accuracy,uni_paper,tcga_cptac_dhmc_rcc_cptac,rcc_subtyping_3class,classification,rcc_subtyping_3class,slide,classification,not_reported,mi_simpleshot,balanced_accuracy,higher,"mi_simpleshot on tcga_cptac_dhmc_rcc_cptac; paper table tab:proto-rcc; row setting: CPTAC, 5.",https://arxiv.org/abs/2308.15474,parsed_primary_source,1
unipaper2023.proto_rcc.cptac.5.weighted_f1,uni_paper,tcga_cptac_dhmc_rcc_cptac,rcc_subtyping_3class,classification,rcc_subtyping_3class,slide,classification,not_reported,mi_simpleshot,weighted_f1,higher,"mi_simpleshot on tcga_cptac_dhmc_rcc_cptac; paper table tab:proto-rcc; row setting: CPTAC, 5.",https://arxiv.org/abs/2308.15474,parsed_primary_source,1
unipaper2023.proto_rcc.cptac.50.balanced_accuracy,uni_paper,tcga_cptac_dhmc_rcc_cptac,rcc_subtyping_3class,classification,rcc_subtyping_3class,slide,classification,not_reported,mi_simpleshot,balanced_accuracy,higher,"mi_simpleshot on tcga_cptac_dhmc_rcc_cptac; paper table tab:proto-rcc; row setting: CPTAC, 50.",https://arxiv.org/abs/2308.15474,parsed_primary_source,1
unipaper2023.proto_rcc.cptac.50.weighted_f1,uni_paper,tcga_cptac_dhmc_rcc_cptac,rcc_subtyping_3class,classification,rcc_subtyping_3class,slide,classification,not_reported,mi_simpleshot,weighted_f1,higher,"mi_simpleshot on tcga_cptac_dhmc_rcc_cptac; paper table tab:proto-rcc; row setting: CPTAC, 50.",https://arxiv.org/abs/2308.15474,parsed_primary_source,1
unipaper2023.proto_rcc.tcga.5.balanced_accuracy,uni_paper,tcga_cptac_dhmc_rcc_tcga,rcc_subtyping_3class,classification,rcc_subtyping_3class,slide,classification,not_reported,mi_simpleshot,balanced_accuracy,higher,"mi_simpleshot on tcga_cptac_dhmc_rcc_tcga; paper table tab:proto-rcc; row setting: TCGA, 5.",https://arxiv.org/abs/2308.15474,parsed_primary_source,1
unipaper2023.proto_rcc.tcga.5.weighted_f1,uni_paper,tcga_cptac_dhmc_rcc_tcga,rcc_subtyping_3class,classification,rcc_subtyping_3class,slide,classification,not_reported,mi_simpleshot,weighted_f1,higher,"mi_simpleshot on tcga_cptac_dhmc_rcc_tcga; paper table tab:proto-rcc; row setting: TCGA, 5.",https://arxiv.org/abs/2308.15474,parsed_primary_source,1
unipaper2023.proto_rcc.tcga.50.balanced_accuracy,uni_paper,tcga_cptac_dhmc_rcc_tcga,rcc_subtyping_3class,classification,rcc_subtyping_3class,slide,classification,not_reported,mi_simpleshot,balanced_accuracy,higher,"mi_simpleshot on tcga_cptac_dhmc_rcc_tcga; paper table tab:proto-rcc; row setting: TCGA, 50.",https://arxiv.org/abs/2308.15474,parsed_primary_source,1
unipaper2023.proto_rcc.tcga.50.weighted_f1,uni_paper,tcga_cptac_dhmc_rcc_tcga,rcc_subtyping_3class,classification,rcc_subtyping_3class,slide,classification,not_reported,mi_simpleshot,weighted_f1,higher,"mi_simpleshot on tcga_cptac_dhmc_rcc_tcga; paper table tab:proto-rcc; row setting: TCGA, 50.",https://arxiv.org/abs/2308.15474,parsed_primary_source,1
unipaper2023.slide_bracs_c.default.auroc,uni_paper,bracs,slidelevel_coarse,morphological_subtyping,slidelevel_coarse,slide,classification,547,abmil,auroc,higher,abmil on bracs; paper table tab:slide-bracs-c; row setting: default setting.,https://arxiv.org/abs/2308.15474,parsed_primary_source,1
unipaper2023.slide_bracs_c.default.balanced_accuracy,uni_paper,bracs,slidelevel_coarse,morphological_subtyping,slidelevel_coarse,slide,classification,547,abmil,balanced_accuracy,higher,abmil on bracs; paper table tab:slide-bracs-c; row setting: default setting.,https://arxiv.org/abs/2308.15474,parsed_primary_source,1
unipaper2023.slide_bracs_c.default.weighted_f1,uni_paper,bracs,slidelevel_coarse,morphological_subtyping,slidelevel_coarse,slide,classification,547,abmil,weighted_f1,higher,abmil on bracs; paper table tab:slide-bracs-c; row setting: default setting.,https://arxiv.org/abs/2308.15474,parsed_primary_source,1
unipaper2023.slide_bracs_f.default.auroc,uni_paper,bracs,slidelevel_fine,morphological_subtyping,slidelevel_fine,slide,classification,547,abmil,auroc,higher,abmil on bracs; paper table tab:slide-bracs-f; row setting: default setting.,https://arxiv.org/abs/2308.15474,parsed_primary_source,1
unipaper2023.slide_bracs_f.default.balanced_accuracy,uni_paper,bracs,slidelevel_fine,morphological_subtyping,slidelevel_fine,slide,classification,547,abmil,balanced_accuracy,higher,abmil on bracs; paper table tab:slide-bracs-f; row setting: default setting.,https://arxiv.org/abs/2308.15474,parsed_primary_source,1
unipaper2023.slide_bracs_f.default.weighted_f1,uni_paper,bracs,slidelevel_fine,morphological_subtyping,slidelevel_fine,slide,classification,547,abmil,weighted_f1,higher,abmil on bracs; paper table tab:slide-bracs-f; row setting: default setting.,https://arxiv.org/abs/2308.15474,parsed_primary_source,1
unipaper2023.slide_c16.default.auroc,uni_paper,camelyon16,Cam16 EVA classification/segmentation,classification,Cam16 class label,slide,classification,not_reported,abmil,auroc,higher,abmil on camelyon16; paper table tab:slide-c16; row setting: default setting.,https://arxiv.org/abs/2308.15474,parsed_primary_source,1
unipaper2023.slide_c16.default.balanced_accuracy,uni_paper,camelyon16,Cam16 EVA classification/segmentation,classification,Cam16 class label,slide,classification,not_reported,abmil,balanced_accuracy,higher,abmil on camelyon16; paper table tab:slide-c16; row setting: default setting.,https://arxiv.org/abs/2308.15474,parsed_primary_source,1
unipaper2023.slide_c16.default.weighted_f1,uni_paper,camelyon16,Cam16 EVA classification/segmentation,classification,Cam16 class label,slide,classification,not_reported,abmil,weighted_f1,higher,abmil on camelyon16; paper table tab:slide-c16; row setting: default setting.,https://arxiv.org/abs/2308.15474,parsed_primary_source,1
unipaper2023.slide_dhmc.default.auroc,uni_paper,dhmc_kidney,rcc_subtyping_5class,classification,rcc_subtyping_5class,slide,classification,not_reported,abmil,auroc,higher,abmil on dhmc_kidney; paper table tab:slide-dhmc; row setting: default setting.,https://arxiv.org/abs/2308.15474,parsed_primary_source,1
unipaper2023.slide_dhmc.default.balanced_accuracy,uni_paper,dhmc_kidney,rcc_subtyping_5class,classification,rcc_subtyping_5class,slide,classification,not_reported,abmil,balanced_accuracy,higher,abmil on dhmc_kidney; paper table tab:slide-dhmc; row setting: default setting.,https://arxiv.org/abs/2308.15474,parsed_primary_source,1
unipaper2023.slide_dhmc.default.weighted_f1,uni_paper,dhmc_kidney,rcc_subtyping_5class,classification,rcc_subtyping_5class,slide,classification,not_reported,abmil,weighted_f1,higher,abmil on dhmc_kidney; paper table tab:slide-dhmc; row setting: default setting.,https://arxiv.org/abs/2308.15474,parsed_primary_source,1
unipaper2023.slide_ebrains_c.default.auroc,uni_paper,ebrains,brain_tumor_12class,classification,brain_tumor_12class,slide,classification,not_reported,abmil,auroc,higher,abmil on ebrains; paper table tab:slide-ebrains-c; row setting: default setting.,https://arxiv.org/abs/2308.15474,parsed_primary_source,1
unipaper2023.slide_ebrains_c.default.balanced_accuracy,uni_paper,ebrains,brain_tumor_12class,classification,brain_tumor_12class,slide,classification,not_reported,abmil,balanced_accuracy,higher,abmil on ebrains; paper table tab:slide-ebrains-c; row setting: default setting.,https://arxiv.org/abs/2308.15474,parsed_primary_source,1
unipaper2023.slide_ebrains_c.default.weighted_f1,uni_paper,ebrains,brain_tumor_12class,classification,brain_tumor_12class,slide,classification,not_reported,abmil,weighted_f1,higher,abmil on ebrains; paper table tab:slide-ebrains-c; row setting: default setting.,https://arxiv.org/abs/2308.15474,parsed_primary_source,1
unipaper2023.slide_ebrains_f.default.auroc,uni_paper,ebrains,brain_tumor_30class,classification,brain_tumor_30class,slide,classification,not_reported,abmil,auroc,higher,abmil on ebrains; paper table tab:slide-ebrains-f; row setting: default setting.,https://arxiv.org/abs/2308.15474,parsed_primary_source,1
unipaper2023.slide_ebrains_f.default.balanced_accuracy,uni_paper,ebrains,brain_tumor_30class,classification,brain_tumor_30class,slide,classification,not_reported,abmil,balanced_accuracy,higher,abmil on ebrains; paper table tab:slide-ebrains-f; row setting: default setting.,https://arxiv.org/abs/2308.15474,parsed_primary_source,1
unipaper2023.slide_ebrains_f.default.weighted_f1,uni_paper,ebrains,brain_tumor_30class,classification,brain_tumor_30class,slide,classification,not_reported,abmil,weighted_f1,higher,abmil on ebrains; paper table tab:slide-ebrains-f; row setting: default setting.,https://arxiv.org/abs/2308.15474,parsed_primary_source,1
unipaper2023.slide_huncrc.default.auroc,uni_paper,huncrc,crc_screening_4class,classification,crc_screening_4class,slide,classification,not_reported,abmil,auroc,higher,abmil on huncrc; paper table tab:slide-huncrc; row setting: default setting.,https://arxiv.org/abs/2308.15474,parsed_primary_source,1
unipaper2023.slide_huncrc.default.balanced_accuracy,uni_paper,huncrc,crc_screening_4class,classification,crc_screening_4class,slide,classification,not_reported,abmil,balanced_accuracy,higher,abmil on huncrc; paper table tab:slide-huncrc; row setting: default setting.,https://arxiv.org/abs/2308.15474,parsed_primary_source,1
unipaper2023.slide_huncrc.default.weighted_f1,uni_paper,huncrc,crc_screening_4class,classification,crc_screening_4class,slide,classification,not_reported,abmil,weighted_f1,higher,abmil on huncrc; paper table tab:slide-huncrc; row setting: default setting.,https://arxiv.org/abs/2308.15474,parsed_primary_source,1
unipaper2023.slide_idh.ebrains.auroc,uni_paper,tcga_ebrains_ebrains,idh1_mutation_2class,classification,idh1_mutation_2class,slide,classification,not_reported,abmil,auroc,higher,abmil on tcga_ebrains_ebrains; paper table tab:slide-idh; row setting: EBRAINS.,https://arxiv.org/abs/2308.15474,parsed_primary_source,1
unipaper2023.slide_idh.ebrains.balanced_accuracy,uni_paper,tcga_ebrains_ebrains,idh1_mutation_2class,classification,idh1_mutation_2class,slide,classification,not_reported,abmil,balanced_accuracy,higher,abmil on tcga_ebrains_ebrains; paper table tab:slide-idh; row setting: EBRAINS.,https://arxiv.org/abs/2308.15474,parsed_primary_source,1
unipaper2023.slide_idh.ebrains.weighted_f1,uni_paper,tcga_ebrains_ebrains,idh1_mutation_2class,classification,idh1_mutation_2class,slide,classification,not_reported,abmil,weighted_f1,higher,abmil on tcga_ebrains_ebrains; paper table tab:slide-idh; row setting: EBRAINS.,https://arxiv.org/abs/2308.15474,parsed_primary_source,1
unipaper2023.slide_idh.tcga.auroc,uni_paper,tcga_ebrains_tcga,idh1_mutation_2class,classification,idh1_mutation_2class,slide,classification,not_reported,abmil,auroc,higher,abmil on tcga_ebrains_tcga; paper table tab:slide-idh; row setting: TCGA.,https://arxiv.org/abs/2308.15474,parsed_primary_source,1
unipaper2023.slide_idh.tcga.balanced_accuracy,uni_paper,tcga_ebrains_tcga,idh1_mutation_2class,classification,idh1_mutation_2class,slide,classification,not_reported,abmil,balanced_accuracy,higher,abmil on tcga_ebrains_tcga; paper table tab:slide-idh; row setting: TCGA.,https://arxiv.org/abs/2308.15474,parsed_primary_source,1
unipaper2023.slide_idh.tcga.weighted_f1,uni_paper,tcga_ebrains_tcga,idh1_mutation_2class,classification,idh1_mutation_2class,slide,classification,not_reported,abmil,weighted_f1,higher,abmil on tcga_ebrains_tcga; paper table tab:slide-idh; row setting: TCGA.,https://arxiv.org/abs/2308.15474,parsed_primary_source,1
unipaper2023.slide_molsub.ebrains.auroc,uni_paper,tcga_ebrains_ebrains,gbmlgg_histomolecular_5class,classification,gbmlgg_histomolecular_5class,slide,classification,not_reported,abmil,auroc,higher,abmil on tcga_ebrains_ebrains; paper table tab:slide-molsub; row setting: EBRAINS.,https://arxiv.org/abs/2308.15474,parsed_primary_source,1
unipaper2023.slide_molsub.ebrains.balanced_accuracy,uni_paper,tcga_ebrains_ebrains,gbmlgg_histomolecular_5class,classification,gbmlgg_histomolecular_5class,slide,classification,not_reported,abmil,balanced_accuracy,higher,abmil on tcga_ebrains_ebrains; paper table tab:slide-molsub; row setting: EBRAINS.,https://arxiv.org/abs/2308.15474,parsed_primary_source,1
unipaper2023.slide_molsub.ebrains.weighted_f1,uni_paper,tcga_ebrains_ebrains,gbmlgg_histomolecular_5class,classification,gbmlgg_histomolecular_5class,slide,classification,not_reported,abmil,weighted_f1,higher,abmil on tcga_ebrains_ebrains; paper table tab:slide-molsub; row setting: EBRAINS.,https://arxiv.org/abs/2308.15474,parsed_primary_source,1
unipaper2023.slide_molsub.tcga.auroc,uni_paper,tcga_ebrains_tcga,gbmlgg_histomolecular_5class,classification,gbmlgg_histomolecular_5class,slide,classification,not_reported,abmil,auroc,higher,abmil on tcga_ebrains_tcga; paper table tab:slide-molsub; row setting: TCGA.,https://arxiv.org/abs/2308.15474,parsed_primary_source,1
unipaper2023.slide_molsub.tcga.balanced_accuracy,uni_paper,tcga_ebrains_tcga,gbmlgg_histomolecular_5class,classification,gbmlgg_histomolecular_5class,slide,classification,not_reported,abmil,balanced_accuracy,higher,abmil on tcga_ebrains_tcga; paper table tab:slide-molsub; row setting: TCGA.,https://arxiv.org/abs/2308.15474,parsed_primary_source,1
unipaper2023.slide_molsub.tcga.weighted_f1,uni_paper,tcga_ebrains_tcga,gbmlgg_histomolecular_5class,classification,gbmlgg_histomolecular_5class,slide,classification,not_reported,abmil,weighted_f1,higher,abmil on tcga_ebrains_tcga; paper table tab:slide-molsub; row setting: TCGA.,https://arxiv.org/abs/2308.15474,parsed_primary_source,1
unipaper2023.slide_nsclc.cptac.auroc,uni_paper,tcga_cptac_nsclc_cptac,nsclc_subtyping_2class,classification,nsclc_subtyping_2class,slide,classification,not_reported,abmil,auroc,higher,abmil on tcga_cptac_nsclc_cptac; paper table tab:slide-nsclc; row setting: CPTAC.,https://arxiv.org/abs/2308.15474,parsed_primary_source,1
unipaper2023.slide_nsclc.cptac.balanced_accuracy,uni_paper,tcga_cptac_nsclc_cptac,nsclc_subtyping_2class,classification,nsclc_subtyping_2class,slide,classification,not_reported,abmil,balanced_accuracy,higher,abmil on tcga_cptac_nsclc_cptac; paper table tab:slide-nsclc; row setting: CPTAC.,https://arxiv.org/abs/2308.15474,parsed_primary_source,1
unipaper2023.slide_nsclc.cptac.weighted_f1,uni_paper,tcga_cptac_nsclc_cptac,nsclc_subtyping_2class,classification,nsclc_subtyping_2class,slide,classification,not_reported,abmil,weighted_f1,higher,abmil on tcga_cptac_nsclc_cptac; paper table tab:slide-nsclc; row setting: CPTAC.,https://arxiv.org/abs/2308.15474,parsed_primary_source,1
unipaper2023.slide_nsclc.tcga.auroc,uni_paper,tcga_cptac_nsclc_tcga,nsclc_subtyping_2class,classification,nsclc_subtyping_2class,slide,classification,not_reported,abmil,auroc,higher,abmil on tcga_cptac_nsclc_tcga; paper table tab:slide-nsclc; row setting: TCGA.,https://arxiv.org/abs/2308.15474,parsed_primary_source,1
unipaper2023.slide_nsclc.tcga.balanced_accuracy,uni_paper,tcga_cptac_nsclc_tcga,nsclc_subtyping_2class,classification,nsclc_subtyping_2class,slide,classification,not_reported,abmil,balanced_accuracy,higher,abmil on tcga_cptac_nsclc_tcga; paper table tab:slide-nsclc; row setting: TCGA.,https://arxiv.org/abs/2308.15474,parsed_primary_source,1
unipaper2023.slide_nsclc.tcga.weighted_f1,uni_paper,tcga_cptac_nsclc_tcga,nsclc_subtyping_2class,classification,nsclc_subtyping_2class,slide,classification,not_reported,abmil,weighted_f1,higher,abmil on tcga_cptac_nsclc_tcga; paper table tab:slide-nsclc; row setting: TCGA.,https://arxiv.org/abs/2308.15474,parsed_primary_source,1
unipaper2023.slide_panda.default.auroc,uni_paper,panda,PANDA EVA classification/segmentation,classification,PANDA class label,slide,classification,not_reported,abmil,auroc,higher,abmil on panda; paper table tab:slide-panda; row setting: default setting.,https://arxiv.org/abs/2308.15474,parsed_primary_source,1
unipaper2023.slide_panda.default.balanced_accuracy,uni_paper,panda,PANDA EVA classification/segmentation,classification,PANDA class label,slide,classification,not_reported,abmil,balanced_accuracy,higher,abmil on panda; paper table tab:slide-panda; row setting: default setting.,https://arxiv.org/abs/2308.15474,parsed_primary_source,1
unipaper2023.slide_panda.default.weighted_f1,uni_paper,panda,PANDA EVA classification/segmentation,classification,PANDA class label,slide,classification,not_reported,abmil,weighted_f1,higher,abmil on panda; paper table tab:slide-panda; row setting: default setting.,https://arxiv.org/abs/2308.15474,parsed_primary_source,1
unipaper2023.slide_panda.default.weighted_kappa,uni_paper,panda,PANDA EVA classification/segmentation,classification,PANDA class label,slide,classification,not_reported,abmil,weighted_kappa,higher,abmil on panda; paper table tab:slide-panda; row setting: default setting.,https://arxiv.org/abs/2308.15474,parsed_primary_source,1
unipaper2023.slide_rcc.cptac_dhmc.auroc,uni_paper,tcga_cptac_dhmc_rcc_cptac_dhmc,rcc_subtyping_3class,classification,rcc_subtyping_3class,slide,classification,not_reported,abmil,auroc,higher,abmil on tcga_cptac_dhmc_rcc_cptac_dhmc; paper table tab:slide-rcc; row setting: CPTAC-DHMC.,https://arxiv.org/abs/2308.15474,parsed_primary_source,1
unipaper2023.slide_rcc.cptac_dhmc.balanced_accuracy,uni_paper,tcga_cptac_dhmc_rcc_cptac_dhmc,rcc_subtyping_3class,classification,rcc_subtyping_3class,slide,classification,not_reported,abmil,balanced_accuracy,higher,abmil on tcga_cptac_dhmc_rcc_cptac_dhmc; paper table tab:slide-rcc; row setting: CPTAC-DHMC.,https://arxiv.org/abs/2308.15474,parsed_primary_source,1
unipaper2023.slide_rcc.cptac_dhmc.weighted_f1,uni_paper,tcga_cptac_dhmc_rcc_cptac_dhmc,rcc_subtyping_3class,classification,rcc_subtyping_3class,slide,classification,not_reported,abmil,weighted_f1,higher,abmil on tcga_cptac_dhmc_rcc_cptac_dhmc; paper table tab:slide-rcc; row setting: CPTAC-DHMC.,https://arxiv.org/abs/2308.15474,parsed_primary_source,1
unipaper2023.slide_rcc.tcga.auroc,uni_paper,tcga_cptac_dhmc_rcc_tcga,rcc_subtyping_3class,classification,rcc_subtyping_3class,slide,classification,not_reported,abmil,auroc,higher,abmil on tcga_cptac_dhmc_rcc_tcga; paper table tab:slide-rcc; row setting: TCGA.,https://arxiv.org/abs/2308.15474,parsed_primary_source,1
unipaper2023.slide_rcc.tcga.balanced_accuracy,uni_paper,tcga_cptac_dhmc_rcc_tcga,rcc_subtyping_3class,classification,rcc_subtyping_3class,slide,classification,not_reported,abmil,balanced_accuracy,higher,abmil on tcga_cptac_dhmc_rcc_tcga; paper table tab:slide-rcc; row setting: TCGA.,https://arxiv.org/abs/2308.15474,parsed_primary_source,1
unipaper2023.slide_rcc.tcga.weighted_f1,uni_paper,tcga_cptac_dhmc_rcc_tcga,rcc_subtyping_3class,classification,rcc_subtyping_3class,slide,classification,not_reported,abmil,weighted_f1,higher,abmil on tcga_cptac_dhmc_rcc_tcga; paper table tab:slide-rcc; row setting: TCGA.,https://arxiv.org/abs/2308.15474,parsed_primary_source,1
unipaper2023.tcga_uniform_retrieval.with.retrieval_accuracy_at_1,uni_paper,tcga_uniform,tcga_uniform linear_probing,classification,tcga_uniform class label,image,classification,271710,image_retrieval,retrieval_accuracy_at_1,higher,image_retrieval on tcga_uniform; paper table tab:tcga-uniform-retrieval; row setting: \checkmark.,https://arxiv.org/abs/2308.15474,parsed_primary_source,1
unipaper2023.tcga_uniform_retrieval.with.retrieval_accuracy_at_3,uni_paper,tcga_uniform,tcga_uniform linear_probing,classification,tcga_uniform class label,image,classification,271710,image_retrieval,retrieval_accuracy_at_3,higher,image_retrieval on tcga_uniform; paper table tab:tcga-uniform-retrieval; row setting: \checkmark.,https://arxiv.org/abs/2308.15474,parsed_primary_source,1
unipaper2023.tcga_uniform_retrieval.with.retrieval_accuracy_at_5,uni_paper,tcga_uniform,tcga_uniform linear_probing,classification,tcga_uniform class label,image,classification,271710,image_retrieval,retrieval_accuracy_at_5,higher,image_retrieval on tcga_uniform; paper table tab:tcga-uniform-retrieval; row setting: \checkmark.,https://arxiv.org/abs/2308.15474,parsed_primary_source,1
unipaper2023.tcga_uniform_retrieval.with.retrieval_majority_vote_accuracy_at_5,uni_paper,tcga_uniform,tcga_uniform linear_probing,classification,tcga_uniform class label,image,classification,271710,image_retrieval,retrieval_majority_vote_accuracy_at_5,higher,image_retrieval on tcga_uniform; paper table tab:tcga-uniform-retrieval; row setting: \checkmark.,https://arxiv.org/abs/2308.15474,parsed_primary_source,1
unipaper2023.tcga_uniform_retrieval.without.retrieval_accuracy_at_1,uni_paper,tcga_uniform,tcga_uniform linear_probing,classification,tcga_uniform class label,image,classification,271710,image_retrieval,retrieval_accuracy_at_1,higher,image_retrieval on tcga_uniform; paper table tab:tcga-uniform-retrieval; row setting: \xmark.,https://arxiv.org/abs/2308.15474,parsed_primary_source,1
unipaper2023.tcga_uniform_retrieval.without.retrieval_accuracy_at_3,uni_paper,tcga_uniform,tcga_uniform linear_probing,classification,tcga_uniform class label,image,classification,271710,image_retrieval,retrieval_accuracy_at_3,higher,image_retrieval on tcga_uniform; paper table tab:tcga-uniform-retrieval; row setting: \xmark.,https://arxiv.org/abs/2308.15474,parsed_primary_source,1
unipaper2023.tcga_uniform_retrieval.without.retrieval_accuracy_at_5,uni_paper,tcga_uniform,tcga_uniform linear_probing,classification,tcga_uniform class label,image,classification,271710,image_retrieval,retrieval_accuracy_at_5,higher,image_retrieval on tcga_uniform; paper table tab:tcga-uniform-retrieval; row setting: \xmark.,https://arxiv.org/abs/2308.15474,parsed_primary_source,1
unipaper2023.tcga_uniform_retrieval.without.retrieval_majority_vote_accuracy_at_5,uni_paper,tcga_uniform,tcga_uniform linear_probing,classification,tcga_uniform class label,image,classification,271710,image_retrieval,retrieval_majority_vote_accuracy_at_5,higher,image_retrieval on tcga_uniform; paper table tab:tcga-uniform-retrieval; row setting: \xmark.,https://arxiv.org/abs/2308.15474,parsed_primary_source,1
unipaper2023.unitopatho_retrieval.default.retrieval_accuracy_at_1,uni_paper,unitopatho,unitopatho classification,classification,unitopatho classification target,image,classification,not_reported,image_retrieval,retrieval_accuracy_at_1,higher,image_retrieval on unitopatho; paper table tab:unitopatho-retrieval; row setting: default setting.,https://arxiv.org/abs/2308.15474,parsed_primary_source,1
unipaper2023.unitopatho_retrieval.default.retrieval_accuracy_at_3,uni_paper,unitopatho,unitopatho classification,classification,unitopatho classification target,image,classification,not_reported,image_retrieval,retrieval_accuracy_at_3,higher,image_retrieval on unitopatho; paper table tab:unitopatho-retrieval; row setting: default setting.,https://arxiv.org/abs/2308.15474,parsed_primary_source,1
unipaper2023.unitopatho_retrieval.default.retrieval_accuracy_at_5,uni_paper,unitopatho,unitopatho classification,classification,unitopatho classification target,image,classification,not_reported,image_retrieval,retrieval_accuracy_at_5,higher,image_retrieval on unitopatho; paper table tab:unitopatho-retrieval; row setting: default setting.,https://arxiv.org/abs/2308.15474,parsed_primary_source,1
unipaper2023.unitopatho_retrieval.default.retrieval_majority_vote_accuracy_at_5,uni_paper,unitopatho,unitopatho classification,classification,unitopatho classification target,image,classification,not_reported,image_retrieval,retrieval_majority_vote_accuracy_at_5,higher,image_retrieval on unitopatho; paper table tab:unitopatho-retrieval; row setting: default setting.,https://arxiv.org/abs/2308.15474,parsed_primary_source,1
virchow2g2024.crc-no-norm.crc-no-norm.virchow2-linear-probe-cls-mean.weighted-f1,virchow2g_paper,crc-no-norm,CRC No-Norm,tile_classification,CRC No-Norm,tile,classification,100000,tile_level_classification,weighted_f1,higher,virchow2_linear_probe_cls-mean,https://arxiv.org/pdf/2408.00738,parsed_primary_source,3
virchow2g2024.crc-no-norm.crc-no-norm.virchow2-linear-probe-cls-only.weighted-f1,virchow2g_paper,crc-no-norm,CRC No-Norm,tile_classification,CRC No-Norm,tile,classification,100000,tile_level_classification,weighted_f1,higher,virchow2_linear_probe_cls-only,https://arxiv.org/pdf/2408.00738,parsed_primary_source,3
virchow2g2024.crc.crc.virchow2-linear-probe-cls-mean.weighted-f1,virchow2g_paper,crc,CRC,tile_classification,CRC,tile,classification,100000,tile_level_classification,weighted_f1,higher,virchow2_linear_probe_cls-mean,https://arxiv.org/pdf/2408.00738,parsed_primary_source,3
virchow2g2024.crc.crc.virchow2-linear-probe-cls-only.weighted-f1,virchow2g_paper,crc,CRC,tile_classification,CRC,tile,classification,100000,tile_level_classification,weighted_f1,higher,virchow2_linear_probe_cls-only,https://arxiv.org/pdf/2408.00738,parsed_primary_source,3
virchow2g2024.dlbcl.dlbcl.virchow2-linear-probe-cls-mean.weighted-f1,virchow2g_paper,dlbcl,DLBCL,tile_classification,DLBCL,patient,classification,209,tile_level_classification,weighted_f1,higher,virchow2_linear_probe_cls-mean,https://arxiv.org/pdf/2408.00738,parsed_primary_source,3
virchow2g2024.dlbcl.dlbcl.virchow2-linear-probe-cls-only.weighted-f1,virchow2g_paper,dlbcl,DLBCL,tile_classification,DLBCL,patient,classification,209,tile_level_classification,weighted_f1,higher,virchow2_linear_probe_cls-only,https://arxiv.org/pdf/2408.00738,parsed_primary_source,3
virchow2g2024.hest-ccrcc.hest-ccrcc.virchow2-hest-random-forest-cls-mean.pearson-r,virchow2g_paper,hest-ccrcc,HEST CCRCC,spatial_transcriptomics,top_50_variable_genes,spatial_transcriptomics_spot,regression,not_reported_by_task,gene_expression_prediction,pearson_r,higher,virchow2_hest_random_forest_cls-mean,https://arxiv.org/pdf/2408.00738,parsed_primary_source,3
virchow2g2024.hest-ccrcc.hest-ccrcc.virchow2-hest-random-forest-cls-only.pearson-r,virchow2g_paper,hest-ccrcc,HEST CCRCC,spatial_transcriptomics,top_50_variable_genes,spatial_transcriptomics_spot,regression,not_reported_by_task,gene_expression_prediction,pearson_r,higher,virchow2_hest_random_forest_cls-only,https://arxiv.org/pdf/2408.00738,parsed_primary_source,3
virchow2g2024.hest-coad.hest-coad.virchow2-hest-random-forest-cls-mean.pearson-r,virchow2g_paper,hest-coad,HEST COAD,spatial_transcriptomics,top_50_variable_genes,spatial_transcriptomics_spot,regression,not_reported_by_task,gene_expression_prediction,pearson_r,higher,virchow2_hest_random_forest_cls-mean,https://arxiv.org/pdf/2408.00738,parsed_primary_source,3
virchow2g2024.hest-coad.hest-coad.virchow2-hest-random-forest-cls-only.pearson-r,virchow2g_paper,hest-coad,HEST COAD,spatial_transcriptomics,top_50_variable_genes,spatial_transcriptomics_spot,regression,not_reported_by_task,gene_expression_prediction,pearson_r,higher,virchow2_hest_random_forest_cls-only,https://arxiv.org/pdf/2408.00738,parsed_primary_source,3
virchow2g2024.hest-hcc.hest-hcc.virchow2-hest-random-forest-cls-mean.pearson-r,virchow2g_paper,hest-hcc,HEST HCC,spatial_transcriptomics,top_50_variable_genes,spatial_transcriptomics_spot,regression,not_reported_by_task,gene_expression_prediction,pearson_r,higher,virchow2_hest_random_forest_cls-mean,https://arxiv.org/pdf/2408.00738,parsed_primary_source,3
virchow2g2024.hest-hcc.hest-hcc.virchow2-hest-random-forest-cls-only.pearson-r,virchow2g_paper,hest-hcc,HEST HCC,spatial_transcriptomics,top_50_variable_genes,spatial_transcriptomics_spot,regression,not_reported_by_task,gene_expression_prediction,pearson_r,higher,virchow2_hest_random_forest_cls-only,https://arxiv.org/pdf/2408.00738,parsed_primary_source,3
virchow2g2024.hest-idc.hest-idc.virchow2-hest-random-forest-cls-mean.pearson-r,virchow2g_paper,hest-idc,HEST IDC,spatial_transcriptomics,top_50_variable_genes,spatial_transcriptomics_spot,regression,not_reported_by_task,gene_expression_prediction,pearson_r,higher,virchow2_hest_random_forest_cls-mean,https://arxiv.org/pdf/2408.00738,parsed_primary_source,3
virchow2g2024.hest-idc.hest-idc.virchow2-hest-random-forest-cls-only.pearson-r,virchow2g_paper,hest-idc,HEST IDC,spatial_transcriptomics,top_50_variable_genes,spatial_transcriptomics_spot,regression,not_reported_by_task,gene_expression_prediction,pearson_r,higher,virchow2_hest_random_forest_cls-only,https://arxiv.org/pdf/2408.00738,parsed_primary_source,3
virchow2g2024.hest-lidc.hest-lidc.virchow2-hest-random-forest-cls-mean.pearson-r,virchow2g_paper,hest-lidc,HEST LIDC,spatial_transcriptomics,top_50_variable_genes,spatial_transcriptomics_spot,regression,not_reported_by_task,gene_expression_prediction,pearson_r,higher,virchow2_hest_random_forest_cls-mean,https://arxiv.org/pdf/2408.00738,parsed_primary_source,3
virchow2g2024.hest-lidc.hest-lidc.virchow2-hest-random-forest-cls-only.pearson-r,virchow2g_paper,hest-lidc,HEST LIDC,spatial_transcriptomics,top_50_variable_genes,spatial_transcriptomics_spot,regression,not_reported_by_task,gene_expression_prediction,pearson_r,higher,virchow2_hest_random_forest_cls-only,https://arxiv.org/pdf/2408.00738,parsed_primary_source,3
virchow2g2024.hest-luad.hest-luad.virchow2-hest-random-forest-cls-mean.pearson-r,virchow2g_paper,hest-luad,HEST LUAD,spatial_transcriptomics,top_50_variable_genes,spatial_transcriptomics_spot,regression,not_reported_by_task,gene_expression_prediction,pearson_r,higher,virchow2_hest_random_forest_cls-mean,https://arxiv.org/pdf/2408.00738,parsed_primary_source,3
virchow2g2024.hest-luad.hest-luad.virchow2-hest-random-forest-cls-only.pearson-r,virchow2g_paper,hest-luad,HEST LUAD,spatial_transcriptomics,top_50_variable_genes,spatial_transcriptomics_spot,regression,not_reported_by_task,gene_expression_prediction,pearson_r,higher,virchow2_hest_random_forest_cls-only,https://arxiv.org/pdf/2408.00738,parsed_primary_source,3
virchow2g2024.hest-paad.hest-paad.virchow2-hest-random-forest-cls-mean.pearson-r,virchow2g_paper,hest-paad,HEST PAAD,spatial_transcriptomics,top_50_variable_genes,spatial_transcriptomics_spot,regression,not_reported_by_task,gene_expression_prediction,pearson_r,higher,virchow2_hest_random_forest_cls-mean,https://arxiv.org/pdf/2408.00738,parsed_primary_source,3
virchow2g2024.hest-paad.hest-paad.virchow2-hest-random-forest-cls-only.pearson-r,virchow2g_paper,hest-paad,HEST PAAD,spatial_transcriptomics,top_50_variable_genes,spatial_transcriptomics_spot,regression,not_reported_by_task,gene_expression_prediction,pearson_r,higher,virchow2_hest_random_forest_cls-only,https://arxiv.org/pdf/2408.00738,parsed_primary_source,3
virchow2g2024.hest-prad.hest-prad.virchow2-hest-random-forest-cls-mean.pearson-r,virchow2g_paper,hest-prad,HEST PRAD,spatial_transcriptomics,top_50_variable_genes,spatial_transcriptomics_spot,regression,not_reported_by_task,gene_expression_prediction,pearson_r,higher,virchow2_hest_random_forest_cls-mean,https://arxiv.org/pdf/2408.00738,parsed_primary_source,3
virchow2g2024.hest-prad.hest-prad.virchow2-hest-random-forest-cls-only.pearson-r,virchow2g_paper,hest-prad,HEST PRAD,spatial_transcriptomics,top_50_variable_genes,spatial_transcriptomics_spot,regression,not_reported_by_task,gene_expression_prediction,pearson_r,higher,virchow2_hest_random_forest_cls-only,https://arxiv.org/pdf/2408.00738,parsed_primary_source,3
virchow2g2024.hest-read.hest-read.virchow2-hest-random-forest-cls-mean.pearson-r,virchow2g_paper,hest-read,HEST READ,spatial_transcriptomics,top_50_variable_genes,spatial_transcriptomics_spot,regression,not_reported_by_task,gene_expression_prediction,pearson_r,higher,virchow2_hest_random_forest_cls-mean,https://arxiv.org/pdf/2408.00738,parsed_primary_source,3
virchow2g2024.hest-read.hest-read.virchow2-hest-random-forest-cls-only.pearson-r,virchow2g_paper,hest-read,HEST READ,spatial_transcriptomics,top_50_variable_genes,spatial_transcriptomics_spot,regression,not_reported_by_task,gene_expression_prediction,pearson_r,higher,virchow2_hest_random_forest_cls-only,https://arxiv.org/pdf/2408.00738,parsed_primary_source,3
virchow2g2024.hest-skcm.hest-skcm.virchow2-hest-random-forest-cls-mean.pearson-r,virchow2g_paper,hest-skcm,HEST SKCM,spatial_transcriptomics,top_50_variable_genes,spatial_transcriptomics_spot,regression,not_reported_by_task,gene_expression_prediction,pearson_r,higher,virchow2_hest_random_forest_cls-mean,https://arxiv.org/pdf/2408.00738,parsed_primary_source,3
virchow2g2024.hest-skcm.hest-skcm.virchow2-hest-random-forest-cls-only.pearson-r,virchow2g_paper,hest-skcm,HEST SKCM,spatial_transcriptomics,top_50_variable_genes,spatial_transcriptomics_spot,regression,not_reported_by_task,gene_expression_prediction,pearson_r,higher,virchow2_hest_random_forest_cls-only,https://arxiv.org/pdf/2408.00738,parsed_primary_source,3
virchow2g2024.mhist.mhist.virchow2-linear-probe-cls-mean.weighted-f1,virchow2g_paper,mhist,MHIST,tile_classification,MHIST,tile,classification,3152,tile_level_classification,weighted_f1,higher,virchow2_linear_probe_cls-mean,https://arxiv.org/pdf/2408.00738,parsed_primary_source,3
virchow2g2024.mhist.mhist.virchow2-linear-probe-cls-only.weighted-f1,virchow2g_paper,mhist,MHIST,tile_classification,MHIST,tile,classification,3152,tile_level_classification,weighted_f1,higher,virchow2_linear_probe_cls-only,https://arxiv.org/pdf/2408.00738,parsed_primary_source,3
virchow2g2024.midog.midog.virchow2-linear-probe-cls-mean.weighted-f1,virchow2g_paper,midog,MIDOG,tile_classification,MIDOG,tile,classification,21806,tile_level_classification,weighted_f1,higher,virchow2_linear_probe_cls-mean,https://arxiv.org/pdf/2408.00738,parsed_primary_source,3
virchow2g2024.midog.midog.virchow2-linear-probe-cls-only.weighted-f1,virchow2g_paper,midog,MIDOG,tile_classification,MIDOG,tile,classification,21806,tile_level_classification,weighted_f1,higher,virchow2_linear_probe_cls-only,https://arxiv.org/pdf/2408.00738,parsed_primary_source,3
virchow2g2024.pcam.pcam.virchow2-linear-probe-cls-mean.weighted-f1,virchow2g_paper,pcam,PCam,tile_classification,PCam,tile,classification,327680,tile_level_classification,weighted_f1,higher,virchow2_linear_probe_cls-mean,https://arxiv.org/pdf/2408.00738,parsed_primary_source,3
virchow2g2024.pcam.pcam.virchow2-linear-probe-cls-only.weighted-f1,virchow2g_paper,pcam,PCam,tile_classification,PCam,tile,classification,327680,tile_level_classification,weighted_f1,higher,virchow2_linear_probe_cls-only,https://arxiv.org/pdf/2408.00738,parsed_primary_source,3
virchow2g2024.tils.tils.virchow2-linear-probe-cls-mean.weighted-f1,virchow2g_paper,tils,TILS,tile_classification,TILS,tile,classification,304097,tile_level_classification,weighted_f1,higher,virchow2_linear_probe_cls-mean,https://arxiv.org/pdf/2408.00738,parsed_primary_source,3
virchow2g2024.tils.tils.virchow2-linear-probe-cls-only.weighted-f1,virchow2g_paper,tils,TILS,tile_classification,TILS,tile,classification,304097,tile_level_classification,weighted_f1,higher,virchow2_linear_probe_cls-only,https://arxiv.org/pdf/2408.00738,parsed_primary_source,3
virchow2g2024.wilds.wilds.virchow2-linear-probe-cls-mean.weighted-f1,virchow2g_paper,wilds,WILDS,tile_classification,WILDS,tile,classification,455954,tile_level_classification,weighted_f1,higher,virchow2_linear_probe_cls-mean,https://arxiv.org/pdf/2408.00738,parsed_primary_source,3
virchow2g2024.wilds.wilds.virchow2-linear-probe-cls-only.weighted-f1,virchow2g_paper,wilds,WILDS,tile_classification,WILDS,tile,classification,455954,tile_level_classification,weighted_f1,higher,virchow2_linear_probe_cls-only,https://arxiv.org/pdf/2408.00738,parsed_primary_source,3
virchow2paper2024.cls_mean.crc.weighted_f1,virchow2_paper,crc,crc,tile_classification,tile_classification,image,classification,not_reported,linear_probe,weighted_f1,higher,Frozen CLS+Mean embedding; paper linear-probe protocol; weighted F1.,https://arxiv.org/abs/2408.00738,parsed_primary_source,4
virchow2paper2024.cls_mean.crc_no_norm.weighted_f1,virchow2_paper,crc_no_norm,crc_no_norm,tile_classification,tile_classification,image,classification,not_reported,linear_probe,weighted_f1,higher,Frozen CLS+Mean embedding; paper linear-probe protocol; weighted F1.,https://arxiv.org/abs/2408.00738,parsed_primary_source,4
virchow2paper2024.cls_mean.dlbcl.weighted_f1,virchow2_paper,dlbcl,dlbcl,tile_classification,tile_classification,image,classification,not_reported,linear_probe,weighted_f1,higher,Frozen CLS+Mean embedding; paper linear-probe protocol; weighted F1.,https://arxiv.org/abs/2408.00738,parsed_primary_source,4
virchow2paper2024.cls_mean.mhist.weighted_f1,virchow2_paper,mhist,mhist,tile_classification,tile_classification,image,classification,not_reported,linear_probe,weighted_f1,higher,Frozen CLS+Mean embedding; paper linear-probe protocol; weighted F1.,https://arxiv.org/abs/2408.00738,parsed_primary_source,4
virchow2paper2024.cls_mean.midog.weighted_f1,virchow2_paper,midog,midog,tile_classification,tile_classification,image,classification,not_reported,linear_probe,weighted_f1,higher,Frozen CLS+Mean embedding; paper linear-probe protocol; weighted F1.,https://arxiv.org/abs/2408.00738,parsed_primary_source,4
virchow2paper2024.cls_mean.pcam.weighted_f1,virchow2_paper,pcam,pcam,tile_classification,tile_classification,image,classification,not_reported,linear_probe,weighted_f1,higher,Frozen CLS+Mean embedding; paper linear-probe protocol; weighted F1.,https://arxiv.org/abs/2408.00738,parsed_primary_source,4
virchow2paper2024.cls_mean.tils.weighted_f1,virchow2_paper,tils,tils,tile_classification,tile_classification,image,classification,not_reported,linear_probe,weighted_f1,higher,Frozen CLS+Mean embedding; paper linear-probe protocol; weighted F1.,https://arxiv.org/abs/2408.00738,parsed_primary_source,4
virchow2paper2024.cls_mean.wilds.weighted_f1,virchow2_paper,wilds,wilds,tile_classification,tile_classification,image,classification,not_reported,linear_probe,weighted_f1,higher,Frozen CLS+Mean embedding; paper linear-probe protocol; weighted F1.,https://arxiv.org/abs/2408.00738,parsed_primary_source,4
virchow2paper2024.cls_only.crc.weighted_f1,virchow2_paper,crc,crc,tile_classification,tile_classification,image,classification,not_reported,linear_probe,weighted_f1,higher,Frozen CLS-only embedding; paper linear-probe protocol; weighted F1.,https://arxiv.org/abs/2408.00738,parsed_primary_source,4
virchow2paper2024.cls_only.crc_no_norm.weighted_f1,virchow2_paper,crc_no_norm,crc_no_norm,tile_classification,tile_classification,image,classification,not_reported,linear_probe,weighted_f1,higher,Frozen CLS-only embedding; paper linear-probe protocol; weighted F1.,https://arxiv.org/abs/2408.00738,parsed_primary_source,4
virchow2paper2024.cls_only.dlbcl.weighted_f1,virchow2_paper,dlbcl,dlbcl,tile_classification,tile_classification,image,classification,not_reported,linear_probe,weighted_f1,higher,Frozen CLS-only embedding; paper linear-probe protocol; weighted F1.,https://arxiv.org/abs/2408.00738,parsed_primary_source,4
virchow2paper2024.cls_only.mhist.weighted_f1,virchow2_paper,mhist,mhist,tile_classification,tile_classification,image,classification,not_reported,linear_probe,weighted_f1,higher,Frozen CLS-only embedding; paper linear-probe protocol; weighted F1.,https://arxiv.org/abs/2408.00738,parsed_primary_source,4
virchow2paper2024.cls_only.midog.weighted_f1,virchow2_paper,midog,midog,tile_classification,tile_classification,image,classification,not_reported,linear_probe,weighted_f1,higher,Frozen CLS-only embedding; paper linear-probe protocol; weighted F1.,https://arxiv.org/abs/2408.00738,parsed_primary_source,4
virchow2paper2024.cls_only.pcam.weighted_f1,virchow2_paper,pcam,pcam,tile_classification,tile_classification,image,classification,not_reported,linear_probe,weighted_f1,higher,Frozen CLS-only embedding; paper linear-probe protocol; weighted F1.,https://arxiv.org/abs/2408.00738,parsed_primary_source,4
virchow2paper2024.cls_only.tils.weighted_f1,virchow2_paper,tils,tils,tile_classification,tile_classification,image,classification,not_reported,linear_probe,weighted_f1,higher,Frozen CLS-only embedding; paper linear-probe protocol; weighted F1.,https://arxiv.org/abs/2408.00738,parsed_primary_source,4
virchow2paper2024.cls_only.wilds.weighted_f1,virchow2_paper,wilds,wilds,tile_classification,tile_classification,image,classification,not_reported,linear_probe,weighted_f1,higher,Frozen CLS-only embedding; paper linear-probe protocol; weighted F1.,https://arxiv.org/abs/2408.00738,parsed_primary_source,4
virchowpaper2023.crc.linear_probe.accuracy,virchow_paper,crc,crc,tile_classification,tile_classification,image,classification,not_reported,linear_probe,accuracy,higher,Frozen CLS+Mean embedding with paper linear-probe protocol.,https://arxiv.org/abs/2309.07778,parsed_primary_source,1
virchowpaper2023.crc.linear_probe.balanced_accuracy,virchow_paper,crc,crc,tile_classification,tile_classification,image,classification,not_reported,linear_probe,balanced_accuracy,higher,Frozen CLS+Mean embedding with paper linear-probe protocol.,https://arxiv.org/abs/2309.07778,parsed_primary_source,1
virchowpaper2023.crc.linear_probe.weighted_f1,virchow_paper,crc,crc,tile_classification,tile_classification,image,classification,not_reported,linear_probe,weighted_f1,higher,Frozen CLS+Mean embedding with paper linear-probe protocol.,https://arxiv.org/abs/2309.07778,parsed_primary_source,1
virchowpaper2023.crc_no_norm.linear_probe.accuracy,virchow_paper,crc_no_norm,crc_no_norm,tile_classification,tile_classification,image,classification,not_reported,linear_probe,accuracy,higher,Frozen CLS+Mean embedding with paper linear-probe protocol.,https://arxiv.org/abs/2309.07778,parsed_primary_source,1
virchowpaper2023.crc_no_norm.linear_probe.balanced_accuracy,virchow_paper,crc_no_norm,crc_no_norm,tile_classification,tile_classification,image,classification,not_reported,linear_probe,balanced_accuracy,higher,Frozen CLS+Mean embedding with paper linear-probe protocol.,https://arxiv.org/abs/2309.07778,parsed_primary_source,1
virchowpaper2023.crc_no_norm.linear_probe.weighted_f1,virchow_paper,crc_no_norm,crc_no_norm,tile_classification,tile_classification,image,classification,not_reported,linear_probe,weighted_f1,higher,Frozen CLS+Mean embedding with paper linear-probe protocol.,https://arxiv.org/abs/2309.07778,parsed_primary_source,1
virchowpaper2023.mhist.linear_probe.accuracy,virchow_paper,mhist,mhist,tile_classification,tile_classification,image,classification,not_reported,linear_probe,accuracy,higher,Frozen CLS+Mean embedding with paper linear-probe protocol.,https://arxiv.org/abs/2309.07778,parsed_primary_source,1
virchowpaper2023.mhist.linear_probe.balanced_accuracy,virchow_paper,mhist,mhist,tile_classification,tile_classification,image,classification,not_reported,linear_probe,balanced_accuracy,higher,Frozen CLS+Mean embedding with paper linear-probe protocol.,https://arxiv.org/abs/2309.07778,parsed_primary_source,1
virchowpaper2023.mhist.linear_probe.weighted_f1,virchow_paper,mhist,mhist,tile_classification,tile_classification,image,classification,not_reported,linear_probe,weighted_f1,higher,Frozen CLS+Mean embedding with paper linear-probe protocol.,https://arxiv.org/abs/2309.07778,parsed_primary_source,1
virchowpaper2023.pcam.linear_probe.accuracy,virchow_paper,pcam,pcam,tile_classification,tile_classification,image,classification,not_reported,linear_probe,accuracy,higher,Frozen CLS+Mean embedding with paper linear-probe protocol.,https://arxiv.org/abs/2309.07778,parsed_primary_source,1
virchowpaper2023.pcam.linear_probe.balanced_accuracy,virchow_paper,pcam,pcam,tile_classification,tile_classification,image,classification,not_reported,linear_probe,balanced_accuracy,higher,Frozen CLS+Mean embedding with paper linear-probe protocol.,https://arxiv.org/abs/2309.07778,parsed_primary_source,1
virchowpaper2023.pcam.linear_probe.weighted_f1,virchow_paper,pcam,pcam,tile_classification,tile_classification,image,classification,not_reported,linear_probe,weighted_f1,higher,Frozen CLS+Mean embedding with paper linear-probe protocol.,https://arxiv.org/abs/2309.07778,parsed_primary_source,1
virchowpaper2023.wilds.linear_probe.accuracy,virchow_paper,wilds,wilds,tile_classification,tile_classification,image,classification,not_reported,linear_probe,accuracy,higher,Frozen CLS+Mean embedding with paper linear-probe protocol.,https://arxiv.org/abs/2309.07778,parsed_primary_source,1
virchowpaper2023.wilds.linear_probe.balanced_accuracy,virchow_paper,wilds,wilds,tile_classification,tile_classification,image,classification,not_reported,linear_probe,balanced_accuracy,higher,Frozen CLS+Mean embedding with paper linear-probe protocol.,https://arxiv.org/abs/2309.07778,parsed_primary_source,1
virchowpaper2023.wilds.linear_probe.weighted_f1,virchow_paper,wilds,wilds,tile_classification,tile_classification,image,classification,not_reported,linear_probe,weighted_f1,higher,Frozen CLS+Mean embedding with paper linear-probe protocol.,https://arxiv.org/abs/2309.07778,parsed_primary_source,1
