evaluation_id,suite_id,dataset_id,task_name,task_family,target,sample_unit,task_type,num_samples,endpoint,metric,direction,protocol,reference_url,audit_status,observed_models
eva.bach,eva,bach,bach classification,classification,BACH four-class histology label,image,classification,not_reported,offline_classification,accuracy,higher,EVA offline config; frozen encoder evaluation; 5 runs; monitored accuracy.,https://github.com/kaiko-ai/eva/blob/e43e74a99b75660b0014f790f25a33dd9f11e121/configs/vision/pathology/offline/classification/bach.yaml,parsed_primary_source,0
eva.bcss,eva,bcss,bcss segmentation,segmentation,bcss segmentation target,image,segmentation,not_reported,offline_segmentation,dice,higher,EVA offline config; frozen encoder evaluation; 5 runs; monitored dice.,https://github.com/kaiko-ai/eva/blob/e43e74a99b75660b0014f790f25a33dd9f11e121/configs/vision/pathology/offline/segmentation/bcss.yaml,parsed_primary_source,0
eva.bracs,eva,bracs,bracs classification,classification,BRACS seven-class lesion label,image,classification,not_reported,offline_classification,accuracy,higher,EVA offline config; frozen encoder evaluation; 5 runs; monitored accuracy.,https://github.com/kaiko-ai/eva/blob/e43e74a99b75660b0014f790f25a33dd9f11e121/configs/vision/pathology/offline/classification/bracs.yaml,parsed_primary_source,0
eva.breakhis,eva,breakhis,breakhis classification,classification,BreakHis selected four-class subtype label,image,classification,not_reported,offline_classification,accuracy,higher,EVA offline config; frozen encoder evaluation; 5 runs; monitored accuracy.,https://github.com/kaiko-ai/eva/blob/e43e74a99b75660b0014f790f25a33dd9f11e121/configs/vision/pathology/offline/classification/breakhis.yaml,parsed_primary_source,0
eva.camelyon16,eva,camelyon16,camelyon16 classification,classification,camelyon16 classification target,slide,classification,not_reported,offline_classification,balanced_accuracy,higher,EVA offline config; frozen encoder evaluation; 20 runs; monitored balanced_accuracy.,https://github.com/kaiko-ai/eva/blob/e43e74a99b75660b0014f790f25a33dd9f11e121/configs/vision/pathology/offline/classification/camelyon16.yaml,parsed_primary_source,0
eva.consep,eva,consep,consep segmentation,segmentation,consep segmentation target,image,segmentation,not_reported,offline_segmentation,dice,higher,EVA offline config; frozen encoder evaluation; 5 runs; monitored dice.,https://github.com/kaiko-ai/eva/blob/e43e74a99b75660b0014f790f25a33dd9f11e121/configs/vision/pathology/offline/segmentation/consep.yaml,parsed_primary_source,0
eva.crc,eva,crc,crc classification,classification,CRC-100K nine-class tissue label,image,classification,not_reported,offline_classification,accuracy,higher,EVA offline config; frozen encoder evaluation; 5 runs; monitored accuracy.,https://github.com/kaiko-ai/eva/blob/e43e74a99b75660b0014f790f25a33dd9f11e121/configs/vision/pathology/offline/classification/crc.yaml,parsed_primary_source,0
eva.gleason_arvaniti,eva,gleason_arvaniti,gleason_arvaniti classification,classification,gleason_arvaniti classification target,image,classification,not_reported,offline_classification,accuracy,higher,EVA offline config; frozen encoder evaluation; 5 runs; monitored accuracy.,https://github.com/kaiko-ai/eva/blob/e43e74a99b75660b0014f790f25a33dd9f11e121/configs/vision/pathology/offline/classification/gleason_arvaniti.yaml,parsed_primary_source,0
eva.leaderboard.bach.validation,eva,bach,bach classification,classification,BACH four-class histology label,image,classification,not_reported,leaderboard_validation_classification,balanced_accuracy,higher,EVA pathology leaderboard; reported split=validation; reported metric=balanced_accuracy; mean over 5 runs. Config monitor metrics are checkpoint-selection metadata and are not substituted for the documented leaderboard metric.,https://github.com/kaiko-ai/eva/blob/e43e74a99b75660b0014f790f25a33dd9f11e121/configs/vision/pathology/offline/classification/bach.yaml,parsed_primary_source,19
eva.leaderboard.bracs.validation,eva,bracs,bracs classification,classification,BRACS seven-class lesion label,image,classification,not_reported,leaderboard_validation_classification,balanced_accuracy,higher,EVA pathology leaderboard; reported split=validation; reported metric=balanced_accuracy; mean over 5 runs. Config monitor metrics are checkpoint-selection metadata and are not substituted for the documented leaderboard metric.,https://github.com/kaiko-ai/eva/blob/e43e74a99b75660b0014f790f25a33dd9f11e121/configs/vision/pathology/offline/classification/bracs.yaml,parsed_primary_source,15
eva.leaderboard.breakhis.validation,eva,breakhis,breakhis classification,classification,BreakHis selected four-class subtype label,image,classification,not_reported,leaderboard_validation_classification,balanced_accuracy,higher,EVA pathology leaderboard; reported split=validation; reported metric=balanced_accuracy; mean over 5 runs. Config monitor metrics are checkpoint-selection metadata and are not substituted for the documented leaderboard metric.,https://github.com/kaiko-ai/eva/blob/e43e74a99b75660b0014f790f25a33dd9f11e121/configs/vision/pathology/offline/classification/breakhis.yaml,parsed_primary_source,19
eva.leaderboard.camelyon16_small.test,eva,camelyon16_small,camelyon16_small classification,classification,camelyon16_small classification target,slide,classification,not_reported,leaderboard_test_classification,balanced_accuracy,higher,EVA pathology leaderboard; reported split=test; reported metric=balanced_accuracy; mean over 20 runs. Config monitor metrics are checkpoint-selection metadata and are not substituted for the documented leaderboard metric.,https://github.com/kaiko-ai/eva/blob/e43e74a99b75660b0014f790f25a33dd9f11e121/configs/vision/pathology/offline/classification/camelyon16_small.yaml,parsed_primary_source,19
eva.leaderboard.camelyon16_small.validation,eva,camelyon16_small,camelyon16_small classification,classification,camelyon16_small classification target,slide,classification,not_reported,leaderboard_validation_classification,balanced_accuracy,higher,EVA pathology leaderboard; reported split=validation; reported metric=balanced_accuracy; mean over 20 runs. Config monitor metrics are checkpoint-selection metadata and are not substituted for the documented leaderboard metric.,https://github.com/kaiko-ai/eva/blob/e43e74a99b75660b0014f790f25a33dd9f11e121/configs/vision/pathology/offline/classification/camelyon16_small.yaml,parsed_primary_source,15
eva.leaderboard.consep.validation,eva,consep,consep segmentation,segmentation,consep segmentation target,image,segmentation,not_reported,leaderboard_validation_segmentation,dice,higher,EVA pathology leaderboard; reported split=validation; reported metric=dice; mean over 5 runs. Config monitor metrics are checkpoint-selection metadata and are not substituted for the documented leaderboard metric.,https://github.com/kaiko-ai/eva/blob/e43e74a99b75660b0014f790f25a33dd9f11e121/configs/vision/pathology/offline/segmentation/consep.yaml,parsed_primary_source,19
eva.leaderboard.crc.validation,eva,crc,crc classification,classification,CRC-100K nine-class tissue label,image,classification,not_reported,leaderboard_validation_classification,balanced_accuracy,higher,EVA pathology leaderboard; reported split=validation; reported metric=balanced_accuracy; mean over 5 runs. Config monitor metrics are checkpoint-selection metadata and are not substituted for the documented leaderboard metric.,https://github.com/kaiko-ai/eva/blob/e43e74a99b75660b0014f790f25a33dd9f11e121/configs/vision/pathology/offline/classification/crc.yaml,parsed_primary_source,19
eva.leaderboard.gleason_arvaniti.validation,eva,gleason_arvaniti,gleason_arvaniti classification,classification,gleason_arvaniti classification target,image,classification,not_reported,leaderboard_validation_classification,balanced_accuracy,higher,EVA pathology leaderboard; reported split=validation; reported metric=balanced_accuracy; mean over 5 runs. Config monitor metrics are checkpoint-selection metadata and are not substituted for the documented leaderboard metric.,https://github.com/kaiko-ai/eva/blob/e43e74a99b75660b0014f790f25a33dd9f11e121/configs/vision/pathology/offline/classification/gleason_arvaniti.yaml,parsed_primary_source,19
eva.leaderboard.mhist.test,eva,mhist,mhist classification,classification,MHIST hyperplastic-polyp versus sessile-serrated-adenoma label,image,classification,not_reported,leaderboard_test_classification,balanced_accuracy,higher,EVA pathology leaderboard; reported split=test; reported metric=balanced_accuracy; mean over 5 runs. Config monitor metrics are checkpoint-selection metadata and are not substituted for the documented leaderboard metric.,https://github.com/kaiko-ai/eva/blob/e43e74a99b75660b0014f790f25a33dd9f11e121/configs/vision/pathology/offline/classification/mhist.yaml,parsed_primary_source,19
eva.leaderboard.monusac.test,eva,monusac,monusac segmentation,segmentation,monusac segmentation target,image,segmentation,not_reported,leaderboard_test_segmentation,dice,higher,EVA pathology leaderboard; reported split=test; reported metric=dice; mean over 5 runs. Config monitor metrics are checkpoint-selection metadata and are not substituted for the documented leaderboard metric.,https://github.com/kaiko-ai/eva/blob/e43e74a99b75660b0014f790f25a33dd9f11e121/configs/vision/pathology/offline/segmentation/monusac.yaml,parsed_primary_source,19
eva.leaderboard.panda_small.test,eva,panda_small,panda_small classification,classification,panda_small classification target,slide,classification,not_reported,leaderboard_test_classification,balanced_accuracy,higher,EVA pathology leaderboard; reported split=test; reported metric=balanced_accuracy; mean over 20 runs. Config monitor metrics are checkpoint-selection metadata and are not substituted for the documented leaderboard metric.,https://github.com/kaiko-ai/eva/blob/e43e74a99b75660b0014f790f25a33dd9f11e121/configs/vision/pathology/offline/classification/panda_small.yaml,parsed_primary_source,19
eva.leaderboard.panda_small.validation,eva,panda_small,panda_small classification,classification,panda_small classification target,slide,classification,not_reported,leaderboard_validation_classification,balanced_accuracy,higher,EVA pathology leaderboard; reported split=validation; reported metric=balanced_accuracy; mean over 20 runs. Config monitor metrics are checkpoint-selection metadata and are not substituted for the documented leaderboard metric.,https://github.com/kaiko-ai/eva/blob/e43e74a99b75660b0014f790f25a33dd9f11e121/configs/vision/pathology/offline/classification/panda_small.yaml,parsed_primary_source,15
eva.leaderboard.patch_camelyon.test,eva,patch_camelyon,patch_camelyon classification,classification,PatchCamelyon binary metastatic-tissue label,image,classification,not_reported,leaderboard_test_classification,balanced_accuracy,higher,EVA pathology leaderboard; reported split=test; reported metric=balanced_accuracy; mean over 5 runs. Config monitor metrics are checkpoint-selection metadata and are not substituted for the documented leaderboard metric.,https://github.com/kaiko-ai/eva/blob/e43e74a99b75660b0014f790f25a33dd9f11e121/configs/vision/pathology/offline/classification/patch_camelyon.yaml,parsed_primary_source,19
eva.leaderboard.patch_camelyon.validation,eva,patch_camelyon,patch_camelyon classification,classification,PatchCamelyon binary metastatic-tissue label,image,classification,not_reported,leaderboard_validation_classification,balanced_accuracy,higher,EVA pathology leaderboard; reported split=validation; reported metric=balanced_accuracy; mean over 5 runs. Config monitor metrics are checkpoint-selection metadata and are not substituted for the documented leaderboard metric.,https://github.com/kaiko-ai/eva/blob/e43e74a99b75660b0014f790f25a33dd9f11e121/configs/vision/pathology/offline/classification/patch_camelyon.yaml,parsed_primary_source,15
eva.leaderboard.patch_camelyon_10shot.test,eva,patch_camelyon,patch_camelyon classification,classification,PatchCamelyon binary metastatic-tissue label,image,classification,not_reported,leaderboard_test_classification,balanced_accuracy,higher,EVA pathology leaderboard; reported split=test; reported metric=balanced_accuracy; mean over 5 runs. Config monitor metrics are checkpoint-selection metadata and are not substituted for the documented leaderboard metric.,https://github.com/kaiko-ai/eva/blob/e43e74a99b75660b0014f790f25a33dd9f11e121/configs/vision/pathology/offline/classification/patch_camelyon_10shot.yaml,parsed_primary_source,15
eva.mhist,eva,mhist,mhist classification,classification,MHIST hyperplastic-polyp versus sessile-serrated-adenoma label,image,classification,not_reported,offline_classification,balanced_accuracy,higher,EVA offline config; frozen encoder evaluation; 5 runs; monitored balanced_accuracy.,https://github.com/kaiko-ai/eva/blob/e43e74a99b75660b0014f790f25a33dd9f11e121/configs/vision/pathology/offline/classification/mhist.yaml,parsed_primary_source,0
eva.monusac,eva,monusac,monusac segmentation,segmentation,monusac segmentation target,image,segmentation,not_reported,offline_segmentation,dice,higher,EVA offline config; frozen encoder evaluation; 5 runs; monitored dice.,https://github.com/kaiko-ai/eva/blob/e43e74a99b75660b0014f790f25a33dd9f11e121/configs/vision/pathology/offline/segmentation/monusac.yaml,parsed_primary_source,0
eva.panda,eva,panda,panda classification,classification,PANDA ISUP grade,slide,classification,not_reported,offline_classification,accuracy,higher,EVA offline config; frozen encoder evaluation; 20 runs; monitored accuracy.,https://github.com/kaiko-ai/eva/blob/e43e74a99b75660b0014f790f25a33dd9f11e121/configs/vision/pathology/offline/classification/panda.yaml,parsed_primary_source,0
eva.patch_camelyon,eva,patch_camelyon,patch_camelyon classification,classification,PatchCamelyon binary metastatic-tissue label,image,classification,not_reported,offline_classification,balanced_accuracy,higher,EVA offline config; frozen encoder evaluation; 5 runs; monitored balanced_accuracy.,https://github.com/kaiko-ai/eva/blob/e43e74a99b75660b0014f790f25a33dd9f11e121/configs/vision/pathology/offline/classification/patch_camelyon.yaml,parsed_primary_source,0
eva.unitopatho,eva,unitopatho,unitopatho classification,classification,unitopatho classification target,image,classification,not_reported,offline_classification,accuracy,higher,EVA offline config; frozen encoder evaluation; 5 runs; monitored accuracy.,https://github.com/kaiko-ai/eva/blob/e43e74a99b75660b0014f790f25a33dd9f11e121/configs/vision/pathology/offline/classification/unitopatho.yaml,parsed_primary_source,0
hest.ccrcc.gene_expression,hest,ccrcc,CCRCC morphology-to-gene-expression,spatial_transcriptomics,expression of 50 highly variable genes,spatial_transcriptomics_spot,regression,not_reported,ridge_gene_expression_prediction,pearson_r,higher,Predict 50 highly variable genes from 112x112 um morphology regions at 0.5 um/px using ridge regression after PCA to 256 factors.,https://github.com/mahmoodlab/HEST/blob/3ddb5eaf5bd2a8133e0c0e8015816489a3d99dc3/README.md,parsed_primary_source,26
hest.coad.gene_expression,hest,coad,COAD morphology-to-gene-expression,spatial_transcriptomics,expression of 50 highly variable genes,spatial_transcriptomics_spot,regression,not_reported,ridge_gene_expression_prediction,pearson_r,higher,Predict 50 highly variable genes from 112x112 um morphology regions at 0.5 um/px using ridge regression after PCA to 256 factors.,https://github.com/mahmoodlab/HEST/blob/3ddb5eaf5bd2a8133e0c0e8015816489a3d99dc3/README.md,parsed_primary_source,26
hest.idc.gene_expression,hest,idc,IDC morphology-to-gene-expression,spatial_transcriptomics,expression of 50 highly variable genes,spatial_transcriptomics_spot,regression,not_reported,ridge_gene_expression_prediction,pearson_r,higher,Predict 50 highly variable genes from 112x112 um morphology regions at 0.5 um/px using ridge regression after PCA to 256 factors.,https://github.com/mahmoodlab/HEST/blob/3ddb5eaf5bd2a8133e0c0e8015816489a3d99dc3/README.md,parsed_primary_source,26
hest.lung.gene_expression,hest,lung,LUNG morphology-to-gene-expression,spatial_transcriptomics,expression of 50 highly variable genes,spatial_transcriptomics_spot,regression,not_reported,ridge_gene_expression_prediction,pearson_r,higher,Predict 50 highly variable genes from 112x112 um morphology regions at 0.5 um/px using ridge regression after PCA to 256 factors.,https://github.com/mahmoodlab/HEST/blob/3ddb5eaf5bd2a8133e0c0e8015816489a3d99dc3/README.md,parsed_primary_source,26
hest.lymph_idc.gene_expression,hest,lymph_idc,LYMPH_IDC morphology-to-gene-expression,spatial_transcriptomics,expression of 50 highly variable genes,spatial_transcriptomics_spot,regression,not_reported,ridge_gene_expression_prediction,pearson_r,higher,Predict 50 highly variable genes from 112x112 um morphology regions at 0.5 um/px using ridge regression after PCA to 256 factors.,https://github.com/mahmoodlab/HEST/blob/3ddb5eaf5bd2a8133e0c0e8015816489a3d99dc3/README.md,parsed_primary_source,26
hest.paad.gene_expression,hest,paad,PAAD morphology-to-gene-expression,spatial_transcriptomics,expression of 50 highly variable genes,spatial_transcriptomics_spot,regression,not_reported,ridge_gene_expression_prediction,pearson_r,higher,Predict 50 highly variable genes from 112x112 um morphology regions at 0.5 um/px using ridge regression after PCA to 256 factors.,https://github.com/mahmoodlab/HEST/blob/3ddb5eaf5bd2a8133e0c0e8015816489a3d99dc3/README.md,parsed_primary_source,26
hest.prad.gene_expression,hest,prad,PRAD morphology-to-gene-expression,spatial_transcriptomics,expression of 50 highly variable genes,spatial_transcriptomics_spot,regression,not_reported,ridge_gene_expression_prediction,pearson_r,higher,Predict 50 highly variable genes from 112x112 um morphology regions at 0.5 um/px using ridge regression after PCA to 256 factors.,https://github.com/mahmoodlab/HEST/blob/3ddb5eaf5bd2a8133e0c0e8015816489a3d99dc3/README.md,parsed_primary_source,26
hest.read.gene_expression,hest,read,READ morphology-to-gene-expression,spatial_transcriptomics,expression of 50 highly variable genes,spatial_transcriptomics_spot,regression,not_reported,ridge_gene_expression_prediction,pearson_r,higher,Predict 50 highly variable genes from 112x112 um morphology regions at 0.5 um/px using ridge regression after PCA to 256 factors.,https://github.com/mahmoodlab/HEST/blob/3ddb5eaf5bd2a8133e0c0e8015816489a3d99dc3/README.md,parsed_primary_source,26
hest.skcm.gene_expression,hest,skcm,SKCM morphology-to-gene-expression,spatial_transcriptomics,expression of 50 highly variable genes,spatial_transcriptomics_spot,regression,not_reported,ridge_gene_expression_prediction,pearson_r,higher,Predict 50 highly variable genes from 112x112 um morphology regions at 0.5 um/px using ridge regression after PCA to 256 factors.,https://github.com/mahmoodlab/HEST/blob/3ddb5eaf5bd2a8133e0c0e8015816489a3d99dc3/README.md,parsed_primary_source,26
pathobench.bc_therapy.er-status,pathobench,bc_therapy,er_status,molecular_subtyping,er_status,case,classification,166,case_level_classification,macro-ovr-auc,higher,Public Patho-Bench split and task metadata; downstream protocol is task-specific in Patho-Bench.,https://huggingface.co/datasets/MahmoodLab/Patho-Bench/blob/60fde3a9138b2fb27a163ed6f3e2cf0ef7e8f387/bc_therapy/er_status/config.yaml,parsed_primary_source,0
pathobench.bc_therapy.grade,pathobench,bc_therapy,grade,tumor_grading,grade,case,classification,166,case_level_classification,weighted_kappa,higher,Public Patho-Bench split and task metadata; downstream protocol is task-specific in Patho-Bench.,https://huggingface.co/datasets/MahmoodLab/Patho-Bench/blob/60fde3a9138b2fb27a163ed6f3e2cf0ef7e8f387/bc_therapy/grade/config.yaml,parsed_primary_source,0
pathobench.bc_therapy.her2-status,pathobench,bc_therapy,her2_status,molecular_subtyping,her2_status,case,classification,166,case_level_classification,macro-ovr-auc,higher,Public Patho-Bench split and task metadata; downstream protocol is task-specific in Patho-Bench.,https://huggingface.co/datasets/MahmoodLab/Patho-Bench/blob/60fde3a9138b2fb27a163ed6f3e2cf0ef7e8f387/bc_therapy/her2_status/config.yaml,parsed_primary_source,0
pathobench.bc_therapy.residual-cancer-burden,pathobench,bc_therapy,residual_cancer_burden,treatment_response,residual_cancer_burden,case,classification,159,case_level_classification,bacc,higher,Public Patho-Bench split and task metadata; downstream protocol is task-specific in Patho-Bench.,https://huggingface.co/datasets/MahmoodLab/Patho-Bench/blob/60fde3a9138b2fb27a163ed6f3e2cf0ef7e8f387/bc_therapy/residual_cancer_burden/config.yaml,parsed_primary_source,0
pathobench.bcnb.er,pathobench,bcnb,er,molecular_subtyping,er,case,classification,1058,case_level_classification,macro-ovr-auc,higher,Public Patho-Bench split and task metadata; downstream protocol is task-specific in Patho-Bench.,https://huggingface.co/datasets/MahmoodLab/Patho-Bench/blob/60fde3a9138b2fb27a163ed6f3e2cf0ef7e8f387/bcnb/er/config.yaml,parsed_primary_source,0
pathobench.bcnb.her2,pathobench,bcnb,her2,molecular_subtyping,her2,case,classification,1058,case_level_classification,macro-ovr-auc,higher,Public Patho-Bench split and task metadata; downstream protocol is task-specific in Patho-Bench.,https://huggingface.co/datasets/MahmoodLab/Patho-Bench/blob/60fde3a9138b2fb27a163ed6f3e2cf0ef7e8f387/bcnb/her2/config.yaml,parsed_primary_source,0
pathobench.bcnb.pr,pathobench,bcnb,pr,molecular_subtyping,pr,case,classification,1058,case_level_classification,macro-ovr-auc,higher,Public Patho-Bench split and task metadata; downstream protocol is task-specific in Patho-Bench.,https://huggingface.co/datasets/MahmoodLab/Patho-Bench/blob/60fde3a9138b2fb27a163ed6f3e2cf0ef7e8f387/bcnb/pr/config.yaml,parsed_primary_source,0
pathobench.boehmk_.pfs,pathobench,boehmk_,PFS,survival_prediction,PFS,case,survival,183,case_level_survival,cindex,higher,Public Patho-Bench split and task metadata; downstream protocol is task-specific in Patho-Bench.,https://huggingface.co/datasets/MahmoodLab/Patho-Bench/blob/60fde3a9138b2fb27a163ed6f3e2cf0ef7e8f387/boehmk_/PFS/config.yaml,parsed_primary_source,0
pathobench.bracs.slidelevel-coarse,pathobench,bracs,slidelevel_coarse,morphological_subtyping,slidelevel_coarse,slide,classification,547,slide_level_classification,bacc,higher,Public Patho-Bench split and task metadata; downstream protocol is task-specific in Patho-Bench.,https://huggingface.co/datasets/MahmoodLab/Patho-Bench/blob/60fde3a9138b2fb27a163ed6f3e2cf0ef7e8f387/bracs/slidelevel_coarse/config.yaml,parsed_primary_source,0
pathobench.bracs.slidelevel-fine,pathobench,bracs,slidelevel_fine,morphological_subtyping,slidelevel_fine,slide,classification,547,slide_level_classification,bacc,higher,Public Patho-Bench split and task metadata; downstream protocol is task-specific in Patho-Bench.,https://huggingface.co/datasets/MahmoodLab/Patho-Bench/blob/60fde3a9138b2fb27a163ed6f3e2cf0ef7e8f387/bracs/slidelevel_fine/config.yaml,parsed_primary_source,0
pathobench.cervical_subtype.subtype,pathobench,cervical_subtype,subtype,morphological_subtyping,subtype,case,classification,599,case_level_classification,macro-ovr-auc,higher,Public Patho-Bench split and task metadata; downstream protocol is task-specific in Patho-Bench.,https://huggingface.co/datasets/MahmoodLab/Patho-Bench/blob/60fde3a9138b2fb27a163ed6f3e2cf0ef7e8f387/cervical_subtype/subtype/config.yaml,parsed_primary_source,0
pathobench.cptac_all.organ,pathobench,cptac_all,organ,morphological_subtyping,organ,slide,classification,2154,slide_level_classification,bacc,higher,Public Patho-Bench split and task metadata; downstream protocol is task-specific in Patho-Bench.,https://huggingface.co/datasets/MahmoodLab/Patho-Bench/blob/60fde3a9138b2fb27a163ed6f3e2cf0ef7e8f387/cptac_all/organ/config.yaml,parsed_primary_source,0
pathobench.cptac_brca.immune-class,pathobench,cptac_brca,Immune_class,tme_characterization,Immune_class,case,classification,103,case_level_classification,bacc,higher,Public Patho-Bench split and task metadata; downstream protocol is task-specific in Patho-Bench.,https://huggingface.co/datasets/MahmoodLab/Patho-Bench/blob/60fde3a9138b2fb27a163ed6f3e2cf0ef7e8f387/cptac_brca/Immune_class/config.yaml,parsed_primary_source,0
pathobench.cptac_brca.pik3ca-mutation,pathobench,cptac_brca,PIK3CA_mutation,mutation_prediction,PIK3CA_mutation,case,classification,103,case_level_classification,macro-ovr-auc,higher,Public Patho-Bench split and task metadata; downstream protocol is task-specific in Patho-Bench.,https://huggingface.co/datasets/MahmoodLab/Patho-Bench/blob/60fde3a9138b2fb27a163ed6f3e2cf0ef7e8f387/cptac_brca/PIK3CA_mutation/config.yaml,parsed_primary_source,0
pathobench.cptac_brca.tp53-mutation,pathobench,cptac_brca,TP53_mutation,mutation_prediction,TP53_mutation,case,classification,103,case_level_classification,macro-ovr-auc,higher,Public Patho-Bench split and task metadata; downstream protocol is task-specific in Patho-Bench.,https://huggingface.co/datasets/MahmoodLab/Patho-Bench/blob/60fde3a9138b2fb27a163ed6f3e2cf0ef7e8f387/cptac_brca/TP53_mutation/config.yaml,parsed_primary_source,0
pathobench.cptac_ccrcc.bap1-mutation,pathobench,cptac_ccrcc,BAP1_mutation,mutation_prediction,BAP1_mutation,case,classification,103,case_level_classification,macro-ovr-auc,higher,Public Patho-Bench split and task metadata; downstream protocol is task-specific in Patho-Bench.,https://huggingface.co/datasets/MahmoodLab/Patho-Bench/blob/60fde3a9138b2fb27a163ed6f3e2cf0ef7e8f387/cptac_ccrcc/BAP1_mutation/config.yaml,parsed_primary_source,0
pathobench.cptac_ccrcc.immune-class,pathobench,cptac_ccrcc,Immune_class,tme_characterization,Immune_class,case,classification,103,case_level_classification,bacc,higher,Public Patho-Bench split and task metadata; downstream protocol is task-specific in Patho-Bench.,https://huggingface.co/datasets/MahmoodLab/Patho-Bench/blob/60fde3a9138b2fb27a163ed6f3e2cf0ef7e8f387/cptac_ccrcc/Immune_class/config.yaml,parsed_primary_source,0
pathobench.cptac_ccrcc.os,pathobench,cptac_ccrcc,OS,survival_prediction,OS,case,survival,94,case_level_survival,cindex,higher,Public Patho-Bench split and task metadata; downstream protocol is task-specific in Patho-Bench.,https://huggingface.co/datasets/MahmoodLab/Patho-Bench/blob/60fde3a9138b2fb27a163ed6f3e2cf0ef7e8f387/cptac_ccrcc/OS/config.yaml,parsed_primary_source,0
pathobench.cptac_ccrcc.pbrm1-mutation,pathobench,cptac_ccrcc,PBRM1_mutation,mutation_prediction,PBRM1_mutation,case,classification,103,case_level_classification,macro-ovr-auc,higher,Public Patho-Bench split and task metadata; downstream protocol is task-specific in Patho-Bench.,https://huggingface.co/datasets/MahmoodLab/Patho-Bench/blob/60fde3a9138b2fb27a163ed6f3e2cf0ef7e8f387/cptac_ccrcc/PBRM1_mutation/config.yaml,parsed_primary_source,0
pathobench.cptac_ccrcc.vhl-mutation,pathobench,cptac_ccrcc,VHL_mutation,mutation_prediction,VHL_mutation,case,classification,103,case_level_classification,macro-ovr-auc,higher,Public Patho-Bench split and task metadata; downstream protocol is task-specific in Patho-Bench.,https://huggingface.co/datasets/MahmoodLab/Patho-Bench/blob/60fde3a9138b2fb27a163ed6f3e2cf0ef7e8f387/cptac_ccrcc/VHL_mutation/config.yaml,parsed_primary_source,0
pathobench.cptac_ccrcc_dhmc.oncotreecode,pathobench,cptac_ccrcc_dhmc,OncoTreeCode,morphological_subtyping,OncoTreeCode,slide,classification,871,slide_level_classification,bacc,higher,Public Patho-Bench split and task metadata; downstream protocol is task-specific in Patho-Bench.,https://huggingface.co/datasets/MahmoodLab/Patho-Bench/blob/60fde3a9138b2fb27a163ed6f3e2cf0ef7e8f387/cptac_ccrcc_dhmc/OncoTreeCode/config.yaml,parsed_primary_source,0
pathobench.cptac_coad.acvr2a-mutation,pathobench,cptac_coad,ACVR2A_mutation,mutation_prediction,ACVR2A_mutation,case,classification,94,case_level_classification,macro-ovr-auc,higher,Public Patho-Bench split and task metadata; downstream protocol is task-specific in Patho-Bench.,https://huggingface.co/datasets/MahmoodLab/Patho-Bench/blob/60fde3a9138b2fb27a163ed6f3e2cf0ef7e8f387/cptac_coad/ACVR2A_mutation/config.yaml,parsed_primary_source,0
pathobench.cptac_coad.apc-mutation,pathobench,cptac_coad,APC_mutation,mutation_prediction,APC_mutation,case,classification,94,case_level_classification,macro-ovr-auc,higher,Public Patho-Bench split and task metadata; downstream protocol is task-specific in Patho-Bench.,https://huggingface.co/datasets/MahmoodLab/Patho-Bench/blob/60fde3a9138b2fb27a163ed6f3e2cf0ef7e8f387/cptac_coad/APC_mutation/config.yaml,parsed_primary_source,0
pathobench.cptac_coad.arid1a-mutation,pathobench,cptac_coad,ARID1A_mutation,mutation_prediction,ARID1A_mutation,case,classification,94,case_level_classification,macro-ovr-auc,higher,Public Patho-Bench split and task metadata; downstream protocol is task-specific in Patho-Bench.,https://huggingface.co/datasets/MahmoodLab/Patho-Bench/blob/60fde3a9138b2fb27a163ed6f3e2cf0ef7e8f387/cptac_coad/ARID1A_mutation/config.yaml,parsed_primary_source,0
pathobench.cptac_coad.immune-class,pathobench,cptac_coad,Immune_class,tme_characterization,Immune_class,case,classification,94,case_level_classification,bacc,higher,Public Patho-Bench split and task metadata; downstream protocol is task-specific in Patho-Bench.,https://huggingface.co/datasets/MahmoodLab/Patho-Bench/blob/60fde3a9138b2fb27a163ed6f3e2cf0ef7e8f387/cptac_coad/Immune_class/config.yaml,parsed_primary_source,0
pathobench.cptac_coad.kras-mutation,pathobench,cptac_coad,KRAS_mutation,mutation_prediction,KRAS_mutation,case,classification,94,case_level_classification,macro-ovr-auc,higher,Public Patho-Bench split and task metadata; downstream protocol is task-specific in Patho-Bench.,https://huggingface.co/datasets/MahmoodLab/Patho-Bench/blob/60fde3a9138b2fb27a163ed6f3e2cf0ef7e8f387/cptac_coad/KRAS_mutation/config.yaml,parsed_primary_source,0
pathobench.cptac_coad.msi-h,pathobench,cptac_coad,MSI_H,molecular_subtyping,MSI_H,case,classification,93,case_level_classification,macro-ovr-auc,higher,Public Patho-Bench split and task metadata; downstream protocol is task-specific in Patho-Bench.,https://huggingface.co/datasets/MahmoodLab/Patho-Bench/blob/60fde3a9138b2fb27a163ed6f3e2cf0ef7e8f387/cptac_coad/MSI_H/config.yaml,parsed_primary_source,0
pathobench.cptac_coad.pik3ca-mutation,pathobench,cptac_coad,PIK3CA_mutation,mutation_prediction,PIK3CA_mutation,case,classification,94,case_level_classification,macro-ovr-auc,higher,Public Patho-Bench split and task metadata; downstream protocol is task-specific in Patho-Bench.,https://huggingface.co/datasets/MahmoodLab/Patho-Bench/blob/60fde3a9138b2fb27a163ed6f3e2cf0ef7e8f387/cptac_coad/PIK3CA_mutation/config.yaml,parsed_primary_source,0
pathobench.cptac_coad.setd1b-mutation,pathobench,cptac_coad,SETD1B_mutation,mutation_prediction,SETD1B_mutation,case,classification,94,case_level_classification,macro-ovr-auc,higher,Public Patho-Bench split and task metadata; downstream protocol is task-specific in Patho-Bench.,https://huggingface.co/datasets/MahmoodLab/Patho-Bench/blob/60fde3a9138b2fb27a163ed6f3e2cf0ef7e8f387/cptac_coad/SETD1B_mutation/config.yaml,parsed_primary_source,0
pathobench.cptac_coad.tp53-mutation,pathobench,cptac_coad,TP53_mutation,mutation_prediction,TP53_mutation,case,classification,94,case_level_classification,macro-ovr-auc,higher,Public Patho-Bench split and task metadata; downstream protocol is task-specific in Patho-Bench.,https://huggingface.co/datasets/MahmoodLab/Patho-Bench/blob/60fde3a9138b2fb27a163ed6f3e2cf0ef7e8f387/cptac_coad/TP53_mutation/config.yaml,parsed_primary_source,0
pathobench.cptac_gbm.egfr-mutation,pathobench,cptac_gbm,EGFR_mutation,mutation_prediction,EGFR_mutation,case,classification,99,case_level_classification,macro-ovr-auc,higher,Public Patho-Bench split and task metadata; downstream protocol is task-specific in Patho-Bench.,https://huggingface.co/datasets/MahmoodLab/Patho-Bench/blob/60fde3a9138b2fb27a163ed6f3e2cf0ef7e8f387/cptac_gbm/EGFR_mutation/config.yaml,parsed_primary_source,0
pathobench.cptac_gbm.immune-class,pathobench,cptac_gbm,Immune_class,tme_characterization,Immune_class,case,classification,99,case_level_classification,bacc,higher,Public Patho-Bench split and task metadata; downstream protocol is task-specific in Patho-Bench.,https://huggingface.co/datasets/MahmoodLab/Patho-Bench/blob/60fde3a9138b2fb27a163ed6f3e2cf0ef7e8f387/cptac_gbm/Immune_class/config.yaml,parsed_primary_source,0
pathobench.cptac_gbm.tp53-mutation,pathobench,cptac_gbm,TP53_mutation,mutation_prediction,TP53_mutation,case,classification,99,case_level_classification,macro-ovr-auc,higher,Public Patho-Bench split and task metadata; downstream protocol is task-specific in Patho-Bench.,https://huggingface.co/datasets/MahmoodLab/Patho-Bench/blob/60fde3a9138b2fb27a163ed6f3e2cf0ef7e8f387/cptac_gbm/TP53_mutation/config.yaml,parsed_primary_source,0
pathobench.cptac_hnsc.casp8-mutation,pathobench,cptac_hnsc,CASP8_mutation,mutation_prediction,CASP8_mutation,case,classification,107,case_level_classification,macro-ovr-auc,higher,Public Patho-Bench split and task metadata; downstream protocol is task-specific in Patho-Bench.,https://huggingface.co/datasets/MahmoodLab/Patho-Bench/blob/60fde3a9138b2fb27a163ed6f3e2cf0ef7e8f387/cptac_hnsc/CASP8_mutation/config.yaml,parsed_primary_source,0
pathobench.cptac_hnsc.histologic-grade,pathobench,cptac_hnsc,Histologic_Grade,tumor_grading,Histologic_Grade,case,classification,107,case_level_classification,weighted_kappa,higher,Public Patho-Bench split and task metadata; downstream protocol is task-specific in Patho-Bench.,https://huggingface.co/datasets/MahmoodLab/Patho-Bench/blob/60fde3a9138b2fb27a163ed6f3e2cf0ef7e8f387/cptac_hnsc/Histologic_Grade/config.yaml,parsed_primary_source,0
pathobench.cptac_hnsc.immune-class,pathobench,cptac_hnsc,Immune_class,tme_characterization,Immune_class,case,classification,107,case_level_classification,bacc,higher,Public Patho-Bench split and task metadata; downstream protocol is task-specific in Patho-Bench.,https://huggingface.co/datasets/MahmoodLab/Patho-Bench/blob/60fde3a9138b2fb27a163ed6f3e2cf0ef7e8f387/cptac_hnsc/Immune_class/config.yaml,parsed_primary_source,0
pathobench.cptac_hnsc.os,pathobench,cptac_hnsc,OS,survival_prediction,OS,case,survival,102,case_level_survival,cindex,higher,Public Patho-Bench split and task metadata; downstream protocol is task-specific in Patho-Bench.,https://huggingface.co/datasets/MahmoodLab/Patho-Bench/blob/60fde3a9138b2fb27a163ed6f3e2cf0ef7e8f387/cptac_hnsc/OS/config.yaml,parsed_primary_source,0
pathobench.cptac_lscc.arid1a-mutation,pathobench,cptac_lscc,ARID1A_mutation,mutation_prediction,ARID1A_mutation,case,classification,108,case_level_classification,macro-ovr-auc,higher,Public Patho-Bench split and task metadata; downstream protocol is task-specific in Patho-Bench.,https://huggingface.co/datasets/MahmoodLab/Patho-Bench/blob/60fde3a9138b2fb27a163ed6f3e2cf0ef7e8f387/cptac_lscc/ARID1A_mutation/config.yaml,parsed_primary_source,0
pathobench.cptac_lscc.histologic-grade,pathobench,cptac_lscc,Histologic_Grade,tumor_grading,Histologic_Grade,case,classification,104,case_level_classification,weighted_kappa,higher,Public Patho-Bench split and task metadata; downstream protocol is task-specific in Patho-Bench.,https://huggingface.co/datasets/MahmoodLab/Patho-Bench/blob/60fde3a9138b2fb27a163ed6f3e2cf0ef7e8f387/cptac_lscc/Histologic_Grade/config.yaml,parsed_primary_source,0
pathobench.cptac_lscc.immune-class,pathobench,cptac_lscc,Immune_class,tme_characterization,Immune_class,case,classification,108,case_level_classification,bacc,higher,Public Patho-Bench split and task metadata; downstream protocol is task-specific in Patho-Bench.,https://huggingface.co/datasets/MahmoodLab/Patho-Bench/blob/60fde3a9138b2fb27a163ed6f3e2cf0ef7e8f387/cptac_lscc/Immune_class/config.yaml,parsed_primary_source,0
pathobench.cptac_lscc.keap1-mutation,pathobench,cptac_lscc,KEAP1_mutation,mutation_prediction,KEAP1_mutation,case,classification,108,case_level_classification,macro-ovr-auc,higher,Public Patho-Bench split and task metadata; downstream protocol is task-specific in Patho-Bench.,https://huggingface.co/datasets/MahmoodLab/Patho-Bench/blob/60fde3a9138b2fb27a163ed6f3e2cf0ef7e8f387/cptac_lscc/KEAP1_mutation/config.yaml,parsed_primary_source,0
pathobench.cptac_luad.egfr-mutation,pathobench,cptac_luad,EGFR_mutation,mutation_prediction,EGFR_mutation,case,classification,108,case_level_classification,macro-ovr-auc,higher,Public Patho-Bench split and task metadata; downstream protocol is task-specific in Patho-Bench.,https://huggingface.co/datasets/MahmoodLab/Patho-Bench/blob/60fde3a9138b2fb27a163ed6f3e2cf0ef7e8f387/cptac_luad/EGFR_mutation/config.yaml,parsed_primary_source,0
pathobench.cptac_luad.immune-class,pathobench,cptac_luad,Immune_class,tme_characterization,Immune_class,case,classification,108,case_level_classification,bacc,higher,Public Patho-Bench split and task metadata; downstream protocol is task-specific in Patho-Bench.,https://huggingface.co/datasets/MahmoodLab/Patho-Bench/blob/60fde3a9138b2fb27a163ed6f3e2cf0ef7e8f387/cptac_luad/Immune_class/config.yaml,parsed_primary_source,0
pathobench.cptac_luad.kras-mutation,pathobench,cptac_luad,KRAS_mutation,mutation_prediction,KRAS_mutation,case,classification,102,case_level_classification,macro-ovr-auc,higher,Public Patho-Bench split and task metadata; downstream protocol is task-specific in Patho-Bench.,https://huggingface.co/datasets/MahmoodLab/Patho-Bench/blob/60fde3a9138b2fb27a163ed6f3e2cf0ef7e8f387/cptac_luad/KRAS_mutation/config.yaml,parsed_primary_source,0
pathobench.cptac_luad.os,pathobench,cptac_luad,OS,survival_prediction,OS,case,survival,105,case_level_survival,cindex,higher,Public Patho-Bench split and task metadata; downstream protocol is task-specific in Patho-Bench.,https://huggingface.co/datasets/MahmoodLab/Patho-Bench/blob/60fde3a9138b2fb27a163ed6f3e2cf0ef7e8f387/cptac_luad/OS/config.yaml,parsed_primary_source,0
pathobench.cptac_luad.stk11-mutation,pathobench,cptac_luad,STK11_mutation,mutation_prediction,STK11_mutation,case,classification,108,case_level_classification,macro-ovr-auc,higher,Public Patho-Bench split and task metadata; downstream protocol is task-specific in Patho-Bench.,https://huggingface.co/datasets/MahmoodLab/Patho-Bench/blob/60fde3a9138b2fb27a163ed6f3e2cf0ef7e8f387/cptac_luad/STK11_mutation/config.yaml,parsed_primary_source,0
pathobench.cptac_luad.tp53-mutation,pathobench,cptac_luad,TP53_mutation,mutation_prediction,TP53_mutation,case,classification,108,case_level_classification,macro-ovr-auc,higher,Public Patho-Bench split and task metadata; downstream protocol is task-specific in Patho-Bench.,https://huggingface.co/datasets/MahmoodLab/Patho-Bench/blob/60fde3a9138b2fb27a163ed6f3e2cf0ef7e8f387/cptac_luad/TP53_mutation/config.yaml,parsed_primary_source,0
pathobench.cptac_lung.subtype,pathobench,cptac_lung,subtype,morphological_subtyping,subtype,case,classification,206,case_level_classification,macro-ovr-auc,higher,Public Patho-Bench split and task metadata; downstream protocol is task-specific in Patho-Bench.,https://huggingface.co/datasets/MahmoodLab/Patho-Bench/blob/60fde3a9138b2fb27a163ed6f3e2cf0ef7e8f387/cptac_lung/subtype/config.yaml,parsed_primary_source,0
pathobench.cptac_ov.immune-class,pathobench,cptac_ov,Immune_class,tme_characterization,Immune_class,case,classification,51,case_level_classification,bacc,higher,Public Patho-Bench split and task metadata; downstream protocol is task-specific in Patho-Bench.,https://huggingface.co/datasets/MahmoodLab/Patho-Bench/blob/60fde3a9138b2fb27a163ed6f3e2cf0ef7e8f387/cptac_ov/Immune_class/config.yaml,parsed_primary_source,0
pathobench.cptac_pda.immune-class,pathobench,cptac_pda,Immune_class,tme_characterization,Immune_class,case,classification,105,case_level_classification,bacc,higher,Public Patho-Bench split and task metadata; downstream protocol is task-specific in Patho-Bench.,https://huggingface.co/datasets/MahmoodLab/Patho-Bench/blob/60fde3a9138b2fb27a163ed6f3e2cf0ef7e8f387/cptac_pda/Immune_class/config.yaml,parsed_primary_source,0
pathobench.cptac_pda.os,pathobench,cptac_pda,OS,survival_prediction,OS,case,survival,97,case_level_survival,cindex,higher,Public Patho-Bench split and task metadata; downstream protocol is task-specific in Patho-Bench.,https://huggingface.co/datasets/MahmoodLab/Patho-Bench/blob/60fde3a9138b2fb27a163ed6f3e2cf0ef7e8f387/cptac_pda/OS/config.yaml,parsed_primary_source,0
pathobench.cptac_pda.smad4-mutation,pathobench,cptac_pda,SMAD4_mutation,mutation_prediction,SMAD4_mutation,case,classification,105,case_level_classification,macro-ovr-auc,higher,Public Patho-Bench split and task metadata; downstream protocol is task-specific in Patho-Bench.,https://huggingface.co/datasets/MahmoodLab/Patho-Bench/blob/60fde3a9138b2fb27a163ed6f3e2cf0ef7e8f387/cptac_pda/SMAD4_mutation/config.yaml,parsed_primary_source,0
pathobench.cptac_ucec.ctnnb1-mutation,pathobench,cptac_ucec,CTNNB1_mutation,mutation_prediction,CTNNB1_mutation,case,classification,93,case_level_classification,macro-ovr-auc,higher,Public Patho-Bench split and task metadata; downstream protocol is task-specific in Patho-Bench.,https://huggingface.co/datasets/MahmoodLab/Patho-Bench/blob/60fde3a9138b2fb27a163ed6f3e2cf0ef7e8f387/cptac_ucec/CTNNB1_mutation/config.yaml,parsed_primary_source,0
pathobench.cptac_ucec.immune-class,pathobench,cptac_ucec,Immune_class,tme_characterization,Immune_class,case,classification,94,case_level_classification,bacc,higher,Public Patho-Bench split and task metadata; downstream protocol is task-specific in Patho-Bench.,https://huggingface.co/datasets/MahmoodLab/Patho-Bench/blob/60fde3a9138b2fb27a163ed6f3e2cf0ef7e8f387/cptac_ucec/Immune_class/config.yaml,parsed_primary_source,0
pathobench.cptac_ucec.pten-mutation,pathobench,cptac_ucec,PTEN_mutation,mutation_prediction,PTEN_mutation,case,classification,93,case_level_classification,macro-ovr-auc,higher,Public Patho-Bench split and task metadata; downstream protocol is task-specific in Patho-Bench.,https://huggingface.co/datasets/MahmoodLab/Patho-Bench/blob/60fde3a9138b2fb27a163ed6f3e2cf0ef7e8f387/cptac_ucec/PTEN_mutation/config.yaml,parsed_primary_source,0
pathobench.crc_outcomes.braf-grading,pathobench,crc_outcomes,braf_grading,tumor_grading,braf_grading,case,classification,134,case_level_classification,weighted_kappa,higher,Public Patho-Bench split and task metadata; downstream protocol is task-specific in Patho-Bench.,https://huggingface.co/datasets/MahmoodLab/Patho-Bench/blob/60fde3a9138b2fb27a163ed6f3e2cf0ef7e8f387/crc_outcomes/braf_grading/config.yaml,parsed_primary_source,0
pathobench.crc_outcomes.braf-lymphovas-invasion,pathobench,crc_outcomes,braf_lymphovas_invasion,tme_characterization,braf_lymphovas_invasion,case,classification,111,case_level_classification,macro-ovr-auc,higher,Public Patho-Bench split and task metadata; downstream protocol is task-specific in Patho-Bench.,https://huggingface.co/datasets/MahmoodLab/Patho-Bench/blob/60fde3a9138b2fb27a163ed6f3e2cf0ef7e8f387/crc_outcomes/braf_lymphovas_invasion/config.yaml,parsed_primary_source,0
pathobench.crc_outcomes.braf-mmr,pathobench,crc_outcomes,braf_mmr,molecular_subtyping,braf_mmr,case,classification,135,case_level_classification,macro-ovr-auc,higher,Public Patho-Bench split and task metadata; downstream protocol is task-specific in Patho-Bench.,https://huggingface.co/datasets/MahmoodLab/Patho-Bench/blob/60fde3a9138b2fb27a163ed6f3e2cf0ef7e8f387/crc_outcomes/braf_mmr/config.yaml,parsed_primary_source,0
pathobench.crc_outcomes.braf-synapto,pathobench,crc_outcomes,braf_synapto,morphological_subtyping,braf_synapto,case,classification,135,case_level_classification,macro-ovr-auc,higher,Public Patho-Bench split and task metadata; downstream protocol is task-specific in Patho-Bench.,https://huggingface.co/datasets/MahmoodLab/Patho-Bench/blob/60fde3a9138b2fb27a163ed6f3e2cf0ef7e8f387/crc_outcomes/braf_synapto/config.yaml,parsed_primary_source,0
pathobench.crc_outcomes.braf-tils,pathobench,crc_outcomes,braf_tils,tme_characterization,braf_tils,case,classification,135,case_level_classification,macro-ovr-auc,higher,Public Patho-Bench split and task metadata; downstream protocol is task-specific in Patho-Bench.,https://huggingface.co/datasets/MahmoodLab/Patho-Bench/blob/60fde3a9138b2fb27a163ed6f3e2cf0ef7e8f387/crc_outcomes/braf_tils/config.yaml,parsed_primary_source,0
pathobench.crc_outcomes.os-valentino,pathobench,crc_outcomes,OS_VALENTINO,survival_prediction,OS_VALENTINO,case,survival,170,case_level_survival,cindex,higher,Public Patho-Bench split and task metadata; downstream protocol is task-specific in Patho-Bench.,https://huggingface.co/datasets/MahmoodLab/Patho-Bench/blob/60fde3a9138b2fb27a163ed6f3e2cf0ef7e8f387/crc_outcomes/OS_VALENTINO/config.yaml,parsed_primary_source,0
pathobench.crc_outcomes.pfs-valentino,pathobench,crc_outcomes,PFS_VALENTINO,survival_prediction,PFS_VALENTINO,case,survival,170,case_level_survival,cindex,higher,Public Patho-Bench split and task metadata; downstream protocol is task-specific in Patho-Bench.,https://huggingface.co/datasets/MahmoodLab/Patho-Bench/blob/60fde3a9138b2fb27a163ed6f3e2cf0ef7e8f387/crc_outcomes/PFS_VALENTINO/config.yaml,parsed_primary_source,0
pathobench.crc_outcomes.valentino-molecular-subtype,pathobench,crc_outcomes,valentino_molecular_subtype,molecular_subtyping,valentino_molecular_subtype,case,classification,96,case_level_classification,macro-ovr-auc,higher,Public Patho-Bench split and task metadata; downstream protocol is task-specific in Patho-Bench.,https://huggingface.co/datasets/MahmoodLab/Patho-Bench/blob/60fde3a9138b2fb27a163ed6f3e2cf0ef7e8f387/crc_outcomes/valentino_molecular_subtype/config.yaml,parsed_primary_source,0
pathobench.crc_outcomes.valentino-msi,pathobench,crc_outcomes,valentino_msi,molecular_subtyping,valentino_msi,case,classification,136,case_level_classification,macro-ovr-auc,higher,Public Patho-Bench split and task metadata; downstream protocol is task-specific in Patho-Bench.,https://huggingface.co/datasets/MahmoodLab/Patho-Bench/blob/60fde3a9138b2fb27a163ed6f3e2cf0ef7e8f387/crc_outcomes/valentino_msi/config.yaml,parsed_primary_source,0
pathobench.dhmc_luad.label,pathobench,dhmc_luad,label,morphological_subtyping,label,slide,classification,143,slide_level_classification,bacc,higher,Public Patho-Bench split and task metadata; downstream protocol is task-specific in Patho-Bench.,https://huggingface.co/datasets/MahmoodLab/Patho-Bench/blob/60fde3a9138b2fb27a163ed6f3e2cf0ef7e8f387/dhmc_luad/label/config.yaml,parsed_primary_source,0
pathobench.ebrains.diagnosis,pathobench,ebrains,diagnosis,morphological_subtyping,diagnosis,slide,classification,2319,slide_level_classification,bacc,higher,Public Patho-Bench split and task metadata; downstream protocol is task-specific in Patho-Bench.,https://huggingface.co/datasets/MahmoodLab/Patho-Bench/blob/60fde3a9138b2fb27a163ed6f3e2cf0ef7e8f387/ebrains/diagnosis/config.yaml,parsed_primary_source,0
pathobench.ebrains.diagnosis-group,pathobench,ebrains,diagnosis_group,morphological_subtyping,diagnosis_group,slide,classification,2319,slide_level_classification,bacc,higher,Public Patho-Bench split and task metadata; downstream protocol is task-specific in Patho-Bench.,https://huggingface.co/datasets/MahmoodLab/Patho-Bench/blob/60fde3a9138b2fb27a163ed6f3e2cf0ef7e8f387/ebrains/diagnosis_group/config.yaml,parsed_primary_source,0
pathobench.ebrains.idh-status,pathobench,ebrains,idh_status,morphological_subtyping,idh_status,slide,classification,848,slide_level_classification,macro-ovr-auc,higher,Public Patho-Bench split and task metadata; downstream protocol is task-specific in Patho-Bench.,https://huggingface.co/datasets/MahmoodLab/Patho-Bench/blob/60fde3a9138b2fb27a163ed6f3e2cf0ef7e8f387/ebrains/idh_status/config.yaml,parsed_primary_source,0
pathobench.exaone2025.bc_therapy.er-status,pathobench,bc_therapy,er_status,molecular_subtyping,er_status,case,classification,166,exaone2025_linear_probe,macro-ovr-auc,higher,EXAONE Path 2.5 Table 4 protocol: official Patho-Bench predefined 5-fold/50-fold splits; fixed THREADS-style logistic-regression linear probe for classification and Cox probe for survival; all classification tasks use macro one-vs-rest AUROC and survival uses C-index.,https://arxiv.org/pdf/2512.14019v1,parsed_primary_source,7
pathobench.exaone2025.bc_therapy.grade,pathobench,bc_therapy,grade,tumor_grading,grade,case,classification,166,exaone2025_linear_probe,macro-ovr-auc,higher,EXAONE Path 2.5 Table 4 protocol: official Patho-Bench predefined 5-fold/50-fold splits; fixed THREADS-style logistic-regression linear probe for classification and Cox probe for survival; all classification tasks use macro one-vs-rest AUROC and survival uses C-index.,https://arxiv.org/pdf/2512.14019v1,parsed_primary_source,7
pathobench.exaone2025.bc_therapy.her2-status,pathobench,bc_therapy,her2_status,molecular_subtyping,her2_status,case,classification,166,exaone2025_linear_probe,macro-ovr-auc,higher,EXAONE Path 2.5 Table 4 protocol: official Patho-Bench predefined 5-fold/50-fold splits; fixed THREADS-style logistic-regression linear probe for classification and Cox probe for survival; all classification tasks use macro one-vs-rest AUROC and survival uses C-index.,https://arxiv.org/pdf/2512.14019v1,parsed_primary_source,7
pathobench.exaone2025.bc_therapy.residual-cancer-burden,pathobench,bc_therapy,residual_cancer_burden,treatment_response,residual_cancer_burden,case,classification,159,exaone2025_linear_probe,macro-ovr-auc,higher,EXAONE Path 2.5 Table 4 protocol: official Patho-Bench predefined 5-fold/50-fold splits; fixed THREADS-style logistic-regression linear probe for classification and Cox probe for survival; all classification tasks use macro one-vs-rest AUROC and survival uses C-index.,https://arxiv.org/pdf/2512.14019v1,parsed_primary_source,7
pathobench.exaone2025.bcnb.er,pathobench,bcnb,er,molecular_subtyping,er,case,classification,1058,exaone2025_linear_probe,macro-ovr-auc,higher,EXAONE Path 2.5 Table 4 protocol: official Patho-Bench predefined 5-fold/50-fold splits; fixed THREADS-style logistic-regression linear probe for classification and Cox probe for survival; all classification tasks use macro one-vs-rest AUROC and survival uses C-index.,https://arxiv.org/pdf/2512.14019v1,parsed_primary_source,7
pathobench.exaone2025.bcnb.her2,pathobench,bcnb,her2,molecular_subtyping,her2,case,classification,1058,exaone2025_linear_probe,macro-ovr-auc,higher,EXAONE Path 2.5 Table 4 protocol: official Patho-Bench predefined 5-fold/50-fold splits; fixed THREADS-style logistic-regression linear probe for classification and Cox probe for survival; all classification tasks use macro one-vs-rest AUROC and survival uses C-index.,https://arxiv.org/pdf/2512.14019v1,parsed_primary_source,7
pathobench.exaone2025.bcnb.pr,pathobench,bcnb,pr,molecular_subtyping,pr,case,classification,1058,exaone2025_linear_probe,macro-ovr-auc,higher,EXAONE Path 2.5 Table 4 protocol: official Patho-Bench predefined 5-fold/50-fold splits; fixed THREADS-style logistic-regression linear probe for classification and Cox probe for survival; all classification tasks use macro one-vs-rest AUROC and survival uses C-index.,https://arxiv.org/pdf/2512.14019v1,parsed_primary_source,7
pathobench.exaone2025.boehmk_.pfs,pathobench,boehmk_,PFS,survival_prediction,PFS,case,survival,183,exaone2025_cox_probe,cindex,higher,EXAONE Path 2.5 Table 4 protocol: official Patho-Bench predefined 5-fold/50-fold splits; fixed THREADS-style logistic-regression linear probe for classification and Cox probe for survival; all classification tasks use macro one-vs-rest AUROC and survival uses C-index.,https://arxiv.org/pdf/2512.14019v1,parsed_primary_source,7
pathobench.exaone2025.bracs.slidelevel-coarse,pathobench,bracs,slidelevel_coarse,morphological_subtyping,slidelevel_coarse,slide,classification,547,exaone2025_linear_probe,macro-ovr-auc,higher,EXAONE Path 2.5 Table 4 protocol: official Patho-Bench predefined 5-fold/50-fold splits; fixed THREADS-style logistic-regression linear probe for classification and Cox probe for survival; all classification tasks use macro one-vs-rest AUROC and survival uses C-index.,https://arxiv.org/pdf/2512.14019v1,parsed_primary_source,7
pathobench.exaone2025.bracs.slidelevel-fine,pathobench,bracs,slidelevel_fine,morphological_subtyping,slidelevel_fine,slide,classification,547,exaone2025_linear_probe,macro-ovr-auc,higher,EXAONE Path 2.5 Table 4 protocol: official Patho-Bench predefined 5-fold/50-fold splits; fixed THREADS-style logistic-regression linear probe for classification and Cox probe for survival; all classification tasks use macro one-vs-rest AUROC and survival uses C-index.,https://arxiv.org/pdf/2512.14019v1,parsed_primary_source,7
pathobench.exaone2025.cptac_brca.immune-class,pathobench,cptac_brca,Immune_class,tme_characterization,Immune_class,case,classification,103,exaone2025_linear_probe,macro-ovr-auc,higher,EXAONE Path 2.5 Table 4 protocol: official Patho-Bench predefined 5-fold/50-fold splits; fixed THREADS-style logistic-regression linear probe for classification and Cox probe for survival; all classification tasks use macro one-vs-rest AUROC and survival uses C-index.,https://arxiv.org/pdf/2512.14019v1,parsed_primary_source,7
pathobench.exaone2025.cptac_brca.pik3ca-mutation,pathobench,cptac_brca,PIK3CA_mutation,mutation_prediction,PIK3CA_mutation,case,classification,103,exaone2025_linear_probe,macro-ovr-auc,higher,EXAONE Path 2.5 Table 4 protocol: official Patho-Bench predefined 5-fold/50-fold splits; fixed THREADS-style logistic-regression linear probe for classification and Cox probe for survival; all classification tasks use macro one-vs-rest AUROC and survival uses C-index.,https://arxiv.org/pdf/2512.14019v1,parsed_primary_source,7
pathobench.exaone2025.cptac_brca.tp53-mutation,pathobench,cptac_brca,TP53_mutation,mutation_prediction,TP53_mutation,case,classification,103,exaone2025_linear_probe,macro-ovr-auc,higher,EXAONE Path 2.5 Table 4 protocol: official Patho-Bench predefined 5-fold/50-fold splits; fixed THREADS-style logistic-regression linear probe for classification and Cox probe for survival; all classification tasks use macro one-vs-rest AUROC and survival uses C-index.,https://arxiv.org/pdf/2512.14019v1,parsed_primary_source,7
pathobench.exaone2025.cptac_ccrcc.bap1-mutation,pathobench,cptac_ccrcc,BAP1_mutation,mutation_prediction,BAP1_mutation,case,classification,103,exaone2025_linear_probe,macro-ovr-auc,higher,EXAONE Path 2.5 Table 4 protocol: official Patho-Bench predefined 5-fold/50-fold splits; fixed THREADS-style logistic-regression linear probe for classification and Cox probe for survival; all classification tasks use macro one-vs-rest AUROC and survival uses C-index.,https://arxiv.org/pdf/2512.14019v1,parsed_primary_source,7
pathobench.exaone2025.cptac_ccrcc.immune-class,pathobench,cptac_ccrcc,Immune_class,tme_characterization,Immune_class,case,classification,103,exaone2025_linear_probe,macro-ovr-auc,higher,EXAONE Path 2.5 Table 4 protocol: official Patho-Bench predefined 5-fold/50-fold splits; fixed THREADS-style logistic-regression linear probe for classification and Cox probe for survival; all classification tasks use macro one-vs-rest AUROC and survival uses C-index.,https://arxiv.org/pdf/2512.14019v1,parsed_primary_source,7
pathobench.exaone2025.cptac_ccrcc.os,pathobench,cptac_ccrcc,OS,survival_prediction,OS,case,survival,94,exaone2025_cox_probe,cindex,higher,EXAONE Path 2.5 Table 4 protocol: official Patho-Bench predefined 5-fold/50-fold splits; fixed THREADS-style logistic-regression linear probe for classification and Cox probe for survival; all classification tasks use macro one-vs-rest AUROC and survival uses C-index.,https://arxiv.org/pdf/2512.14019v1,parsed_primary_source,7
pathobench.exaone2025.cptac_ccrcc.pbrm1-mutation,pathobench,cptac_ccrcc,PBRM1_mutation,mutation_prediction,PBRM1_mutation,case,classification,103,exaone2025_linear_probe,macro-ovr-auc,higher,EXAONE Path 2.5 Table 4 protocol: official Patho-Bench predefined 5-fold/50-fold splits; fixed THREADS-style logistic-regression linear probe for classification and Cox probe for survival; all classification tasks use macro one-vs-rest AUROC and survival uses C-index.,https://arxiv.org/pdf/2512.14019v1,parsed_primary_source,7
pathobench.exaone2025.cptac_ccrcc.vhl-mutation,pathobench,cptac_ccrcc,VHL_mutation,mutation_prediction,VHL_mutation,case,classification,103,exaone2025_linear_probe,macro-ovr-auc,higher,EXAONE Path 2.5 Table 4 protocol: official Patho-Bench predefined 5-fold/50-fold splits; fixed THREADS-style logistic-regression linear probe for classification and Cox probe for survival; all classification tasks use macro one-vs-rest AUROC and survival uses C-index.,https://arxiv.org/pdf/2512.14019v1,parsed_primary_source,7
pathobench.exaone2025.cptac_coad.acvr2a-mutation,pathobench,cptac_coad,ACVR2A_mutation,mutation_prediction,ACVR2A_mutation,case,classification,94,exaone2025_linear_probe,macro-ovr-auc,higher,EXAONE Path 2.5 Table 4 protocol: official Patho-Bench predefined 5-fold/50-fold splits; fixed THREADS-style logistic-regression linear probe for classification and Cox probe for survival; all classification tasks use macro one-vs-rest AUROC and survival uses C-index.,https://arxiv.org/pdf/2512.14019v1,parsed_primary_source,7
pathobench.exaone2025.cptac_coad.apc-mutation,pathobench,cptac_coad,APC_mutation,mutation_prediction,APC_mutation,case,classification,94,exaone2025_linear_probe,macro-ovr-auc,higher,EXAONE Path 2.5 Table 4 protocol: official Patho-Bench predefined 5-fold/50-fold splits; fixed THREADS-style logistic-regression linear probe for classification and Cox probe for survival; all classification tasks use macro one-vs-rest AUROC and survival uses C-index.,https://arxiv.org/pdf/2512.14019v1,parsed_primary_source,7
pathobench.exaone2025.cptac_coad.arid1a-mutation,pathobench,cptac_coad,ARID1A_mutation,mutation_prediction,ARID1A_mutation,case,classification,94,exaone2025_linear_probe,macro-ovr-auc,higher,EXAONE Path 2.5 Table 4 protocol: official Patho-Bench predefined 5-fold/50-fold splits; fixed THREADS-style logistic-regression linear probe for classification and Cox probe for survival; all classification tasks use macro one-vs-rest AUROC and survival uses C-index.,https://arxiv.org/pdf/2512.14019v1,parsed_primary_source,7
pathobench.exaone2025.cptac_coad.immune-class,pathobench,cptac_coad,Immune_class,tme_characterization,Immune_class,case,classification,94,exaone2025_linear_probe,macro-ovr-auc,higher,EXAONE Path 2.5 Table 4 protocol: official Patho-Bench predefined 5-fold/50-fold splits; fixed THREADS-style logistic-regression linear probe for classification and Cox probe for survival; all classification tasks use macro one-vs-rest AUROC and survival uses C-index.,https://arxiv.org/pdf/2512.14019v1,parsed_primary_source,7
pathobench.exaone2025.cptac_coad.kras-mutation,pathobench,cptac_coad,KRAS_mutation,mutation_prediction,KRAS_mutation,case,classification,94,exaone2025_linear_probe,macro-ovr-auc,higher,EXAONE Path 2.5 Table 4 protocol: official Patho-Bench predefined 5-fold/50-fold splits; fixed THREADS-style logistic-regression linear probe for classification and Cox probe for survival; all classification tasks use macro one-vs-rest AUROC and survival uses C-index.,https://arxiv.org/pdf/2512.14019v1,parsed_primary_source,7
pathobench.exaone2025.cptac_coad.msi-h,pathobench,cptac_coad,MSI_H,molecular_subtyping,MSI_H,case,classification,93,exaone2025_linear_probe,macro-ovr-auc,higher,EXAONE Path 2.5 Table 4 protocol: official Patho-Bench predefined 5-fold/50-fold splits; fixed THREADS-style logistic-regression linear probe for classification and Cox probe for survival; all classification tasks use macro one-vs-rest AUROC and survival uses C-index.,https://arxiv.org/pdf/2512.14019v1,parsed_primary_source,7
pathobench.exaone2025.cptac_coad.pik3ca-mutation,pathobench,cptac_coad,PIK3CA_mutation,mutation_prediction,PIK3CA_mutation,case,classification,94,exaone2025_linear_probe,macro-ovr-auc,higher,EXAONE Path 2.5 Table 4 protocol: official Patho-Bench predefined 5-fold/50-fold splits; fixed THREADS-style logistic-regression linear probe for classification and Cox probe for survival; all classification tasks use macro one-vs-rest AUROC and survival uses C-index.,https://arxiv.org/pdf/2512.14019v1,parsed_primary_source,7
pathobench.exaone2025.cptac_coad.setd1b-mutation,pathobench,cptac_coad,SETD1B_mutation,mutation_prediction,SETD1B_mutation,case,classification,94,exaone2025_linear_probe,macro-ovr-auc,higher,EXAONE Path 2.5 Table 4 protocol: official Patho-Bench predefined 5-fold/50-fold splits; fixed THREADS-style logistic-regression linear probe for classification and Cox probe for survival; all classification tasks use macro one-vs-rest AUROC and survival uses C-index.,https://arxiv.org/pdf/2512.14019v1,parsed_primary_source,7
pathobench.exaone2025.cptac_coad.tp53-mutation,pathobench,cptac_coad,TP53_mutation,mutation_prediction,TP53_mutation,case,classification,94,exaone2025_linear_probe,macro-ovr-auc,higher,EXAONE Path 2.5 Table 4 protocol: official Patho-Bench predefined 5-fold/50-fold splits; fixed THREADS-style logistic-regression linear probe for classification and Cox probe for survival; all classification tasks use macro one-vs-rest AUROC and survival uses C-index.,https://arxiv.org/pdf/2512.14019v1,parsed_primary_source,7
pathobench.exaone2025.cptac_gbm.egfr-mutation,pathobench,cptac_gbm,EGFR_mutation,mutation_prediction,EGFR_mutation,case,classification,99,exaone2025_linear_probe,macro-ovr-auc,higher,EXAONE Path 2.5 Table 4 protocol: official Patho-Bench predefined 5-fold/50-fold splits; fixed THREADS-style logistic-regression linear probe for classification and Cox probe for survival; all classification tasks use macro one-vs-rest AUROC and survival uses C-index.,https://arxiv.org/pdf/2512.14019v1,parsed_primary_source,7
pathobench.exaone2025.cptac_gbm.immune-class,pathobench,cptac_gbm,Immune_class,tme_characterization,Immune_class,case,classification,99,exaone2025_linear_probe,macro-ovr-auc,higher,EXAONE Path 2.5 Table 4 protocol: official Patho-Bench predefined 5-fold/50-fold splits; fixed THREADS-style logistic-regression linear probe for classification and Cox probe for survival; all classification tasks use macro one-vs-rest AUROC and survival uses C-index.,https://arxiv.org/pdf/2512.14019v1,parsed_primary_source,7
pathobench.exaone2025.cptac_gbm.tp53-mutation,pathobench,cptac_gbm,TP53_mutation,mutation_prediction,TP53_mutation,case,classification,99,exaone2025_linear_probe,macro-ovr-auc,higher,EXAONE Path 2.5 Table 4 protocol: official Patho-Bench predefined 5-fold/50-fold splits; fixed THREADS-style logistic-regression linear probe for classification and Cox probe for survival; all classification tasks use macro one-vs-rest AUROC and survival uses C-index.,https://arxiv.org/pdf/2512.14019v1,parsed_primary_source,7
pathobench.exaone2025.cptac_hnsc.casp8-mutation,pathobench,cptac_hnsc,CASP8_mutation,mutation_prediction,CASP8_mutation,case,classification,107,exaone2025_linear_probe,macro-ovr-auc,higher,EXAONE Path 2.5 Table 4 protocol: official Patho-Bench predefined 5-fold/50-fold splits; fixed THREADS-style logistic-regression linear probe for classification and Cox probe for survival; all classification tasks use macro one-vs-rest AUROC and survival uses C-index.,https://arxiv.org/pdf/2512.14019v1,parsed_primary_source,7
pathobench.exaone2025.cptac_hnsc.histologic-grade,pathobench,cptac_hnsc,Histologic_Grade,tumor_grading,Histologic_Grade,case,classification,107,exaone2025_linear_probe,macro-ovr-auc,higher,EXAONE Path 2.5 Table 4 protocol: official Patho-Bench predefined 5-fold/50-fold splits; fixed THREADS-style logistic-regression linear probe for classification and Cox probe for survival; all classification tasks use macro one-vs-rest AUROC and survival uses C-index.,https://arxiv.org/pdf/2512.14019v1,parsed_primary_source,7
pathobench.exaone2025.cptac_hnsc.immune-class,pathobench,cptac_hnsc,Immune_class,tme_characterization,Immune_class,case,classification,107,exaone2025_linear_probe,macro-ovr-auc,higher,EXAONE Path 2.5 Table 4 protocol: official Patho-Bench predefined 5-fold/50-fold splits; fixed THREADS-style logistic-regression linear probe for classification and Cox probe for survival; all classification tasks use macro one-vs-rest AUROC and survival uses C-index.,https://arxiv.org/pdf/2512.14019v1,parsed_primary_source,7
pathobench.exaone2025.cptac_hnsc.os,pathobench,cptac_hnsc,OS,survival_prediction,OS,case,survival,102,exaone2025_cox_probe,cindex,higher,EXAONE Path 2.5 Table 4 protocol: official Patho-Bench predefined 5-fold/50-fold splits; fixed THREADS-style logistic-regression linear probe for classification and Cox probe for survival; all classification tasks use macro one-vs-rest AUROC and survival uses C-index.,https://arxiv.org/pdf/2512.14019v1,parsed_primary_source,7
pathobench.exaone2025.cptac_lscc.arid1a-mutation,pathobench,cptac_lscc,ARID1A_mutation,mutation_prediction,ARID1A_mutation,case,classification,108,exaone2025_linear_probe,macro-ovr-auc,higher,EXAONE Path 2.5 Table 4 protocol: official Patho-Bench predefined 5-fold/50-fold splits; fixed THREADS-style logistic-regression linear probe for classification and Cox probe for survival; all classification tasks use macro one-vs-rest AUROC and survival uses C-index.,https://arxiv.org/pdf/2512.14019v1,parsed_primary_source,7
pathobench.exaone2025.cptac_lscc.histologic-grade,pathobench,cptac_lscc,Histologic_Grade,tumor_grading,Histologic_Grade,case,classification,104,exaone2025_linear_probe,macro-ovr-auc,higher,EXAONE Path 2.5 Table 4 protocol: official Patho-Bench predefined 5-fold/50-fold splits; fixed THREADS-style logistic-regression linear probe for classification and Cox probe for survival; all classification tasks use macro one-vs-rest AUROC and survival uses C-index.,https://arxiv.org/pdf/2512.14019v1,parsed_primary_source,7
pathobench.exaone2025.cptac_lscc.immune-class,pathobench,cptac_lscc,Immune_class,tme_characterization,Immune_class,case,classification,108,exaone2025_linear_probe,macro-ovr-auc,higher,EXAONE Path 2.5 Table 4 protocol: official Patho-Bench predefined 5-fold/50-fold splits; fixed THREADS-style logistic-regression linear probe for classification and Cox probe for survival; all classification tasks use macro one-vs-rest AUROC and survival uses C-index.,https://arxiv.org/pdf/2512.14019v1,parsed_primary_source,7
pathobench.exaone2025.cptac_lscc.keap1-mutation,pathobench,cptac_lscc,KEAP1_mutation,mutation_prediction,KEAP1_mutation,case,classification,108,exaone2025_linear_probe,macro-ovr-auc,higher,EXAONE Path 2.5 Table 4 protocol: official Patho-Bench predefined 5-fold/50-fold splits; fixed THREADS-style logistic-regression linear probe for classification and Cox probe for survival; all classification tasks use macro one-vs-rest AUROC and survival uses C-index.,https://arxiv.org/pdf/2512.14019v1,parsed_primary_source,7
pathobench.exaone2025.cptac_luad.egfr-mutation,pathobench,cptac_luad,EGFR_mutation,mutation_prediction,EGFR_mutation,case,classification,108,exaone2025_linear_probe,macro-ovr-auc,higher,EXAONE Path 2.5 Table 4 protocol: official Patho-Bench predefined 5-fold/50-fold splits; fixed THREADS-style logistic-regression linear probe for classification and Cox probe for survival; all classification tasks use macro one-vs-rest AUROC and survival uses C-index.,https://arxiv.org/pdf/2512.14019v1,parsed_primary_source,7
pathobench.exaone2025.cptac_luad.immune-class,pathobench,cptac_luad,Immune_class,tme_characterization,Immune_class,case,classification,108,exaone2025_linear_probe,macro-ovr-auc,higher,EXAONE Path 2.5 Table 4 protocol: official Patho-Bench predefined 5-fold/50-fold splits; fixed THREADS-style logistic-regression linear probe for classification and Cox probe for survival; all classification tasks use macro one-vs-rest AUROC and survival uses C-index.,https://arxiv.org/pdf/2512.14019v1,parsed_primary_source,7
pathobench.exaone2025.cptac_luad.kras-mutation,pathobench,cptac_luad,KRAS_mutation,mutation_prediction,KRAS_mutation,case,classification,102,exaone2025_linear_probe,macro-ovr-auc,higher,EXAONE Path 2.5 Table 4 protocol: official Patho-Bench predefined 5-fold/50-fold splits; fixed THREADS-style logistic-regression linear probe for classification and Cox probe for survival; all classification tasks use macro one-vs-rest AUROC and survival uses C-index.,https://arxiv.org/pdf/2512.14019v1,parsed_primary_source,7
pathobench.exaone2025.cptac_luad.os,pathobench,cptac_luad,OS,survival_prediction,OS,case,survival,105,exaone2025_cox_probe,cindex,higher,EXAONE Path 2.5 Table 4 protocol: official Patho-Bench predefined 5-fold/50-fold splits; fixed THREADS-style logistic-regression linear probe for classification and Cox probe for survival; all classification tasks use macro one-vs-rest AUROC and survival uses C-index.,https://arxiv.org/pdf/2512.14019v1,parsed_primary_source,7
pathobench.exaone2025.cptac_luad.stk11-mutation,pathobench,cptac_luad,STK11_mutation,mutation_prediction,STK11_mutation,case,classification,108,exaone2025_linear_probe,macro-ovr-auc,higher,EXAONE Path 2.5 Table 4 protocol: official Patho-Bench predefined 5-fold/50-fold splits; fixed THREADS-style logistic-regression linear probe for classification and Cox probe for survival; all classification tasks use macro one-vs-rest AUROC and survival uses C-index.,https://arxiv.org/pdf/2512.14019v1,parsed_primary_source,7
pathobench.exaone2025.cptac_luad.tp53-mutation,pathobench,cptac_luad,TP53_mutation,mutation_prediction,TP53_mutation,case,classification,108,exaone2025_linear_probe,macro-ovr-auc,higher,EXAONE Path 2.5 Table 4 protocol: official Patho-Bench predefined 5-fold/50-fold splits; fixed THREADS-style logistic-regression linear probe for classification and Cox probe for survival; all classification tasks use macro one-vs-rest AUROC and survival uses C-index.,https://arxiv.org/pdf/2512.14019v1,parsed_primary_source,7
pathobench.exaone2025.cptac_ov.immune-class,pathobench,cptac_ov,Immune_class,tme_characterization,Immune_class,case,classification,51,exaone2025_linear_probe,macro-ovr-auc,higher,EXAONE Path 2.5 Table 4 protocol: official Patho-Bench predefined 5-fold/50-fold splits; fixed THREADS-style logistic-regression linear probe for classification and Cox probe for survival; all classification tasks use macro one-vs-rest AUROC and survival uses C-index.,https://arxiv.org/pdf/2512.14019v1,parsed_primary_source,7
pathobench.exaone2025.cptac_pda.immune-class,pathobench,cptac_pda,Immune_class,tme_characterization,Immune_class,case,classification,105,exaone2025_linear_probe,macro-ovr-auc,higher,EXAONE Path 2.5 Table 4 protocol: official Patho-Bench predefined 5-fold/50-fold splits; fixed THREADS-style logistic-regression linear probe for classification and Cox probe for survival; all classification tasks use macro one-vs-rest AUROC and survival uses C-index.,https://arxiv.org/pdf/2512.14019v1,parsed_primary_source,7
pathobench.exaone2025.cptac_pda.os,pathobench,cptac_pda,OS,survival_prediction,OS,case,survival,97,exaone2025_cox_probe,cindex,higher,EXAONE Path 2.5 Table 4 protocol: official Patho-Bench predefined 5-fold/50-fold splits; fixed THREADS-style logistic-regression linear probe for classification and Cox probe for survival; all classification tasks use macro one-vs-rest AUROC and survival uses C-index.,https://arxiv.org/pdf/2512.14019v1,parsed_primary_source,7
pathobench.exaone2025.cptac_pda.smad4-mutation,pathobench,cptac_pda,SMAD4_mutation,mutation_prediction,SMAD4_mutation,case,classification,105,exaone2025_linear_probe,macro-ovr-auc,higher,EXAONE Path 2.5 Table 4 protocol: official Patho-Bench predefined 5-fold/50-fold splits; fixed THREADS-style logistic-regression linear probe for classification and Cox probe for survival; all classification tasks use macro one-vs-rest AUROC and survival uses C-index.,https://arxiv.org/pdf/2512.14019v1,parsed_primary_source,7
pathobench.exaone2025.cptac_ucec.ctnnb1-mutation,pathobench,cptac_ucec,CTNNB1_mutation,mutation_prediction,CTNNB1_mutation,case,classification,93,exaone2025_linear_probe,macro-ovr-auc,higher,EXAONE Path 2.5 Table 4 protocol: official Patho-Bench predefined 5-fold/50-fold splits; fixed THREADS-style logistic-regression linear probe for classification and Cox probe for survival; all classification tasks use macro one-vs-rest AUROC and survival uses C-index.,https://arxiv.org/pdf/2512.14019v1,parsed_primary_source,7
pathobench.exaone2025.cptac_ucec.immune-class,pathobench,cptac_ucec,Immune_class,tme_characterization,Immune_class,case,classification,94,exaone2025_linear_probe,macro-ovr-auc,higher,EXAONE Path 2.5 Table 4 protocol: official Patho-Bench predefined 5-fold/50-fold splits; fixed THREADS-style logistic-regression linear probe for classification and Cox probe for survival; all classification tasks use macro one-vs-rest AUROC and survival uses C-index.,https://arxiv.org/pdf/2512.14019v1,parsed_primary_source,7
pathobench.exaone2025.cptac_ucec.pten-mutation,pathobench,cptac_ucec,PTEN_mutation,mutation_prediction,PTEN_mutation,case,classification,93,exaone2025_linear_probe,macro-ovr-auc,higher,EXAONE Path 2.5 Table 4 protocol: official Patho-Bench predefined 5-fold/50-fold splits; fixed THREADS-style logistic-regression linear probe for classification and Cox probe for survival; all classification tasks use macro one-vs-rest AUROC and survival uses C-index.,https://arxiv.org/pdf/2512.14019v1,parsed_primary_source,7
pathobench.exaone2025.ebrains.diagnosis,pathobench,ebrains,diagnosis,morphological_subtyping,diagnosis,slide,classification,2319,exaone2025_linear_probe,macro-ovr-auc,higher,EXAONE Path 2.5 Table 4 protocol: official Patho-Bench predefined 5-fold/50-fold splits; fixed THREADS-style logistic-regression linear probe for classification and Cox probe for survival; all classification tasks use macro one-vs-rest AUROC and survival uses C-index.,https://arxiv.org/pdf/2512.14019v1,parsed_primary_source,7
pathobench.exaone2025.ebrains.diagnosis-group,pathobench,ebrains,diagnosis_group,morphological_subtyping,diagnosis_group,slide,classification,2319,exaone2025_linear_probe,macro-ovr-auc,higher,EXAONE Path 2.5 Table 4 protocol: official Patho-Bench predefined 5-fold/50-fold splits; fixed THREADS-style logistic-regression linear probe for classification and Cox probe for survival; all classification tasks use macro one-vs-rest AUROC and survival uses C-index.,https://arxiv.org/pdf/2512.14019v1,parsed_primary_source,7
pathobench.exaone2025.ebrains.idh-status,pathobench,ebrains,idh_status,morphological_subtyping,idh_status,slide,classification,848,exaone2025_linear_probe,macro-ovr-auc,higher,EXAONE Path 2.5 Table 4 protocol: official Patho-Bench predefined 5-fold/50-fold splits; fixed THREADS-style logistic-regression linear probe for classification and Cox probe for survival; all classification tasks use macro one-vs-rest AUROC and survival uses C-index.,https://arxiv.org/pdf/2512.14019v1,parsed_primary_source,7
pathobench.exaone2025.hancook.grading-scc-conventional-keratinizing,pathobench,hancook,grading_SCC_Conventional_Keratinizing,tumor_grading,grading_SCC_Conventional_Keratinizing,case,classification,383,exaone2025_linear_probe,macro-ovr-auc,higher,EXAONE Path 2.5 Table 4 protocol: official Patho-Bench predefined 5-fold/50-fold splits; fixed THREADS-style logistic-regression linear probe for classification and Cox probe for survival; all classification tasks use macro one-vs-rest AUROC and survival uses C-index.,https://arxiv.org/pdf/2512.14019v1,parsed_primary_source,7
pathobench.exaone2025.hancook.grading-scc-conventional-nonkeratinizing,pathobench,hancook,grading_SCC_Conventional_NonKeratinizing,tumor_grading,grading_SCC_Conventional_NonKeratinizing,case,classification,74,exaone2025_linear_probe,macro-ovr-auc,higher,EXAONE Path 2.5 Table 4 protocol: official Patho-Bench predefined 5-fold/50-fold splits; fixed THREADS-style logistic-regression linear probe for classification and Cox probe for survival; all classification tasks use macro one-vs-rest AUROC and survival uses C-index.,https://arxiv.org/pdf/2512.14019v1,parsed_primary_source,7
pathobench.exaone2025.hancook.lymphovascular-invasion-l,pathobench,hancook,lymphovascular_invasion_L,tme_characterization,lymphovascular_invasion_L,case,classification,697,exaone2025_linear_probe,macro-ovr-auc,higher,EXAONE Path 2.5 Table 4 protocol: official Patho-Bench predefined 5-fold/50-fold splits; fixed THREADS-style logistic-regression linear probe for classification and Cox probe for survival; all classification tasks use macro one-vs-rest AUROC and survival uses C-index.,https://arxiv.org/pdf/2512.14019v1,parsed_primary_source,7
pathobench.exaone2025.hancook.os-treatment-rdc,pathobench,hancook,OS_treatment_rdc,survival_prediction,OS_treatment_rdc,case,survival,203,exaone2025_cox_probe,cindex,higher,EXAONE Path 2.5 Table 4 protocol: official Patho-Bench predefined 5-fold/50-fold splits; fixed THREADS-style logistic-regression linear probe for classification and Cox probe for survival; all classification tasks use macro one-vs-rest AUROC and survival uses C-index.,https://arxiv.org/pdf/2512.14019v1,parsed_primary_source,7
pathobench.exaone2025.hancook.perineural-invasion-pn,pathobench,hancook,perineural_invasion_Pn,tme_characterization,perineural_invasion_Pn,case,classification,697,exaone2025_linear_probe,macro-ovr-auc,higher,EXAONE Path 2.5 Table 4 protocol: official Patho-Bench predefined 5-fold/50-fold splits; fixed THREADS-style logistic-regression linear probe for classification and Cox probe for survival; all classification tasks use macro one-vs-rest AUROC and survival uses C-index.,https://arxiv.org/pdf/2512.14019v1,parsed_primary_source,7
pathobench.exaone2025.hancook.primarily-metastasis,pathobench,hancook,primarily_metastasis,tme_characterization,primarily_metastasis,case,classification,676,exaone2025_linear_probe,macro-ovr-auc,higher,EXAONE Path 2.5 Table 4 protocol: official Patho-Bench predefined 5-fold/50-fold splits; fixed THREADS-style logistic-regression linear probe for classification and Cox probe for survival; all classification tasks use macro one-vs-rest AUROC and survival uses C-index.,https://arxiv.org/pdf/2512.14019v1,parsed_primary_source,7
pathobench.exaone2025.hancook.primary-tumor-site,pathobench,hancook,primary_tumor_site,morphological_subtyping,primary_tumor_site,case,classification,696,exaone2025_linear_probe,macro-ovr-auc,higher,EXAONE Path 2.5 Table 4 protocol: official Patho-Bench predefined 5-fold/50-fold splits; fixed THREADS-style logistic-regression linear probe for classification and Cox probe for survival; all classification tasks use macro one-vs-rest AUROC and survival uses C-index.,https://arxiv.org/pdf/2512.14019v1,parsed_primary_source,7
pathobench.exaone2025.hancook.vascular-invasion-v,pathobench,hancook,vascular_invasion_V,tme_characterization,vascular_invasion_V,case,classification,697,exaone2025_linear_probe,macro-ovr-auc,higher,EXAONE Path 2.5 Table 4 protocol: official Patho-Bench predefined 5-fold/50-fold splits; fixed THREADS-style logistic-regression linear probe for classification and Cox probe for survival; all classification tasks use macro one-vs-rest AUROC and survival uses C-index.,https://arxiv.org/pdf/2512.14019v1,parsed_primary_source,7
pathobench.exaone2025.herroi.response,pathobench,herroi,response,treatment_response,response,slide,classification,85,exaone2025_linear_probe,macro-ovr-auc,higher,EXAONE Path 2.5 Table 4 protocol: official Patho-Bench predefined 5-fold/50-fold splits; fixed THREADS-style logistic-regression linear probe for classification and Cox probe for survival; all classification tasks use macro one-vs-rest AUROC and survival uses C-index.,https://arxiv.org/pdf/2512.14019v1,parsed_primary_source,7
pathobench.exaone2025.imp.grade,pathobench,imp,grade,tumor_grading,grade,slide,classification,5333,exaone2025_linear_probe,macro-ovr-auc,higher,EXAONE Path 2.5 Table 4 protocol: official Patho-Bench predefined 5-fold/50-fold splits; fixed THREADS-style logistic-regression linear probe for classification and Cox probe for survival; all classification tasks use macro one-vs-rest AUROC and survival uses C-index.,https://arxiv.org/pdf/2512.14019v1,parsed_primary_source,7
pathobench.exaone2025.mbc_.os,pathobench,mbc_,OS,survival_prediction,OS,case,survival,75,exaone2025_cox_probe,cindex,higher,EXAONE Path 2.5 Table 4 protocol: official Patho-Bench predefined 5-fold/50-fold splits; fixed THREADS-style logistic-regression linear probe for classification and Cox probe for survival; all classification tasks use macro one-vs-rest AUROC and survival uses C-index.,https://arxiv.org/pdf/2512.14019v1,parsed_primary_source,7
pathobench.exaone2025.mbc_.recist,pathobench,mbc_,Recist,treatment_response,Recist,case,classification,76,exaone2025_linear_probe,macro-ovr-auc,higher,EXAONE Path 2.5 Table 4 protocol: official Patho-Bench predefined 5-fold/50-fold splits; fixed THREADS-style logistic-regression linear probe for classification and Cox probe for survival; all classification tasks use macro one-vs-rest AUROC and survival uses C-index.,https://arxiv.org/pdf/2512.14019v1,parsed_primary_source,7
pathobench.exaone2025.mut-het-rcc.bap1-mutation,pathobench,mut-het-rcc,BAP1_mutation,mutation_prediction,BAP1_mutation,case,classification,1291,exaone2025_linear_probe,macro-ovr-auc,higher,EXAONE Path 2.5 Table 4 protocol: official Patho-Bench predefined 5-fold/50-fold splits; fixed THREADS-style logistic-regression linear probe for classification and Cox probe for survival; all classification tasks use macro one-vs-rest AUROC and survival uses C-index.,https://arxiv.org/pdf/2512.14019v1,parsed_primary_source,7
pathobench.exaone2025.mut-het-rcc.pbrm1-mutation,pathobench,mut-het-rcc,PBRM1_mutation,mutation_prediction,PBRM1_mutation,case,classification,1291,exaone2025_linear_probe,macro-ovr-auc,higher,EXAONE Path 2.5 Table 4 protocol: official Patho-Bench predefined 5-fold/50-fold splits; fixed THREADS-style logistic-regression linear probe for classification and Cox probe for survival; all classification tasks use macro one-vs-rest AUROC and survival uses C-index.,https://arxiv.org/pdf/2512.14019v1,parsed_primary_source,7
pathobench.exaone2025.mut-het-rcc.setd2-mutation,pathobench,mut-het-rcc,SETD2_mutation,mutation_prediction,SETD2_mutation,case,classification,1291,exaone2025_linear_probe,macro-ovr-auc,higher,EXAONE Path 2.5 Table 4 protocol: official Patho-Bench predefined 5-fold/50-fold splits; fixed THREADS-style logistic-regression linear probe for classification and Cox probe for survival; all classification tasks use macro one-vs-rest AUROC and survival uses C-index.,https://arxiv.org/pdf/2512.14019v1,parsed_primary_source,7
pathobench.exaone2025.nadt.response,pathobench,nadt,response,treatment_response,response,case,classification,36,exaone2025_linear_probe,macro-ovr-auc,higher,EXAONE Path 2.5 Table 4 protocol: official Patho-Bench predefined 5-fold/50-fold splits; fixed THREADS-style logistic-regression linear probe for classification and Cox probe for survival; all classification tasks use macro one-vs-rest AUROC and survival uses C-index.,https://arxiv.org/pdf/2512.14019v1,parsed_primary_source,7
pathobench.exaone2025.natbrca.lymphovascular-invasion,pathobench,natbrca,lymphovascular_invasion,tme_characterization,lymphovascular_invasion,slide,classification,53,exaone2025_linear_probe,macro-ovr-auc,higher,EXAONE Path 2.5 Table 4 protocol: official Patho-Bench predefined 5-fold/50-fold splits; fixed THREADS-style logistic-regression linear probe for classification and Cox probe for survival; all classification tasks use macro one-vs-rest AUROC and survival uses C-index.,https://arxiv.org/pdf/2512.14019v1,parsed_primary_source,7
pathobench.exaone2025.ovarian.response,pathobench,ovarian,response,treatment_response,response,case,classification,36,exaone2025_linear_probe,macro-ovr-auc,higher,EXAONE Path 2.5 Table 4 protocol: official Patho-Bench predefined 5-fold/50-fold splits; fixed THREADS-style logistic-regression linear probe for classification and Cox probe for survival; all classification tasks use macro one-vs-rest AUROC and survival uses C-index.,https://arxiv.org/pdf/2512.14019v1,parsed_primary_source,7
pathobench.exaone2025.panda.isup-grade,pathobench,panda,isup_grade,tumor_grading,PANDA ISUP grade,slide,classification,9555,exaone2025_linear_probe,macro-ovr-auc,higher,EXAONE Path 2.5 Table 4 protocol: official Patho-Bench predefined 5-fold/50-fold splits; fixed THREADS-style logistic-regression linear probe for classification and Cox probe for survival; all classification tasks use macro one-vs-rest AUROC and survival uses C-index.,https://arxiv.org/pdf/2512.14019v1,parsed_primary_source,7
pathobench.exaone2025.sr386_.braf-mutant-binary,pathobench,sr386_,braf_mutant_binary,mutation_prediction,braf_mutant_binary,case,classification,388,exaone2025_linear_probe,macro-ovr-auc,higher,EXAONE Path 2.5 Table 4 protocol: official Patho-Bench predefined 5-fold/50-fold splits; fixed THREADS-style logistic-regression linear probe for classification and Cox probe for survival; all classification tasks use macro one-vs-rest AUROC and survival uses C-index.,https://arxiv.org/pdf/2512.14019v1,parsed_primary_source,7
pathobench.exaone2025.sr386_.died-within-5-years,pathobench,sr386_,died_within_5_years,survival_prediction,died_within_5_years,case,classification,387,exaone2025_linear_probe,macro-ovr-auc,higher,EXAONE Path 2.5 Table 4 protocol: official Patho-Bench predefined 5-fold/50-fold splits; fixed THREADS-style logistic-regression linear probe for classification and Cox probe for survival; all classification tasks use macro one-vs-rest AUROC and survival uses C-index.,https://arxiv.org/pdf/2512.14019v1,parsed_primary_source,7
pathobench.exaone2025.sr386_.mmr-loss-binary,pathobench,sr386_,mmr_loss_binary,molecular_subtyping,mmr_loss_binary,case,classification,389,exaone2025_linear_probe,macro-ovr-auc,higher,EXAONE Path 2.5 Table 4 protocol: official Patho-Bench predefined 5-fold/50-fold splits; fixed THREADS-style logistic-regression linear probe for classification and Cox probe for survival; all classification tasks use macro one-vs-rest AUROC and survival uses C-index.,https://arxiv.org/pdf/2512.14019v1,parsed_primary_source,7
pathobench.exaone2025.sr386_.os,pathobench,sr386_,OS,survival_prediction,OS,case,survival,144,exaone2025_cox_probe,cindex,higher,EXAONE Path 2.5 Table 4 protocol: official Patho-Bench predefined 5-fold/50-fold splits; fixed THREADS-style logistic-regression linear probe for classification and Cox probe for survival; all classification tasks use macro one-vs-rest AUROC and survival uses C-index.,https://arxiv.org/pdf/2512.14019v1,parsed_primary_source,7
pathobench.exaone2025.sr386_.ras-mutant-binary,pathobench,sr386_,ras_mutant_binary,mutation_prediction,ras_mutant_binary,case,classification,389,exaone2025_linear_probe,macro-ovr-auc,higher,EXAONE Path 2.5 Table 4 protocol: official Patho-Bench predefined 5-fold/50-fold splits; fixed THREADS-style logistic-regression linear probe for classification and Cox probe for survival; all classification tasks use macro one-vs-rest AUROC and survival uses C-index.,https://arxiv.org/pdf/2512.14019v1,parsed_primary_source,7
pathobench.exaone2025.visiomel.relapse-noprev-melanoma,pathobench,visiomel,relapse_noprev_melanoma,survival_prediction,relapse_noprev_melanoma,case,classification,584,exaone2025_linear_probe,macro-ovr-auc,higher,EXAONE Path 2.5 Table 4 protocol: official Patho-Bench predefined 5-fold/50-fold splits; fixed THREADS-style logistic-regression linear probe for classification and Cox probe for survival; all classification tasks use macro one-vs-rest AUROC and survival uses C-index.,https://arxiv.org/pdf/2512.14019v1,parsed_primary_source,7
pathobench.exaone2025.visiomel.relapse-overall,pathobench,visiomel,relapse_overall,survival_prediction,relapse_overall,case,classification,1341,exaone2025_linear_probe,macro-ovr-auc,higher,EXAONE Path 2.5 Table 4 protocol: official Patho-Bench predefined 5-fold/50-fold splits; fixed THREADS-style logistic-regression linear probe for classification and Cox probe for survival; all classification tasks use macro one-vs-rest AUROC and survival uses C-index.,https://arxiv.org/pdf/2512.14019v1,parsed_primary_source,7
pathobench.hancook.grading-scc-conventional-keratinizing,pathobench,hancook,grading_SCC_Conventional_Keratinizing,tumor_grading,grading_SCC_Conventional_Keratinizing,case,classification,383,case_level_classification,weighted_kappa,higher,Public Patho-Bench split and task metadata; downstream protocol is task-specific in Patho-Bench.,https://huggingface.co/datasets/MahmoodLab/Patho-Bench/blob/60fde3a9138b2fb27a163ed6f3e2cf0ef7e8f387/hancook/grading_SCC_Conventional_Keratinizing/config.yaml,parsed_primary_source,0
pathobench.hancook.grading-scc-conventional-nonkeratinizing,pathobench,hancook,grading_SCC_Conventional_NonKeratinizing,tumor_grading,grading_SCC_Conventional_NonKeratinizing,case,classification,74,case_level_classification,weighted_kappa,higher,Public Patho-Bench split and task metadata; downstream protocol is task-specific in Patho-Bench.,https://huggingface.co/datasets/MahmoodLab/Patho-Bench/blob/60fde3a9138b2fb27a163ed6f3e2cf0ef7e8f387/hancook/grading_SCC_Conventional_NonKeratinizing/config.yaml,parsed_primary_source,0
pathobench.hancook.lymphovascular-invasion-l,pathobench,hancook,lymphovascular_invasion_L,tme_characterization,lymphovascular_invasion_L,case,classification,697,case_level_classification,macro-ovr-auc,higher,Public Patho-Bench split and task metadata; downstream protocol is task-specific in Patho-Bench.,https://huggingface.co/datasets/MahmoodLab/Patho-Bench/blob/60fde3a9138b2fb27a163ed6f3e2cf0ef7e8f387/hancook/lymphovascular_invasion_L/config.yaml,parsed_primary_source,0
pathobench.hancook.os-treatment-rdc,pathobench,hancook,OS_treatment_rdc,survival_prediction,OS_treatment_rdc,case,survival,203,case_level_survival,cindex,higher,Public Patho-Bench split and task metadata; downstream protocol is task-specific in Patho-Bench.,https://huggingface.co/datasets/MahmoodLab/Patho-Bench/blob/60fde3a9138b2fb27a163ed6f3e2cf0ef7e8f387/hancook/OS_treatment_rdc/config.yaml,parsed_primary_source,0
pathobench.hancook.perineural-invasion-pn,pathobench,hancook,perineural_invasion_Pn,tme_characterization,perineural_invasion_Pn,case,classification,697,case_level_classification,macro-ovr-auc,higher,Public Patho-Bench split and task metadata; downstream protocol is task-specific in Patho-Bench.,https://huggingface.co/datasets/MahmoodLab/Patho-Bench/blob/60fde3a9138b2fb27a163ed6f3e2cf0ef7e8f387/hancook/perineural_invasion_Pn/config.yaml,parsed_primary_source,0
pathobench.hancook.primarily-metastasis,pathobench,hancook,primarily_metastasis,tme_characterization,primarily_metastasis,case,classification,676,case_level_classification,macro-ovr-auc,higher,Public Patho-Bench split and task metadata; downstream protocol is task-specific in Patho-Bench.,https://huggingface.co/datasets/MahmoodLab/Patho-Bench/blob/60fde3a9138b2fb27a163ed6f3e2cf0ef7e8f387/hancook/primarily_metastasis/config.yaml,parsed_primary_source,0
pathobench.hancook.primary-tumor-site,pathobench,hancook,primary_tumor_site,morphological_subtyping,primary_tumor_site,case,classification,696,case_level_classification,bacc,higher,Public Patho-Bench split and task metadata; downstream protocol is task-specific in Patho-Bench.,https://huggingface.co/datasets/MahmoodLab/Patho-Bench/blob/60fde3a9138b2fb27a163ed6f3e2cf0ef7e8f387/hancook/primary_tumor_site/config.yaml,parsed_primary_source,0
pathobench.hancook.vascular-invasion-v,pathobench,hancook,vascular_invasion_V,tme_characterization,vascular_invasion_V,case,classification,697,case_level_classification,macro-ovr-auc,higher,Public Patho-Bench split and task metadata; downstream protocol is task-specific in Patho-Bench.,https://huggingface.co/datasets/MahmoodLab/Patho-Bench/blob/60fde3a9138b2fb27a163ed6f3e2cf0ef7e8f387/hancook/vascular_invasion_V/config.yaml,parsed_primary_source,0
pathobench.herroi.response,pathobench,herroi,response,treatment_response,response,slide,classification,85,slide_level_classification,macro-ovr-auc,higher,Public Patho-Bench split and task metadata; downstream protocol is task-specific in Patho-Bench.,https://huggingface.co/datasets/MahmoodLab/Patho-Bench/blob/60fde3a9138b2fb27a163ed6f3e2cf0ef7e8f387/herroi/response/config.yaml,parsed_primary_source,0
pathobench.imp.grade,pathobench,imp,grade,tumor_grading,grade,slide,classification,5333,slide_level_classification,weighted_kappa,higher,Public Patho-Bench split and task metadata; downstream protocol is task-specific in Patho-Bench.,https://huggingface.co/datasets/MahmoodLab/Patho-Bench/blob/60fde3a9138b2fb27a163ed6f3e2cf0ef7e8f387/imp/grade/config.yaml,parsed_primary_source,0
pathobench.mbc_.os,pathobench,mbc_,OS,survival_prediction,OS,case,survival,75,case_level_survival,cindex,higher,Public Patho-Bench split and task metadata; downstream protocol is task-specific in Patho-Bench.,https://huggingface.co/datasets/MahmoodLab/Patho-Bench/blob/60fde3a9138b2fb27a163ed6f3e2cf0ef7e8f387/mbc_/OS/config.yaml,parsed_primary_source,0
pathobench.mbc_.recist,pathobench,mbc_,Recist,treatment_response,Recist,case,classification,76,case_level_classification,weighted_kappa,higher,Public Patho-Bench split and task metadata; downstream protocol is task-specific in Patho-Bench.,https://huggingface.co/datasets/MahmoodLab/Patho-Bench/blob/60fde3a9138b2fb27a163ed6f3e2cf0ef7e8f387/mbc_/Recist/config.yaml,parsed_primary_source,0
pathobench.mut-het-rcc.bap1-mutation,pathobench,mut-het-rcc,BAP1_mutation,mutation_prediction,BAP1_mutation,case,classification,1291,case_level_classification,macro-ovr-auc,higher,Public Patho-Bench split and task metadata; downstream protocol is task-specific in Patho-Bench.,https://huggingface.co/datasets/MahmoodLab/Patho-Bench/blob/60fde3a9138b2fb27a163ed6f3e2cf0ef7e8f387/mut-het-rcc/BAP1_mutation/config.yaml,parsed_primary_source,0
pathobench.mut-het-rcc.pbrm1-mutation,pathobench,mut-het-rcc,PBRM1_mutation,mutation_prediction,PBRM1_mutation,case,classification,1291,case_level_classification,macro-ovr-auc,higher,Public Patho-Bench split and task metadata; downstream protocol is task-specific in Patho-Bench.,https://huggingface.co/datasets/MahmoodLab/Patho-Bench/blob/60fde3a9138b2fb27a163ed6f3e2cf0ef7e8f387/mut-het-rcc/PBRM1_mutation/config.yaml,parsed_primary_source,0
pathobench.mut-het-rcc.setd2-mutation,pathobench,mut-het-rcc,SETD2_mutation,mutation_prediction,SETD2_mutation,case,classification,1291,case_level_classification,macro-ovr-auc,higher,Public Patho-Bench split and task metadata; downstream protocol is task-specific in Patho-Bench.,https://huggingface.co/datasets/MahmoodLab/Patho-Bench/blob/60fde3a9138b2fb27a163ed6f3e2cf0ef7e8f387/mut-het-rcc/SETD2_mutation/config.yaml,parsed_primary_source,0
pathobench.nadt.response,pathobench,nadt,response,treatment_response,response,case,classification,36,case_level_classification,macro-ovr-auc,higher,Public Patho-Bench split and task metadata; downstream protocol is task-specific in Patho-Bench.,https://huggingface.co/datasets/MahmoodLab/Patho-Bench/blob/60fde3a9138b2fb27a163ed6f3e2cf0ef7e8f387/nadt/response/config.yaml,parsed_primary_source,0
pathobench.natbrca.lymphovascular-invasion,pathobench,natbrca,lymphovascular_invasion,tme_characterization,lymphovascular_invasion,slide,classification,53,slide_level_classification,macro-ovr-auc,higher,Public Patho-Bench split and task metadata; downstream protocol is task-specific in Patho-Bench.,https://huggingface.co/datasets/MahmoodLab/Patho-Bench/blob/60fde3a9138b2fb27a163ed6f3e2cf0ef7e8f387/natbrca/lymphovascular_invasion/config.yaml,parsed_primary_source,0
pathobench.ovarian.response,pathobench,ovarian,response,treatment_response,response,case,classification,36,case_level_classification,macro-ovr-auc,higher,Public Patho-Bench split and task metadata; downstream protocol is task-specific in Patho-Bench.,https://huggingface.co/datasets/MahmoodLab/Patho-Bench/blob/60fde3a9138b2fb27a163ed6f3e2cf0ef7e8f387/ovarian/response/config.yaml,parsed_primary_source,0
pathobench.panda.isup-grade,pathobench,panda,isup_grade,tumor_grading,PANDA ISUP grade,slide,classification,9555,slide_level_classification,weighted_kappa,higher,Public Patho-Bench split and task metadata; downstream protocol is task-specific in Patho-Bench.,https://huggingface.co/datasets/MahmoodLab/Patho-Bench/blob/60fde3a9138b2fb27a163ed6f3e2cf0ef7e8f387/panda/isup_grade/config.yaml,parsed_primary_source,0
pathobench.sr386_.braf-mutant-binary,pathobench,sr386_,braf_mutant_binary,mutation_prediction,braf_mutant_binary,case,classification,388,case_level_classification,macro-ovr-auc,higher,Public Patho-Bench split and task metadata; downstream protocol is task-specific in Patho-Bench.,https://huggingface.co/datasets/MahmoodLab/Patho-Bench/blob/60fde3a9138b2fb27a163ed6f3e2cf0ef7e8f387/sr386_/braf_mutant_binary/config.yaml,parsed_primary_source,0
pathobench.sr386_.died-within-5-years,pathobench,sr386_,died_within_5_years,survival_prediction,died_within_5_years,case,classification,387,case_level_classification,macro-ovr-auc,higher,Public Patho-Bench split and task metadata; downstream protocol is task-specific in Patho-Bench.,https://huggingface.co/datasets/MahmoodLab/Patho-Bench/blob/60fde3a9138b2fb27a163ed6f3e2cf0ef7e8f387/sr386_/died_within_5_years/config.yaml,parsed_primary_source,0
pathobench.sr386_.mmr-loss-binary,pathobench,sr386_,mmr_loss_binary,molecular_subtyping,mmr_loss_binary,case,classification,389,case_level_classification,macro-ovr-auc,higher,Public Patho-Bench split and task metadata; downstream protocol is task-specific in Patho-Bench.,https://huggingface.co/datasets/MahmoodLab/Patho-Bench/blob/60fde3a9138b2fb27a163ed6f3e2cf0ef7e8f387/sr386_/mmr_loss_binary/config.yaml,parsed_primary_source,0
pathobench.sr386_.os,pathobench,sr386_,OS,survival_prediction,OS,case,survival,144,case_level_survival,cindex,higher,Public Patho-Bench split and task metadata; downstream protocol is task-specific in Patho-Bench.,https://huggingface.co/datasets/MahmoodLab/Patho-Bench/blob/60fde3a9138b2fb27a163ed6f3e2cf0ef7e8f387/sr386_/OS/config.yaml,parsed_primary_source,0
pathobench.sr386_.ras-mutant-binary,pathobench,sr386_,ras_mutant_binary,mutation_prediction,ras_mutant_binary,case,classification,389,case_level_classification,macro-ovr-auc,higher,Public Patho-Bench split and task metadata; downstream protocol is task-specific in Patho-Bench.,https://huggingface.co/datasets/MahmoodLab/Patho-Bench/blob/60fde3a9138b2fb27a163ed6f3e2cf0ef7e8f387/sr386_/ras_mutant_binary/config.yaml,parsed_primary_source,0
pathobench.threads2025.bcnb.er,pathobench,bcnb,er,molecular_subtyping,er,case,classification,1058,threads2025_balanced_linear_probe,macro-ovr-auc,higher,"THREADS Extended Data protocol: frozen representation, balanced linear probe with fixed cost 0.5 for classification or paper-reported CoxNet for survival, evaluated on the Patho-Bench-v1 public split/fold recipe.",https://arxiv.org/html/2501.16652v1#S0.T11,parsed_primary_source,8
pathobench.threads2025.bcnb.her2,pathobench,bcnb,her2,molecular_subtyping,her2,case,classification,1058,threads2025_balanced_linear_probe,macro-ovr-auc,higher,"THREADS Extended Data protocol: frozen representation, balanced linear probe with fixed cost 0.5 for classification or paper-reported CoxNet for survival, evaluated on the Patho-Bench-v1 public split/fold recipe.",https://arxiv.org/html/2501.16652v1#S0.T11,parsed_primary_source,8
pathobench.threads2025.bcnb.pr,pathobench,bcnb,pr,molecular_subtyping,pr,case,classification,1058,threads2025_balanced_linear_probe,macro-ovr-auc,higher,"THREADS Extended Data protocol: frozen representation, balanced linear probe with fixed cost 0.5 for classification or paper-reported CoxNet for survival, evaluated on the Patho-Bench-v1 public split/fold recipe.",https://arxiv.org/html/2501.16652v1#S0.T11,parsed_primary_source,8
pathobench.threads2025.boehmk_.pfs,pathobench,boehmk_,PFS,survival_prediction,PFS,case,survival,183,threads2025_coxnet,cindex,higher,"THREADS Extended Data protocol: frozen representation, balanced linear probe with fixed cost 0.5 for classification or paper-reported CoxNet for survival, evaluated on the Patho-Bench-v1 public split/fold recipe.",https://arxiv.org/html/2501.16652v1#S0.T37,parsed_primary_source,8
pathobench.threads2025.bracs.slidelevel-coarse,pathobench,bracs,slidelevel_coarse,morphological_subtyping,slidelevel_coarse,slide,classification,547,threads2025_balanced_linear_probe,bacc,higher,"THREADS Extended Data protocol: frozen representation, balanced linear probe with fixed cost 0.5 for classification or paper-reported CoxNet for survival, evaluated on the Patho-Bench-v1 public split/fold recipe.",https://arxiv.org/html/2501.16652v1#S0.T23,parsed_primary_source,8
pathobench.threads2025.bracs.slidelevel-fine,pathobench,bracs,slidelevel_fine,morphological_subtyping,slidelevel_fine,slide,classification,547,threads2025_balanced_linear_probe,bacc,higher,"THREADS Extended Data protocol: frozen representation, balanced linear probe with fixed cost 0.5 for classification or paper-reported CoxNet for survival, evaluated on the Patho-Bench-v1 public split/fold recipe.",https://arxiv.org/html/2501.16652v1#S0.T23,parsed_primary_source,8
pathobench.threads2025.cptac_brca.pik3ca-mutation,pathobench,cptac_brca,PIK3CA_mutation,mutation_prediction,PIK3CA_mutation,case,classification,103,threads2025_balanced_linear_probe,macro-ovr-auc,higher,"THREADS Extended Data protocol: frozen representation, balanced linear probe with fixed cost 0.5 for classification or paper-reported CoxNet for survival, evaluated on the Patho-Bench-v1 public split/fold recipe.",https://arxiv.org/html/2501.16652v1#S0.T15,parsed_primary_source,8
pathobench.threads2025.cptac_brca.tp53-mutation,pathobench,cptac_brca,TP53_mutation,mutation_prediction,TP53_mutation,case,classification,103,threads2025_balanced_linear_probe,macro-ovr-auc,higher,"THREADS Extended Data protocol: frozen representation, balanced linear probe with fixed cost 0.5 for classification or paper-reported CoxNet for survival, evaluated on the Patho-Bench-v1 public split/fold recipe.",https://arxiv.org/html/2501.16652v1#S0.T15,parsed_primary_source,8
pathobench.threads2025.cptac_ccrcc.bap1-mutation,pathobench,cptac_ccrcc,BAP1_mutation,mutation_prediction,BAP1_mutation,case,classification,103,threads2025_balanced_linear_probe,macro-ovr-auc,higher,"THREADS Extended Data protocol: frozen representation, balanced linear probe with fixed cost 0.5 for classification or paper-reported CoxNet for survival, evaluated on the Patho-Bench-v1 public split/fold recipe.",https://arxiv.org/html/2501.16652v1#S0.T16,parsed_primary_source,8
pathobench.threads2025.cptac_ccrcc.os,pathobench,cptac_ccrcc,OS,survival_prediction,OS,case,survival,94,threads2025_coxnet,cindex,higher,"THREADS Extended Data protocol: frozen representation, balanced linear probe with fixed cost 0.5 for classification or paper-reported CoxNet for survival, evaluated on the Patho-Bench-v1 public split/fold recipe.",https://arxiv.org/html/2501.16652v1#S0.T33,parsed_primary_source,8
pathobench.threads2025.cptac_ccrcc.pbrm1-mutation,pathobench,cptac_ccrcc,PBRM1_mutation,mutation_prediction,PBRM1_mutation,case,classification,103,threads2025_balanced_linear_probe,macro-ovr-auc,higher,"THREADS Extended Data protocol: frozen representation, balanced linear probe with fixed cost 0.5 for classification or paper-reported CoxNet for survival, evaluated on the Patho-Bench-v1 public split/fold recipe.",https://arxiv.org/html/2501.16652v1#S0.T16,parsed_primary_source,8
pathobench.threads2025.cptac_coad.kras-mutation,pathobench,cptac_coad,KRAS_mutation,mutation_prediction,KRAS_mutation,case,classification,94,threads2025_balanced_linear_probe,macro-ovr-auc,higher,"THREADS Extended Data protocol: frozen representation, balanced linear probe with fixed cost 0.5 for classification or paper-reported CoxNet for survival, evaluated on the Patho-Bench-v1 public split/fold recipe.",https://arxiv.org/html/2501.16652v1#S0.T17,parsed_primary_source,8
pathobench.threads2025.cptac_coad.tp53-mutation,pathobench,cptac_coad,TP53_mutation,mutation_prediction,TP53_mutation,case,classification,94,threads2025_balanced_linear_probe,macro-ovr-auc,higher,"THREADS Extended Data protocol: frozen representation, balanced linear probe with fixed cost 0.5 for classification or paper-reported CoxNet for survival, evaluated on the Patho-Bench-v1 public split/fold recipe.",https://arxiv.org/html/2501.16652v1#S0.T17,parsed_primary_source,8
pathobench.threads2025.cptac_gbm.egfr-mutation,pathobench,cptac_gbm,EGFR_mutation,mutation_prediction,EGFR_mutation,case,classification,99,threads2025_balanced_linear_probe,macro-ovr-auc,higher,"THREADS Extended Data protocol: frozen representation, balanced linear probe with fixed cost 0.5 for classification or paper-reported CoxNet for survival, evaluated on the Patho-Bench-v1 public split/fold recipe.",https://arxiv.org/html/2501.16652v1#S0.T18,parsed_primary_source,8
pathobench.threads2025.cptac_gbm.tp53-mutation,pathobench,cptac_gbm,TP53_mutation,mutation_prediction,TP53_mutation,case,classification,99,threads2025_balanced_linear_probe,macro-ovr-auc,higher,"THREADS Extended Data protocol: frozen representation, balanced linear probe with fixed cost 0.5 for classification or paper-reported CoxNet for survival, evaluated on the Patho-Bench-v1 public split/fold recipe.",https://arxiv.org/html/2501.16652v1#S0.T18,parsed_primary_source,8
pathobench.threads2025.cptac_hnsc.casp8-mutation,pathobench,cptac_hnsc,CASP8_mutation,mutation_prediction,CASP8_mutation,case,classification,107,threads2025_balanced_linear_probe,macro-ovr-auc,higher,"THREADS Extended Data protocol: frozen representation, balanced linear probe with fixed cost 0.5 for classification or paper-reported CoxNet for survival, evaluated on the Patho-Bench-v1 public split/fold recipe.",https://arxiv.org/html/2501.16652v1#S0.T19,parsed_primary_source,8
pathobench.threads2025.cptac_hnsc.os,pathobench,cptac_hnsc,OS,survival_prediction,OS,case,survival,102,threads2025_coxnet,cindex,higher,"THREADS Extended Data protocol: frozen representation, balanced linear probe with fixed cost 0.5 for classification or paper-reported CoxNet for survival, evaluated on the Patho-Bench-v1 public split/fold recipe.",https://arxiv.org/html/2501.16652v1#S0.T34,parsed_primary_source,8
pathobench.threads2025.cptac_lscc.arid1a-mutation,pathobench,cptac_lscc,ARID1A_mutation,mutation_prediction,ARID1A_mutation,case,classification,108,threads2025_balanced_linear_probe,macro-ovr-auc,higher,"THREADS Extended Data protocol: frozen representation, balanced linear probe with fixed cost 0.5 for classification or paper-reported CoxNet for survival, evaluated on the Patho-Bench-v1 public split/fold recipe.",https://arxiv.org/html/2501.16652v1#S0.T20,parsed_primary_source,8
pathobench.threads2025.cptac_lscc.keap1-mutation,pathobench,cptac_lscc,KEAP1_mutation,mutation_prediction,KEAP1_mutation,case,classification,108,threads2025_balanced_linear_probe,macro-ovr-auc,higher,"THREADS Extended Data protocol: frozen representation, balanced linear probe with fixed cost 0.5 for classification or paper-reported CoxNet for survival, evaluated on the Patho-Bench-v1 public split/fold recipe.",https://arxiv.org/html/2501.16652v1#S0.T20,parsed_primary_source,8
pathobench.threads2025.cptac_luad.egfr-mutation,pathobench,cptac_luad,EGFR_mutation,mutation_prediction,EGFR_mutation,case,classification,108,threads2025_balanced_linear_probe,macro-ovr-auc,higher,"THREADS Extended Data protocol: frozen representation, balanced linear probe with fixed cost 0.5 for classification or paper-reported CoxNet for survival, evaluated on the Patho-Bench-v1 public split/fold recipe.",https://arxiv.org/html/2501.16652v1#S0.T21,parsed_primary_source,8
pathobench.threads2025.cptac_luad.os,pathobench,cptac_luad,OS,survival_prediction,OS,case,survival,105,threads2025_coxnet,cindex,higher,"THREADS Extended Data protocol: frozen representation, balanced linear probe with fixed cost 0.5 for classification or paper-reported CoxNet for survival, evaluated on the Patho-Bench-v1 public split/fold recipe.",https://arxiv.org/html/2501.16652v1#S0.T32,parsed_primary_source,8
pathobench.threads2025.cptac_luad.stk11-mutation,pathobench,cptac_luad,STK11_mutation,mutation_prediction,STK11_mutation,case,classification,108,threads2025_balanced_linear_probe,macro-ovr-auc,higher,"THREADS Extended Data protocol: frozen representation, balanced linear probe with fixed cost 0.5 for classification or paper-reported CoxNet for survival, evaluated on the Patho-Bench-v1 public split/fold recipe.",https://arxiv.org/html/2501.16652v1#S0.T21,parsed_primary_source,8
pathobench.threads2025.cptac_luad.tp53-mutation,pathobench,cptac_luad,TP53_mutation,mutation_prediction,TP53_mutation,case,classification,108,threads2025_balanced_linear_probe,macro-ovr-auc,higher,"THREADS Extended Data protocol: frozen representation, balanced linear probe with fixed cost 0.5 for classification or paper-reported CoxNet for survival, evaluated on the Patho-Bench-v1 public split/fold recipe.",https://arxiv.org/html/2501.16652v1#S0.T21,parsed_primary_source,8
pathobench.threads2025.cptac_pda.os,pathobench,cptac_pda,OS,survival_prediction,OS,case,survival,97,threads2025_coxnet,cindex,higher,"THREADS Extended Data protocol: frozen representation, balanced linear probe with fixed cost 0.5 for classification or paper-reported CoxNet for survival, evaluated on the Patho-Bench-v1 public split/fold recipe.",https://arxiv.org/html/2501.16652v1#S0.T31,parsed_primary_source,8
pathobench.threads2025.cptac_pda.smad4-mutation,pathobench,cptac_pda,SMAD4_mutation,mutation_prediction,SMAD4_mutation,case,classification,105,threads2025_balanced_linear_probe,macro-ovr-auc,higher,"THREADS Extended Data protocol: frozen representation, balanced linear probe with fixed cost 0.5 for classification or paper-reported CoxNet for survival, evaluated on the Patho-Bench-v1 public split/fold recipe.",https://arxiv.org/html/2501.16652v1#S0.T22,parsed_primary_source,8
pathobench.threads2025.ebrains.diagnosis,pathobench,ebrains,diagnosis,morphological_subtyping,diagnosis,slide,classification,2319,threads2025_balanced_linear_probe,bacc,higher,"THREADS Extended Data protocol: frozen representation, balanced linear probe with fixed cost 0.5 for classification or paper-reported CoxNet for survival, evaluated on the Patho-Bench-v1 public split/fold recipe.",https://arxiv.org/html/2501.16652v1#S0.T24,parsed_primary_source,8
pathobench.threads2025.ebrains.diagnosis-group,pathobench,ebrains,diagnosis_group,morphological_subtyping,diagnosis_group,slide,classification,2319,threads2025_balanced_linear_probe,bacc,higher,"THREADS Extended Data protocol: frozen representation, balanced linear probe with fixed cost 0.5 for classification or paper-reported CoxNet for survival, evaluated on the Patho-Bench-v1 public split/fold recipe.",https://arxiv.org/html/2501.16652v1#S0.T24,parsed_primary_source,8
pathobench.threads2025.imp.grade,pathobench,imp,grade,tumor_grading,grade,slide,classification,5333,threads2025_balanced_linear_probe,weighted_kappa,higher,"THREADS Extended Data protocol: frozen representation, balanced linear probe with fixed cost 0.5 for classification or paper-reported CoxNet for survival, evaluated on the Patho-Bench-v1 public split/fold recipe.",https://arxiv.org/html/2501.16652v1#S0.T13,parsed_primary_source,8
pathobench.threads2025.mbc_.os,pathobench,mbc_,OS,survival_prediction,OS,case,survival,75,threads2025_coxnet,cindex,higher,"THREADS Extended Data protocol: frozen representation, balanced linear probe with fixed cost 0.5 for classification or paper-reported CoxNet for survival, evaluated on the Patho-Bench-v1 public split/fold recipe.",https://arxiv.org/html/2501.16652v1#S0.T36,parsed_primary_source,8
pathobench.threads2025.mbc_.recist,pathobench,mbc_,Recist,treatment_response,Recist,case,classification,76,threads2025_balanced_linear_probe,weighted_kappa,higher,"THREADS Extended Data protocol: frozen representation, balanced linear probe with fixed cost 0.5 for classification or paper-reported CoxNet for survival, evaluated on the Patho-Bench-v1 public split/fold recipe.",https://arxiv.org/html/2501.16652v1#S0.T30,parsed_primary_source,8
pathobench.threads2025.mut-het-rcc.bap1-mutation,pathobench,mut-het-rcc,BAP1_mutation,mutation_prediction,BAP1_mutation,case,classification,1291,threads2025_balanced_linear_probe,macro-ovr-auc,higher,"THREADS Extended Data protocol: frozen representation, balanced linear probe with fixed cost 0.5 for classification or paper-reported CoxNet for survival, evaluated on the Patho-Bench-v1 public split/fold recipe.",https://arxiv.org/html/2501.16652v1#S0.T12,parsed_primary_source,8
pathobench.threads2025.mut-het-rcc.pbrm1-mutation,pathobench,mut-het-rcc,PBRM1_mutation,mutation_prediction,PBRM1_mutation,case,classification,1291,threads2025_balanced_linear_probe,macro-ovr-auc,higher,"THREADS Extended Data protocol: frozen representation, balanced linear probe with fixed cost 0.5 for classification or paper-reported CoxNet for survival, evaluated on the Patho-Bench-v1 public split/fold recipe.",https://arxiv.org/html/2501.16652v1#S0.T12,parsed_primary_source,8
pathobench.threads2025.mut-het-rcc.setd2-mutation,pathobench,mut-het-rcc,SETD2_mutation,mutation_prediction,SETD2_mutation,case,classification,1291,threads2025_balanced_linear_probe,macro-ovr-auc,higher,"THREADS Extended Data protocol: frozen representation, balanced linear probe with fixed cost 0.5 for classification or paper-reported CoxNet for survival, evaluated on the Patho-Bench-v1 public split/fold recipe.",https://arxiv.org/html/2501.16652v1#S0.T12,parsed_primary_source,8
pathobench.threads2025.nadt.response,pathobench,nadt,response,treatment_response,response,case,classification,36,threads2025_balanced_linear_probe,macro-ovr-auc,higher,"THREADS Extended Data protocol: frozen representation, balanced linear probe with fixed cost 0.5 for classification or paper-reported CoxNet for survival, evaluated on the Patho-Bench-v1 public split/fold recipe.",https://arxiv.org/html/2501.16652v1#S0.T26,parsed_primary_source,8
pathobench.threads2025.natbrca.lymphovascular-invasion,pathobench,natbrca,lymphovascular_invasion,tme_characterization,lymphovascular_invasion,slide,classification,53,threads2025_balanced_linear_probe,macro-ovr-auc,higher,"THREADS Extended Data protocol: frozen representation, balanced linear probe with fixed cost 0.5 for classification or paper-reported CoxNet for survival, evaluated on the Patho-Bench-v1 public split/fold recipe.",https://arxiv.org/html/2501.16652v1#S0.T28,parsed_primary_source,8
pathobench.threads2025.ovarian.response,pathobench,ovarian,response,treatment_response,response,case,classification,36,threads2025_balanced_linear_probe,macro-ovr-auc,higher,"THREADS Extended Data protocol: frozen representation, balanced linear probe with fixed cost 0.5 for classification or paper-reported CoxNet for survival, evaluated on the Patho-Bench-v1 public split/fold recipe.",https://arxiv.org/html/2501.16652v1#S0.T25,parsed_primary_source,8
pathobench.threads2025.panda.isup-grade,pathobench,panda,isup_grade,tumor_grading,PANDA ISUP grade,slide,classification,9555,threads2025_balanced_linear_probe,weighted_kappa,higher,"THREADS Extended Data protocol: frozen representation, balanced linear probe with fixed cost 0.5 for classification or paper-reported CoxNet for survival, evaluated on the Patho-Bench-v1 public split/fold recipe.",https://arxiv.org/html/2501.16652v1#S0.T14,parsed_primary_source,8
pathobench.threads2025.sr386_.braf-mutant-binary,pathobench,sr386_,braf_mutant_binary,mutation_prediction,braf_mutant_binary,case,classification,388,threads2025_balanced_linear_probe,macro-ovr-auc,higher,"THREADS Extended Data protocol: frozen representation, balanced linear probe with fixed cost 0.5 for classification or paper-reported CoxNet for survival, evaluated on the Patho-Bench-v1 public split/fold recipe.",https://arxiv.org/html/2501.16652v1#S0.T29,parsed_primary_source,8
pathobench.threads2025.sr386_.died-within-5-years,pathobench,sr386_,died_within_5_years,survival_prediction,died_within_5_years,case,classification,387,threads2025_balanced_linear_probe,macro-ovr-auc,higher,"THREADS Extended Data protocol: frozen representation, balanced linear probe with fixed cost 0.5 for classification or paper-reported CoxNet for survival, evaluated on the Patho-Bench-v1 public split/fold recipe.",https://arxiv.org/html/2501.16652v1#S0.T29,parsed_primary_source,8
pathobench.threads2025.sr386_.mmr-loss-binary,pathobench,sr386_,mmr_loss_binary,molecular_subtyping,mmr_loss_binary,case,classification,389,threads2025_balanced_linear_probe,macro-ovr-auc,higher,"THREADS Extended Data protocol: frozen representation, balanced linear probe with fixed cost 0.5 for classification or paper-reported CoxNet for survival, evaluated on the Patho-Bench-v1 public split/fold recipe.",https://arxiv.org/html/2501.16652v1#S0.T29,parsed_primary_source,8
pathobench.threads2025.sr386_.os,pathobench,sr386_,OS,survival_prediction,OS,case,survival,144,threads2025_coxnet,cindex,higher,"THREADS Extended Data protocol: frozen representation, balanced linear probe with fixed cost 0.5 for classification or paper-reported CoxNet for survival, evaluated on the Patho-Bench-v1 public split/fold recipe.",https://arxiv.org/html/2501.16652v1#S0.T35,parsed_primary_source,8
pathobench.threads2025.sr386_.ras-mutant-binary,pathobench,sr386_,ras_mutant_binary,mutation_prediction,ras_mutant_binary,case,classification,389,threads2025_balanced_linear_probe,macro-ovr-auc,higher,"THREADS Extended Data protocol: frozen representation, balanced linear probe with fixed cost 0.5 for classification or paper-reported CoxNet for survival, evaluated on the Patho-Bench-v1 public split/fold recipe.",https://arxiv.org/html/2501.16652v1#S0.T29,parsed_primary_source,8
pathobench.ucla_lung.progression-regression,pathobench,ucla_lung,progression_regression,treatment_response,progression_regression,case,classification,112,case_level_classification,macro-ovr-auc,higher,Public Patho-Bench split and task metadata; downstream protocol is task-specific in Patho-Bench.,https://huggingface.co/datasets/MahmoodLab/Patho-Bench/blob/60fde3a9138b2fb27a163ed6f3e2cf0ef7e8f387/ucla_lung/progression_regression/config.yaml,parsed_primary_source,0
pathobench.visiomel.relapse-noprev-melanoma,pathobench,visiomel,relapse_noprev_melanoma,survival_prediction,relapse_noprev_melanoma,case,classification,584,case_level_classification,macro-ovr-auc,higher,Public Patho-Bench split and task metadata; downstream protocol is task-specific in Patho-Bench.,https://huggingface.co/datasets/MahmoodLab/Patho-Bench/blob/60fde3a9138b2fb27a163ed6f3e2cf0ef7e8f387/visiomel/relapse_noprev_melanoma/config.yaml,parsed_primary_source,0
pathobench.visiomel.relapse-overall,pathobench,visiomel,relapse_overall,survival_prediction,relapse_overall,case,classification,1341,case_level_classification,macro-ovr-auc,higher,Public Patho-Bench split and task metadata; downstream protocol is task-specific in Patho-Bench.,https://huggingface.co/datasets/MahmoodLab/Patho-Bench/blob/60fde3a9138b2fb27a163ed6f3e2cf0ef7e8f387/visiomel/relapse_overall/config.yaml,parsed_primary_source,0
pathorob.camelyon.average_performance_drop,pathorob,camelyon,camelyon average_performance_drop,shortcut_generalization,average_performance_drop,patch,robustness_analysis,not_reported,average_performance_drop,average_performance_drop,lower,"PathoROB center-robustness protocol across TCGA 2x2, TCGA 4x4, Camelyon, and Tolkach ESCA benchmark datasets.",https://github.com/bifold-pathomics/PathoROB/blob/6583cf0b0d902c8cc032308262fa3a3befdc0687/README.md,parsed_primary_source,0
pathorob.camelyon.clustering_score,pathorob,camelyon,camelyon clustering_score,clustering_robustness,clustering_score,patch,robustness_analysis,not_reported,clustering_score,clustering_score,higher,"PathoROB center-robustness protocol across TCGA 2x2, TCGA 4x4, Camelyon, and Tolkach ESCA benchmark datasets.",https://github.com/bifold-pathomics/PathoROB/blob/6583cf0b0d902c8cc032308262fa3a3befdc0687/README.md,parsed_primary_source,0
pathorob.camelyon.robustness_index,pathorob,camelyon,camelyon robustness_index,representation_robustness,robustness_index,patch,robustness_analysis,not_reported,robustness_index,robustness_index,higher,"PathoROB center-robustness protocol across TCGA 2x2, TCGA 4x4, Camelyon, and Tolkach ESCA benchmark datasets.",https://github.com/bifold-pathomics/PathoROB/blob/6583cf0b0d902c8cc032308262fa3a3befdc0687/README.md,parsed_primary_source,23
pathorob.tcga_2x2.average_performance_drop,pathorob,tcga_2x2,tcga_2x2 average_performance_drop,shortcut_generalization,average_performance_drop,patch,robustness_analysis,not_reported,average_performance_drop,average_performance_drop,lower,"PathoROB center-robustness protocol across TCGA 2x2, TCGA 4x4, Camelyon, and Tolkach ESCA benchmark datasets.",https://github.com/bifold-pathomics/PathoROB/blob/6583cf0b0d902c8cc032308262fa3a3befdc0687/README.md,parsed_primary_source,0
pathorob.tcga_2x2.clustering_score,pathorob,tcga_2x2,tcga_2x2 clustering_score,clustering_robustness,clustering_score,patch,robustness_analysis,not_reported,clustering_score,clustering_score,higher,"PathoROB center-robustness protocol across TCGA 2x2, TCGA 4x4, Camelyon, and Tolkach ESCA benchmark datasets.",https://github.com/bifold-pathomics/PathoROB/blob/6583cf0b0d902c8cc032308262fa3a3befdc0687/README.md,parsed_primary_source,0
pathorob.tcga_2x2.robustness_index,pathorob,tcga_2x2,tcga_2x2 robustness_index,representation_robustness,robustness_index,patch,robustness_analysis,not_reported,robustness_index,robustness_index,higher,"PathoROB center-robustness protocol across TCGA 2x2, TCGA 4x4, Camelyon, and Tolkach ESCA benchmark datasets.",https://github.com/bifold-pathomics/PathoROB/blob/6583cf0b0d902c8cc032308262fa3a3befdc0687/README.md,parsed_primary_source,23
pathorob.tcga_4x4.average_performance_drop,pathorob,tcga_4x4,tcga_4x4 average_performance_drop,shortcut_generalization,average_performance_drop,patch,robustness_analysis,not_reported,average_performance_drop,average_performance_drop,lower,"PathoROB center-robustness protocol across TCGA 2x2, TCGA 4x4, Camelyon, and Tolkach ESCA benchmark datasets.",https://github.com/bifold-pathomics/PathoROB/blob/6583cf0b0d902c8cc032308262fa3a3befdc0687/README.md,parsed_primary_source,0
pathorob.tcga_4x4.clustering_score,pathorob,tcga_4x4,tcga_4x4 clustering_score,clustering_robustness,clustering_score,patch,robustness_analysis,not_reported,clustering_score,clustering_score,higher,"PathoROB center-robustness protocol across TCGA 2x2, TCGA 4x4, Camelyon, and Tolkach ESCA benchmark datasets.",https://github.com/bifold-pathomics/PathoROB/blob/6583cf0b0d902c8cc032308262fa3a3befdc0687/README.md,parsed_primary_source,0
pathorob.tcga_4x4.robustness_index,pathorob,tcga_4x4,tcga_4x4 robustness_index,representation_robustness,robustness_index,patch,robustness_analysis,not_reported,robustness_index,robustness_index,higher,"PathoROB center-robustness protocol across TCGA 2x2, TCGA 4x4, Camelyon, and Tolkach ESCA benchmark datasets.",https://github.com/bifold-pathomics/PathoROB/blob/6583cf0b0d902c8cc032308262fa3a3befdc0687/README.md,parsed_primary_source,0
pathorob.tolkach_esca.average_performance_drop,pathorob,tolkach_esca,tolkach_esca average_performance_drop,shortcut_generalization,average_performance_drop,patch,robustness_analysis,not_reported,average_performance_drop,average_performance_drop,lower,"PathoROB center-robustness protocol across TCGA 2x2, TCGA 4x4, Camelyon, and Tolkach ESCA benchmark datasets.",https://github.com/bifold-pathomics/PathoROB/blob/6583cf0b0d902c8cc032308262fa3a3befdc0687/README.md,parsed_primary_source,0
pathorob.tolkach_esca.clustering_score,pathorob,tolkach_esca,tolkach_esca clustering_score,clustering_robustness,clustering_score,patch,robustness_analysis,not_reported,clustering_score,clustering_score,higher,"PathoROB center-robustness protocol across TCGA 2x2, TCGA 4x4, Camelyon, and Tolkach ESCA benchmark datasets.",https://github.com/bifold-pathomics/PathoROB/blob/6583cf0b0d902c8cc032308262fa3a3befdc0687/README.md,parsed_primary_source,0
pathorob.tolkach_esca.robustness_index,pathorob,tolkach_esca,tolkach_esca robustness_index,representation_robustness,robustness_index,patch,robustness_analysis,not_reported,robustness_index,robustness_index,higher,"PathoROB center-robustness protocol across TCGA 2x2, TCGA 4x4, Camelyon, and Tolkach ESCA benchmark datasets.",https://github.com/bifold-pathomics/PathoROB/blob/6583cf0b0d902c8cc032308262fa3a3befdc0687/README.md,parsed_primary_source,23
thunder.bach.linear_probing,thunder,bach,bach linear_probing,classification,BACH four-class histology label,image,classification,400,linear_probing,f1,higher,THUNDER dataset config with its code-declared compatible primary downstream endpoint; frozen linear probe for classification or segmentation decoder.,https://github.com/MICS-Lab/thunder/blob/3d1cc9513fb2cfd8c4afb0d7bb9f5c4f6b69117f/src/thunder/config/dataset/bach.yaml,parsed_primary_source,32
thunder.bracs.linear_probing,thunder,bracs,bracs linear_probing,classification,BRACS seven-class lesion label,image,classification,4539,linear_probing,f1,higher,THUNDER dataset config with its code-declared compatible primary downstream endpoint; frozen linear probe for classification or segmentation decoder.,https://github.com/MICS-Lab/thunder/blob/3d1cc9513fb2cfd8c4afb0d7bb9f5c4f6b69117f/src/thunder/config/dataset/bracs.yaml,parsed_primary_source,32
thunder.break_his.linear_probing,thunder,break_his,break_his linear_probing,classification,BreakHis selected four-class subtype label,image,classification,1471,linear_probing,f1,higher,THUNDER dataset config with its code-declared compatible primary downstream endpoint; frozen linear probe for classification or segmentation decoder.,https://github.com/MICS-Lab/thunder/blob/3d1cc9513fb2cfd8c4afb0d7bb9f5c4f6b69117f/src/thunder/config/dataset/break_his.yaml,parsed_primary_source,32
thunder.ccrcc.linear_probing,thunder,ccrcc,ccrcc linear_probing,classification,ccrcc class label,image,classification,27169,linear_probing,f1,higher,THUNDER dataset config with its code-declared compatible primary downstream endpoint; frozen linear probe for classification or segmentation decoder.,https://github.com/MICS-Lab/thunder/blob/3d1cc9513fb2cfd8c4afb0d7bb9f5c4f6b69117f/src/thunder/config/dataset/ccrcc.yaml,parsed_primary_source,32
thunder.crc.linear_probing,thunder,crc,crc linear_probing,classification,CRC-100K nine-class tissue label,image,classification,107180,linear_probing,f1,higher,THUNDER dataset config with its code-declared compatible primary downstream endpoint; frozen linear probe for classification or segmentation decoder.,https://github.com/MICS-Lab/thunder/blob/3d1cc9513fb2cfd8c4afb0d7bb9f5c4f6b69117f/src/thunder/config/dataset/crc.yaml,parsed_primary_source,32
thunder.esca.linear_probing,thunder,esca,esca linear_probing,classification,esca class label,image,classification,367329,linear_probing,f1,higher,THUNDER dataset config with its code-declared compatible primary downstream endpoint; frozen linear probe for classification or segmentation decoder.,https://github.com/MICS-Lab/thunder/blob/3d1cc9513fb2cfd8c4afb0d7bb9f5c4f6b69117f/src/thunder/config/dataset/esca.yaml,parsed_primary_source,32
thunder.mhist.linear_probing,thunder,mhist,mhist linear_probing,classification,MHIST hyperplastic-polyp versus sessile-serrated-adenoma label,image,classification,3152,linear_probing,f1,higher,THUNDER dataset config with its code-declared compatible primary downstream endpoint; frozen linear probe for classification or segmentation decoder.,https://github.com/MICS-Lab/thunder/blob/3d1cc9513fb2cfd8c4afb0d7bb9f5c4f6b69117f/src/thunder/config/dataset/mhist.yaml,parsed_primary_source,32
thunder.ocelot.segmentation,thunder,ocelot,ocelot segmentation,segmentation,ocelot segmentation mask,image,segmentation,10608,segmentation,dice,higher,THUNDER dataset config with its code-declared compatible primary downstream endpoint; frozen linear probe for classification or segmentation decoder.,https://github.com/MICS-Lab/thunder/blob/3d1cc9513fb2cfd8c4afb0d7bb9f5c4f6b69117f/src/thunder/config/dataset/ocelot.yaml,parsed_primary_source,0
thunder.pannuke.segmentation,thunder,pannuke,pannuke segmentation,segmentation,pannuke segmentation mask,image,segmentation,7901,segmentation,dice,higher,THUNDER dataset config with its code-declared compatible primary downstream endpoint; frozen linear probe for classification or segmentation decoder.,https://github.com/MICS-Lab/thunder/blob/3d1cc9513fb2cfd8c4afb0d7bb9f5c4f6b69117f/src/thunder/config/dataset/pannuke.yaml,parsed_primary_source,0
thunder.patch_camelyon.linear_probing,thunder,patch_camelyon,patch_camelyon linear_probing,classification,PatchCamelyon binary metastatic-tissue label,image,classification,327680,linear_probing,f1,higher,THUNDER dataset config with its code-declared compatible primary downstream endpoint; frozen linear probe for classification or segmentation decoder.,https://github.com/MICS-Lab/thunder/blob/3d1cc9513fb2cfd8c4afb0d7bb9f5c4f6b69117f/src/thunder/config/dataset/patch_camelyon.yaml,parsed_primary_source,32
thunder.segpath_epithelial.segmentation,thunder,segpath_epithelial,segpath_epithelial segmentation,segmentation,segpath_epithelial segmentation mask,image,segmentation,238581,segmentation,dice,higher,THUNDER dataset config with its code-declared compatible primary downstream endpoint; frozen linear probe for classification or segmentation decoder.,https://github.com/MICS-Lab/thunder/blob/3d1cc9513fb2cfd8c4afb0d7bb9f5c4f6b69117f/src/thunder/config/dataset/segpath_epithelial.yaml,parsed_primary_source,0
thunder.segpath_lymphocytes.segmentation,thunder,segpath_lymphocytes,segpath_lymphocytes segmentation,segmentation,segpath_lymphocytes segmentation mask,image,segmentation,110457,segmentation,dice,higher,THUNDER dataset config with its code-declared compatible primary downstream endpoint; frozen linear probe for classification or segmentation decoder.,https://github.com/MICS-Lab/thunder/blob/3d1cc9513fb2cfd8c4afb0d7bb9f5c4f6b69117f/src/thunder/config/dataset/segpath_lymphocytes.yaml,parsed_primary_source,0
thunder.spider_breast.linear_probing,thunder,spider_breast,spider_breast linear_probing,classification,spider_breast class label,image,classification,92892,linear_probing,f1,higher,THUNDER dataset config with its code-declared compatible primary downstream endpoint; frozen linear probe for classification or segmentation decoder.,https://github.com/MICS-Lab/thunder/blob/3d1cc9513fb2cfd8c4afb0d7bb9f5c4f6b69117f/src/thunder/config/dataset/spider_breast.yaml,parsed_primary_source,32
thunder.spider_colorectal.linear_probing,thunder,spider_colorectal,spider_colorectal linear_probing,classification,spider_colorectal class label,image,classification,77182,linear_probing,f1,higher,THUNDER dataset config with its code-declared compatible primary downstream endpoint; frozen linear probe for classification or segmentation decoder.,https://github.com/MICS-Lab/thunder/blob/3d1cc9513fb2cfd8c4afb0d7bb9f5c4f6b69117f/src/thunder/config/dataset/spider_colorectal.yaml,parsed_primary_source,32
thunder.spider_skin.linear_probing,thunder,spider_skin,spider_skin linear_probing,classification,spider_skin class label,image,classification,159854,linear_probing,f1,higher,THUNDER dataset config with its code-declared compatible primary downstream endpoint; frozen linear probe for classification or segmentation decoder.,https://github.com/MICS-Lab/thunder/blob/3d1cc9513fb2cfd8c4afb0d7bb9f5c4f6b69117f/src/thunder/config/dataset/spider_skin.yaml,parsed_primary_source,32
thunder.spider_thorax.linear_probing,thunder,spider_thorax,spider_thorax linear_probing,classification,spider_thorax class label,image,classification,78307,linear_probing,f1,higher,THUNDER dataset config with its code-declared compatible primary downstream endpoint; frozen linear probe for classification or segmentation decoder.,https://github.com/MICS-Lab/thunder/blob/3d1cc9513fb2cfd8c4afb0d7bb9f5c4f6b69117f/src/thunder/config/dataset/spider_thorax.yaml,parsed_primary_source,32
thunder.starc9.linear_probing,thunder,starc9,starc9 linear_probing,classification,starc9 class label,image,classification,702000,linear_probing,f1,higher,THUNDER dataset config with its code-declared compatible primary downstream endpoint; frozen linear probe for classification or segmentation decoder.,https://github.com/MICS-Lab/thunder/blob/3d1cc9513fb2cfd8c4afb0d7bb9f5c4f6b69117f/src/thunder/config/dataset/starc9.yaml,parsed_primary_source,0
thunder.tcga_crc_msi.linear_probing,thunder,tcga_crc_msi,tcga_crc_msi linear_probing,classification,tcga_crc_msi class label,image,classification,51918,linear_probing,f1,higher,THUNDER dataset config with its code-declared compatible primary downstream endpoint; frozen linear probe for classification or segmentation decoder.,https://github.com/MICS-Lab/thunder/blob/3d1cc9513fb2cfd8c4afb0d7bb9f5c4f6b69117f/src/thunder/config/dataset/tcga_crc_msi.yaml,parsed_primary_source,32
thunder.tcga_tils.linear_probing,thunder,tcga_tils,tcga_tils linear_probing,classification,tcga_tils class label,image,classification,304097,linear_probing,f1,higher,THUNDER dataset config with its code-declared compatible primary downstream endpoint; frozen linear probe for classification or segmentation decoder.,https://github.com/MICS-Lab/thunder/blob/3d1cc9513fb2cfd8c4afb0d7bb9f5c4f6b69117f/src/thunder/config/dataset/tcga_tils.yaml,parsed_primary_source,32
thunder.tcga_uniform.linear_probing,thunder,tcga_uniform,tcga_uniform linear_probing,classification,tcga_uniform class label,image,classification,271710,linear_probing,f1,higher,THUNDER dataset config with its code-declared compatible primary downstream endpoint; frozen linear probe for classification or segmentation decoder.,https://github.com/MICS-Lab/thunder/blob/3d1cc9513fb2cfd8c4afb0d7bb9f5c4f6b69117f/src/thunder/config/dataset/tcga_uniform.yaml,parsed_primary_source,32
thunder.wilds.linear_probing,thunder,wilds,wilds linear_probing,classification,wilds class label,image,classification,422394,linear_probing,f1,higher,THUNDER dataset config with its code-declared compatible primary downstream endpoint; frozen linear probe for classification or segmentation decoder.,https://github.com/MICS-Lab/thunder/blob/3d1cc9513fb2cfd8c4afb0d7bb9f5c4f6b69117f/src/thunder/config/dataset/wilds.yaml,parsed_primary_source,32
