source_scope,source_table,source_row,model_alias,model_id,dataset_scope,endpoint,evaluation_id,metric,value,value_unit,uncertainty,direction,protocol,reference_url,source_locator,source_revision,source_sha256,inclusion_status,inclusion_reason
published_paper,Fig-3d-correlation_apds_x_ri,2,Atlas,atlas,camelyon+tcga_4x4+tolkach_esca,apd_id,pathorob.nature2026.all_datasets.apd_id,average_performance_drop_percent,-1.0860661779749052,percent_relative_change,95%_ci_half_width=0.557521804675761;n=60;df=59;dataset_variance_corrected=true,higher_closer_to_zero,"Mean signed relative accuracy change from the balanced split across all nonbaseline spurious-correlation splits, 20 repetitions, and three datasets; ID and OOD are distinct endpoints.",https://www.nature.com/articles/s41467-026-73923-2,41467_2026_73923_MOESM4_ESM.xlsx|sheet=Fig-3d-correlation_apds_x_ri|row=2;ci_source=Fig-3c-apds,PMC13260997.1,07456f3ffc5270ea1d8d48a8f82c08a5be396c88f99cc0227968dad721943047,canonical_analysis_ineligible,"Primary published mean is registry-eligible, but signed APD has no source-defined bounded common-scale normalization; arbitrary clipping or rescaling is forbidden."
published_paper,Fig-3d-correlation_apds_x_ri,2,Atlas,atlas,camelyon+tcga_4x4+tolkach_esca,apd_ood,pathorob.nature2026.all_datasets.apd_ood,average_performance_drop_percent,0.3309109680809159,percent_relative_change,95%_ci_half_width=0.664895126321258;n=60;df=59;dataset_variance_corrected=true,higher_closer_to_zero,"Mean signed relative accuracy change from the balanced split across all nonbaseline spurious-correlation splits, 20 repetitions, and three datasets; ID and OOD are distinct endpoints.",https://www.nature.com/articles/s41467-026-73923-2,41467_2026_73923_MOESM4_ESM.xlsx|sheet=Fig-3d-correlation_apds_x_ri|row=2;ci_source=Fig-3c-apds,PMC13260997.1,07456f3ffc5270ea1d8d48a8f82c08a5be396c88f99cc0227968dad721943047,canonical_analysis_ineligible,"Primary published mean is registry-eligible, but signed APD has no source-defined bounded common-scale normalization; arbitrary clipping or rescaling is forbidden."
published_paper,Fig-3d-correlation_apds_x_ri,3,CONCH,conch,camelyon+tcga_4x4+tolkach_esca,apd_id,pathorob.nature2026.all_datasets.apd_id,average_performance_drop_percent,-1.6091492724122909,percent_relative_change,95%_ci_half_width=0.636802462117804;n=60;df=59;dataset_variance_corrected=true,higher_closer_to_zero,"Mean signed relative accuracy change from the balanced split across all nonbaseline spurious-correlation splits, 20 repetitions, and three datasets; ID and OOD are distinct endpoints.",https://www.nature.com/articles/s41467-026-73923-2,41467_2026_73923_MOESM4_ESM.xlsx|sheet=Fig-3d-correlation_apds_x_ri|row=3;ci_source=Fig-3c-apds,PMC13260997.1,07456f3ffc5270ea1d8d48a8f82c08a5be396c88f99cc0227968dad721943047,canonical_analysis_ineligible,"Primary published mean is registry-eligible, but signed APD has no source-defined bounded common-scale normalization; arbitrary clipping or rescaling is forbidden."
published_paper,Fig-3d-correlation_apds_x_ri,3,CONCH,conch,camelyon+tcga_4x4+tolkach_esca,apd_ood,pathorob.nature2026.all_datasets.apd_ood,average_performance_drop_percent,-0.9566871361765634,percent_relative_change,95%_ci_half_width=0.752919028843013;n=60;df=59;dataset_variance_corrected=true,higher_closer_to_zero,"Mean signed relative accuracy change from the balanced split across all nonbaseline spurious-correlation splits, 20 repetitions, and three datasets; ID and OOD are distinct endpoints.",https://www.nature.com/articles/s41467-026-73923-2,41467_2026_73923_MOESM4_ESM.xlsx|sheet=Fig-3d-correlation_apds_x_ri|row=3;ci_source=Fig-3c-apds,PMC13260997.1,07456f3ffc5270ea1d8d48a8f82c08a5be396c88f99cc0227968dad721943047,canonical_analysis_ineligible,"Primary published mean is registry-eligible, but signed APD has no source-defined bounded common-scale normalization; arbitrary clipping or rescaling is forbidden."
published_paper,Fig-3d-correlation_apds_x_ri,4,CONCHv1.5,conch-1.5,camelyon+tcga_4x4+tolkach_esca,apd_id,pathorob.nature2026.all_datasets.apd_id,average_performance_drop_percent,-0.8255219563429448,percent_relative_change,95%_ci_half_width=0.559576434654069;n=60;df=59;dataset_variance_corrected=true,higher_closer_to_zero,"Mean signed relative accuracy change from the balanced split across all nonbaseline spurious-correlation splits, 20 repetitions, and three datasets; ID and OOD are distinct endpoints.",https://www.nature.com/articles/s41467-026-73923-2,41467_2026_73923_MOESM4_ESM.xlsx|sheet=Fig-3d-correlation_apds_x_ri|row=4;ci_source=Fig-3c-apds,PMC13260997.1,07456f3ffc5270ea1d8d48a8f82c08a5be396c88f99cc0227968dad721943047,canonical_analysis_ineligible,"Primary published mean is registry-eligible, but signed APD has no source-defined bounded common-scale normalization; arbitrary clipping or rescaling is forbidden."
published_paper,Fig-3d-correlation_apds_x_ri,4,CONCHv1.5,conch-1.5,camelyon+tcga_4x4+tolkach_esca,apd_ood,pathorob.nature2026.all_datasets.apd_ood,average_performance_drop_percent,0.14920497174223035,percent_relative_change,95%_ci_half_width=0.710811896929254;n=60;df=59;dataset_variance_corrected=true,higher_closer_to_zero,"Mean signed relative accuracy change from the balanced split across all nonbaseline spurious-correlation splits, 20 repetitions, and three datasets; ID and OOD are distinct endpoints.",https://www.nature.com/articles/s41467-026-73923-2,41467_2026_73923_MOESM4_ESM.xlsx|sheet=Fig-3d-correlation_apds_x_ri|row=4;ci_source=Fig-3c-apds,PMC13260997.1,07456f3ffc5270ea1d8d48a8f82c08a5be396c88f99cc0227968dad721943047,canonical_analysis_ineligible,"Primary published mean is registry-eligible, but signed APD has no source-defined bounded common-scale normalization; arbitrary clipping or rescaling is forbidden."
published_paper,Fig-3d-correlation_apds_x_ri,5,CTransPath,ctranspath,camelyon+tcga_4x4+tolkach_esca,apd_id,pathorob.nature2026.all_datasets.apd_id,average_performance_drop_percent,-6.788448090848548,percent_relative_change,95%_ci_half_width=0.958631080363475;n=60;df=59;dataset_variance_corrected=true,higher_closer_to_zero,"Mean signed relative accuracy change from the balanced split across all nonbaseline spurious-correlation splits, 20 repetitions, and three datasets; ID and OOD are distinct endpoints.",https://www.nature.com/articles/s41467-026-73923-2,41467_2026_73923_MOESM4_ESM.xlsx|sheet=Fig-3d-correlation_apds_x_ri|row=5;ci_source=Fig-3c-apds,PMC13260997.1,07456f3ffc5270ea1d8d48a8f82c08a5be396c88f99cc0227968dad721943047,canonical_analysis_ineligible,"Primary published mean is registry-eligible, but signed APD has no source-defined bounded common-scale normalization; arbitrary clipping or rescaling is forbidden."
published_paper,Fig-3d-correlation_apds_x_ri,5,CTransPath,ctranspath,camelyon+tcga_4x4+tolkach_esca,apd_ood,pathorob.nature2026.all_datasets.apd_ood,average_performance_drop_percent,-5.570273367657343,percent_relative_change,95%_ci_half_width=1.51602766066269;n=60;df=59;dataset_variance_corrected=true,higher_closer_to_zero,"Mean signed relative accuracy change from the balanced split across all nonbaseline spurious-correlation splits, 20 repetitions, and three datasets; ID and OOD are distinct endpoints.",https://www.nature.com/articles/s41467-026-73923-2,41467_2026_73923_MOESM4_ESM.xlsx|sheet=Fig-3d-correlation_apds_x_ri|row=5;ci_source=Fig-3c-apds,PMC13260997.1,07456f3ffc5270ea1d8d48a8f82c08a5be396c88f99cc0227968dad721943047,canonical_analysis_ineligible,"Primary published mean is registry-eligible, but signed APD has no source-defined bounded common-scale normalization; arbitrary clipping or rescaling is forbidden."
published_paper,Fig-3d-correlation_apds_x_ri,6,Ciga,ciga,camelyon+tcga_4x4+tolkach_esca,apd_id,pathorob.nature2026.all_datasets.apd_id,average_performance_drop_percent,-7.826963405476543,percent_relative_change,95%_ci_half_width=1.12523688508612;n=60;df=59;dataset_variance_corrected=true,higher_closer_to_zero,"Mean signed relative accuracy change from the balanced split across all nonbaseline spurious-correlation splits, 20 repetitions, and three datasets; ID and OOD are distinct endpoints.",https://www.nature.com/articles/s41467-026-73923-2,41467_2026_73923_MOESM4_ESM.xlsx|sheet=Fig-3d-correlation_apds_x_ri|row=6;ci_source=Fig-3c-apds,PMC13260997.1,07456f3ffc5270ea1d8d48a8f82c08a5be396c88f99cc0227968dad721943047,canonical_analysis_ineligible,"Primary published mean is registry-eligible, but signed APD has no source-defined bounded common-scale normalization; arbitrary clipping or rescaling is forbidden."
published_paper,Fig-3d-correlation_apds_x_ri,6,Ciga,ciga,camelyon+tcga_4x4+tolkach_esca,apd_ood,pathorob.nature2026.all_datasets.apd_ood,average_performance_drop_percent,-9.395660817454347,percent_relative_change,95%_ci_half_width=2.07147737217063;n=60;df=59;dataset_variance_corrected=true,higher_closer_to_zero,"Mean signed relative accuracy change from the balanced split across all nonbaseline spurious-correlation splits, 20 repetitions, and three datasets; ID and OOD are distinct endpoints.",https://www.nature.com/articles/s41467-026-73923-2,41467_2026_73923_MOESM4_ESM.xlsx|sheet=Fig-3d-correlation_apds_x_ri|row=6;ci_source=Fig-3c-apds,PMC13260997.1,07456f3ffc5270ea1d8d48a8f82c08a5be396c88f99cc0227968dad721943047,canonical_analysis_ineligible,"Primary published mean is registry-eligible, but signed APD has no source-defined bounded common-scale normalization; arbitrary clipping or rescaling is forbidden."
published_paper,Fig-3d-correlation_apds_x_ri,7,H-optimus-0,h-optimus-0,camelyon+tcga_4x4+tolkach_esca,apd_id,pathorob.nature2026.all_datasets.apd_id,average_performance_drop_percent,-2.7576906255110303,percent_relative_change,95%_ci_half_width=0.7539400007161;n=60;df=59;dataset_variance_corrected=true,higher_closer_to_zero,"Mean signed relative accuracy change from the balanced split across all nonbaseline spurious-correlation splits, 20 repetitions, and three datasets; ID and OOD are distinct endpoints.",https://www.nature.com/articles/s41467-026-73923-2,41467_2026_73923_MOESM4_ESM.xlsx|sheet=Fig-3d-correlation_apds_x_ri|row=7;ci_source=Fig-3c-apds,PMC13260997.1,07456f3ffc5270ea1d8d48a8f82c08a5be396c88f99cc0227968dad721943047,canonical_analysis_ineligible,"Primary published mean is registry-eligible, but signed APD has no source-defined bounded common-scale normalization; arbitrary clipping or rescaling is forbidden."
published_paper,Fig-3d-correlation_apds_x_ri,7,H-optimus-0,h-optimus-0,camelyon+tcga_4x4+tolkach_esca,apd_ood,pathorob.nature2026.all_datasets.apd_ood,average_performance_drop_percent,-0.19062395703284524,percent_relative_change,95%_ci_half_width=0.666814603783955;n=60;df=59;dataset_variance_corrected=true,higher_closer_to_zero,"Mean signed relative accuracy change from the balanced split across all nonbaseline spurious-correlation splits, 20 repetitions, and three datasets; ID and OOD are distinct endpoints.",https://www.nature.com/articles/s41467-026-73923-2,41467_2026_73923_MOESM4_ESM.xlsx|sheet=Fig-3d-correlation_apds_x_ri|row=7;ci_source=Fig-3c-apds,PMC13260997.1,07456f3ffc5270ea1d8d48a8f82c08a5be396c88f99cc0227968dad721943047,canonical_analysis_ineligible,"Primary published mean is registry-eligible, but signed APD has no source-defined bounded common-scale normalization; arbitrary clipping or rescaling is forbidden."
published_paper,Fig-3d-correlation_apds_x_ri,8,H0-mini,h0-mini,camelyon+tcga_4x4+tolkach_esca,apd_id,pathorob.nature2026.all_datasets.apd_id,average_performance_drop_percent,-1.825941107647441,percent_relative_change,95%_ci_half_width=0.714853129953316;n=60;df=59;dataset_variance_corrected=true,higher_closer_to_zero,"Mean signed relative accuracy change from the balanced split across all nonbaseline spurious-correlation splits, 20 repetitions, and three datasets; ID and OOD are distinct endpoints.",https://www.nature.com/articles/s41467-026-73923-2,41467_2026_73923_MOESM4_ESM.xlsx|sheet=Fig-3d-correlation_apds_x_ri|row=8;ci_source=Fig-3c-apds,PMC13260997.1,07456f3ffc5270ea1d8d48a8f82c08a5be396c88f99cc0227968dad721943047,canonical_analysis_ineligible,"Primary published mean is registry-eligible, but signed APD has no source-defined bounded common-scale normalization; arbitrary clipping or rescaling is forbidden."
published_paper,Fig-3d-correlation_apds_x_ri,8,H0-mini,h0-mini,camelyon+tcga_4x4+tolkach_esca,apd_ood,pathorob.nature2026.all_datasets.apd_ood,average_performance_drop_percent,-0.25706982620534036,percent_relative_change,95%_ci_half_width=0.845065485507544;n=60;df=59;dataset_variance_corrected=true,higher_closer_to_zero,"Mean signed relative accuracy change from the balanced split across all nonbaseline spurious-correlation splits, 20 repetitions, and three datasets; ID and OOD are distinct endpoints.",https://www.nature.com/articles/s41467-026-73923-2,41467_2026_73923_MOESM4_ESM.xlsx|sheet=Fig-3d-correlation_apds_x_ri|row=8;ci_source=Fig-3c-apds,PMC13260997.1,07456f3ffc5270ea1d8d48a8f82c08a5be396c88f99cc0227968dad721943047,canonical_analysis_ineligible,"Primary published mean is registry-eligible, but signed APD has no source-defined bounded common-scale normalization; arbitrary clipping or rescaling is forbidden."
published_paper,Fig-3d-correlation_apds_x_ri,9,HIPT,hipt,camelyon+tcga_4x4+tolkach_esca,apd_id,pathorob.nature2026.all_datasets.apd_id,average_performance_drop_percent,-6.985475302781239,percent_relative_change,95%_ci_half_width=1.59590698025588;n=60;df=59;dataset_variance_corrected=true,higher_closer_to_zero,"Mean signed relative accuracy change from the balanced split across all nonbaseline spurious-correlation splits, 20 repetitions, and three datasets; ID and OOD are distinct endpoints.",https://www.nature.com/articles/s41467-026-73923-2,41467_2026_73923_MOESM4_ESM.xlsx|sheet=Fig-3d-correlation_apds_x_ri|row=9;ci_source=Fig-3c-apds,PMC13260997.1,07456f3ffc5270ea1d8d48a8f82c08a5be396c88f99cc0227968dad721943047,canonical_analysis_ineligible,"Primary published mean is registry-eligible, but signed APD has no source-defined bounded common-scale normalization; arbitrary clipping or rescaling is forbidden."
published_paper,Fig-3d-correlation_apds_x_ri,9,HIPT,hipt,camelyon+tcga_4x4+tolkach_esca,apd_ood,pathorob.nature2026.all_datasets.apd_ood,average_performance_drop_percent,-7.197706579995759,percent_relative_change,95%_ci_half_width=2.03146814302898;n=60;df=59;dataset_variance_corrected=true,higher_closer_to_zero,"Mean signed relative accuracy change from the balanced split across all nonbaseline spurious-correlation splits, 20 repetitions, and three datasets; ID and OOD are distinct endpoints.",https://www.nature.com/articles/s41467-026-73923-2,41467_2026_73923_MOESM4_ESM.xlsx|sheet=Fig-3d-correlation_apds_x_ri|row=9;ci_source=Fig-3c-apds,PMC13260997.1,07456f3ffc5270ea1d8d48a8f82c08a5be396c88f99cc0227968dad721943047,canonical_analysis_ineligible,"Primary published mean is registry-eligible, but signed APD has no source-defined bounded common-scale normalization; arbitrary clipping or rescaling is forbidden."
published_paper,Fig-3d-correlation_apds_x_ri,10,Kaiko ViT-B/8,kaiko-vit-b-8,camelyon+tcga_4x4+tolkach_esca,apd_id,pathorob.nature2026.all_datasets.apd_id,average_performance_drop_percent,-4.061695664389265,percent_relative_change,95%_ci_half_width=0.722759579749089;n=60;df=59;dataset_variance_corrected=true,higher_closer_to_zero,"Mean signed relative accuracy change from the balanced split across all nonbaseline spurious-correlation splits, 20 repetitions, and three datasets; ID and OOD are distinct endpoints.",https://www.nature.com/articles/s41467-026-73923-2,41467_2026_73923_MOESM4_ESM.xlsx|sheet=Fig-3d-correlation_apds_x_ri|row=10;ci_source=Fig-3c-apds,PMC13260997.1,07456f3ffc5270ea1d8d48a8f82c08a5be396c88f99cc0227968dad721943047,canonical_analysis_ineligible,"Primary published mean is registry-eligible, but signed APD has no source-defined bounded common-scale normalization; arbitrary clipping or rescaling is forbidden."
published_paper,Fig-3d-correlation_apds_x_ri,10,Kaiko ViT-B/8,kaiko-vit-b-8,camelyon+tcga_4x4+tolkach_esca,apd_ood,pathorob.nature2026.all_datasets.apd_ood,average_performance_drop_percent,-1.4548104150688226,percent_relative_change,95%_ci_half_width=0.42672610388005;n=60;df=59;dataset_variance_corrected=true,higher_closer_to_zero,"Mean signed relative accuracy change from the balanced split across all nonbaseline spurious-correlation splits, 20 repetitions, and three datasets; ID and OOD are distinct endpoints.",https://www.nature.com/articles/s41467-026-73923-2,41467_2026_73923_MOESM4_ESM.xlsx|sheet=Fig-3d-correlation_apds_x_ri|row=10;ci_source=Fig-3c-apds,PMC13260997.1,07456f3ffc5270ea1d8d48a8f82c08a5be396c88f99cc0227968dad721943047,canonical_analysis_ineligible,"Primary published mean is registry-eligible, but signed APD has no source-defined bounded common-scale normalization; arbitrary clipping or rescaling is forbidden."
published_paper,Fig-3d-correlation_apds_x_ri,11,Kang-DINO,kang-dino,camelyon+tcga_4x4+tolkach_esca,apd_id,pathorob.nature2026.all_datasets.apd_id,average_performance_drop_percent,-4.9984785198235935,percent_relative_change,95%_ci_half_width=0.772179915336249;n=60;df=59;dataset_variance_corrected=true,higher_closer_to_zero,"Mean signed relative accuracy change from the balanced split across all nonbaseline spurious-correlation splits, 20 repetitions, and three datasets; ID and OOD are distinct endpoints.",https://www.nature.com/articles/s41467-026-73923-2,41467_2026_73923_MOESM4_ESM.xlsx|sheet=Fig-3d-correlation_apds_x_ri|row=11;ci_source=Fig-3c-apds,PMC13260997.1,07456f3ffc5270ea1d8d48a8f82c08a5be396c88f99cc0227968dad721943047,canonical_analysis_ineligible,"Primary published mean is registry-eligible, but signed APD has no source-defined bounded common-scale normalization; arbitrary clipping or rescaling is forbidden."
published_paper,Fig-3d-correlation_apds_x_ri,11,Kang-DINO,kang-dino,camelyon+tcga_4x4+tolkach_esca,apd_ood,pathorob.nature2026.all_datasets.apd_ood,average_performance_drop_percent,-2.188631742751265,percent_relative_change,95%_ci_half_width=0.803683487061055;n=60;df=59;dataset_variance_corrected=true,higher_closer_to_zero,"Mean signed relative accuracy change from the balanced split across all nonbaseline spurious-correlation splits, 20 repetitions, and three datasets; ID and OOD are distinct endpoints.",https://www.nature.com/articles/s41467-026-73923-2,41467_2026_73923_MOESM4_ESM.xlsx|sheet=Fig-3d-correlation_apds_x_ri|row=11;ci_source=Fig-3c-apds,PMC13260997.1,07456f3ffc5270ea1d8d48a8f82c08a5be396c88f99cc0227968dad721943047,canonical_analysis_ineligible,"Primary published mean is registry-eligible, but signed APD has no source-defined bounded common-scale normalization; arbitrary clipping or rescaling is forbidden."
published_paper,Fig-3d-correlation_apds_x_ri,12,MUSK,musk,camelyon+tcga_4x4+tolkach_esca,apd_id,pathorob.nature2026.all_datasets.apd_id,average_performance_drop_percent,-2.7658489843537417,percent_relative_change,95%_ci_half_width=0.584936089739651;n=60;df=59;dataset_variance_corrected=true,higher_closer_to_zero,"Mean signed relative accuracy change from the balanced split across all nonbaseline spurious-correlation splits, 20 repetitions, and three datasets; ID and OOD are distinct endpoints.",https://www.nature.com/articles/s41467-026-73923-2,41467_2026_73923_MOESM4_ESM.xlsx|sheet=Fig-3d-correlation_apds_x_ri|row=12;ci_source=Fig-3c-apds,PMC13260997.1,07456f3ffc5270ea1d8d48a8f82c08a5be396c88f99cc0227968dad721943047,canonical_analysis_ineligible,"Primary published mean is registry-eligible, but signed APD has no source-defined bounded common-scale normalization; arbitrary clipping or rescaling is forbidden."
published_paper,Fig-3d-correlation_apds_x_ri,12,MUSK,musk,camelyon+tcga_4x4+tolkach_esca,apd_ood,pathorob.nature2026.all_datasets.apd_ood,average_performance_drop_percent,-2.4460397544576415,percent_relative_change,95%_ci_half_width=0.736276832687961;n=60;df=59;dataset_variance_corrected=true,higher_closer_to_zero,"Mean signed relative accuracy change from the balanced split across all nonbaseline spurious-correlation splits, 20 repetitions, and three datasets; ID and OOD are distinct endpoints.",https://www.nature.com/articles/s41467-026-73923-2,41467_2026_73923_MOESM4_ESM.xlsx|sheet=Fig-3d-correlation_apds_x_ri|row=12;ci_source=Fig-3c-apds,PMC13260997.1,07456f3ffc5270ea1d8d48a8f82c08a5be396c88f99cc0227968dad721943047,canonical_analysis_ineligible,"Primary published mean is registry-eligible, but signed APD has no source-defined bounded common-scale normalization; arbitrary clipping or rescaling is forbidden."
published_paper,Fig-3d-correlation_apds_x_ri,13,Phikon,phikon,camelyon+tcga_4x4+tolkach_esca,apd_id,pathorob.nature2026.all_datasets.apd_id,average_performance_drop_percent,-5.99314332799285,percent_relative_change,95%_ci_half_width=0.911847138553681;n=60;df=59;dataset_variance_corrected=true,higher_closer_to_zero,"Mean signed relative accuracy change from the balanced split across all nonbaseline spurious-correlation splits, 20 repetitions, and three datasets; ID and OOD are distinct endpoints.",https://www.nature.com/articles/s41467-026-73923-2,41467_2026_73923_MOESM4_ESM.xlsx|sheet=Fig-3d-correlation_apds_x_ri|row=13;ci_source=Fig-3c-apds,PMC13260997.1,07456f3ffc5270ea1d8d48a8f82c08a5be396c88f99cc0227968dad721943047,canonical_analysis_ineligible,"Primary published mean is registry-eligible, but signed APD has no source-defined bounded common-scale normalization; arbitrary clipping or rescaling is forbidden."
published_paper,Fig-3d-correlation_apds_x_ri,13,Phikon,phikon,camelyon+tcga_4x4+tolkach_esca,apd_ood,pathorob.nature2026.all_datasets.apd_ood,average_performance_drop_percent,-3.734578102692717,percent_relative_change,95%_ci_half_width=0.978576018092985;n=60;df=59;dataset_variance_corrected=true,higher_closer_to_zero,"Mean signed relative accuracy change from the balanced split across all nonbaseline spurious-correlation splits, 20 repetitions, and three datasets; ID and OOD are distinct endpoints.",https://www.nature.com/articles/s41467-026-73923-2,41467_2026_73923_MOESM4_ESM.xlsx|sheet=Fig-3d-correlation_apds_x_ri|row=13;ci_source=Fig-3c-apds,PMC13260997.1,07456f3ffc5270ea1d8d48a8f82c08a5be396c88f99cc0227968dad721943047,canonical_analysis_ineligible,"Primary published mean is registry-eligible, but signed APD has no source-defined bounded common-scale normalization; arbitrary clipping or rescaling is forbidden."
published_paper,Fig-3d-correlation_apds_x_ri,14,Phikon-v2,phikon-v2,camelyon+tcga_4x4+tolkach_esca,apd_id,pathorob.nature2026.all_datasets.apd_id,average_performance_drop_percent,-7.489242246395168,percent_relative_change,95%_ci_half_width=0.893234153497014;n=60;df=59;dataset_variance_corrected=true,higher_closer_to_zero,"Mean signed relative accuracy change from the balanced split across all nonbaseline spurious-correlation splits, 20 repetitions, and three datasets; ID and OOD are distinct endpoints.",https://www.nature.com/articles/s41467-026-73923-2,41467_2026_73923_MOESM4_ESM.xlsx|sheet=Fig-3d-correlation_apds_x_ri|row=14;ci_source=Fig-3c-apds,PMC13260997.1,07456f3ffc5270ea1d8d48a8f82c08a5be396c88f99cc0227968dad721943047,canonical_analysis_ineligible,"Primary published mean is registry-eligible, but signed APD has no source-defined bounded common-scale normalization; arbitrary clipping or rescaling is forbidden."
published_paper,Fig-3d-correlation_apds_x_ri,14,Phikon-v2,phikon-v2,camelyon+tcga_4x4+tolkach_esca,apd_ood,pathorob.nature2026.all_datasets.apd_ood,average_performance_drop_percent,-5.16326228679813,percent_relative_change,95%_ci_half_width=1.090437862827;n=60;df=59;dataset_variance_corrected=true,higher_closer_to_zero,"Mean signed relative accuracy change from the balanced split across all nonbaseline spurious-correlation splits, 20 repetitions, and three datasets; ID and OOD are distinct endpoints.",https://www.nature.com/articles/s41467-026-73923-2,41467_2026_73923_MOESM4_ESM.xlsx|sheet=Fig-3d-correlation_apds_x_ri|row=14;ci_source=Fig-3c-apds,PMC13260997.1,07456f3ffc5270ea1d8d48a8f82c08a5be396c88f99cc0227968dad721943047,canonical_analysis_ineligible,"Primary published mean is registry-eligible, but signed APD has no source-defined bounded common-scale normalization; arbitrary clipping or rescaling is forbidden."
published_paper,Fig-3d-correlation_apds_x_ri,15,Prov-GigaPath,prov-gigapath,camelyon+tcga_4x4+tolkach_esca,apd_id,pathorob.nature2026.all_datasets.apd_id,average_performance_drop_percent,-5.836020412141404,percent_relative_change,95%_ci_half_width=0.747093990070874;n=60;df=59;dataset_variance_corrected=true,higher_closer_to_zero,"Mean signed relative accuracy change from the balanced split across all nonbaseline spurious-correlation splits, 20 repetitions, and three datasets; ID and OOD are distinct endpoints.",https://www.nature.com/articles/s41467-026-73923-2,41467_2026_73923_MOESM4_ESM.xlsx|sheet=Fig-3d-correlation_apds_x_ri|row=15;ci_source=Fig-3c-apds,PMC13260997.1,07456f3ffc5270ea1d8d48a8f82c08a5be396c88f99cc0227968dad721943047,canonical_analysis_ineligible,"Primary published mean is registry-eligible, but signed APD has no source-defined bounded common-scale normalization; arbitrary clipping or rescaling is forbidden."
published_paper,Fig-3d-correlation_apds_x_ri,15,Prov-GigaPath,prov-gigapath,camelyon+tcga_4x4+tolkach_esca,apd_ood,pathorob.nature2026.all_datasets.apd_ood,average_performance_drop_percent,-1.6165282993120837,percent_relative_change,95%_ci_half_width=0.538787291174419;n=60;df=59;dataset_variance_corrected=true,higher_closer_to_zero,"Mean signed relative accuracy change from the balanced split across all nonbaseline spurious-correlation splits, 20 repetitions, and three datasets; ID and OOD are distinct endpoints.",https://www.nature.com/articles/s41467-026-73923-2,41467_2026_73923_MOESM4_ESM.xlsx|sheet=Fig-3d-correlation_apds_x_ri|row=15;ci_source=Fig-3c-apds,PMC13260997.1,07456f3ffc5270ea1d8d48a8f82c08a5be396c88f99cc0227968dad721943047,canonical_analysis_ineligible,"Primary published mean is registry-eligible, but signed APD has no source-defined bounded common-scale normalization; arbitrary clipping or rescaling is forbidden."
published_paper,Fig-3d-correlation_apds_x_ri,16,RetCCL,retccl,camelyon+tcga_4x4+tolkach_esca,apd_id,pathorob.nature2026.all_datasets.apd_id,average_performance_drop_percent,-6.321906387006053,percent_relative_change,95%_ci_half_width=0.934655964165159;n=60;df=59;dataset_variance_corrected=true,higher_closer_to_zero,"Mean signed relative accuracy change from the balanced split across all nonbaseline spurious-correlation splits, 20 repetitions, and three datasets; ID and OOD are distinct endpoints.",https://www.nature.com/articles/s41467-026-73923-2,41467_2026_73923_MOESM4_ESM.xlsx|sheet=Fig-3d-correlation_apds_x_ri|row=16;ci_source=Fig-3c-apds,PMC13260997.1,07456f3ffc5270ea1d8d48a8f82c08a5be396c88f99cc0227968dad721943047,canonical_analysis_ineligible,"Primary published mean is registry-eligible, but signed APD has no source-defined bounded common-scale normalization; arbitrary clipping or rescaling is forbidden."
published_paper,Fig-3d-correlation_apds_x_ri,16,RetCCL,retccl,camelyon+tcga_4x4+tolkach_esca,apd_ood,pathorob.nature2026.all_datasets.apd_ood,average_performance_drop_percent,-5.582562437161476,percent_relative_change,95%_ci_half_width=1.6528693172188;n=60;df=59;dataset_variance_corrected=true,higher_closer_to_zero,"Mean signed relative accuracy change from the balanced split across all nonbaseline spurious-correlation splits, 20 repetitions, and three datasets; ID and OOD are distinct endpoints.",https://www.nature.com/articles/s41467-026-73923-2,41467_2026_73923_MOESM4_ESM.xlsx|sheet=Fig-3d-correlation_apds_x_ri|row=16;ci_source=Fig-3c-apds,PMC13260997.1,07456f3ffc5270ea1d8d48a8f82c08a5be396c88f99cc0227968dad721943047,canonical_analysis_ineligible,"Primary published mean is registry-eligible, but signed APD has no source-defined bounded common-scale normalization; arbitrary clipping or rescaling is forbidden."
published_paper,Fig-3d-correlation_apds_x_ri,17,RudolfV,rudolfv,camelyon+tcga_4x4+tolkach_esca,apd_id,pathorob.nature2026.all_datasets.apd_id,average_performance_drop_percent,-6.75048152905809,percent_relative_change,95%_ci_half_width=0.965432684932643;n=60;df=59;dataset_variance_corrected=true,higher_closer_to_zero,"Mean signed relative accuracy change from the balanced split across all nonbaseline spurious-correlation splits, 20 repetitions, and three datasets; ID and OOD are distinct endpoints.",https://www.nature.com/articles/s41467-026-73923-2,41467_2026_73923_MOESM4_ESM.xlsx|sheet=Fig-3d-correlation_apds_x_ri|row=17;ci_source=Fig-3c-apds,PMC13260997.1,07456f3ffc5270ea1d8d48a8f82c08a5be396c88f99cc0227968dad721943047,canonical_analysis_ineligible,"Primary published mean is registry-eligible, but signed APD has no source-defined bounded common-scale normalization; arbitrary clipping or rescaling is forbidden."
published_paper,Fig-3d-correlation_apds_x_ri,17,RudolfV,rudolfv,camelyon+tcga_4x4+tolkach_esca,apd_ood,pathorob.nature2026.all_datasets.apd_ood,average_performance_drop_percent,-1.246704852273342,percent_relative_change,95%_ci_half_width=0.734848795503572;n=60;df=59;dataset_variance_corrected=true,higher_closer_to_zero,"Mean signed relative accuracy change from the balanced split across all nonbaseline spurious-correlation splits, 20 repetitions, and three datasets; ID and OOD are distinct endpoints.",https://www.nature.com/articles/s41467-026-73923-2,41467_2026_73923_MOESM4_ESM.xlsx|sheet=Fig-3d-correlation_apds_x_ri|row=17;ci_source=Fig-3c-apds,PMC13260997.1,07456f3ffc5270ea1d8d48a8f82c08a5be396c88f99cc0227968dad721943047,canonical_analysis_ineligible,"Primary published mean is registry-eligible, but signed APD has no source-defined bounded common-scale normalization; arbitrary clipping or rescaling is forbidden."
published_paper,Fig-3d-correlation_apds_x_ri,18,UNI,uni,camelyon+tcga_4x4+tolkach_esca,apd_id,pathorob.nature2026.all_datasets.apd_id,average_performance_drop_percent,-4.280548398411578,percent_relative_change,95%_ci_half_width=0.865762270350418;n=60;df=59;dataset_variance_corrected=true,higher_closer_to_zero,"Mean signed relative accuracy change from the balanced split across all nonbaseline spurious-correlation splits, 20 repetitions, and three datasets; ID and OOD are distinct endpoints.",https://www.nature.com/articles/s41467-026-73923-2,41467_2026_73923_MOESM4_ESM.xlsx|sheet=Fig-3d-correlation_apds_x_ri|row=18;ci_source=Fig-3c-apds,PMC13260997.1,07456f3ffc5270ea1d8d48a8f82c08a5be396c88f99cc0227968dad721943047,canonical_analysis_ineligible,"Primary published mean is registry-eligible, but signed APD has no source-defined bounded common-scale normalization; arbitrary clipping or rescaling is forbidden."
published_paper,Fig-3d-correlation_apds_x_ri,18,UNI,uni,camelyon+tcga_4x4+tolkach_esca,apd_ood,pathorob.nature2026.all_datasets.apd_ood,average_performance_drop_percent,-1.3607938349127973,percent_relative_change,95%_ci_half_width=0.610325457308535;n=60;df=59;dataset_variance_corrected=true,higher_closer_to_zero,"Mean signed relative accuracy change from the balanced split across all nonbaseline spurious-correlation splits, 20 repetitions, and three datasets; ID and OOD are distinct endpoints.",https://www.nature.com/articles/s41467-026-73923-2,41467_2026_73923_MOESM4_ESM.xlsx|sheet=Fig-3d-correlation_apds_x_ri|row=18;ci_source=Fig-3c-apds,PMC13260997.1,07456f3ffc5270ea1d8d48a8f82c08a5be396c88f99cc0227968dad721943047,canonical_analysis_ineligible,"Primary published mean is registry-eligible, but signed APD has no source-defined bounded common-scale normalization; arbitrary clipping or rescaling is forbidden."
published_paper,Fig-3d-correlation_apds_x_ri,19,UNI2-h,uni2-h,camelyon+tcga_4x4+tolkach_esca,apd_id,pathorob.nature2026.all_datasets.apd_id,average_performance_drop_percent,-2.644340711683608,percent_relative_change,95%_ci_half_width=0.597132299624991;n=60;df=59;dataset_variance_corrected=true,higher_closer_to_zero,"Mean signed relative accuracy change from the balanced split across all nonbaseline spurious-correlation splits, 20 repetitions, and three datasets; ID and OOD are distinct endpoints.",https://www.nature.com/articles/s41467-026-73923-2,41467_2026_73923_MOESM4_ESM.xlsx|sheet=Fig-3d-correlation_apds_x_ri|row=19;ci_source=Fig-3c-apds,PMC13260997.1,07456f3ffc5270ea1d8d48a8f82c08a5be396c88f99cc0227968dad721943047,canonical_analysis_ineligible,"Primary published mean is registry-eligible, but signed APD has no source-defined bounded common-scale normalization; arbitrary clipping or rescaling is forbidden."
published_paper,Fig-3d-correlation_apds_x_ri,19,UNI2-h,uni2-h,camelyon+tcga_4x4+tolkach_esca,apd_ood,pathorob.nature2026.all_datasets.apd_ood,average_performance_drop_percent,-1.3423507765733815,percent_relative_change,95%_ci_half_width=0.577055619318398;n=60;df=59;dataset_variance_corrected=true,higher_closer_to_zero,"Mean signed relative accuracy change from the balanced split across all nonbaseline spurious-correlation splits, 20 repetitions, and three datasets; ID and OOD are distinct endpoints.",https://www.nature.com/articles/s41467-026-73923-2,41467_2026_73923_MOESM4_ESM.xlsx|sheet=Fig-3d-correlation_apds_x_ri|row=19;ci_source=Fig-3c-apds,PMC13260997.1,07456f3ffc5270ea1d8d48a8f82c08a5be396c88f99cc0227968dad721943047,canonical_analysis_ineligible,"Primary published mean is registry-eligible, but signed APD has no source-defined bounded common-scale normalization; arbitrary clipping or rescaling is forbidden."
published_paper,Fig-3d-correlation_apds_x_ri,20,Virchow,virchow,camelyon+tcga_4x4+tolkach_esca,apd_id,pathorob.nature2026.all_datasets.apd_id,average_performance_drop_percent,-1.691628586176809,percent_relative_change,95%_ci_half_width=0.749339819673207;n=60;df=59;dataset_variance_corrected=true,higher_closer_to_zero,"Mean signed relative accuracy change from the balanced split across all nonbaseline spurious-correlation splits, 20 repetitions, and three datasets; ID and OOD are distinct endpoints.",https://www.nature.com/articles/s41467-026-73923-2,41467_2026_73923_MOESM4_ESM.xlsx|sheet=Fig-3d-correlation_apds_x_ri|row=20;ci_source=Fig-3c-apds,PMC13260997.1,07456f3ffc5270ea1d8d48a8f82c08a5be396c88f99cc0227968dad721943047,canonical_analysis_ineligible,"Primary published mean is registry-eligible, but signed APD has no source-defined bounded common-scale normalization; arbitrary clipping or rescaling is forbidden."
published_paper,Fig-3d-correlation_apds_x_ri,20,Virchow,virchow,camelyon+tcga_4x4+tolkach_esca,apd_ood,pathorob.nature2026.all_datasets.apd_ood,average_performance_drop_percent,-0.4212132537891808,percent_relative_change,95%_ci_half_width=0.67858707809023;n=60;df=59;dataset_variance_corrected=true,higher_closer_to_zero,"Mean signed relative accuracy change from the balanced split across all nonbaseline spurious-correlation splits, 20 repetitions, and three datasets; ID and OOD are distinct endpoints.",https://www.nature.com/articles/s41467-026-73923-2,41467_2026_73923_MOESM4_ESM.xlsx|sheet=Fig-3d-correlation_apds_x_ri|row=20;ci_source=Fig-3c-apds,PMC13260997.1,07456f3ffc5270ea1d8d48a8f82c08a5be396c88f99cc0227968dad721943047,canonical_analysis_ineligible,"Primary published mean is registry-eligible, but signed APD has no source-defined bounded common-scale normalization; arbitrary clipping or rescaling is forbidden."
published_paper,Fig-3d-correlation_apds_x_ri,21,Virchow2,virchow-2,camelyon+tcga_4x4+tolkach_esca,apd_id,pathorob.nature2026.all_datasets.apd_id,average_performance_drop_percent,-1.1168655660978999,percent_relative_change,95%_ci_half_width=0.662229795531717;n=60;df=59;dataset_variance_corrected=true,higher_closer_to_zero,"Mean signed relative accuracy change from the balanced split across all nonbaseline spurious-correlation splits, 20 repetitions, and three datasets; ID and OOD are distinct endpoints.",https://www.nature.com/articles/s41467-026-73923-2,41467_2026_73923_MOESM4_ESM.xlsx|sheet=Fig-3d-correlation_apds_x_ri|row=21;ci_source=Fig-3c-apds,PMC13260997.1,07456f3ffc5270ea1d8d48a8f82c08a5be396c88f99cc0227968dad721943047,canonical_analysis_ineligible,"Primary published mean is registry-eligible, but signed APD has no source-defined bounded common-scale normalization; arbitrary clipping or rescaling is forbidden."
published_paper,Fig-3d-correlation_apds_x_ri,21,Virchow2,virchow-2,camelyon+tcga_4x4+tolkach_esca,apd_ood,pathorob.nature2026.all_datasets.apd_ood,average_performance_drop_percent,-0.19060273301103395,percent_relative_change,95%_ci_half_width=0.715234255628074;n=60;df=59;dataset_variance_corrected=true,higher_closer_to_zero,"Mean signed relative accuracy change from the balanced split across all nonbaseline spurious-correlation splits, 20 repetitions, and three datasets; ID and OOD are distinct endpoints.",https://www.nature.com/articles/s41467-026-73923-2,41467_2026_73923_MOESM4_ESM.xlsx|sheet=Fig-3d-correlation_apds_x_ri|row=21;ci_source=Fig-3c-apds,PMC13260997.1,07456f3ffc5270ea1d8d48a8f82c08a5be396c88f99cc0227968dad721943047,canonical_analysis_ineligible,"Primary published mean is registry-eligible, but signed APD has no source-defined bounded common-scale normalization; arbitrary clipping or rescaling is forbidden."
published_paper,Fig-6b-clustering,2,Ciga,ciga,camelyon,clustering_score,pathorob.nature2026.camelyon.clustering_score,clustering_score,-0.09275247749135668,ari_biology_minus_ari_medical_center,standard_deviation=0.000303432407165127;n=50_random_initializations,higher,"K-means with cosine distance; K selected by maximum silhouette score; clustering score is ARI(biology)-ARI(medical center), averaged over balanced 2x2 combinations and 50 random initializations.",https://www.nature.com/articles/s41467-026-73923-2,41467_2026_73923_MOESM4_ESM.xlsx|sheet=Fig-6b-clustering|row=2,PMC13260997.1,07456f3ffc5270ea1d8d48a8f82c08a5be396c88f99cc0227968dad721943047,canonical_analysis_eligible,"Primary published mean with an explicit approximately [-1,1] domain, higher-is-better direction, and auditable affine normalization."
published_paper,Fig-6b-clustering,3,HIPT,hipt,camelyon,clustering_score,pathorob.nature2026.camelyon.clustering_score,clustering_score,0.017068804420515216,ari_biology_minus_ari_medical_center,standard_deviation=0.000172579873169455;n=50_random_initializations,higher,"K-means with cosine distance; K selected by maximum silhouette score; clustering score is ARI(biology)-ARI(medical center), averaged over balanced 2x2 combinations and 50 random initializations.",https://www.nature.com/articles/s41467-026-73923-2,41467_2026_73923_MOESM4_ESM.xlsx|sheet=Fig-6b-clustering|row=3,PMC13260997.1,07456f3ffc5270ea1d8d48a8f82c08a5be396c88f99cc0227968dad721943047,canonical_analysis_eligible,"Primary published mean with an explicit approximately [-1,1] domain, higher-is-better direction, and auditable affine normalization."
published_paper,Fig-6b-clustering,4,RetCCL,retccl,camelyon,clustering_score,pathorob.nature2026.camelyon.clustering_score,clustering_score,0.4686712218009215,ari_biology_minus_ari_medical_center,standard_deviation=0.000580547164814613;n=50_random_initializations,higher,"K-means with cosine distance; K selected by maximum silhouette score; clustering score is ARI(biology)-ARI(medical center), averaged over balanced 2x2 combinations and 50 random initializations.",https://www.nature.com/articles/s41467-026-73923-2,41467_2026_73923_MOESM4_ESM.xlsx|sheet=Fig-6b-clustering|row=4,PMC13260997.1,07456f3ffc5270ea1d8d48a8f82c08a5be396c88f99cc0227968dad721943047,canonical_analysis_eligible,"Primary published mean with an explicit approximately [-1,1] domain, higher-is-better direction, and auditable affine normalization."
published_paper,Fig-6b-clustering,5,Kang-DINO,kang-dino,camelyon,clustering_score,pathorob.nature2026.camelyon.clustering_score,clustering_score,0.13166622427166608,ari_biology_minus_ari_medical_center,standard_deviation=0.0011309437282061;n=50_random_initializations,higher,"K-means with cosine distance; K selected by maximum silhouette score; clustering score is ARI(biology)-ARI(medical center), averaged over balanced 2x2 combinations and 50 random initializations.",https://www.nature.com/articles/s41467-026-73923-2,41467_2026_73923_MOESM4_ESM.xlsx|sheet=Fig-6b-clustering|row=5,PMC13260997.1,07456f3ffc5270ea1d8d48a8f82c08a5be396c88f99cc0227968dad721943047,canonical_analysis_eligible,"Primary published mean with an explicit approximately [-1,1] domain, higher-is-better direction, and auditable affine normalization."
published_paper,Fig-6b-clustering,6,CTransPath,ctranspath,camelyon,clustering_score,pathorob.nature2026.camelyon.clustering_score,clustering_score,0.07521728894036954,ari_biology_minus_ari_medical_center,standard_deviation=0.0018512793899147;n=50_random_initializations,higher,"K-means with cosine distance; K selected by maximum silhouette score; clustering score is ARI(biology)-ARI(medical center), averaged over balanced 2x2 combinations and 50 random initializations.",https://www.nature.com/articles/s41467-026-73923-2,41467_2026_73923_MOESM4_ESM.xlsx|sheet=Fig-6b-clustering|row=6,PMC13260997.1,07456f3ffc5270ea1d8d48a8f82c08a5be396c88f99cc0227968dad721943047,canonical_analysis_eligible,"Primary published mean with an explicit approximately [-1,1] domain, higher-is-better direction, and auditable affine normalization."
published_paper,Fig-6b-clustering,7,Phikon,phikon,camelyon,clustering_score,pathorob.nature2026.camelyon.clustering_score,clustering_score,0.1434706809608215,ari_biology_minus_ari_medical_center,standard_deviation=0.000514112629103475;n=50_random_initializations,higher,"K-means with cosine distance; K selected by maximum silhouette score; clustering score is ARI(biology)-ARI(medical center), averaged over balanced 2x2 combinations and 50 random initializations.",https://www.nature.com/articles/s41467-026-73923-2,41467_2026_73923_MOESM4_ESM.xlsx|sheet=Fig-6b-clustering|row=7,PMC13260997.1,07456f3ffc5270ea1d8d48a8f82c08a5be396c88f99cc0227968dad721943047,canonical_analysis_eligible,"Primary published mean with an explicit approximately [-1,1] domain, higher-is-better direction, and auditable affine normalization."
published_paper,Fig-6b-clustering,8,UNI,uni,camelyon,clustering_score,pathorob.nature2026.camelyon.clustering_score,clustering_score,-0.026314395161655613,ari_biology_minus_ari_medical_center,standard_deviation=0.0232695271574633;n=50_random_initializations,higher,"K-means with cosine distance; K selected by maximum silhouette score; clustering score is ARI(biology)-ARI(medical center), averaged over balanced 2x2 combinations and 50 random initializations.",https://www.nature.com/articles/s41467-026-73923-2,41467_2026_73923_MOESM4_ESM.xlsx|sheet=Fig-6b-clustering|row=8,PMC13260997.1,07456f3ffc5270ea1d8d48a8f82c08a5be396c88f99cc0227968dad721943047,canonical_analysis_eligible,"Primary published mean with an explicit approximately [-1,1] domain, higher-is-better direction, and auditable affine normalization."
published_paper,Fig-6b-clustering,9,Virchow,virchow,camelyon,clustering_score,pathorob.nature2026.camelyon.clustering_score,clustering_score,0.6348331506803438,ari_biology_minus_ari_medical_center,standard_deviation=0.000223466346193182;n=50_random_initializations,higher,"K-means with cosine distance; K selected by maximum silhouette score; clustering score is ARI(biology)-ARI(medical center), averaged over balanced 2x2 combinations and 50 random initializations.",https://www.nature.com/articles/s41467-026-73923-2,41467_2026_73923_MOESM4_ESM.xlsx|sheet=Fig-6b-clustering|row=9,PMC13260997.1,07456f3ffc5270ea1d8d48a8f82c08a5be396c88f99cc0227968dad721943047,canonical_analysis_eligible,"Primary published mean with an explicit approximately [-1,1] domain, higher-is-better direction, and auditable affine normalization."
published_paper,Fig-6b-clustering,10,RudolfV,rudolfv,camelyon,clustering_score,pathorob.nature2026.camelyon.clustering_score,clustering_score,-0.011507225629047881,ari_biology_minus_ari_medical_center,standard_deviation=0.00235516034781211;n=50_random_initializations,higher,"K-means with cosine distance; K selected by maximum silhouette score; clustering score is ARI(biology)-ARI(medical center), averaged over balanced 2x2 combinations and 50 random initializations.",https://www.nature.com/articles/s41467-026-73923-2,41467_2026_73923_MOESM4_ESM.xlsx|sheet=Fig-6b-clustering|row=10,PMC13260997.1,07456f3ffc5270ea1d8d48a8f82c08a5be396c88f99cc0227968dad721943047,canonical_analysis_eligible,"Primary published mean with an explicit approximately [-1,1] domain, higher-is-better direction, and auditable affine normalization."
published_paper,Fig-6b-clustering,11,KaikoViT-B/8,kaiko-vit-b-8,camelyon,clustering_score,pathorob.nature2026.camelyon.clustering_score,clustering_score,0.5832912754934898,ari_biology_minus_ari_medical_center,standard_deviation=0.000206280395287923;n=50_random_initializations,higher,"K-means with cosine distance; K selected by maximum silhouette score; clustering score is ARI(biology)-ARI(medical center), averaged over balanced 2x2 combinations and 50 random initializations.",https://www.nature.com/articles/s41467-026-73923-2,41467_2026_73923_MOESM4_ESM.xlsx|sheet=Fig-6b-clustering|row=11,PMC13260997.1,07456f3ffc5270ea1d8d48a8f82c08a5be396c88f99cc0227968dad721943047,canonical_analysis_eligible,"Primary published mean with an explicit approximately [-1,1] domain, higher-is-better direction, and auditable affine normalization."
published_paper,Fig-6b-clustering,12,Prov-GigaPath,prov-gigapath,camelyon,clustering_score,pathorob.nature2026.camelyon.clustering_score,clustering_score,-0.0034004010061950054,ari_biology_minus_ari_medical_center,standard_deviation=0.00202374856177125;n=50_random_initializations,higher,"K-means with cosine distance; K selected by maximum silhouette score; clustering score is ARI(biology)-ARI(medical center), averaged over balanced 2x2 combinations and 50 random initializations.",https://www.nature.com/articles/s41467-026-73923-2,41467_2026_73923_MOESM4_ESM.xlsx|sheet=Fig-6b-clustering|row=12,PMC13260997.1,07456f3ffc5270ea1d8d48a8f82c08a5be396c88f99cc0227968dad721943047,canonical_analysis_eligible,"Primary published mean with an explicit approximately [-1,1] domain, higher-is-better direction, and auditable affine normalization."
published_paper,Fig-6b-clustering,13,H-optimus-0,h-optimus-0,camelyon,clustering_score,pathorob.nature2026.camelyon.clustering_score,clustering_score,0.01202542041675283,ari_biology_minus_ari_medical_center,standard_deviation=0.00405077137560024;n=50_random_initializations,higher,"K-means with cosine distance; K selected by maximum silhouette score; clustering score is ARI(biology)-ARI(medical center), averaged over balanced 2x2 combinations and 50 random initializations.",https://www.nature.com/articles/s41467-026-73923-2,41467_2026_73923_MOESM4_ESM.xlsx|sheet=Fig-6b-clustering|row=13,PMC13260997.1,07456f3ffc5270ea1d8d48a8f82c08a5be396c88f99cc0227968dad721943047,canonical_analysis_eligible,"Primary published mean with an explicit approximately [-1,1] domain, higher-is-better direction, and auditable affine normalization."
published_paper,Fig-6b-clustering,14,Virchow2,virchow-2,camelyon,clustering_score,pathorob.nature2026.camelyon.clustering_score,clustering_score,-0.0030104566373090613,ari_biology_minus_ari_medical_center,standard_deviation=0.000126722840145162;n=50_random_initializations,higher,"K-means with cosine distance; K selected by maximum silhouette score; clustering score is ARI(biology)-ARI(medical center), averaged over balanced 2x2 combinations and 50 random initializations.",https://www.nature.com/articles/s41467-026-73923-2,41467_2026_73923_MOESM4_ESM.xlsx|sheet=Fig-6b-clustering|row=14,PMC13260997.1,07456f3ffc5270ea1d8d48a8f82c08a5be396c88f99cc0227968dad721943047,canonical_analysis_eligible,"Primary published mean with an explicit approximately [-1,1] domain, higher-is-better direction, and auditable affine normalization."
published_paper,Fig-6b-clustering,15,Phikon-v2,phikon-v2,camelyon,clustering_score,pathorob.nature2026.camelyon.clustering_score,clustering_score,-0.9912678739397616,ari_biology_minus_ari_medical_center,standard_deviation=0.000140035164470223;n=50_random_initializations,higher,"K-means with cosine distance; K selected by maximum silhouette score; clustering score is ARI(biology)-ARI(medical center), averaged over balanced 2x2 combinations and 50 random initializations.",https://www.nature.com/articles/s41467-026-73923-2,41467_2026_73923_MOESM4_ESM.xlsx|sheet=Fig-6b-clustering|row=15,PMC13260997.1,07456f3ffc5270ea1d8d48a8f82c08a5be396c88f99cc0227968dad721943047,canonical_analysis_eligible,"Primary published mean with an explicit approximately [-1,1] domain, higher-is-better direction, and auditable affine normalization."
published_paper,Fig-6b-clustering,16,Atlas,atlas,camelyon,clustering_score,pathorob.nature2026.camelyon.clustering_score,clustering_score,0.6666293008958415,ari_biology_minus_ari_medical_center,standard_deviation=0.000297851681954315;n=50_random_initializations,higher,"K-means with cosine distance; K selected by maximum silhouette score; clustering score is ARI(biology)-ARI(medical center), averaged over balanced 2x2 combinations and 50 random initializations.",https://www.nature.com/articles/s41467-026-73923-2,41467_2026_73923_MOESM4_ESM.xlsx|sheet=Fig-6b-clustering|row=16,PMC13260997.1,07456f3ffc5270ea1d8d48a8f82c08a5be396c88f99cc0227968dad721943047,canonical_analysis_eligible,"Primary published mean with an explicit approximately [-1,1] domain, higher-is-better direction, and auditable affine normalization."
published_paper,Fig-6b-clustering,17,UNI-2h,uni2-h,camelyon,clustering_score,pathorob.nature2026.camelyon.clustering_score,clustering_score,0.0063858321710843135,ari_biology_minus_ari_medical_center,standard_deviation=0.00946293970565209;n=50_random_initializations,higher,"K-means with cosine distance; K selected by maximum silhouette score; clustering score is ARI(biology)-ARI(medical center), averaged over balanced 2x2 combinations and 50 random initializations.",https://www.nature.com/articles/s41467-026-73923-2,41467_2026_73923_MOESM4_ESM.xlsx|sheet=Fig-6b-clustering|row=17,PMC13260997.1,07456f3ffc5270ea1d8d48a8f82c08a5be396c88f99cc0227968dad721943047,canonical_analysis_eligible,"Primary published mean with an explicit approximately [-1,1] domain, higher-is-better direction, and auditable affine normalization."
published_paper,Fig-6b-clustering,18,CONCH,conch,camelyon,clustering_score,pathorob.nature2026.camelyon.clustering_score,clustering_score,0.8392484534500747,ari_biology_minus_ari_medical_center,standard_deviation=0;n=50_random_initializations,higher,"K-means with cosine distance; K selected by maximum silhouette score; clustering score is ARI(biology)-ARI(medical center), averaged over balanced 2x2 combinations and 50 random initializations.",https://www.nature.com/articles/s41467-026-73923-2,41467_2026_73923_MOESM4_ESM.xlsx|sheet=Fig-6b-clustering|row=18,PMC13260997.1,07456f3ffc5270ea1d8d48a8f82c08a5be396c88f99cc0227968dad721943047,canonical_analysis_eligible,"Primary published mean with an explicit approximately [-1,1] domain, higher-is-better direction, and auditable affine normalization."
published_paper,Fig-6b-clustering,19,CONCHv1.5,conch-1.5,camelyon,clustering_score,pathorob.nature2026.camelyon.clustering_score,clustering_score,0.5763015620298723,ari_biology_minus_ari_medical_center,standard_deviation=7.21220914540562e-05;n=50_random_initializations,higher,"K-means with cosine distance; K selected by maximum silhouette score; clustering score is ARI(biology)-ARI(medical center), averaged over balanced 2x2 combinations and 50 random initializations.",https://www.nature.com/articles/s41467-026-73923-2,41467_2026_73923_MOESM4_ESM.xlsx|sheet=Fig-6b-clustering|row=19,PMC13260997.1,07456f3ffc5270ea1d8d48a8f82c08a5be396c88f99cc0227968dad721943047,canonical_analysis_eligible,"Primary published mean with an explicit approximately [-1,1] domain, higher-is-better direction, and auditable affine normalization."
published_paper,Fig-6b-clustering,20,MUSK,musk,camelyon,clustering_score,pathorob.nature2026.camelyon.clustering_score,clustering_score,0.5353795027636831,ari_biology_minus_ari_medical_center,standard_deviation=0.000530409874042769;n=50_random_initializations,higher,"K-means with cosine distance; K selected by maximum silhouette score; clustering score is ARI(biology)-ARI(medical center), averaged over balanced 2x2 combinations and 50 random initializations.",https://www.nature.com/articles/s41467-026-73923-2,41467_2026_73923_MOESM4_ESM.xlsx|sheet=Fig-6b-clustering|row=20,PMC13260997.1,07456f3ffc5270ea1d8d48a8f82c08a5be396c88f99cc0227968dad721943047,canonical_analysis_eligible,"Primary published mean with an explicit approximately [-1,1] domain, higher-is-better direction, and auditable affine normalization."
published_paper,Fig-6b-clustering,21,H0-mini,h0-mini,camelyon,clustering_score,pathorob.nature2026.camelyon.clustering_score,clustering_score,0.5727869633454058,ari_biology_minus_ari_medical_center,standard_deviation=0.000558478236138202;n=50_random_initializations,higher,"K-means with cosine distance; K selected by maximum silhouette score; clustering score is ARI(biology)-ARI(medical center), averaged over balanced 2x2 combinations and 50 random initializations.",https://www.nature.com/articles/s41467-026-73923-2,41467_2026_73923_MOESM4_ESM.xlsx|sheet=Fig-6b-clustering|row=21,PMC13260997.1,07456f3ffc5270ea1d8d48a8f82c08a5be396c88f99cc0227968dad721943047,canonical_analysis_eligible,"Primary published mean with an explicit approximately [-1,1] domain, higher-is-better direction, and auditable affine normalization."
published_paper,Fig-6b-clustering,22,Ciga,ciga,tcga_4x4,clustering_score,pathorob.nature2026.tcga_4x4.clustering_score,clustering_score,-0.07759236177983518,ari_biology_minus_ari_medical_center,standard_deviation=0.00437352235753524;n=50_random_initializations,higher,"K-means with cosine distance; K selected by maximum silhouette score; clustering score is ARI(biology)-ARI(medical center), averaged over balanced 2x2 combinations and 50 random initializations.",https://www.nature.com/articles/s41467-026-73923-2,41467_2026_73923_MOESM4_ESM.xlsx|sheet=Fig-6b-clustering|row=22,PMC13260997.1,07456f3ffc5270ea1d8d48a8f82c08a5be396c88f99cc0227968dad721943047,canonical_analysis_eligible,"Primary published mean with an explicit approximately [-1,1] domain, higher-is-better direction, and auditable affine normalization."
published_paper,Fig-6b-clustering,23,HIPT,hipt,tcga_4x4,clustering_score,pathorob.nature2026.tcga_4x4.clustering_score,clustering_score,0.004977755462809989,ari_biology_minus_ari_medical_center,standard_deviation=0.00294554426501139;n=50_random_initializations,higher,"K-means with cosine distance; K selected by maximum silhouette score; clustering score is ARI(biology)-ARI(medical center), averaged over balanced 2x2 combinations and 50 random initializations.",https://www.nature.com/articles/s41467-026-73923-2,41467_2026_73923_MOESM4_ESM.xlsx|sheet=Fig-6b-clustering|row=23,PMC13260997.1,07456f3ffc5270ea1d8d48a8f82c08a5be396c88f99cc0227968dad721943047,canonical_analysis_eligible,"Primary published mean with an explicit approximately [-1,1] domain, higher-is-better direction, and auditable affine normalization."
published_paper,Fig-6b-clustering,24,RetCCL,retccl,tcga_4x4,clustering_score,pathorob.nature2026.tcga_4x4.clustering_score,clustering_score,0.10970631789030741,ari_biology_minus_ari_medical_center,standard_deviation=0.00468042939629243;n=50_random_initializations,higher,"K-means with cosine distance; K selected by maximum silhouette score; clustering score is ARI(biology)-ARI(medical center), averaged over balanced 2x2 combinations and 50 random initializations.",https://www.nature.com/articles/s41467-026-73923-2,41467_2026_73923_MOESM4_ESM.xlsx|sheet=Fig-6b-clustering|row=24,PMC13260997.1,07456f3ffc5270ea1d8d48a8f82c08a5be396c88f99cc0227968dad721943047,canonical_analysis_eligible,"Primary published mean with an explicit approximately [-1,1] domain, higher-is-better direction, and auditable affine normalization."
published_paper,Fig-6b-clustering,25,Kang-DINO,kang-dino,tcga_4x4,clustering_score,pathorob.nature2026.tcga_4x4.clustering_score,clustering_score,0.22916719205754235,ari_biology_minus_ari_medical_center,standard_deviation=0.00542805093773966;n=50_random_initializations,higher,"K-means with cosine distance; K selected by maximum silhouette score; clustering score is ARI(biology)-ARI(medical center), averaged over balanced 2x2 combinations and 50 random initializations.",https://www.nature.com/articles/s41467-026-73923-2,41467_2026_73923_MOESM4_ESM.xlsx|sheet=Fig-6b-clustering|row=25,PMC13260997.1,07456f3ffc5270ea1d8d48a8f82c08a5be396c88f99cc0227968dad721943047,canonical_analysis_eligible,"Primary published mean with an explicit approximately [-1,1] domain, higher-is-better direction, and auditable affine normalization."
published_paper,Fig-6b-clustering,26,CTransPath,ctranspath,tcga_4x4,clustering_score,pathorob.nature2026.tcga_4x4.clustering_score,clustering_score,0.08061896065998622,ari_biology_minus_ari_medical_center,standard_deviation=0.00519720819755642;n=50_random_initializations,higher,"K-means with cosine distance; K selected by maximum silhouette score; clustering score is ARI(biology)-ARI(medical center), averaged over balanced 2x2 combinations and 50 random initializations.",https://www.nature.com/articles/s41467-026-73923-2,41467_2026_73923_MOESM4_ESM.xlsx|sheet=Fig-6b-clustering|row=26,PMC13260997.1,07456f3ffc5270ea1d8d48a8f82c08a5be396c88f99cc0227968dad721943047,canonical_analysis_eligible,"Primary published mean with an explicit approximately [-1,1] domain, higher-is-better direction, and auditable affine normalization."
published_paper,Fig-6b-clustering,27,Phikon,phikon,tcga_4x4,clustering_score,pathorob.nature2026.tcga_4x4.clustering_score,clustering_score,0.004201154827179908,ari_biology_minus_ari_medical_center,standard_deviation=0.00770786108405362;n=50_random_initializations,higher,"K-means with cosine distance; K selected by maximum silhouette score; clustering score is ARI(biology)-ARI(medical center), averaged over balanced 2x2 combinations and 50 random initializations.",https://www.nature.com/articles/s41467-026-73923-2,41467_2026_73923_MOESM4_ESM.xlsx|sheet=Fig-6b-clustering|row=27,PMC13260997.1,07456f3ffc5270ea1d8d48a8f82c08a5be396c88f99cc0227968dad721943047,canonical_analysis_eligible,"Primary published mean with an explicit approximately [-1,1] domain, higher-is-better direction, and auditable affine normalization."
published_paper,Fig-6b-clustering,28,UNI,uni,tcga_4x4,clustering_score,pathorob.nature2026.tcga_4x4.clustering_score,clustering_score,0.07200052105414378,ari_biology_minus_ari_medical_center,standard_deviation=0.0067695568362064;n=50_random_initializations,higher,"K-means with cosine distance; K selected by maximum silhouette score; clustering score is ARI(biology)-ARI(medical center), averaged over balanced 2x2 combinations and 50 random initializations.",https://www.nature.com/articles/s41467-026-73923-2,41467_2026_73923_MOESM4_ESM.xlsx|sheet=Fig-6b-clustering|row=28,PMC13260997.1,07456f3ffc5270ea1d8d48a8f82c08a5be396c88f99cc0227968dad721943047,canonical_analysis_eligible,"Primary published mean with an explicit approximately [-1,1] domain, higher-is-better direction, and auditable affine normalization."
published_paper,Fig-6b-clustering,29,Virchow,virchow,tcga_4x4,clustering_score,pathorob.nature2026.tcga_4x4.clustering_score,clustering_score,0.3372427984849476,ari_biology_minus_ari_medical_center,standard_deviation=0.00849215898237899;n=50_random_initializations,higher,"K-means with cosine distance; K selected by maximum silhouette score; clustering score is ARI(biology)-ARI(medical center), averaged over balanced 2x2 combinations and 50 random initializations.",https://www.nature.com/articles/s41467-026-73923-2,41467_2026_73923_MOESM4_ESM.xlsx|sheet=Fig-6b-clustering|row=29,PMC13260997.1,07456f3ffc5270ea1d8d48a8f82c08a5be396c88f99cc0227968dad721943047,canonical_analysis_eligible,"Primary published mean with an explicit approximately [-1,1] domain, higher-is-better direction, and auditable affine normalization."
published_paper,Fig-6b-clustering,30,RudolfV,rudolfv,tcga_4x4,clustering_score,pathorob.nature2026.tcga_4x4.clustering_score,clustering_score,-0.01570671863063627,ari_biology_minus_ari_medical_center,standard_deviation=0.00551874133280547;n=50_random_initializations,higher,"K-means with cosine distance; K selected by maximum silhouette score; clustering score is ARI(biology)-ARI(medical center), averaged over balanced 2x2 combinations and 50 random initializations.",https://www.nature.com/articles/s41467-026-73923-2,41467_2026_73923_MOESM4_ESM.xlsx|sheet=Fig-6b-clustering|row=30,PMC13260997.1,07456f3ffc5270ea1d8d48a8f82c08a5be396c88f99cc0227968dad721943047,canonical_analysis_eligible,"Primary published mean with an explicit approximately [-1,1] domain, higher-is-better direction, and auditable affine normalization."
published_paper,Fig-6b-clustering,31,KaikoViT-B/8,kaiko-vit-b-8,tcga_4x4,clustering_score,pathorob.nature2026.tcga_4x4.clustering_score,clustering_score,0.2789599763409847,ari_biology_minus_ari_medical_center,standard_deviation=0.00601295744538142;n=50_random_initializations,higher,"K-means with cosine distance; K selected by maximum silhouette score; clustering score is ARI(biology)-ARI(medical center), averaged over balanced 2x2 combinations and 50 random initializations.",https://www.nature.com/articles/s41467-026-73923-2,41467_2026_73923_MOESM4_ESM.xlsx|sheet=Fig-6b-clustering|row=31,PMC13260997.1,07456f3ffc5270ea1d8d48a8f82c08a5be396c88f99cc0227968dad721943047,canonical_analysis_eligible,"Primary published mean with an explicit approximately [-1,1] domain, higher-is-better direction, and auditable affine normalization."
published_paper,Fig-6b-clustering,32,Prov-GigaPath,prov-gigapath,tcga_4x4,clustering_score,pathorob.nature2026.tcga_4x4.clustering_score,clustering_score,0.012461261184566134,ari_biology_minus_ari_medical_center,standard_deviation=0.00746705806367535;n=50_random_initializations,higher,"K-means with cosine distance; K selected by maximum silhouette score; clustering score is ARI(biology)-ARI(medical center), averaged over balanced 2x2 combinations and 50 random initializations.",https://www.nature.com/articles/s41467-026-73923-2,41467_2026_73923_MOESM4_ESM.xlsx|sheet=Fig-6b-clustering|row=32,PMC13260997.1,07456f3ffc5270ea1d8d48a8f82c08a5be396c88f99cc0227968dad721943047,canonical_analysis_eligible,"Primary published mean with an explicit approximately [-1,1] domain, higher-is-better direction, and auditable affine normalization."
published_paper,Fig-6b-clustering,33,H-optimus-0,h-optimus-0,tcga_4x4,clustering_score,pathorob.nature2026.tcga_4x4.clustering_score,clustering_score,0.014452384599742345,ari_biology_minus_ari_medical_center,standard_deviation=0.00792993460509058;n=50_random_initializations,higher,"K-means with cosine distance; K selected by maximum silhouette score; clustering score is ARI(biology)-ARI(medical center), averaged over balanced 2x2 combinations and 50 random initializations.",https://www.nature.com/articles/s41467-026-73923-2,41467_2026_73923_MOESM4_ESM.xlsx|sheet=Fig-6b-clustering|row=33,PMC13260997.1,07456f3ffc5270ea1d8d48a8f82c08a5be396c88f99cc0227968dad721943047,canonical_analysis_eligible,"Primary published mean with an explicit approximately [-1,1] domain, higher-is-better direction, and auditable affine normalization."
published_paper,Fig-6b-clustering,34,Virchow2,virchow-2,tcga_4x4,clustering_score,pathorob.nature2026.tcga_4x4.clustering_score,clustering_score,0.183691809322266,ari_biology_minus_ari_medical_center,standard_deviation=0.0106144804115144;n=50_random_initializations,higher,"K-means with cosine distance; K selected by maximum silhouette score; clustering score is ARI(biology)-ARI(medical center), averaged over balanced 2x2 combinations and 50 random initializations.",https://www.nature.com/articles/s41467-026-73923-2,41467_2026_73923_MOESM4_ESM.xlsx|sheet=Fig-6b-clustering|row=34,PMC13260997.1,07456f3ffc5270ea1d8d48a8f82c08a5be396c88f99cc0227968dad721943047,canonical_analysis_eligible,"Primary published mean with an explicit approximately [-1,1] domain, higher-is-better direction, and auditable affine normalization."
published_paper,Fig-6b-clustering,35,Phikon-v2,phikon-v2,tcga_4x4,clustering_score,pathorob.nature2026.tcga_4x4.clustering_score,clustering_score,0.0018389415348621732,ari_biology_minus_ari_medical_center,standard_deviation=0.00708623502909834;n=50_random_initializations,higher,"K-means with cosine distance; K selected by maximum silhouette score; clustering score is ARI(biology)-ARI(medical center), averaged over balanced 2x2 combinations and 50 random initializations.",https://www.nature.com/articles/s41467-026-73923-2,41467_2026_73923_MOESM4_ESM.xlsx|sheet=Fig-6b-clustering|row=35,PMC13260997.1,07456f3ffc5270ea1d8d48a8f82c08a5be396c88f99cc0227968dad721943047,canonical_analysis_eligible,"Primary published mean with an explicit approximately [-1,1] domain, higher-is-better direction, and auditable affine normalization."
published_paper,Fig-6b-clustering,36,Atlas,atlas,tcga_4x4,clustering_score,pathorob.nature2026.tcga_4x4.clustering_score,clustering_score,0.4611462156625066,ari_biology_minus_ari_medical_center,standard_deviation=0.00638365759358524;n=50_random_initializations,higher,"K-means with cosine distance; K selected by maximum silhouette score; clustering score is ARI(biology)-ARI(medical center), averaged over balanced 2x2 combinations and 50 random initializations.",https://www.nature.com/articles/s41467-026-73923-2,41467_2026_73923_MOESM4_ESM.xlsx|sheet=Fig-6b-clustering|row=36,PMC13260997.1,07456f3ffc5270ea1d8d48a8f82c08a5be396c88f99cc0227968dad721943047,canonical_analysis_eligible,"Primary published mean with an explicit approximately [-1,1] domain, higher-is-better direction, and auditable affine normalization."
published_paper,Fig-6b-clustering,37,UNI-2h,uni2-h,tcga_4x4,clustering_score,pathorob.nature2026.tcga_4x4.clustering_score,clustering_score,0.12819807107855807,ari_biology_minus_ari_medical_center,standard_deviation=0.0070542265538626;n=50_random_initializations,higher,"K-means with cosine distance; K selected by maximum silhouette score; clustering score is ARI(biology)-ARI(medical center), averaged over balanced 2x2 combinations and 50 random initializations.",https://www.nature.com/articles/s41467-026-73923-2,41467_2026_73923_MOESM4_ESM.xlsx|sheet=Fig-6b-clustering|row=37,PMC13260997.1,07456f3ffc5270ea1d8d48a8f82c08a5be396c88f99cc0227968dad721943047,canonical_analysis_eligible,"Primary published mean with an explicit approximately [-1,1] domain, higher-is-better direction, and auditable affine normalization."
published_paper,Fig-6b-clustering,38,CONCH,conch,tcga_4x4,clustering_score,pathorob.nature2026.tcga_4x4.clustering_score,clustering_score,0.5733418856226014,ari_biology_minus_ari_medical_center,standard_deviation=0.00233546048748317;n=50_random_initializations,higher,"K-means with cosine distance; K selected by maximum silhouette score; clustering score is ARI(biology)-ARI(medical center), averaged over balanced 2x2 combinations and 50 random initializations.",https://www.nature.com/articles/s41467-026-73923-2,41467_2026_73923_MOESM4_ESM.xlsx|sheet=Fig-6b-clustering|row=38,PMC13260997.1,07456f3ffc5270ea1d8d48a8f82c08a5be396c88f99cc0227968dad721943047,canonical_analysis_eligible,"Primary published mean with an explicit approximately [-1,1] domain, higher-is-better direction, and auditable affine normalization."
published_paper,Fig-6b-clustering,39,CONCHv1.5,conch-1.5,tcga_4x4,clustering_score,pathorob.nature2026.tcga_4x4.clustering_score,clustering_score,0.6379170520773801,ari_biology_minus_ari_medical_center,standard_deviation=0.00204561959133809;n=50_random_initializations,higher,"K-means with cosine distance; K selected by maximum silhouette score; clustering score is ARI(biology)-ARI(medical center), averaged over balanced 2x2 combinations and 50 random initializations.",https://www.nature.com/articles/s41467-026-73923-2,41467_2026_73923_MOESM4_ESM.xlsx|sheet=Fig-6b-clustering|row=39,PMC13260997.1,07456f3ffc5270ea1d8d48a8f82c08a5be396c88f99cc0227968dad721943047,canonical_analysis_eligible,"Primary published mean with an explicit approximately [-1,1] domain, higher-is-better direction, and auditable affine normalization."
published_paper,Fig-6b-clustering,40,MUSK,musk,tcga_4x4,clustering_score,pathorob.nature2026.tcga_4x4.clustering_score,clustering_score,0.31852739809601693,ari_biology_minus_ari_medical_center,standard_deviation=0.00419227803214337;n=50_random_initializations,higher,"K-means with cosine distance; K selected by maximum silhouette score; clustering score is ARI(biology)-ARI(medical center), averaged over balanced 2x2 combinations and 50 random initializations.",https://www.nature.com/articles/s41467-026-73923-2,41467_2026_73923_MOESM4_ESM.xlsx|sheet=Fig-6b-clustering|row=40,PMC13260997.1,07456f3ffc5270ea1d8d48a8f82c08a5be396c88f99cc0227968dad721943047,canonical_analysis_eligible,"Primary published mean with an explicit approximately [-1,1] domain, higher-is-better direction, and auditable affine normalization."
published_paper,Fig-6b-clustering,41,H0-mini,h0-mini,tcga_4x4,clustering_score,pathorob.nature2026.tcga_4x4.clustering_score,clustering_score,0.3286664934375631,ari_biology_minus_ari_medical_center,standard_deviation=0.00452714789664595;n=50_random_initializations,higher,"K-means with cosine distance; K selected by maximum silhouette score; clustering score is ARI(biology)-ARI(medical center), averaged over balanced 2x2 combinations and 50 random initializations.",https://www.nature.com/articles/s41467-026-73923-2,41467_2026_73923_MOESM4_ESM.xlsx|sheet=Fig-6b-clustering|row=41,PMC13260997.1,07456f3ffc5270ea1d8d48a8f82c08a5be396c88f99cc0227968dad721943047,canonical_analysis_eligible,"Primary published mean with an explicit approximately [-1,1] domain, higher-is-better direction, and auditable affine normalization."
published_paper,Fig-6b-clustering,42,Ciga,ciga,tolkach_esca,clustering_score,pathorob.nature2026.tolkach_esca.clustering_score,clustering_score,0.6390087945864033,ari_biology_minus_ari_medical_center,standard_deviation=0.00485168629567262;n=50_random_initializations,higher,"K-means with cosine distance; K selected by maximum silhouette score; clustering score is ARI(biology)-ARI(medical center), averaged over balanced 2x2 combinations and 50 random initializations.",https://www.nature.com/articles/s41467-026-73923-2,41467_2026_73923_MOESM4_ESM.xlsx|sheet=Fig-6b-clustering|row=42,PMC13260997.1,07456f3ffc5270ea1d8d48a8f82c08a5be396c88f99cc0227968dad721943047,canonical_analysis_eligible,"Primary published mean with an explicit approximately [-1,1] domain, higher-is-better direction, and auditable affine normalization."
published_paper,Fig-6b-clustering,43,HIPT,hipt,tolkach_esca,clustering_score,pathorob.nature2026.tolkach_esca.clustering_score,clustering_score,0.5354996300241467,ari_biology_minus_ari_medical_center,standard_deviation=0.00196701191925456;n=50_random_initializations,higher,"K-means with cosine distance; K selected by maximum silhouette score; clustering score is ARI(biology)-ARI(medical center), averaged over balanced 2x2 combinations and 50 random initializations.",https://www.nature.com/articles/s41467-026-73923-2,41467_2026_73923_MOESM4_ESM.xlsx|sheet=Fig-6b-clustering|row=43,PMC13260997.1,07456f3ffc5270ea1d8d48a8f82c08a5be396c88f99cc0227968dad721943047,canonical_analysis_eligible,"Primary published mean with an explicit approximately [-1,1] domain, higher-is-better direction, and auditable affine normalization."
published_paper,Fig-6b-clustering,44,RetCCL,retccl,tolkach_esca,clustering_score,pathorob.nature2026.tolkach_esca.clustering_score,clustering_score,0.8466224555020212,ari_biology_minus_ari_medical_center,standard_deviation=0.00109245441181605;n=50_random_initializations,higher,"K-means with cosine distance; K selected by maximum silhouette score; clustering score is ARI(biology)-ARI(medical center), averaged over balanced 2x2 combinations and 50 random initializations.",https://www.nature.com/articles/s41467-026-73923-2,41467_2026_73923_MOESM4_ESM.xlsx|sheet=Fig-6b-clustering|row=44,PMC13260997.1,07456f3ffc5270ea1d8d48a8f82c08a5be396c88f99cc0227968dad721943047,canonical_analysis_eligible,"Primary published mean with an explicit approximately [-1,1] domain, higher-is-better direction, and auditable affine normalization."
published_paper,Fig-6b-clustering,45,Kang-DINO,kang-dino,tolkach_esca,clustering_score,pathorob.nature2026.tolkach_esca.clustering_score,clustering_score,0.9373412100445887,ari_biology_minus_ari_medical_center,standard_deviation=0.00176447187225103;n=50_random_initializations,higher,"K-means with cosine distance; K selected by maximum silhouette score; clustering score is ARI(biology)-ARI(medical center), averaged over balanced 2x2 combinations and 50 random initializations.",https://www.nature.com/articles/s41467-026-73923-2,41467_2026_73923_MOESM4_ESM.xlsx|sheet=Fig-6b-clustering|row=45,PMC13260997.1,07456f3ffc5270ea1d8d48a8f82c08a5be396c88f99cc0227968dad721943047,canonical_analysis_eligible,"Primary published mean with an explicit approximately [-1,1] domain, higher-is-better direction, and auditable affine normalization."
published_paper,Fig-6b-clustering,46,CTransPath,ctranspath,tolkach_esca,clustering_score,pathorob.nature2026.tolkach_esca.clustering_score,clustering_score,0.9111024007847907,ari_biology_minus_ari_medical_center,standard_deviation=0.000517818888765624;n=50_random_initializations,higher,"K-means with cosine distance; K selected by maximum silhouette score; clustering score is ARI(biology)-ARI(medical center), averaged over balanced 2x2 combinations and 50 random initializations.",https://www.nature.com/articles/s41467-026-73923-2,41467_2026_73923_MOESM4_ESM.xlsx|sheet=Fig-6b-clustering|row=46,PMC13260997.1,07456f3ffc5270ea1d8d48a8f82c08a5be396c88f99cc0227968dad721943047,canonical_analysis_eligible,"Primary published mean with an explicit approximately [-1,1] domain, higher-is-better direction, and auditable affine normalization."
published_paper,Fig-6b-clustering,47,Phikon,phikon,tolkach_esca,clustering_score,pathorob.nature2026.tolkach_esca.clustering_score,clustering_score,0.925884709263346,ari_biology_minus_ari_medical_center,standard_deviation=0.00195943462327992;n=50_random_initializations,higher,"K-means with cosine distance; K selected by maximum silhouette score; clustering score is ARI(biology)-ARI(medical center), averaged over balanced 2x2 combinations and 50 random initializations.",https://www.nature.com/articles/s41467-026-73923-2,41467_2026_73923_MOESM4_ESM.xlsx|sheet=Fig-6b-clustering|row=47,PMC13260997.1,07456f3ffc5270ea1d8d48a8f82c08a5be396c88f99cc0227968dad721943047,canonical_analysis_eligible,"Primary published mean with an explicit approximately [-1,1] domain, higher-is-better direction, and auditable affine normalization."
published_paper,Fig-6b-clustering,48,UNI,uni,tolkach_esca,clustering_score,pathorob.nature2026.tolkach_esca.clustering_score,clustering_score,0.7949050184128067,ari_biology_minus_ari_medical_center,standard_deviation=0.00722339984559794;n=50_random_initializations,higher,"K-means with cosine distance; K selected by maximum silhouette score; clustering score is ARI(biology)-ARI(medical center), averaged over balanced 2x2 combinations and 50 random initializations.",https://www.nature.com/articles/s41467-026-73923-2,41467_2026_73923_MOESM4_ESM.xlsx|sheet=Fig-6b-clustering|row=48,PMC13260997.1,07456f3ffc5270ea1d8d48a8f82c08a5be396c88f99cc0227968dad721943047,canonical_analysis_eligible,"Primary published mean with an explicit approximately [-1,1] domain, higher-is-better direction, and auditable affine normalization."
published_paper,Fig-6b-clustering,49,Virchow,virchow,tolkach_esca,clustering_score,pathorob.nature2026.tolkach_esca.clustering_score,clustering_score,0.9186409239154615,ari_biology_minus_ari_medical_center,standard_deviation=0.00535118315713761;n=50_random_initializations,higher,"K-means with cosine distance; K selected by maximum silhouette score; clustering score is ARI(biology)-ARI(medical center), averaged over balanced 2x2 combinations and 50 random initializations.",https://www.nature.com/articles/s41467-026-73923-2,41467_2026_73923_MOESM4_ESM.xlsx|sheet=Fig-6b-clustering|row=49,PMC13260997.1,07456f3ffc5270ea1d8d48a8f82c08a5be396c88f99cc0227968dad721943047,canonical_analysis_eligible,"Primary published mean with an explicit approximately [-1,1] domain, higher-is-better direction, and auditable affine normalization."
published_paper,Fig-6b-clustering,50,RudolfV,rudolfv,tolkach_esca,clustering_score,pathorob.nature2026.tolkach_esca.clustering_score,clustering_score,0.7873254366232569,ari_biology_minus_ari_medical_center,standard_deviation=0.00161076452029447;n=50_random_initializations,higher,"K-means with cosine distance; K selected by maximum silhouette score; clustering score is ARI(biology)-ARI(medical center), averaged over balanced 2x2 combinations and 50 random initializations.",https://www.nature.com/articles/s41467-026-73923-2,41467_2026_73923_MOESM4_ESM.xlsx|sheet=Fig-6b-clustering|row=50,PMC13260997.1,07456f3ffc5270ea1d8d48a8f82c08a5be396c88f99cc0227968dad721943047,canonical_analysis_eligible,"Primary published mean with an explicit approximately [-1,1] domain, higher-is-better direction, and auditable affine normalization."
published_paper,Fig-6b-clustering,51,KaikoViT-B/8,kaiko-vit-b-8,tolkach_esca,clustering_score,pathorob.nature2026.tolkach_esca.clustering_score,clustering_score,0.9387841458684806,ari_biology_minus_ari_medical_center,standard_deviation=0.0068001131957072;n=50_random_initializations,higher,"K-means with cosine distance; K selected by maximum silhouette score; clustering score is ARI(biology)-ARI(medical center), averaged over balanced 2x2 combinations and 50 random initializations.",https://www.nature.com/articles/s41467-026-73923-2,41467_2026_73923_MOESM4_ESM.xlsx|sheet=Fig-6b-clustering|row=51,PMC13260997.1,07456f3ffc5270ea1d8d48a8f82c08a5be396c88f99cc0227968dad721943047,canonical_analysis_eligible,"Primary published mean with an explicit approximately [-1,1] domain, higher-is-better direction, and auditable affine normalization."
published_paper,Fig-6b-clustering,52,Prov-GigaPath,prov-gigapath,tolkach_esca,clustering_score,pathorob.nature2026.tolkach_esca.clustering_score,clustering_score,0.6281887449288723,ari_biology_minus_ari_medical_center,standard_deviation=0.00784337628561811;n=50_random_initializations,higher,"K-means with cosine distance; K selected by maximum silhouette score; clustering score is ARI(biology)-ARI(medical center), averaged over balanced 2x2 combinations and 50 random initializations.",https://www.nature.com/articles/s41467-026-73923-2,41467_2026_73923_MOESM4_ESM.xlsx|sheet=Fig-6b-clustering|row=52,PMC13260997.1,07456f3ffc5270ea1d8d48a8f82c08a5be396c88f99cc0227968dad721943047,canonical_analysis_eligible,"Primary published mean with an explicit approximately [-1,1] domain, higher-is-better direction, and auditable affine normalization."
published_paper,Fig-6b-clustering,53,H-optimus-0,h-optimus-0,tolkach_esca,clustering_score,pathorob.nature2026.tolkach_esca.clustering_score,clustering_score,0.9013448836209643,ari_biology_minus_ari_medical_center,standard_deviation=0.00335606060335793;n=50_random_initializations,higher,"K-means with cosine distance; K selected by maximum silhouette score; clustering score is ARI(biology)-ARI(medical center), averaged over balanced 2x2 combinations and 50 random initializations.",https://www.nature.com/articles/s41467-026-73923-2,41467_2026_73923_MOESM4_ESM.xlsx|sheet=Fig-6b-clustering|row=53,PMC13260997.1,07456f3ffc5270ea1d8d48a8f82c08a5be396c88f99cc0227968dad721943047,canonical_analysis_eligible,"Primary published mean with an explicit approximately [-1,1] domain, higher-is-better direction, and auditable affine normalization."
published_paper,Fig-6b-clustering,54,Virchow2,virchow-2,tolkach_esca,clustering_score,pathorob.nature2026.tolkach_esca.clustering_score,clustering_score,0.6882514139206818,ari_biology_minus_ari_medical_center,standard_deviation=0.00218429004841051;n=50_random_initializations,higher,"K-means with cosine distance; K selected by maximum silhouette score; clustering score is ARI(biology)-ARI(medical center), averaged over balanced 2x2 combinations and 50 random initializations.",https://www.nature.com/articles/s41467-026-73923-2,41467_2026_73923_MOESM4_ESM.xlsx|sheet=Fig-6b-clustering|row=54,PMC13260997.1,07456f3ffc5270ea1d8d48a8f82c08a5be396c88f99cc0227968dad721943047,canonical_analysis_eligible,"Primary published mean with an explicit approximately [-1,1] domain, higher-is-better direction, and auditable affine normalization."
published_paper,Fig-6b-clustering,55,Phikon-v2,phikon-v2,tolkach_esca,clustering_score,pathorob.nature2026.tolkach_esca.clustering_score,clustering_score,0.7707539915468098,ari_biology_minus_ari_medical_center,standard_deviation=0.00654966703447386;n=50_random_initializations,higher,"K-means with cosine distance; K selected by maximum silhouette score; clustering score is ARI(biology)-ARI(medical center), averaged over balanced 2x2 combinations and 50 random initializations.",https://www.nature.com/articles/s41467-026-73923-2,41467_2026_73923_MOESM4_ESM.xlsx|sheet=Fig-6b-clustering|row=55,PMC13260997.1,07456f3ffc5270ea1d8d48a8f82c08a5be396c88f99cc0227968dad721943047,canonical_analysis_eligible,"Primary published mean with an explicit approximately [-1,1] domain, higher-is-better direction, and auditable affine normalization."
published_paper,Fig-6b-clustering,56,Atlas,atlas,tolkach_esca,clustering_score,pathorob.nature2026.tolkach_esca.clustering_score,clustering_score,0.8839005866416392,ari_biology_minus_ari_medical_center,standard_deviation=0.0107943041318037;n=50_random_initializations,higher,"K-means with cosine distance; K selected by maximum silhouette score; clustering score is ARI(biology)-ARI(medical center), averaged over balanced 2x2 combinations and 50 random initializations.",https://www.nature.com/articles/s41467-026-73923-2,41467_2026_73923_MOESM4_ESM.xlsx|sheet=Fig-6b-clustering|row=56,PMC13260997.1,07456f3ffc5270ea1d8d48a8f82c08a5be396c88f99cc0227968dad721943047,canonical_analysis_eligible,"Primary published mean with an explicit approximately [-1,1] domain, higher-is-better direction, and auditable affine normalization."
published_paper,Fig-6b-clustering,57,UNI-2h,uni2-h,tolkach_esca,clustering_score,pathorob.nature2026.tolkach_esca.clustering_score,clustering_score,0.8652564853801654,ari_biology_minus_ari_medical_center,standard_deviation=0.00726640418619384;n=50_random_initializations,higher,"K-means with cosine distance; K selected by maximum silhouette score; clustering score is ARI(biology)-ARI(medical center), averaged over balanced 2x2 combinations and 50 random initializations.",https://www.nature.com/articles/s41467-026-73923-2,41467_2026_73923_MOESM4_ESM.xlsx|sheet=Fig-6b-clustering|row=57,PMC13260997.1,07456f3ffc5270ea1d8d48a8f82c08a5be396c88f99cc0227968dad721943047,canonical_analysis_eligible,"Primary published mean with an explicit approximately [-1,1] domain, higher-is-better direction, and auditable affine normalization."
published_paper,Fig-6b-clustering,58,CONCH,conch,tolkach_esca,clustering_score,pathorob.nature2026.tolkach_esca.clustering_score,clustering_score,0.9466363450010242,ari_biology_minus_ari_medical_center,standard_deviation=0.00128142510845576;n=50_random_initializations,higher,"K-means with cosine distance; K selected by maximum silhouette score; clustering score is ARI(biology)-ARI(medical center), averaged over balanced 2x2 combinations and 50 random initializations.",https://www.nature.com/articles/s41467-026-73923-2,41467_2026_73923_MOESM4_ESM.xlsx|sheet=Fig-6b-clustering|row=58,PMC13260997.1,07456f3ffc5270ea1d8d48a8f82c08a5be396c88f99cc0227968dad721943047,canonical_analysis_eligible,"Primary published mean with an explicit approximately [-1,1] domain, higher-is-better direction, and auditable affine normalization."
published_paper,Fig-6b-clustering,59,CONCHv1.5,conch-1.5,tolkach_esca,clustering_score,pathorob.nature2026.tolkach_esca.clustering_score,clustering_score,0.9602634198756443,ari_biology_minus_ari_medical_center,standard_deviation=0.000351418398388644;n=50_random_initializations,higher,"K-means with cosine distance; K selected by maximum silhouette score; clustering score is ARI(biology)-ARI(medical center), averaged over balanced 2x2 combinations and 50 random initializations.",https://www.nature.com/articles/s41467-026-73923-2,41467_2026_73923_MOESM4_ESM.xlsx|sheet=Fig-6b-clustering|row=59,PMC13260997.1,07456f3ffc5270ea1d8d48a8f82c08a5be396c88f99cc0227968dad721943047,canonical_analysis_eligible,"Primary published mean with an explicit approximately [-1,1] domain, higher-is-better direction, and auditable affine normalization."
published_paper,Fig-6b-clustering,60,MUSK,musk,tolkach_esca,clustering_score,pathorob.nature2026.tolkach_esca.clustering_score,clustering_score,0.9608671583539875,ari_biology_minus_ari_medical_center,standard_deviation=0.000162910442352104;n=50_random_initializations,higher,"K-means with cosine distance; K selected by maximum silhouette score; clustering score is ARI(biology)-ARI(medical center), averaged over balanced 2x2 combinations and 50 random initializations.",https://www.nature.com/articles/s41467-026-73923-2,41467_2026_73923_MOESM4_ESM.xlsx|sheet=Fig-6b-clustering|row=60,PMC13260997.1,07456f3ffc5270ea1d8d48a8f82c08a5be396c88f99cc0227968dad721943047,canonical_analysis_eligible,"Primary published mean with an explicit approximately [-1,1] domain, higher-is-better direction, and auditable affine normalization."
published_paper,Fig-6b-clustering,61,H0-mini,h0-mini,tolkach_esca,clustering_score,pathorob.nature2026.tolkach_esca.clustering_score,clustering_score,0.9346495555418569,ari_biology_minus_ari_medical_center,standard_deviation=0.0016943942174807;n=50_random_initializations,higher,"K-means with cosine distance; K selected by maximum silhouette score; clustering score is ARI(biology)-ARI(medical center), averaged over balanced 2x2 combinations and 50 random initializations.",https://www.nature.com/articles/s41467-026-73923-2,41467_2026_73923_MOESM4_ESM.xlsx|sheet=Fig-6b-clustering|row=61,PMC13260997.1,07456f3ffc5270ea1d8d48a8f82c08a5be396c88f99cc0227968dad721943047,canonical_analysis_eligible,"Primary published mean with an explicit approximately [-1,1] domain, higher-is-better direction, and auditable affine normalization."
repository_example,results/apd/*/*_summary.json,apd_id,UNI2-h,uni2-h,camelyon,apd_id,pathorob.repoexample2026.camelyon.apd_id,average_performance_drop_fraction,-0.0462926520863586,fractional_relative_change,not_reported,higher_closer_to_zero,Pinned repository example: per-dataset signed APD mean over repetitions.,https://github.com/bifold-pathomics/PathoROB/blob/6583cf0b0d902c8cc032308262fa3a3befdc0687/results/apd/uni2h_clsmean/camelyon_summary.json,results/apd/uni2h_clsmean/camelyon_summary.json,6583cf0b0d902c8cc032308262fa3a3befdc0687,e8491fb959e1124d29a82d4230c0681686e0b214ed6a42d9a6fc99a4b77b0951,quarantined_repository_example,Official repository example only; two-model values differ slightly from the published Source Data and are kept as a version-specific audit block.
repository_example,results/apd/*/*_summary.json,apd_ood,UNI2-h,uni2-h,camelyon,apd_ood,pathorob.repoexample2026.camelyon.apd_ood,average_performance_drop_fraction,-0.013145890908344605,fractional_relative_change,not_reported,higher_closer_to_zero,Pinned repository example: per-dataset signed APD mean over repetitions.,https://github.com/bifold-pathomics/PathoROB/blob/6583cf0b0d902c8cc032308262fa3a3befdc0687/results/apd/uni2h_clsmean/camelyon_summary.json,results/apd/uni2h_clsmean/camelyon_summary.json,6583cf0b0d902c8cc032308262fa3a3befdc0687,e8491fb959e1124d29a82d4230c0681686e0b214ed6a42d9a6fc99a4b77b0951,quarantined_repository_example,Official repository example only; two-model values differ slightly from the published Source Data and are kept as a version-specific audit block.
repository_example,results/apd/*/*_summary.json,apd_id,UNI2-h,uni2-h,tcga_4x4,apd_id,pathorob.repoexample2026.tcga_4x4.apd_id,average_performance_drop_fraction,-0.025986242750030263,fractional_relative_change,not_reported,higher_closer_to_zero,Pinned repository example: per-dataset signed APD mean over repetitions.,https://github.com/bifold-pathomics/PathoROB/blob/6583cf0b0d902c8cc032308262fa3a3befdc0687/results/apd/uni2h_clsmean/tcga_summary.json,results/apd/uni2h_clsmean/tcga_summary.json,6583cf0b0d902c8cc032308262fa3a3befdc0687,d3b51b0f19f4962878417fe7ae10423affc736c92cec811f7e2190afe5fbeaaa,quarantined_repository_example,Official repository example only; two-model values differ slightly from the published Source Data and are kept as a version-specific audit block.
repository_example,results/apd/*/*_summary.json,apd_ood,UNI2-h,uni2-h,tcga_4x4,apd_ood,pathorob.repoexample2026.tcga_4x4.apd_ood,average_performance_drop_fraction,-0.02621179139384581,fractional_relative_change,not_reported,higher_closer_to_zero,Pinned repository example: per-dataset signed APD mean over repetitions.,https://github.com/bifold-pathomics/PathoROB/blob/6583cf0b0d902c8cc032308262fa3a3befdc0687/results/apd/uni2h_clsmean/tcga_summary.json,results/apd/uni2h_clsmean/tcga_summary.json,6583cf0b0d902c8cc032308262fa3a3befdc0687,d3b51b0f19f4962878417fe7ae10423affc736c92cec811f7e2190afe5fbeaaa,quarantined_repository_example,Official repository example only; two-model values differ slightly from the published Source Data and are kept as a version-specific audit block.
repository_example,results/apd/*/*_summary.json,apd_id,UNI2-h,uni2-h,tolkach_esca,apd_id,pathorob.repoexample2026.tolkach_esca.apd_id,average_performance_drop_fraction,-0.004174998288178045,fractional_relative_change,not_reported,higher_closer_to_zero,Pinned repository example: per-dataset signed APD mean over repetitions.,https://github.com/bifold-pathomics/PathoROB/blob/6583cf0b0d902c8cc032308262fa3a3befdc0687/results/apd/uni2h_clsmean/tolkach_esca_summary.json,results/apd/uni2h_clsmean/tolkach_esca_summary.json,6583cf0b0d902c8cc032308262fa3a3befdc0687,57a453aab41a32374d1a74769e153819998bf643e8d2d640913e01f2875dffe3,quarantined_repository_example,Official repository example only; two-model values differ slightly from the published Source Data and are kept as a version-specific audit block.
repository_example,results/apd/*/*_summary.json,apd_ood,UNI2-h,uni2-h,tolkach_esca,apd_ood,pathorob.repoexample2026.tolkach_esca.apd_ood,average_performance_drop_fraction,0.0003551493823897911,fractional_relative_change,not_reported,higher_closer_to_zero,Pinned repository example: per-dataset signed APD mean over repetitions.,https://github.com/bifold-pathomics/PathoROB/blob/6583cf0b0d902c8cc032308262fa3a3befdc0687/results/apd/uni2h_clsmean/tolkach_esca_summary.json,results/apd/uni2h_clsmean/tolkach_esca_summary.json,6583cf0b0d902c8cc032308262fa3a3befdc0687,57a453aab41a32374d1a74769e153819998bf643e8d2d640913e01f2875dffe3,quarantined_repository_example,Official repository example only; two-model values differ slightly from the published Source Data and are kept as a version-specific audit block.
repository_example,results/apd/*/aggregated_summary.json,apd_id,UNI2-h,uni2-h,camelyon+tcga+tolkach_esca,apd_id,pathorob.repoexample2026.all_datasets.apd_id,average_performance_drop_fraction,-0.025484631041522307,fractional_relative_change,95%_ci_half_width=0.00598869189491735,higher_closer_to_zero,Pinned repository example: variance-corrected aggregate over three datasets.,https://github.com/bifold-pathomics/PathoROB/blob/6583cf0b0d902c8cc032308262fa3a3befdc0687/results/apd/uni2h_clsmean/aggregated_summary.json,results/apd/uni2h_clsmean/aggregated_summary.json,6583cf0b0d902c8cc032308262fa3a3befdc0687,39034ebfd8fa100bd71cb81d2be4242afb7779d85e59e5e0bf54969e85d7e8f5,quarantined_repository_example,Official repository example only; two-model values differ slightly from the published Source Data and are kept as a version-specific audit block.
repository_example,results/apd/*/aggregated_summary.json,apd_ood,UNI2-h,uni2-h,camelyon+tcga+tolkach_esca,apd_ood,pathorob.repoexample2026.all_datasets.apd_ood,average_performance_drop_fraction,-0.013000844306600206,fractional_relative_change,95%_ci_half_width=0.00558005927885981,higher_closer_to_zero,Pinned repository example: variance-corrected aggregate over three datasets.,https://github.com/bifold-pathomics/PathoROB/blob/6583cf0b0d902c8cc032308262fa3a3befdc0687/results/apd/uni2h_clsmean/aggregated_summary.json,results/apd/uni2h_clsmean/aggregated_summary.json,6583cf0b0d902c8cc032308262fa3a3befdc0687,39034ebfd8fa100bd71cb81d2be4242afb7779d85e59e5e0bf54969e85d7e8f5,quarantined_repository_example,Official repository example only; two-model values differ slightly from the published Source Data and are kept as a version-specific audit block.
repository_example,results/clustering_score/*/*/results_summary.json,clustering_score_mean,UNI2-h,uni2-h,camelyon,clustering_score,pathorob.repoexample2026.camelyon.clustering_score,clustering_score,0.004144209581988567,ari_biology_minus_ari_medical_center,mean_per_combination_standard_deviation=0.00967128534405726;n_trials=50,higher,Pinned repository example clustering result with silhouette-selected K.,https://github.com/bifold-pathomics/PathoROB/blob/6583cf0b0d902c8cc032308262fa3a3befdc0687/results/clustering_score/uni2h_clsmean/camelyon/results_summary.json,results/clustering_score/uni2h_clsmean/camelyon/results_summary.json,6583cf0b0d902c8cc032308262fa3a3befdc0687,744cce00935e0fc16e9e01c4aa02929f62dd820569a0388f2352ec9b9e6a0d3e,quarantined_repository_example,Official repository example only; two-model values differ slightly from the published Source Data and are kept as a version-specific audit block.
repository_example,results/clustering_score/*/*/results_summary.json,clustering_score_mean,UNI2-h,uni2-h,tcga_4x4,clustering_score,pathorob.repoexample2026.tcga_4x4.clustering_score,clustering_score,0.12819807107855807,ari_biology_minus_ari_medical_center,mean_per_combination_standard_deviation=0.00712584490323206;n_trials=50,higher,Pinned repository example clustering result with silhouette-selected K.,https://github.com/bifold-pathomics/PathoROB/blob/6583cf0b0d902c8cc032308262fa3a3befdc0687/results/clustering_score/uni2h_clsmean/tcga/results_summary.json,results/clustering_score/uni2h_clsmean/tcga/results_summary.json,6583cf0b0d902c8cc032308262fa3a3befdc0687,61036311bd1a8d72360c343181ec599bc23f26f8b0659a1b5867748b1685408c,quarantined_repository_example,Official repository example only; two-model values differ slightly from the published Source Data and are kept as a version-specific audit block.
repository_example,results/clustering_score/*/*/results_summary.json,clustering_score_mean,UNI2-h,uni2-h,tolkach_esca,clustering_score,pathorob.repoexample2026.tolkach_esca.clustering_score,clustering_score,0.8652711175734653,ari_biology_minus_ari_medical_center,mean_per_combination_standard_deviation=0.00734266399552382;n_trials=50,higher,Pinned repository example clustering result with silhouette-selected K.,https://github.com/bifold-pathomics/PathoROB/blob/6583cf0b0d902c8cc032308262fa3a3befdc0687/results/clustering_score/uni2h_clsmean/tolkach_esca/results_summary.json,results/clustering_score/uni2h_clsmean/tolkach_esca/results_summary.json,6583cf0b0d902c8cc032308262fa3a3befdc0687,d3e3f2e8e73d7a7746cce12797fb1383be6dfdf78b797636f91276c929e1d808,quarantined_repository_example,Official repository example only; two-model values differ slightly from the published Source Data and are kept as a version-specific audit block.
repository_example,results/apd/*/*_summary.json,apd_id,Phikon-v2,phikon-v2,camelyon,apd_id,pathorob.repoexample2026.camelyon.apd_id,average_performance_drop_fraction,-0.116474090140871,fractional_relative_change,not_reported,higher_closer_to_zero,Pinned repository example: per-dataset signed APD mean over repetitions.,https://github.com/bifold-pathomics/PathoROB/blob/6583cf0b0d902c8cc032308262fa3a3befdc0687/results/apd/phikonv2_clsmean/camelyon_summary.json,results/apd/phikonv2_clsmean/camelyon_summary.json,6583cf0b0d902c8cc032308262fa3a3befdc0687,223f78ae15dad6f5474c7092714f46154ce39d0d2af1a6019278df507d6f11bb,quarantined_repository_example,Official repository example only; two-model values differ slightly from the published Source Data and are kept as a version-specific audit block.
repository_example,results/apd/*/*_summary.json,apd_ood,Phikon-v2,phikon-v2,camelyon,apd_ood,pathorob.repoexample2026.camelyon.apd_ood,average_performance_drop_fraction,-0.09103894459962032,fractional_relative_change,not_reported,higher_closer_to_zero,Pinned repository example: per-dataset signed APD mean over repetitions.,https://github.com/bifold-pathomics/PathoROB/blob/6583cf0b0d902c8cc032308262fa3a3befdc0687/results/apd/phikonv2_clsmean/camelyon_summary.json,results/apd/phikonv2_clsmean/camelyon_summary.json,6583cf0b0d902c8cc032308262fa3a3befdc0687,223f78ae15dad6f5474c7092714f46154ce39d0d2af1a6019278df507d6f11bb,quarantined_repository_example,Official repository example only; two-model values differ slightly from the published Source Data and are kept as a version-specific audit block.
repository_example,results/apd/*/*_summary.json,apd_id,Phikon-v2,phikon-v2,tcga_4x4,apd_id,pathorob.repoexample2026.tcga_4x4.apd_id,average_performance_drop_fraction,-0.056990189010720595,fractional_relative_change,not_reported,higher_closer_to_zero,Pinned repository example: per-dataset signed APD mean over repetitions.,https://github.com/bifold-pathomics/PathoROB/blob/6583cf0b0d902c8cc032308262fa3a3befdc0687/results/apd/phikonv2_clsmean/tcga_summary.json,results/apd/phikonv2_clsmean/tcga_summary.json,6583cf0b0d902c8cc032308262fa3a3befdc0687,318d761290984002b1d633cfb56b1e846d4532546705bad96db8bb91d9b92b6b,quarantined_repository_example,Official repository example only; two-model values differ slightly from the published Source Data and are kept as a version-specific audit block.
repository_example,results/apd/*/*_summary.json,apd_ood,Phikon-v2,phikon-v2,tcga_4x4,apd_ood,pathorob.repoexample2026.tcga_4x4.apd_ood,average_performance_drop_fraction,-0.045573007653786066,fractional_relative_change,not_reported,higher_closer_to_zero,Pinned repository example: per-dataset signed APD mean over repetitions.,https://github.com/bifold-pathomics/PathoROB/blob/6583cf0b0d902c8cc032308262fa3a3befdc0687/results/apd/phikonv2_clsmean/tcga_summary.json,results/apd/phikonv2_clsmean/tcga_summary.json,6583cf0b0d902c8cc032308262fa3a3befdc0687,318d761290984002b1d633cfb56b1e846d4532546705bad96db8bb91d9b92b6b,quarantined_repository_example,Official repository example only; two-model values differ slightly from the published Source Data and are kept as a version-specific audit block.
repository_example,results/apd/*/*_summary.json,apd_id,Phikon-v2,phikon-v2,tolkach_esca,apd_id,pathorob.repoexample2026.tolkach_esca.apd_id,average_performance_drop_fraction,-0.04965949294149699,fractional_relative_change,not_reported,higher_closer_to_zero,Pinned repository example: per-dataset signed APD mean over repetitions.,https://github.com/bifold-pathomics/PathoROB/blob/6583cf0b0d902c8cc032308262fa3a3befdc0687/results/apd/phikonv2_clsmean/tolkach_esca_summary.json,results/apd/phikonv2_clsmean/tolkach_esca_summary.json,6583cf0b0d902c8cc032308262fa3a3befdc0687,21a0161d4714d4ab34bbe594313ddac4ad1782f24bf607dee6ed02544faf6039,quarantined_repository_example,Official repository example only; two-model values differ slightly from the published Source Data and are kept as a version-specific audit block.
repository_example,results/apd/*/*_summary.json,apd_ood,Phikon-v2,phikon-v2,tolkach_esca,apd_ood,pathorob.repoexample2026.tolkach_esca.apd_ood,average_performance_drop_fraction,-0.01348657769576141,fractional_relative_change,not_reported,higher_closer_to_zero,Pinned repository example: per-dataset signed APD mean over repetitions.,https://github.com/bifold-pathomics/PathoROB/blob/6583cf0b0d902c8cc032308262fa3a3befdc0687/results/apd/phikonv2_clsmean/tolkach_esca_summary.json,results/apd/phikonv2_clsmean/tolkach_esca_summary.json,6583cf0b0d902c8cc032308262fa3a3befdc0687,21a0161d4714d4ab34bbe594313ddac4ad1782f24bf607dee6ed02544faf6039,quarantined_repository_example,Official repository example only; two-model values differ slightly from the published Source Data and are kept as a version-specific audit block.
repository_example,results/apd/*/aggregated_summary.json,apd_id,Phikon-v2,phikon-v2,camelyon+tcga+tolkach_esca,apd_id,pathorob.repoexample2026.all_datasets.apd_id,average_performance_drop_fraction,-0.07437459069769618,fractional_relative_change,95%_ci_half_width=0.00806620049553835,higher_closer_to_zero,Pinned repository example: variance-corrected aggregate over three datasets.,https://github.com/bifold-pathomics/PathoROB/blob/6583cf0b0d902c8cc032308262fa3a3befdc0687/results/apd/phikonv2_clsmean/aggregated_summary.json,results/apd/phikonv2_clsmean/aggregated_summary.json,6583cf0b0d902c8cc032308262fa3a3befdc0687,499bd80aa9a4b59d5dc5bae00934b543ce2668b56fd6b2f8cbc2a6ea33a25930,quarantined_repository_example,Official repository example only; two-model values differ slightly from the published Source Data and are kept as a version-specific audit block.
repository_example,results/apd/*/aggregated_summary.json,apd_ood,Phikon-v2,phikon-v2,camelyon+tcga+tolkach_esca,apd_ood,pathorob.repoexample2026.all_datasets.apd_ood,average_performance_drop_fraction,-0.05003284331638926,fractional_relative_change,95%_ci_half_width=0.00782249589839439,higher_closer_to_zero,Pinned repository example: variance-corrected aggregate over three datasets.,https://github.com/bifold-pathomics/PathoROB/blob/6583cf0b0d902c8cc032308262fa3a3befdc0687/results/apd/phikonv2_clsmean/aggregated_summary.json,results/apd/phikonv2_clsmean/aggregated_summary.json,6583cf0b0d902c8cc032308262fa3a3befdc0687,499bd80aa9a4b59d5dc5bae00934b543ce2668b56fd6b2f8cbc2a6ea33a25930,quarantined_repository_example,Official repository example only; two-model values differ slightly from the published Source Data and are kept as a version-specific audit block.
repository_example,results/clustering_score/*/*/results_summary.json,clustering_score_mean,Phikon-v2,phikon-v2,camelyon,clustering_score,pathorob.repoexample2026.camelyon.clustering_score,clustering_score,-0.9912878789632573,ari_biology_minus_ari_medical_center,mean_per_combination_standard_deviation=0.000197998383435674;n_trials=50,higher,Pinned repository example clustering result with silhouette-selected K.,https://github.com/bifold-pathomics/PathoROB/blob/6583cf0b0d902c8cc032308262fa3a3befdc0687/results/clustering_score/phikonv2_clsmean/camelyon/results_summary.json,results/clustering_score/phikonv2_clsmean/camelyon/results_summary.json,6583cf0b0d902c8cc032308262fa3a3befdc0687,ff25cc717058fb30a4a3882242e5fa39af4ea323387f48557221fd75c72ca5b2,quarantined_repository_example,Official repository example only; two-model values differ slightly from the published Source Data and are kept as a version-specific audit block.
repository_example,results/clustering_score/*/*/results_summary.json,clustering_score_mean,Phikon-v2,phikon-v2,tcga_4x4,clustering_score,pathorob.repoexample2026.tcga_4x4.clustering_score,clustering_score,0.0018400425364248486,ari_biology_minus_ari_medical_center,mean_per_combination_standard_deviation=0.00715838810103151;n_trials=50,higher,Pinned repository example clustering result with silhouette-selected K.,https://github.com/bifold-pathomics/PathoROB/blob/6583cf0b0d902c8cc032308262fa3a3befdc0687/results/clustering_score/phikonv2_clsmean/tcga/results_summary.json,results/clustering_score/phikonv2_clsmean/tcga/results_summary.json,6583cf0b0d902c8cc032308262fa3a3befdc0687,d3e1f9f2191c7e574e9bc964b70d842f3bdccc2e9d3b436861ec071d116d0d36,quarantined_repository_example,Official repository example only; two-model values differ slightly from the published Source Data and are kept as a version-specific audit block.
repository_example,results/clustering_score/*/*/results_summary.json,clustering_score_mean,Phikon-v2,phikon-v2,tolkach_esca,clustering_score,pathorob.repoexample2026.tolkach_esca.clustering_score,clustering_score,0.7708305336778923,ari_biology_minus_ari_medical_center,mean_per_combination_standard_deviation=0.00663503186934755;n_trials=50,higher,Pinned repository example clustering result with silhouette-selected K.,https://github.com/bifold-pathomics/PathoROB/blob/6583cf0b0d902c8cc032308262fa3a3befdc0687/results/clustering_score/phikonv2_clsmean/tolkach_esca/results_summary.json,results/clustering_score/phikonv2_clsmean/tolkach_esca/results_summary.json,6583cf0b0d902c8cc032308262fa3a3befdc0687,50afdb622e584cefd8613050bcdf487f0a0d9e79ea150ef750a3c81119ac17f0,quarantined_repository_example,Official repository example only; two-model values differ slightly from the published Source Data and are kept as a version-specific audit block.
