source_table,base_evaluation_id,evaluation_id,metric,model_alias,value,uncertainty,reference_url,source_html_sha256,source_archive_sha256
11,pathobench.bcnb.er,pathobench.threads2025.bcnb.er,macro-ovr-auc,Virchow Mean Pooling,0.888,standard_error=0.007,https://arxiv.org/html/2501.16652v1#S0.T11,a6c7af63c1f527eba692f83b362651e0e1d96d07e303520f90cd08f34b00c92f,3d8b3f6779b9b0eae21be12e8917bd6f0bab26e3c7943470e378383d20a1de4f
11,pathobench.bcnb.pr,pathobench.threads2025.bcnb.pr,macro-ovr-auc,Virchow Mean Pooling,0.813,standard_error=0.010,https://arxiv.org/html/2501.16652v1#S0.T11,a6c7af63c1f527eba692f83b362651e0e1d96d07e303520f90cd08f34b00c92f,3d8b3f6779b9b0eae21be12e8917bd6f0bab26e3c7943470e378383d20a1de4f
11,pathobench.bcnb.her2,pathobench.threads2025.bcnb.her2,macro-ovr-auc,Virchow Mean Pooling,0.707,standard_error=0.011,https://arxiv.org/html/2501.16652v1#S0.T11,a6c7af63c1f527eba692f83b362651e0e1d96d07e303520f90cd08f34b00c92f,3d8b3f6779b9b0eae21be12e8917bd6f0bab26e3c7943470e378383d20a1de4f
11,pathobench.bcnb.er,pathobench.threads2025.bcnb.er,macro-ovr-auc,GigaPath Mean Pooling,0.901,standard_error=0.013,https://arxiv.org/html/2501.16652v1#S0.T11,a6c7af63c1f527eba692f83b362651e0e1d96d07e303520f90cd08f34b00c92f,3d8b3f6779b9b0eae21be12e8917bd6f0bab26e3c7943470e378383d20a1de4f
11,pathobench.bcnb.pr,pathobench.threads2025.bcnb.pr,macro-ovr-auc,GigaPath Mean Pooling,0.828,standard_error=0.014,https://arxiv.org/html/2501.16652v1#S0.T11,a6c7af63c1f527eba692f83b362651e0e1d96d07e303520f90cd08f34b00c92f,3d8b3f6779b9b0eae21be12e8917bd6f0bab26e3c7943470e378383d20a1de4f
11,pathobench.bcnb.her2,pathobench.threads2025.bcnb.her2,macro-ovr-auc,GigaPath Mean Pooling,0.719,standard_error=0.015,https://arxiv.org/html/2501.16652v1#S0.T11,a6c7af63c1f527eba692f83b362651e0e1d96d07e303520f90cd08f34b00c92f,3d8b3f6779b9b0eae21be12e8917bd6f0bab26e3c7943470e378383d20a1de4f
11,pathobench.bcnb.er,pathobench.threads2025.bcnb.er,macro-ovr-auc,Chief Mean Pooling,0.852,standard_error=0.014,https://arxiv.org/html/2501.16652v1#S0.T11,a6c7af63c1f527eba692f83b362651e0e1d96d07e303520f90cd08f34b00c92f,3d8b3f6779b9b0eae21be12e8917bd6f0bab26e3c7943470e378383d20a1de4f
11,pathobench.bcnb.pr,pathobench.threads2025.bcnb.pr,macro-ovr-auc,Chief Mean Pooling,0.799,standard_error=0.021,https://arxiv.org/html/2501.16652v1#S0.T11,a6c7af63c1f527eba692f83b362651e0e1d96d07e303520f90cd08f34b00c92f,3d8b3f6779b9b0eae21be12e8917bd6f0bab26e3c7943470e378383d20a1de4f
11,pathobench.bcnb.her2,pathobench.threads2025.bcnb.her2,macro-ovr-auc,Chief Mean Pooling,0.703,standard_error=0.016,https://arxiv.org/html/2501.16652v1#S0.T11,a6c7af63c1f527eba692f83b362651e0e1d96d07e303520f90cd08f34b00c92f,3d8b3f6779b9b0eae21be12e8917bd6f0bab26e3c7943470e378383d20a1de4f
11,pathobench.bcnb.er,pathobench.threads2025.bcnb.er,macro-ovr-auc,CONCHv1.5 Mean Pooling,0.889,standard_error=0.010,https://arxiv.org/html/2501.16652v1#S0.T11,a6c7af63c1f527eba692f83b362651e0e1d96d07e303520f90cd08f34b00c92f,3d8b3f6779b9b0eae21be12e8917bd6f0bab26e3c7943470e378383d20a1de4f
11,pathobench.bcnb.pr,pathobench.threads2025.bcnb.pr,macro-ovr-auc,CONCHv1.5 Mean Pooling,0.810,standard_error=0.022,https://arxiv.org/html/2501.16652v1#S0.T11,a6c7af63c1f527eba692f83b362651e0e1d96d07e303520f90cd08f34b00c92f,3d8b3f6779b9b0eae21be12e8917bd6f0bab26e3c7943470e378383d20a1de4f
11,pathobench.bcnb.her2,pathobench.threads2025.bcnb.her2,macro-ovr-auc,CONCHv1.5 Mean Pooling,0.737,standard_error=0.013,https://arxiv.org/html/2501.16652v1#S0.T11,a6c7af63c1f527eba692f83b362651e0e1d96d07e303520f90cd08f34b00c92f,3d8b3f6779b9b0eae21be12e8917bd6f0bab26e3c7943470e378383d20a1de4f
11,pathobench.bcnb.er,pathobench.threads2025.bcnb.er,macro-ovr-auc,PRISM,0.892,standard_error=0.014,https://arxiv.org/html/2501.16652v1#S0.T11,a6c7af63c1f527eba692f83b362651e0e1d96d07e303520f90cd08f34b00c92f,3d8b3f6779b9b0eae21be12e8917bd6f0bab26e3c7943470e378383d20a1de4f
11,pathobench.bcnb.pr,pathobench.threads2025.bcnb.pr,macro-ovr-auc,PRISM,0.815,standard_error=0.019,https://arxiv.org/html/2501.16652v1#S0.T11,a6c7af63c1f527eba692f83b362651e0e1d96d07e303520f90cd08f34b00c92f,3d8b3f6779b9b0eae21be12e8917bd6f0bab26e3c7943470e378383d20a1de4f
11,pathobench.bcnb.her2,pathobench.threads2025.bcnb.her2,macro-ovr-auc,PRISM,0.711,standard_error=0.010,https://arxiv.org/html/2501.16652v1#S0.T11,a6c7af63c1f527eba692f83b362651e0e1d96d07e303520f90cd08f34b00c92f,3d8b3f6779b9b0eae21be12e8917bd6f0bab26e3c7943470e378383d20a1de4f
11,pathobench.bcnb.er,pathobench.threads2025.bcnb.er,macro-ovr-auc,GigaPath,0.886,standard_error=0.016,https://arxiv.org/html/2501.16652v1#S0.T11,a6c7af63c1f527eba692f83b362651e0e1d96d07e303520f90cd08f34b00c92f,3d8b3f6779b9b0eae21be12e8917bd6f0bab26e3c7943470e378383d20a1de4f
11,pathobench.bcnb.pr,pathobench.threads2025.bcnb.pr,macro-ovr-auc,GigaPath,0.811,standard_error=0.013,https://arxiv.org/html/2501.16652v1#S0.T11,a6c7af63c1f527eba692f83b362651e0e1d96d07e303520f90cd08f34b00c92f,3d8b3f6779b9b0eae21be12e8917bd6f0bab26e3c7943470e378383d20a1de4f
11,pathobench.bcnb.her2,pathobench.threads2025.bcnb.her2,macro-ovr-auc,GigaPath,0.702,standard_error=0.016,https://arxiv.org/html/2501.16652v1#S0.T11,a6c7af63c1f527eba692f83b362651e0e1d96d07e303520f90cd08f34b00c92f,3d8b3f6779b9b0eae21be12e8917bd6f0bab26e3c7943470e378383d20a1de4f
11,pathobench.bcnb.er,pathobench.threads2025.bcnb.er,macro-ovr-auc,CHIEF,0.883,standard_error=0.014,https://arxiv.org/html/2501.16652v1#S0.T11,a6c7af63c1f527eba692f83b362651e0e1d96d07e303520f90cd08f34b00c92f,3d8b3f6779b9b0eae21be12e8917bd6f0bab26e3c7943470e378383d20a1de4f
11,pathobench.bcnb.pr,pathobench.threads2025.bcnb.pr,macro-ovr-auc,CHIEF,0.818,standard_error=0.017,https://arxiv.org/html/2501.16652v1#S0.T11,a6c7af63c1f527eba692f83b362651e0e1d96d07e303520f90cd08f34b00c92f,3d8b3f6779b9b0eae21be12e8917bd6f0bab26e3c7943470e378383d20a1de4f
11,pathobench.bcnb.her2,pathobench.threads2025.bcnb.her2,macro-ovr-auc,CHIEF,0.719,standard_error=0.021,https://arxiv.org/html/2501.16652v1#S0.T11,a6c7af63c1f527eba692f83b362651e0e1d96d07e303520f90cd08f34b00c92f,3d8b3f6779b9b0eae21be12e8917bd6f0bab26e3c7943470e378383d20a1de4f
11,pathobench.bcnb.er,pathobench.threads2025.bcnb.er,macro-ovr-auc,Threads,0.921,standard_error=0.009,https://arxiv.org/html/2501.16652v1#S0.T11,a6c7af63c1f527eba692f83b362651e0e1d96d07e303520f90cd08f34b00c92f,3d8b3f6779b9b0eae21be12e8917bd6f0bab26e3c7943470e378383d20a1de4f
11,pathobench.bcnb.pr,pathobench.threads2025.bcnb.pr,macro-ovr-auc,Threads,0.837,standard_error=0.020,https://arxiv.org/html/2501.16652v1#S0.T11,a6c7af63c1f527eba692f83b362651e0e1d96d07e303520f90cd08f34b00c92f,3d8b3f6779b9b0eae21be12e8917bd6f0bab26e3c7943470e378383d20a1de4f
11,pathobench.bcnb.her2,pathobench.threads2025.bcnb.her2,macro-ovr-auc,Threads,0.765,standard_error=0.008,https://arxiv.org/html/2501.16652v1#S0.T11,a6c7af63c1f527eba692f83b362651e0e1d96d07e303520f90cd08f34b00c92f,3d8b3f6779b9b0eae21be12e8917bd6f0bab26e3c7943470e378383d20a1de4f
12,pathobench.mut-het-rcc.bap1-mutation,pathobench.threads2025.mut-het-rcc.bap1-mutation,macro-ovr-auc,Virchow Mean Pooling,0.879,standard_error=0.003,https://arxiv.org/html/2501.16652v1#S0.T12,a6c7af63c1f527eba692f83b362651e0e1d96d07e303520f90cd08f34b00c92f,3d8b3f6779b9b0eae21be12e8917bd6f0bab26e3c7943470e378383d20a1de4f
12,pathobench.mut-het-rcc.pbrm1-mutation,pathobench.threads2025.mut-het-rcc.pbrm1-mutation,macro-ovr-auc,Virchow Mean Pooling,0.810,standard_error=0.008,https://arxiv.org/html/2501.16652v1#S0.T12,a6c7af63c1f527eba692f83b362651e0e1d96d07e303520f90cd08f34b00c92f,3d8b3f6779b9b0eae21be12e8917bd6f0bab26e3c7943470e378383d20a1de4f
12,pathobench.mut-het-rcc.setd2-mutation,pathobench.threads2025.mut-het-rcc.setd2-mutation,macro-ovr-auc,Virchow Mean Pooling,0.712,standard_error=0.012,https://arxiv.org/html/2501.16652v1#S0.T12,a6c7af63c1f527eba692f83b362651e0e1d96d07e303520f90cd08f34b00c92f,3d8b3f6779b9b0eae21be12e8917bd6f0bab26e3c7943470e378383d20a1de4f
12,pathobench.mut-het-rcc.bap1-mutation,pathobench.threads2025.mut-het-rcc.bap1-mutation,macro-ovr-auc,GigaPath Mean Pooling,0.880,standard_error=0.007,https://arxiv.org/html/2501.16652v1#S0.T12,a6c7af63c1f527eba692f83b362651e0e1d96d07e303520f90cd08f34b00c92f,3d8b3f6779b9b0eae21be12e8917bd6f0bab26e3c7943470e378383d20a1de4f
12,pathobench.mut-het-rcc.pbrm1-mutation,pathobench.threads2025.mut-het-rcc.pbrm1-mutation,macro-ovr-auc,GigaPath Mean Pooling,0.806,standard_error=0.007,https://arxiv.org/html/2501.16652v1#S0.T12,a6c7af63c1f527eba692f83b362651e0e1d96d07e303520f90cd08f34b00c92f,3d8b3f6779b9b0eae21be12e8917bd6f0bab26e3c7943470e378383d20a1de4f
12,pathobench.mut-het-rcc.setd2-mutation,pathobench.threads2025.mut-het-rcc.setd2-mutation,macro-ovr-auc,GigaPath Mean Pooling,0.701,standard_error=0.012,https://arxiv.org/html/2501.16652v1#S0.T12,a6c7af63c1f527eba692f83b362651e0e1d96d07e303520f90cd08f34b00c92f,3d8b3f6779b9b0eae21be12e8917bd6f0bab26e3c7943470e378383d20a1de4f
12,pathobench.mut-het-rcc.bap1-mutation,pathobench.threads2025.mut-het-rcc.bap1-mutation,macro-ovr-auc,Chief Mean Pooling,0.850,standard_error=0.015,https://arxiv.org/html/2501.16652v1#S0.T12,a6c7af63c1f527eba692f83b362651e0e1d96d07e303520f90cd08f34b00c92f,3d8b3f6779b9b0eae21be12e8917bd6f0bab26e3c7943470e378383d20a1de4f
12,pathobench.mut-het-rcc.pbrm1-mutation,pathobench.threads2025.mut-het-rcc.pbrm1-mutation,macro-ovr-auc,Chief Mean Pooling,0.746,standard_error=0.003,https://arxiv.org/html/2501.16652v1#S0.T12,a6c7af63c1f527eba692f83b362651e0e1d96d07e303520f90cd08f34b00c92f,3d8b3f6779b9b0eae21be12e8917bd6f0bab26e3c7943470e378383d20a1de4f
12,pathobench.mut-het-rcc.setd2-mutation,pathobench.threads2025.mut-het-rcc.setd2-mutation,macro-ovr-auc,Chief Mean Pooling,0.722,standard_error=0.007,https://arxiv.org/html/2501.16652v1#S0.T12,a6c7af63c1f527eba692f83b362651e0e1d96d07e303520f90cd08f34b00c92f,3d8b3f6779b9b0eae21be12e8917bd6f0bab26e3c7943470e378383d20a1de4f
12,pathobench.mut-het-rcc.bap1-mutation,pathobench.threads2025.mut-het-rcc.bap1-mutation,macro-ovr-auc,CONCHv1.5 Mean Pooling,0.846,standard_error=0.011,https://arxiv.org/html/2501.16652v1#S0.T12,a6c7af63c1f527eba692f83b362651e0e1d96d07e303520f90cd08f34b00c92f,3d8b3f6779b9b0eae21be12e8917bd6f0bab26e3c7943470e378383d20a1de4f
12,pathobench.mut-het-rcc.pbrm1-mutation,pathobench.threads2025.mut-het-rcc.pbrm1-mutation,macro-ovr-auc,CONCHv1.5 Mean Pooling,0.782,standard_error=0.005,https://arxiv.org/html/2501.16652v1#S0.T12,a6c7af63c1f527eba692f83b362651e0e1d96d07e303520f90cd08f34b00c92f,3d8b3f6779b9b0eae21be12e8917bd6f0bab26e3c7943470e378383d20a1de4f
12,pathobench.mut-het-rcc.setd2-mutation,pathobench.threads2025.mut-het-rcc.setd2-mutation,macro-ovr-auc,CONCHv1.5 Mean Pooling,0.728,standard_error=0.011,https://arxiv.org/html/2501.16652v1#S0.T12,a6c7af63c1f527eba692f83b362651e0e1d96d07e303520f90cd08f34b00c92f,3d8b3f6779b9b0eae21be12e8917bd6f0bab26e3c7943470e378383d20a1de4f
12,pathobench.mut-het-rcc.bap1-mutation,pathobench.threads2025.mut-het-rcc.bap1-mutation,macro-ovr-auc,PRISM,0.848,standard_error=0.017,https://arxiv.org/html/2501.16652v1#S0.T12,a6c7af63c1f527eba692f83b362651e0e1d96d07e303520f90cd08f34b00c92f,3d8b3f6779b9b0eae21be12e8917bd6f0bab26e3c7943470e378383d20a1de4f
12,pathobench.mut-het-rcc.pbrm1-mutation,pathobench.threads2025.mut-het-rcc.pbrm1-mutation,macro-ovr-auc,PRISM,0.797,standard_error=0.008,https://arxiv.org/html/2501.16652v1#S0.T12,a6c7af63c1f527eba692f83b362651e0e1d96d07e303520f90cd08f34b00c92f,3d8b3f6779b9b0eae21be12e8917bd6f0bab26e3c7943470e378383d20a1de4f
12,pathobench.mut-het-rcc.setd2-mutation,pathobench.threads2025.mut-het-rcc.setd2-mutation,macro-ovr-auc,PRISM,0.734,standard_error=0.009,https://arxiv.org/html/2501.16652v1#S0.T12,a6c7af63c1f527eba692f83b362651e0e1d96d07e303520f90cd08f34b00c92f,3d8b3f6779b9b0eae21be12e8917bd6f0bab26e3c7943470e378383d20a1de4f
12,pathobench.mut-het-rcc.bap1-mutation,pathobench.threads2025.mut-het-rcc.bap1-mutation,macro-ovr-auc,GigaPath,0.857,standard_error=0.007,https://arxiv.org/html/2501.16652v1#S0.T12,a6c7af63c1f527eba692f83b362651e0e1d96d07e303520f90cd08f34b00c92f,3d8b3f6779b9b0eae21be12e8917bd6f0bab26e3c7943470e378383d20a1de4f
12,pathobench.mut-het-rcc.pbrm1-mutation,pathobench.threads2025.mut-het-rcc.pbrm1-mutation,macro-ovr-auc,GigaPath,0.799,standard_error=0.003,https://arxiv.org/html/2501.16652v1#S0.T12,a6c7af63c1f527eba692f83b362651e0e1d96d07e303520f90cd08f34b00c92f,3d8b3f6779b9b0eae21be12e8917bd6f0bab26e3c7943470e378383d20a1de4f
12,pathobench.mut-het-rcc.setd2-mutation,pathobench.threads2025.mut-het-rcc.setd2-mutation,macro-ovr-auc,GigaPath,0.708,standard_error=0.013,https://arxiv.org/html/2501.16652v1#S0.T12,a6c7af63c1f527eba692f83b362651e0e1d96d07e303520f90cd08f34b00c92f,3d8b3f6779b9b0eae21be12e8917bd6f0bab26e3c7943470e378383d20a1de4f
12,pathobench.mut-het-rcc.bap1-mutation,pathobench.threads2025.mut-het-rcc.bap1-mutation,macro-ovr-auc,CHIEF,0.852,standard_error=0.013,https://arxiv.org/html/2501.16652v1#S0.T12,a6c7af63c1f527eba692f83b362651e0e1d96d07e303520f90cd08f34b00c92f,3d8b3f6779b9b0eae21be12e8917bd6f0bab26e3c7943470e378383d20a1de4f
12,pathobench.mut-het-rcc.pbrm1-mutation,pathobench.threads2025.mut-het-rcc.pbrm1-mutation,macro-ovr-auc,CHIEF,0.781,standard_error=0.011,https://arxiv.org/html/2501.16652v1#S0.T12,a6c7af63c1f527eba692f83b362651e0e1d96d07e303520f90cd08f34b00c92f,3d8b3f6779b9b0eae21be12e8917bd6f0bab26e3c7943470e378383d20a1de4f
12,pathobench.mut-het-rcc.setd2-mutation,pathobench.threads2025.mut-het-rcc.setd2-mutation,macro-ovr-auc,CHIEF,0.743,standard_error=0.012,https://arxiv.org/html/2501.16652v1#S0.T12,a6c7af63c1f527eba692f83b362651e0e1d96d07e303520f90cd08f34b00c92f,3d8b3f6779b9b0eae21be12e8917bd6f0bab26e3c7943470e378383d20a1de4f
12,pathobench.mut-het-rcc.bap1-mutation,pathobench.threads2025.mut-het-rcc.bap1-mutation,macro-ovr-auc,Threads,0.873,standard_error=0.006,https://arxiv.org/html/2501.16652v1#S0.T12,a6c7af63c1f527eba692f83b362651e0e1d96d07e303520f90cd08f34b00c92f,3d8b3f6779b9b0eae21be12e8917bd6f0bab26e3c7943470e378383d20a1de4f
12,pathobench.mut-het-rcc.pbrm1-mutation,pathobench.threads2025.mut-het-rcc.pbrm1-mutation,macro-ovr-auc,Threads,0.826,standard_error=0.003,https://arxiv.org/html/2501.16652v1#S0.T12,a6c7af63c1f527eba692f83b362651e0e1d96d07e303520f90cd08f34b00c92f,3d8b3f6779b9b0eae21be12e8917bd6f0bab26e3c7943470e378383d20a1de4f
12,pathobench.mut-het-rcc.setd2-mutation,pathobench.threads2025.mut-het-rcc.setd2-mutation,macro-ovr-auc,Threads,0.756,standard_error=0.009,https://arxiv.org/html/2501.16652v1#S0.T12,a6c7af63c1f527eba692f83b362651e0e1d96d07e303520f90cd08f34b00c92f,3d8b3f6779b9b0eae21be12e8917bd6f0bab26e3c7943470e378383d20a1de4f
13,pathobench.imp.grade,pathobench.threads2025.imp.grade,weighted_kappa,Virchow Mean Pooling,0.913,"95%_ci=[0.894,0.929]",https://arxiv.org/html/2501.16652v1#S0.T13,a6c7af63c1f527eba692f83b362651e0e1d96d07e303520f90cd08f34b00c92f,3d8b3f6779b9b0eae21be12e8917bd6f0bab26e3c7943470e378383d20a1de4f
13,pathobench.imp.grade,pathobench.threads2025.imp.grade,weighted_kappa,GigaPath Mean Pooling,0.903,"95%_ci=[0.884,0.921]",https://arxiv.org/html/2501.16652v1#S0.T13,a6c7af63c1f527eba692f83b362651e0e1d96d07e303520f90cd08f34b00c92f,3d8b3f6779b9b0eae21be12e8917bd6f0bab26e3c7943470e378383d20a1de4f
13,pathobench.imp.grade,pathobench.threads2025.imp.grade,weighted_kappa,Chief Mean Pooling,0.877,"95%_ci=[0.847,0.908]",https://arxiv.org/html/2501.16652v1#S0.T13,a6c7af63c1f527eba692f83b362651e0e1d96d07e303520f90cd08f34b00c92f,3d8b3f6779b9b0eae21be12e8917bd6f0bab26e3c7943470e378383d20a1de4f
13,pathobench.imp.grade,pathobench.threads2025.imp.grade,weighted_kappa,CONCHv1.5 Mean Pooling,0.889,"95%_ci=[0.862,0.912]",https://arxiv.org/html/2501.16652v1#S0.T13,a6c7af63c1f527eba692f83b362651e0e1d96d07e303520f90cd08f34b00c92f,3d8b3f6779b9b0eae21be12e8917bd6f0bab26e3c7943470e378383d20a1de4f
13,pathobench.imp.grade,pathobench.threads2025.imp.grade,weighted_kappa,PRISM,0.935,"95%_ci=[0.919,0.951]",https://arxiv.org/html/2501.16652v1#S0.T13,a6c7af63c1f527eba692f83b362651e0e1d96d07e303520f90cd08f34b00c92f,3d8b3f6779b9b0eae21be12e8917bd6f0bab26e3c7943470e378383d20a1de4f
13,pathobench.imp.grade,pathobench.threads2025.imp.grade,weighted_kappa,GigaPath,0.903,"95%_ci=[0.880,0.925]",https://arxiv.org/html/2501.16652v1#S0.T13,a6c7af63c1f527eba692f83b362651e0e1d96d07e303520f90cd08f34b00c92f,3d8b3f6779b9b0eae21be12e8917bd6f0bab26e3c7943470e378383d20a1de4f
13,pathobench.imp.grade,pathobench.threads2025.imp.grade,weighted_kappa,CHIEF,0.914,"95%_ci=[0.893,0.937]",https://arxiv.org/html/2501.16652v1#S0.T13,a6c7af63c1f527eba692f83b362651e0e1d96d07e303520f90cd08f34b00c92f,3d8b3f6779b9b0eae21be12e8917bd6f0bab26e3c7943470e378383d20a1de4f
13,pathobench.imp.grade,pathobench.threads2025.imp.grade,weighted_kappa,Threads,0.919,"95%_ci=[0.896,0.937]",https://arxiv.org/html/2501.16652v1#S0.T13,a6c7af63c1f527eba692f83b362651e0e1d96d07e303520f90cd08f34b00c92f,3d8b3f6779b9b0eae21be12e8917bd6f0bab26e3c7943470e378383d20a1de4f
14,pathobench.panda.isup-grade,pathobench.threads2025.panda.isup-grade,weighted_kappa,Virchow Mean Pooling,0.895,"95%_ci=[0.875,0.913]",https://arxiv.org/html/2501.16652v1#S0.T14,a6c7af63c1f527eba692f83b362651e0e1d96d07e303520f90cd08f34b00c92f,3d8b3f6779b9b0eae21be12e8917bd6f0bab26e3c7943470e378383d20a1de4f
14,pathobench.panda.isup-grade,pathobench.threads2025.panda.isup-grade,weighted_kappa,GigaPath Mean Pooling,0.894,"95%_ci=[0.871,0.915]",https://arxiv.org/html/2501.16652v1#S0.T14,a6c7af63c1f527eba692f83b362651e0e1d96d07e303520f90cd08f34b00c92f,3d8b3f6779b9b0eae21be12e8917bd6f0bab26e3c7943470e378383d20a1de4f
14,pathobench.panda.isup-grade,pathobench.threads2025.panda.isup-grade,weighted_kappa,Chief Mean Pooling,0.799,"95%_ci=[0.765,0.827]",https://arxiv.org/html/2501.16652v1#S0.T14,a6c7af63c1f527eba692f83b362651e0e1d96d07e303520f90cd08f34b00c92f,3d8b3f6779b9b0eae21be12e8917bd6f0bab26e3c7943470e378383d20a1de4f
14,pathobench.panda.isup-grade,pathobench.threads2025.panda.isup-grade,weighted_kappa,CONCHv1.5 Mean Pooling,0.845,"95%_ci=[0.814,0.864]",https://arxiv.org/html/2501.16652v1#S0.T14,a6c7af63c1f527eba692f83b362651e0e1d96d07e303520f90cd08f34b00c92f,3d8b3f6779b9b0eae21be12e8917bd6f0bab26e3c7943470e378383d20a1de4f
14,pathobench.panda.isup-grade,pathobench.threads2025.panda.isup-grade,weighted_kappa,PRISM,0.919,"95%_ci=[0.901,0.935]",https://arxiv.org/html/2501.16652v1#S0.T14,a6c7af63c1f527eba692f83b362651e0e1d96d07e303520f90cd08f34b00c92f,3d8b3f6779b9b0eae21be12e8917bd6f0bab26e3c7943470e378383d20a1de4f
14,pathobench.panda.isup-grade,pathobench.threads2025.panda.isup-grade,weighted_kappa,GigaPath,0.873,"95%_ci=[0.850,0.895]",https://arxiv.org/html/2501.16652v1#S0.T14,a6c7af63c1f527eba692f83b362651e0e1d96d07e303520f90cd08f34b00c92f,3d8b3f6779b9b0eae21be12e8917bd6f0bab26e3c7943470e378383d20a1de4f
14,pathobench.panda.isup-grade,pathobench.threads2025.panda.isup-grade,weighted_kappa,CHIEF,0.898,"95%_ci=[0.878,0.918]",https://arxiv.org/html/2501.16652v1#S0.T14,a6c7af63c1f527eba692f83b362651e0e1d96d07e303520f90cd08f34b00c92f,3d8b3f6779b9b0eae21be12e8917bd6f0bab26e3c7943470e378383d20a1de4f
14,pathobench.panda.isup-grade,pathobench.threads2025.panda.isup-grade,weighted_kappa,Threads,0.915,"95%_ci=[0.899,0.929]",https://arxiv.org/html/2501.16652v1#S0.T14,a6c7af63c1f527eba692f83b362651e0e1d96d07e303520f90cd08f34b00c92f,3d8b3f6779b9b0eae21be12e8917bd6f0bab26e3c7943470e378383d20a1de4f
15,pathobench.cptac_brca.pik3ca-mutation,pathobench.threads2025.cptac_brca.pik3ca-mutation,macro-ovr-auc,Virchow Mean Pooling,0.569,standard_error=0.015,https://arxiv.org/html/2501.16652v1#S0.T15,a6c7af63c1f527eba692f83b362651e0e1d96d07e303520f90cd08f34b00c92f,3d8b3f6779b9b0eae21be12e8917bd6f0bab26e3c7943470e378383d20a1de4f
15,pathobench.cptac_brca.tp53-mutation,pathobench.threads2025.cptac_brca.tp53-mutation,macro-ovr-auc,Virchow Mean Pooling,0.766,standard_error=0.012,https://arxiv.org/html/2501.16652v1#S0.T15,a6c7af63c1f527eba692f83b362651e0e1d96d07e303520f90cd08f34b00c92f,3d8b3f6779b9b0eae21be12e8917bd6f0bab26e3c7943470e378383d20a1de4f
15,pathobench.cptac_brca.pik3ca-mutation,pathobench.threads2025.cptac_brca.pik3ca-mutation,macro-ovr-auc,GigaPath Mean Pooling,0.554,standard_error=0.016,https://arxiv.org/html/2501.16652v1#S0.T15,a6c7af63c1f527eba692f83b362651e0e1d96d07e303520f90cd08f34b00c92f,3d8b3f6779b9b0eae21be12e8917bd6f0bab26e3c7943470e378383d20a1de4f
15,pathobench.cptac_brca.tp53-mutation,pathobench.threads2025.cptac_brca.tp53-mutation,macro-ovr-auc,GigaPath Mean Pooling,0.754,standard_error=0.012,https://arxiv.org/html/2501.16652v1#S0.T15,a6c7af63c1f527eba692f83b362651e0e1d96d07e303520f90cd08f34b00c92f,3d8b3f6779b9b0eae21be12e8917bd6f0bab26e3c7943470e378383d20a1de4f
15,pathobench.cptac_brca.pik3ca-mutation,pathobench.threads2025.cptac_brca.pik3ca-mutation,macro-ovr-auc,Chief Mean Pooling,0.615,standard_error=0.015,https://arxiv.org/html/2501.16652v1#S0.T15,a6c7af63c1f527eba692f83b362651e0e1d96d07e303520f90cd08f34b00c92f,3d8b3f6779b9b0eae21be12e8917bd6f0bab26e3c7943470e378383d20a1de4f
15,pathobench.cptac_brca.tp53-mutation,pathobench.threads2025.cptac_brca.tp53-mutation,macro-ovr-auc,Chief Mean Pooling,0.786,standard_error=0.012,https://arxiv.org/html/2501.16652v1#S0.T15,a6c7af63c1f527eba692f83b362651e0e1d96d07e303520f90cd08f34b00c92f,3d8b3f6779b9b0eae21be12e8917bd6f0bab26e3c7943470e378383d20a1de4f
15,pathobench.cptac_brca.pik3ca-mutation,pathobench.threads2025.cptac_brca.pik3ca-mutation,macro-ovr-auc,CONCHv1.5 Mean Pooling,0.513,standard_error=0.017,https://arxiv.org/html/2501.16652v1#S0.T15,a6c7af63c1f527eba692f83b362651e0e1d96d07e303520f90cd08f34b00c92f,3d8b3f6779b9b0eae21be12e8917bd6f0bab26e3c7943470e378383d20a1de4f
15,pathobench.cptac_brca.tp53-mutation,pathobench.threads2025.cptac_brca.tp53-mutation,macro-ovr-auc,CONCHv1.5 Mean Pooling,0.796,standard_error=0.011,https://arxiv.org/html/2501.16652v1#S0.T15,a6c7af63c1f527eba692f83b362651e0e1d96d07e303520f90cd08f34b00c92f,3d8b3f6779b9b0eae21be12e8917bd6f0bab26e3c7943470e378383d20a1de4f
15,pathobench.cptac_brca.pik3ca-mutation,pathobench.threads2025.cptac_brca.pik3ca-mutation,macro-ovr-auc,PRISM,0.575,standard_error=0.014,https://arxiv.org/html/2501.16652v1#S0.T15,a6c7af63c1f527eba692f83b362651e0e1d96d07e303520f90cd08f34b00c92f,3d8b3f6779b9b0eae21be12e8917bd6f0bab26e3c7943470e378383d20a1de4f
15,pathobench.cptac_brca.tp53-mutation,pathobench.threads2025.cptac_brca.tp53-mutation,macro-ovr-auc,PRISM,0.787,standard_error=0.013,https://arxiv.org/html/2501.16652v1#S0.T15,a6c7af63c1f527eba692f83b362651e0e1d96d07e303520f90cd08f34b00c92f,3d8b3f6779b9b0eae21be12e8917bd6f0bab26e3c7943470e378383d20a1de4f
15,pathobench.cptac_brca.pik3ca-mutation,pathobench.threads2025.cptac_brca.pik3ca-mutation,macro-ovr-auc,GigaPath,0.531,standard_error=0.017,https://arxiv.org/html/2501.16652v1#S0.T15,a6c7af63c1f527eba692f83b362651e0e1d96d07e303520f90cd08f34b00c92f,3d8b3f6779b9b0eae21be12e8917bd6f0bab26e3c7943470e378383d20a1de4f
15,pathobench.cptac_brca.tp53-mutation,pathobench.threads2025.cptac_brca.tp53-mutation,macro-ovr-auc,GigaPath,0.749,standard_error=0.012,https://arxiv.org/html/2501.16652v1#S0.T15,a6c7af63c1f527eba692f83b362651e0e1d96d07e303520f90cd08f34b00c92f,3d8b3f6779b9b0eae21be12e8917bd6f0bab26e3c7943470e378383d20a1de4f
15,pathobench.cptac_brca.pik3ca-mutation,pathobench.threads2025.cptac_brca.pik3ca-mutation,macro-ovr-auc,CHIEF,0.647,standard_error=0.013,https://arxiv.org/html/2501.16652v1#S0.T15,a6c7af63c1f527eba692f83b362651e0e1d96d07e303520f90cd08f34b00c92f,3d8b3f6779b9b0eae21be12e8917bd6f0bab26e3c7943470e378383d20a1de4f
15,pathobench.cptac_brca.tp53-mutation,pathobench.threads2025.cptac_brca.tp53-mutation,macro-ovr-auc,CHIEF,0.832,standard_error=0.012,https://arxiv.org/html/2501.16652v1#S0.T15,a6c7af63c1f527eba692f83b362651e0e1d96d07e303520f90cd08f34b00c92f,3d8b3f6779b9b0eae21be12e8917bd6f0bab26e3c7943470e378383d20a1de4f
15,pathobench.cptac_brca.pik3ca-mutation,pathobench.threads2025.cptac_brca.pik3ca-mutation,macro-ovr-auc,Threads,0.571,standard_error=0.017,https://arxiv.org/html/2501.16652v1#S0.T15,a6c7af63c1f527eba692f83b362651e0e1d96d07e303520f90cd08f34b00c92f,3d8b3f6779b9b0eae21be12e8917bd6f0bab26e3c7943470e378383d20a1de4f
15,pathobench.cptac_brca.tp53-mutation,pathobench.threads2025.cptac_brca.tp53-mutation,macro-ovr-auc,Threads,0.876,standard_error=0.012,https://arxiv.org/html/2501.16652v1#S0.T15,a6c7af63c1f527eba692f83b362651e0e1d96d07e303520f90cd08f34b00c92f,3d8b3f6779b9b0eae21be12e8917bd6f0bab26e3c7943470e378383d20a1de4f
16,pathobench.cptac_ccrcc.bap1-mutation,pathobench.threads2025.cptac_ccrcc.bap1-mutation,macro-ovr-auc,Virchow Mean Pooling,0.624,standard_error=0.022,https://arxiv.org/html/2501.16652v1#S0.T16,a6c7af63c1f527eba692f83b362651e0e1d96d07e303520f90cd08f34b00c92f,3d8b3f6779b9b0eae21be12e8917bd6f0bab26e3c7943470e378383d20a1de4f
16,pathobench.cptac_ccrcc.pbrm1-mutation,pathobench.threads2025.cptac_ccrcc.pbrm1-mutation,macro-ovr-auc,Virchow Mean Pooling,0.501,standard_error=0.016,https://arxiv.org/html/2501.16652v1#S0.T16,a6c7af63c1f527eba692f83b362651e0e1d96d07e303520f90cd08f34b00c92f,3d8b3f6779b9b0eae21be12e8917bd6f0bab26e3c7943470e378383d20a1de4f
16,pathobench.cptac_ccrcc.bap1-mutation,pathobench.threads2025.cptac_ccrcc.bap1-mutation,macro-ovr-auc,GigaPath Mean Pooling,0.688,standard_error=0.023,https://arxiv.org/html/2501.16652v1#S0.T16,a6c7af63c1f527eba692f83b362651e0e1d96d07e303520f90cd08f34b00c92f,3d8b3f6779b9b0eae21be12e8917bd6f0bab26e3c7943470e378383d20a1de4f
16,pathobench.cptac_ccrcc.pbrm1-mutation,pathobench.threads2025.cptac_ccrcc.pbrm1-mutation,macro-ovr-auc,GigaPath Mean Pooling,0.482,standard_error=0.015,https://arxiv.org/html/2501.16652v1#S0.T16,a6c7af63c1f527eba692f83b362651e0e1d96d07e303520f90cd08f34b00c92f,3d8b3f6779b9b0eae21be12e8917bd6f0bab26e3c7943470e378383d20a1de4f
16,pathobench.cptac_ccrcc.bap1-mutation,pathobench.threads2025.cptac_ccrcc.bap1-mutation,macro-ovr-auc,Chief Mean Pooling,0.717,standard_error=0.018,https://arxiv.org/html/2501.16652v1#S0.T16,a6c7af63c1f527eba692f83b362651e0e1d96d07e303520f90cd08f34b00c92f,3d8b3f6779b9b0eae21be12e8917bd6f0bab26e3c7943470e378383d20a1de4f
16,pathobench.cptac_ccrcc.pbrm1-mutation,pathobench.threads2025.cptac_ccrcc.pbrm1-mutation,macro-ovr-auc,Chief Mean Pooling,0.457,standard_error=0.016,https://arxiv.org/html/2501.16652v1#S0.T16,a6c7af63c1f527eba692f83b362651e0e1d96d07e303520f90cd08f34b00c92f,3d8b3f6779b9b0eae21be12e8917bd6f0bab26e3c7943470e378383d20a1de4f
16,pathobench.cptac_ccrcc.bap1-mutation,pathobench.threads2025.cptac_ccrcc.bap1-mutation,macro-ovr-auc,CONCHv1.5 Mean Pooling,0.655,standard_error=0.016,https://arxiv.org/html/2501.16652v1#S0.T16,a6c7af63c1f527eba692f83b362651e0e1d96d07e303520f90cd08f34b00c92f,3d8b3f6779b9b0eae21be12e8917bd6f0bab26e3c7943470e378383d20a1de4f
16,pathobench.cptac_ccrcc.pbrm1-mutation,pathobench.threads2025.cptac_ccrcc.pbrm1-mutation,macro-ovr-auc,CONCHv1.5 Mean Pooling,0.518,standard_error=0.015,https://arxiv.org/html/2501.16652v1#S0.T16,a6c7af63c1f527eba692f83b362651e0e1d96d07e303520f90cd08f34b00c92f,3d8b3f6779b9b0eae21be12e8917bd6f0bab26e3c7943470e378383d20a1de4f
16,pathobench.cptac_ccrcc.bap1-mutation,pathobench.threads2025.cptac_ccrcc.bap1-mutation,macro-ovr-auc,PRISM,0.664,standard_error=0.022,https://arxiv.org/html/2501.16652v1#S0.T16,a6c7af63c1f527eba692f83b362651e0e1d96d07e303520f90cd08f34b00c92f,3d8b3f6779b9b0eae21be12e8917bd6f0bab26e3c7943470e378383d20a1de4f
16,pathobench.cptac_ccrcc.pbrm1-mutation,pathobench.threads2025.cptac_ccrcc.pbrm1-mutation,macro-ovr-auc,PRISM,0.598,standard_error=0.019,https://arxiv.org/html/2501.16652v1#S0.T16,a6c7af63c1f527eba692f83b362651e0e1d96d07e303520f90cd08f34b00c92f,3d8b3f6779b9b0eae21be12e8917bd6f0bab26e3c7943470e378383d20a1de4f
16,pathobench.cptac_ccrcc.bap1-mutation,pathobench.threads2025.cptac_ccrcc.bap1-mutation,macro-ovr-auc,GigaPath,0.670,standard_error=0.023,https://arxiv.org/html/2501.16652v1#S0.T16,a6c7af63c1f527eba692f83b362651e0e1d96d07e303520f90cd08f34b00c92f,3d8b3f6779b9b0eae21be12e8917bd6f0bab26e3c7943470e378383d20a1de4f
16,pathobench.cptac_ccrcc.pbrm1-mutation,pathobench.threads2025.cptac_ccrcc.pbrm1-mutation,macro-ovr-auc,GigaPath,0.466,standard_error=0.016,https://arxiv.org/html/2501.16652v1#S0.T16,a6c7af63c1f527eba692f83b362651e0e1d96d07e303520f90cd08f34b00c92f,3d8b3f6779b9b0eae21be12e8917bd6f0bab26e3c7943470e378383d20a1de4f
16,pathobench.cptac_ccrcc.bap1-mutation,pathobench.threads2025.cptac_ccrcc.bap1-mutation,macro-ovr-auc,CHIEF,0.745,standard_error=0.019,https://arxiv.org/html/2501.16652v1#S0.T16,a6c7af63c1f527eba692f83b362651e0e1d96d07e303520f90cd08f34b00c92f,3d8b3f6779b9b0eae21be12e8917bd6f0bab26e3c7943470e378383d20a1de4f
16,pathobench.cptac_ccrcc.pbrm1-mutation,pathobench.threads2025.cptac_ccrcc.pbrm1-mutation,macro-ovr-auc,CHIEF,0.522,standard_error=0.015,https://arxiv.org/html/2501.16652v1#S0.T16,a6c7af63c1f527eba692f83b362651e0e1d96d07e303520f90cd08f34b00c92f,3d8b3f6779b9b0eae21be12e8917bd6f0bab26e3c7943470e378383d20a1de4f
16,pathobench.cptac_ccrcc.bap1-mutation,pathobench.threads2025.cptac_ccrcc.bap1-mutation,macro-ovr-auc,Threads,0.809,standard_error=0.014,https://arxiv.org/html/2501.16652v1#S0.T16,a6c7af63c1f527eba692f83b362651e0e1d96d07e303520f90cd08f34b00c92f,3d8b3f6779b9b0eae21be12e8917bd6f0bab26e3c7943470e378383d20a1de4f
16,pathobench.cptac_ccrcc.pbrm1-mutation,pathobench.threads2025.cptac_ccrcc.pbrm1-mutation,macro-ovr-auc,Threads,0.668,standard_error=0.016,https://arxiv.org/html/2501.16652v1#S0.T16,a6c7af63c1f527eba692f83b362651e0e1d96d07e303520f90cd08f34b00c92f,3d8b3f6779b9b0eae21be12e8917bd6f0bab26e3c7943470e378383d20a1de4f
17,pathobench.cptac_coad.kras-mutation,pathobench.threads2025.cptac_coad.kras-mutation,macro-ovr-auc,Virchow Mean Pooling,0.661,standard_error=0.015,https://arxiv.org/html/2501.16652v1#S0.T17,a6c7af63c1f527eba692f83b362651e0e1d96d07e303520f90cd08f34b00c92f,3d8b3f6779b9b0eae21be12e8917bd6f0bab26e3c7943470e378383d20a1de4f
17,pathobench.cptac_coad.tp53-mutation,pathobench.threads2025.cptac_coad.tp53-mutation,macro-ovr-auc,Virchow Mean Pooling,0.684,standard_error=0.017,https://arxiv.org/html/2501.16652v1#S0.T17,a6c7af63c1f527eba692f83b362651e0e1d96d07e303520f90cd08f34b00c92f,3d8b3f6779b9b0eae21be12e8917bd6f0bab26e3c7943470e378383d20a1de4f
17,pathobench.cptac_coad.kras-mutation,pathobench.threads2025.cptac_coad.kras-mutation,macro-ovr-auc,GigaPath Mean Pooling,0.642,standard_error=0.015,https://arxiv.org/html/2501.16652v1#S0.T17,a6c7af63c1f527eba692f83b362651e0e1d96d07e303520f90cd08f34b00c92f,3d8b3f6779b9b0eae21be12e8917bd6f0bab26e3c7943470e378383d20a1de4f
17,pathobench.cptac_coad.tp53-mutation,pathobench.threads2025.cptac_coad.tp53-mutation,macro-ovr-auc,GigaPath Mean Pooling,0.656,standard_error=0.018,https://arxiv.org/html/2501.16652v1#S0.T17,a6c7af63c1f527eba692f83b362651e0e1d96d07e303520f90cd08f34b00c92f,3d8b3f6779b9b0eae21be12e8917bd6f0bab26e3c7943470e378383d20a1de4f
17,pathobench.cptac_coad.kras-mutation,pathobench.threads2025.cptac_coad.kras-mutation,macro-ovr-auc,Chief Mean Pooling,0.652,standard_error=0.015,https://arxiv.org/html/2501.16652v1#S0.T17,a6c7af63c1f527eba692f83b362651e0e1d96d07e303520f90cd08f34b00c92f,3d8b3f6779b9b0eae21be12e8917bd6f0bab26e3c7943470e378383d20a1de4f
17,pathobench.cptac_coad.tp53-mutation,pathobench.threads2025.cptac_coad.tp53-mutation,macro-ovr-auc,Chief Mean Pooling,0.649,standard_error=0.019,https://arxiv.org/html/2501.16652v1#S0.T17,a6c7af63c1f527eba692f83b362651e0e1d96d07e303520f90cd08f34b00c92f,3d8b3f6779b9b0eae21be12e8917bd6f0bab26e3c7943470e378383d20a1de4f
17,pathobench.cptac_coad.kras-mutation,pathobench.threads2025.cptac_coad.kras-mutation,macro-ovr-auc,CONCHv1.5 Mean Pooling,0.742,standard_error=0.016,https://arxiv.org/html/2501.16652v1#S0.T17,a6c7af63c1f527eba692f83b362651e0e1d96d07e303520f90cd08f34b00c92f,3d8b3f6779b9b0eae21be12e8917bd6f0bab26e3c7943470e378383d20a1de4f
17,pathobench.cptac_coad.tp53-mutation,pathobench.threads2025.cptac_coad.tp53-mutation,macro-ovr-auc,CONCHv1.5 Mean Pooling,0.690,standard_error=0.018,https://arxiv.org/html/2501.16652v1#S0.T17,a6c7af63c1f527eba692f83b362651e0e1d96d07e303520f90cd08f34b00c92f,3d8b3f6779b9b0eae21be12e8917bd6f0bab26e3c7943470e378383d20a1de4f
17,pathobench.cptac_coad.kras-mutation,pathobench.threads2025.cptac_coad.kras-mutation,macro-ovr-auc,PRISM,0.554,standard_error=0.015,https://arxiv.org/html/2501.16652v1#S0.T17,a6c7af63c1f527eba692f83b362651e0e1d96d07e303520f90cd08f34b00c92f,3d8b3f6779b9b0eae21be12e8917bd6f0bab26e3c7943470e378383d20a1de4f
17,pathobench.cptac_coad.tp53-mutation,pathobench.threads2025.cptac_coad.tp53-mutation,macro-ovr-auc,PRISM,0.578,standard_error=0.019,https://arxiv.org/html/2501.16652v1#S0.T17,a6c7af63c1f527eba692f83b362651e0e1d96d07e303520f90cd08f34b00c92f,3d8b3f6779b9b0eae21be12e8917bd6f0bab26e3c7943470e378383d20a1de4f
17,pathobench.cptac_coad.kras-mutation,pathobench.threads2025.cptac_coad.kras-mutation,macro-ovr-auc,GigaPath,0.654,standard_error=0.013,https://arxiv.org/html/2501.16652v1#S0.T17,a6c7af63c1f527eba692f83b362651e0e1d96d07e303520f90cd08f34b00c92f,3d8b3f6779b9b0eae21be12e8917bd6f0bab26e3c7943470e378383d20a1de4f
17,pathobench.cptac_coad.tp53-mutation,pathobench.threads2025.cptac_coad.tp53-mutation,macro-ovr-auc,GigaPath,0.642,standard_error=0.016,https://arxiv.org/html/2501.16652v1#S0.T17,a6c7af63c1f527eba692f83b362651e0e1d96d07e303520f90cd08f34b00c92f,3d8b3f6779b9b0eae21be12e8917bd6f0bab26e3c7943470e378383d20a1de4f
17,pathobench.cptac_coad.kras-mutation,pathobench.threads2025.cptac_coad.kras-mutation,macro-ovr-auc,CHIEF,0.649,standard_error=0.016,https://arxiv.org/html/2501.16652v1#S0.T17,a6c7af63c1f527eba692f83b362651e0e1d96d07e303520f90cd08f34b00c92f,3d8b3f6779b9b0eae21be12e8917bd6f0bab26e3c7943470e378383d20a1de4f
17,pathobench.cptac_coad.tp53-mutation,pathobench.threads2025.cptac_coad.tp53-mutation,macro-ovr-auc,CHIEF,0.659,standard_error=0.018,https://arxiv.org/html/2501.16652v1#S0.T17,a6c7af63c1f527eba692f83b362651e0e1d96d07e303520f90cd08f34b00c92f,3d8b3f6779b9b0eae21be12e8917bd6f0bab26e3c7943470e378383d20a1de4f
17,pathobench.cptac_coad.kras-mutation,pathobench.threads2025.cptac_coad.kras-mutation,macro-ovr-auc,Threads,0.704,standard_error=0.014,https://arxiv.org/html/2501.16652v1#S0.T17,a6c7af63c1f527eba692f83b362651e0e1d96d07e303520f90cd08f34b00c92f,3d8b3f6779b9b0eae21be12e8917bd6f0bab26e3c7943470e378383d20a1de4f
17,pathobench.cptac_coad.tp53-mutation,pathobench.threads2025.cptac_coad.tp53-mutation,macro-ovr-auc,Threads,0.742,standard_error=0.016,https://arxiv.org/html/2501.16652v1#S0.T17,a6c7af63c1f527eba692f83b362651e0e1d96d07e303520f90cd08f34b00c92f,3d8b3f6779b9b0eae21be12e8917bd6f0bab26e3c7943470e378383d20a1de4f
18,pathobench.cptac_gbm.egfr-mutation,pathobench.threads2025.cptac_gbm.egfr-mutation,macro-ovr-auc,Virchow Mean Pooling,0.509,standard_error=0.017,https://arxiv.org/html/2501.16652v1#S0.T18,a6c7af63c1f527eba692f83b362651e0e1d96d07e303520f90cd08f34b00c92f,3d8b3f6779b9b0eae21be12e8917bd6f0bab26e3c7943470e378383d20a1de4f
18,pathobench.cptac_gbm.tp53-mutation,pathobench.threads2025.cptac_gbm.tp53-mutation,macro-ovr-auc,Virchow Mean Pooling,0.816,standard_error=0.012,https://arxiv.org/html/2501.16652v1#S0.T18,a6c7af63c1f527eba692f83b362651e0e1d96d07e303520f90cd08f34b00c92f,3d8b3f6779b9b0eae21be12e8917bd6f0bab26e3c7943470e378383d20a1de4f
18,pathobench.cptac_gbm.egfr-mutation,pathobench.threads2025.cptac_gbm.egfr-mutation,macro-ovr-auc,GigaPath Mean Pooling,0.623,standard_error=0.016,https://arxiv.org/html/2501.16652v1#S0.T18,a6c7af63c1f527eba692f83b362651e0e1d96d07e303520f90cd08f34b00c92f,3d8b3f6779b9b0eae21be12e8917bd6f0bab26e3c7943470e378383d20a1de4f
18,pathobench.cptac_gbm.tp53-mutation,pathobench.threads2025.cptac_gbm.tp53-mutation,macro-ovr-auc,GigaPath Mean Pooling,0.805,standard_error=0.012,https://arxiv.org/html/2501.16652v1#S0.T18,a6c7af63c1f527eba692f83b362651e0e1d96d07e303520f90cd08f34b00c92f,3d8b3f6779b9b0eae21be12e8917bd6f0bab26e3c7943470e378383d20a1de4f
18,pathobench.cptac_gbm.egfr-mutation,pathobench.threads2025.cptac_gbm.egfr-mutation,macro-ovr-auc,Chief Mean Pooling,0.662,standard_error=0.015,https://arxiv.org/html/2501.16652v1#S0.T18,a6c7af63c1f527eba692f83b362651e0e1d96d07e303520f90cd08f34b00c92f,3d8b3f6779b9b0eae21be12e8917bd6f0bab26e3c7943470e378383d20a1de4f
18,pathobench.cptac_gbm.tp53-mutation,pathobench.threads2025.cptac_gbm.tp53-mutation,macro-ovr-auc,Chief Mean Pooling,0.849,standard_error=0.011,https://arxiv.org/html/2501.16652v1#S0.T18,a6c7af63c1f527eba692f83b362651e0e1d96d07e303520f90cd08f34b00c92f,3d8b3f6779b9b0eae21be12e8917bd6f0bab26e3c7943470e378383d20a1de4f
18,pathobench.cptac_gbm.egfr-mutation,pathobench.threads2025.cptac_gbm.egfr-mutation,macro-ovr-auc,CONCHv1.5 Mean Pooling,0.639,standard_error=0.014,https://arxiv.org/html/2501.16652v1#S0.T18,a6c7af63c1f527eba692f83b362651e0e1d96d07e303520f90cd08f34b00c92f,3d8b3f6779b9b0eae21be12e8917bd6f0bab26e3c7943470e378383d20a1de4f
18,pathobench.cptac_gbm.tp53-mutation,pathobench.threads2025.cptac_gbm.tp53-mutation,macro-ovr-auc,CONCHv1.5 Mean Pooling,0.828,standard_error=0.014,https://arxiv.org/html/2501.16652v1#S0.T18,a6c7af63c1f527eba692f83b362651e0e1d96d07e303520f90cd08f34b00c92f,3d8b3f6779b9b0eae21be12e8917bd6f0bab26e3c7943470e378383d20a1de4f
18,pathobench.cptac_gbm.egfr-mutation,pathobench.threads2025.cptac_gbm.egfr-mutation,macro-ovr-auc,PRISM,0.619,standard_error=0.015,https://arxiv.org/html/2501.16652v1#S0.T18,a6c7af63c1f527eba692f83b362651e0e1d96d07e303520f90cd08f34b00c92f,3d8b3f6779b9b0eae21be12e8917bd6f0bab26e3c7943470e378383d20a1de4f
18,pathobench.cptac_gbm.tp53-mutation,pathobench.threads2025.cptac_gbm.tp53-mutation,macro-ovr-auc,PRISM,0.858,standard_error=0.015,https://arxiv.org/html/2501.16652v1#S0.T18,a6c7af63c1f527eba692f83b362651e0e1d96d07e303520f90cd08f34b00c92f,3d8b3f6779b9b0eae21be12e8917bd6f0bab26e3c7943470e378383d20a1de4f
18,pathobench.cptac_gbm.egfr-mutation,pathobench.threads2025.cptac_gbm.egfr-mutation,macro-ovr-auc,GigaPath,0.634,standard_error=0.016,https://arxiv.org/html/2501.16652v1#S0.T18,a6c7af63c1f527eba692f83b362651e0e1d96d07e303520f90cd08f34b00c92f,3d8b3f6779b9b0eae21be12e8917bd6f0bab26e3c7943470e378383d20a1de4f
18,pathobench.cptac_gbm.tp53-mutation,pathobench.threads2025.cptac_gbm.tp53-mutation,macro-ovr-auc,GigaPath,0.785,standard_error=0.014,https://arxiv.org/html/2501.16652v1#S0.T18,a6c7af63c1f527eba692f83b362651e0e1d96d07e303520f90cd08f34b00c92f,3d8b3f6779b9b0eae21be12e8917bd6f0bab26e3c7943470e378383d20a1de4f
18,pathobench.cptac_gbm.egfr-mutation,pathobench.threads2025.cptac_gbm.egfr-mutation,macro-ovr-auc,CHIEF,0.743,standard_error=0.015,https://arxiv.org/html/2501.16652v1#S0.T18,a6c7af63c1f527eba692f83b362651e0e1d96d07e303520f90cd08f34b00c92f,3d8b3f6779b9b0eae21be12e8917bd6f0bab26e3c7943470e378383d20a1de4f
18,pathobench.cptac_gbm.tp53-mutation,pathobench.threads2025.cptac_gbm.tp53-mutation,macro-ovr-auc,CHIEF,0.862,standard_error=0.010,https://arxiv.org/html/2501.16652v1#S0.T18,a6c7af63c1f527eba692f83b362651e0e1d96d07e303520f90cd08f34b00c92f,3d8b3f6779b9b0eae21be12e8917bd6f0bab26e3c7943470e378383d20a1de4f
18,pathobench.cptac_gbm.egfr-mutation,pathobench.threads2025.cptac_gbm.egfr-mutation,macro-ovr-auc,Threads,0.782,standard_error=0.011,https://arxiv.org/html/2501.16652v1#S0.T18,a6c7af63c1f527eba692f83b362651e0e1d96d07e303520f90cd08f34b00c92f,3d8b3f6779b9b0eae21be12e8917bd6f0bab26e3c7943470e378383d20a1de4f
18,pathobench.cptac_gbm.tp53-mutation,pathobench.threads2025.cptac_gbm.tp53-mutation,macro-ovr-auc,Threads,0.842,standard_error=0.013,https://arxiv.org/html/2501.16652v1#S0.T18,a6c7af63c1f527eba692f83b362651e0e1d96d07e303520f90cd08f34b00c92f,3d8b3f6779b9b0eae21be12e8917bd6f0bab26e3c7943470e378383d20a1de4f
19,pathobench.cptac_hnsc.casp8-mutation,pathobench.threads2025.cptac_hnsc.casp8-mutation,macro-ovr-auc,Virchow Mean Pooling,0.397,standard_error=0.025,https://arxiv.org/html/2501.16652v1#S0.T19,a6c7af63c1f527eba692f83b362651e0e1d96d07e303520f90cd08f34b00c92f,3d8b3f6779b9b0eae21be12e8917bd6f0bab26e3c7943470e378383d20a1de4f
19,pathobench.cptac_hnsc.casp8-mutation,pathobench.threads2025.cptac_hnsc.casp8-mutation,macro-ovr-auc,GigaPath Mean Pooling,0.497,standard_error=0.028,https://arxiv.org/html/2501.16652v1#S0.T19,a6c7af63c1f527eba692f83b362651e0e1d96d07e303520f90cd08f34b00c92f,3d8b3f6779b9b0eae21be12e8917bd6f0bab26e3c7943470e378383d20a1de4f
19,pathobench.cptac_hnsc.casp8-mutation,pathobench.threads2025.cptac_hnsc.casp8-mutation,macro-ovr-auc,Chief Mean Pooling,0.482,standard_error=0.025,https://arxiv.org/html/2501.16652v1#S0.T19,a6c7af63c1f527eba692f83b362651e0e1d96d07e303520f90cd08f34b00c92f,3d8b3f6779b9b0eae21be12e8917bd6f0bab26e3c7943470e378383d20a1de4f
19,pathobench.cptac_hnsc.casp8-mutation,pathobench.threads2025.cptac_hnsc.casp8-mutation,macro-ovr-auc,CONCHv1.5 Mean Pooling,0.614,standard_error=0.028,https://arxiv.org/html/2501.16652v1#S0.T19,a6c7af63c1f527eba692f83b362651e0e1d96d07e303520f90cd08f34b00c92f,3d8b3f6779b9b0eae21be12e8917bd6f0bab26e3c7943470e378383d20a1de4f
19,pathobench.cptac_hnsc.casp8-mutation,pathobench.threads2025.cptac_hnsc.casp8-mutation,macro-ovr-auc,PRISM,0.601,standard_error=0.027,https://arxiv.org/html/2501.16652v1#S0.T19,a6c7af63c1f527eba692f83b362651e0e1d96d07e303520f90cd08f34b00c92f,3d8b3f6779b9b0eae21be12e8917bd6f0bab26e3c7943470e378383d20a1de4f
19,pathobench.cptac_hnsc.casp8-mutation,pathobench.threads2025.cptac_hnsc.casp8-mutation,macro-ovr-auc,GigaPath,0.474,standard_error=0.025,https://arxiv.org/html/2501.16652v1#S0.T19,a6c7af63c1f527eba692f83b362651e0e1d96d07e303520f90cd08f34b00c92f,3d8b3f6779b9b0eae21be12e8917bd6f0bab26e3c7943470e378383d20a1de4f
19,pathobench.cptac_hnsc.casp8-mutation,pathobench.threads2025.cptac_hnsc.casp8-mutation,macro-ovr-auc,CHIEF,0.493,standard_error=0.027,https://arxiv.org/html/2501.16652v1#S0.T19,a6c7af63c1f527eba692f83b362651e0e1d96d07e303520f90cd08f34b00c92f,3d8b3f6779b9b0eae21be12e8917bd6f0bab26e3c7943470e378383d20a1de4f
19,pathobench.cptac_hnsc.casp8-mutation,pathobench.threads2025.cptac_hnsc.casp8-mutation,macro-ovr-auc,Threads,0.754,standard_error=0.019,https://arxiv.org/html/2501.16652v1#S0.T19,a6c7af63c1f527eba692f83b362651e0e1d96d07e303520f90cd08f34b00c92f,3d8b3f6779b9b0eae21be12e8917bd6f0bab26e3c7943470e378383d20a1de4f
20,pathobench.cptac_lscc.keap1-mutation,pathobench.threads2025.cptac_lscc.keap1-mutation,macro-ovr-auc,Virchow Mean Pooling,0.671,standard_error=0.020,https://arxiv.org/html/2501.16652v1#S0.T20,a6c7af63c1f527eba692f83b362651e0e1d96d07e303520f90cd08f34b00c92f,3d8b3f6779b9b0eae21be12e8917bd6f0bab26e3c7943470e378383d20a1de4f
20,pathobench.cptac_lscc.arid1a-mutation,pathobench.threads2025.cptac_lscc.arid1a-mutation,macro-ovr-auc,Virchow Mean Pooling,0.417,standard_error=0.020,https://arxiv.org/html/2501.16652v1#S0.T20,a6c7af63c1f527eba692f83b362651e0e1d96d07e303520f90cd08f34b00c92f,3d8b3f6779b9b0eae21be12e8917bd6f0bab26e3c7943470e378383d20a1de4f
20,pathobench.cptac_lscc.keap1-mutation,pathobench.threads2025.cptac_lscc.keap1-mutation,macro-ovr-auc,GigaPath Mean Pooling,0.640,standard_error=0.017,https://arxiv.org/html/2501.16652v1#S0.T20,a6c7af63c1f527eba692f83b362651e0e1d96d07e303520f90cd08f34b00c92f,3d8b3f6779b9b0eae21be12e8917bd6f0bab26e3c7943470e378383d20a1de4f
20,pathobench.cptac_lscc.arid1a-mutation,pathobench.threads2025.cptac_lscc.arid1a-mutation,macro-ovr-auc,GigaPath Mean Pooling,0.437,standard_error=0.019,https://arxiv.org/html/2501.16652v1#S0.T20,a6c7af63c1f527eba692f83b362651e0e1d96d07e303520f90cd08f34b00c92f,3d8b3f6779b9b0eae21be12e8917bd6f0bab26e3c7943470e378383d20a1de4f
20,pathobench.cptac_lscc.keap1-mutation,pathobench.threads2025.cptac_lscc.keap1-mutation,macro-ovr-auc,Chief Mean Pooling,0.676,standard_error=0.016,https://arxiv.org/html/2501.16652v1#S0.T20,a6c7af63c1f527eba692f83b362651e0e1d96d07e303520f90cd08f34b00c92f,3d8b3f6779b9b0eae21be12e8917bd6f0bab26e3c7943470e378383d20a1de4f
20,pathobench.cptac_lscc.arid1a-mutation,pathobench.threads2025.cptac_lscc.arid1a-mutation,macro-ovr-auc,Chief Mean Pooling,0.524,standard_error=0.022,https://arxiv.org/html/2501.16652v1#S0.T20,a6c7af63c1f527eba692f83b362651e0e1d96d07e303520f90cd08f34b00c92f,3d8b3f6779b9b0eae21be12e8917bd6f0bab26e3c7943470e378383d20a1de4f
20,pathobench.cptac_lscc.keap1-mutation,pathobench.threads2025.cptac_lscc.keap1-mutation,macro-ovr-auc,CONCHv1.5 Mean Pooling,0.574,standard_error=0.018,https://arxiv.org/html/2501.16652v1#S0.T20,a6c7af63c1f527eba692f83b362651e0e1d96d07e303520f90cd08f34b00c92f,3d8b3f6779b9b0eae21be12e8917bd6f0bab26e3c7943470e378383d20a1de4f
20,pathobench.cptac_lscc.arid1a-mutation,pathobench.threads2025.cptac_lscc.arid1a-mutation,macro-ovr-auc,CONCHv1.5 Mean Pooling,0.411,standard_error=0.020,https://arxiv.org/html/2501.16652v1#S0.T20,a6c7af63c1f527eba692f83b362651e0e1d96d07e303520f90cd08f34b00c92f,3d8b3f6779b9b0eae21be12e8917bd6f0bab26e3c7943470e378383d20a1de4f
20,pathobench.cptac_lscc.keap1-mutation,pathobench.threads2025.cptac_lscc.keap1-mutation,macro-ovr-auc,PRISM,0.492,standard_error=0.018,https://arxiv.org/html/2501.16652v1#S0.T20,a6c7af63c1f527eba692f83b362651e0e1d96d07e303520f90cd08f34b00c92f,3d8b3f6779b9b0eae21be12e8917bd6f0bab26e3c7943470e378383d20a1de4f
20,pathobench.cptac_lscc.arid1a-mutation,pathobench.threads2025.cptac_lscc.arid1a-mutation,macro-ovr-auc,PRISM,0.449,standard_error=0.020,https://arxiv.org/html/2501.16652v1#S0.T20,a6c7af63c1f527eba692f83b362651e0e1d96d07e303520f90cd08f34b00c92f,3d8b3f6779b9b0eae21be12e8917bd6f0bab26e3c7943470e378383d20a1de4f
20,pathobench.cptac_lscc.keap1-mutation,pathobench.threads2025.cptac_lscc.keap1-mutation,macro-ovr-auc,GigaPath,0.663,standard_error=0.018,https://arxiv.org/html/2501.16652v1#S0.T20,a6c7af63c1f527eba692f83b362651e0e1d96d07e303520f90cd08f34b00c92f,3d8b3f6779b9b0eae21be12e8917bd6f0bab26e3c7943470e378383d20a1de4f
20,pathobench.cptac_lscc.arid1a-mutation,pathobench.threads2025.cptac_lscc.arid1a-mutation,macro-ovr-auc,GigaPath,0.465,standard_error=0.016,https://arxiv.org/html/2501.16652v1#S0.T20,a6c7af63c1f527eba692f83b362651e0e1d96d07e303520f90cd08f34b00c92f,3d8b3f6779b9b0eae21be12e8917bd6f0bab26e3c7943470e378383d20a1de4f
20,pathobench.cptac_lscc.keap1-mutation,pathobench.threads2025.cptac_lscc.keap1-mutation,macro-ovr-auc,CHIEF,0.656,standard_error=0.016,https://arxiv.org/html/2501.16652v1#S0.T20,a6c7af63c1f527eba692f83b362651e0e1d96d07e303520f90cd08f34b00c92f,3d8b3f6779b9b0eae21be12e8917bd6f0bab26e3c7943470e378383d20a1de4f
20,pathobench.cptac_lscc.arid1a-mutation,pathobench.threads2025.cptac_lscc.arid1a-mutation,macro-ovr-auc,CHIEF,0.535,standard_error=0.024,https://arxiv.org/html/2501.16652v1#S0.T20,a6c7af63c1f527eba692f83b362651e0e1d96d07e303520f90cd08f34b00c92f,3d8b3f6779b9b0eae21be12e8917bd6f0bab26e3c7943470e378383d20a1de4f
20,pathobench.cptac_lscc.keap1-mutation,pathobench.threads2025.cptac_lscc.keap1-mutation,macro-ovr-auc,Threads,0.685,standard_error=0.019,https://arxiv.org/html/2501.16652v1#S0.T20,a6c7af63c1f527eba692f83b362651e0e1d96d07e303520f90cd08f34b00c92f,3d8b3f6779b9b0eae21be12e8917bd6f0bab26e3c7943470e378383d20a1de4f
20,pathobench.cptac_lscc.arid1a-mutation,pathobench.threads2025.cptac_lscc.arid1a-mutation,macro-ovr-auc,Threads,0.658,standard_error=0.023,https://arxiv.org/html/2501.16652v1#S0.T20,a6c7af63c1f527eba692f83b362651e0e1d96d07e303520f90cd08f34b00c92f,3d8b3f6779b9b0eae21be12e8917bd6f0bab26e3c7943470e378383d20a1de4f
21,pathobench.cptac_luad.egfr-mutation,pathobench.threads2025.cptac_luad.egfr-mutation,macro-ovr-auc,Virchow Mean Pooling,0.791,standard_error=0.015,https://arxiv.org/html/2501.16652v1#S0.T21,a6c7af63c1f527eba692f83b362651e0e1d96d07e303520f90cd08f34b00c92f,3d8b3f6779b9b0eae21be12e8917bd6f0bab26e3c7943470e378383d20a1de4f
21,pathobench.cptac_luad.stk11-mutation,pathobench.threads2025.cptac_luad.stk11-mutation,macro-ovr-auc,Virchow Mean Pooling,0.864,standard_error=0.013,https://arxiv.org/html/2501.16652v1#S0.T21,a6c7af63c1f527eba692f83b362651e0e1d96d07e303520f90cd08f34b00c92f,3d8b3f6779b9b0eae21be12e8917bd6f0bab26e3c7943470e378383d20a1de4f
21,pathobench.cptac_luad.tp53-mutation,pathobench.threads2025.cptac_luad.tp53-mutation,macro-ovr-auc,Virchow Mean Pooling,0.734,standard_error=0.014,https://arxiv.org/html/2501.16652v1#S0.T21,a6c7af63c1f527eba692f83b362651e0e1d96d07e303520f90cd08f34b00c92f,3d8b3f6779b9b0eae21be12e8917bd6f0bab26e3c7943470e378383d20a1de4f
21,pathobench.cptac_luad.egfr-mutation,pathobench.threads2025.cptac_luad.egfr-mutation,macro-ovr-auc,GigaPath Mean Pooling,0.782,standard_error=0.014,https://arxiv.org/html/2501.16652v1#S0.T21,a6c7af63c1f527eba692f83b362651e0e1d96d07e303520f90cd08f34b00c92f,3d8b3f6779b9b0eae21be12e8917bd6f0bab26e3c7943470e378383d20a1de4f
21,pathobench.cptac_luad.stk11-mutation,pathobench.threads2025.cptac_luad.stk11-mutation,macro-ovr-auc,GigaPath Mean Pooling,0.852,standard_error=0.013,https://arxiv.org/html/2501.16652v1#S0.T21,a6c7af63c1f527eba692f83b362651e0e1d96d07e303520f90cd08f34b00c92f,3d8b3f6779b9b0eae21be12e8917bd6f0bab26e3c7943470e378383d20a1de4f
21,pathobench.cptac_luad.tp53-mutation,pathobench.threads2025.cptac_luad.tp53-mutation,macro-ovr-auc,GigaPath Mean Pooling,0.715,standard_error=0.014,https://arxiv.org/html/2501.16652v1#S0.T21,a6c7af63c1f527eba692f83b362651e0e1d96d07e303520f90cd08f34b00c92f,3d8b3f6779b9b0eae21be12e8917bd6f0bab26e3c7943470e378383d20a1de4f
21,pathobench.cptac_luad.egfr-mutation,pathobench.threads2025.cptac_luad.egfr-mutation,macro-ovr-auc,Chief Mean Pooling,0.722,standard_error=0.017,https://arxiv.org/html/2501.16652v1#S0.T21,a6c7af63c1f527eba692f83b362651e0e1d96d07e303520f90cd08f34b00c92f,3d8b3f6779b9b0eae21be12e8917bd6f0bab26e3c7943470e378383d20a1de4f
21,pathobench.cptac_luad.stk11-mutation,pathobench.threads2025.cptac_luad.stk11-mutation,macro-ovr-auc,Chief Mean Pooling,0.765,standard_error=0.019,https://arxiv.org/html/2501.16652v1#S0.T21,a6c7af63c1f527eba692f83b362651e0e1d96d07e303520f90cd08f34b00c92f,3d8b3f6779b9b0eae21be12e8917bd6f0bab26e3c7943470e378383d20a1de4f
21,pathobench.cptac_luad.tp53-mutation,pathobench.threads2025.cptac_luad.tp53-mutation,macro-ovr-auc,Chief Mean Pooling,0.663,standard_error=0.014,https://arxiv.org/html/2501.16652v1#S0.T21,a6c7af63c1f527eba692f83b362651e0e1d96d07e303520f90cd08f34b00c92f,3d8b3f6779b9b0eae21be12e8917bd6f0bab26e3c7943470e378383d20a1de4f
21,pathobench.cptac_luad.egfr-mutation,pathobench.threads2025.cptac_luad.egfr-mutation,macro-ovr-auc,CONCHv1.5 Mean Pooling,0.789,standard_error=0.014,https://arxiv.org/html/2501.16652v1#S0.T21,a6c7af63c1f527eba692f83b362651e0e1d96d07e303520f90cd08f34b00c92f,3d8b3f6779b9b0eae21be12e8917bd6f0bab26e3c7943470e378383d20a1de4f
21,pathobench.cptac_luad.stk11-mutation,pathobench.threads2025.cptac_luad.stk11-mutation,macro-ovr-auc,CONCHv1.5 Mean Pooling,0.824,standard_error=0.018,https://arxiv.org/html/2501.16652v1#S0.T21,a6c7af63c1f527eba692f83b362651e0e1d96d07e303520f90cd08f34b00c92f,3d8b3f6779b9b0eae21be12e8917bd6f0bab26e3c7943470e378383d20a1de4f
21,pathobench.cptac_luad.tp53-mutation,pathobench.threads2025.cptac_luad.tp53-mutation,macro-ovr-auc,CONCHv1.5 Mean Pooling,0.682,standard_error=0.015,https://arxiv.org/html/2501.16652v1#S0.T21,a6c7af63c1f527eba692f83b362651e0e1d96d07e303520f90cd08f34b00c92f,3d8b3f6779b9b0eae21be12e8917bd6f0bab26e3c7943470e378383d20a1de4f
21,pathobench.cptac_luad.egfr-mutation,pathobench.threads2025.cptac_luad.egfr-mutation,macro-ovr-auc,PRISM,0.809,standard_error=0.013,https://arxiv.org/html/2501.16652v1#S0.T21,a6c7af63c1f527eba692f83b362651e0e1d96d07e303520f90cd08f34b00c92f,3d8b3f6779b9b0eae21be12e8917bd6f0bab26e3c7943470e378383d20a1de4f
21,pathobench.cptac_luad.stk11-mutation,pathobench.threads2025.cptac_luad.stk11-mutation,macro-ovr-auc,PRISM,0.854,standard_error=0.015,https://arxiv.org/html/2501.16652v1#S0.T21,a6c7af63c1f527eba692f83b362651e0e1d96d07e303520f90cd08f34b00c92f,3d8b3f6779b9b0eae21be12e8917bd6f0bab26e3c7943470e378383d20a1de4f
21,pathobench.cptac_luad.tp53-mutation,pathobench.threads2025.cptac_luad.tp53-mutation,macro-ovr-auc,PRISM,0.755,standard_error=0.013,https://arxiv.org/html/2501.16652v1#S0.T21,a6c7af63c1f527eba692f83b362651e0e1d96d07e303520f90cd08f34b00c92f,3d8b3f6779b9b0eae21be12e8917bd6f0bab26e3c7943470e378383d20a1de4f
21,pathobench.cptac_luad.egfr-mutation,pathobench.threads2025.cptac_luad.egfr-mutation,macro-ovr-auc,GigaPath,0.791,standard_error=0.014,https://arxiv.org/html/2501.16652v1#S0.T21,a6c7af63c1f527eba692f83b362651e0e1d96d07e303520f90cd08f34b00c92f,3d8b3f6779b9b0eae21be12e8917bd6f0bab26e3c7943470e378383d20a1de4f
21,pathobench.cptac_luad.stk11-mutation,pathobench.threads2025.cptac_luad.stk11-mutation,macro-ovr-auc,GigaPath,0.822,standard_error=0.015,https://arxiv.org/html/2501.16652v1#S0.T21,a6c7af63c1f527eba692f83b362651e0e1d96d07e303520f90cd08f34b00c92f,3d8b3f6779b9b0eae21be12e8917bd6f0bab26e3c7943470e378383d20a1de4f
21,pathobench.cptac_luad.tp53-mutation,pathobench.threads2025.cptac_luad.tp53-mutation,macro-ovr-auc,GigaPath,0.737,standard_error=0.013,https://arxiv.org/html/2501.16652v1#S0.T21,a6c7af63c1f527eba692f83b362651e0e1d96d07e303520f90cd08f34b00c92f,3d8b3f6779b9b0eae21be12e8917bd6f0bab26e3c7943470e378383d20a1de4f
21,pathobench.cptac_luad.egfr-mutation,pathobench.threads2025.cptac_luad.egfr-mutation,macro-ovr-auc,CHIEF,0.717,standard_error=0.017,https://arxiv.org/html/2501.16652v1#S0.T21,a6c7af63c1f527eba692f83b362651e0e1d96d07e303520f90cd08f34b00c92f,3d8b3f6779b9b0eae21be12e8917bd6f0bab26e3c7943470e378383d20a1de4f
21,pathobench.cptac_luad.stk11-mutation,pathobench.threads2025.cptac_luad.stk11-mutation,macro-ovr-auc,CHIEF,0.824,standard_error=0.015,https://arxiv.org/html/2501.16652v1#S0.T21,a6c7af63c1f527eba692f83b362651e0e1d96d07e303520f90cd08f34b00c92f,3d8b3f6779b9b0eae21be12e8917bd6f0bab26e3c7943470e378383d20a1de4f
21,pathobench.cptac_luad.tp53-mutation,pathobench.threads2025.cptac_luad.tp53-mutation,macro-ovr-auc,CHIEF,0.704,standard_error=0.014,https://arxiv.org/html/2501.16652v1#S0.T21,a6c7af63c1f527eba692f83b362651e0e1d96d07e303520f90cd08f34b00c92f,3d8b3f6779b9b0eae21be12e8917bd6f0bab26e3c7943470e378383d20a1de4f
21,pathobench.cptac_luad.egfr-mutation,pathobench.threads2025.cptac_luad.egfr-mutation,macro-ovr-auc,Threads,0.822,standard_error=0.011,https://arxiv.org/html/2501.16652v1#S0.T21,a6c7af63c1f527eba692f83b362651e0e1d96d07e303520f90cd08f34b00c92f,3d8b3f6779b9b0eae21be12e8917bd6f0bab26e3c7943470e378383d20a1de4f
21,pathobench.cptac_luad.stk11-mutation,pathobench.threads2025.cptac_luad.stk11-mutation,macro-ovr-auc,Threads,0.889,standard_error=0.015,https://arxiv.org/html/2501.16652v1#S0.T21,a6c7af63c1f527eba692f83b362651e0e1d96d07e303520f90cd08f34b00c92f,3d8b3f6779b9b0eae21be12e8917bd6f0bab26e3c7943470e378383d20a1de4f
21,pathobench.cptac_luad.tp53-mutation,pathobench.threads2025.cptac_luad.tp53-mutation,macro-ovr-auc,Threads,0.752,standard_error=0.014,https://arxiv.org/html/2501.16652v1#S0.T21,a6c7af63c1f527eba692f83b362651e0e1d96d07e303520f90cd08f34b00c92f,3d8b3f6779b9b0eae21be12e8917bd6f0bab26e3c7943470e378383d20a1de4f
22,pathobench.cptac_pda.smad4-mutation,pathobench.threads2025.cptac_pda.smad4-mutation,macro-ovr-auc,Virchow Mean Pooling,0.488,standard_error=0.020,https://arxiv.org/html/2501.16652v1#S0.T22,a6c7af63c1f527eba692f83b362651e0e1d96d07e303520f90cd08f34b00c92f,3d8b3f6779b9b0eae21be12e8917bd6f0bab26e3c7943470e378383d20a1de4f
22,pathobench.cptac_pda.smad4-mutation,pathobench.threads2025.cptac_pda.smad4-mutation,macro-ovr-auc,GigaPath Mean Pooling,0.418,standard_error=0.020,https://arxiv.org/html/2501.16652v1#S0.T22,a6c7af63c1f527eba692f83b362651e0e1d96d07e303520f90cd08f34b00c92f,3d8b3f6779b9b0eae21be12e8917bd6f0bab26e3c7943470e378383d20a1de4f
22,pathobench.cptac_pda.smad4-mutation,pathobench.threads2025.cptac_pda.smad4-mutation,macro-ovr-auc,Chief Mean Pooling,0.439,standard_error=0.018,https://arxiv.org/html/2501.16652v1#S0.T22,a6c7af63c1f527eba692f83b362651e0e1d96d07e303520f90cd08f34b00c92f,3d8b3f6779b9b0eae21be12e8917bd6f0bab26e3c7943470e378383d20a1de4f
22,pathobench.cptac_pda.smad4-mutation,pathobench.threads2025.cptac_pda.smad4-mutation,macro-ovr-auc,CONCHv1.5 Mean Pooling,0.576,standard_error=0.019,https://arxiv.org/html/2501.16652v1#S0.T22,a6c7af63c1f527eba692f83b362651e0e1d96d07e303520f90cd08f34b00c92f,3d8b3f6779b9b0eae21be12e8917bd6f0bab26e3c7943470e378383d20a1de4f
22,pathobench.cptac_pda.smad4-mutation,pathobench.threads2025.cptac_pda.smad4-mutation,macro-ovr-auc,PRISM,0.523,standard_error=0.022,https://arxiv.org/html/2501.16652v1#S0.T22,a6c7af63c1f527eba692f83b362651e0e1d96d07e303520f90cd08f34b00c92f,3d8b3f6779b9b0eae21be12e8917bd6f0bab26e3c7943470e378383d20a1de4f
22,pathobench.cptac_pda.smad4-mutation,pathobench.threads2025.cptac_pda.smad4-mutation,macro-ovr-auc,GigaPath,0.423,standard_error=0.021,https://arxiv.org/html/2501.16652v1#S0.T22,a6c7af63c1f527eba692f83b362651e0e1d96d07e303520f90cd08f34b00c92f,3d8b3f6779b9b0eae21be12e8917bd6f0bab26e3c7943470e378383d20a1de4f
22,pathobench.cptac_pda.smad4-mutation,pathobench.threads2025.cptac_pda.smad4-mutation,macro-ovr-auc,CHIEF,0.393,standard_error=0.018,https://arxiv.org/html/2501.16652v1#S0.T22,a6c7af63c1f527eba692f83b362651e0e1d96d07e303520f90cd08f34b00c92f,3d8b3f6779b9b0eae21be12e8917bd6f0bab26e3c7943470e378383d20a1de4f
22,pathobench.cptac_pda.smad4-mutation,pathobench.threads2025.cptac_pda.smad4-mutation,macro-ovr-auc,Threads,0.578,standard_error=0.024,https://arxiv.org/html/2501.16652v1#S0.T22,a6c7af63c1f527eba692f83b362651e0e1d96d07e303520f90cd08f34b00c92f,3d8b3f6779b9b0eae21be12e8917bd6f0bab26e3c7943470e378383d20a1de4f
23,pathobench.bracs.slidelevel-fine,pathobench.threads2025.bracs.slidelevel-fine,bacc,Virchow Mean Pooling,0.348,standard_error=0.015,https://arxiv.org/html/2501.16652v1#S0.T23,a6c7af63c1f527eba692f83b362651e0e1d96d07e303520f90cd08f34b00c92f,3d8b3f6779b9b0eae21be12e8917bd6f0bab26e3c7943470e378383d20a1de4f
23,pathobench.bracs.slidelevel-coarse,pathobench.threads2025.bracs.slidelevel-coarse,bacc,Virchow Mean Pooling,0.618,standard_error=0.028,https://arxiv.org/html/2501.16652v1#S0.T23,a6c7af63c1f527eba692f83b362651e0e1d96d07e303520f90cd08f34b00c92f,3d8b3f6779b9b0eae21be12e8917bd6f0bab26e3c7943470e378383d20a1de4f
23,pathobench.bracs.slidelevel-fine,pathobench.threads2025.bracs.slidelevel-fine,bacc,GigaPath Mean Pooling,0.318,standard_error=0.016,https://arxiv.org/html/2501.16652v1#S0.T23,a6c7af63c1f527eba692f83b362651e0e1d96d07e303520f90cd08f34b00c92f,3d8b3f6779b9b0eae21be12e8917bd6f0bab26e3c7943470e378383d20a1de4f
23,pathobench.bracs.slidelevel-coarse,pathobench.threads2025.bracs.slidelevel-coarse,bacc,GigaPath Mean Pooling,0.569,standard_error=0.031,https://arxiv.org/html/2501.16652v1#S0.T23,a6c7af63c1f527eba692f83b362651e0e1d96d07e303520f90cd08f34b00c92f,3d8b3f6779b9b0eae21be12e8917bd6f0bab26e3c7943470e378383d20a1de4f
23,pathobench.bracs.slidelevel-fine,pathobench.threads2025.bracs.slidelevel-fine,bacc,Chief Mean Pooling,0.350,standard_error=0.029,https://arxiv.org/html/2501.16652v1#S0.T23,a6c7af63c1f527eba692f83b362651e0e1d96d07e303520f90cd08f34b00c92f,3d8b3f6779b9b0eae21be12e8917bd6f0bab26e3c7943470e378383d20a1de4f
23,pathobench.bracs.slidelevel-coarse,pathobench.threads2025.bracs.slidelevel-coarse,bacc,Chief Mean Pooling,0.621,standard_error=0.030,https://arxiv.org/html/2501.16652v1#S0.T23,a6c7af63c1f527eba692f83b362651e0e1d96d07e303520f90cd08f34b00c92f,3d8b3f6779b9b0eae21be12e8917bd6f0bab26e3c7943470e378383d20a1de4f
23,pathobench.bracs.slidelevel-fine,pathobench.threads2025.bracs.slidelevel-fine,bacc,CONCHv1.5 Mean Pooling,0.378,standard_error=0.036,https://arxiv.org/html/2501.16652v1#S0.T23,a6c7af63c1f527eba692f83b362651e0e1d96d07e303520f90cd08f34b00c92f,3d8b3f6779b9b0eae21be12e8917bd6f0bab26e3c7943470e378383d20a1de4f
23,pathobench.bracs.slidelevel-coarse,pathobench.threads2025.bracs.slidelevel-coarse,bacc,CONCHv1.5 Mean Pooling,0.620,standard_error=0.036,https://arxiv.org/html/2501.16652v1#S0.T23,a6c7af63c1f527eba692f83b362651e0e1d96d07e303520f90cd08f34b00c92f,3d8b3f6779b9b0eae21be12e8917bd6f0bab26e3c7943470e378383d20a1de4f
23,pathobench.bracs.slidelevel-fine,pathobench.threads2025.bracs.slidelevel-fine,bacc,PRISM,0.419,standard_error=0.014,https://arxiv.org/html/2501.16652v1#S0.T23,a6c7af63c1f527eba692f83b362651e0e1d96d07e303520f90cd08f34b00c92f,3d8b3f6779b9b0eae21be12e8917bd6f0bab26e3c7943470e378383d20a1de4f
23,pathobench.bracs.slidelevel-coarse,pathobench.threads2025.bracs.slidelevel-coarse,bacc,PRISM,0.659,standard_error=0.019,https://arxiv.org/html/2501.16652v1#S0.T23,a6c7af63c1f527eba692f83b362651e0e1d96d07e303520f90cd08f34b00c92f,3d8b3f6779b9b0eae21be12e8917bd6f0bab26e3c7943470e378383d20a1de4f
23,pathobench.bracs.slidelevel-fine,pathobench.threads2025.bracs.slidelevel-fine,bacc,GigaPath,0.342,standard_error=0.019,https://arxiv.org/html/2501.16652v1#S0.T23,a6c7af63c1f527eba692f83b362651e0e1d96d07e303520f90cd08f34b00c92f,3d8b3f6779b9b0eae21be12e8917bd6f0bab26e3c7943470e378383d20a1de4f
23,pathobench.bracs.slidelevel-coarse,pathobench.threads2025.bracs.slidelevel-coarse,bacc,GigaPath,0.606,standard_error=0.037,https://arxiv.org/html/2501.16652v1#S0.T23,a6c7af63c1f527eba692f83b362651e0e1d96d07e303520f90cd08f34b00c92f,3d8b3f6779b9b0eae21be12e8917bd6f0bab26e3c7943470e378383d20a1de4f
23,pathobench.bracs.slidelevel-fine,pathobench.threads2025.bracs.slidelevel-fine,bacc,CHIEF,0.452,standard_error=0.015,https://arxiv.org/html/2501.16652v1#S0.T23,a6c7af63c1f527eba692f83b362651e0e1d96d07e303520f90cd08f34b00c92f,3d8b3f6779b9b0eae21be12e8917bd6f0bab26e3c7943470e378383d20a1de4f
23,pathobench.bracs.slidelevel-coarse,pathobench.threads2025.bracs.slidelevel-coarse,bacc,CHIEF,0.704,standard_error=0.023,https://arxiv.org/html/2501.16652v1#S0.T23,a6c7af63c1f527eba692f83b362651e0e1d96d07e303520f90cd08f34b00c92f,3d8b3f6779b9b0eae21be12e8917bd6f0bab26e3c7943470e378383d20a1de4f
23,pathobench.bracs.slidelevel-fine,pathobench.threads2025.bracs.slidelevel-fine,bacc,Threads,0.481,standard_error=0.015,https://arxiv.org/html/2501.16652v1#S0.T23,a6c7af63c1f527eba692f83b362651e0e1d96d07e303520f90cd08f34b00c92f,3d8b3f6779b9b0eae21be12e8917bd6f0bab26e3c7943470e378383d20a1de4f
23,pathobench.bracs.slidelevel-coarse,pathobench.threads2025.bracs.slidelevel-coarse,bacc,Threads,0.716,standard_error=0.019,https://arxiv.org/html/2501.16652v1#S0.T23,a6c7af63c1f527eba692f83b362651e0e1d96d07e303520f90cd08f34b00c92f,3d8b3f6779b9b0eae21be12e8917bd6f0bab26e3c7943470e378383d20a1de4f
24,pathobench.ebrains.diagnosis,pathobench.threads2025.ebrains.diagnosis,bacc,Virchow Mean Pooling,0.708,"95%_ci=[0.666,0.756]",https://arxiv.org/html/2501.16652v1#S0.T24,a6c7af63c1f527eba692f83b362651e0e1d96d07e303520f90cd08f34b00c92f,3d8b3f6779b9b0eae21be12e8917bd6f0bab26e3c7943470e378383d20a1de4f
24,pathobench.ebrains.diagnosis-group,pathobench.threads2025.ebrains.diagnosis-group,bacc,Virchow Mean Pooling,0.873,"95%_ci=[0.841,0.913]",https://arxiv.org/html/2501.16652v1#S0.T24,a6c7af63c1f527eba692f83b362651e0e1d96d07e303520f90cd08f34b00c92f,3d8b3f6779b9b0eae21be12e8917bd6f0bab26e3c7943470e378383d20a1de4f
24,pathobench.ebrains.diagnosis,pathobench.threads2025.ebrains.diagnosis,bacc,GigaPath Mean Pooling,0.740,"95%_ci=[0.700,0.776]",https://arxiv.org/html/2501.16652v1#S0.T24,a6c7af63c1f527eba692f83b362651e0e1d96d07e303520f90cd08f34b00c92f,3d8b3f6779b9b0eae21be12e8917bd6f0bab26e3c7943470e378383d20a1de4f
24,pathobench.ebrains.diagnosis-group,pathobench.threads2025.ebrains.diagnosis-group,bacc,GigaPath Mean Pooling,0.903,"95%_ci=[0.871,0.941]",https://arxiv.org/html/2501.16652v1#S0.T24,a6c7af63c1f527eba692f83b362651e0e1d96d07e303520f90cd08f34b00c92f,3d8b3f6779b9b0eae21be12e8917bd6f0bab26e3c7943470e378383d20a1de4f
24,pathobench.ebrains.diagnosis,pathobench.threads2025.ebrains.diagnosis,bacc,Chief Mean Pooling,0.637,"95%_ci=[0.594,0.671]",https://arxiv.org/html/2501.16652v1#S0.T24,a6c7af63c1f527eba692f83b362651e0e1d96d07e303520f90cd08f34b00c92f,3d8b3f6779b9b0eae21be12e8917bd6f0bab26e3c7943470e378383d20a1de4f
24,pathobench.ebrains.diagnosis-group,pathobench.threads2025.ebrains.diagnosis-group,bacc,Chief Mean Pooling,0.785,"95%_ci=[0.730,0.832]",https://arxiv.org/html/2501.16652v1#S0.T24,a6c7af63c1f527eba692f83b362651e0e1d96d07e303520f90cd08f34b00c92f,3d8b3f6779b9b0eae21be12e8917bd6f0bab26e3c7943470e378383d20a1de4f
24,pathobench.ebrains.diagnosis,pathobench.threads2025.ebrains.diagnosis,bacc,CONCHv1.5 Mean Pooling,0.693,"95%_ci=[0.646,0.733]",https://arxiv.org/html/2501.16652v1#S0.T24,a6c7af63c1f527eba692f83b362651e0e1d96d07e303520f90cd08f34b00c92f,3d8b3f6779b9b0eae21be12e8917bd6f0bab26e3c7943470e378383d20a1de4f
24,pathobench.ebrains.diagnosis-group,pathobench.threads2025.ebrains.diagnosis-group,bacc,CONCHv1.5 Mean Pooling,0.870,"95%_ci=[0.836,0.910]",https://arxiv.org/html/2501.16652v1#S0.T24,a6c7af63c1f527eba692f83b362651e0e1d96d07e303520f90cd08f34b00c92f,3d8b3f6779b9b0eae21be12e8917bd6f0bab26e3c7943470e378383d20a1de4f
24,pathobench.ebrains.diagnosis,pathobench.threads2025.ebrains.diagnosis,bacc,PRISM,0.721,"95%_ci=[0.686,0.766]",https://arxiv.org/html/2501.16652v1#S0.T24,a6c7af63c1f527eba692f83b362651e0e1d96d07e303520f90cd08f34b00c92f,3d8b3f6779b9b0eae21be12e8917bd6f0bab26e3c7943470e378383d20a1de4f
24,pathobench.ebrains.diagnosis-group,pathobench.threads2025.ebrains.diagnosis-group,bacc,PRISM,0.871,"95%_ci=[0.823,0.908]",https://arxiv.org/html/2501.16652v1#S0.T24,a6c7af63c1f527eba692f83b362651e0e1d96d07e303520f90cd08f34b00c92f,3d8b3f6779b9b0eae21be12e8917bd6f0bab26e3c7943470e378383d20a1de4f
24,pathobench.ebrains.diagnosis,pathobench.threads2025.ebrains.diagnosis,bacc,GigaPath,0.722,"95%_ci=[0.679,0.757]",https://arxiv.org/html/2501.16652v1#S0.T24,a6c7af63c1f527eba692f83b362651e0e1d96d07e303520f90cd08f34b00c92f,3d8b3f6779b9b0eae21be12e8917bd6f0bab26e3c7943470e378383d20a1de4f
24,pathobench.ebrains.diagnosis-group,pathobench.threads2025.ebrains.diagnosis-group,bacc,GigaPath,0.887,"95%_ci=[0.849,0.928]",https://arxiv.org/html/2501.16652v1#S0.T24,a6c7af63c1f527eba692f83b362651e0e1d96d07e303520f90cd08f34b00c92f,3d8b3f6779b9b0eae21be12e8917bd6f0bab26e3c7943470e378383d20a1de4f
24,pathobench.ebrains.diagnosis,pathobench.threads2025.ebrains.diagnosis,bacc,CHIEF,0.660,"95%_ci=[0.621,0.704]",https://arxiv.org/html/2501.16652v1#S0.T24,a6c7af63c1f527eba692f83b362651e0e1d96d07e303520f90cd08f34b00c92f,3d8b3f6779b9b0eae21be12e8917bd6f0bab26e3c7943470e378383d20a1de4f
24,pathobench.ebrains.diagnosis-group,pathobench.threads2025.ebrains.diagnosis-group,bacc,CHIEF,0.840,"95%_ci=[0.793,0.893]",https://arxiv.org/html/2501.16652v1#S0.T24,a6c7af63c1f527eba692f83b362651e0e1d96d07e303520f90cd08f34b00c92f,3d8b3f6779b9b0eae21be12e8917bd6f0bab26e3c7943470e378383d20a1de4f
24,pathobench.ebrains.diagnosis,pathobench.threads2025.ebrains.diagnosis,bacc,Threads,0.742,"95%_ci=[0.707,0.775]",https://arxiv.org/html/2501.16652v1#S0.T24,a6c7af63c1f527eba692f83b362651e0e1d96d07e303520f90cd08f34b00c92f,3d8b3f6779b9b0eae21be12e8917bd6f0bab26e3c7943470e378383d20a1de4f
24,pathobench.ebrains.diagnosis-group,pathobench.threads2025.ebrains.diagnosis-group,bacc,Threads,0.916,"95%_ci=[0.873,0.951]",https://arxiv.org/html/2501.16652v1#S0.T24,a6c7af63c1f527eba692f83b362651e0e1d96d07e303520f90cd08f34b00c92f,3d8b3f6779b9b0eae21be12e8917bd6f0bab26e3c7943470e378383d20a1de4f
25,pathobench.ovarian.response,pathobench.threads2025.ovarian.response,macro-ovr-auc,Virchow Mean Pooling,0.607,standard_error=0.033,https://arxiv.org/html/2501.16652v1#S0.T25,a6c7af63c1f527eba692f83b362651e0e1d96d07e303520f90cd08f34b00c92f,3d8b3f6779b9b0eae21be12e8917bd6f0bab26e3c7943470e378383d20a1de4f
25,pathobench.ovarian.response,pathobench.threads2025.ovarian.response,macro-ovr-auc,GigaPath Mean Pooling,0.523,standard_error=0.034,https://arxiv.org/html/2501.16652v1#S0.T25,a6c7af63c1f527eba692f83b362651e0e1d96d07e303520f90cd08f34b00c92f,3d8b3f6779b9b0eae21be12e8917bd6f0bab26e3c7943470e378383d20a1de4f
25,pathobench.ovarian.response,pathobench.threads2025.ovarian.response,macro-ovr-auc,Chief Mean Pooling,0.667,standard_error=0.035,https://arxiv.org/html/2501.16652v1#S0.T25,a6c7af63c1f527eba692f83b362651e0e1d96d07e303520f90cd08f34b00c92f,3d8b3f6779b9b0eae21be12e8917bd6f0bab26e3c7943470e378383d20a1de4f
25,pathobench.ovarian.response,pathobench.threads2025.ovarian.response,macro-ovr-auc,CONCHv1.5 Mean Pooling,0.623,standard_error=0.030,https://arxiv.org/html/2501.16652v1#S0.T25,a6c7af63c1f527eba692f83b362651e0e1d96d07e303520f90cd08f34b00c92f,3d8b3f6779b9b0eae21be12e8917bd6f0bab26e3c7943470e378383d20a1de4f
25,pathobench.ovarian.response,pathobench.threads2025.ovarian.response,macro-ovr-auc,PRISM,0.433,standard_error=0.034,https://arxiv.org/html/2501.16652v1#S0.T25,a6c7af63c1f527eba692f83b362651e0e1d96d07e303520f90cd08f34b00c92f,3d8b3f6779b9b0eae21be12e8917bd6f0bab26e3c7943470e378383d20a1de4f
25,pathobench.ovarian.response,pathobench.threads2025.ovarian.response,macro-ovr-auc,GigaPath,0.613,standard_error=0.040,https://arxiv.org/html/2501.16652v1#S0.T25,a6c7af63c1f527eba692f83b362651e0e1d96d07e303520f90cd08f34b00c92f,3d8b3f6779b9b0eae21be12e8917bd6f0bab26e3c7943470e378383d20a1de4f
25,pathobench.ovarian.response,pathobench.threads2025.ovarian.response,macro-ovr-auc,CHIEF,0.620,standard_error=0.041,https://arxiv.org/html/2501.16652v1#S0.T25,a6c7af63c1f527eba692f83b362651e0e1d96d07e303520f90cd08f34b00c92f,3d8b3f6779b9b0eae21be12e8917bd6f0bab26e3c7943470e378383d20a1de4f
25,pathobench.ovarian.response,pathobench.threads2025.ovarian.response,macro-ovr-auc,Threads,0.863,standard_error=0.021,https://arxiv.org/html/2501.16652v1#S0.T25,a6c7af63c1f527eba692f83b362651e0e1d96d07e303520f90cd08f34b00c92f,3d8b3f6779b9b0eae21be12e8917bd6f0bab26e3c7943470e378383d20a1de4f
26,pathobench.nadt.response,pathobench.threads2025.nadt.response,macro-ovr-auc,Virchow Mean Pooling,0.612,standard_error=0.027,https://arxiv.org/html/2501.16652v1#S0.T26,a6c7af63c1f527eba692f83b362651e0e1d96d07e303520f90cd08f34b00c92f,3d8b3f6779b9b0eae21be12e8917bd6f0bab26e3c7943470e378383d20a1de4f
26,pathobench.nadt.response,pathobench.threads2025.nadt.response,macro-ovr-auc,GigaPath Mean Pooling,0.585,standard_error=0.028,https://arxiv.org/html/2501.16652v1#S0.T26,a6c7af63c1f527eba692f83b362651e0e1d96d07e303520f90cd08f34b00c92f,3d8b3f6779b9b0eae21be12e8917bd6f0bab26e3c7943470e378383d20a1de4f
26,pathobench.nadt.response,pathobench.threads2025.nadt.response,macro-ovr-auc,Chief Mean Pooling,0.643,standard_error=0.024,https://arxiv.org/html/2501.16652v1#S0.T26,a6c7af63c1f527eba692f83b362651e0e1d96d07e303520f90cd08f34b00c92f,3d8b3f6779b9b0eae21be12e8917bd6f0bab26e3c7943470e378383d20a1de4f
26,pathobench.nadt.response,pathobench.threads2025.nadt.response,macro-ovr-auc,CONCHv1.5 Mean Pooling,0.620,standard_error=0.025,https://arxiv.org/html/2501.16652v1#S0.T26,a6c7af63c1f527eba692f83b362651e0e1d96d07e303520f90cd08f34b00c92f,3d8b3f6779b9b0eae21be12e8917bd6f0bab26e3c7943470e378383d20a1de4f
26,pathobench.nadt.response,pathobench.threads2025.nadt.response,macro-ovr-auc,PRISM,0.723,standard_error=0.022,https://arxiv.org/html/2501.16652v1#S0.T26,a6c7af63c1f527eba692f83b362651e0e1d96d07e303520f90cd08f34b00c92f,3d8b3f6779b9b0eae21be12e8917bd6f0bab26e3c7943470e378383d20a1de4f
26,pathobench.nadt.response,pathobench.threads2025.nadt.response,macro-ovr-auc,GigaPath,0.552,standard_error=0.024,https://arxiv.org/html/2501.16652v1#S0.T26,a6c7af63c1f527eba692f83b362651e0e1d96d07e303520f90cd08f34b00c92f,3d8b3f6779b9b0eae21be12e8917bd6f0bab26e3c7943470e378383d20a1de4f
26,pathobench.nadt.response,pathobench.threads2025.nadt.response,macro-ovr-auc,CHIEF,0.685,standard_error=0.033,https://arxiv.org/html/2501.16652v1#S0.T26,a6c7af63c1f527eba692f83b362651e0e1d96d07e303520f90cd08f34b00c92f,3d8b3f6779b9b0eae21be12e8917bd6f0bab26e3c7943470e378383d20a1de4f
26,pathobench.nadt.response,pathobench.threads2025.nadt.response,macro-ovr-auc,Threads,0.730,standard_error=0.022,https://arxiv.org/html/2501.16652v1#S0.T26,a6c7af63c1f527eba692f83b362651e0e1d96d07e303520f90cd08f34b00c92f,3d8b3f6779b9b0eae21be12e8917bd6f0bab26e3c7943470e378383d20a1de4f
28,pathobench.natbrca.lymphovascular-invasion,pathobench.threads2025.natbrca.lymphovascular-invasion,macro-ovr-auc,Virchow Mean Pooling,0.612,standard_error=0.028,https://arxiv.org/html/2501.16652v1#S0.T28,a6c7af63c1f527eba692f83b362651e0e1d96d07e303520f90cd08f34b00c92f,3d8b3f6779b9b0eae21be12e8917bd6f0bab26e3c7943470e378383d20a1de4f
28,pathobench.natbrca.lymphovascular-invasion,pathobench.threads2025.natbrca.lymphovascular-invasion,macro-ovr-auc,GigaPath Mean Pooling,0.603,standard_error=0.025,https://arxiv.org/html/2501.16652v1#S0.T28,a6c7af63c1f527eba692f83b362651e0e1d96d07e303520f90cd08f34b00c92f,3d8b3f6779b9b0eae21be12e8917bd6f0bab26e3c7943470e378383d20a1de4f
28,pathobench.natbrca.lymphovascular-invasion,pathobench.threads2025.natbrca.lymphovascular-invasion,macro-ovr-auc,Chief Mean Pooling,0.497,standard_error=0.023,https://arxiv.org/html/2501.16652v1#S0.T28,a6c7af63c1f527eba692f83b362651e0e1d96d07e303520f90cd08f34b00c92f,3d8b3f6779b9b0eae21be12e8917bd6f0bab26e3c7943470e378383d20a1de4f
28,pathobench.natbrca.lymphovascular-invasion,pathobench.threads2025.natbrca.lymphovascular-invasion,macro-ovr-auc,CONCHv1.5 Mean Pooling,0.654,standard_error=0.022,https://arxiv.org/html/2501.16652v1#S0.T28,a6c7af63c1f527eba692f83b362651e0e1d96d07e303520f90cd08f34b00c92f,3d8b3f6779b9b0eae21be12e8917bd6f0bab26e3c7943470e378383d20a1de4f
28,pathobench.natbrca.lymphovascular-invasion,pathobench.threads2025.natbrca.lymphovascular-invasion,macro-ovr-auc,PRISM,0.540,standard_error=0.029,https://arxiv.org/html/2501.16652v1#S0.T28,a6c7af63c1f527eba692f83b362651e0e1d96d07e303520f90cd08f34b00c92f,3d8b3f6779b9b0eae21be12e8917bd6f0bab26e3c7943470e378383d20a1de4f
28,pathobench.natbrca.lymphovascular-invasion,pathobench.threads2025.natbrca.lymphovascular-invasion,macro-ovr-auc,GigaPath,0.582,standard_error=0.024,https://arxiv.org/html/2501.16652v1#S0.T28,a6c7af63c1f527eba692f83b362651e0e1d96d07e303520f90cd08f34b00c92f,3d8b3f6779b9b0eae21be12e8917bd6f0bab26e3c7943470e378383d20a1de4f
28,pathobench.natbrca.lymphovascular-invasion,pathobench.threads2025.natbrca.lymphovascular-invasion,macro-ovr-auc,CHIEF,0.542,standard_error=0.030,https://arxiv.org/html/2501.16652v1#S0.T28,a6c7af63c1f527eba692f83b362651e0e1d96d07e303520f90cd08f34b00c92f,3d8b3f6779b9b0eae21be12e8917bd6f0bab26e3c7943470e378383d20a1de4f
28,pathobench.natbrca.lymphovascular-invasion,pathobench.threads2025.natbrca.lymphovascular-invasion,macro-ovr-auc,Threads,0.701,standard_error=0.027,https://arxiv.org/html/2501.16652v1#S0.T28,a6c7af63c1f527eba692f83b362651e0e1d96d07e303520f90cd08f34b00c92f,3d8b3f6779b9b0eae21be12e8917bd6f0bab26e3c7943470e378383d20a1de4f
29,pathobench.sr386_.braf-mutant-binary,pathobench.threads2025.sr386_.braf-mutant-binary,macro-ovr-auc,Virchow Mean Pooling,0.693,standard_error=0.037,https://arxiv.org/html/2501.16652v1#S0.T29,a6c7af63c1f527eba692f83b362651e0e1d96d07e303520f90cd08f34b00c92f,3d8b3f6779b9b0eae21be12e8917bd6f0bab26e3c7943470e378383d20a1de4f
29,pathobench.sr386_.ras-mutant-binary,pathobench.threads2025.sr386_.ras-mutant-binary,macro-ovr-auc,Virchow Mean Pooling,0.586,standard_error=0.030,https://arxiv.org/html/2501.16652v1#S0.T29,a6c7af63c1f527eba692f83b362651e0e1d96d07e303520f90cd08f34b00c92f,3d8b3f6779b9b0eae21be12e8917bd6f0bab26e3c7943470e378383d20a1de4f
29,pathobench.sr386_.mmr-loss-binary,pathobench.threads2025.sr386_.mmr-loss-binary,macro-ovr-auc,Virchow Mean Pooling,0.880,standard_error=0.017,https://arxiv.org/html/2501.16652v1#S0.T29,a6c7af63c1f527eba692f83b362651e0e1d96d07e303520f90cd08f34b00c92f,3d8b3f6779b9b0eae21be12e8917bd6f0bab26e3c7943470e378383d20a1de4f
29,pathobench.sr386_.died-within-5-years,pathobench.threads2025.sr386_.died-within-5-years,macro-ovr-auc,Virchow Mean Pooling,0.642,standard_error=0.021,https://arxiv.org/html/2501.16652v1#S0.T29,a6c7af63c1f527eba692f83b362651e0e1d96d07e303520f90cd08f34b00c92f,3d8b3f6779b9b0eae21be12e8917bd6f0bab26e3c7943470e378383d20a1de4f
29,pathobench.sr386_.braf-mutant-binary,pathobench.threads2025.sr386_.braf-mutant-binary,macro-ovr-auc,GigaPath Mean Pooling,0.694,standard_error=0.033,https://arxiv.org/html/2501.16652v1#S0.T29,a6c7af63c1f527eba692f83b362651e0e1d96d07e303520f90cd08f34b00c92f,3d8b3f6779b9b0eae21be12e8917bd6f0bab26e3c7943470e378383d20a1de4f
29,pathobench.sr386_.ras-mutant-binary,pathobench.threads2025.sr386_.ras-mutant-binary,macro-ovr-auc,GigaPath Mean Pooling,0.605,standard_error=0.015,https://arxiv.org/html/2501.16652v1#S0.T29,a6c7af63c1f527eba692f83b362651e0e1d96d07e303520f90cd08f34b00c92f,3d8b3f6779b9b0eae21be12e8917bd6f0bab26e3c7943470e378383d20a1de4f
29,pathobench.sr386_.mmr-loss-binary,pathobench.threads2025.sr386_.mmr-loss-binary,macro-ovr-auc,GigaPath Mean Pooling,0.877,standard_error=0.017,https://arxiv.org/html/2501.16652v1#S0.T29,a6c7af63c1f527eba692f83b362651e0e1d96d07e303520f90cd08f34b00c92f,3d8b3f6779b9b0eae21be12e8917bd6f0bab26e3c7943470e378383d20a1de4f
29,pathobench.sr386_.died-within-5-years,pathobench.threads2025.sr386_.died-within-5-years,macro-ovr-auc,GigaPath Mean Pooling,0.663,standard_error=0.016,https://arxiv.org/html/2501.16652v1#S0.T29,a6c7af63c1f527eba692f83b362651e0e1d96d07e303520f90cd08f34b00c92f,3d8b3f6779b9b0eae21be12e8917bd6f0bab26e3c7943470e378383d20a1de4f
29,pathobench.sr386_.braf-mutant-binary,pathobench.threads2025.sr386_.braf-mutant-binary,macro-ovr-auc,Chief Mean Pooling,0.670,standard_error=0.033,https://arxiv.org/html/2501.16652v1#S0.T29,a6c7af63c1f527eba692f83b362651e0e1d96d07e303520f90cd08f34b00c92f,3d8b3f6779b9b0eae21be12e8917bd6f0bab26e3c7943470e378383d20a1de4f
29,pathobench.sr386_.ras-mutant-binary,pathobench.threads2025.sr386_.ras-mutant-binary,macro-ovr-auc,Chief Mean Pooling,0.627,standard_error=0.036,https://arxiv.org/html/2501.16652v1#S0.T29,a6c7af63c1f527eba692f83b362651e0e1d96d07e303520f90cd08f34b00c92f,3d8b3f6779b9b0eae21be12e8917bd6f0bab26e3c7943470e378383d20a1de4f
29,pathobench.sr386_.mmr-loss-binary,pathobench.threads2025.sr386_.mmr-loss-binary,macro-ovr-auc,Chief Mean Pooling,0.840,standard_error=0.020,https://arxiv.org/html/2501.16652v1#S0.T29,a6c7af63c1f527eba692f83b362651e0e1d96d07e303520f90cd08f34b00c92f,3d8b3f6779b9b0eae21be12e8917bd6f0bab26e3c7943470e378383d20a1de4f
29,pathobench.sr386_.died-within-5-years,pathobench.threads2025.sr386_.died-within-5-years,macro-ovr-auc,Chief Mean Pooling,0.671,standard_error=0.012,https://arxiv.org/html/2501.16652v1#S0.T29,a6c7af63c1f527eba692f83b362651e0e1d96d07e303520f90cd08f34b00c92f,3d8b3f6779b9b0eae21be12e8917bd6f0bab26e3c7943470e378383d20a1de4f
29,pathobench.sr386_.braf-mutant-binary,pathobench.threads2025.sr386_.braf-mutant-binary,macro-ovr-auc,CONCHv1.5 Mean Pooling,0.650,standard_error=0.025,https://arxiv.org/html/2501.16652v1#S0.T29,a6c7af63c1f527eba692f83b362651e0e1d96d07e303520f90cd08f34b00c92f,3d8b3f6779b9b0eae21be12e8917bd6f0bab26e3c7943470e378383d20a1de4f
29,pathobench.sr386_.ras-mutant-binary,pathobench.threads2025.sr386_.ras-mutant-binary,macro-ovr-auc,CONCHv1.5 Mean Pooling,0.629,standard_error=0.028,https://arxiv.org/html/2501.16652v1#S0.T29,a6c7af63c1f527eba692f83b362651e0e1d96d07e303520f90cd08f34b00c92f,3d8b3f6779b9b0eae21be12e8917bd6f0bab26e3c7943470e378383d20a1de4f
29,pathobench.sr386_.mmr-loss-binary,pathobench.threads2025.sr386_.mmr-loss-binary,macro-ovr-auc,CONCHv1.5 Mean Pooling,0.796,standard_error=0.037,https://arxiv.org/html/2501.16652v1#S0.T29,a6c7af63c1f527eba692f83b362651e0e1d96d07e303520f90cd08f34b00c92f,3d8b3f6779b9b0eae21be12e8917bd6f0bab26e3c7943470e378383d20a1de4f
29,pathobench.sr386_.died-within-5-years,pathobench.threads2025.sr386_.died-within-5-years,macro-ovr-auc,CONCHv1.5 Mean Pooling,0.662,standard_error=0.023,https://arxiv.org/html/2501.16652v1#S0.T29,a6c7af63c1f527eba692f83b362651e0e1d96d07e303520f90cd08f34b00c92f,3d8b3f6779b9b0eae21be12e8917bd6f0bab26e3c7943470e378383d20a1de4f
29,pathobench.sr386_.braf-mutant-binary,pathobench.threads2025.sr386_.braf-mutant-binary,macro-ovr-auc,PRISM,0.740,standard_error=0.034,https://arxiv.org/html/2501.16652v1#S0.T29,a6c7af63c1f527eba692f83b362651e0e1d96d07e303520f90cd08f34b00c92f,3d8b3f6779b9b0eae21be12e8917bd6f0bab26e3c7943470e378383d20a1de4f
29,pathobench.sr386_.ras-mutant-binary,pathobench.threads2025.sr386_.ras-mutant-binary,macro-ovr-auc,PRISM,0.632,standard_error=0.014,https://arxiv.org/html/2501.16652v1#S0.T29,a6c7af63c1f527eba692f83b362651e0e1d96d07e303520f90cd08f34b00c92f,3d8b3f6779b9b0eae21be12e8917bd6f0bab26e3c7943470e378383d20a1de4f
29,pathobench.sr386_.mmr-loss-binary,pathobench.threads2025.sr386_.mmr-loss-binary,macro-ovr-auc,PRISM,0.883,standard_error=0.010,https://arxiv.org/html/2501.16652v1#S0.T29,a6c7af63c1f527eba692f83b362651e0e1d96d07e303520f90cd08f34b00c92f,3d8b3f6779b9b0eae21be12e8917bd6f0bab26e3c7943470e378383d20a1de4f
29,pathobench.sr386_.died-within-5-years,pathobench.threads2025.sr386_.died-within-5-years,macro-ovr-auc,PRISM,0.635,standard_error=0.023,https://arxiv.org/html/2501.16652v1#S0.T29,a6c7af63c1f527eba692f83b362651e0e1d96d07e303520f90cd08f34b00c92f,3d8b3f6779b9b0eae21be12e8917bd6f0bab26e3c7943470e378383d20a1de4f
29,pathobench.sr386_.braf-mutant-binary,pathobench.threads2025.sr386_.braf-mutant-binary,macro-ovr-auc,GigaPath,0.680,standard_error=0.026,https://arxiv.org/html/2501.16652v1#S0.T29,a6c7af63c1f527eba692f83b362651e0e1d96d07e303520f90cd08f34b00c92f,3d8b3f6779b9b0eae21be12e8917bd6f0bab26e3c7943470e378383d20a1de4f
29,pathobench.sr386_.ras-mutant-binary,pathobench.threads2025.sr386_.ras-mutant-binary,macro-ovr-auc,GigaPath,0.622,standard_error=0.022,https://arxiv.org/html/2501.16652v1#S0.T29,a6c7af63c1f527eba692f83b362651e0e1d96d07e303520f90cd08f34b00c92f,3d8b3f6779b9b0eae21be12e8917bd6f0bab26e3c7943470e378383d20a1de4f
29,pathobench.sr386_.mmr-loss-binary,pathobench.threads2025.sr386_.mmr-loss-binary,macro-ovr-auc,GigaPath,0.860,standard_error=0.015,https://arxiv.org/html/2501.16652v1#S0.T29,a6c7af63c1f527eba692f83b362651e0e1d96d07e303520f90cd08f34b00c92f,3d8b3f6779b9b0eae21be12e8917bd6f0bab26e3c7943470e378383d20a1de4f
29,pathobench.sr386_.died-within-5-years,pathobench.threads2025.sr386_.died-within-5-years,macro-ovr-auc,GigaPath,0.632,standard_error=0.013,https://arxiv.org/html/2501.16652v1#S0.T29,a6c7af63c1f527eba692f83b362651e0e1d96d07e303520f90cd08f34b00c92f,3d8b3f6779b9b0eae21be12e8917bd6f0bab26e3c7943470e378383d20a1de4f
29,pathobench.sr386_.braf-mutant-binary,pathobench.threads2025.sr386_.braf-mutant-binary,macro-ovr-auc,CHIEF,0.736,standard_error=0.043,https://arxiv.org/html/2501.16652v1#S0.T29,a6c7af63c1f527eba692f83b362651e0e1d96d07e303520f90cd08f34b00c92f,3d8b3f6779b9b0eae21be12e8917bd6f0bab26e3c7943470e378383d20a1de4f
29,pathobench.sr386_.ras-mutant-binary,pathobench.threads2025.sr386_.ras-mutant-binary,macro-ovr-auc,CHIEF,0.652,standard_error=0.018,https://arxiv.org/html/2501.16652v1#S0.T29,a6c7af63c1f527eba692f83b362651e0e1d96d07e303520f90cd08f34b00c92f,3d8b3f6779b9b0eae21be12e8917bd6f0bab26e3c7943470e378383d20a1de4f
29,pathobench.sr386_.mmr-loss-binary,pathobench.threads2025.sr386_.mmr-loss-binary,macro-ovr-auc,CHIEF,0.830,standard_error=0.031,https://arxiv.org/html/2501.16652v1#S0.T29,a6c7af63c1f527eba692f83b362651e0e1d96d07e303520f90cd08f34b00c92f,3d8b3f6779b9b0eae21be12e8917bd6f0bab26e3c7943470e378383d20a1de4f
29,pathobench.sr386_.died-within-5-years,pathobench.threads2025.sr386_.died-within-5-years,macro-ovr-auc,CHIEF,0.683,standard_error=0.020,https://arxiv.org/html/2501.16652v1#S0.T29,a6c7af63c1f527eba692f83b362651e0e1d96d07e303520f90cd08f34b00c92f,3d8b3f6779b9b0eae21be12e8917bd6f0bab26e3c7943470e378383d20a1de4f
29,pathobench.sr386_.braf-mutant-binary,pathobench.threads2025.sr386_.braf-mutant-binary,macro-ovr-auc,Threads,0.727,standard_error=0.042,https://arxiv.org/html/2501.16652v1#S0.T29,a6c7af63c1f527eba692f83b362651e0e1d96d07e303520f90cd08f34b00c92f,3d8b3f6779b9b0eae21be12e8917bd6f0bab26e3c7943470e378383d20a1de4f
29,pathobench.sr386_.ras-mutant-binary,pathobench.threads2025.sr386_.ras-mutant-binary,macro-ovr-auc,Threads,0.633,standard_error=0.027,https://arxiv.org/html/2501.16652v1#S0.T29,a6c7af63c1f527eba692f83b362651e0e1d96d07e303520f90cd08f34b00c92f,3d8b3f6779b9b0eae21be12e8917bd6f0bab26e3c7943470e378383d20a1de4f
29,pathobench.sr386_.mmr-loss-binary,pathobench.threads2025.sr386_.mmr-loss-binary,macro-ovr-auc,Threads,0.910,standard_error=0.023,https://arxiv.org/html/2501.16652v1#S0.T29,a6c7af63c1f527eba692f83b362651e0e1d96d07e303520f90cd08f34b00c92f,3d8b3f6779b9b0eae21be12e8917bd6f0bab26e3c7943470e378383d20a1de4f
29,pathobench.sr386_.died-within-5-years,pathobench.threads2025.sr386_.died-within-5-years,macro-ovr-auc,Threads,0.685,standard_error=0.017,https://arxiv.org/html/2501.16652v1#S0.T29,a6c7af63c1f527eba692f83b362651e0e1d96d07e303520f90cd08f34b00c92f,3d8b3f6779b9b0eae21be12e8917bd6f0bab26e3c7943470e378383d20a1de4f
30,pathobench.mbc_.recist,pathobench.threads2025.mbc_.recist,weighted_kappa,Virchow Mean Pooling,0.051,standard_error=0.028,https://arxiv.org/html/2501.16652v1#S0.T30,a6c7af63c1f527eba692f83b362651e0e1d96d07e303520f90cd08f34b00c92f,3d8b3f6779b9b0eae21be12e8917bd6f0bab26e3c7943470e378383d20a1de4f
30,pathobench.mbc_.recist,pathobench.threads2025.mbc_.recist,weighted_kappa,GigaPath Mean Pooling,0.131,standard_error=0.034,https://arxiv.org/html/2501.16652v1#S0.T30,a6c7af63c1f527eba692f83b362651e0e1d96d07e303520f90cd08f34b00c92f,3d8b3f6779b9b0eae21be12e8917bd6f0bab26e3c7943470e378383d20a1de4f
30,pathobench.mbc_.recist,pathobench.threads2025.mbc_.recist,weighted_kappa,Chief Mean Pooling,0.204,standard_error=0.038,https://arxiv.org/html/2501.16652v1#S0.T30,a6c7af63c1f527eba692f83b362651e0e1d96d07e303520f90cd08f34b00c92f,3d8b3f6779b9b0eae21be12e8917bd6f0bab26e3c7943470e378383d20a1de4f
30,pathobench.mbc_.recist,pathobench.threads2025.mbc_.recist,weighted_kappa,CONCHv1.5 Mean Pooling,0.253,standard_error=0.038,https://arxiv.org/html/2501.16652v1#S0.T30,a6c7af63c1f527eba692f83b362651e0e1d96d07e303520f90cd08f34b00c92f,3d8b3f6779b9b0eae21be12e8917bd6f0bab26e3c7943470e378383d20a1de4f
30,pathobench.mbc_.recist,pathobench.threads2025.mbc_.recist,weighted_kappa,PRISM,0.206,standard_error=0.034,https://arxiv.org/html/2501.16652v1#S0.T30,a6c7af63c1f527eba692f83b362651e0e1d96d07e303520f90cd08f34b00c92f,3d8b3f6779b9b0eae21be12e8917bd6f0bab26e3c7943470e378383d20a1de4f
30,pathobench.mbc_.recist,pathobench.threads2025.mbc_.recist,weighted_kappa,GigaPath,0.016,standard_error=0.032,https://arxiv.org/html/2501.16652v1#S0.T30,a6c7af63c1f527eba692f83b362651e0e1d96d07e303520f90cd08f34b00c92f,3d8b3f6779b9b0eae21be12e8917bd6f0bab26e3c7943470e378383d20a1de4f
30,pathobench.mbc_.recist,pathobench.threads2025.mbc_.recist,weighted_kappa,CHIEF,0.230,standard_error=0.033,https://arxiv.org/html/2501.16652v1#S0.T30,a6c7af63c1f527eba692f83b362651e0e1d96d07e303520f90cd08f34b00c92f,3d8b3f6779b9b0eae21be12e8917bd6f0bab26e3c7943470e378383d20a1de4f
30,pathobench.mbc_.recist,pathobench.threads2025.mbc_.recist,weighted_kappa,Threads,0.258,standard_error=0.037,https://arxiv.org/html/2501.16652v1#S0.T30,a6c7af63c1f527eba692f83b362651e0e1d96d07e303520f90cd08f34b00c92f,3d8b3f6779b9b0eae21be12e8917bd6f0bab26e3c7943470e378383d20a1de4f
31,pathobench.cptac_pda.os,pathobench.threads2025.cptac_pda.os,cindex,Virchow Mean Pooling,0.502,standard_error=0.051,https://arxiv.org/html/2501.16652v1#S0.T31,a6c7af63c1f527eba692f83b362651e0e1d96d07e303520f90cd08f34b00c92f,3d8b3f6779b9b0eae21be12e8917bd6f0bab26e3c7943470e378383d20a1de4f
31,pathobench.cptac_pda.os,pathobench.threads2025.cptac_pda.os,cindex,GigaPath Mean Pooling,0.510,standard_error=0.043,https://arxiv.org/html/2501.16652v1#S0.T31,a6c7af63c1f527eba692f83b362651e0e1d96d07e303520f90cd08f34b00c92f,3d8b3f6779b9b0eae21be12e8917bd6f0bab26e3c7943470e378383d20a1de4f
31,pathobench.cptac_pda.os,pathobench.threads2025.cptac_pda.os,cindex,Chief Mean Pooling,0.508,standard_error=0.042,https://arxiv.org/html/2501.16652v1#S0.T31,a6c7af63c1f527eba692f83b362651e0e1d96d07e303520f90cd08f34b00c92f,3d8b3f6779b9b0eae21be12e8917bd6f0bab26e3c7943470e378383d20a1de4f
31,pathobench.cptac_pda.os,pathobench.threads2025.cptac_pda.os,cindex,CONCHv1.5 Mean Pooling,0.569,standard_error=0.018,https://arxiv.org/html/2501.16652v1#S0.T31,a6c7af63c1f527eba692f83b362651e0e1d96d07e303520f90cd08f34b00c92f,3d8b3f6779b9b0eae21be12e8917bd6f0bab26e3c7943470e378383d20a1de4f
31,pathobench.cptac_pda.os,pathobench.threads2025.cptac_pda.os,cindex,PRISM,0.554,standard_error=0.027,https://arxiv.org/html/2501.16652v1#S0.T31,a6c7af63c1f527eba692f83b362651e0e1d96d07e303520f90cd08f34b00c92f,3d8b3f6779b9b0eae21be12e8917bd6f0bab26e3c7943470e378383d20a1de4f
31,pathobench.cptac_pda.os,pathobench.threads2025.cptac_pda.os,cindex,GigaPath,0.426,standard_error=0.032,https://arxiv.org/html/2501.16652v1#S0.T31,a6c7af63c1f527eba692f83b362651e0e1d96d07e303520f90cd08f34b00c92f,3d8b3f6779b9b0eae21be12e8917bd6f0bab26e3c7943470e378383d20a1de4f
31,pathobench.cptac_pda.os,pathobench.threads2025.cptac_pda.os,cindex,CHIEF,0.517,standard_error=0.032,https://arxiv.org/html/2501.16652v1#S0.T31,a6c7af63c1f527eba692f83b362651e0e1d96d07e303520f90cd08f34b00c92f,3d8b3f6779b9b0eae21be12e8917bd6f0bab26e3c7943470e378383d20a1de4f
31,pathobench.cptac_pda.os,pathobench.threads2025.cptac_pda.os,cindex,Threads,0.616,standard_error=0.031,https://arxiv.org/html/2501.16652v1#S0.T31,a6c7af63c1f527eba692f83b362651e0e1d96d07e303520f90cd08f34b00c92f,3d8b3f6779b9b0eae21be12e8917bd6f0bab26e3c7943470e378383d20a1de4f
32,pathobench.cptac_luad.os,pathobench.threads2025.cptac_luad.os,cindex,Virchow Mean Pooling,0.443,standard_error=0.072,https://arxiv.org/html/2501.16652v1#S0.T32,a6c7af63c1f527eba692f83b362651e0e1d96d07e303520f90cd08f34b00c92f,3d8b3f6779b9b0eae21be12e8917bd6f0bab26e3c7943470e378383d20a1de4f
32,pathobench.cptac_luad.os,pathobench.threads2025.cptac_luad.os,cindex,GigaPath Mean Pooling,0.363,standard_error=0.041,https://arxiv.org/html/2501.16652v1#S0.T32,a6c7af63c1f527eba692f83b362651e0e1d96d07e303520f90cd08f34b00c92f,3d8b3f6779b9b0eae21be12e8917bd6f0bab26e3c7943470e378383d20a1de4f
32,pathobench.cptac_luad.os,pathobench.threads2025.cptac_luad.os,cindex,Chief Mean Pooling,0.483,standard_error=0.009,https://arxiv.org/html/2501.16652v1#S0.T32,a6c7af63c1f527eba692f83b362651e0e1d96d07e303520f90cd08f34b00c92f,3d8b3f6779b9b0eae21be12e8917bd6f0bab26e3c7943470e378383d20a1de4f
32,pathobench.cptac_luad.os,pathobench.threads2025.cptac_luad.os,cindex,CONCHv1.5 Mean Pooling,0.579,standard_error=0.060,https://arxiv.org/html/2501.16652v1#S0.T32,a6c7af63c1f527eba692f83b362651e0e1d96d07e303520f90cd08f34b00c92f,3d8b3f6779b9b0eae21be12e8917bd6f0bab26e3c7943470e378383d20a1de4f
32,pathobench.cptac_luad.os,pathobench.threads2025.cptac_luad.os,cindex,PRISM,0.614,standard_error=0.032,https://arxiv.org/html/2501.16652v1#S0.T32,a6c7af63c1f527eba692f83b362651e0e1d96d07e303520f90cd08f34b00c92f,3d8b3f6779b9b0eae21be12e8917bd6f0bab26e3c7943470e378383d20a1de4f
32,pathobench.cptac_luad.os,pathobench.threads2025.cptac_luad.os,cindex,GigaPath,0.469,standard_error=0.010,https://arxiv.org/html/2501.16652v1#S0.T32,a6c7af63c1f527eba692f83b362651e0e1d96d07e303520f90cd08f34b00c92f,3d8b3f6779b9b0eae21be12e8917bd6f0bab26e3c7943470e378383d20a1de4f
32,pathobench.cptac_luad.os,pathobench.threads2025.cptac_luad.os,cindex,CHIEF,0.462,standard_error=0.030,https://arxiv.org/html/2501.16652v1#S0.T32,a6c7af63c1f527eba692f83b362651e0e1d96d07e303520f90cd08f34b00c92f,3d8b3f6779b9b0eae21be12e8917bd6f0bab26e3c7943470e378383d20a1de4f
32,pathobench.cptac_luad.os,pathobench.threads2025.cptac_luad.os,cindex,Threads,0.613,standard_error=0.054,https://arxiv.org/html/2501.16652v1#S0.T32,a6c7af63c1f527eba692f83b362651e0e1d96d07e303520f90cd08f34b00c92f,3d8b3f6779b9b0eae21be12e8917bd6f0bab26e3c7943470e378383d20a1de4f
33,pathobench.cptac_ccrcc.os,pathobench.threads2025.cptac_ccrcc.os,cindex,Virchow Mean Pooling,0.554,standard_error=0.093,https://arxiv.org/html/2501.16652v1#S0.T33,a6c7af63c1f527eba692f83b362651e0e1d96d07e303520f90cd08f34b00c92f,3d8b3f6779b9b0eae21be12e8917bd6f0bab26e3c7943470e378383d20a1de4f
33,pathobench.cptac_ccrcc.os,pathobench.threads2025.cptac_ccrcc.os,cindex,GigaPath Mean Pooling,0.675,standard_error=0.063,https://arxiv.org/html/2501.16652v1#S0.T33,a6c7af63c1f527eba692f83b362651e0e1d96d07e303520f90cd08f34b00c92f,3d8b3f6779b9b0eae21be12e8917bd6f0bab26e3c7943470e378383d20a1de4f
33,pathobench.cptac_ccrcc.os,pathobench.threads2025.cptac_ccrcc.os,cindex,Chief Mean Pooling,0.463,standard_error=0.034,https://arxiv.org/html/2501.16652v1#S0.T33,a6c7af63c1f527eba692f83b362651e0e1d96d07e303520f90cd08f34b00c92f,3d8b3f6779b9b0eae21be12e8917bd6f0bab26e3c7943470e378383d20a1de4f
33,pathobench.cptac_ccrcc.os,pathobench.threads2025.cptac_ccrcc.os,cindex,CONCHv1.5 Mean Pooling,0.555,standard_error=0.091,https://arxiv.org/html/2501.16652v1#S0.T33,a6c7af63c1f527eba692f83b362651e0e1d96d07e303520f90cd08f34b00c92f,3d8b3f6779b9b0eae21be12e8917bd6f0bab26e3c7943470e378383d20a1de4f
33,pathobench.cptac_ccrcc.os,pathobench.threads2025.cptac_ccrcc.os,cindex,PRISM,0.567,standard_error=0.048,https://arxiv.org/html/2501.16652v1#S0.T33,a6c7af63c1f527eba692f83b362651e0e1d96d07e303520f90cd08f34b00c92f,3d8b3f6779b9b0eae21be12e8917bd6f0bab26e3c7943470e378383d20a1de4f
33,pathobench.cptac_ccrcc.os,pathobench.threads2025.cptac_ccrcc.os,cindex,GigaPath,0.550,standard_error=0.048,https://arxiv.org/html/2501.16652v1#S0.T33,a6c7af63c1f527eba692f83b362651e0e1d96d07e303520f90cd08f34b00c92f,3d8b3f6779b9b0eae21be12e8917bd6f0bab26e3c7943470e378383d20a1de4f
33,pathobench.cptac_ccrcc.os,pathobench.threads2025.cptac_ccrcc.os,cindex,CHIEF,0.626,standard_error=0.076,https://arxiv.org/html/2501.16652v1#S0.T33,a6c7af63c1f527eba692f83b362651e0e1d96d07e303520f90cd08f34b00c92f,3d8b3f6779b9b0eae21be12e8917bd6f0bab26e3c7943470e378383d20a1de4f
33,pathobench.cptac_ccrcc.os,pathobench.threads2025.cptac_ccrcc.os,cindex,Threads,0.673,standard_error=0.075,https://arxiv.org/html/2501.16652v1#S0.T33,a6c7af63c1f527eba692f83b362651e0e1d96d07e303520f90cd08f34b00c92f,3d8b3f6779b9b0eae21be12e8917bd6f0bab26e3c7943470e378383d20a1de4f
34,pathobench.cptac_hnsc.os,pathobench.threads2025.cptac_hnsc.os,cindex,Virchow Mean Pooling,0.569,standard_error=0.049,https://arxiv.org/html/2501.16652v1#S0.T34,a6c7af63c1f527eba692f83b362651e0e1d96d07e303520f90cd08f34b00c92f,3d8b3f6779b9b0eae21be12e8917bd6f0bab26e3c7943470e378383d20a1de4f
34,pathobench.cptac_hnsc.os,pathobench.threads2025.cptac_hnsc.os,cindex,GigaPath Mean Pooling,0.590,standard_error=0.056,https://arxiv.org/html/2501.16652v1#S0.T34,a6c7af63c1f527eba692f83b362651e0e1d96d07e303520f90cd08f34b00c92f,3d8b3f6779b9b0eae21be12e8917bd6f0bab26e3c7943470e378383d20a1de4f
34,pathobench.cptac_hnsc.os,pathobench.threads2025.cptac_hnsc.os,cindex,Chief Mean Pooling,0.480,standard_error=0.021,https://arxiv.org/html/2501.16652v1#S0.T34,a6c7af63c1f527eba692f83b362651e0e1d96d07e303520f90cd08f34b00c92f,3d8b3f6779b9b0eae21be12e8917bd6f0bab26e3c7943470e378383d20a1de4f
34,pathobench.cptac_hnsc.os,pathobench.threads2025.cptac_hnsc.os,cindex,CONCHv1.5 Mean Pooling,0.568,standard_error=0.053,https://arxiv.org/html/2501.16652v1#S0.T34,a6c7af63c1f527eba692f83b362651e0e1d96d07e303520f90cd08f34b00c92f,3d8b3f6779b9b0eae21be12e8917bd6f0bab26e3c7943470e378383d20a1de4f
34,pathobench.cptac_hnsc.os,pathobench.threads2025.cptac_hnsc.os,cindex,PRISM,0.587,standard_error=0.066,https://arxiv.org/html/2501.16652v1#S0.T34,a6c7af63c1f527eba692f83b362651e0e1d96d07e303520f90cd08f34b00c92f,3d8b3f6779b9b0eae21be12e8917bd6f0bab26e3c7943470e378383d20a1de4f
34,pathobench.cptac_hnsc.os,pathobench.threads2025.cptac_hnsc.os,cindex,GigaPath,0.562,standard_error=0.063,https://arxiv.org/html/2501.16652v1#S0.T34,a6c7af63c1f527eba692f83b362651e0e1d96d07e303520f90cd08f34b00c92f,3d8b3f6779b9b0eae21be12e8917bd6f0bab26e3c7943470e378383d20a1de4f
34,pathobench.cptac_hnsc.os,pathobench.threads2025.cptac_hnsc.os,cindex,CHIEF,0.474,standard_error=0.011,https://arxiv.org/html/2501.16652v1#S0.T34,a6c7af63c1f527eba692f83b362651e0e1d96d07e303520f90cd08f34b00c92f,3d8b3f6779b9b0eae21be12e8917bd6f0bab26e3c7943470e378383d20a1de4f
34,pathobench.cptac_hnsc.os,pathobench.threads2025.cptac_hnsc.os,cindex,Threads,0.631,standard_error=0.076,https://arxiv.org/html/2501.16652v1#S0.T34,a6c7af63c1f527eba692f83b362651e0e1d96d07e303520f90cd08f34b00c92f,3d8b3f6779b9b0eae21be12e8917bd6f0bab26e3c7943470e378383d20a1de4f
35,pathobench.sr386_.os,pathobench.threads2025.sr386_.os,cindex,Virchow Mean Pooling,0.593,standard_error=0.025,https://arxiv.org/html/2501.16652v1#S0.T35,a6c7af63c1f527eba692f83b362651e0e1d96d07e303520f90cd08f34b00c92f,3d8b3f6779b9b0eae21be12e8917bd6f0bab26e3c7943470e378383d20a1de4f
35,pathobench.sr386_.os,pathobench.threads2025.sr386_.os,cindex,GigaPath Mean Pooling,0.606,standard_error=0.027,https://arxiv.org/html/2501.16652v1#S0.T35,a6c7af63c1f527eba692f83b362651e0e1d96d07e303520f90cd08f34b00c92f,3d8b3f6779b9b0eae21be12e8917bd6f0bab26e3c7943470e378383d20a1de4f
35,pathobench.sr386_.os,pathobench.threads2025.sr386_.os,cindex,Chief Mean Pooling,0.606,standard_error=0.023,https://arxiv.org/html/2501.16652v1#S0.T35,a6c7af63c1f527eba692f83b362651e0e1d96d07e303520f90cd08f34b00c92f,3d8b3f6779b9b0eae21be12e8917bd6f0bab26e3c7943470e378383d20a1de4f
35,pathobench.sr386_.os,pathobench.threads2025.sr386_.os,cindex,CONCHv1.5 Mean Pooling,0.625,standard_error=0.022,https://arxiv.org/html/2501.16652v1#S0.T35,a6c7af63c1f527eba692f83b362651e0e1d96d07e303520f90cd08f34b00c92f,3d8b3f6779b9b0eae21be12e8917bd6f0bab26e3c7943470e378383d20a1de4f
35,pathobench.sr386_.os,pathobench.threads2025.sr386_.os,cindex,PRISM,0.578,standard_error=0.026,https://arxiv.org/html/2501.16652v1#S0.T35,a6c7af63c1f527eba692f83b362651e0e1d96d07e303520f90cd08f34b00c92f,3d8b3f6779b9b0eae21be12e8917bd6f0bab26e3c7943470e378383d20a1de4f
35,pathobench.sr386_.os,pathobench.threads2025.sr386_.os,cindex,GigaPath,0.611,standard_error=0.025,https://arxiv.org/html/2501.16652v1#S0.T35,a6c7af63c1f527eba692f83b362651e0e1d96d07e303520f90cd08f34b00c92f,3d8b3f6779b9b0eae21be12e8917bd6f0bab26e3c7943470e378383d20a1de4f
35,pathobench.sr386_.os,pathobench.threads2025.sr386_.os,cindex,CHIEF,0.600,standard_error=0.026,https://arxiv.org/html/2501.16652v1#S0.T35,a6c7af63c1f527eba692f83b362651e0e1d96d07e303520f90cd08f34b00c92f,3d8b3f6779b9b0eae21be12e8917bd6f0bab26e3c7943470e378383d20a1de4f
35,pathobench.sr386_.os,pathobench.threads2025.sr386_.os,cindex,Threads,0.638,standard_error=0.014,https://arxiv.org/html/2501.16652v1#S0.T35,a6c7af63c1f527eba692f83b362651e0e1d96d07e303520f90cd08f34b00c92f,3d8b3f6779b9b0eae21be12e8917bd6f0bab26e3c7943470e378383d20a1de4f
36,pathobench.mbc_.os,pathobench.threads2025.mbc_.os,cindex,Virchow Mean Pooling,0.517,standard_error=0.031,https://arxiv.org/html/2501.16652v1#S0.T36,a6c7af63c1f527eba692f83b362651e0e1d96d07e303520f90cd08f34b00c92f,3d8b3f6779b9b0eae21be12e8917bd6f0bab26e3c7943470e378383d20a1de4f
36,pathobench.mbc_.os,pathobench.threads2025.mbc_.os,cindex,GigaPath Mean Pooling,0.472,standard_error=0.024,https://arxiv.org/html/2501.16652v1#S0.T36,a6c7af63c1f527eba692f83b362651e0e1d96d07e303520f90cd08f34b00c92f,3d8b3f6779b9b0eae21be12e8917bd6f0bab26e3c7943470e378383d20a1de4f
36,pathobench.mbc_.os,pathobench.threads2025.mbc_.os,cindex,Chief Mean Pooling,0.441,standard_error=0.040,https://arxiv.org/html/2501.16652v1#S0.T36,a6c7af63c1f527eba692f83b362651e0e1d96d07e303520f90cd08f34b00c92f,3d8b3f6779b9b0eae21be12e8917bd6f0bab26e3c7943470e378383d20a1de4f
36,pathobench.mbc_.os,pathobench.threads2025.mbc_.os,cindex,CONCHv1.5 Mean Pooling,0.510,standard_error=0.052,https://arxiv.org/html/2501.16652v1#S0.T36,a6c7af63c1f527eba692f83b362651e0e1d96d07e303520f90cd08f34b00c92f,3d8b3f6779b9b0eae21be12e8917bd6f0bab26e3c7943470e378383d20a1de4f
36,pathobench.mbc_.os,pathobench.threads2025.mbc_.os,cindex,PRISM,0.511,standard_error=0.038,https://arxiv.org/html/2501.16652v1#S0.T36,a6c7af63c1f527eba692f83b362651e0e1d96d07e303520f90cd08f34b00c92f,3d8b3f6779b9b0eae21be12e8917bd6f0bab26e3c7943470e378383d20a1de4f
36,pathobench.mbc_.os,pathobench.threads2025.mbc_.os,cindex,GigaPath,0.440,standard_error=0.030,https://arxiv.org/html/2501.16652v1#S0.T36,a6c7af63c1f527eba692f83b362651e0e1d96d07e303520f90cd08f34b00c92f,3d8b3f6779b9b0eae21be12e8917bd6f0bab26e3c7943470e378383d20a1de4f
36,pathobench.mbc_.os,pathobench.threads2025.mbc_.os,cindex,CHIEF,0.460,standard_error=0.046,https://arxiv.org/html/2501.16652v1#S0.T36,a6c7af63c1f527eba692f83b362651e0e1d96d07e303520f90cd08f34b00c92f,3d8b3f6779b9b0eae21be12e8917bd6f0bab26e3c7943470e378383d20a1de4f
36,pathobench.mbc_.os,pathobench.threads2025.mbc_.os,cindex,Threads,0.550,standard_error=0.027,https://arxiv.org/html/2501.16652v1#S0.T36,a6c7af63c1f527eba692f83b362651e0e1d96d07e303520f90cd08f34b00c92f,3d8b3f6779b9b0eae21be12e8917bd6f0bab26e3c7943470e378383d20a1de4f
37,pathobench.boehmk_.pfs,pathobench.threads2025.boehmk_.pfs,cindex,Virchow Mean Pooling,0.513,standard_error=0.017,https://arxiv.org/html/2501.16652v1#S0.T37,a6c7af63c1f527eba692f83b362651e0e1d96d07e303520f90cd08f34b00c92f,3d8b3f6779b9b0eae21be12e8917bd6f0bab26e3c7943470e378383d20a1de4f
37,pathobench.boehmk_.pfs,pathobench.threads2025.boehmk_.pfs,cindex,GigaPath Mean Pooling,0.487,standard_error=0.016,https://arxiv.org/html/2501.16652v1#S0.T37,a6c7af63c1f527eba692f83b362651e0e1d96d07e303520f90cd08f34b00c92f,3d8b3f6779b9b0eae21be12e8917bd6f0bab26e3c7943470e378383d20a1de4f
37,pathobench.boehmk_.pfs,pathobench.threads2025.boehmk_.pfs,cindex,Chief Mean Pooling,0.480,standard_error=0.031,https://arxiv.org/html/2501.16652v1#S0.T37,a6c7af63c1f527eba692f83b362651e0e1d96d07e303520f90cd08f34b00c92f,3d8b3f6779b9b0eae21be12e8917bd6f0bab26e3c7943470e378383d20a1de4f
37,pathobench.boehmk_.pfs,pathobench.threads2025.boehmk_.pfs,cindex,CONCHv1.5 Mean Pooling,0.536,standard_error=0.019,https://arxiv.org/html/2501.16652v1#S0.T37,a6c7af63c1f527eba692f83b362651e0e1d96d07e303520f90cd08f34b00c92f,3d8b3f6779b9b0eae21be12e8917bd6f0bab26e3c7943470e378383d20a1de4f
37,pathobench.boehmk_.pfs,pathobench.threads2025.boehmk_.pfs,cindex,PRISM,0.500,standard_error=0.019,https://arxiv.org/html/2501.16652v1#S0.T37,a6c7af63c1f527eba692f83b362651e0e1d96d07e303520f90cd08f34b00c92f,3d8b3f6779b9b0eae21be12e8917bd6f0bab26e3c7943470e378383d20a1de4f
37,pathobench.boehmk_.pfs,pathobench.threads2025.boehmk_.pfs,cindex,GigaPath,0.536,standard_error=0.043,https://arxiv.org/html/2501.16652v1#S0.T37,a6c7af63c1f527eba692f83b362651e0e1d96d07e303520f90cd08f34b00c92f,3d8b3f6779b9b0eae21be12e8917bd6f0bab26e3c7943470e378383d20a1de4f
37,pathobench.boehmk_.pfs,pathobench.threads2025.boehmk_.pfs,cindex,CHIEF,0.520,standard_error=0.031,https://arxiv.org/html/2501.16652v1#S0.T37,a6c7af63c1f527eba692f83b362651e0e1d96d07e303520f90cd08f34b00c92f,3d8b3f6779b9b0eae21be12e8917bd6f0bab26e3c7943470e378383d20a1de4f
37,pathobench.boehmk_.pfs,pathobench.threads2025.boehmk_.pfs,cindex,Threads,0.541,standard_error=0.013,https://arxiv.org/html/2501.16652v1#S0.T37,a6c7af63c1f527eba692f83b362651e0e1d96d07e303520f90cd08f34b00c92f,3d8b3f6779b9b0eae21be12e8917bd6f0bab26e3c7943470e378383d20a1de4f
