source_id,suite_id,table,dataset_id,task_name,task_family,target,sample_unit,task_type,num_samples,endpoint,metric,protocol,model_alias,model_id,model_revision,value,uncertainty,evaluation_id,protocol_id,task_identity_id,dataset_artifact_id,reference_url,source_locator,source_sha256,review_status,audit_status,audit_notes
virchow2g2024,virchow2g_paper,Table 2,pcam,PCam,tile_classification,PCam,tile,classification,327680,tile_level_classification,weighted_f1,virchow2_linear_probe_cls-mean,Virchow2G CLS+Mean,virchow-2g,paper_only_unreleased_checkpoint,0.947,not_reported,virchow2g2024.pcam.pcam.virchow2-linear-probe-cls-mean.weighted-f1,virchow2g2024.pcam.pcam.virchow2-linear-probe-cls-mean.weighted-f1,task.pcam.pcam,artifact.pcam,https://arxiv.org/pdf/2408.00738,paper=Virchow2|table=2|model=Virchow2G|embedding=CLS+Mean|task=PCam,41054dcfa720f5da2c933cb2a711c9d4618689a990513236b256652865418125,machine_parsed_single_primary_source,parsed_primary_source,Exact leaf result; protocol variants remain distinct and are not deduplicated by dataset name alone.
virchow2g2024,virchow2g_paper,Table 2,crc,CRC,tile_classification,CRC,tile,classification,100000,tile_level_classification,weighted_f1,virchow2_linear_probe_cls-mean,Virchow2G CLS+Mean,virchow-2g,paper_only_unreleased_checkpoint,0.973,not_reported,virchow2g2024.crc.crc.virchow2-linear-probe-cls-mean.weighted-f1,virchow2g2024.crc.crc.virchow2-linear-probe-cls-mean.weighted-f1,task.crc.crc,artifact.crc,https://arxiv.org/pdf/2408.00738,paper=Virchow2|table=2|model=Virchow2G|embedding=CLS+Mean|task=CRC,41054dcfa720f5da2c933cb2a711c9d4618689a990513236b256652865418125,machine_parsed_single_primary_source,parsed_primary_source,Exact leaf result; protocol variants remain distinct and are not deduplicated by dataset name alone.
virchow2g2024,virchow2g_paper,Table 2,crc-no-norm,CRC No-Norm,tile_classification,CRC No-Norm,tile,classification,100000,tile_level_classification,weighted_f1,virchow2_linear_probe_cls-mean,Virchow2G CLS+Mean,virchow-2g,paper_only_unreleased_checkpoint,0.970,not_reported,virchow2g2024.crc-no-norm.crc-no-norm.virchow2-linear-probe-cls-mean.weighted-f1,virchow2g2024.crc-no-norm.crc-no-norm.virchow2-linear-probe-cls-mean.weighted-f1,task.crc-no-norm.crc-no-norm,artifact.crc-no-norm,https://arxiv.org/pdf/2408.00738,paper=Virchow2|table=2|model=Virchow2G|embedding=CLS+Mean|task=CRC No-Norm,41054dcfa720f5da2c933cb2a711c9d4618689a990513236b256652865418125,machine_parsed_single_primary_source,parsed_primary_source,Exact leaf result; protocol variants remain distinct and are not deduplicated by dataset name alone.
virchow2g2024,virchow2g_paper,Table 2,wilds,WILDS,tile_classification,WILDS,tile,classification,455954,tile_level_classification,weighted_f1,virchow2_linear_probe_cls-mean,Virchow2G CLS+Mean,virchow-2g,paper_only_unreleased_checkpoint,0.988,not_reported,virchow2g2024.wilds.wilds.virchow2-linear-probe-cls-mean.weighted-f1,virchow2g2024.wilds.wilds.virchow2-linear-probe-cls-mean.weighted-f1,task.wilds.wilds,artifact.wilds,https://arxiv.org/pdf/2408.00738,paper=Virchow2|table=2|model=Virchow2G|embedding=CLS+Mean|task=WILDS,41054dcfa720f5da2c933cb2a711c9d4618689a990513236b256652865418125,machine_parsed_single_primary_source,parsed_primary_source,Exact leaf result; protocol variants remain distinct and are not deduplicated by dataset name alone.
virchow2g2024,virchow2g_paper,Table 2,tils,TILS,tile_classification,TILS,tile,classification,304097,tile_level_classification,weighted_f1,virchow2_linear_probe_cls-mean,Virchow2G CLS+Mean,virchow-2g,paper_only_unreleased_checkpoint,0.948,not_reported,virchow2g2024.tils.tils.virchow2-linear-probe-cls-mean.weighted-f1,virchow2g2024.tils.tils.virchow2-linear-probe-cls-mean.weighted-f1,task.tils.tils,artifact.tils,https://arxiv.org/pdf/2408.00738,paper=Virchow2|table=2|model=Virchow2G|embedding=CLS+Mean|task=TILS,41054dcfa720f5da2c933cb2a711c9d4618689a990513236b256652865418125,machine_parsed_single_primary_source,parsed_primary_source,Exact leaf result; protocol variants remain distinct and are not deduplicated by dataset name alone.
virchow2g2024,virchow2g_paper,Table 2,mhist,MHIST,tile_classification,MHIST,tile,classification,3152,tile_level_classification,weighted_f1,virchow2_linear_probe_cls-mean,Virchow2G CLS+Mean,virchow-2g,paper_only_unreleased_checkpoint,0.864,not_reported,virchow2g2024.mhist.mhist.virchow2-linear-probe-cls-mean.weighted-f1,virchow2g2024.mhist.mhist.virchow2-linear-probe-cls-mean.weighted-f1,task.mhist.mhist,artifact.mhist,https://arxiv.org/pdf/2408.00738,paper=Virchow2|table=2|model=Virchow2G|embedding=CLS+Mean|task=MHIST,41054dcfa720f5da2c933cb2a711c9d4618689a990513236b256652865418125,machine_parsed_single_primary_source,parsed_primary_source,Exact leaf result; protocol variants remain distinct and are not deduplicated by dataset name alone.
virchow2g2024,virchow2g_paper,Table 2,dlbcl,DLBCL,tile_classification,DLBCL,patient,classification,209,tile_level_classification,weighted_f1,virchow2_linear_probe_cls-mean,Virchow2G CLS+Mean,virchow-2g,paper_only_unreleased_checkpoint,0.629,not_reported,virchow2g2024.dlbcl.dlbcl.virchow2-linear-probe-cls-mean.weighted-f1,virchow2g2024.dlbcl.dlbcl.virchow2-linear-probe-cls-mean.weighted-f1,task.dlbcl.dlbcl,artifact.dlbcl,https://arxiv.org/pdf/2408.00738,paper=Virchow2|table=2|model=Virchow2G|embedding=CLS+Mean|task=DLBCL,41054dcfa720f5da2c933cb2a711c9d4618689a990513236b256652865418125,machine_parsed_single_primary_source,parsed_primary_source,Exact leaf result; protocol variants remain distinct and are not deduplicated by dataset name alone.
virchow2g2024,virchow2g_paper,Table 2,midog,MIDOG,tile_classification,MIDOG,tile,classification,21806,tile_level_classification,weighted_f1,virchow2_linear_probe_cls-mean,Virchow2G CLS+Mean,virchow-2g,paper_only_unreleased_checkpoint,0.836,not_reported,virchow2g2024.midog.midog.virchow2-linear-probe-cls-mean.weighted-f1,virchow2g2024.midog.midog.virchow2-linear-probe-cls-mean.weighted-f1,task.midog.midog,artifact.midog,https://arxiv.org/pdf/2408.00738,paper=Virchow2|table=2|model=Virchow2G|embedding=CLS+Mean|task=MIDOG,41054dcfa720f5da2c933cb2a711c9d4618689a990513236b256652865418125,machine_parsed_single_primary_source,parsed_primary_source,Exact leaf result; protocol variants remain distinct and are not deduplicated by dataset name alone.
virchow2g2024,virchow2g_paper,Table 2,pcam,PCam,tile_classification,PCam,tile,classification,327680,tile_level_classification,weighted_f1,virchow2_linear_probe_cls-only,Virchow2G CLS-Only,virchow-2g,paper_only_unreleased_checkpoint,0.944,not_reported,virchow2g2024.pcam.pcam.virchow2-linear-probe-cls-only.weighted-f1,virchow2g2024.pcam.pcam.virchow2-linear-probe-cls-only.weighted-f1,task.pcam.pcam,artifact.pcam,https://arxiv.org/pdf/2408.00738,paper=Virchow2|table=2|model=Virchow2G|embedding=CLS-Only|task=PCam,41054dcfa720f5da2c933cb2a711c9d4618689a990513236b256652865418125,machine_parsed_single_primary_source,parsed_primary_source,Exact leaf result; protocol variants remain distinct and are not deduplicated by dataset name alone.
virchow2g2024,virchow2g_paper,Table 2,crc,CRC,tile_classification,CRC,tile,classification,100000,tile_level_classification,weighted_f1,virchow2_linear_probe_cls-only,Virchow2G CLS-Only,virchow-2g,paper_only_unreleased_checkpoint,0.974,not_reported,virchow2g2024.crc.crc.virchow2-linear-probe-cls-only.weighted-f1,virchow2g2024.crc.crc.virchow2-linear-probe-cls-only.weighted-f1,task.crc.crc,artifact.crc,https://arxiv.org/pdf/2408.00738,paper=Virchow2|table=2|model=Virchow2G|embedding=CLS-Only|task=CRC,41054dcfa720f5da2c933cb2a711c9d4618689a990513236b256652865418125,machine_parsed_single_primary_source,parsed_primary_source,Exact leaf result; protocol variants remain distinct and are not deduplicated by dataset name alone.
virchow2g2024,virchow2g_paper,Table 2,crc-no-norm,CRC No-Norm,tile_classification,CRC No-Norm,tile,classification,100000,tile_level_classification,weighted_f1,virchow2_linear_probe_cls-only,Virchow2G CLS-Only,virchow-2g,paper_only_unreleased_checkpoint,0.970,not_reported,virchow2g2024.crc-no-norm.crc-no-norm.virchow2-linear-probe-cls-only.weighted-f1,virchow2g2024.crc-no-norm.crc-no-norm.virchow2-linear-probe-cls-only.weighted-f1,task.crc-no-norm.crc-no-norm,artifact.crc-no-norm,https://arxiv.org/pdf/2408.00738,paper=Virchow2|table=2|model=Virchow2G|embedding=CLS-Only|task=CRC No-Norm,41054dcfa720f5da2c933cb2a711c9d4618689a990513236b256652865418125,machine_parsed_single_primary_source,parsed_primary_source,Exact leaf result; protocol variants remain distinct and are not deduplicated by dataset name alone.
virchow2g2024,virchow2g_paper,Table 2,wilds,WILDS,tile_classification,WILDS,tile,classification,455954,tile_level_classification,weighted_f1,virchow2_linear_probe_cls-only,Virchow2G CLS-Only,virchow-2g,paper_only_unreleased_checkpoint,0.983,not_reported,virchow2g2024.wilds.wilds.virchow2-linear-probe-cls-only.weighted-f1,virchow2g2024.wilds.wilds.virchow2-linear-probe-cls-only.weighted-f1,task.wilds.wilds,artifact.wilds,https://arxiv.org/pdf/2408.00738,paper=Virchow2|table=2|model=Virchow2G|embedding=CLS-Only|task=WILDS,41054dcfa720f5da2c933cb2a711c9d4618689a990513236b256652865418125,machine_parsed_single_primary_source,parsed_primary_source,Exact leaf result; protocol variants remain distinct and are not deduplicated by dataset name alone.
virchow2g2024,virchow2g_paper,Table 2,tils,TILS,tile_classification,TILS,tile,classification,304097,tile_level_classification,weighted_f1,virchow2_linear_probe_cls-only,Virchow2G CLS-Only,virchow-2g,paper_only_unreleased_checkpoint,0.947,not_reported,virchow2g2024.tils.tils.virchow2-linear-probe-cls-only.weighted-f1,virchow2g2024.tils.tils.virchow2-linear-probe-cls-only.weighted-f1,task.tils.tils,artifact.tils,https://arxiv.org/pdf/2408.00738,paper=Virchow2|table=2|model=Virchow2G|embedding=CLS-Only|task=TILS,41054dcfa720f5da2c933cb2a711c9d4618689a990513236b256652865418125,machine_parsed_single_primary_source,parsed_primary_source,Exact leaf result; protocol variants remain distinct and are not deduplicated by dataset name alone.
virchow2g2024,virchow2g_paper,Table 2,mhist,MHIST,tile_classification,MHIST,tile,classification,3152,tile_level_classification,weighted_f1,virchow2_linear_probe_cls-only,Virchow2G CLS-Only,virchow-2g,paper_only_unreleased_checkpoint,0.852,not_reported,virchow2g2024.mhist.mhist.virchow2-linear-probe-cls-only.weighted-f1,virchow2g2024.mhist.mhist.virchow2-linear-probe-cls-only.weighted-f1,task.mhist.mhist,artifact.mhist,https://arxiv.org/pdf/2408.00738,paper=Virchow2|table=2|model=Virchow2G|embedding=CLS-Only|task=MHIST,41054dcfa720f5da2c933cb2a711c9d4618689a990513236b256652865418125,machine_parsed_single_primary_source,parsed_primary_source,Exact leaf result; protocol variants remain distinct and are not deduplicated by dataset name alone.
virchow2g2024,virchow2g_paper,Table 2,dlbcl,DLBCL,tile_classification,DLBCL,patient,classification,209,tile_level_classification,weighted_f1,virchow2_linear_probe_cls-only,Virchow2G CLS-Only,virchow-2g,paper_only_unreleased_checkpoint,0.624,not_reported,virchow2g2024.dlbcl.dlbcl.virchow2-linear-probe-cls-only.weighted-f1,virchow2g2024.dlbcl.dlbcl.virchow2-linear-probe-cls-only.weighted-f1,task.dlbcl.dlbcl,artifact.dlbcl,https://arxiv.org/pdf/2408.00738,paper=Virchow2|table=2|model=Virchow2G|embedding=CLS-Only|task=DLBCL,41054dcfa720f5da2c933cb2a711c9d4618689a990513236b256652865418125,machine_parsed_single_primary_source,parsed_primary_source,Exact leaf result; protocol variants remain distinct and are not deduplicated by dataset name alone.
virchow2g2024,virchow2g_paper,Table 2,midog,MIDOG,tile_classification,MIDOG,tile,classification,21806,tile_level_classification,weighted_f1,virchow2_linear_probe_cls-only,Virchow2G CLS-Only,virchow-2g,paper_only_unreleased_checkpoint,0.805,not_reported,virchow2g2024.midog.midog.virchow2-linear-probe-cls-only.weighted-f1,virchow2g2024.midog.midog.virchow2-linear-probe-cls-only.weighted-f1,task.midog.midog,artifact.midog,https://arxiv.org/pdf/2408.00738,paper=Virchow2|table=2|model=Virchow2G|embedding=CLS-Only|task=MIDOG,41054dcfa720f5da2c933cb2a711c9d4618689a990513236b256652865418125,machine_parsed_single_primary_source,parsed_primary_source,Exact leaf result; protocol variants remain distinct and are not deduplicated by dataset name alone.
virchow2g2024,virchow2g_paper,Table 2,pcam,PCam,tile_classification,PCam,tile,classification,327680,tile_level_classification,weighted_f1,virchow2_linear_probe_cls-mean,Virchow2 CLS+Mean,virchow-2,paper_reported_checkpoint,0.935,not_reported,virchow2g2024.pcam.pcam.virchow2-linear-probe-cls-mean.weighted-f1,virchow2g2024.pcam.pcam.virchow2-linear-probe-cls-mean.weighted-f1,task.pcam.pcam,artifact.pcam,https://arxiv.org/pdf/2408.00738,paper=Virchow2|table=2|model=Virchow2|embedding=CLS+Mean|task=PCam,41054dcfa720f5da2c933cb2a711c9d4618689a990513236b256652865418125,machine_parsed_single_primary_source,parsed_primary_source,Exact leaf result; protocol variants remain distinct and are not deduplicated by dataset name alone.
virchow2g2024,virchow2g_paper,Table 2,crc,CRC,tile_classification,CRC,tile,classification,100000,tile_level_classification,weighted_f1,virchow2_linear_probe_cls-mean,Virchow2 CLS+Mean,virchow-2,paper_reported_checkpoint,0.974,not_reported,virchow2g2024.crc.crc.virchow2-linear-probe-cls-mean.weighted-f1,virchow2g2024.crc.crc.virchow2-linear-probe-cls-mean.weighted-f1,task.crc.crc,artifact.crc,https://arxiv.org/pdf/2408.00738,paper=Virchow2|table=2|model=Virchow2|embedding=CLS+Mean|task=CRC,41054dcfa720f5da2c933cb2a711c9d4618689a990513236b256652865418125,machine_parsed_single_primary_source,parsed_primary_source,Exact leaf result; protocol variants remain distinct and are not deduplicated by dataset name alone.
virchow2g2024,virchow2g_paper,Table 2,crc-no-norm,CRC No-Norm,tile_classification,CRC No-Norm,tile,classification,100000,tile_level_classification,weighted_f1,virchow2_linear_probe_cls-mean,Virchow2 CLS+Mean,virchow-2,paper_reported_checkpoint,0.969,not_reported,virchow2g2024.crc-no-norm.crc-no-norm.virchow2-linear-probe-cls-mean.weighted-f1,virchow2g2024.crc-no-norm.crc-no-norm.virchow2-linear-probe-cls-mean.weighted-f1,task.crc-no-norm.crc-no-norm,artifact.crc-no-norm,https://arxiv.org/pdf/2408.00738,paper=Virchow2|table=2|model=Virchow2|embedding=CLS+Mean|task=CRC No-Norm,41054dcfa720f5da2c933cb2a711c9d4618689a990513236b256652865418125,machine_parsed_single_primary_source,parsed_primary_source,Exact leaf result; protocol variants remain distinct and are not deduplicated by dataset name alone.
virchow2g2024,virchow2g_paper,Table 2,wilds,WILDS,tile_classification,WILDS,tile,classification,455954,tile_level_classification,weighted_f1,virchow2_linear_probe_cls-mean,Virchow2 CLS+Mean,virchow-2,paper_reported_checkpoint,0.987,not_reported,virchow2g2024.wilds.wilds.virchow2-linear-probe-cls-mean.weighted-f1,virchow2g2024.wilds.wilds.virchow2-linear-probe-cls-mean.weighted-f1,task.wilds.wilds,artifact.wilds,https://arxiv.org/pdf/2408.00738,paper=Virchow2|table=2|model=Virchow2|embedding=CLS+Mean|task=WILDS,41054dcfa720f5da2c933cb2a711c9d4618689a990513236b256652865418125,machine_parsed_single_primary_source,parsed_primary_source,Exact leaf result; protocol variants remain distinct and are not deduplicated by dataset name alone.
virchow2g2024,virchow2g_paper,Table 2,tils,TILS,tile_classification,TILS,tile,classification,304097,tile_level_classification,weighted_f1,virchow2_linear_probe_cls-mean,Virchow2 CLS+Mean,virchow-2,paper_reported_checkpoint,0.948,not_reported,virchow2g2024.tils.tils.virchow2-linear-probe-cls-mean.weighted-f1,virchow2g2024.tils.tils.virchow2-linear-probe-cls-mean.weighted-f1,task.tils.tils,artifact.tils,https://arxiv.org/pdf/2408.00738,paper=Virchow2|table=2|model=Virchow2|embedding=CLS+Mean|task=TILS,41054dcfa720f5da2c933cb2a711c9d4618689a990513236b256652865418125,machine_parsed_single_primary_source,parsed_primary_source,Exact leaf result; protocol variants remain distinct and are not deduplicated by dataset name alone.
virchow2g2024,virchow2g_paper,Table 2,mhist,MHIST,tile_classification,MHIST,tile,classification,3152,tile_level_classification,weighted_f1,virchow2_linear_probe_cls-mean,Virchow2 CLS+Mean,virchow-2,paper_reported_checkpoint,0.859,not_reported,virchow2g2024.mhist.mhist.virchow2-linear-probe-cls-mean.weighted-f1,virchow2g2024.mhist.mhist.virchow2-linear-probe-cls-mean.weighted-f1,task.mhist.mhist,artifact.mhist,https://arxiv.org/pdf/2408.00738,paper=Virchow2|table=2|model=Virchow2|embedding=CLS+Mean|task=MHIST,41054dcfa720f5da2c933cb2a711c9d4618689a990513236b256652865418125,machine_parsed_single_primary_source,parsed_primary_source,Exact leaf result; protocol variants remain distinct and are not deduplicated by dataset name alone.
virchow2g2024,virchow2g_paper,Table 2,dlbcl,DLBCL,tile_classification,DLBCL,patient,classification,209,tile_level_classification,weighted_f1,virchow2_linear_probe_cls-mean,Virchow2 CLS+Mean,virchow-2,paper_reported_checkpoint,0.606,not_reported,virchow2g2024.dlbcl.dlbcl.virchow2-linear-probe-cls-mean.weighted-f1,virchow2g2024.dlbcl.dlbcl.virchow2-linear-probe-cls-mean.weighted-f1,task.dlbcl.dlbcl,artifact.dlbcl,https://arxiv.org/pdf/2408.00738,paper=Virchow2|table=2|model=Virchow2|embedding=CLS+Mean|task=DLBCL,41054dcfa720f5da2c933cb2a711c9d4618689a990513236b256652865418125,machine_parsed_single_primary_source,parsed_primary_source,Exact leaf result; protocol variants remain distinct and are not deduplicated by dataset name alone.
virchow2g2024,virchow2g_paper,Table 2,midog,MIDOG,tile_classification,MIDOG,tile,classification,21806,tile_level_classification,weighted_f1,virchow2_linear_probe_cls-mean,Virchow2 CLS+Mean,virchow-2,paper_reported_checkpoint,0.804,not_reported,virchow2g2024.midog.midog.virchow2-linear-probe-cls-mean.weighted-f1,virchow2g2024.midog.midog.virchow2-linear-probe-cls-mean.weighted-f1,task.midog.midog,artifact.midog,https://arxiv.org/pdf/2408.00738,paper=Virchow2|table=2|model=Virchow2|embedding=CLS+Mean|task=MIDOG,41054dcfa720f5da2c933cb2a711c9d4618689a990513236b256652865418125,machine_parsed_single_primary_source,parsed_primary_source,Exact leaf result; protocol variants remain distinct and are not deduplicated by dataset name alone.
virchow2g2024,virchow2g_paper,Table 2,pcam,PCam,tile_classification,PCam,tile,classification,327680,tile_level_classification,weighted_f1,virchow2_linear_probe_cls-only,Virchow2 CLS-Only,virchow-2,paper_reported_checkpoint,0.935,not_reported,virchow2g2024.pcam.pcam.virchow2-linear-probe-cls-only.weighted-f1,virchow2g2024.pcam.pcam.virchow2-linear-probe-cls-only.weighted-f1,task.pcam.pcam,artifact.pcam,https://arxiv.org/pdf/2408.00738,paper=Virchow2|table=2|model=Virchow2|embedding=CLS-Only|task=PCam,41054dcfa720f5da2c933cb2a711c9d4618689a990513236b256652865418125,machine_parsed_single_primary_source,parsed_primary_source,Exact leaf result; protocol variants remain distinct and are not deduplicated by dataset name alone.
virchow2g2024,virchow2g_paper,Table 2,crc,CRC,tile_classification,CRC,tile,classification,100000,tile_level_classification,weighted_f1,virchow2_linear_probe_cls-only,Virchow2 CLS-Only,virchow-2,paper_reported_checkpoint,0.976,not_reported,virchow2g2024.crc.crc.virchow2-linear-probe-cls-only.weighted-f1,virchow2g2024.crc.crc.virchow2-linear-probe-cls-only.weighted-f1,task.crc.crc,artifact.crc,https://arxiv.org/pdf/2408.00738,paper=Virchow2|table=2|model=Virchow2|embedding=CLS-Only|task=CRC,41054dcfa720f5da2c933cb2a711c9d4618689a990513236b256652865418125,machine_parsed_single_primary_source,parsed_primary_source,Exact leaf result; protocol variants remain distinct and are not deduplicated by dataset name alone.
virchow2g2024,virchow2g_paper,Table 2,crc-no-norm,CRC No-Norm,tile_classification,CRC No-Norm,tile,classification,100000,tile_level_classification,weighted_f1,virchow2_linear_probe_cls-only,Virchow2 CLS-Only,virchow-2,paper_reported_checkpoint,0.971,not_reported,virchow2g2024.crc-no-norm.crc-no-norm.virchow2-linear-probe-cls-only.weighted-f1,virchow2g2024.crc-no-norm.crc-no-norm.virchow2-linear-probe-cls-only.weighted-f1,task.crc-no-norm.crc-no-norm,artifact.crc-no-norm,https://arxiv.org/pdf/2408.00738,paper=Virchow2|table=2|model=Virchow2|embedding=CLS-Only|task=CRC No-Norm,41054dcfa720f5da2c933cb2a711c9d4618689a990513236b256652865418125,machine_parsed_single_primary_source,parsed_primary_source,Exact leaf result; protocol variants remain distinct and are not deduplicated by dataset name alone.
virchow2g2024,virchow2g_paper,Table 2,wilds,WILDS,tile_classification,WILDS,tile,classification,455954,tile_level_classification,weighted_f1,virchow2_linear_probe_cls-only,Virchow2 CLS-Only,virchow-2,paper_reported_checkpoint,0.985,not_reported,virchow2g2024.wilds.wilds.virchow2-linear-probe-cls-only.weighted-f1,virchow2g2024.wilds.wilds.virchow2-linear-probe-cls-only.weighted-f1,task.wilds.wilds,artifact.wilds,https://arxiv.org/pdf/2408.00738,paper=Virchow2|table=2|model=Virchow2|embedding=CLS-Only|task=WILDS,41054dcfa720f5da2c933cb2a711c9d4618689a990513236b256652865418125,machine_parsed_single_primary_source,parsed_primary_source,Exact leaf result; protocol variants remain distinct and are not deduplicated by dataset name alone.
virchow2g2024,virchow2g_paper,Table 2,tils,TILS,tile_classification,TILS,tile,classification,304097,tile_level_classification,weighted_f1,virchow2_linear_probe_cls-only,Virchow2 CLS-Only,virchow-2,paper_reported_checkpoint,0.947,not_reported,virchow2g2024.tils.tils.virchow2-linear-probe-cls-only.weighted-f1,virchow2g2024.tils.tils.virchow2-linear-probe-cls-only.weighted-f1,task.tils.tils,artifact.tils,https://arxiv.org/pdf/2408.00738,paper=Virchow2|table=2|model=Virchow2|embedding=CLS-Only|task=TILS,41054dcfa720f5da2c933cb2a711c9d4618689a990513236b256652865418125,machine_parsed_single_primary_source,parsed_primary_source,Exact leaf result; protocol variants remain distinct and are not deduplicated by dataset name alone.
virchow2g2024,virchow2g_paper,Table 2,mhist,MHIST,tile_classification,MHIST,tile,classification,3152,tile_level_classification,weighted_f1,virchow2_linear_probe_cls-only,Virchow2 CLS-Only,virchow-2,paper_reported_checkpoint,0.860,not_reported,virchow2g2024.mhist.mhist.virchow2-linear-probe-cls-only.weighted-f1,virchow2g2024.mhist.mhist.virchow2-linear-probe-cls-only.weighted-f1,task.mhist.mhist,artifact.mhist,https://arxiv.org/pdf/2408.00738,paper=Virchow2|table=2|model=Virchow2|embedding=CLS-Only|task=MHIST,41054dcfa720f5da2c933cb2a711c9d4618689a990513236b256652865418125,machine_parsed_single_primary_source,parsed_primary_source,Exact leaf result; protocol variants remain distinct and are not deduplicated by dataset name alone.
virchow2g2024,virchow2g_paper,Table 2,dlbcl,DLBCL,tile_classification,DLBCL,patient,classification,209,tile_level_classification,weighted_f1,virchow2_linear_probe_cls-only,Virchow2 CLS-Only,virchow-2,paper_reported_checkpoint,0.615,not_reported,virchow2g2024.dlbcl.dlbcl.virchow2-linear-probe-cls-only.weighted-f1,virchow2g2024.dlbcl.dlbcl.virchow2-linear-probe-cls-only.weighted-f1,task.dlbcl.dlbcl,artifact.dlbcl,https://arxiv.org/pdf/2408.00738,paper=Virchow2|table=2|model=Virchow2|embedding=CLS-Only|task=DLBCL,41054dcfa720f5da2c933cb2a711c9d4618689a990513236b256652865418125,machine_parsed_single_primary_source,parsed_primary_source,Exact leaf result; protocol variants remain distinct and are not deduplicated by dataset name alone.
virchow2g2024,virchow2g_paper,Table 2,midog,MIDOG,tile_classification,MIDOG,tile,classification,21806,tile_level_classification,weighted_f1,virchow2_linear_probe_cls-only,Virchow2 CLS-Only,virchow-2,paper_reported_checkpoint,0.800,not_reported,virchow2g2024.midog.midog.virchow2-linear-probe-cls-only.weighted-f1,virchow2g2024.midog.midog.virchow2-linear-probe-cls-only.weighted-f1,task.midog.midog,artifact.midog,https://arxiv.org/pdf/2408.00738,paper=Virchow2|table=2|model=Virchow2|embedding=CLS-Only|task=MIDOG,41054dcfa720f5da2c933cb2a711c9d4618689a990513236b256652865418125,machine_parsed_single_primary_source,parsed_primary_source,Exact leaf result; protocol variants remain distinct and are not deduplicated by dataset name alone.
virchow2g2024,virchow2g_paper,Table 2,pcam,PCam,tile_classification,PCam,tile,classification,327680,tile_level_classification,weighted_f1,virchow2_linear_probe_cls-mean,Virchow CLS+Mean,virchow,paper_reported_checkpoint,0.933,not_reported,virchow2g2024.pcam.pcam.virchow2-linear-probe-cls-mean.weighted-f1,virchow2g2024.pcam.pcam.virchow2-linear-probe-cls-mean.weighted-f1,task.pcam.pcam,artifact.pcam,https://arxiv.org/pdf/2408.00738,paper=Virchow2|table=2|model=Virchow|embedding=CLS+Mean|task=PCam,41054dcfa720f5da2c933cb2a711c9d4618689a990513236b256652865418125,machine_parsed_single_primary_source,parsed_primary_source,Exact leaf result; protocol variants remain distinct and are not deduplicated by dataset name alone.
virchow2g2024,virchow2g_paper,Table 2,crc,CRC,tile_classification,CRC,tile,classification,100000,tile_level_classification,weighted_f1,virchow2_linear_probe_cls-mean,Virchow CLS+Mean,virchow,paper_reported_checkpoint,0.973,not_reported,virchow2g2024.crc.crc.virchow2-linear-probe-cls-mean.weighted-f1,virchow2g2024.crc.crc.virchow2-linear-probe-cls-mean.weighted-f1,task.crc.crc,artifact.crc,https://arxiv.org/pdf/2408.00738,paper=Virchow2|table=2|model=Virchow|embedding=CLS+Mean|task=CRC,41054dcfa720f5da2c933cb2a711c9d4618689a990513236b256652865418125,machine_parsed_single_primary_source,parsed_primary_source,Exact leaf result; protocol variants remain distinct and are not deduplicated by dataset name alone.
virchow2g2024,virchow2g_paper,Table 2,crc-no-norm,CRC No-Norm,tile_classification,CRC No-Norm,tile,classification,100000,tile_level_classification,weighted_f1,virchow2_linear_probe_cls-mean,Virchow CLS+Mean,virchow,paper_reported_checkpoint,0.968,not_reported,virchow2g2024.crc-no-norm.crc-no-norm.virchow2-linear-probe-cls-mean.weighted-f1,virchow2g2024.crc-no-norm.crc-no-norm.virchow2-linear-probe-cls-mean.weighted-f1,task.crc-no-norm.crc-no-norm,artifact.crc-no-norm,https://arxiv.org/pdf/2408.00738,paper=Virchow2|table=2|model=Virchow|embedding=CLS+Mean|task=CRC No-Norm,41054dcfa720f5da2c933cb2a711c9d4618689a990513236b256652865418125,machine_parsed_single_primary_source,parsed_primary_source,Exact leaf result; protocol variants remain distinct and are not deduplicated by dataset name alone.
virchow2g2024,virchow2g_paper,Table 2,wilds,WILDS,tile_classification,WILDS,tile,classification,455954,tile_level_classification,weighted_f1,virchow2_linear_probe_cls-mean,Virchow CLS+Mean,virchow,paper_reported_checkpoint,0.971,not_reported,virchow2g2024.wilds.wilds.virchow2-linear-probe-cls-mean.weighted-f1,virchow2g2024.wilds.wilds.virchow2-linear-probe-cls-mean.weighted-f1,task.wilds.wilds,artifact.wilds,https://arxiv.org/pdf/2408.00738,paper=Virchow2|table=2|model=Virchow|embedding=CLS+Mean|task=WILDS,41054dcfa720f5da2c933cb2a711c9d4618689a990513236b256652865418125,machine_parsed_single_primary_source,parsed_primary_source,Exact leaf result; protocol variants remain distinct and are not deduplicated by dataset name alone.
virchow2g2024,virchow2g_paper,Table 2,tils,TILS,tile_classification,TILS,tile,classification,304097,tile_level_classification,weighted_f1,virchow2_linear_probe_cls-mean,Virchow CLS+Mean,virchow,paper_reported_checkpoint,0.949,not_reported,virchow2g2024.tils.tils.virchow2-linear-probe-cls-mean.weighted-f1,virchow2g2024.tils.tils.virchow2-linear-probe-cls-mean.weighted-f1,task.tils.tils,artifact.tils,https://arxiv.org/pdf/2408.00738,paper=Virchow2|table=2|model=Virchow|embedding=CLS+Mean|task=TILS,41054dcfa720f5da2c933cb2a711c9d4618689a990513236b256652865418125,machine_parsed_single_primary_source,parsed_primary_source,Exact leaf result; protocol variants remain distinct and are not deduplicated by dataset name alone.
virchow2g2024,virchow2g_paper,Table 2,mhist,MHIST,tile_classification,MHIST,tile,classification,3152,tile_level_classification,weighted_f1,virchow2_linear_probe_cls-mean,Virchow CLS+Mean,virchow,paper_reported_checkpoint,0.836,not_reported,virchow2g2024.mhist.mhist.virchow2-linear-probe-cls-mean.weighted-f1,virchow2g2024.mhist.mhist.virchow2-linear-probe-cls-mean.weighted-f1,task.mhist.mhist,artifact.mhist,https://arxiv.org/pdf/2408.00738,paper=Virchow2|table=2|model=Virchow|embedding=CLS+Mean|task=MHIST,41054dcfa720f5da2c933cb2a711c9d4618689a990513236b256652865418125,machine_parsed_single_primary_source,parsed_primary_source,Exact leaf result; protocol variants remain distinct and are not deduplicated by dataset name alone.
virchow2g2024,virchow2g_paper,Table 2,dlbcl,DLBCL,tile_classification,DLBCL,patient,classification,209,tile_level_classification,weighted_f1,virchow2_linear_probe_cls-mean,Virchow CLS+Mean,virchow,paper_reported_checkpoint,0.602,not_reported,virchow2g2024.dlbcl.dlbcl.virchow2-linear-probe-cls-mean.weighted-f1,virchow2g2024.dlbcl.dlbcl.virchow2-linear-probe-cls-mean.weighted-f1,task.dlbcl.dlbcl,artifact.dlbcl,https://arxiv.org/pdf/2408.00738,paper=Virchow2|table=2|model=Virchow|embedding=CLS+Mean|task=DLBCL,41054dcfa720f5da2c933cb2a711c9d4618689a990513236b256652865418125,machine_parsed_single_primary_source,parsed_primary_source,Exact leaf result; protocol variants remain distinct and are not deduplicated by dataset name alone.
virchow2g2024,virchow2g_paper,Table 2,midog,MIDOG,tile_classification,MIDOG,tile,classification,21806,tile_level_classification,weighted_f1,virchow2_linear_probe_cls-mean,Virchow CLS+Mean,virchow,paper_reported_checkpoint,0.787,not_reported,virchow2g2024.midog.midog.virchow2-linear-probe-cls-mean.weighted-f1,virchow2g2024.midog.midog.virchow2-linear-probe-cls-mean.weighted-f1,task.midog.midog,artifact.midog,https://arxiv.org/pdf/2408.00738,paper=Virchow2|table=2|model=Virchow|embedding=CLS+Mean|task=MIDOG,41054dcfa720f5da2c933cb2a711c9d4618689a990513236b256652865418125,machine_parsed_single_primary_source,parsed_primary_source,Exact leaf result; protocol variants remain distinct and are not deduplicated by dataset name alone.
virchow2g2024,virchow2g_paper,Table 2,pcam,PCam,tile_classification,PCam,tile,classification,327680,tile_level_classification,weighted_f1,virchow2_linear_probe_cls-only,Virchow CLS-Only,virchow,paper_reported_checkpoint,0.934,not_reported,virchow2g2024.pcam.pcam.virchow2-linear-probe-cls-only.weighted-f1,virchow2g2024.pcam.pcam.virchow2-linear-probe-cls-only.weighted-f1,task.pcam.pcam,artifact.pcam,https://arxiv.org/pdf/2408.00738,paper=Virchow2|table=2|model=Virchow|embedding=CLS-Only|task=PCam,41054dcfa720f5da2c933cb2a711c9d4618689a990513236b256652865418125,machine_parsed_single_primary_source,parsed_primary_source,Exact leaf result; protocol variants remain distinct and are not deduplicated by dataset name alone.
virchow2g2024,virchow2g_paper,Table 2,crc,CRC,tile_classification,CRC,tile,classification,100000,tile_level_classification,weighted_f1,virchow2_linear_probe_cls-only,Virchow CLS-Only,virchow,paper_reported_checkpoint,0.970,not_reported,virchow2g2024.crc.crc.virchow2-linear-probe-cls-only.weighted-f1,virchow2g2024.crc.crc.virchow2-linear-probe-cls-only.weighted-f1,task.crc.crc,artifact.crc,https://arxiv.org/pdf/2408.00738,paper=Virchow2|table=2|model=Virchow|embedding=CLS-Only|task=CRC,41054dcfa720f5da2c933cb2a711c9d4618689a990513236b256652865418125,machine_parsed_single_primary_source,parsed_primary_source,Exact leaf result; protocol variants remain distinct and are not deduplicated by dataset name alone.
virchow2g2024,virchow2g_paper,Table 2,crc-no-norm,CRC No-Norm,tile_classification,CRC No-Norm,tile,classification,100000,tile_level_classification,weighted_f1,virchow2_linear_probe_cls-only,Virchow CLS-Only,virchow,paper_reported_checkpoint,0.932,not_reported,virchow2g2024.crc-no-norm.crc-no-norm.virchow2-linear-probe-cls-only.weighted-f1,virchow2g2024.crc-no-norm.crc-no-norm.virchow2-linear-probe-cls-only.weighted-f1,task.crc-no-norm.crc-no-norm,artifact.crc-no-norm,https://arxiv.org/pdf/2408.00738,paper=Virchow2|table=2|model=Virchow|embedding=CLS-Only|task=CRC No-Norm,41054dcfa720f5da2c933cb2a711c9d4618689a990513236b256652865418125,machine_parsed_single_primary_source,parsed_primary_source,Exact leaf result; protocol variants remain distinct and are not deduplicated by dataset name alone.
virchow2g2024,virchow2g_paper,Table 2,wilds,WILDS,tile_classification,WILDS,tile,classification,455954,tile_level_classification,weighted_f1,virchow2_linear_probe_cls-only,Virchow CLS-Only,virchow,paper_reported_checkpoint,0.966,not_reported,virchow2g2024.wilds.wilds.virchow2-linear-probe-cls-only.weighted-f1,virchow2g2024.wilds.wilds.virchow2-linear-probe-cls-only.weighted-f1,task.wilds.wilds,artifact.wilds,https://arxiv.org/pdf/2408.00738,paper=Virchow2|table=2|model=Virchow|embedding=CLS-Only|task=WILDS,41054dcfa720f5da2c933cb2a711c9d4618689a990513236b256652865418125,machine_parsed_single_primary_source,parsed_primary_source,Exact leaf result; protocol variants remain distinct and are not deduplicated by dataset name alone.
virchow2g2024,virchow2g_paper,Table 2,tils,TILS,tile_classification,TILS,tile,classification,304097,tile_level_classification,weighted_f1,virchow2_linear_probe_cls-only,Virchow CLS-Only,virchow,paper_reported_checkpoint,0.948,not_reported,virchow2g2024.tils.tils.virchow2-linear-probe-cls-only.weighted-f1,virchow2g2024.tils.tils.virchow2-linear-probe-cls-only.weighted-f1,task.tils.tils,artifact.tils,https://arxiv.org/pdf/2408.00738,paper=Virchow2|table=2|model=Virchow|embedding=CLS-Only|task=TILS,41054dcfa720f5da2c933cb2a711c9d4618689a990513236b256652865418125,machine_parsed_single_primary_source,parsed_primary_source,Exact leaf result; protocol variants remain distinct and are not deduplicated by dataset name alone.
virchow2g2024,virchow2g_paper,Table 2,mhist,MHIST,tile_classification,MHIST,tile,classification,3152,tile_level_classification,weighted_f1,virchow2_linear_probe_cls-only,Virchow CLS-Only,virchow,paper_reported_checkpoint,0.836,not_reported,virchow2g2024.mhist.mhist.virchow2-linear-probe-cls-only.weighted-f1,virchow2g2024.mhist.mhist.virchow2-linear-probe-cls-only.weighted-f1,task.mhist.mhist,artifact.mhist,https://arxiv.org/pdf/2408.00738,paper=Virchow2|table=2|model=Virchow|embedding=CLS-Only|task=MHIST,41054dcfa720f5da2c933cb2a711c9d4618689a990513236b256652865418125,machine_parsed_single_primary_source,parsed_primary_source,Exact leaf result; protocol variants remain distinct and are not deduplicated by dataset name alone.
virchow2g2024,virchow2g_paper,Table 2,dlbcl,DLBCL,tile_classification,DLBCL,patient,classification,209,tile_level_classification,weighted_f1,virchow2_linear_probe_cls-only,Virchow CLS-Only,virchow,paper_reported_checkpoint,0.591,not_reported,virchow2g2024.dlbcl.dlbcl.virchow2-linear-probe-cls-only.weighted-f1,virchow2g2024.dlbcl.dlbcl.virchow2-linear-probe-cls-only.weighted-f1,task.dlbcl.dlbcl,artifact.dlbcl,https://arxiv.org/pdf/2408.00738,paper=Virchow2|table=2|model=Virchow|embedding=CLS-Only|task=DLBCL,41054dcfa720f5da2c933cb2a711c9d4618689a990513236b256652865418125,machine_parsed_single_primary_source,parsed_primary_source,Exact leaf result; protocol variants remain distinct and are not deduplicated by dataset name alone.
virchow2g2024,virchow2g_paper,Table 2,midog,MIDOG,tile_classification,MIDOG,tile,classification,21806,tile_level_classification,weighted_f1,virchow2_linear_probe_cls-only,Virchow CLS-Only,virchow,paper_reported_checkpoint,0.760,not_reported,virchow2g2024.midog.midog.virchow2-linear-probe-cls-only.weighted-f1,virchow2g2024.midog.midog.virchow2-linear-probe-cls-only.weighted-f1,task.midog.midog,artifact.midog,https://arxiv.org/pdf/2408.00738,paper=Virchow2|table=2|model=Virchow|embedding=CLS-Only|task=MIDOG,41054dcfa720f5da2c933cb2a711c9d4618689a990513236b256652865418125,machine_parsed_single_primary_source,parsed_primary_source,Exact leaf result; protocol variants remain distinct and are not deduplicated by dataset name alone.
virchow2g2024,virchow2g_paper,Table 3,hest-idc,HEST IDC,spatial_transcriptomics,top_50_variable_genes,spatial_transcriptomics_spot,regression,not_reported_by_task,gene_expression_prediction,pearson_r,virchow2_hest_random_forest_cls-mean,Virchow2G CLS+Mean,virchow-2g,paper_only_unreleased_checkpoint,0.559,not_reported,virchow2g2024.hest-idc.hest-idc.virchow2-hest-random-forest-cls-mean.pearson-r,virchow2g2024.hest-idc.hest-idc.virchow2-hest-random-forest-cls-mean.pearson-r,task.hest-idc.hest-idc,artifact.hest-idc,https://arxiv.org/pdf/2408.00738,paper=Virchow2|table=3|model=Virchow2G|embedding=CLS+Mean|task=IDC,41054dcfa720f5da2c933cb2a711c9d4618689a990513236b256652865418125,machine_parsed_single_primary_source,parsed_primary_source,Exact leaf result; protocol variants remain distinct and are not deduplicated by dataset name alone.
virchow2g2024,virchow2g_paper,Table 3,hest-prad,HEST PRAD,spatial_transcriptomics,top_50_variable_genes,spatial_transcriptomics_spot,regression,not_reported_by_task,gene_expression_prediction,pearson_r,virchow2_hest_random_forest_cls-mean,Virchow2G CLS+Mean,virchow-2g,paper_only_unreleased_checkpoint,0.385,not_reported,virchow2g2024.hest-prad.hest-prad.virchow2-hest-random-forest-cls-mean.pearson-r,virchow2g2024.hest-prad.hest-prad.virchow2-hest-random-forest-cls-mean.pearson-r,task.hest-prad.hest-prad,artifact.hest-prad,https://arxiv.org/pdf/2408.00738,paper=Virchow2|table=3|model=Virchow2G|embedding=CLS+Mean|task=PRAD,41054dcfa720f5da2c933cb2a711c9d4618689a990513236b256652865418125,machine_parsed_single_primary_source,parsed_primary_source,Exact leaf result; protocol variants remain distinct and are not deduplicated by dataset name alone.
virchow2g2024,virchow2g_paper,Table 3,hest-paad,HEST PAAD,spatial_transcriptomics,top_50_variable_genes,spatial_transcriptomics_spot,regression,not_reported_by_task,gene_expression_prediction,pearson_r,virchow2_hest_random_forest_cls-mean,Virchow2G CLS+Mean,virchow-2g,paper_only_unreleased_checkpoint,0.458,not_reported,virchow2g2024.hest-paad.hest-paad.virchow2-hest-random-forest-cls-mean.pearson-r,virchow2g2024.hest-paad.hest-paad.virchow2-hest-random-forest-cls-mean.pearson-r,task.hest-paad.hest-paad,artifact.hest-paad,https://arxiv.org/pdf/2408.00738,paper=Virchow2|table=3|model=Virchow2G|embedding=CLS+Mean|task=PAAD,41054dcfa720f5da2c933cb2a711c9d4618689a990513236b256652865418125,machine_parsed_single_primary_source,parsed_primary_source,Exact leaf result; protocol variants remain distinct and are not deduplicated by dataset name alone.
virchow2g2024,virchow2g_paper,Table 3,hest-skcm,HEST SKCM,spatial_transcriptomics,top_50_variable_genes,spatial_transcriptomics_spot,regression,not_reported_by_task,gene_expression_prediction,pearson_r,virchow2_hest_random_forest_cls-mean,Virchow2G CLS+Mean,virchow-2g,paper_only_unreleased_checkpoint,0.632,not_reported,virchow2g2024.hest-skcm.hest-skcm.virchow2-hest-random-forest-cls-mean.pearson-r,virchow2g2024.hest-skcm.hest-skcm.virchow2-hest-random-forest-cls-mean.pearson-r,task.hest-skcm.hest-skcm,artifact.hest-skcm,https://arxiv.org/pdf/2408.00738,paper=Virchow2|table=3|model=Virchow2G|embedding=CLS+Mean|task=SKCM,41054dcfa720f5da2c933cb2a711c9d4618689a990513236b256652865418125,machine_parsed_single_primary_source,parsed_primary_source,Exact leaf result; protocol variants remain distinct and are not deduplicated by dataset name alone.
virchow2g2024,virchow2g_paper,Table 3,hest-coad,HEST COAD,spatial_transcriptomics,top_50_variable_genes,spatial_transcriptomics_spot,regression,not_reported_by_task,gene_expression_prediction,pearson_r,virchow2_hest_random_forest_cls-mean,Virchow2G CLS+Mean,virchow-2g,paper_only_unreleased_checkpoint,0.139,not_reported,virchow2g2024.hest-coad.hest-coad.virchow2-hest-random-forest-cls-mean.pearson-r,virchow2g2024.hest-coad.hest-coad.virchow2-hest-random-forest-cls-mean.pearson-r,task.hest-coad.hest-coad,artifact.hest-coad,https://arxiv.org/pdf/2408.00738,paper=Virchow2|table=3|model=Virchow2G|embedding=CLS+Mean|task=COAD,41054dcfa720f5da2c933cb2a711c9d4618689a990513236b256652865418125,machine_parsed_single_primary_source,parsed_primary_source,Exact leaf result; protocol variants remain distinct and are not deduplicated by dataset name alone.
virchow2g2024,virchow2g_paper,Table 3,hest-read,HEST READ,spatial_transcriptomics,top_50_variable_genes,spatial_transcriptomics_spot,regression,not_reported_by_task,gene_expression_prediction,pearson_r,virchow2_hest_random_forest_cls-mean,Virchow2G CLS+Mean,virchow-2g,paper_only_unreleased_checkpoint,0.175,not_reported,virchow2g2024.hest-read.hest-read.virchow2-hest-random-forest-cls-mean.pearson-r,virchow2g2024.hest-read.hest-read.virchow2-hest-random-forest-cls-mean.pearson-r,task.hest-read.hest-read,artifact.hest-read,https://arxiv.org/pdf/2408.00738,paper=Virchow2|table=3|model=Virchow2G|embedding=CLS+Mean|task=READ,41054dcfa720f5da2c933cb2a711c9d4618689a990513236b256652865418125,machine_parsed_single_primary_source,parsed_primary_source,Exact leaf result; protocol variants remain distinct and are not deduplicated by dataset name alone.
virchow2g2024,virchow2g_paper,Table 3,hest-ccrcc,HEST CCRCC,spatial_transcriptomics,top_50_variable_genes,spatial_transcriptomics_spot,regression,not_reported_by_task,gene_expression_prediction,pearson_r,virchow2_hest_random_forest_cls-mean,Virchow2G CLS+Mean,virchow-2g,paper_only_unreleased_checkpoint,0.222,not_reported,virchow2g2024.hest-ccrcc.hest-ccrcc.virchow2-hest-random-forest-cls-mean.pearson-r,virchow2g2024.hest-ccrcc.hest-ccrcc.virchow2-hest-random-forest-cls-mean.pearson-r,task.hest-ccrcc.hest-ccrcc,artifact.hest-ccrcc,https://arxiv.org/pdf/2408.00738,paper=Virchow2|table=3|model=Virchow2G|embedding=CLS+Mean|task=CCRCC,41054dcfa720f5da2c933cb2a711c9d4618689a990513236b256652865418125,machine_parsed_single_primary_source,parsed_primary_source,Exact leaf result; protocol variants remain distinct and are not deduplicated by dataset name alone.
virchow2g2024,virchow2g_paper,Table 3,hest-hcc,HEST HCC,spatial_transcriptomics,top_50_variable_genes,spatial_transcriptomics_spot,regression,not_reported_by_task,gene_expression_prediction,pearson_r,virchow2_hest_random_forest_cls-mean,Virchow2G CLS+Mean,virchow-2g,paper_only_unreleased_checkpoint,0.062,not_reported,virchow2g2024.hest-hcc.hest-hcc.virchow2-hest-random-forest-cls-mean.pearson-r,virchow2g2024.hest-hcc.hest-hcc.virchow2-hest-random-forest-cls-mean.pearson-r,task.hest-hcc.hest-hcc,artifact.hest-hcc,https://arxiv.org/pdf/2408.00738,paper=Virchow2|table=3|model=Virchow2G|embedding=CLS+Mean|task=HCC,41054dcfa720f5da2c933cb2a711c9d4618689a990513236b256652865418125,machine_parsed_single_primary_source,parsed_primary_source,Exact leaf result; protocol variants remain distinct and are not deduplicated by dataset name alone.
virchow2g2024,virchow2g_paper,Table 3,hest-luad,HEST LUAD,spatial_transcriptomics,top_50_variable_genes,spatial_transcriptomics_spot,regression,not_reported_by_task,gene_expression_prediction,pearson_r,virchow2_hest_random_forest_cls-mean,Virchow2G CLS+Mean,virchow-2g,paper_only_unreleased_checkpoint,0.588,not_reported,virchow2g2024.hest-luad.hest-luad.virchow2-hest-random-forest-cls-mean.pearson-r,virchow2g2024.hest-luad.hest-luad.virchow2-hest-random-forest-cls-mean.pearson-r,task.hest-luad.hest-luad,artifact.hest-luad,https://arxiv.org/pdf/2408.00738,paper=Virchow2|table=3|model=Virchow2G|embedding=CLS+Mean|task=LUAD,41054dcfa720f5da2c933cb2a711c9d4618689a990513236b256652865418125,machine_parsed_single_primary_source,parsed_primary_source,Exact leaf result; protocol variants remain distinct and are not deduplicated by dataset name alone.
virchow2g2024,virchow2g_paper,Table 3,hest-lidc,HEST LIDC,spatial_transcriptomics,top_50_variable_genes,spatial_transcriptomics_spot,regression,not_reported_by_task,gene_expression_prediction,pearson_r,virchow2_hest_random_forest_cls-mean,Virchow2G CLS+Mean,virchow-2g,paper_only_unreleased_checkpoint,0.274,not_reported,virchow2g2024.hest-lidc.hest-lidc.virchow2-hest-random-forest-cls-mean.pearson-r,virchow2g2024.hest-lidc.hest-lidc.virchow2-hest-random-forest-cls-mean.pearson-r,task.hest-lidc.hest-lidc,artifact.hest-lidc,https://arxiv.org/pdf/2408.00738,paper=Virchow2|table=3|model=Virchow2G|embedding=CLS+Mean|task=LIDC,41054dcfa720f5da2c933cb2a711c9d4618689a990513236b256652865418125,machine_parsed_single_primary_source,parsed_primary_source,Exact leaf result; protocol variants remain distinct and are not deduplicated by dataset name alone.
virchow2g2024,virchow2g_paper,Table 3,hest-idc,HEST IDC,spatial_transcriptomics,top_50_variable_genes,spatial_transcriptomics_spot,regression,not_reported_by_task,gene_expression_prediction,pearson_r,virchow2_hest_random_forest_cls-only,Virchow2G CLS-Only,virchow-2g,paper_only_unreleased_checkpoint,0.547,not_reported,virchow2g2024.hest-idc.hest-idc.virchow2-hest-random-forest-cls-only.pearson-r,virchow2g2024.hest-idc.hest-idc.virchow2-hest-random-forest-cls-only.pearson-r,task.hest-idc.hest-idc,artifact.hest-idc,https://arxiv.org/pdf/2408.00738,paper=Virchow2|table=3|model=Virchow2G|embedding=CLS-Only|task=IDC,41054dcfa720f5da2c933cb2a711c9d4618689a990513236b256652865418125,machine_parsed_single_primary_source,parsed_primary_source,Exact leaf result; protocol variants remain distinct and are not deduplicated by dataset name alone.
virchow2g2024,virchow2g_paper,Table 3,hest-prad,HEST PRAD,spatial_transcriptomics,top_50_variable_genes,spatial_transcriptomics_spot,regression,not_reported_by_task,gene_expression_prediction,pearson_r,virchow2_hest_random_forest_cls-only,Virchow2G CLS-Only,virchow-2g,paper_only_unreleased_checkpoint,0.375,not_reported,virchow2g2024.hest-prad.hest-prad.virchow2-hest-random-forest-cls-only.pearson-r,virchow2g2024.hest-prad.hest-prad.virchow2-hest-random-forest-cls-only.pearson-r,task.hest-prad.hest-prad,artifact.hest-prad,https://arxiv.org/pdf/2408.00738,paper=Virchow2|table=3|model=Virchow2G|embedding=CLS-Only|task=PRAD,41054dcfa720f5da2c933cb2a711c9d4618689a990513236b256652865418125,machine_parsed_single_primary_source,parsed_primary_source,Exact leaf result; protocol variants remain distinct and are not deduplicated by dataset name alone.
virchow2g2024,virchow2g_paper,Table 3,hest-paad,HEST PAAD,spatial_transcriptomics,top_50_variable_genes,spatial_transcriptomics_spot,regression,not_reported_by_task,gene_expression_prediction,pearson_r,virchow2_hest_random_forest_cls-only,Virchow2G CLS-Only,virchow-2g,paper_only_unreleased_checkpoint,0.420,not_reported,virchow2g2024.hest-paad.hest-paad.virchow2-hest-random-forest-cls-only.pearson-r,virchow2g2024.hest-paad.hest-paad.virchow2-hest-random-forest-cls-only.pearson-r,task.hest-paad.hest-paad,artifact.hest-paad,https://arxiv.org/pdf/2408.00738,paper=Virchow2|table=3|model=Virchow2G|embedding=CLS-Only|task=PAAD,41054dcfa720f5da2c933cb2a711c9d4618689a990513236b256652865418125,machine_parsed_single_primary_source,parsed_primary_source,Exact leaf result; protocol variants remain distinct and are not deduplicated by dataset name alone.
virchow2g2024,virchow2g_paper,Table 3,hest-skcm,HEST SKCM,spatial_transcriptomics,top_50_variable_genes,spatial_transcriptomics_spot,regression,not_reported_by_task,gene_expression_prediction,pearson_r,virchow2_hest_random_forest_cls-only,Virchow2G CLS-Only,virchow-2g,paper_only_unreleased_checkpoint,0.638,not_reported,virchow2g2024.hest-skcm.hest-skcm.virchow2-hest-random-forest-cls-only.pearson-r,virchow2g2024.hest-skcm.hest-skcm.virchow2-hest-random-forest-cls-only.pearson-r,task.hest-skcm.hest-skcm,artifact.hest-skcm,https://arxiv.org/pdf/2408.00738,paper=Virchow2|table=3|model=Virchow2G|embedding=CLS-Only|task=SKCM,41054dcfa720f5da2c933cb2a711c9d4618689a990513236b256652865418125,machine_parsed_single_primary_source,parsed_primary_source,Exact leaf result; protocol variants remain distinct and are not deduplicated by dataset name alone.
virchow2g2024,virchow2g_paper,Table 3,hest-coad,HEST COAD,spatial_transcriptomics,top_50_variable_genes,spatial_transcriptomics_spot,regression,not_reported_by_task,gene_expression_prediction,pearson_r,virchow2_hest_random_forest_cls-only,Virchow2G CLS-Only,virchow-2g,paper_only_unreleased_checkpoint,0.140,not_reported,virchow2g2024.hest-coad.hest-coad.virchow2-hest-random-forest-cls-only.pearson-r,virchow2g2024.hest-coad.hest-coad.virchow2-hest-random-forest-cls-only.pearson-r,task.hest-coad.hest-coad,artifact.hest-coad,https://arxiv.org/pdf/2408.00738,paper=Virchow2|table=3|model=Virchow2G|embedding=CLS-Only|task=COAD,41054dcfa720f5da2c933cb2a711c9d4618689a990513236b256652865418125,machine_parsed_single_primary_source,parsed_primary_source,Exact leaf result; protocol variants remain distinct and are not deduplicated by dataset name alone.
virchow2g2024,virchow2g_paper,Table 3,hest-read,HEST READ,spatial_transcriptomics,top_50_variable_genes,spatial_transcriptomics_spot,regression,not_reported_by_task,gene_expression_prediction,pearson_r,virchow2_hest_random_forest_cls-only,Virchow2G CLS-Only,virchow-2g,paper_only_unreleased_checkpoint,0.146,not_reported,virchow2g2024.hest-read.hest-read.virchow2-hest-random-forest-cls-only.pearson-r,virchow2g2024.hest-read.hest-read.virchow2-hest-random-forest-cls-only.pearson-r,task.hest-read.hest-read,artifact.hest-read,https://arxiv.org/pdf/2408.00738,paper=Virchow2|table=3|model=Virchow2G|embedding=CLS-Only|task=READ,41054dcfa720f5da2c933cb2a711c9d4618689a990513236b256652865418125,machine_parsed_single_primary_source,parsed_primary_source,Exact leaf result; protocol variants remain distinct and are not deduplicated by dataset name alone.
virchow2g2024,virchow2g_paper,Table 3,hest-ccrcc,HEST CCRCC,spatial_transcriptomics,top_50_variable_genes,spatial_transcriptomics_spot,regression,not_reported_by_task,gene_expression_prediction,pearson_r,virchow2_hest_random_forest_cls-only,Virchow2G CLS-Only,virchow-2g,paper_only_unreleased_checkpoint,0.213,not_reported,virchow2g2024.hest-ccrcc.hest-ccrcc.virchow2-hest-random-forest-cls-only.pearson-r,virchow2g2024.hest-ccrcc.hest-ccrcc.virchow2-hest-random-forest-cls-only.pearson-r,task.hest-ccrcc.hest-ccrcc,artifact.hest-ccrcc,https://arxiv.org/pdf/2408.00738,paper=Virchow2|table=3|model=Virchow2G|embedding=CLS-Only|task=CCRCC,41054dcfa720f5da2c933cb2a711c9d4618689a990513236b256652865418125,machine_parsed_single_primary_source,parsed_primary_source,Exact leaf result; protocol variants remain distinct and are not deduplicated by dataset name alone.
virchow2g2024,virchow2g_paper,Table 3,hest-hcc,HEST HCC,spatial_transcriptomics,top_50_variable_genes,spatial_transcriptomics_spot,regression,not_reported_by_task,gene_expression_prediction,pearson_r,virchow2_hest_random_forest_cls-only,Virchow2G CLS-Only,virchow-2g,paper_only_unreleased_checkpoint,0.056,not_reported,virchow2g2024.hest-hcc.hest-hcc.virchow2-hest-random-forest-cls-only.pearson-r,virchow2g2024.hest-hcc.hest-hcc.virchow2-hest-random-forest-cls-only.pearson-r,task.hest-hcc.hest-hcc,artifact.hest-hcc,https://arxiv.org/pdf/2408.00738,paper=Virchow2|table=3|model=Virchow2G|embedding=CLS-Only|task=HCC,41054dcfa720f5da2c933cb2a711c9d4618689a990513236b256652865418125,machine_parsed_single_primary_source,parsed_primary_source,Exact leaf result; protocol variants remain distinct and are not deduplicated by dataset name alone.
virchow2g2024,virchow2g_paper,Table 3,hest-luad,HEST LUAD,spatial_transcriptomics,top_50_variable_genes,spatial_transcriptomics_spot,regression,not_reported_by_task,gene_expression_prediction,pearson_r,virchow2_hest_random_forest_cls-only,Virchow2G CLS-Only,virchow-2g,paper_only_unreleased_checkpoint,0.590,not_reported,virchow2g2024.hest-luad.hest-luad.virchow2-hest-random-forest-cls-only.pearson-r,virchow2g2024.hest-luad.hest-luad.virchow2-hest-random-forest-cls-only.pearson-r,task.hest-luad.hest-luad,artifact.hest-luad,https://arxiv.org/pdf/2408.00738,paper=Virchow2|table=3|model=Virchow2G|embedding=CLS-Only|task=LUAD,41054dcfa720f5da2c933cb2a711c9d4618689a990513236b256652865418125,machine_parsed_single_primary_source,parsed_primary_source,Exact leaf result; protocol variants remain distinct and are not deduplicated by dataset name alone.
virchow2g2024,virchow2g_paper,Table 3,hest-lidc,HEST LIDC,spatial_transcriptomics,top_50_variable_genes,spatial_transcriptomics_spot,regression,not_reported_by_task,gene_expression_prediction,pearson_r,virchow2_hest_random_forest_cls-only,Virchow2G CLS-Only,virchow-2g,paper_only_unreleased_checkpoint,0.271,not_reported,virchow2g2024.hest-lidc.hest-lidc.virchow2-hest-random-forest-cls-only.pearson-r,virchow2g2024.hest-lidc.hest-lidc.virchow2-hest-random-forest-cls-only.pearson-r,task.hest-lidc.hest-lidc,artifact.hest-lidc,https://arxiv.org/pdf/2408.00738,paper=Virchow2|table=3|model=Virchow2G|embedding=CLS-Only|task=LIDC,41054dcfa720f5da2c933cb2a711c9d4618689a990513236b256652865418125,machine_parsed_single_primary_source,parsed_primary_source,Exact leaf result; protocol variants remain distinct and are not deduplicated by dataset name alone.
virchow2g2024,virchow2g_paper,Table 3,hest-idc,HEST IDC,spatial_transcriptomics,top_50_variable_genes,spatial_transcriptomics_spot,regression,not_reported_by_task,gene_expression_prediction,pearson_r,virchow2_hest_random_forest_cls-mean,Virchow2 CLS+Mean,virchow-2,paper_reported_checkpoint,0.539,not_reported,virchow2g2024.hest-idc.hest-idc.virchow2-hest-random-forest-cls-mean.pearson-r,virchow2g2024.hest-idc.hest-idc.virchow2-hest-random-forest-cls-mean.pearson-r,task.hest-idc.hest-idc,artifact.hest-idc,https://arxiv.org/pdf/2408.00738,paper=Virchow2|table=3|model=Virchow2|embedding=CLS+Mean|task=IDC,41054dcfa720f5da2c933cb2a711c9d4618689a990513236b256652865418125,machine_parsed_single_primary_source,parsed_primary_source,Exact leaf result; protocol variants remain distinct and are not deduplicated by dataset name alone.
virchow2g2024,virchow2g_paper,Table 3,hest-prad,HEST PRAD,spatial_transcriptomics,top_50_variable_genes,spatial_transcriptomics_spot,regression,not_reported_by_task,gene_expression_prediction,pearson_r,virchow2_hest_random_forest_cls-mean,Virchow2 CLS+Mean,virchow-2,paper_reported_checkpoint,0.382,not_reported,virchow2g2024.hest-prad.hest-prad.virchow2-hest-random-forest-cls-mean.pearson-r,virchow2g2024.hest-prad.hest-prad.virchow2-hest-random-forest-cls-mean.pearson-r,task.hest-prad.hest-prad,artifact.hest-prad,https://arxiv.org/pdf/2408.00738,paper=Virchow2|table=3|model=Virchow2|embedding=CLS+Mean|task=PRAD,41054dcfa720f5da2c933cb2a711c9d4618689a990513236b256652865418125,machine_parsed_single_primary_source,parsed_primary_source,Exact leaf result; protocol variants remain distinct and are not deduplicated by dataset name alone.
virchow2g2024,virchow2g_paper,Table 3,hest-paad,HEST PAAD,spatial_transcriptomics,top_50_variable_genes,spatial_transcriptomics_spot,regression,not_reported_by_task,gene_expression_prediction,pearson_r,virchow2_hest_random_forest_cls-mean,Virchow2 CLS+Mean,virchow-2,paper_reported_checkpoint,0.425,not_reported,virchow2g2024.hest-paad.hest-paad.virchow2-hest-random-forest-cls-mean.pearson-r,virchow2g2024.hest-paad.hest-paad.virchow2-hest-random-forest-cls-mean.pearson-r,task.hest-paad.hest-paad,artifact.hest-paad,https://arxiv.org/pdf/2408.00738,paper=Virchow2|table=3|model=Virchow2|embedding=CLS+Mean|task=PAAD,41054dcfa720f5da2c933cb2a711c9d4618689a990513236b256652865418125,machine_parsed_single_primary_source,parsed_primary_source,Exact leaf result; protocol variants remain distinct and are not deduplicated by dataset name alone.
virchow2g2024,virchow2g_paper,Table 3,hest-skcm,HEST SKCM,spatial_transcriptomics,top_50_variable_genes,spatial_transcriptomics_spot,regression,not_reported_by_task,gene_expression_prediction,pearson_r,virchow2_hest_random_forest_cls-mean,Virchow2 CLS+Mean,virchow-2,paper_reported_checkpoint,0.617,not_reported,virchow2g2024.hest-skcm.hest-skcm.virchow2-hest-random-forest-cls-mean.pearson-r,virchow2g2024.hest-skcm.hest-skcm.virchow2-hest-random-forest-cls-mean.pearson-r,task.hest-skcm.hest-skcm,artifact.hest-skcm,https://arxiv.org/pdf/2408.00738,paper=Virchow2|table=3|model=Virchow2|embedding=CLS+Mean|task=SKCM,41054dcfa720f5da2c933cb2a711c9d4618689a990513236b256652865418125,machine_parsed_single_primary_source,parsed_primary_source,Exact leaf result; protocol variants remain distinct and are not deduplicated by dataset name alone.
virchow2g2024,virchow2g_paper,Table 3,hest-coad,HEST COAD,spatial_transcriptomics,top_50_variable_genes,spatial_transcriptomics_spot,regression,not_reported_by_task,gene_expression_prediction,pearson_r,virchow2_hest_random_forest_cls-mean,Virchow2 CLS+Mean,virchow-2,paper_reported_checkpoint,0.127,not_reported,virchow2g2024.hest-coad.hest-coad.virchow2-hest-random-forest-cls-mean.pearson-r,virchow2g2024.hest-coad.hest-coad.virchow2-hest-random-forest-cls-mean.pearson-r,task.hest-coad.hest-coad,artifact.hest-coad,https://arxiv.org/pdf/2408.00738,paper=Virchow2|table=3|model=Virchow2|embedding=CLS+Mean|task=COAD,41054dcfa720f5da2c933cb2a711c9d4618689a990513236b256652865418125,machine_parsed_single_primary_source,parsed_primary_source,Exact leaf result; protocol variants remain distinct and are not deduplicated by dataset name alone.
virchow2g2024,virchow2g_paper,Table 3,hest-read,HEST READ,spatial_transcriptomics,top_50_variable_genes,spatial_transcriptomics_spot,regression,not_reported_by_task,gene_expression_prediction,pearson_r,virchow2_hest_random_forest_cls-mean,Virchow2 CLS+Mean,virchow-2,paper_reported_checkpoint,0.168,not_reported,virchow2g2024.hest-read.hest-read.virchow2-hest-random-forest-cls-mean.pearson-r,virchow2g2024.hest-read.hest-read.virchow2-hest-random-forest-cls-mean.pearson-r,task.hest-read.hest-read,artifact.hest-read,https://arxiv.org/pdf/2408.00738,paper=Virchow2|table=3|model=Virchow2|embedding=CLS+Mean|task=READ,41054dcfa720f5da2c933cb2a711c9d4618689a990513236b256652865418125,machine_parsed_single_primary_source,parsed_primary_source,Exact leaf result; protocol variants remain distinct and are not deduplicated by dataset name alone.
virchow2g2024,virchow2g_paper,Table 3,hest-ccrcc,HEST CCRCC,spatial_transcriptomics,top_50_variable_genes,spatial_transcriptomics_spot,regression,not_reported_by_task,gene_expression_prediction,pearson_r,virchow2_hest_random_forest_cls-mean,Virchow2 CLS+Mean,virchow-2,paper_reported_checkpoint,0.226,not_reported,virchow2g2024.hest-ccrcc.hest-ccrcc.virchow2-hest-random-forest-cls-mean.pearson-r,virchow2g2024.hest-ccrcc.hest-ccrcc.virchow2-hest-random-forest-cls-mean.pearson-r,task.hest-ccrcc.hest-ccrcc,artifact.hest-ccrcc,https://arxiv.org/pdf/2408.00738,paper=Virchow2|table=3|model=Virchow2|embedding=CLS+Mean|task=CCRCC,41054dcfa720f5da2c933cb2a711c9d4618689a990513236b256652865418125,machine_parsed_single_primary_source,parsed_primary_source,Exact leaf result; protocol variants remain distinct and are not deduplicated by dataset name alone.
virchow2g2024,virchow2g_paper,Table 3,hest-hcc,HEST HCC,spatial_transcriptomics,top_50_variable_genes,spatial_transcriptomics_spot,regression,not_reported_by_task,gene_expression_prediction,pearson_r,virchow2_hest_random_forest_cls-mean,Virchow2 CLS+Mean,virchow-2,paper_reported_checkpoint,0.056,not_reported,virchow2g2024.hest-hcc.hest-hcc.virchow2-hest-random-forest-cls-mean.pearson-r,virchow2g2024.hest-hcc.hest-hcc.virchow2-hest-random-forest-cls-mean.pearson-r,task.hest-hcc.hest-hcc,artifact.hest-hcc,https://arxiv.org/pdf/2408.00738,paper=Virchow2|table=3|model=Virchow2|embedding=CLS+Mean|task=HCC,41054dcfa720f5da2c933cb2a711c9d4618689a990513236b256652865418125,machine_parsed_single_primary_source,parsed_primary_source,Exact leaf result; protocol variants remain distinct and are not deduplicated by dataset name alone.
virchow2g2024,virchow2g_paper,Table 3,hest-luad,HEST LUAD,spatial_transcriptomics,top_50_variable_genes,spatial_transcriptomics_spot,regression,not_reported_by_task,gene_expression_prediction,pearson_r,virchow2_hest_random_forest_cls-mean,Virchow2 CLS+Mean,virchow-2,paper_reported_checkpoint,0.586,not_reported,virchow2g2024.hest-luad.hest-luad.virchow2-hest-random-forest-cls-mean.pearson-r,virchow2g2024.hest-luad.hest-luad.virchow2-hest-random-forest-cls-mean.pearson-r,task.hest-luad.hest-luad,artifact.hest-luad,https://arxiv.org/pdf/2408.00738,paper=Virchow2|table=3|model=Virchow2|embedding=CLS+Mean|task=LUAD,41054dcfa720f5da2c933cb2a711c9d4618689a990513236b256652865418125,machine_parsed_single_primary_source,parsed_primary_source,Exact leaf result; protocol variants remain distinct and are not deduplicated by dataset name alone.
virchow2g2024,virchow2g_paper,Table 3,hest-lidc,HEST LIDC,spatial_transcriptomics,top_50_variable_genes,spatial_transcriptomics_spot,regression,not_reported_by_task,gene_expression_prediction,pearson_r,virchow2_hest_random_forest_cls-mean,Virchow2 CLS+Mean,virchow-2,paper_reported_checkpoint,0.273,not_reported,virchow2g2024.hest-lidc.hest-lidc.virchow2-hest-random-forest-cls-mean.pearson-r,virchow2g2024.hest-lidc.hest-lidc.virchow2-hest-random-forest-cls-mean.pearson-r,task.hest-lidc.hest-lidc,artifact.hest-lidc,https://arxiv.org/pdf/2408.00738,paper=Virchow2|table=3|model=Virchow2|embedding=CLS+Mean|task=LIDC,41054dcfa720f5da2c933cb2a711c9d4618689a990513236b256652865418125,machine_parsed_single_primary_source,parsed_primary_source,Exact leaf result; protocol variants remain distinct and are not deduplicated by dataset name alone.
virchow2g2024,virchow2g_paper,Table 3,hest-idc,HEST IDC,spatial_transcriptomics,top_50_variable_genes,spatial_transcriptomics_spot,regression,not_reported_by_task,gene_expression_prediction,pearson_r,virchow2_hest_random_forest_cls-only,Virchow2 CLS-Only,virchow-2,paper_reported_checkpoint,0.563,not_reported,virchow2g2024.hest-idc.hest-idc.virchow2-hest-random-forest-cls-only.pearson-r,virchow2g2024.hest-idc.hest-idc.virchow2-hest-random-forest-cls-only.pearson-r,task.hest-idc.hest-idc,artifact.hest-idc,https://arxiv.org/pdf/2408.00738,paper=Virchow2|table=3|model=Virchow2|embedding=CLS-Only|task=IDC,41054dcfa720f5da2c933cb2a711c9d4618689a990513236b256652865418125,machine_parsed_single_primary_source,parsed_primary_source,Exact leaf result; protocol variants remain distinct and are not deduplicated by dataset name alone.
virchow2g2024,virchow2g_paper,Table 3,hest-prad,HEST PRAD,spatial_transcriptomics,top_50_variable_genes,spatial_transcriptomics_spot,regression,not_reported_by_task,gene_expression_prediction,pearson_r,virchow2_hest_random_forest_cls-only,Virchow2 CLS-Only,virchow-2,paper_reported_checkpoint,0.379,not_reported,virchow2g2024.hest-prad.hest-prad.virchow2-hest-random-forest-cls-only.pearson-r,virchow2g2024.hest-prad.hest-prad.virchow2-hest-random-forest-cls-only.pearson-r,task.hest-prad.hest-prad,artifact.hest-prad,https://arxiv.org/pdf/2408.00738,paper=Virchow2|table=3|model=Virchow2|embedding=CLS-Only|task=PRAD,41054dcfa720f5da2c933cb2a711c9d4618689a990513236b256652865418125,machine_parsed_single_primary_source,parsed_primary_source,Exact leaf result; protocol variants remain distinct and are not deduplicated by dataset name alone.
virchow2g2024,virchow2g_paper,Table 3,hest-paad,HEST PAAD,spatial_transcriptomics,top_50_variable_genes,spatial_transcriptomics_spot,regression,not_reported_by_task,gene_expression_prediction,pearson_r,virchow2_hest_random_forest_cls-only,Virchow2 CLS-Only,virchow-2,paper_reported_checkpoint,0.402,not_reported,virchow2g2024.hest-paad.hest-paad.virchow2-hest-random-forest-cls-only.pearson-r,virchow2g2024.hest-paad.hest-paad.virchow2-hest-random-forest-cls-only.pearson-r,task.hest-paad.hest-paad,artifact.hest-paad,https://arxiv.org/pdf/2408.00738,paper=Virchow2|table=3|model=Virchow2|embedding=CLS-Only|task=PAAD,41054dcfa720f5da2c933cb2a711c9d4618689a990513236b256652865418125,machine_parsed_single_primary_source,parsed_primary_source,Exact leaf result; protocol variants remain distinct and are not deduplicated by dataset name alone.
virchow2g2024,virchow2g_paper,Table 3,hest-skcm,HEST SKCM,spatial_transcriptomics,top_50_variable_genes,spatial_transcriptomics_spot,regression,not_reported_by_task,gene_expression_prediction,pearson_r,virchow2_hest_random_forest_cls-only,Virchow2 CLS-Only,virchow-2,paper_reported_checkpoint,0.631,not_reported,virchow2g2024.hest-skcm.hest-skcm.virchow2-hest-random-forest-cls-only.pearson-r,virchow2g2024.hest-skcm.hest-skcm.virchow2-hest-random-forest-cls-only.pearson-r,task.hest-skcm.hest-skcm,artifact.hest-skcm,https://arxiv.org/pdf/2408.00738,paper=Virchow2|table=3|model=Virchow2|embedding=CLS-Only|task=SKCM,41054dcfa720f5da2c933cb2a711c9d4618689a990513236b256652865418125,machine_parsed_single_primary_source,parsed_primary_source,Exact leaf result; protocol variants remain distinct and are not deduplicated by dataset name alone.
virchow2g2024,virchow2g_paper,Table 3,hest-coad,HEST COAD,spatial_transcriptomics,top_50_variable_genes,spatial_transcriptomics_spot,regression,not_reported_by_task,gene_expression_prediction,pearson_r,virchow2_hest_random_forest_cls-only,Virchow2 CLS-Only,virchow-2,paper_reported_checkpoint,0.143,not_reported,virchow2g2024.hest-coad.hest-coad.virchow2-hest-random-forest-cls-only.pearson-r,virchow2g2024.hest-coad.hest-coad.virchow2-hest-random-forest-cls-only.pearson-r,task.hest-coad.hest-coad,artifact.hest-coad,https://arxiv.org/pdf/2408.00738,paper=Virchow2|table=3|model=Virchow2|embedding=CLS-Only|task=COAD,41054dcfa720f5da2c933cb2a711c9d4618689a990513236b256652865418125,machine_parsed_single_primary_source,parsed_primary_source,Exact leaf result; protocol variants remain distinct and are not deduplicated by dataset name alone.
virchow2g2024,virchow2g_paper,Table 3,hest-read,HEST READ,spatial_transcriptomics,top_50_variable_genes,spatial_transcriptomics_spot,regression,not_reported_by_task,gene_expression_prediction,pearson_r,virchow2_hest_random_forest_cls-only,Virchow2 CLS-Only,virchow-2,paper_reported_checkpoint,0.169,not_reported,virchow2g2024.hest-read.hest-read.virchow2-hest-random-forest-cls-only.pearson-r,virchow2g2024.hest-read.hest-read.virchow2-hest-random-forest-cls-only.pearson-r,task.hest-read.hest-read,artifact.hest-read,https://arxiv.org/pdf/2408.00738,paper=Virchow2|table=3|model=Virchow2|embedding=CLS-Only|task=READ,41054dcfa720f5da2c933cb2a711c9d4618689a990513236b256652865418125,machine_parsed_single_primary_source,parsed_primary_source,Exact leaf result; protocol variants remain distinct and are not deduplicated by dataset name alone.
virchow2g2024,virchow2g_paper,Table 3,hest-ccrcc,HEST CCRCC,spatial_transcriptomics,top_50_variable_genes,spatial_transcriptomics_spot,regression,not_reported_by_task,gene_expression_prediction,pearson_r,virchow2_hest_random_forest_cls-only,Virchow2 CLS-Only,virchow-2,paper_reported_checkpoint,0.224,not_reported,virchow2g2024.hest-ccrcc.hest-ccrcc.virchow2-hest-random-forest-cls-only.pearson-r,virchow2g2024.hest-ccrcc.hest-ccrcc.virchow2-hest-random-forest-cls-only.pearson-r,task.hest-ccrcc.hest-ccrcc,artifact.hest-ccrcc,https://arxiv.org/pdf/2408.00738,paper=Virchow2|table=3|model=Virchow2|embedding=CLS-Only|task=CCRCC,41054dcfa720f5da2c933cb2a711c9d4618689a990513236b256652865418125,machine_parsed_single_primary_source,parsed_primary_source,Exact leaf result; protocol variants remain distinct and are not deduplicated by dataset name alone.
virchow2g2024,virchow2g_paper,Table 3,hest-hcc,HEST HCC,spatial_transcriptomics,top_50_variable_genes,spatial_transcriptomics_spot,regression,not_reported_by_task,gene_expression_prediction,pearson_r,virchow2_hest_random_forest_cls-only,Virchow2 CLS-Only,virchow-2,paper_reported_checkpoint,0.060,not_reported,virchow2g2024.hest-hcc.hest-hcc.virchow2-hest-random-forest-cls-only.pearson-r,virchow2g2024.hest-hcc.hest-hcc.virchow2-hest-random-forest-cls-only.pearson-r,task.hest-hcc.hest-hcc,artifact.hest-hcc,https://arxiv.org/pdf/2408.00738,paper=Virchow2|table=3|model=Virchow2|embedding=CLS-Only|task=HCC,41054dcfa720f5da2c933cb2a711c9d4618689a990513236b256652865418125,machine_parsed_single_primary_source,parsed_primary_source,Exact leaf result; protocol variants remain distinct and are not deduplicated by dataset name alone.
virchow2g2024,virchow2g_paper,Table 3,hest-luad,HEST LUAD,spatial_transcriptomics,top_50_variable_genes,spatial_transcriptomics_spot,regression,not_reported_by_task,gene_expression_prediction,pearson_r,virchow2_hest_random_forest_cls-only,Virchow2 CLS-Only,virchow-2,paper_reported_checkpoint,0.591,not_reported,virchow2g2024.hest-luad.hest-luad.virchow2-hest-random-forest-cls-only.pearson-r,virchow2g2024.hest-luad.hest-luad.virchow2-hest-random-forest-cls-only.pearson-r,task.hest-luad.hest-luad,artifact.hest-luad,https://arxiv.org/pdf/2408.00738,paper=Virchow2|table=3|model=Virchow2|embedding=CLS-Only|task=LUAD,41054dcfa720f5da2c933cb2a711c9d4618689a990513236b256652865418125,machine_parsed_single_primary_source,parsed_primary_source,Exact leaf result; protocol variants remain distinct and are not deduplicated by dataset name alone.
virchow2g2024,virchow2g_paper,Table 3,hest-lidc,HEST LIDC,spatial_transcriptomics,top_50_variable_genes,spatial_transcriptomics_spot,regression,not_reported_by_task,gene_expression_prediction,pearson_r,virchow2_hest_random_forest_cls-only,Virchow2 CLS-Only,virchow-2,paper_reported_checkpoint,0.275,not_reported,virchow2g2024.hest-lidc.hest-lidc.virchow2-hest-random-forest-cls-only.pearson-r,virchow2g2024.hest-lidc.hest-lidc.virchow2-hest-random-forest-cls-only.pearson-r,task.hest-lidc.hest-lidc,artifact.hest-lidc,https://arxiv.org/pdf/2408.00738,paper=Virchow2|table=3|model=Virchow2|embedding=CLS-Only|task=LIDC,41054dcfa720f5da2c933cb2a711c9d4618689a990513236b256652865418125,machine_parsed_single_primary_source,parsed_primary_source,Exact leaf result; protocol variants remain distinct and are not deduplicated by dataset name alone.
virchow2g2024,virchow2g_paper,Table 3,hest-idc,HEST IDC,spatial_transcriptomics,top_50_variable_genes,spatial_transcriptomics_spot,regression,not_reported_by_task,gene_expression_prediction,pearson_r,virchow2_hest_random_forest_cls-mean,Virchow CLS+Mean,virchow,paper_reported_checkpoint,0.545,not_reported,virchow2g2024.hest-idc.hest-idc.virchow2-hest-random-forest-cls-mean.pearson-r,virchow2g2024.hest-idc.hest-idc.virchow2-hest-random-forest-cls-mean.pearson-r,task.hest-idc.hest-idc,artifact.hest-idc,https://arxiv.org/pdf/2408.00738,paper=Virchow2|table=3|model=Virchow|embedding=CLS+Mean|task=IDC,41054dcfa720f5da2c933cb2a711c9d4618689a990513236b256652865418125,machine_parsed_single_primary_source,parsed_primary_source,Exact leaf result; protocol variants remain distinct and are not deduplicated by dataset name alone.
virchow2g2024,virchow2g_paper,Table 3,hest-prad,HEST PRAD,spatial_transcriptomics,top_50_variable_genes,spatial_transcriptomics_spot,regression,not_reported_by_task,gene_expression_prediction,pearson_r,virchow2_hest_random_forest_cls-mean,Virchow CLS+Mean,virchow,paper_reported_checkpoint,0.372,not_reported,virchow2g2024.hest-prad.hest-prad.virchow2-hest-random-forest-cls-mean.pearson-r,virchow2g2024.hest-prad.hest-prad.virchow2-hest-random-forest-cls-mean.pearson-r,task.hest-prad.hest-prad,artifact.hest-prad,https://arxiv.org/pdf/2408.00738,paper=Virchow2|table=3|model=Virchow|embedding=CLS+Mean|task=PRAD,41054dcfa720f5da2c933cb2a711c9d4618689a990513236b256652865418125,machine_parsed_single_primary_source,parsed_primary_source,Exact leaf result; protocol variants remain distinct and are not deduplicated by dataset name alone.
virchow2g2024,virchow2g_paper,Table 3,hest-paad,HEST PAAD,spatial_transcriptomics,top_50_variable_genes,spatial_transcriptomics_spot,regression,not_reported_by_task,gene_expression_prediction,pearson_r,virchow2_hest_random_forest_cls-mean,Virchow CLS+Mean,virchow,paper_reported_checkpoint,0.465,not_reported,virchow2g2024.hest-paad.hest-paad.virchow2-hest-random-forest-cls-mean.pearson-r,virchow2g2024.hest-paad.hest-paad.virchow2-hest-random-forest-cls-mean.pearson-r,task.hest-paad.hest-paad,artifact.hest-paad,https://arxiv.org/pdf/2408.00738,paper=Virchow2|table=3|model=Virchow|embedding=CLS+Mean|task=PAAD,41054dcfa720f5da2c933cb2a711c9d4618689a990513236b256652865418125,machine_parsed_single_primary_source,parsed_primary_source,Exact leaf result; protocol variants remain distinct and are not deduplicated by dataset name alone.
virchow2g2024,virchow2g_paper,Table 3,hest-skcm,HEST SKCM,spatial_transcriptomics,top_50_variable_genes,spatial_transcriptomics_spot,regression,not_reported_by_task,gene_expression_prediction,pearson_r,virchow2_hest_random_forest_cls-mean,Virchow CLS+Mean,virchow,paper_reported_checkpoint,0.624,not_reported,virchow2g2024.hest-skcm.hest-skcm.virchow2-hest-random-forest-cls-mean.pearson-r,virchow2g2024.hest-skcm.hest-skcm.virchow2-hest-random-forest-cls-mean.pearson-r,task.hest-skcm.hest-skcm,artifact.hest-skcm,https://arxiv.org/pdf/2408.00738,paper=Virchow2|table=3|model=Virchow|embedding=CLS+Mean|task=SKCM,41054dcfa720f5da2c933cb2a711c9d4618689a990513236b256652865418125,machine_parsed_single_primary_source,parsed_primary_source,Exact leaf result; protocol variants remain distinct and are not deduplicated by dataset name alone.
virchow2g2024,virchow2g_paper,Table 3,hest-coad,HEST COAD,spatial_transcriptomics,top_50_variable_genes,spatial_transcriptomics_spot,regression,not_reported_by_task,gene_expression_prediction,pearson_r,virchow2_hest_random_forest_cls-mean,Virchow CLS+Mean,virchow,paper_reported_checkpoint,0.159,not_reported,virchow2g2024.hest-coad.hest-coad.virchow2-hest-random-forest-cls-mean.pearson-r,virchow2g2024.hest-coad.hest-coad.virchow2-hest-random-forest-cls-mean.pearson-r,task.hest-coad.hest-coad,artifact.hest-coad,https://arxiv.org/pdf/2408.00738,paper=Virchow2|table=3|model=Virchow|embedding=CLS+Mean|task=COAD,41054dcfa720f5da2c933cb2a711c9d4618689a990513236b256652865418125,machine_parsed_single_primary_source,parsed_primary_source,Exact leaf result; protocol variants remain distinct and are not deduplicated by dataset name alone.
virchow2g2024,virchow2g_paper,Table 3,hest-read,HEST READ,spatial_transcriptomics,top_50_variable_genes,spatial_transcriptomics_spot,regression,not_reported_by_task,gene_expression_prediction,pearson_r,virchow2_hest_random_forest_cls-mean,Virchow CLS+Mean,virchow,paper_reported_checkpoint,0.133,not_reported,virchow2g2024.hest-read.hest-read.virchow2-hest-random-forest-cls-mean.pearson-r,virchow2g2024.hest-read.hest-read.virchow2-hest-random-forest-cls-mean.pearson-r,task.hest-read.hest-read,artifact.hest-read,https://arxiv.org/pdf/2408.00738,paper=Virchow2|table=3|model=Virchow|embedding=CLS+Mean|task=READ,41054dcfa720f5da2c933cb2a711c9d4618689a990513236b256652865418125,machine_parsed_single_primary_source,parsed_primary_source,Exact leaf result; protocol variants remain distinct and are not deduplicated by dataset name alone.
virchow2g2024,virchow2g_paper,Table 3,hest-ccrcc,HEST CCRCC,spatial_transcriptomics,top_50_variable_genes,spatial_transcriptomics_spot,regression,not_reported_by_task,gene_expression_prediction,pearson_r,virchow2_hest_random_forest_cls-mean,Virchow CLS+Mean,virchow,paper_reported_checkpoint,0.211,not_reported,virchow2g2024.hest-ccrcc.hest-ccrcc.virchow2-hest-random-forest-cls-mean.pearson-r,virchow2g2024.hest-ccrcc.hest-ccrcc.virchow2-hest-random-forest-cls-mean.pearson-r,task.hest-ccrcc.hest-ccrcc,artifact.hest-ccrcc,https://arxiv.org/pdf/2408.00738,paper=Virchow2|table=3|model=Virchow|embedding=CLS+Mean|task=CCRCC,41054dcfa720f5da2c933cb2a711c9d4618689a990513236b256652865418125,machine_parsed_single_primary_source,parsed_primary_source,Exact leaf result; protocol variants remain distinct and are not deduplicated by dataset name alone.
virchow2g2024,virchow2g_paper,Table 3,hest-hcc,HEST HCC,spatial_transcriptomics,top_50_variable_genes,spatial_transcriptomics_spot,regression,not_reported_by_task,gene_expression_prediction,pearson_r,virchow2_hest_random_forest_cls-mean,Virchow CLS+Mean,virchow,paper_reported_checkpoint,0.065,not_reported,virchow2g2024.hest-hcc.hest-hcc.virchow2-hest-random-forest-cls-mean.pearson-r,virchow2g2024.hest-hcc.hest-hcc.virchow2-hest-random-forest-cls-mean.pearson-r,task.hest-hcc.hest-hcc,artifact.hest-hcc,https://arxiv.org/pdf/2408.00738,paper=Virchow2|table=3|model=Virchow|embedding=CLS+Mean|task=HCC,41054dcfa720f5da2c933cb2a711c9d4618689a990513236b256652865418125,machine_parsed_single_primary_source,parsed_primary_source,Exact leaf result; protocol variants remain distinct and are not deduplicated by dataset name alone.
virchow2g2024,virchow2g_paper,Table 3,hest-luad,HEST LUAD,spatial_transcriptomics,top_50_variable_genes,spatial_transcriptomics_spot,regression,not_reported_by_task,gene_expression_prediction,pearson_r,virchow2_hest_random_forest_cls-mean,Virchow CLS+Mean,virchow,paper_reported_checkpoint,0.601,not_reported,virchow2g2024.hest-luad.hest-luad.virchow2-hest-random-forest-cls-mean.pearson-r,virchow2g2024.hest-luad.hest-luad.virchow2-hest-random-forest-cls-mean.pearson-r,task.hest-luad.hest-luad,artifact.hest-luad,https://arxiv.org/pdf/2408.00738,paper=Virchow2|table=3|model=Virchow|embedding=CLS+Mean|task=LUAD,41054dcfa720f5da2c933cb2a711c9d4618689a990513236b256652865418125,machine_parsed_single_primary_source,parsed_primary_source,Exact leaf result; protocol variants remain distinct and are not deduplicated by dataset name alone.
virchow2g2024,virchow2g_paper,Table 3,hest-lidc,HEST LIDC,spatial_transcriptomics,top_50_variable_genes,spatial_transcriptomics_spot,regression,not_reported_by_task,gene_expression_prediction,pearson_r,virchow2_hest_random_forest_cls-mean,Virchow CLS+Mean,virchow,paper_reported_checkpoint,0.269,not_reported,virchow2g2024.hest-lidc.hest-lidc.virchow2-hest-random-forest-cls-mean.pearson-r,virchow2g2024.hest-lidc.hest-lidc.virchow2-hest-random-forest-cls-mean.pearson-r,task.hest-lidc.hest-lidc,artifact.hest-lidc,https://arxiv.org/pdf/2408.00738,paper=Virchow2|table=3|model=Virchow|embedding=CLS+Mean|task=LIDC,41054dcfa720f5da2c933cb2a711c9d4618689a990513236b256652865418125,machine_parsed_single_primary_source,parsed_primary_source,Exact leaf result; protocol variants remain distinct and are not deduplicated by dataset name alone.
virchow2g2024,virchow2g_paper,Table 3,hest-idc,HEST IDC,spatial_transcriptomics,top_50_variable_genes,spatial_transcriptomics_spot,regression,not_reported_by_task,gene_expression_prediction,pearson_r,virchow2_hest_random_forest_cls-only,Virchow CLS-Only,virchow,paper_reported_checkpoint,0.529,not_reported,virchow2g2024.hest-idc.hest-idc.virchow2-hest-random-forest-cls-only.pearson-r,virchow2g2024.hest-idc.hest-idc.virchow2-hest-random-forest-cls-only.pearson-r,task.hest-idc.hest-idc,artifact.hest-idc,https://arxiv.org/pdf/2408.00738,paper=Virchow2|table=3|model=Virchow|embedding=CLS-Only|task=IDC,41054dcfa720f5da2c933cb2a711c9d4618689a990513236b256652865418125,machine_parsed_single_primary_source,parsed_primary_source,Exact leaf result; protocol variants remain distinct and are not deduplicated by dataset name alone.
virchow2g2024,virchow2g_paper,Table 3,hest-prad,HEST PRAD,spatial_transcriptomics,top_50_variable_genes,spatial_transcriptomics_spot,regression,not_reported_by_task,gene_expression_prediction,pearson_r,virchow2_hest_random_forest_cls-only,Virchow CLS-Only,virchow,paper_reported_checkpoint,0.364,not_reported,virchow2g2024.hest-prad.hest-prad.virchow2-hest-random-forest-cls-only.pearson-r,virchow2g2024.hest-prad.hest-prad.virchow2-hest-random-forest-cls-only.pearson-r,task.hest-prad.hest-prad,artifact.hest-prad,https://arxiv.org/pdf/2408.00738,paper=Virchow2|table=3|model=Virchow|embedding=CLS-Only|task=PRAD,41054dcfa720f5da2c933cb2a711c9d4618689a990513236b256652865418125,machine_parsed_single_primary_source,parsed_primary_source,Exact leaf result; protocol variants remain distinct and are not deduplicated by dataset name alone.
virchow2g2024,virchow2g_paper,Table 3,hest-paad,HEST PAAD,spatial_transcriptomics,top_50_variable_genes,spatial_transcriptomics_spot,regression,not_reported_by_task,gene_expression_prediction,pearson_r,virchow2_hest_random_forest_cls-only,Virchow CLS-Only,virchow,paper_reported_checkpoint,0.431,not_reported,virchow2g2024.hest-paad.hest-paad.virchow2-hest-random-forest-cls-only.pearson-r,virchow2g2024.hest-paad.hest-paad.virchow2-hest-random-forest-cls-only.pearson-r,task.hest-paad.hest-paad,artifact.hest-paad,https://arxiv.org/pdf/2408.00738,paper=Virchow2|table=3|model=Virchow|embedding=CLS-Only|task=PAAD,41054dcfa720f5da2c933cb2a711c9d4618689a990513236b256652865418125,machine_parsed_single_primary_source,parsed_primary_source,Exact leaf result; protocol variants remain distinct and are not deduplicated by dataset name alone.
virchow2g2024,virchow2g_paper,Table 3,hest-skcm,HEST SKCM,spatial_transcriptomics,top_50_variable_genes,spatial_transcriptomics_spot,regression,not_reported_by_task,gene_expression_prediction,pearson_r,virchow2_hest_random_forest_cls-only,Virchow CLS-Only,virchow,paper_reported_checkpoint,0.612,not_reported,virchow2g2024.hest-skcm.hest-skcm.virchow2-hest-random-forest-cls-only.pearson-r,virchow2g2024.hest-skcm.hest-skcm.virchow2-hest-random-forest-cls-only.pearson-r,task.hest-skcm.hest-skcm,artifact.hest-skcm,https://arxiv.org/pdf/2408.00738,paper=Virchow2|table=3|model=Virchow|embedding=CLS-Only|task=SKCM,41054dcfa720f5da2c933cb2a711c9d4618689a990513236b256652865418125,machine_parsed_single_primary_source,parsed_primary_source,Exact leaf result; protocol variants remain distinct and are not deduplicated by dataset name alone.
virchow2g2024,virchow2g_paper,Table 3,hest-coad,HEST COAD,spatial_transcriptomics,top_50_variable_genes,spatial_transcriptomics_spot,regression,not_reported_by_task,gene_expression_prediction,pearson_r,virchow2_hest_random_forest_cls-only,Virchow CLS-Only,virchow,paper_reported_checkpoint,0.150,not_reported,virchow2g2024.hest-coad.hest-coad.virchow2-hest-random-forest-cls-only.pearson-r,virchow2g2024.hest-coad.hest-coad.virchow2-hest-random-forest-cls-only.pearson-r,task.hest-coad.hest-coad,artifact.hest-coad,https://arxiv.org/pdf/2408.00738,paper=Virchow2|table=3|model=Virchow|embedding=CLS-Only|task=COAD,41054dcfa720f5da2c933cb2a711c9d4618689a990513236b256652865418125,machine_parsed_single_primary_source,parsed_primary_source,Exact leaf result; protocol variants remain distinct and are not deduplicated by dataset name alone.
virchow2g2024,virchow2g_paper,Table 3,hest-read,HEST READ,spatial_transcriptomics,top_50_variable_genes,spatial_transcriptomics_spot,regression,not_reported_by_task,gene_expression_prediction,pearson_r,virchow2_hest_random_forest_cls-only,Virchow CLS-Only,virchow,paper_reported_checkpoint,0.120,not_reported,virchow2g2024.hest-read.hest-read.virchow2-hest-random-forest-cls-only.pearson-r,virchow2g2024.hest-read.hest-read.virchow2-hest-random-forest-cls-only.pearson-r,task.hest-read.hest-read,artifact.hest-read,https://arxiv.org/pdf/2408.00738,paper=Virchow2|table=3|model=Virchow|embedding=CLS-Only|task=READ,41054dcfa720f5da2c933cb2a711c9d4618689a990513236b256652865418125,machine_parsed_single_primary_source,parsed_primary_source,Exact leaf result; protocol variants remain distinct and are not deduplicated by dataset name alone.
virchow2g2024,virchow2g_paper,Table 3,hest-ccrcc,HEST CCRCC,spatial_transcriptomics,top_50_variable_genes,spatial_transcriptomics_spot,regression,not_reported_by_task,gene_expression_prediction,pearson_r,virchow2_hest_random_forest_cls-only,Virchow CLS-Only,virchow,paper_reported_checkpoint,0.205,not_reported,virchow2g2024.hest-ccrcc.hest-ccrcc.virchow2-hest-random-forest-cls-only.pearson-r,virchow2g2024.hest-ccrcc.hest-ccrcc.virchow2-hest-random-forest-cls-only.pearson-r,task.hest-ccrcc.hest-ccrcc,artifact.hest-ccrcc,https://arxiv.org/pdf/2408.00738,paper=Virchow2|table=3|model=Virchow|embedding=CLS-Only|task=CCRCC,41054dcfa720f5da2c933cb2a711c9d4618689a990513236b256652865418125,machine_parsed_single_primary_source,parsed_primary_source,Exact leaf result; protocol variants remain distinct and are not deduplicated by dataset name alone.
virchow2g2024,virchow2g_paper,Table 3,hest-hcc,HEST HCC,spatial_transcriptomics,top_50_variable_genes,spatial_transcriptomics_spot,regression,not_reported_by_task,gene_expression_prediction,pearson_r,virchow2_hest_random_forest_cls-only,Virchow CLS-Only,virchow,paper_reported_checkpoint,0.065,not_reported,virchow2g2024.hest-hcc.hest-hcc.virchow2-hest-random-forest-cls-only.pearson-r,virchow2g2024.hest-hcc.hest-hcc.virchow2-hest-random-forest-cls-only.pearson-r,task.hest-hcc.hest-hcc,artifact.hest-hcc,https://arxiv.org/pdf/2408.00738,paper=Virchow2|table=3|model=Virchow|embedding=CLS-Only|task=HCC,41054dcfa720f5da2c933cb2a711c9d4618689a990513236b256652865418125,machine_parsed_single_primary_source,parsed_primary_source,Exact leaf result; protocol variants remain distinct and are not deduplicated by dataset name alone.
virchow2g2024,virchow2g_paper,Table 3,hest-luad,HEST LUAD,spatial_transcriptomics,top_50_variable_genes,spatial_transcriptomics_spot,regression,not_reported_by_task,gene_expression_prediction,pearson_r,virchow2_hest_random_forest_cls-only,Virchow CLS-Only,virchow,paper_reported_checkpoint,0.584,not_reported,virchow2g2024.hest-luad.hest-luad.virchow2-hest-random-forest-cls-only.pearson-r,virchow2g2024.hest-luad.hest-luad.virchow2-hest-random-forest-cls-only.pearson-r,task.hest-luad.hest-luad,artifact.hest-luad,https://arxiv.org/pdf/2408.00738,paper=Virchow2|table=3|model=Virchow|embedding=CLS-Only|task=LUAD,41054dcfa720f5da2c933cb2a711c9d4618689a990513236b256652865418125,machine_parsed_single_primary_source,parsed_primary_source,Exact leaf result; protocol variants remain distinct and are not deduplicated by dataset name alone.
virchow2g2024,virchow2g_paper,Table 3,hest-lidc,HEST LIDC,spatial_transcriptomics,top_50_variable_genes,spatial_transcriptomics_spot,regression,not_reported_by_task,gene_expression_prediction,pearson_r,virchow2_hest_random_forest_cls-only,Virchow CLS-Only,virchow,paper_reported_checkpoint,0.274,not_reported,virchow2g2024.hest-lidc.hest-lidc.virchow2-hest-random-forest-cls-only.pearson-r,virchow2g2024.hest-lidc.hest-lidc.virchow2-hest-random-forest-cls-only.pearson-r,task.hest-lidc.hest-lidc,artifact.hest-lidc,https://arxiv.org/pdf/2408.00738,paper=Virchow2|table=3|model=Virchow|embedding=CLS-Only|task=LIDC,41054dcfa720f5da2c933cb2a711c9d4618689a990513236b256652865418125,machine_parsed_single_primary_source,parsed_primary_source,Exact leaf result; protocol variants remain distinct and are not deduplicated by dataset name alone.
titan2025,titan_paper,Supplementary Table 26,tcga-brca,TCGA-BRCA breast subtype,morphological_subtyping,subtype,slide,classification,984,slide_level_classification,auroc,titan2025_frozen_logistic_regression,TITAN-V vision-only,titan-v-slide,github:mahmoodlab/TITAN@9e34c66ff66445c6c590da0dbf7acc103d39a40b,0.948,reported_error=0.0146,titan2025.tcga-brca.tcga-brca-breast-subtype.titan2025-frozen-logistic-regression.auroc,titan2025.tcga-brca.tcga-brca-breast-subtype.titan2025-frozen-logistic-regression.auroc,task.tcga-brca.tcga-brca-breast-subtype,artifact.tcga-brca,https://media.springernature.com/original/springer-static/esm/art%3A10.1038%2Fs41591-025-03982-3/MediaObjects/41591_2025_3982_MOESM1_ESM.pdf,paper=TITAN|supplementary_table=26|model=TITANV|evaluator=logistic_regression|metric=auroc,26321e4018bec7b80f2fe7ea7cc497139c83b44fb60df5128417623ad1f71a70,machine_parsed_single_primary_source,parsed_primary_source,Exact leaf result; protocol variants remain distinct and are not deduplicated by dataset name alone.
titan2025,titan_paper,Supplementary Table 26,tcga-brca,TCGA-BRCA breast subtype,morphological_subtyping,subtype,slide,classification,984,slide_level_classification,balanced_accuracy,titan2025_frozen_logistic_regression,TITAN-V vision-only,titan-v-slide,github:mahmoodlab/TITAN@9e34c66ff66445c6c590da0dbf7acc103d39a40b,0.848,reported_error=0.0376,titan2025.tcga-brca.tcga-brca-breast-subtype.titan2025-frozen-logistic-regression.balanced-accuracy,titan2025.tcga-brca.tcga-brca-breast-subtype.titan2025-frozen-logistic-regression.balanced-accuracy,task.tcga-brca.tcga-brca-breast-subtype,artifact.tcga-brca,https://media.springernature.com/original/springer-static/esm/art%3A10.1038%2Fs41591-025-03982-3/MediaObjects/41591_2025_3982_MOESM1_ESM.pdf,paper=TITAN|supplementary_table=26|model=TITANV|evaluator=logistic_regression|metric=balanced_accuracy,26321e4018bec7b80f2fe7ea7cc497139c83b44fb60df5128417623ad1f71a70,machine_parsed_single_primary_source,parsed_primary_source,Exact leaf result; protocol variants remain distinct and are not deduplicated by dataset name alone.
titan2025,titan_paper,Supplementary Table 26,tcga-brca,TCGA-BRCA breast subtype,morphological_subtyping,subtype,slide,classification,984,slide_level_classification,balanced_accuracy,titan2025_frozen_simpleshot,TITAN-V vision-only,titan-v-slide,github:mahmoodlab/TITAN@9e34c66ff66445c6c590da0dbf7acc103d39a40b,0.885,reported_error=0.0290,titan2025.tcga-brca.tcga-brca-breast-subtype.titan2025-frozen-simpleshot.balanced-accuracy,titan2025.tcga-brca.tcga-brca-breast-subtype.titan2025-frozen-simpleshot.balanced-accuracy,task.tcga-brca.tcga-brca-breast-subtype,artifact.tcga-brca,https://media.springernature.com/original/springer-static/esm/art%3A10.1038%2Fs41591-025-03982-3/MediaObjects/41591_2025_3982_MOESM1_ESM.pdf,paper=TITAN|supplementary_table=26|model=TITANV|evaluator=simpleshot|metric=balanced_accuracy,26321e4018bec7b80f2fe7ea7cc497139c83b44fb60df5128417623ad1f71a70,machine_parsed_single_primary_source,parsed_primary_source,Exact leaf result; protocol variants remain distinct and are not deduplicated by dataset name alone.
titan2025,titan_paper,Supplementary Table 26,tcga-brca,TCGA-BRCA breast subtype,morphological_subtyping,subtype,slide,classification,984,slide_level_classification,weighted_f1,titan2025_frozen_simpleshot,TITAN-V vision-only,titan-v-slide,github:mahmoodlab/TITAN@9e34c66ff66445c6c590da0dbf7acc103d39a40b,0.905,reported_error=0.0265,titan2025.tcga-brca.tcga-brca-breast-subtype.titan2025-frozen-simpleshot.weighted-f1,titan2025.tcga-brca.tcga-brca-breast-subtype.titan2025-frozen-simpleshot.weighted-f1,task.tcga-brca.tcga-brca-breast-subtype,artifact.tcga-brca,https://media.springernature.com/original/springer-static/esm/art%3A10.1038%2Fs41591-025-03982-3/MediaObjects/41591_2025_3982_MOESM1_ESM.pdf,paper=TITAN|supplementary_table=26|model=TITANV|evaluator=simpleshot|metric=weighted_f1,26321e4018bec7b80f2fe7ea7cc497139c83b44fb60df5128417623ad1f71a70,machine_parsed_single_primary_source,parsed_primary_source,Exact leaf result; protocol variants remain distinct and are not deduplicated by dataset name alone.
titan2025,titan_paper,Supplementary Table 26,tcga-brca,TCGA-BRCA breast subtype,morphological_subtyping,subtype,slide,classification,984,slide_level_classification,balanced_accuracy,titan2025_frozen_20_nearest_neighbors,TITAN-V vision-only,titan-v-slide,github:mahmoodlab/TITAN@9e34c66ff66445c6c590da0dbf7acc103d39a40b,0.875,reported_error=0.0428,titan2025.tcga-brca.tcga-brca-breast-subtype.titan2025-frozen-20-nearest-neighbors.balanced-accuracy,titan2025.tcga-brca.tcga-brca-breast-subtype.titan2025-frozen-20-nearest-neighbors.balanced-accuracy,task.tcga-brca.tcga-brca-breast-subtype,artifact.tcga-brca,https://media.springernature.com/original/springer-static/esm/art%3A10.1038%2Fs41591-025-03982-3/MediaObjects/41591_2025_3982_MOESM1_ESM.pdf,paper=TITAN|supplementary_table=26|model=TITANV|evaluator=20_nearest_neighbors|metric=balanced_accuracy,26321e4018bec7b80f2fe7ea7cc497139c83b44fb60df5128417623ad1f71a70,machine_parsed_single_primary_source,parsed_primary_source,Exact leaf result; protocol variants remain distinct and are not deduplicated by dataset name alone.
titan2025,titan_paper,Supplementary Table 26,tcga-brca,TCGA-BRCA breast subtype,morphological_subtyping,subtype,slide,classification,984,slide_level_classification,weighted_f1,titan2025_frozen_20_nearest_neighbors,TITAN-V vision-only,titan-v-slide,github:mahmoodlab/TITAN@9e34c66ff66445c6c590da0dbf7acc103d39a40b,0.921,reported_error=0.0180,titan2025.tcga-brca.tcga-brca-breast-subtype.titan2025-frozen-20-nearest-neighbors.weighted-f1,titan2025.tcga-brca.tcga-brca-breast-subtype.titan2025-frozen-20-nearest-neighbors.weighted-f1,task.tcga-brca.tcga-brca-breast-subtype,artifact.tcga-brca,https://media.springernature.com/original/springer-static/esm/art%3A10.1038%2Fs41591-025-03982-3/MediaObjects/41591_2025_3982_MOESM1_ESM.pdf,paper=TITAN|supplementary_table=26|model=TITANV|evaluator=20_nearest_neighbors|metric=weighted_f1,26321e4018bec7b80f2fe7ea7cc497139c83b44fb60df5128417623ad1f71a70,machine_parsed_single_primary_source,parsed_primary_source,Exact leaf result; protocol variants remain distinct and are not deduplicated by dataset name alone.
titan2025,titan_paper,Supplementary Table 26,tcga-brca,TCGA-BRCA breast subtype,morphological_subtyping,subtype,slide,classification,984,slide_level_classification,auroc,titan2025_frozen_logistic_regression,TITAN vision-language,titan-slide,github:mahmoodlab/TITAN@9e34c66ff66445c6c590da0dbf7acc103d39a40b,0.945,reported_error=0.0174,titan2025.tcga-brca.tcga-brca-breast-subtype.titan2025-frozen-logistic-regression.auroc,titan2025.tcga-brca.tcga-brca-breast-subtype.titan2025-frozen-logistic-regression.auroc,task.tcga-brca.tcga-brca-breast-subtype,artifact.tcga-brca,https://media.springernature.com/original/springer-static/esm/art%3A10.1038%2Fs41591-025-03982-3/MediaObjects/41591_2025_3982_MOESM1_ESM.pdf,paper=TITAN|supplementary_table=26|model=TITAN|evaluator=logistic_regression|metric=auroc,26321e4018bec7b80f2fe7ea7cc497139c83b44fb60df5128417623ad1f71a70,machine_parsed_single_primary_source,parsed_primary_source,Exact leaf result; protocol variants remain distinct and are not deduplicated by dataset name alone.
titan2025,titan_paper,Supplementary Table 26,tcga-brca,TCGA-BRCA breast subtype,morphological_subtyping,subtype,slide,classification,984,slide_level_classification,balanced_accuracy,titan2025_frozen_logistic_regression,TITAN vision-language,titan-slide,github:mahmoodlab/TITAN@9e34c66ff66445c6c590da0dbf7acc103d39a40b,0.848,reported_error=0.0293,titan2025.tcga-brca.tcga-brca-breast-subtype.titan2025-frozen-logistic-regression.balanced-accuracy,titan2025.tcga-brca.tcga-brca-breast-subtype.titan2025-frozen-logistic-regression.balanced-accuracy,task.tcga-brca.tcga-brca-breast-subtype,artifact.tcga-brca,https://media.springernature.com/original/springer-static/esm/art%3A10.1038%2Fs41591-025-03982-3/MediaObjects/41591_2025_3982_MOESM1_ESM.pdf,paper=TITAN|supplementary_table=26|model=TITAN|evaluator=logistic_regression|metric=balanced_accuracy,26321e4018bec7b80f2fe7ea7cc497139c83b44fb60df5128417623ad1f71a70,machine_parsed_single_primary_source,parsed_primary_source,Exact leaf result; protocol variants remain distinct and are not deduplicated by dataset name alone.
titan2025,titan_paper,Supplementary Table 26,tcga-brca,TCGA-BRCA breast subtype,morphological_subtyping,subtype,slide,classification,984,slide_level_classification,balanced_accuracy,titan2025_frozen_simpleshot,TITAN vision-language,titan-slide,github:mahmoodlab/TITAN@9e34c66ff66445c6c590da0dbf7acc103d39a40b,0.892,reported_error=0.0271,titan2025.tcga-brca.tcga-brca-breast-subtype.titan2025-frozen-simpleshot.balanced-accuracy,titan2025.tcga-brca.tcga-brca-breast-subtype.titan2025-frozen-simpleshot.balanced-accuracy,task.tcga-brca.tcga-brca-breast-subtype,artifact.tcga-brca,https://media.springernature.com/original/springer-static/esm/art%3A10.1038%2Fs41591-025-03982-3/MediaObjects/41591_2025_3982_MOESM1_ESM.pdf,paper=TITAN|supplementary_table=26|model=TITAN|evaluator=simpleshot|metric=balanced_accuracy,26321e4018bec7b80f2fe7ea7cc497139c83b44fb60df5128417623ad1f71a70,machine_parsed_single_primary_source,parsed_primary_source,Exact leaf result; protocol variants remain distinct and are not deduplicated by dataset name alone.
titan2025,titan_paper,Supplementary Table 26,tcga-brca,TCGA-BRCA breast subtype,morphological_subtyping,subtype,slide,classification,984,slide_level_classification,weighted_f1,titan2025_frozen_simpleshot,TITAN vision-language,titan-slide,github:mahmoodlab/TITAN@9e34c66ff66445c6c590da0dbf7acc103d39a40b,0.903,reported_error=0.0192,titan2025.tcga-brca.tcga-brca-breast-subtype.titan2025-frozen-simpleshot.weighted-f1,titan2025.tcga-brca.tcga-brca-breast-subtype.titan2025-frozen-simpleshot.weighted-f1,task.tcga-brca.tcga-brca-breast-subtype,artifact.tcga-brca,https://media.springernature.com/original/springer-static/esm/art%3A10.1038%2Fs41591-025-03982-3/MediaObjects/41591_2025_3982_MOESM1_ESM.pdf,paper=TITAN|supplementary_table=26|model=TITAN|evaluator=simpleshot|metric=weighted_f1,26321e4018bec7b80f2fe7ea7cc497139c83b44fb60df5128417623ad1f71a70,machine_parsed_single_primary_source,parsed_primary_source,Exact leaf result; protocol variants remain distinct and are not deduplicated by dataset name alone.
titan2025,titan_paper,Supplementary Table 26,tcga-brca,TCGA-BRCA breast subtype,morphological_subtyping,subtype,slide,classification,984,slide_level_classification,balanced_accuracy,titan2025_frozen_20_nearest_neighbors,TITAN vision-language,titan-slide,github:mahmoodlab/TITAN@9e34c66ff66445c6c590da0dbf7acc103d39a40b,0.902,reported_error=0.0268,titan2025.tcga-brca.tcga-brca-breast-subtype.titan2025-frozen-20-nearest-neighbors.balanced-accuracy,titan2025.tcga-brca.tcga-brca-breast-subtype.titan2025-frozen-20-nearest-neighbors.balanced-accuracy,task.tcga-brca.tcga-brca-breast-subtype,artifact.tcga-brca,https://media.springernature.com/original/springer-static/esm/art%3A10.1038%2Fs41591-025-03982-3/MediaObjects/41591_2025_3982_MOESM1_ESM.pdf,paper=TITAN|supplementary_table=26|model=TITAN|evaluator=20_nearest_neighbors|metric=balanced_accuracy,26321e4018bec7b80f2fe7ea7cc497139c83b44fb60df5128417623ad1f71a70,machine_parsed_single_primary_source,parsed_primary_source,Exact leaf result; protocol variants remain distinct and are not deduplicated by dataset name alone.
titan2025,titan_paper,Supplementary Table 26,tcga-brca,TCGA-BRCA breast subtype,morphological_subtyping,subtype,slide,classification,984,slide_level_classification,weighted_f1,titan2025_frozen_20_nearest_neighbors,TITAN vision-language,titan-slide,github:mahmoodlab/TITAN@9e34c66ff66445c6c590da0dbf7acc103d39a40b,0.926,reported_error=0.0162,titan2025.tcga-brca.tcga-brca-breast-subtype.titan2025-frozen-20-nearest-neighbors.weighted-f1,titan2025.tcga-brca.tcga-brca-breast-subtype.titan2025-frozen-20-nearest-neighbors.weighted-f1,task.tcga-brca.tcga-brca-breast-subtype,artifact.tcga-brca,https://media.springernature.com/original/springer-static/esm/art%3A10.1038%2Fs41591-025-03982-3/MediaObjects/41591_2025_3982_MOESM1_ESM.pdf,paper=TITAN|supplementary_table=26|model=TITAN|evaluator=20_nearest_neighbors|metric=weighted_f1,26321e4018bec7b80f2fe7ea7cc497139c83b44fb60df5128417623ad1f71a70,machine_parsed_single_primary_source,parsed_primary_source,Exact leaf result; protocol variants remain distinct and are not deduplicated by dataset name alone.
titan2025,titan_paper,Supplementary Table 29,bracs,BRACS fine subtype,morphological_subtyping,subtype_7_class,slide,classification,189,slide_level_classification,balanced_accuracy,titan2025_frozen_logistic_regression,TITAN-V vision-only,titan-v-slide,github:mahmoodlab/TITAN@9e34c66ff66445c6c590da0dbf7acc103d39a40b,0.404,reported_error=0.0409,titan2025.bracs.bracs-fine-subtype.titan2025-frozen-logistic-regression.balanced-accuracy,titan2025.bracs.bracs-fine-subtype.titan2025-frozen-logistic-regression.balanced-accuracy,task.bracs.bracs-fine-subtype,artifact.bracs,https://media.springernature.com/original/springer-static/esm/art%3A10.1038%2Fs41591-025-03982-3/MediaObjects/41591_2025_3982_MOESM1_ESM.pdf,paper=TITAN|supplementary_table=29|model=TITANV|evaluator=logistic_regression|metric=balanced_accuracy,26321e4018bec7b80f2fe7ea7cc497139c83b44fb60df5128417623ad1f71a70,machine_parsed_single_primary_source,parsed_primary_source,Exact leaf result; protocol variants remain distinct and are not deduplicated by dataset name alone.
titan2025,titan_paper,Supplementary Table 29,bracs,BRACS fine subtype,morphological_subtyping,subtype_7_class,slide,classification,189,slide_level_classification,weighted_f1,titan2025_frozen_logistic_regression,TITAN-V vision-only,titan-v-slide,github:mahmoodlab/TITAN@9e34c66ff66445c6c590da0dbf7acc103d39a40b,0.521,reported_error=0.0836,titan2025.bracs.bracs-fine-subtype.titan2025-frozen-logistic-regression.weighted-f1,titan2025.bracs.bracs-fine-subtype.titan2025-frozen-logistic-regression.weighted-f1,task.bracs.bracs-fine-subtype,artifact.bracs,https://media.springernature.com/original/springer-static/esm/art%3A10.1038%2Fs41591-025-03982-3/MediaObjects/41591_2025_3982_MOESM1_ESM.pdf,paper=TITAN|supplementary_table=29|model=TITANV|evaluator=logistic_regression|metric=weighted_f1,26321e4018bec7b80f2fe7ea7cc497139c83b44fb60df5128417623ad1f71a70,machine_parsed_single_primary_source,parsed_primary_source,Exact leaf result; protocol variants remain distinct and are not deduplicated by dataset name alone.
titan2025,titan_paper,Supplementary Table 29,bracs,BRACS fine subtype,morphological_subtyping,subtype_7_class,slide,classification,189,slide_level_classification,balanced_accuracy,titan2025_frozen_simpleshot,TITAN-V vision-only,titan-v-slide,github:mahmoodlab/TITAN@9e34c66ff66445c6c590da0dbf7acc103d39a40b,0.424,reported_error=0.0554,titan2025.bracs.bracs-fine-subtype.titan2025-frozen-simpleshot.balanced-accuracy,titan2025.bracs.bracs-fine-subtype.titan2025-frozen-simpleshot.balanced-accuracy,task.bracs.bracs-fine-subtype,artifact.bracs,https://media.springernature.com/original/springer-static/esm/art%3A10.1038%2Fs41591-025-03982-3/MediaObjects/41591_2025_3982_MOESM1_ESM.pdf,paper=TITAN|supplementary_table=29|model=TITANV|evaluator=simpleshot|metric=balanced_accuracy,26321e4018bec7b80f2fe7ea7cc497139c83b44fb60df5128417623ad1f71a70,machine_parsed_single_primary_source,parsed_primary_source,Exact leaf result; protocol variants remain distinct and are not deduplicated by dataset name alone.
titan2025,titan_paper,Supplementary Table 29,bracs,BRACS fine subtype,morphological_subtyping,subtype_7_class,slide,classification,189,slide_level_classification,weighted_f1,titan2025_frozen_simpleshot,TITAN-V vision-only,titan-v-slide,github:mahmoodlab/TITAN@9e34c66ff66445c6c590da0dbf7acc103d39a40b,0.478,reported_error=0.1046,titan2025.bracs.bracs-fine-subtype.titan2025-frozen-simpleshot.weighted-f1,titan2025.bracs.bracs-fine-subtype.titan2025-frozen-simpleshot.weighted-f1,task.bracs.bracs-fine-subtype,artifact.bracs,https://media.springernature.com/original/springer-static/esm/art%3A10.1038%2Fs41591-025-03982-3/MediaObjects/41591_2025_3982_MOESM1_ESM.pdf,paper=TITAN|supplementary_table=29|model=TITANV|evaluator=simpleshot|metric=weighted_f1,26321e4018bec7b80f2fe7ea7cc497139c83b44fb60df5128417623ad1f71a70,machine_parsed_single_primary_source,parsed_primary_source,Exact leaf result; protocol variants remain distinct and are not deduplicated by dataset name alone.
titan2025,titan_paper,Supplementary Table 29,bracs,BRACS fine subtype,morphological_subtyping,subtype_7_class,slide,classification,189,slide_level_classification,balanced_accuracy,titan2025_frozen_20_nearest_neighbors,TITAN-V vision-only,titan-v-slide,github:mahmoodlab/TITAN@9e34c66ff66445c6c590da0dbf7acc103d39a40b,0.349,reported_error=0.0375,titan2025.bracs.bracs-fine-subtype.titan2025-frozen-20-nearest-neighbors.balanced-accuracy,titan2025.bracs.bracs-fine-subtype.titan2025-frozen-20-nearest-neighbors.balanced-accuracy,task.bracs.bracs-fine-subtype,artifact.bracs,https://media.springernature.com/original/springer-static/esm/art%3A10.1038%2Fs41591-025-03982-3/MediaObjects/41591_2025_3982_MOESM1_ESM.pdf,paper=TITAN|supplementary_table=29|model=TITANV|evaluator=20_nearest_neighbors|metric=balanced_accuracy,26321e4018bec7b80f2fe7ea7cc497139c83b44fb60df5128417623ad1f71a70,machine_parsed_single_primary_source,parsed_primary_source,Exact leaf result; protocol variants remain distinct and are not deduplicated by dataset name alone.
titan2025,titan_paper,Supplementary Table 29,bracs,BRACS fine subtype,morphological_subtyping,subtype_7_class,slide,classification,189,slide_level_classification,weighted_f1,titan2025_frozen_20_nearest_neighbors,TITAN-V vision-only,titan-v-slide,github:mahmoodlab/TITAN@9e34c66ff66445c6c590da0dbf7acc103d39a40b,0.466,reported_error=0.0884,titan2025.bracs.bracs-fine-subtype.titan2025-frozen-20-nearest-neighbors.weighted-f1,titan2025.bracs.bracs-fine-subtype.titan2025-frozen-20-nearest-neighbors.weighted-f1,task.bracs.bracs-fine-subtype,artifact.bracs,https://media.springernature.com/original/springer-static/esm/art%3A10.1038%2Fs41591-025-03982-3/MediaObjects/41591_2025_3982_MOESM1_ESM.pdf,paper=TITAN|supplementary_table=29|model=TITANV|evaluator=20_nearest_neighbors|metric=weighted_f1,26321e4018bec7b80f2fe7ea7cc497139c83b44fb60df5128417623ad1f71a70,machine_parsed_single_primary_source,parsed_primary_source,Exact leaf result; protocol variants remain distinct and are not deduplicated by dataset name alone.
titan2025,titan_paper,Supplementary Table 29,bracs,BRACS fine subtype,morphological_subtyping,subtype_7_class,slide,classification,189,slide_level_classification,balanced_accuracy,titan2025_frozen_logistic_regression,TITAN vision-language,titan-slide,github:mahmoodlab/TITAN@9e34c66ff66445c6c590da0dbf7acc103d39a40b,0.400,reported_error=0.0259,titan2025.bracs.bracs-fine-subtype.titan2025-frozen-logistic-regression.balanced-accuracy,titan2025.bracs.bracs-fine-subtype.titan2025-frozen-logistic-regression.balanced-accuracy,task.bracs.bracs-fine-subtype,artifact.bracs,https://media.springernature.com/original/springer-static/esm/art%3A10.1038%2Fs41591-025-03982-3/MediaObjects/41591_2025_3982_MOESM1_ESM.pdf,paper=TITAN|supplementary_table=29|model=TITAN|evaluator=logistic_regression|metric=balanced_accuracy,26321e4018bec7b80f2fe7ea7cc497139c83b44fb60df5128417623ad1f71a70,machine_parsed_single_primary_source,parsed_primary_source,Exact leaf result; protocol variants remain distinct and are not deduplicated by dataset name alone.
titan2025,titan_paper,Supplementary Table 29,bracs,BRACS fine subtype,morphological_subtyping,subtype_7_class,slide,classification,189,slide_level_classification,weighted_f1,titan2025_frozen_logistic_regression,TITAN vision-language,titan-slide,github:mahmoodlab/TITAN@9e34c66ff66445c6c590da0dbf7acc103d39a40b,0.511,reported_error=0.0686,titan2025.bracs.bracs-fine-subtype.titan2025-frozen-logistic-regression.weighted-f1,titan2025.bracs.bracs-fine-subtype.titan2025-frozen-logistic-regression.weighted-f1,task.bracs.bracs-fine-subtype,artifact.bracs,https://media.springernature.com/original/springer-static/esm/art%3A10.1038%2Fs41591-025-03982-3/MediaObjects/41591_2025_3982_MOESM1_ESM.pdf,paper=TITAN|supplementary_table=29|model=TITAN|evaluator=logistic_regression|metric=weighted_f1,26321e4018bec7b80f2fe7ea7cc497139c83b44fb60df5128417623ad1f71a70,machine_parsed_single_primary_source,parsed_primary_source,Exact leaf result; protocol variants remain distinct and are not deduplicated by dataset name alone.
titan2025,titan_paper,Supplementary Table 29,bracs,BRACS fine subtype,morphological_subtyping,subtype_7_class,slide,classification,189,slide_level_classification,balanced_accuracy,titan2025_frozen_simpleshot,TITAN vision-language,titan-slide,github:mahmoodlab/TITAN@9e34c66ff66445c6c590da0dbf7acc103d39a40b,0.483,reported_error=0.0819,titan2025.bracs.bracs-fine-subtype.titan2025-frozen-simpleshot.balanced-accuracy,titan2025.bracs.bracs-fine-subtype.titan2025-frozen-simpleshot.balanced-accuracy,task.bracs.bracs-fine-subtype,artifact.bracs,https://media.springernature.com/original/springer-static/esm/art%3A10.1038%2Fs41591-025-03982-3/MediaObjects/41591_2025_3982_MOESM1_ESM.pdf,paper=TITAN|supplementary_table=29|model=TITAN|evaluator=simpleshot|metric=balanced_accuracy,26321e4018bec7b80f2fe7ea7cc497139c83b44fb60df5128417623ad1f71a70,machine_parsed_single_primary_source,parsed_primary_source,Exact leaf result; protocol variants remain distinct and are not deduplicated by dataset name alone.
titan2025,titan_paper,Supplementary Table 29,bracs,BRACS fine subtype,morphological_subtyping,subtype_7_class,slide,classification,189,slide_level_classification,weighted_f1,titan2025_frozen_simpleshot,TITAN vision-language,titan-slide,github:mahmoodlab/TITAN@9e34c66ff66445c6c590da0dbf7acc103d39a40b,0.491,reported_error=0.1154,titan2025.bracs.bracs-fine-subtype.titan2025-frozen-simpleshot.weighted-f1,titan2025.bracs.bracs-fine-subtype.titan2025-frozen-simpleshot.weighted-f1,task.bracs.bracs-fine-subtype,artifact.bracs,https://media.springernature.com/original/springer-static/esm/art%3A10.1038%2Fs41591-025-03982-3/MediaObjects/41591_2025_3982_MOESM1_ESM.pdf,paper=TITAN|supplementary_table=29|model=TITAN|evaluator=simpleshot|metric=weighted_f1,26321e4018bec7b80f2fe7ea7cc497139c83b44fb60df5128417623ad1f71a70,machine_parsed_single_primary_source,parsed_primary_source,Exact leaf result; protocol variants remain distinct and are not deduplicated by dataset name alone.
titan2025,titan_paper,Supplementary Table 29,bracs,BRACS fine subtype,morphological_subtyping,subtype_7_class,slide,classification,189,slide_level_classification,balanced_accuracy,titan2025_frozen_20_nearest_neighbors,TITAN vision-language,titan-slide,github:mahmoodlab/TITAN@9e34c66ff66445c6c590da0dbf7acc103d39a40b,0.367,reported_error=0.0387,titan2025.bracs.bracs-fine-subtype.titan2025-frozen-20-nearest-neighbors.balanced-accuracy,titan2025.bracs.bracs-fine-subtype.titan2025-frozen-20-nearest-neighbors.balanced-accuracy,task.bracs.bracs-fine-subtype,artifact.bracs,https://media.springernature.com/original/springer-static/esm/art%3A10.1038%2Fs41591-025-03982-3/MediaObjects/41591_2025_3982_MOESM1_ESM.pdf,paper=TITAN|supplementary_table=29|model=TITAN|evaluator=20_nearest_neighbors|metric=balanced_accuracy,26321e4018bec7b80f2fe7ea7cc497139c83b44fb60df5128417623ad1f71a70,machine_parsed_single_primary_source,parsed_primary_source,Exact leaf result; protocol variants remain distinct and are not deduplicated by dataset name alone.
titan2025,titan_paper,Supplementary Table 29,bracs,BRACS fine subtype,morphological_subtyping,subtype_7_class,slide,classification,189,slide_level_classification,weighted_f1,titan2025_frozen_20_nearest_neighbors,TITAN vision-language,titan-slide,github:mahmoodlab/TITAN@9e34c66ff66445c6c590da0dbf7acc103d39a40b,0.479,reported_error=0.0797,titan2025.bracs.bracs-fine-subtype.titan2025-frozen-20-nearest-neighbors.weighted-f1,titan2025.bracs.bracs-fine-subtype.titan2025-frozen-20-nearest-neighbors.weighted-f1,task.bracs.bracs-fine-subtype,artifact.bracs,https://media.springernature.com/original/springer-static/esm/art%3A10.1038%2Fs41591-025-03982-3/MediaObjects/41591_2025_3982_MOESM1_ESM.pdf,paper=TITAN|supplementary_table=29|model=TITAN|evaluator=20_nearest_neighbors|metric=weighted_f1,26321e4018bec7b80f2fe7ea7cc497139c83b44fb60df5128417623ad1f71a70,machine_parsed_single_primary_source,parsed_primary_source,Exact leaf result; protocol variants remain distinct and are not deduplicated by dataset name alone.
titan2025,titan_paper,Supplementary Table 30,bracs,BRACS coarse subtype,morphological_subtyping,subtype_3_class,slide,classification,189,slide_level_classification,balanced_accuracy,titan2025_frozen_logistic_regression,TITAN-V vision-only,titan-v-slide,github:mahmoodlab/TITAN@9e34c66ff66445c6c590da0dbf7acc103d39a40b,0.679,reported_error=0.0712,titan2025.bracs.bracs-coarse-subtype.titan2025-frozen-logistic-regression.balanced-accuracy,titan2025.bracs.bracs-coarse-subtype.titan2025-frozen-logistic-regression.balanced-accuracy,task.bracs.bracs-coarse-subtype,artifact.bracs,https://media.springernature.com/original/springer-static/esm/art%3A10.1038%2Fs41591-025-03982-3/MediaObjects/41591_2025_3982_MOESM1_ESM.pdf,paper=TITAN|supplementary_table=30|model=TITANV|evaluator=logistic_regression|metric=balanced_accuracy,26321e4018bec7b80f2fe7ea7cc497139c83b44fb60df5128417623ad1f71a70,machine_parsed_single_primary_source,parsed_primary_source,Exact leaf result; protocol variants remain distinct and are not deduplicated by dataset name alone.
titan2025,titan_paper,Supplementary Table 30,bracs,BRACS coarse subtype,morphological_subtyping,subtype_3_class,slide,classification,189,slide_level_classification,weighted_f1,titan2025_frozen_logistic_regression,TITAN-V vision-only,titan-v-slide,github:mahmoodlab/TITAN@9e34c66ff66445c6c590da0dbf7acc103d39a40b,0.780,reported_error=0.0664,titan2025.bracs.bracs-coarse-subtype.titan2025-frozen-logistic-regression.weighted-f1,titan2025.bracs.bracs-coarse-subtype.titan2025-frozen-logistic-regression.weighted-f1,task.bracs.bracs-coarse-subtype,artifact.bracs,https://media.springernature.com/original/springer-static/esm/art%3A10.1038%2Fs41591-025-03982-3/MediaObjects/41591_2025_3982_MOESM1_ESM.pdf,paper=TITAN|supplementary_table=30|model=TITANV|evaluator=logistic_regression|metric=weighted_f1,26321e4018bec7b80f2fe7ea7cc497139c83b44fb60df5128417623ad1f71a70,machine_parsed_single_primary_source,parsed_primary_source,Exact leaf result; protocol variants remain distinct and are not deduplicated by dataset name alone.
titan2025,titan_paper,Supplementary Table 30,bracs,BRACS coarse subtype,morphological_subtyping,subtype_3_class,slide,classification,189,slide_level_classification,balanced_accuracy,titan2025_frozen_simpleshot,TITAN-V vision-only,titan-v-slide,github:mahmoodlab/TITAN@9e34c66ff66445c6c590da0dbf7acc103d39a40b,0.739,reported_error=0.0964,titan2025.bracs.bracs-coarse-subtype.titan2025-frozen-simpleshot.balanced-accuracy,titan2025.bracs.bracs-coarse-subtype.titan2025-frozen-simpleshot.balanced-accuracy,task.bracs.bracs-coarse-subtype,artifact.bracs,https://media.springernature.com/original/springer-static/esm/art%3A10.1038%2Fs41591-025-03982-3/MediaObjects/41591_2025_3982_MOESM1_ESM.pdf,paper=TITAN|supplementary_table=30|model=TITANV|evaluator=simpleshot|metric=balanced_accuracy,26321e4018bec7b80f2fe7ea7cc497139c83b44fb60df5128417623ad1f71a70,machine_parsed_single_primary_source,parsed_primary_source,Exact leaf result; protocol variants remain distinct and are not deduplicated by dataset name alone.
titan2025,titan_paper,Supplementary Table 30,bracs,BRACS coarse subtype,morphological_subtyping,subtype_3_class,slide,classification,189,slide_level_classification,weighted_f1,titan2025_frozen_simpleshot,TITAN-V vision-only,titan-v-slide,github:mahmoodlab/TITAN@9e34c66ff66445c6c590da0dbf7acc103d39a40b,0.738,reported_error=0.1010,titan2025.bracs.bracs-coarse-subtype.titan2025-frozen-simpleshot.weighted-f1,titan2025.bracs.bracs-coarse-subtype.titan2025-frozen-simpleshot.weighted-f1,task.bracs.bracs-coarse-subtype,artifact.bracs,https://media.springernature.com/original/springer-static/esm/art%3A10.1038%2Fs41591-025-03982-3/MediaObjects/41591_2025_3982_MOESM1_ESM.pdf,paper=TITAN|supplementary_table=30|model=TITANV|evaluator=simpleshot|metric=weighted_f1,26321e4018bec7b80f2fe7ea7cc497139c83b44fb60df5128417623ad1f71a70,machine_parsed_single_primary_source,parsed_primary_source,Exact leaf result; protocol variants remain distinct and are not deduplicated by dataset name alone.
titan2025,titan_paper,Supplementary Table 30,bracs,BRACS coarse subtype,morphological_subtyping,subtype_3_class,slide,classification,189,slide_level_classification,balanced_accuracy,titan2025_frozen_20_nearest_neighbors,TITAN-V vision-only,titan-v-slide,github:mahmoodlab/TITAN@9e34c66ff66445c6c590da0dbf7acc103d39a40b,0.630,reported_error=0.0650,titan2025.bracs.bracs-coarse-subtype.titan2025-frozen-20-nearest-neighbors.balanced-accuracy,titan2025.bracs.bracs-coarse-subtype.titan2025-frozen-20-nearest-neighbors.balanced-accuracy,task.bracs.bracs-coarse-subtype,artifact.bracs,https://media.springernature.com/original/springer-static/esm/art%3A10.1038%2Fs41591-025-03982-3/MediaObjects/41591_2025_3982_MOESM1_ESM.pdf,paper=TITAN|supplementary_table=30|model=TITANV|evaluator=20_nearest_neighbors|metric=balanced_accuracy,26321e4018bec7b80f2fe7ea7cc497139c83b44fb60df5128417623ad1f71a70,machine_parsed_single_primary_source,parsed_primary_source,Exact leaf result; protocol variants remain distinct and are not deduplicated by dataset name alone.
titan2025,titan_paper,Supplementary Table 30,bracs,BRACS coarse subtype,morphological_subtyping,subtype_3_class,slide,classification,189,slide_level_classification,weighted_f1,titan2025_frozen_20_nearest_neighbors,TITAN-V vision-only,titan-v-slide,github:mahmoodlab/TITAN@9e34c66ff66445c6c590da0dbf7acc103d39a40b,0.737,reported_error=0.0869,titan2025.bracs.bracs-coarse-subtype.titan2025-frozen-20-nearest-neighbors.weighted-f1,titan2025.bracs.bracs-coarse-subtype.titan2025-frozen-20-nearest-neighbors.weighted-f1,task.bracs.bracs-coarse-subtype,artifact.bracs,https://media.springernature.com/original/springer-static/esm/art%3A10.1038%2Fs41591-025-03982-3/MediaObjects/41591_2025_3982_MOESM1_ESM.pdf,paper=TITAN|supplementary_table=30|model=TITANV|evaluator=20_nearest_neighbors|metric=weighted_f1,26321e4018bec7b80f2fe7ea7cc497139c83b44fb60df5128417623ad1f71a70,machine_parsed_single_primary_source,parsed_primary_source,Exact leaf result; protocol variants remain distinct and are not deduplicated by dataset name alone.
titan2025,titan_paper,Supplementary Table 30,bracs,BRACS coarse subtype,morphological_subtyping,subtype_3_class,slide,classification,189,slide_level_classification,balanced_accuracy,titan2025_frozen_logistic_regression,TITAN vision-language,titan-slide,github:mahmoodlab/TITAN@9e34c66ff66445c6c590da0dbf7acc103d39a40b,0.702,reported_error=0.0395,titan2025.bracs.bracs-coarse-subtype.titan2025-frozen-logistic-regression.balanced-accuracy,titan2025.bracs.bracs-coarse-subtype.titan2025-frozen-logistic-regression.balanced-accuracy,task.bracs.bracs-coarse-subtype,artifact.bracs,https://media.springernature.com/original/springer-static/esm/art%3A10.1038%2Fs41591-025-03982-3/MediaObjects/41591_2025_3982_MOESM1_ESM.pdf,paper=TITAN|supplementary_table=30|model=TITAN|evaluator=logistic_regression|metric=balanced_accuracy,26321e4018bec7b80f2fe7ea7cc497139c83b44fb60df5128417623ad1f71a70,machine_parsed_single_primary_source,parsed_primary_source,Exact leaf result; protocol variants remain distinct and are not deduplicated by dataset name alone.
titan2025,titan_paper,Supplementary Table 30,bracs,BRACS coarse subtype,morphological_subtyping,subtype_3_class,slide,classification,189,slide_level_classification,weighted_f1,titan2025_frozen_logistic_regression,TITAN vision-language,titan-slide,github:mahmoodlab/TITAN@9e34c66ff66445c6c590da0dbf7acc103d39a40b,0.803,reported_error=0.0410,titan2025.bracs.bracs-coarse-subtype.titan2025-frozen-logistic-regression.weighted-f1,titan2025.bracs.bracs-coarse-subtype.titan2025-frozen-logistic-regression.weighted-f1,task.bracs.bracs-coarse-subtype,artifact.bracs,https://media.springernature.com/original/springer-static/esm/art%3A10.1038%2Fs41591-025-03982-3/MediaObjects/41591_2025_3982_MOESM1_ESM.pdf,paper=TITAN|supplementary_table=30|model=TITAN|evaluator=logistic_regression|metric=weighted_f1,26321e4018bec7b80f2fe7ea7cc497139c83b44fb60df5128417623ad1f71a70,machine_parsed_single_primary_source,parsed_primary_source,Exact leaf result; protocol variants remain distinct and are not deduplicated by dataset name alone.
titan2025,titan_paper,Supplementary Table 30,bracs,BRACS coarse subtype,morphological_subtyping,subtype_3_class,slide,classification,189,slide_level_classification,balanced_accuracy,titan2025_frozen_simpleshot,TITAN vision-language,titan-slide,github:mahmoodlab/TITAN@9e34c66ff66445c6c590da0dbf7acc103d39a40b,0.739,reported_error=0.0543,titan2025.bracs.bracs-coarse-subtype.titan2025-frozen-simpleshot.balanced-accuracy,titan2025.bracs.bracs-coarse-subtype.titan2025-frozen-simpleshot.balanced-accuracy,task.bracs.bracs-coarse-subtype,artifact.bracs,https://media.springernature.com/original/springer-static/esm/art%3A10.1038%2Fs41591-025-03982-3/MediaObjects/41591_2025_3982_MOESM1_ESM.pdf,paper=TITAN|supplementary_table=30|model=TITAN|evaluator=simpleshot|metric=balanced_accuracy,26321e4018bec7b80f2fe7ea7cc497139c83b44fb60df5128417623ad1f71a70,machine_parsed_single_primary_source,parsed_primary_source,Exact leaf result; protocol variants remain distinct and are not deduplicated by dataset name alone.
titan2025,titan_paper,Supplementary Table 30,bracs,BRACS coarse subtype,morphological_subtyping,subtype_3_class,slide,classification,189,slide_level_classification,weighted_f1,titan2025_frozen_simpleshot,TITAN vision-language,titan-slide,github:mahmoodlab/TITAN@9e34c66ff66445c6c590da0dbf7acc103d39a40b,0.755,reported_error=0.0713,titan2025.bracs.bracs-coarse-subtype.titan2025-frozen-simpleshot.weighted-f1,titan2025.bracs.bracs-coarse-subtype.titan2025-frozen-simpleshot.weighted-f1,task.bracs.bracs-coarse-subtype,artifact.bracs,https://media.springernature.com/original/springer-static/esm/art%3A10.1038%2Fs41591-025-03982-3/MediaObjects/41591_2025_3982_MOESM1_ESM.pdf,paper=TITAN|supplementary_table=30|model=TITAN|evaluator=simpleshot|metric=weighted_f1,26321e4018bec7b80f2fe7ea7cc497139c83b44fb60df5128417623ad1f71a70,machine_parsed_single_primary_source,parsed_primary_source,Exact leaf result; protocol variants remain distinct and are not deduplicated by dataset name alone.
titan2025,titan_paper,Supplementary Table 30,bracs,BRACS coarse subtype,morphological_subtyping,subtype_3_class,slide,classification,189,slide_level_classification,balanced_accuracy,titan2025_frozen_20_nearest_neighbors,TITAN vision-language,titan-slide,github:mahmoodlab/TITAN@9e34c66ff66445c6c590da0dbf7acc103d39a40b,0.682,reported_error=0.0120,titan2025.bracs.bracs-coarse-subtype.titan2025-frozen-20-nearest-neighbors.balanced-accuracy,titan2025.bracs.bracs-coarse-subtype.titan2025-frozen-20-nearest-neighbors.balanced-accuracy,task.bracs.bracs-coarse-subtype,artifact.bracs,https://media.springernature.com/original/springer-static/esm/art%3A10.1038%2Fs41591-025-03982-3/MediaObjects/41591_2025_3982_MOESM1_ESM.pdf,paper=TITAN|supplementary_table=30|model=TITAN|evaluator=20_nearest_neighbors|metric=balanced_accuracy,26321e4018bec7b80f2fe7ea7cc497139c83b44fb60df5128417623ad1f71a70,machine_parsed_single_primary_source,parsed_primary_source,Exact leaf result; protocol variants remain distinct and are not deduplicated by dataset name alone.
titan2025,titan_paper,Supplementary Table 30,bracs,BRACS coarse subtype,morphological_subtyping,subtype_3_class,slide,classification,189,slide_level_classification,weighted_f1,titan2025_frozen_20_nearest_neighbors,TITAN vision-language,titan-slide,github:mahmoodlab/TITAN@9e34c66ff66445c6c590da0dbf7acc103d39a40b,0.790,reported_error=0.0545,titan2025.bracs.bracs-coarse-subtype.titan2025-frozen-20-nearest-neighbors.weighted-f1,titan2025.bracs.bracs-coarse-subtype.titan2025-frozen-20-nearest-neighbors.weighted-f1,task.bracs.bracs-coarse-subtype,artifact.bracs,https://media.springernature.com/original/springer-static/esm/art%3A10.1038%2Fs41591-025-03982-3/MediaObjects/41591_2025_3982_MOESM1_ESM.pdf,paper=TITAN|supplementary_table=30|model=TITAN|evaluator=20_nearest_neighbors|metric=weighted_f1,26321e4018bec7b80f2fe7ea7cc497139c83b44fb60df5128417623ad1f71a70,machine_parsed_single_primary_source,parsed_primary_source,Exact leaf result; protocol variants remain distinct and are not deduplicated by dataset name alone.
titan2025,titan_paper,Supplementary Table 35,imp,IMP dysplasia grading,grading,dysplasia_grade,slide,classification,5333,slide_level_classification,quadratic_weighted_kappa,titan2025_frozen_logistic_regression,TITAN-V vision-only,titan-v-slide,github:mahmoodlab/TITAN@9e34c66ff66445c6c590da0dbf7acc103d39a40b,0.935,reported_error=0.0097,titan2025.imp.imp-dysplasia-grading.titan2025-frozen-logistic-regression.quadratic-weighted-kappa,titan2025.imp.imp-dysplasia-grading.titan2025-frozen-logistic-regression.quadratic-weighted-kappa,task.imp.imp-dysplasia-grading,artifact.imp,https://media.springernature.com/original/springer-static/esm/art%3A10.1038%2Fs41591-025-03982-3/MediaObjects/41591_2025_3982_MOESM1_ESM.pdf,paper=TITAN|supplementary_table=35|model=TITANV|evaluator=logistic_regression|metric=quadratic_weighted_kappa,26321e4018bec7b80f2fe7ea7cc497139c83b44fb60df5128417623ad1f71a70,machine_parsed_single_primary_source,parsed_primary_source,Exact leaf result; protocol variants remain distinct and are not deduplicated by dataset name alone.
titan2025,titan_paper,Supplementary Table 35,imp,IMP dysplasia grading,grading,dysplasia_grade,slide,classification,5333,slide_level_classification,balanced_accuracy,titan2025_frozen_logistic_regression,TITAN-V vision-only,titan-v-slide,github:mahmoodlab/TITAN@9e34c66ff66445c6c590da0dbf7acc103d39a40b,0.939,reported_error=0.0086,titan2025.imp.imp-dysplasia-grading.titan2025-frozen-logistic-regression.balanced-accuracy,titan2025.imp.imp-dysplasia-grading.titan2025-frozen-logistic-regression.balanced-accuracy,task.imp.imp-dysplasia-grading,artifact.imp,https://media.springernature.com/original/springer-static/esm/art%3A10.1038%2Fs41591-025-03982-3/MediaObjects/41591_2025_3982_MOESM1_ESM.pdf,paper=TITAN|supplementary_table=35|model=TITANV|evaluator=logistic_regression|metric=balanced_accuracy,26321e4018bec7b80f2fe7ea7cc497139c83b44fb60df5128417623ad1f71a70,machine_parsed_single_primary_source,parsed_primary_source,Exact leaf result; protocol variants remain distinct and are not deduplicated by dataset name alone.
titan2025,titan_paper,Supplementary Table 35,imp,IMP dysplasia grading,grading,dysplasia_grade,slide,classification,5333,slide_level_classification,quadratic_weighted_kappa,titan2025_frozen_simpleshot,TITAN-V vision-only,titan-v-slide,github:mahmoodlab/TITAN@9e34c66ff66445c6c590da0dbf7acc103d39a40b,0.804,reported_error=0.0160,titan2025.imp.imp-dysplasia-grading.titan2025-frozen-simpleshot.quadratic-weighted-kappa,titan2025.imp.imp-dysplasia-grading.titan2025-frozen-simpleshot.quadratic-weighted-kappa,task.imp.imp-dysplasia-grading,artifact.imp,https://media.springernature.com/original/springer-static/esm/art%3A10.1038%2Fs41591-025-03982-3/MediaObjects/41591_2025_3982_MOESM1_ESM.pdf,paper=TITAN|supplementary_table=35|model=TITANV|evaluator=simpleshot|metric=quadratic_weighted_kappa,26321e4018bec7b80f2fe7ea7cc497139c83b44fb60df5128417623ad1f71a70,machine_parsed_single_primary_source,parsed_primary_source,Exact leaf result; protocol variants remain distinct and are not deduplicated by dataset name alone.
titan2025,titan_paper,Supplementary Table 35,imp,IMP dysplasia grading,grading,dysplasia_grade,slide,classification,5333,slide_level_classification,balanced_accuracy,titan2025_frozen_simpleshot,TITAN-V vision-only,titan-v-slide,github:mahmoodlab/TITAN@9e34c66ff66445c6c590da0dbf7acc103d39a40b,0.820,reported_error=0.0138,titan2025.imp.imp-dysplasia-grading.titan2025-frozen-simpleshot.balanced-accuracy,titan2025.imp.imp-dysplasia-grading.titan2025-frozen-simpleshot.balanced-accuracy,task.imp.imp-dysplasia-grading,artifact.imp,https://media.springernature.com/original/springer-static/esm/art%3A10.1038%2Fs41591-025-03982-3/MediaObjects/41591_2025_3982_MOESM1_ESM.pdf,paper=TITAN|supplementary_table=35|model=TITANV|evaluator=simpleshot|metric=balanced_accuracy,26321e4018bec7b80f2fe7ea7cc497139c83b44fb60df5128417623ad1f71a70,machine_parsed_single_primary_source,parsed_primary_source,Exact leaf result; protocol variants remain distinct and are not deduplicated by dataset name alone.
titan2025,titan_paper,Supplementary Table 35,imp,IMP dysplasia grading,grading,dysplasia_grade,slide,classification,5333,slide_level_classification,quadratic_weighted_kappa,titan2025_frozen_20_nearest_neighbors,TITAN-V vision-only,titan-v-slide,github:mahmoodlab/TITAN@9e34c66ff66445c6c590da0dbf7acc103d39a40b,0.892,reported_error=0.0120,titan2025.imp.imp-dysplasia-grading.titan2025-frozen-20-nearest-neighbors.quadratic-weighted-kappa,titan2025.imp.imp-dysplasia-grading.titan2025-frozen-20-nearest-neighbors.quadratic-weighted-kappa,task.imp.imp-dysplasia-grading,artifact.imp,https://media.springernature.com/original/springer-static/esm/art%3A10.1038%2Fs41591-025-03982-3/MediaObjects/41591_2025_3982_MOESM1_ESM.pdf,paper=TITAN|supplementary_table=35|model=TITANV|evaluator=20_nearest_neighbors|metric=quadratic_weighted_kappa,26321e4018bec7b80f2fe7ea7cc497139c83b44fb60df5128417623ad1f71a70,machine_parsed_single_primary_source,parsed_primary_source,Exact leaf result; protocol variants remain distinct and are not deduplicated by dataset name alone.
titan2025,titan_paper,Supplementary Table 35,imp,IMP dysplasia grading,grading,dysplasia_grade,slide,classification,5333,slide_level_classification,balanced_accuracy,titan2025_frozen_20_nearest_neighbors,TITAN-V vision-only,titan-v-slide,github:mahmoodlab/TITAN@9e34c66ff66445c6c590da0dbf7acc103d39a40b,0.898,reported_error=0.0104,titan2025.imp.imp-dysplasia-grading.titan2025-frozen-20-nearest-neighbors.balanced-accuracy,titan2025.imp.imp-dysplasia-grading.titan2025-frozen-20-nearest-neighbors.balanced-accuracy,task.imp.imp-dysplasia-grading,artifact.imp,https://media.springernature.com/original/springer-static/esm/art%3A10.1038%2Fs41591-025-03982-3/MediaObjects/41591_2025_3982_MOESM1_ESM.pdf,paper=TITAN|supplementary_table=35|model=TITANV|evaluator=20_nearest_neighbors|metric=balanced_accuracy,26321e4018bec7b80f2fe7ea7cc497139c83b44fb60df5128417623ad1f71a70,machine_parsed_single_primary_source,parsed_primary_source,Exact leaf result; protocol variants remain distinct and are not deduplicated by dataset name alone.
titan2025,titan_paper,Supplementary Table 35,imp,IMP dysplasia grading,grading,dysplasia_grade,slide,classification,5333,slide_level_classification,quadratic_weighted_kappa,titan2025_frozen_logistic_regression,TITAN vision-language,titan-slide,github:mahmoodlab/TITAN@9e34c66ff66445c6c590da0dbf7acc103d39a40b,0.944,reported_error=0.0091,titan2025.imp.imp-dysplasia-grading.titan2025-frozen-logistic-regression.quadratic-weighted-kappa,titan2025.imp.imp-dysplasia-grading.titan2025-frozen-logistic-regression.quadratic-weighted-kappa,task.imp.imp-dysplasia-grading,artifact.imp,https://media.springernature.com/original/springer-static/esm/art%3A10.1038%2Fs41591-025-03982-3/MediaObjects/41591_2025_3982_MOESM1_ESM.pdf,paper=TITAN|supplementary_table=35|model=TITAN|evaluator=logistic_regression|metric=quadratic_weighted_kappa,26321e4018bec7b80f2fe7ea7cc497139c83b44fb60df5128417623ad1f71a70,machine_parsed_single_primary_source,parsed_primary_source,Exact leaf result; protocol variants remain distinct and are not deduplicated by dataset name alone.
titan2025,titan_paper,Supplementary Table 35,imp,IMP dysplasia grading,grading,dysplasia_grade,slide,classification,5333,slide_level_classification,balanced_accuracy,titan2025_frozen_logistic_regression,TITAN vision-language,titan-slide,github:mahmoodlab/TITAN@9e34c66ff66445c6c590da0dbf7acc103d39a40b,0.946,reported_error=0.0084,titan2025.imp.imp-dysplasia-grading.titan2025-frozen-logistic-regression.balanced-accuracy,titan2025.imp.imp-dysplasia-grading.titan2025-frozen-logistic-regression.balanced-accuracy,task.imp.imp-dysplasia-grading,artifact.imp,https://media.springernature.com/original/springer-static/esm/art%3A10.1038%2Fs41591-025-03982-3/MediaObjects/41591_2025_3982_MOESM1_ESM.pdf,paper=TITAN|supplementary_table=35|model=TITAN|evaluator=logistic_regression|metric=balanced_accuracy,26321e4018bec7b80f2fe7ea7cc497139c83b44fb60df5128417623ad1f71a70,machine_parsed_single_primary_source,parsed_primary_source,Exact leaf result; protocol variants remain distinct and are not deduplicated by dataset name alone.
titan2025,titan_paper,Supplementary Table 35,imp,IMP dysplasia grading,grading,dysplasia_grade,slide,classification,5333,slide_level_classification,quadratic_weighted_kappa,titan2025_frozen_simpleshot,TITAN vision-language,titan-slide,github:mahmoodlab/TITAN@9e34c66ff66445c6c590da0dbf7acc103d39a40b,0.857,reported_error=0.0139,titan2025.imp.imp-dysplasia-grading.titan2025-frozen-simpleshot.quadratic-weighted-kappa,titan2025.imp.imp-dysplasia-grading.titan2025-frozen-simpleshot.quadratic-weighted-kappa,task.imp.imp-dysplasia-grading,artifact.imp,https://media.springernature.com/original/springer-static/esm/art%3A10.1038%2Fs41591-025-03982-3/MediaObjects/41591_2025_3982_MOESM1_ESM.pdf,paper=TITAN|supplementary_table=35|model=TITAN|evaluator=simpleshot|metric=quadratic_weighted_kappa,26321e4018bec7b80f2fe7ea7cc497139c83b44fb60df5128417623ad1f71a70,machine_parsed_single_primary_source,parsed_primary_source,Exact leaf result; protocol variants remain distinct and are not deduplicated by dataset name alone.
titan2025,titan_paper,Supplementary Table 35,imp,IMP dysplasia grading,grading,dysplasia_grade,slide,classification,5333,slide_level_classification,balanced_accuracy,titan2025_frozen_simpleshot,TITAN vision-language,titan-slide,github:mahmoodlab/TITAN@9e34c66ff66445c6c590da0dbf7acc103d39a40b,0.859,reported_error=0.0124,titan2025.imp.imp-dysplasia-grading.titan2025-frozen-simpleshot.balanced-accuracy,titan2025.imp.imp-dysplasia-grading.titan2025-frozen-simpleshot.balanced-accuracy,task.imp.imp-dysplasia-grading,artifact.imp,https://media.springernature.com/original/springer-static/esm/art%3A10.1038%2Fs41591-025-03982-3/MediaObjects/41591_2025_3982_MOESM1_ESM.pdf,paper=TITAN|supplementary_table=35|model=TITAN|evaluator=simpleshot|metric=balanced_accuracy,26321e4018bec7b80f2fe7ea7cc497139c83b44fb60df5128417623ad1f71a70,machine_parsed_single_primary_source,parsed_primary_source,Exact leaf result; protocol variants remain distinct and are not deduplicated by dataset name alone.
titan2025,titan_paper,Supplementary Table 35,imp,IMP dysplasia grading,grading,dysplasia_grade,slide,classification,5333,slide_level_classification,quadratic_weighted_kappa,titan2025_frozen_20_nearest_neighbors,TITAN vision-language,titan-slide,github:mahmoodlab/TITAN@9e34c66ff66445c6c590da0dbf7acc103d39a40b,0.906,reported_error=0.0111,titan2025.imp.imp-dysplasia-grading.titan2025-frozen-20-nearest-neighbors.quadratic-weighted-kappa,titan2025.imp.imp-dysplasia-grading.titan2025-frozen-20-nearest-neighbors.quadratic-weighted-kappa,task.imp.imp-dysplasia-grading,artifact.imp,https://media.springernature.com/original/springer-static/esm/art%3A10.1038%2Fs41591-025-03982-3/MediaObjects/41591_2025_3982_MOESM1_ESM.pdf,paper=TITAN|supplementary_table=35|model=TITAN|evaluator=20_nearest_neighbors|metric=quadratic_weighted_kappa,26321e4018bec7b80f2fe7ea7cc497139c83b44fb60df5128417623ad1f71a70,machine_parsed_single_primary_source,parsed_primary_source,Exact leaf result; protocol variants remain distinct and are not deduplicated by dataset name alone.
titan2025,titan_paper,Supplementary Table 35,imp,IMP dysplasia grading,grading,dysplasia_grade,slide,classification,5333,slide_level_classification,balanced_accuracy,titan2025_frozen_20_nearest_neighbors,TITAN vision-language,titan-slide,github:mahmoodlab/TITAN@9e34c66ff66445c6c590da0dbf7acc103d39a40b,0.908,reported_error=0.0100,titan2025.imp.imp-dysplasia-grading.titan2025-frozen-20-nearest-neighbors.balanced-accuracy,titan2025.imp.imp-dysplasia-grading.titan2025-frozen-20-nearest-neighbors.balanced-accuracy,task.imp.imp-dysplasia-grading,artifact.imp,https://media.springernature.com/original/springer-static/esm/art%3A10.1038%2Fs41591-025-03982-3/MediaObjects/41591_2025_3982_MOESM1_ESM.pdf,paper=TITAN|supplementary_table=35|model=TITAN|evaluator=20_nearest_neighbors|metric=balanced_accuracy,26321e4018bec7b80f2fe7ea7cc497139c83b44fb60df5128417623ad1f71a70,machine_parsed_single_primary_source,parsed_primary_source,Exact leaf result; protocol variants remain distinct and are not deduplicated by dataset name alone.
titan2025,titan_paper,Supplementary Table 36,panda,PANDA Gleason grading,grading,gleason_grade,slide,classification,9555,slide_level_classification,quadratic_weighted_kappa,titan2025_frozen_logistic_regression,TITAN-V vision-only,titan-v-slide,github:mahmoodlab/TITAN@9e34c66ff66445c6c590da0dbf7acc103d39a40b,0.888,reported_error=0.0102,titan2025.panda.panda-gleason-grading.titan2025-frozen-logistic-regression.quadratic-weighted-kappa,titan2025.panda.panda-gleason-grading.titan2025-frozen-logistic-regression.quadratic-weighted-kappa,task.panda.panda-gleason-grading,artifact.panda,https://media.springernature.com/original/springer-static/esm/art%3A10.1038%2Fs41591-025-03982-3/MediaObjects/41591_2025_3982_MOESM1_ESM.pdf,paper=TITAN|supplementary_table=36|model=TITANV|evaluator=logistic_regression|metric=quadratic_weighted_kappa,26321e4018bec7b80f2fe7ea7cc497139c83b44fb60df5128417623ad1f71a70,machine_parsed_single_primary_source,parsed_primary_source,Exact leaf result; protocol variants remain distinct and are not deduplicated by dataset name alone.
titan2025,titan_paper,Supplementary Table 36,panda,PANDA Gleason grading,grading,gleason_grade,slide,classification,9555,slide_level_classification,balanced_accuracy,titan2025_frozen_logistic_regression,TITAN-V vision-only,titan-v-slide,github:mahmoodlab/TITAN@9e34c66ff66445c6c590da0dbf7acc103d39a40b,0.648,reported_error=0.0158,titan2025.panda.panda-gleason-grading.titan2025-frozen-logistic-regression.balanced-accuracy,titan2025.panda.panda-gleason-grading.titan2025-frozen-logistic-regression.balanced-accuracy,task.panda.panda-gleason-grading,artifact.panda,https://media.springernature.com/original/springer-static/esm/art%3A10.1038%2Fs41591-025-03982-3/MediaObjects/41591_2025_3982_MOESM1_ESM.pdf,paper=TITAN|supplementary_table=36|model=TITANV|evaluator=logistic_regression|metric=balanced_accuracy,26321e4018bec7b80f2fe7ea7cc497139c83b44fb60df5128417623ad1f71a70,machine_parsed_single_primary_source,parsed_primary_source,Exact leaf result; protocol variants remain distinct and are not deduplicated by dataset name alone.
titan2025,titan_paper,Supplementary Table 36,panda,PANDA Gleason grading,grading,gleason_grade,slide,classification,9555,slide_level_classification,quadratic_weighted_kappa,titan2025_frozen_simpleshot,TITAN-V vision-only,titan-v-slide,github:mahmoodlab/TITAN@9e34c66ff66445c6c590da0dbf7acc103d39a40b,0.704,reported_error=0.0199,titan2025.panda.panda-gleason-grading.titan2025-frozen-simpleshot.quadratic-weighted-kappa,titan2025.panda.panda-gleason-grading.titan2025-frozen-simpleshot.quadratic-weighted-kappa,task.panda.panda-gleason-grading,artifact.panda,https://media.springernature.com/original/springer-static/esm/art%3A10.1038%2Fs41591-025-03982-3/MediaObjects/41591_2025_3982_MOESM1_ESM.pdf,paper=TITAN|supplementary_table=36|model=TITANV|evaluator=simpleshot|metric=quadratic_weighted_kappa,26321e4018bec7b80f2fe7ea7cc497139c83b44fb60df5128417623ad1f71a70,machine_parsed_single_primary_source,parsed_primary_source,Exact leaf result; protocol variants remain distinct and are not deduplicated by dataset name alone.
titan2025,titan_paper,Supplementary Table 36,panda,PANDA Gleason grading,grading,gleason_grade,slide,classification,9555,slide_level_classification,balanced_accuracy,titan2025_frozen_simpleshot,TITAN-V vision-only,titan-v-slide,github:mahmoodlab/TITAN@9e34c66ff66445c6c590da0dbf7acc103d39a40b,0.472,reported_error=0.0159,titan2025.panda.panda-gleason-grading.titan2025-frozen-simpleshot.balanced-accuracy,titan2025.panda.panda-gleason-grading.titan2025-frozen-simpleshot.balanced-accuracy,task.panda.panda-gleason-grading,artifact.panda,https://media.springernature.com/original/springer-static/esm/art%3A10.1038%2Fs41591-025-03982-3/MediaObjects/41591_2025_3982_MOESM1_ESM.pdf,paper=TITAN|supplementary_table=36|model=TITANV|evaluator=simpleshot|metric=balanced_accuracy,26321e4018bec7b80f2fe7ea7cc497139c83b44fb60df5128417623ad1f71a70,machine_parsed_single_primary_source,parsed_primary_source,Exact leaf result; protocol variants remain distinct and are not deduplicated by dataset name alone.
titan2025,titan_paper,Supplementary Table 36,panda,PANDA Gleason grading,grading,gleason_grade,slide,classification,9555,slide_level_classification,quadratic_weighted_kappa,titan2025_frozen_20_nearest_neighbors,TITAN-V vision-only,titan-v-slide,github:mahmoodlab/TITAN@9e34c66ff66445c6c590da0dbf7acc103d39a40b,0.800,reported_error=0.0172,titan2025.panda.panda-gleason-grading.titan2025-frozen-20-nearest-neighbors.quadratic-weighted-kappa,titan2025.panda.panda-gleason-grading.titan2025-frozen-20-nearest-neighbors.quadratic-weighted-kappa,task.panda.panda-gleason-grading,artifact.panda,https://media.springernature.com/original/springer-static/esm/art%3A10.1038%2Fs41591-025-03982-3/MediaObjects/41591_2025_3982_MOESM1_ESM.pdf,paper=TITAN|supplementary_table=36|model=TITANV|evaluator=20_nearest_neighbors|metric=quadratic_weighted_kappa,26321e4018bec7b80f2fe7ea7cc497139c83b44fb60df5128417623ad1f71a70,machine_parsed_single_primary_source,parsed_primary_source,Exact leaf result; protocol variants remain distinct and are not deduplicated by dataset name alone.
titan2025,titan_paper,Supplementary Table 36,panda,PANDA Gleason grading,grading,gleason_grade,slide,classification,9555,slide_level_classification,balanced_accuracy,titan2025_frozen_20_nearest_neighbors,TITAN-V vision-only,titan-v-slide,github:mahmoodlab/TITAN@9e34c66ff66445c6c590da0dbf7acc103d39a40b,0.571,reported_error=0.0166,titan2025.panda.panda-gleason-grading.titan2025-frozen-20-nearest-neighbors.balanced-accuracy,titan2025.panda.panda-gleason-grading.titan2025-frozen-20-nearest-neighbors.balanced-accuracy,task.panda.panda-gleason-grading,artifact.panda,https://media.springernature.com/original/springer-static/esm/art%3A10.1038%2Fs41591-025-03982-3/MediaObjects/41591_2025_3982_MOESM1_ESM.pdf,paper=TITAN|supplementary_table=36|model=TITANV|evaluator=20_nearest_neighbors|metric=balanced_accuracy,26321e4018bec7b80f2fe7ea7cc497139c83b44fb60df5128417623ad1f71a70,machine_parsed_single_primary_source,parsed_primary_source,Exact leaf result; protocol variants remain distinct and are not deduplicated by dataset name alone.
titan2025,titan_paper,Supplementary Table 36,panda,PANDA Gleason grading,grading,gleason_grade,slide,classification,9555,slide_level_classification,quadratic_weighted_kappa,titan2025_frozen_logistic_regression,TITAN vision-language,titan-slide,github:mahmoodlab/TITAN@9e34c66ff66445c6c590da0dbf7acc103d39a40b,0.899,reported_error=0.0097,titan2025.panda.panda-gleason-grading.titan2025-frozen-logistic-regression.quadratic-weighted-kappa,titan2025.panda.panda-gleason-grading.titan2025-frozen-logistic-regression.quadratic-weighted-kappa,task.panda.panda-gleason-grading,artifact.panda,https://media.springernature.com/original/springer-static/esm/art%3A10.1038%2Fs41591-025-03982-3/MediaObjects/41591_2025_3982_MOESM1_ESM.pdf,paper=TITAN|supplementary_table=36|model=TITAN|evaluator=logistic_regression|metric=quadratic_weighted_kappa,26321e4018bec7b80f2fe7ea7cc497139c83b44fb60df5128417623ad1f71a70,machine_parsed_single_primary_source,parsed_primary_source,Exact leaf result; protocol variants remain distinct and are not deduplicated by dataset name alone.
titan2025,titan_paper,Supplementary Table 36,panda,PANDA Gleason grading,grading,gleason_grade,slide,classification,9555,slide_level_classification,balanced_accuracy,titan2025_frozen_logistic_regression,TITAN vision-language,titan-slide,github:mahmoodlab/TITAN@9e34c66ff66445c6c590da0dbf7acc103d39a40b,0.657,reported_error=0.0162,titan2025.panda.panda-gleason-grading.titan2025-frozen-logistic-regression.balanced-accuracy,titan2025.panda.panda-gleason-grading.titan2025-frozen-logistic-regression.balanced-accuracy,task.panda.panda-gleason-grading,artifact.panda,https://media.springernature.com/original/springer-static/esm/art%3A10.1038%2Fs41591-025-03982-3/MediaObjects/41591_2025_3982_MOESM1_ESM.pdf,paper=TITAN|supplementary_table=36|model=TITAN|evaluator=logistic_regression|metric=balanced_accuracy,26321e4018bec7b80f2fe7ea7cc497139c83b44fb60df5128417623ad1f71a70,machine_parsed_single_primary_source,parsed_primary_source,Exact leaf result; protocol variants remain distinct and are not deduplicated by dataset name alone.
titan2025,titan_paper,Supplementary Table 36,panda,PANDA Gleason grading,grading,gleason_grade,slide,classification,9555,slide_level_classification,quadratic_weighted_kappa,titan2025_frozen_simpleshot,TITAN vision-language,titan-slide,github:mahmoodlab/TITAN@9e34c66ff66445c6c590da0dbf7acc103d39a40b,0.831,reported_error=0.0128,titan2025.panda.panda-gleason-grading.titan2025-frozen-simpleshot.quadratic-weighted-kappa,titan2025.panda.panda-gleason-grading.titan2025-frozen-simpleshot.quadratic-weighted-kappa,task.panda.panda-gleason-grading,artifact.panda,https://media.springernature.com/original/springer-static/esm/art%3A10.1038%2Fs41591-025-03982-3/MediaObjects/41591_2025_3982_MOESM1_ESM.pdf,paper=TITAN|supplementary_table=36|model=TITAN|evaluator=simpleshot|metric=quadratic_weighted_kappa,26321e4018bec7b80f2fe7ea7cc497139c83b44fb60df5128417623ad1f71a70,machine_parsed_single_primary_source,parsed_primary_source,Exact leaf result; protocol variants remain distinct and are not deduplicated by dataset name alone.
titan2025,titan_paper,Supplementary Table 36,panda,PANDA Gleason grading,grading,gleason_grade,slide,classification,9555,slide_level_classification,balanced_accuracy,titan2025_frozen_simpleshot,TITAN vision-language,titan-slide,github:mahmoodlab/TITAN@9e34c66ff66445c6c590da0dbf7acc103d39a40b,0.533,reported_error=0.0156,titan2025.panda.panda-gleason-grading.titan2025-frozen-simpleshot.balanced-accuracy,titan2025.panda.panda-gleason-grading.titan2025-frozen-simpleshot.balanced-accuracy,task.panda.panda-gleason-grading,artifact.panda,https://media.springernature.com/original/springer-static/esm/art%3A10.1038%2Fs41591-025-03982-3/MediaObjects/41591_2025_3982_MOESM1_ESM.pdf,paper=TITAN|supplementary_table=36|model=TITAN|evaluator=simpleshot|metric=balanced_accuracy,26321e4018bec7b80f2fe7ea7cc497139c83b44fb60df5128417623ad1f71a70,machine_parsed_single_primary_source,parsed_primary_source,Exact leaf result; protocol variants remain distinct and are not deduplicated by dataset name alone.
titan2025,titan_paper,Supplementary Table 36,panda,PANDA Gleason grading,grading,gleason_grade,slide,classification,9555,slide_level_classification,quadratic_weighted_kappa,titan2025_frozen_20_nearest_neighbors,TITAN vision-language,titan-slide,github:mahmoodlab/TITAN@9e34c66ff66445c6c590da0dbf7acc103d39a40b,0.867,reported_error=0.0118,titan2025.panda.panda-gleason-grading.titan2025-frozen-20-nearest-neighbors.quadratic-weighted-kappa,titan2025.panda.panda-gleason-grading.titan2025-frozen-20-nearest-neighbors.quadratic-weighted-kappa,task.panda.panda-gleason-grading,artifact.panda,https://media.springernature.com/original/springer-static/esm/art%3A10.1038%2Fs41591-025-03982-3/MediaObjects/41591_2025_3982_MOESM1_ESM.pdf,paper=TITAN|supplementary_table=36|model=TITAN|evaluator=20_nearest_neighbors|metric=quadratic_weighted_kappa,26321e4018bec7b80f2fe7ea7cc497139c83b44fb60df5128417623ad1f71a70,machine_parsed_single_primary_source,parsed_primary_source,Exact leaf result; protocol variants remain distinct and are not deduplicated by dataset name alone.
titan2025,titan_paper,Supplementary Table 36,panda,PANDA Gleason grading,grading,gleason_grade,slide,classification,9555,slide_level_classification,balanced_accuracy,titan2025_frozen_20_nearest_neighbors,TITAN vision-language,titan-slide,github:mahmoodlab/TITAN@9e34c66ff66445c6c590da0dbf7acc103d39a40b,0.622,reported_error=0.0158,titan2025.panda.panda-gleason-grading.titan2025-frozen-20-nearest-neighbors.balanced-accuracy,titan2025.panda.panda-gleason-grading.titan2025-frozen-20-nearest-neighbors.balanced-accuracy,task.panda.panda-gleason-grading,artifact.panda,https://media.springernature.com/original/springer-static/esm/art%3A10.1038%2Fs41591-025-03982-3/MediaObjects/41591_2025_3982_MOESM1_ESM.pdf,paper=TITAN|supplementary_table=36|model=TITAN|evaluator=20_nearest_neighbors|metric=balanced_accuracy,26321e4018bec7b80f2fe7ea7cc497139c83b44fb60df5128417623ad1f71a70,machine_parsed_single_primary_source,parsed_primary_source,Exact leaf result; protocol variants remain distinct and are not deduplicated by dataset name alone.
titan2025,titan_paper,Supplementary Table 37,mut-het-rcc,MUT-HET-RCC BAP1 mutation,molecular_biomarker,BAP1,patient,classification,1292,slide_level_classification,auroc,titan2025_frozen_logistic_regression,TITAN-V vision-only,titan-v-slide,github:mahmoodlab/TITAN@9e34c66ff66445c6c590da0dbf7acc103d39a40b,0.856,reported_error=0.0194,titan2025.mut-het-rcc.mut-het-rcc-bap1-mutation.titan2025-frozen-logistic-regression.auroc,titan2025.mut-het-rcc.mut-het-rcc-bap1-mutation.titan2025-frozen-logistic-regression.auroc,task.mut-het-rcc.mut-het-rcc-bap1-mutation,artifact.mut-het-rcc,https://media.springernature.com/original/springer-static/esm/art%3A10.1038%2Fs41591-025-03982-3/MediaObjects/41591_2025_3982_MOESM1_ESM.pdf,paper=TITAN|supplementary_table=37|model=TITANV|evaluator=logistic_regression|metric=auroc,26321e4018bec7b80f2fe7ea7cc497139c83b44fb60df5128417623ad1f71a70,machine_parsed_single_primary_source,parsed_primary_source,Exact leaf result; protocol variants remain distinct and are not deduplicated by dataset name alone.
titan2025,titan_paper,Supplementary Table 37,mut-het-rcc,MUT-HET-RCC BAP1 mutation,molecular_biomarker,BAP1,patient,classification,1292,slide_level_classification,balanced_accuracy,titan2025_frozen_logistic_regression,TITAN-V vision-only,titan-v-slide,github:mahmoodlab/TITAN@9e34c66ff66445c6c590da0dbf7acc103d39a40b,0.598,reported_error=0.0225,titan2025.mut-het-rcc.mut-het-rcc-bap1-mutation.titan2025-frozen-logistic-regression.balanced-accuracy,titan2025.mut-het-rcc.mut-het-rcc-bap1-mutation.titan2025-frozen-logistic-regression.balanced-accuracy,task.mut-het-rcc.mut-het-rcc-bap1-mutation,artifact.mut-het-rcc,https://media.springernature.com/original/springer-static/esm/art%3A10.1038%2Fs41591-025-03982-3/MediaObjects/41591_2025_3982_MOESM1_ESM.pdf,paper=TITAN|supplementary_table=37|model=TITANV|evaluator=logistic_regression|metric=balanced_accuracy,26321e4018bec7b80f2fe7ea7cc497139c83b44fb60df5128417623ad1f71a70,machine_parsed_single_primary_source,parsed_primary_source,Exact leaf result; protocol variants remain distinct and are not deduplicated by dataset name alone.
titan2025,titan_paper,Supplementary Table 37,mut-het-rcc,MUT-HET-RCC BAP1 mutation,molecular_biomarker,BAP1,patient,classification,1292,slide_level_classification,balanced_accuracy,titan2025_frozen_simpleshot,TITAN-V vision-only,titan-v-slide,github:mahmoodlab/TITAN@9e34c66ff66445c6c590da0dbf7acc103d39a40b,0.783,reported_error=0.0502,titan2025.mut-het-rcc.mut-het-rcc-bap1-mutation.titan2025-frozen-simpleshot.balanced-accuracy,titan2025.mut-het-rcc.mut-het-rcc-bap1-mutation.titan2025-frozen-simpleshot.balanced-accuracy,task.mut-het-rcc.mut-het-rcc-bap1-mutation,artifact.mut-het-rcc,https://media.springernature.com/original/springer-static/esm/art%3A10.1038%2Fs41591-025-03982-3/MediaObjects/41591_2025_3982_MOESM1_ESM.pdf,paper=TITAN|supplementary_table=37|model=TITANV|evaluator=simpleshot|metric=balanced_accuracy,26321e4018bec7b80f2fe7ea7cc497139c83b44fb60df5128417623ad1f71a70,machine_parsed_single_primary_source,parsed_primary_source,Exact leaf result; protocol variants remain distinct and are not deduplicated by dataset name alone.
titan2025,titan_paper,Supplementary Table 37,mut-het-rcc,MUT-HET-RCC BAP1 mutation,molecular_biomarker,BAP1,patient,classification,1292,slide_level_classification,weighted_f1,titan2025_frozen_simpleshot,TITAN-V vision-only,titan-v-slide,github:mahmoodlab/TITAN@9e34c66ff66445c6c590da0dbf7acc103d39a40b,0.796,reported_error=0.0214,titan2025.mut-het-rcc.mut-het-rcc-bap1-mutation.titan2025-frozen-simpleshot.weighted-f1,titan2025.mut-het-rcc.mut-het-rcc-bap1-mutation.titan2025-frozen-simpleshot.weighted-f1,task.mut-het-rcc.mut-het-rcc-bap1-mutation,artifact.mut-het-rcc,https://media.springernature.com/original/springer-static/esm/art%3A10.1038%2Fs41591-025-03982-3/MediaObjects/41591_2025_3982_MOESM1_ESM.pdf,paper=TITAN|supplementary_table=37|model=TITANV|evaluator=simpleshot|metric=weighted_f1,26321e4018bec7b80f2fe7ea7cc497139c83b44fb60df5128417623ad1f71a70,machine_parsed_single_primary_source,parsed_primary_source,Exact leaf result; protocol variants remain distinct and are not deduplicated by dataset name alone.
titan2025,titan_paper,Supplementary Table 37,mut-het-rcc,MUT-HET-RCC BAP1 mutation,molecular_biomarker,BAP1,patient,classification,1292,slide_level_classification,balanced_accuracy,titan2025_frozen_20_nearest_neighbors,TITAN-V vision-only,titan-v-slide,github:mahmoodlab/TITAN@9e34c66ff66445c6c590da0dbf7acc103d39a40b,0.560,reported_error=0.0204,titan2025.mut-het-rcc.mut-het-rcc-bap1-mutation.titan2025-frozen-20-nearest-neighbors.balanced-accuracy,titan2025.mut-het-rcc.mut-het-rcc-bap1-mutation.titan2025-frozen-20-nearest-neighbors.balanced-accuracy,task.mut-het-rcc.mut-het-rcc-bap1-mutation,artifact.mut-het-rcc,https://media.springernature.com/original/springer-static/esm/art%3A10.1038%2Fs41591-025-03982-3/MediaObjects/41591_2025_3982_MOESM1_ESM.pdf,paper=TITAN|supplementary_table=37|model=TITANV|evaluator=20_nearest_neighbors|metric=balanced_accuracy,26321e4018bec7b80f2fe7ea7cc497139c83b44fb60df5128417623ad1f71a70,machine_parsed_single_primary_source,parsed_primary_source,Exact leaf result; protocol variants remain distinct and are not deduplicated by dataset name alone.
titan2025,titan_paper,Supplementary Table 37,mut-het-rcc,MUT-HET-RCC BAP1 mutation,molecular_biomarker,BAP1,patient,classification,1292,slide_level_classification,weighted_f1,titan2025_frozen_20_nearest_neighbors,TITAN-V vision-only,titan-v-slide,github:mahmoodlab/TITAN@9e34c66ff66445c6c590da0dbf7acc103d39a40b,0.845,reported_error=0.0097,titan2025.mut-het-rcc.mut-het-rcc-bap1-mutation.titan2025-frozen-20-nearest-neighbors.weighted-f1,titan2025.mut-het-rcc.mut-het-rcc-bap1-mutation.titan2025-frozen-20-nearest-neighbors.weighted-f1,task.mut-het-rcc.mut-het-rcc-bap1-mutation,artifact.mut-het-rcc,https://media.springernature.com/original/springer-static/esm/art%3A10.1038%2Fs41591-025-03982-3/MediaObjects/41591_2025_3982_MOESM1_ESM.pdf,paper=TITAN|supplementary_table=37|model=TITANV|evaluator=20_nearest_neighbors|metric=weighted_f1,26321e4018bec7b80f2fe7ea7cc497139c83b44fb60df5128417623ad1f71a70,machine_parsed_single_primary_source,parsed_primary_source,Exact leaf result; protocol variants remain distinct and are not deduplicated by dataset name alone.
titan2025,titan_paper,Supplementary Table 37,mut-het-rcc,MUT-HET-RCC BAP1 mutation,molecular_biomarker,BAP1,patient,classification,1292,slide_level_classification,auroc,titan2025_frozen_logistic_regression,TITAN vision-language,titan-slide,github:mahmoodlab/TITAN@9e34c66ff66445c6c590da0dbf7acc103d39a40b,0.854,reported_error=0.0108,titan2025.mut-het-rcc.mut-het-rcc-bap1-mutation.titan2025-frozen-logistic-regression.auroc,titan2025.mut-het-rcc.mut-het-rcc-bap1-mutation.titan2025-frozen-logistic-regression.auroc,task.mut-het-rcc.mut-het-rcc-bap1-mutation,artifact.mut-het-rcc,https://media.springernature.com/original/springer-static/esm/art%3A10.1038%2Fs41591-025-03982-3/MediaObjects/41591_2025_3982_MOESM1_ESM.pdf,paper=TITAN|supplementary_table=37|model=TITAN|evaluator=logistic_regression|metric=auroc,26321e4018bec7b80f2fe7ea7cc497139c83b44fb60df5128417623ad1f71a70,machine_parsed_single_primary_source,parsed_primary_source,Exact leaf result; protocol variants remain distinct and are not deduplicated by dataset name alone.
titan2025,titan_paper,Supplementary Table 37,mut-het-rcc,MUT-HET-RCC BAP1 mutation,molecular_biomarker,BAP1,patient,classification,1292,slide_level_classification,balanced_accuracy,titan2025_frozen_logistic_regression,TITAN vision-language,titan-slide,github:mahmoodlab/TITAN@9e34c66ff66445c6c590da0dbf7acc103d39a40b,0.580,reported_error=0.0107,titan2025.mut-het-rcc.mut-het-rcc-bap1-mutation.titan2025-frozen-logistic-regression.balanced-accuracy,titan2025.mut-het-rcc.mut-het-rcc-bap1-mutation.titan2025-frozen-logistic-regression.balanced-accuracy,task.mut-het-rcc.mut-het-rcc-bap1-mutation,artifact.mut-het-rcc,https://media.springernature.com/original/springer-static/esm/art%3A10.1038%2Fs41591-025-03982-3/MediaObjects/41591_2025_3982_MOESM1_ESM.pdf,paper=TITAN|supplementary_table=37|model=TITAN|evaluator=logistic_regression|metric=balanced_accuracy,26321e4018bec7b80f2fe7ea7cc497139c83b44fb60df5128417623ad1f71a70,machine_parsed_single_primary_source,parsed_primary_source,Exact leaf result; protocol variants remain distinct and are not deduplicated by dataset name alone.
titan2025,titan_paper,Supplementary Table 37,mut-het-rcc,MUT-HET-RCC BAP1 mutation,molecular_biomarker,BAP1,patient,classification,1292,slide_level_classification,balanced_accuracy,titan2025_frozen_simpleshot,TITAN vision-language,titan-slide,github:mahmoodlab/TITAN@9e34c66ff66445c6c590da0dbf7acc103d39a40b,0.777,reported_error=0.0351,titan2025.mut-het-rcc.mut-het-rcc-bap1-mutation.titan2025-frozen-simpleshot.balanced-accuracy,titan2025.mut-het-rcc.mut-het-rcc-bap1-mutation.titan2025-frozen-simpleshot.balanced-accuracy,task.mut-het-rcc.mut-het-rcc-bap1-mutation,artifact.mut-het-rcc,https://media.springernature.com/original/springer-static/esm/art%3A10.1038%2Fs41591-025-03982-3/MediaObjects/41591_2025_3982_MOESM1_ESM.pdf,paper=TITAN|supplementary_table=37|model=TITAN|evaluator=simpleshot|metric=balanced_accuracy,26321e4018bec7b80f2fe7ea7cc497139c83b44fb60df5128417623ad1f71a70,machine_parsed_single_primary_source,parsed_primary_source,Exact leaf result; protocol variants remain distinct and are not deduplicated by dataset name alone.
titan2025,titan_paper,Supplementary Table 37,mut-het-rcc,MUT-HET-RCC BAP1 mutation,molecular_biomarker,BAP1,patient,classification,1292,slide_level_classification,weighted_f1,titan2025_frozen_simpleshot,TITAN vision-language,titan-slide,github:mahmoodlab/TITAN@9e34c66ff66445c6c590da0dbf7acc103d39a40b,0.791,reported_error=0.0249,titan2025.mut-het-rcc.mut-het-rcc-bap1-mutation.titan2025-frozen-simpleshot.weighted-f1,titan2025.mut-het-rcc.mut-het-rcc-bap1-mutation.titan2025-frozen-simpleshot.weighted-f1,task.mut-het-rcc.mut-het-rcc-bap1-mutation,artifact.mut-het-rcc,https://media.springernature.com/original/springer-static/esm/art%3A10.1038%2Fs41591-025-03982-3/MediaObjects/41591_2025_3982_MOESM1_ESM.pdf,paper=TITAN|supplementary_table=37|model=TITAN|evaluator=simpleshot|metric=weighted_f1,26321e4018bec7b80f2fe7ea7cc497139c83b44fb60df5128417623ad1f71a70,machine_parsed_single_primary_source,parsed_primary_source,Exact leaf result; protocol variants remain distinct and are not deduplicated by dataset name alone.
titan2025,titan_paper,Supplementary Table 37,mut-het-rcc,MUT-HET-RCC BAP1 mutation,molecular_biomarker,BAP1,patient,classification,1292,slide_level_classification,balanced_accuracy,titan2025_frozen_20_nearest_neighbors,TITAN vision-language,titan-slide,github:mahmoodlab/TITAN@9e34c66ff66445c6c590da0dbf7acc103d39a40b,0.553,reported_error=0.0176,titan2025.mut-het-rcc.mut-het-rcc-bap1-mutation.titan2025-frozen-20-nearest-neighbors.balanced-accuracy,titan2025.mut-het-rcc.mut-het-rcc-bap1-mutation.titan2025-frozen-20-nearest-neighbors.balanced-accuracy,task.mut-het-rcc.mut-het-rcc-bap1-mutation,artifact.mut-het-rcc,https://media.springernature.com/original/springer-static/esm/art%3A10.1038%2Fs41591-025-03982-3/MediaObjects/41591_2025_3982_MOESM1_ESM.pdf,paper=TITAN|supplementary_table=37|model=TITAN|evaluator=20_nearest_neighbors|metric=balanced_accuracy,26321e4018bec7b80f2fe7ea7cc497139c83b44fb60df5128417623ad1f71a70,machine_parsed_single_primary_source,parsed_primary_source,Exact leaf result; protocol variants remain distinct and are not deduplicated by dataset name alone.
titan2025,titan_paper,Supplementary Table 37,mut-het-rcc,MUT-HET-RCC BAP1 mutation,molecular_biomarker,BAP1,patient,classification,1292,slide_level_classification,weighted_f1,titan2025_frozen_20_nearest_neighbors,TITAN vision-language,titan-slide,github:mahmoodlab/TITAN@9e34c66ff66445c6c590da0dbf7acc103d39a40b,0.842,reported_error=0.0086,titan2025.mut-het-rcc.mut-het-rcc-bap1-mutation.titan2025-frozen-20-nearest-neighbors.weighted-f1,titan2025.mut-het-rcc.mut-het-rcc-bap1-mutation.titan2025-frozen-20-nearest-neighbors.weighted-f1,task.mut-het-rcc.mut-het-rcc-bap1-mutation,artifact.mut-het-rcc,https://media.springernature.com/original/springer-static/esm/art%3A10.1038%2Fs41591-025-03982-3/MediaObjects/41591_2025_3982_MOESM1_ESM.pdf,paper=TITAN|supplementary_table=37|model=TITAN|evaluator=20_nearest_neighbors|metric=weighted_f1,26321e4018bec7b80f2fe7ea7cc497139c83b44fb60df5128417623ad1f71a70,machine_parsed_single_primary_source,parsed_primary_source,Exact leaf result; protocol variants remain distinct and are not deduplicated by dataset name alone.
titan2025,titan_paper,Supplementary Table 38,mut-het-rcc,MUT-HET-RCC PBRM1 mutation,molecular_biomarker,PBRM1,patient,classification,1292,slide_level_classification,auroc,titan2025_frozen_logistic_regression,TITAN-V vision-only,titan-v-slide,github:mahmoodlab/TITAN@9e34c66ff66445c6c590da0dbf7acc103d39a40b,0.790,reported_error=0.0081,titan2025.mut-het-rcc.mut-het-rcc-pbrm1-mutation.titan2025-frozen-logistic-regression.auroc,titan2025.mut-het-rcc.mut-het-rcc-pbrm1-mutation.titan2025-frozen-logistic-regression.auroc,task.mut-het-rcc.mut-het-rcc-pbrm1-mutation,artifact.mut-het-rcc,https://media.springernature.com/original/springer-static/esm/art%3A10.1038%2Fs41591-025-03982-3/MediaObjects/41591_2025_3982_MOESM1_ESM.pdf,paper=TITAN|supplementary_table=38|model=TITANV|evaluator=logistic_regression|metric=auroc,26321e4018bec7b80f2fe7ea7cc497139c83b44fb60df5128417623ad1f71a70,machine_parsed_single_primary_source,parsed_primary_source,Exact leaf result; protocol variants remain distinct and are not deduplicated by dataset name alone.
titan2025,titan_paper,Supplementary Table 38,mut-het-rcc,MUT-HET-RCC PBRM1 mutation,molecular_biomarker,PBRM1,patient,classification,1292,slide_level_classification,balanced_accuracy,titan2025_frozen_logistic_regression,TITAN-V vision-only,titan-v-slide,github:mahmoodlab/TITAN@9e34c66ff66445c6c590da0dbf7acc103d39a40b,0.705,reported_error=0.0106,titan2025.mut-het-rcc.mut-het-rcc-pbrm1-mutation.titan2025-frozen-logistic-regression.balanced-accuracy,titan2025.mut-het-rcc.mut-het-rcc-pbrm1-mutation.titan2025-frozen-logistic-regression.balanced-accuracy,task.mut-het-rcc.mut-het-rcc-pbrm1-mutation,artifact.mut-het-rcc,https://media.springernature.com/original/springer-static/esm/art%3A10.1038%2Fs41591-025-03982-3/MediaObjects/41591_2025_3982_MOESM1_ESM.pdf,paper=TITAN|supplementary_table=38|model=TITANV|evaluator=logistic_regression|metric=balanced_accuracy,26321e4018bec7b80f2fe7ea7cc497139c83b44fb60df5128417623ad1f71a70,machine_parsed_single_primary_source,parsed_primary_source,Exact leaf result; protocol variants remain distinct and are not deduplicated by dataset name alone.
titan2025,titan_paper,Supplementary Table 38,mut-het-rcc,MUT-HET-RCC PBRM1 mutation,molecular_biomarker,PBRM1,patient,classification,1292,slide_level_classification,balanced_accuracy,titan2025_frozen_simpleshot,TITAN-V vision-only,titan-v-slide,github:mahmoodlab/TITAN@9e34c66ff66445c6c590da0dbf7acc103d39a40b,0.672,reported_error=0.0098,titan2025.mut-het-rcc.mut-het-rcc-pbrm1-mutation.titan2025-frozen-simpleshot.balanced-accuracy,titan2025.mut-het-rcc.mut-het-rcc-pbrm1-mutation.titan2025-frozen-simpleshot.balanced-accuracy,task.mut-het-rcc.mut-het-rcc-pbrm1-mutation,artifact.mut-het-rcc,https://media.springernature.com/original/springer-static/esm/art%3A10.1038%2Fs41591-025-03982-3/MediaObjects/41591_2025_3982_MOESM1_ESM.pdf,paper=TITAN|supplementary_table=38|model=TITANV|evaluator=simpleshot|metric=balanced_accuracy,26321e4018bec7b80f2fe7ea7cc497139c83b44fb60df5128417623ad1f71a70,machine_parsed_single_primary_source,parsed_primary_source,Exact leaf result; protocol variants remain distinct and are not deduplicated by dataset name alone.
titan2025,titan_paper,Supplementary Table 38,mut-het-rcc,MUT-HET-RCC PBRM1 mutation,molecular_biomarker,PBRM1,patient,classification,1292,slide_level_classification,weighted_f1,titan2025_frozen_simpleshot,TITAN-V vision-only,titan-v-slide,github:mahmoodlab/TITAN@9e34c66ff66445c6c590da0dbf7acc103d39a40b,0.669,reported_error=0.0104,titan2025.mut-het-rcc.mut-het-rcc-pbrm1-mutation.titan2025-frozen-simpleshot.weighted-f1,titan2025.mut-het-rcc.mut-het-rcc-pbrm1-mutation.titan2025-frozen-simpleshot.weighted-f1,task.mut-het-rcc.mut-het-rcc-pbrm1-mutation,artifact.mut-het-rcc,https://media.springernature.com/original/springer-static/esm/art%3A10.1038%2Fs41591-025-03982-3/MediaObjects/41591_2025_3982_MOESM1_ESM.pdf,paper=TITAN|supplementary_table=38|model=TITANV|evaluator=simpleshot|metric=weighted_f1,26321e4018bec7b80f2fe7ea7cc497139c83b44fb60df5128417623ad1f71a70,machine_parsed_single_primary_source,parsed_primary_source,Exact leaf result; protocol variants remain distinct and are not deduplicated by dataset name alone.
titan2025,titan_paper,Supplementary Table 38,mut-het-rcc,MUT-HET-RCC PBRM1 mutation,molecular_biomarker,PBRM1,patient,classification,1292,slide_level_classification,balanced_accuracy,titan2025_frozen_20_nearest_neighbors,TITAN-V vision-only,titan-v-slide,github:mahmoodlab/TITAN@9e34c66ff66445c6c590da0dbf7acc103d39a40b,0.681,reported_error=0.0209,titan2025.mut-het-rcc.mut-het-rcc-pbrm1-mutation.titan2025-frozen-20-nearest-neighbors.balanced-accuracy,titan2025.mut-het-rcc.mut-het-rcc-pbrm1-mutation.titan2025-frozen-20-nearest-neighbors.balanced-accuracy,task.mut-het-rcc.mut-het-rcc-pbrm1-mutation,artifact.mut-het-rcc,https://media.springernature.com/original/springer-static/esm/art%3A10.1038%2Fs41591-025-03982-3/MediaObjects/41591_2025_3982_MOESM1_ESM.pdf,paper=TITAN|supplementary_table=38|model=TITANV|evaluator=20_nearest_neighbors|metric=balanced_accuracy,26321e4018bec7b80f2fe7ea7cc497139c83b44fb60df5128417623ad1f71a70,machine_parsed_single_primary_source,parsed_primary_source,Exact leaf result; protocol variants remain distinct and are not deduplicated by dataset name alone.
titan2025,titan_paper,Supplementary Table 38,mut-het-rcc,MUT-HET-RCC PBRM1 mutation,molecular_biomarker,PBRM1,patient,classification,1292,slide_level_classification,weighted_f1,titan2025_frozen_20_nearest_neighbors,TITAN-V vision-only,titan-v-slide,github:mahmoodlab/TITAN@9e34c66ff66445c6c590da0dbf7acc103d39a40b,0.681,reported_error=0.0212,titan2025.mut-het-rcc.mut-het-rcc-pbrm1-mutation.titan2025-frozen-20-nearest-neighbors.weighted-f1,titan2025.mut-het-rcc.mut-het-rcc-pbrm1-mutation.titan2025-frozen-20-nearest-neighbors.weighted-f1,task.mut-het-rcc.mut-het-rcc-pbrm1-mutation,artifact.mut-het-rcc,https://media.springernature.com/original/springer-static/esm/art%3A10.1038%2Fs41591-025-03982-3/MediaObjects/41591_2025_3982_MOESM1_ESM.pdf,paper=TITAN|supplementary_table=38|model=TITANV|evaluator=20_nearest_neighbors|metric=weighted_f1,26321e4018bec7b80f2fe7ea7cc497139c83b44fb60df5128417623ad1f71a70,machine_parsed_single_primary_source,parsed_primary_source,Exact leaf result; protocol variants remain distinct and are not deduplicated by dataset name alone.
titan2025,titan_paper,Supplementary Table 38,mut-het-rcc,MUT-HET-RCC PBRM1 mutation,molecular_biomarker,PBRM1,patient,classification,1292,slide_level_classification,auroc,titan2025_frozen_logistic_regression,TITAN vision-language,titan-slide,github:mahmoodlab/TITAN@9e34c66ff66445c6c590da0dbf7acc103d39a40b,0.775,reported_error=0.0205,titan2025.mut-het-rcc.mut-het-rcc-pbrm1-mutation.titan2025-frozen-logistic-regression.auroc,titan2025.mut-het-rcc.mut-het-rcc-pbrm1-mutation.titan2025-frozen-logistic-regression.auroc,task.mut-het-rcc.mut-het-rcc-pbrm1-mutation,artifact.mut-het-rcc,https://media.springernature.com/original/springer-static/esm/art%3A10.1038%2Fs41591-025-03982-3/MediaObjects/41591_2025_3982_MOESM1_ESM.pdf,paper=TITAN|supplementary_table=38|model=TITAN|evaluator=logistic_regression|metric=auroc,26321e4018bec7b80f2fe7ea7cc497139c83b44fb60df5128417623ad1f71a70,machine_parsed_single_primary_source,parsed_primary_source,Exact leaf result; protocol variants remain distinct and are not deduplicated by dataset name alone.
titan2025,titan_paper,Supplementary Table 38,mut-het-rcc,MUT-HET-RCC PBRM1 mutation,molecular_biomarker,PBRM1,patient,classification,1292,slide_level_classification,balanced_accuracy,titan2025_frozen_logistic_regression,TITAN vision-language,titan-slide,github:mahmoodlab/TITAN@9e34c66ff66445c6c590da0dbf7acc103d39a40b,0.713,reported_error=0.0192,titan2025.mut-het-rcc.mut-het-rcc-pbrm1-mutation.titan2025-frozen-logistic-regression.balanced-accuracy,titan2025.mut-het-rcc.mut-het-rcc-pbrm1-mutation.titan2025-frozen-logistic-regression.balanced-accuracy,task.mut-het-rcc.mut-het-rcc-pbrm1-mutation,artifact.mut-het-rcc,https://media.springernature.com/original/springer-static/esm/art%3A10.1038%2Fs41591-025-03982-3/MediaObjects/41591_2025_3982_MOESM1_ESM.pdf,paper=TITAN|supplementary_table=38|model=TITAN|evaluator=logistic_regression|metric=balanced_accuracy,26321e4018bec7b80f2fe7ea7cc497139c83b44fb60df5128417623ad1f71a70,machine_parsed_single_primary_source,parsed_primary_source,Exact leaf result; protocol variants remain distinct and are not deduplicated by dataset name alone.
titan2025,titan_paper,Supplementary Table 38,mut-het-rcc,MUT-HET-RCC PBRM1 mutation,molecular_biomarker,PBRM1,patient,classification,1292,slide_level_classification,balanced_accuracy,titan2025_frozen_simpleshot,TITAN vision-language,titan-slide,github:mahmoodlab/TITAN@9e34c66ff66445c6c590da0dbf7acc103d39a40b,0.674,reported_error=0.0114,titan2025.mut-het-rcc.mut-het-rcc-pbrm1-mutation.titan2025-frozen-simpleshot.balanced-accuracy,titan2025.mut-het-rcc.mut-het-rcc-pbrm1-mutation.titan2025-frozen-simpleshot.balanced-accuracy,task.mut-het-rcc.mut-het-rcc-pbrm1-mutation,artifact.mut-het-rcc,https://media.springernature.com/original/springer-static/esm/art%3A10.1038%2Fs41591-025-03982-3/MediaObjects/41591_2025_3982_MOESM1_ESM.pdf,paper=TITAN|supplementary_table=38|model=TITAN|evaluator=simpleshot|metric=balanced_accuracy,26321e4018bec7b80f2fe7ea7cc497139c83b44fb60df5128417623ad1f71a70,machine_parsed_single_primary_source,parsed_primary_source,Exact leaf result; protocol variants remain distinct and are not deduplicated by dataset name alone.
titan2025,titan_paper,Supplementary Table 38,mut-het-rcc,MUT-HET-RCC PBRM1 mutation,molecular_biomarker,PBRM1,patient,classification,1292,slide_level_classification,weighted_f1,titan2025_frozen_simpleshot,TITAN vision-language,titan-slide,github:mahmoodlab/TITAN@9e34c66ff66445c6c590da0dbf7acc103d39a40b,0.674,reported_error=0.0110,titan2025.mut-het-rcc.mut-het-rcc-pbrm1-mutation.titan2025-frozen-simpleshot.weighted-f1,titan2025.mut-het-rcc.mut-het-rcc-pbrm1-mutation.titan2025-frozen-simpleshot.weighted-f1,task.mut-het-rcc.mut-het-rcc-pbrm1-mutation,artifact.mut-het-rcc,https://media.springernature.com/original/springer-static/esm/art%3A10.1038%2Fs41591-025-03982-3/MediaObjects/41591_2025_3982_MOESM1_ESM.pdf,paper=TITAN|supplementary_table=38|model=TITAN|evaluator=simpleshot|metric=weighted_f1,26321e4018bec7b80f2fe7ea7cc497139c83b44fb60df5128417623ad1f71a70,machine_parsed_single_primary_source,parsed_primary_source,Exact leaf result; protocol variants remain distinct and are not deduplicated by dataset name alone.
titan2025,titan_paper,Supplementary Table 38,mut-het-rcc,MUT-HET-RCC PBRM1 mutation,molecular_biomarker,PBRM1,patient,classification,1292,slide_level_classification,balanced_accuracy,titan2025_frozen_20_nearest_neighbors,TITAN vision-language,titan-slide,github:mahmoodlab/TITAN@9e34c66ff66445c6c590da0dbf7acc103d39a40b,0.685,reported_error=0.0237,titan2025.mut-het-rcc.mut-het-rcc-pbrm1-mutation.titan2025-frozen-20-nearest-neighbors.balanced-accuracy,titan2025.mut-het-rcc.mut-het-rcc-pbrm1-mutation.titan2025-frozen-20-nearest-neighbors.balanced-accuracy,task.mut-het-rcc.mut-het-rcc-pbrm1-mutation,artifact.mut-het-rcc,https://media.springernature.com/original/springer-static/esm/art%3A10.1038%2Fs41591-025-03982-3/MediaObjects/41591_2025_3982_MOESM1_ESM.pdf,paper=TITAN|supplementary_table=38|model=TITAN|evaluator=20_nearest_neighbors|metric=balanced_accuracy,26321e4018bec7b80f2fe7ea7cc497139c83b44fb60df5128417623ad1f71a70,machine_parsed_single_primary_source,parsed_primary_source,Exact leaf result; protocol variants remain distinct and are not deduplicated by dataset name alone.
titan2025,titan_paper,Supplementary Table 38,mut-het-rcc,MUT-HET-RCC PBRM1 mutation,molecular_biomarker,PBRM1,patient,classification,1292,slide_level_classification,weighted_f1,titan2025_frozen_20_nearest_neighbors,TITAN vision-language,titan-slide,github:mahmoodlab/TITAN@9e34c66ff66445c6c590da0dbf7acc103d39a40b,0.685,reported_error=0.0232,titan2025.mut-het-rcc.mut-het-rcc-pbrm1-mutation.titan2025-frozen-20-nearest-neighbors.weighted-f1,titan2025.mut-het-rcc.mut-het-rcc-pbrm1-mutation.titan2025-frozen-20-nearest-neighbors.weighted-f1,task.mut-het-rcc.mut-het-rcc-pbrm1-mutation,artifact.mut-het-rcc,https://media.springernature.com/original/springer-static/esm/art%3A10.1038%2Fs41591-025-03982-3/MediaObjects/41591_2025_3982_MOESM1_ESM.pdf,paper=TITAN|supplementary_table=38|model=TITAN|evaluator=20_nearest_neighbors|metric=weighted_f1,26321e4018bec7b80f2fe7ea7cc497139c83b44fb60df5128417623ad1f71a70,machine_parsed_single_primary_source,parsed_primary_source,Exact leaf result; protocol variants remain distinct and are not deduplicated by dataset name alone.
titan2025,titan_paper,Supplementary Table 39,mut-het-rcc,MUT-HET-RCC SETD2 mutation,molecular_biomarker,SETD2,patient,classification,1292,slide_level_classification,auroc,titan2025_frozen_logistic_regression,TITAN-V vision-only,titan-v-slide,github:mahmoodlab/TITAN@9e34c66ff66445c6c590da0dbf7acc103d39a40b,0.734,reported_error=0.0155,titan2025.mut-het-rcc.mut-het-rcc-setd2-mutation.titan2025-frozen-logistic-regression.auroc,titan2025.mut-het-rcc.mut-het-rcc-setd2-mutation.titan2025-frozen-logistic-regression.auroc,task.mut-het-rcc.mut-het-rcc-setd2-mutation,artifact.mut-het-rcc,https://media.springernature.com/original/springer-static/esm/art%3A10.1038%2Fs41591-025-03982-3/MediaObjects/41591_2025_3982_MOESM1_ESM.pdf,paper=TITAN|supplementary_table=39|model=TITANV|evaluator=logistic_regression|metric=auroc,26321e4018bec7b80f2fe7ea7cc497139c83b44fb60df5128417623ad1f71a70,machine_parsed_single_primary_source,parsed_primary_source,Exact leaf result; protocol variants remain distinct and are not deduplicated by dataset name alone.
titan2025,titan_paper,Supplementary Table 39,mut-het-rcc,MUT-HET-RCC SETD2 mutation,molecular_biomarker,SETD2,patient,classification,1292,slide_level_classification,balanced_accuracy,titan2025_frozen_logistic_regression,TITAN-V vision-only,titan-v-slide,github:mahmoodlab/TITAN@9e34c66ff66445c6c590da0dbf7acc103d39a40b,0.592,reported_error=0.0218,titan2025.mut-het-rcc.mut-het-rcc-setd2-mutation.titan2025-frozen-logistic-regression.balanced-accuracy,titan2025.mut-het-rcc.mut-het-rcc-setd2-mutation.titan2025-frozen-logistic-regression.balanced-accuracy,task.mut-het-rcc.mut-het-rcc-setd2-mutation,artifact.mut-het-rcc,https://media.springernature.com/original/springer-static/esm/art%3A10.1038%2Fs41591-025-03982-3/MediaObjects/41591_2025_3982_MOESM1_ESM.pdf,paper=TITAN|supplementary_table=39|model=TITANV|evaluator=logistic_regression|metric=balanced_accuracy,26321e4018bec7b80f2fe7ea7cc497139c83b44fb60df5128417623ad1f71a70,machine_parsed_single_primary_source,parsed_primary_source,Exact leaf result; protocol variants remain distinct and are not deduplicated by dataset name alone.
titan2025,titan_paper,Supplementary Table 39,mut-het-rcc,MUT-HET-RCC SETD2 mutation,molecular_biomarker,SETD2,patient,classification,1292,slide_level_classification,balanced_accuracy,titan2025_frozen_simpleshot,TITAN-V vision-only,titan-v-slide,github:mahmoodlab/TITAN@9e34c66ff66445c6c590da0dbf7acc103d39a40b,0.651,reported_error=0.0195,titan2025.mut-het-rcc.mut-het-rcc-setd2-mutation.titan2025-frozen-simpleshot.balanced-accuracy,titan2025.mut-het-rcc.mut-het-rcc-setd2-mutation.titan2025-frozen-simpleshot.balanced-accuracy,task.mut-het-rcc.mut-het-rcc-setd2-mutation,artifact.mut-het-rcc,https://media.springernature.com/original/springer-static/esm/art%3A10.1038%2Fs41591-025-03982-3/MediaObjects/41591_2025_3982_MOESM1_ESM.pdf,paper=TITAN|supplementary_table=39|model=TITANV|evaluator=simpleshot|metric=balanced_accuracy,26321e4018bec7b80f2fe7ea7cc497139c83b44fb60df5128417623ad1f71a70,machine_parsed_single_primary_source,parsed_primary_source,Exact leaf result; protocol variants remain distinct and are not deduplicated by dataset name alone.
titan2025,titan_paper,Supplementary Table 39,mut-het-rcc,MUT-HET-RCC SETD2 mutation,molecular_biomarker,SETD2,patient,classification,1292,slide_level_classification,weighted_f1,titan2025_frozen_simpleshot,TITAN-V vision-only,titan-v-slide,github:mahmoodlab/TITAN@9e34c66ff66445c6c590da0dbf7acc103d39a40b,0.686,reported_error=0.0140,titan2025.mut-het-rcc.mut-het-rcc-setd2-mutation.titan2025-frozen-simpleshot.weighted-f1,titan2025.mut-het-rcc.mut-het-rcc-setd2-mutation.titan2025-frozen-simpleshot.weighted-f1,task.mut-het-rcc.mut-het-rcc-setd2-mutation,artifact.mut-het-rcc,https://media.springernature.com/original/springer-static/esm/art%3A10.1038%2Fs41591-025-03982-3/MediaObjects/41591_2025_3982_MOESM1_ESM.pdf,paper=TITAN|supplementary_table=39|model=TITANV|evaluator=simpleshot|metric=weighted_f1,26321e4018bec7b80f2fe7ea7cc497139c83b44fb60df5128417623ad1f71a70,machine_parsed_single_primary_source,parsed_primary_source,Exact leaf result; protocol variants remain distinct and are not deduplicated by dataset name alone.
titan2025,titan_paper,Supplementary Table 39,mut-het-rcc,MUT-HET-RCC SETD2 mutation,molecular_biomarker,SETD2,patient,classification,1292,slide_level_classification,balanced_accuracy,titan2025_frozen_20_nearest_neighbors,TITAN-V vision-only,titan-v-slide,github:mahmoodlab/TITAN@9e34c66ff66445c6c590da0dbf7acc103d39a40b,0.561,reported_error=0.0145,titan2025.mut-het-rcc.mut-het-rcc-setd2-mutation.titan2025-frozen-20-nearest-neighbors.balanced-accuracy,titan2025.mut-het-rcc.mut-het-rcc-setd2-mutation.titan2025-frozen-20-nearest-neighbors.balanced-accuracy,task.mut-het-rcc.mut-het-rcc-setd2-mutation,artifact.mut-het-rcc,https://media.springernature.com/original/springer-static/esm/art%3A10.1038%2Fs41591-025-03982-3/MediaObjects/41591_2025_3982_MOESM1_ESM.pdf,paper=TITAN|supplementary_table=39|model=TITANV|evaluator=20_nearest_neighbors|metric=balanced_accuracy,26321e4018bec7b80f2fe7ea7cc497139c83b44fb60df5128417623ad1f71a70,machine_parsed_single_primary_source,parsed_primary_source,Exact leaf result; protocol variants remain distinct and are not deduplicated by dataset name alone.
titan2025,titan_paper,Supplementary Table 39,mut-het-rcc,MUT-HET-RCC SETD2 mutation,molecular_biomarker,SETD2,patient,classification,1292,slide_level_classification,weighted_f1,titan2025_frozen_20_nearest_neighbors,TITAN-V vision-only,titan-v-slide,github:mahmoodlab/TITAN@9e34c66ff66445c6c590da0dbf7acc103d39a40b,0.686,reported_error=0.0128,titan2025.mut-het-rcc.mut-het-rcc-setd2-mutation.titan2025-frozen-20-nearest-neighbors.weighted-f1,titan2025.mut-het-rcc.mut-het-rcc-setd2-mutation.titan2025-frozen-20-nearest-neighbors.weighted-f1,task.mut-het-rcc.mut-het-rcc-setd2-mutation,artifact.mut-het-rcc,https://media.springernature.com/original/springer-static/esm/art%3A10.1038%2Fs41591-025-03982-3/MediaObjects/41591_2025_3982_MOESM1_ESM.pdf,paper=TITAN|supplementary_table=39|model=TITANV|evaluator=20_nearest_neighbors|metric=weighted_f1,26321e4018bec7b80f2fe7ea7cc497139c83b44fb60df5128417623ad1f71a70,machine_parsed_single_primary_source,parsed_primary_source,Exact leaf result; protocol variants remain distinct and are not deduplicated by dataset name alone.
titan2025,titan_paper,Supplementary Table 39,mut-het-rcc,MUT-HET-RCC SETD2 mutation,molecular_biomarker,SETD2,patient,classification,1292,slide_level_classification,auroc,titan2025_frozen_logistic_regression,TITAN vision-language,titan-slide,github:mahmoodlab/TITAN@9e34c66ff66445c6c590da0dbf7acc103d39a40b,0.727,reported_error=0.0154,titan2025.mut-het-rcc.mut-het-rcc-setd2-mutation.titan2025-frozen-logistic-regression.auroc,titan2025.mut-het-rcc.mut-het-rcc-setd2-mutation.titan2025-frozen-logistic-regression.auroc,task.mut-het-rcc.mut-het-rcc-setd2-mutation,artifact.mut-het-rcc,https://media.springernature.com/original/springer-static/esm/art%3A10.1038%2Fs41591-025-03982-3/MediaObjects/41591_2025_3982_MOESM1_ESM.pdf,paper=TITAN|supplementary_table=39|model=TITAN|evaluator=logistic_regression|metric=auroc,26321e4018bec7b80f2fe7ea7cc497139c83b44fb60df5128417623ad1f71a70,machine_parsed_single_primary_source,parsed_primary_source,Exact leaf result; protocol variants remain distinct and are not deduplicated by dataset name alone.
titan2025,titan_paper,Supplementary Table 39,mut-het-rcc,MUT-HET-RCC SETD2 mutation,molecular_biomarker,SETD2,patient,classification,1292,slide_level_classification,balanced_accuracy,titan2025_frozen_logistic_regression,TITAN vision-language,titan-slide,github:mahmoodlab/TITAN@9e34c66ff66445c6c590da0dbf7acc103d39a40b,0.586,reported_error=0.0158,titan2025.mut-het-rcc.mut-het-rcc-setd2-mutation.titan2025-frozen-logistic-regression.balanced-accuracy,titan2025.mut-het-rcc.mut-het-rcc-setd2-mutation.titan2025-frozen-logistic-regression.balanced-accuracy,task.mut-het-rcc.mut-het-rcc-setd2-mutation,artifact.mut-het-rcc,https://media.springernature.com/original/springer-static/esm/art%3A10.1038%2Fs41591-025-03982-3/MediaObjects/41591_2025_3982_MOESM1_ESM.pdf,paper=TITAN|supplementary_table=39|model=TITAN|evaluator=logistic_regression|metric=balanced_accuracy,26321e4018bec7b80f2fe7ea7cc497139c83b44fb60df5128417623ad1f71a70,machine_parsed_single_primary_source,parsed_primary_source,Exact leaf result; protocol variants remain distinct and are not deduplicated by dataset name alone.
titan2025,titan_paper,Supplementary Table 39,mut-het-rcc,MUT-HET-RCC SETD2 mutation,molecular_biomarker,SETD2,patient,classification,1292,slide_level_classification,balanced_accuracy,titan2025_frozen_simpleshot,TITAN vision-language,titan-slide,github:mahmoodlab/TITAN@9e34c66ff66445c6c590da0dbf7acc103d39a40b,0.661,reported_error=0.0147,titan2025.mut-het-rcc.mut-het-rcc-setd2-mutation.titan2025-frozen-simpleshot.balanced-accuracy,titan2025.mut-het-rcc.mut-het-rcc-setd2-mutation.titan2025-frozen-simpleshot.balanced-accuracy,task.mut-het-rcc.mut-het-rcc-setd2-mutation,artifact.mut-het-rcc,https://media.springernature.com/original/springer-static/esm/art%3A10.1038%2Fs41591-025-03982-3/MediaObjects/41591_2025_3982_MOESM1_ESM.pdf,paper=TITAN|supplementary_table=39|model=TITAN|evaluator=simpleshot|metric=balanced_accuracy,26321e4018bec7b80f2fe7ea7cc497139c83b44fb60df5128417623ad1f71a70,machine_parsed_single_primary_source,parsed_primary_source,Exact leaf result; protocol variants remain distinct and are not deduplicated by dataset name alone.
titan2025,titan_paper,Supplementary Table 39,mut-het-rcc,MUT-HET-RCC SETD2 mutation,molecular_biomarker,SETD2,patient,classification,1292,slide_level_classification,weighted_f1,titan2025_frozen_simpleshot,TITAN vision-language,titan-slide,github:mahmoodlab/TITAN@9e34c66ff66445c6c590da0dbf7acc103d39a40b,0.685,reported_error=0.0069,titan2025.mut-het-rcc.mut-het-rcc-setd2-mutation.titan2025-frozen-simpleshot.weighted-f1,titan2025.mut-het-rcc.mut-het-rcc-setd2-mutation.titan2025-frozen-simpleshot.weighted-f1,task.mut-het-rcc.mut-het-rcc-setd2-mutation,artifact.mut-het-rcc,https://media.springernature.com/original/springer-static/esm/art%3A10.1038%2Fs41591-025-03982-3/MediaObjects/41591_2025_3982_MOESM1_ESM.pdf,paper=TITAN|supplementary_table=39|model=TITAN|evaluator=simpleshot|metric=weighted_f1,26321e4018bec7b80f2fe7ea7cc497139c83b44fb60df5128417623ad1f71a70,machine_parsed_single_primary_source,parsed_primary_source,Exact leaf result; protocol variants remain distinct and are not deduplicated by dataset name alone.
titan2025,titan_paper,Supplementary Table 39,mut-het-rcc,MUT-HET-RCC SETD2 mutation,molecular_biomarker,SETD2,patient,classification,1292,slide_level_classification,balanced_accuracy,titan2025_frozen_20_nearest_neighbors,TITAN vision-language,titan-slide,github:mahmoodlab/TITAN@9e34c66ff66445c6c590da0dbf7acc103d39a40b,0.572,reported_error=0.0190,titan2025.mut-het-rcc.mut-het-rcc-setd2-mutation.titan2025-frozen-20-nearest-neighbors.balanced-accuracy,titan2025.mut-het-rcc.mut-het-rcc-setd2-mutation.titan2025-frozen-20-nearest-neighbors.balanced-accuracy,task.mut-het-rcc.mut-het-rcc-setd2-mutation,artifact.mut-het-rcc,https://media.springernature.com/original/springer-static/esm/art%3A10.1038%2Fs41591-025-03982-3/MediaObjects/41591_2025_3982_MOESM1_ESM.pdf,paper=TITAN|supplementary_table=39|model=TITAN|evaluator=20_nearest_neighbors|metric=balanced_accuracy,26321e4018bec7b80f2fe7ea7cc497139c83b44fb60df5128417623ad1f71a70,machine_parsed_single_primary_source,parsed_primary_source,Exact leaf result; protocol variants remain distinct and are not deduplicated by dataset name alone.
titan2025,titan_paper,Supplementary Table 39,mut-het-rcc,MUT-HET-RCC SETD2 mutation,molecular_biomarker,SETD2,patient,classification,1292,slide_level_classification,weighted_f1,titan2025_frozen_20_nearest_neighbors,TITAN vision-language,titan-slide,github:mahmoodlab/TITAN@9e34c66ff66445c6c590da0dbf7acc103d39a40b,0.695,reported_error=0.0173,titan2025.mut-het-rcc.mut-het-rcc-setd2-mutation.titan2025-frozen-20-nearest-neighbors.weighted-f1,titan2025.mut-het-rcc.mut-het-rcc-setd2-mutation.titan2025-frozen-20-nearest-neighbors.weighted-f1,task.mut-het-rcc.mut-het-rcc-setd2-mutation,artifact.mut-het-rcc,https://media.springernature.com/original/springer-static/esm/art%3A10.1038%2Fs41591-025-03982-3/MediaObjects/41591_2025_3982_MOESM1_ESM.pdf,paper=TITAN|supplementary_table=39|model=TITAN|evaluator=20_nearest_neighbors|metric=weighted_f1,26321e4018bec7b80f2fe7ea7cc497139c83b44fb60df5128417623ad1f71a70,machine_parsed_single_primary_source,parsed_primary_source,Exact leaf result; protocol variants remain distinct and are not deduplicated by dataset name alone.
titan2025,titan_paper,Supplementary Table 40,bcnb,BCNB ER status,molecular_biomarker,ER,patient,classification,1058,slide_level_classification,auroc,titan2025_frozen_logistic_regression,TITAN-V vision-only,titan-v-slide,github:mahmoodlab/TITAN@9e34c66ff66445c6c590da0dbf7acc103d39a40b,0.917,reported_error=0.0248,titan2025.bcnb.bcnb-er-status.titan2025-frozen-logistic-regression.auroc,titan2025.bcnb.bcnb-er-status.titan2025-frozen-logistic-regression.auroc,task.bcnb.bcnb-er-status,artifact.bcnb,https://media.springernature.com/original/springer-static/esm/art%3A10.1038%2Fs41591-025-03982-3/MediaObjects/41591_2025_3982_MOESM1_ESM.pdf,paper=TITAN|supplementary_table=40|model=TITANV|evaluator=logistic_regression|metric=auroc,26321e4018bec7b80f2fe7ea7cc497139c83b44fb60df5128417623ad1f71a70,machine_parsed_single_primary_source,parsed_primary_source,Exact leaf result; protocol variants remain distinct and are not deduplicated by dataset name alone.
titan2025,titan_paper,Supplementary Table 40,bcnb,BCNB ER status,molecular_biomarker,ER,patient,classification,1058,slide_level_classification,balanced_accuracy,titan2025_frozen_logistic_regression,TITAN-V vision-only,titan-v-slide,github:mahmoodlab/TITAN@9e34c66ff66445c6c590da0dbf7acc103d39a40b,0.769,reported_error=0.0394,titan2025.bcnb.bcnb-er-status.titan2025-frozen-logistic-regression.balanced-accuracy,titan2025.bcnb.bcnb-er-status.titan2025-frozen-logistic-regression.balanced-accuracy,task.bcnb.bcnb-er-status,artifact.bcnb,https://media.springernature.com/original/springer-static/esm/art%3A10.1038%2Fs41591-025-03982-3/MediaObjects/41591_2025_3982_MOESM1_ESM.pdf,paper=TITAN|supplementary_table=40|model=TITANV|evaluator=logistic_regression|metric=balanced_accuracy,26321e4018bec7b80f2fe7ea7cc497139c83b44fb60df5128417623ad1f71a70,machine_parsed_single_primary_source,parsed_primary_source,Exact leaf result; protocol variants remain distinct and are not deduplicated by dataset name alone.
titan2025,titan_paper,Supplementary Table 40,bcnb,BCNB ER status,molecular_biomarker,ER,patient,classification,1058,slide_level_classification,balanced_accuracy,titan2025_frozen_simpleshot,TITAN-V vision-only,titan-v-slide,github:mahmoodlab/TITAN@9e34c66ff66445c6c590da0dbf7acc103d39a40b,0.800,reported_error=0.0230,titan2025.bcnb.bcnb-er-status.titan2025-frozen-simpleshot.balanced-accuracy,titan2025.bcnb.bcnb-er-status.titan2025-frozen-simpleshot.balanced-accuracy,task.bcnb.bcnb-er-status,artifact.bcnb,https://media.springernature.com/original/springer-static/esm/art%3A10.1038%2Fs41591-025-03982-3/MediaObjects/41591_2025_3982_MOESM1_ESM.pdf,paper=TITAN|supplementary_table=40|model=TITANV|evaluator=simpleshot|metric=balanced_accuracy,26321e4018bec7b80f2fe7ea7cc497139c83b44fb60df5128417623ad1f71a70,machine_parsed_single_primary_source,parsed_primary_source,Exact leaf result; protocol variants remain distinct and are not deduplicated by dataset name alone.
titan2025,titan_paper,Supplementary Table 40,bcnb,BCNB ER status,molecular_biomarker,ER,patient,classification,1058,slide_level_classification,weighted_f1,titan2025_frozen_simpleshot,TITAN-V vision-only,titan-v-slide,github:mahmoodlab/TITAN@9e34c66ff66445c6c590da0dbf7acc103d39a40b,0.813,reported_error=0.0239,titan2025.bcnb.bcnb-er-status.titan2025-frozen-simpleshot.weighted-f1,titan2025.bcnb.bcnb-er-status.titan2025-frozen-simpleshot.weighted-f1,task.bcnb.bcnb-er-status,artifact.bcnb,https://media.springernature.com/original/springer-static/esm/art%3A10.1038%2Fs41591-025-03982-3/MediaObjects/41591_2025_3982_MOESM1_ESM.pdf,paper=TITAN|supplementary_table=40|model=TITANV|evaluator=simpleshot|metric=weighted_f1,26321e4018bec7b80f2fe7ea7cc497139c83b44fb60df5128417623ad1f71a70,machine_parsed_single_primary_source,parsed_primary_source,Exact leaf result; protocol variants remain distinct and are not deduplicated by dataset name alone.
titan2025,titan_paper,Supplementary Table 40,bcnb,BCNB ER status,molecular_biomarker,ER,patient,classification,1058,slide_level_classification,balanced_accuracy,titan2025_frozen_20_nearest_neighbors,TITAN-V vision-only,titan-v-slide,github:mahmoodlab/TITAN@9e34c66ff66445c6c590da0dbf7acc103d39a40b,0.764,reported_error=0.0359,titan2025.bcnb.bcnb-er-status.titan2025-frozen-20-nearest-neighbors.balanced-accuracy,titan2025.bcnb.bcnb-er-status.titan2025-frozen-20-nearest-neighbors.balanced-accuracy,task.bcnb.bcnb-er-status,artifact.bcnb,https://media.springernature.com/original/springer-static/esm/art%3A10.1038%2Fs41591-025-03982-3/MediaObjects/41591_2025_3982_MOESM1_ESM.pdf,paper=TITAN|supplementary_table=40|model=TITANV|evaluator=20_nearest_neighbors|metric=balanced_accuracy,26321e4018bec7b80f2fe7ea7cc497139c83b44fb60df5128417623ad1f71a70,machine_parsed_single_primary_source,parsed_primary_source,Exact leaf result; protocol variants remain distinct and are not deduplicated by dataset name alone.
titan2025,titan_paper,Supplementary Table 40,bcnb,BCNB ER status,molecular_biomarker,ER,patient,classification,1058,slide_level_classification,weighted_f1,titan2025_frozen_20_nearest_neighbors,TITAN-V vision-only,titan-v-slide,github:mahmoodlab/TITAN@9e34c66ff66445c6c590da0dbf7acc103d39a40b,0.848,reported_error=0.0190,titan2025.bcnb.bcnb-er-status.titan2025-frozen-20-nearest-neighbors.weighted-f1,titan2025.bcnb.bcnb-er-status.titan2025-frozen-20-nearest-neighbors.weighted-f1,task.bcnb.bcnb-er-status,artifact.bcnb,https://media.springernature.com/original/springer-static/esm/art%3A10.1038%2Fs41591-025-03982-3/MediaObjects/41591_2025_3982_MOESM1_ESM.pdf,paper=TITAN|supplementary_table=40|model=TITANV|evaluator=20_nearest_neighbors|metric=weighted_f1,26321e4018bec7b80f2fe7ea7cc497139c83b44fb60df5128417623ad1f71a70,machine_parsed_single_primary_source,parsed_primary_source,Exact leaf result; protocol variants remain distinct and are not deduplicated by dataset name alone.
titan2025,titan_paper,Supplementary Table 40,bcnb,BCNB ER status,molecular_biomarker,ER,patient,classification,1058,slide_level_classification,auroc,titan2025_frozen_logistic_regression,TITAN vision-language,titan-slide,github:mahmoodlab/TITAN@9e34c66ff66445c6c590da0dbf7acc103d39a40b,0.920,reported_error=0.0191,titan2025.bcnb.bcnb-er-status.titan2025-frozen-logistic-regression.auroc,titan2025.bcnb.bcnb-er-status.titan2025-frozen-logistic-regression.auroc,task.bcnb.bcnb-er-status,artifact.bcnb,https://media.springernature.com/original/springer-static/esm/art%3A10.1038%2Fs41591-025-03982-3/MediaObjects/41591_2025_3982_MOESM1_ESM.pdf,paper=TITAN|supplementary_table=40|model=TITAN|evaluator=logistic_regression|metric=auroc,26321e4018bec7b80f2fe7ea7cc497139c83b44fb60df5128417623ad1f71a70,machine_parsed_single_primary_source,parsed_primary_source,Exact leaf result; protocol variants remain distinct and are not deduplicated by dataset name alone.
titan2025,titan_paper,Supplementary Table 40,bcnb,BCNB ER status,molecular_biomarker,ER,patient,classification,1058,slide_level_classification,balanced_accuracy,titan2025_frozen_logistic_regression,TITAN vision-language,titan-slide,github:mahmoodlab/TITAN@9e34c66ff66445c6c590da0dbf7acc103d39a40b,0.764,reported_error=0.0280,titan2025.bcnb.bcnb-er-status.titan2025-frozen-logistic-regression.balanced-accuracy,titan2025.bcnb.bcnb-er-status.titan2025-frozen-logistic-regression.balanced-accuracy,task.bcnb.bcnb-er-status,artifact.bcnb,https://media.springernature.com/original/springer-static/esm/art%3A10.1038%2Fs41591-025-03982-3/MediaObjects/41591_2025_3982_MOESM1_ESM.pdf,paper=TITAN|supplementary_table=40|model=TITAN|evaluator=logistic_regression|metric=balanced_accuracy,26321e4018bec7b80f2fe7ea7cc497139c83b44fb60df5128417623ad1f71a70,machine_parsed_single_primary_source,parsed_primary_source,Exact leaf result; protocol variants remain distinct and are not deduplicated by dataset name alone.
titan2025,titan_paper,Supplementary Table 40,bcnb,BCNB ER status,molecular_biomarker,ER,patient,classification,1058,slide_level_classification,balanced_accuracy,titan2025_frozen_simpleshot,TITAN vision-language,titan-slide,github:mahmoodlab/TITAN@9e34c66ff66445c6c590da0dbf7acc103d39a40b,0.805,reported_error=0.0207,titan2025.bcnb.bcnb-er-status.titan2025-frozen-simpleshot.balanced-accuracy,titan2025.bcnb.bcnb-er-status.titan2025-frozen-simpleshot.balanced-accuracy,task.bcnb.bcnb-er-status,artifact.bcnb,https://media.springernature.com/original/springer-static/esm/art%3A10.1038%2Fs41591-025-03982-3/MediaObjects/41591_2025_3982_MOESM1_ESM.pdf,paper=TITAN|supplementary_table=40|model=TITAN|evaluator=simpleshot|metric=balanced_accuracy,26321e4018bec7b80f2fe7ea7cc497139c83b44fb60df5128417623ad1f71a70,machine_parsed_single_primary_source,parsed_primary_source,Exact leaf result; protocol variants remain distinct and are not deduplicated by dataset name alone.
titan2025,titan_paper,Supplementary Table 40,bcnb,BCNB ER status,molecular_biomarker,ER,patient,classification,1058,slide_level_classification,weighted_f1,titan2025_frozen_simpleshot,TITAN vision-language,titan-slide,github:mahmoodlab/TITAN@9e34c66ff66445c6c590da0dbf7acc103d39a40b,0.802,reported_error=0.0263,titan2025.bcnb.bcnb-er-status.titan2025-frozen-simpleshot.weighted-f1,titan2025.bcnb.bcnb-er-status.titan2025-frozen-simpleshot.weighted-f1,task.bcnb.bcnb-er-status,artifact.bcnb,https://media.springernature.com/original/springer-static/esm/art%3A10.1038%2Fs41591-025-03982-3/MediaObjects/41591_2025_3982_MOESM1_ESM.pdf,paper=TITAN|supplementary_table=40|model=TITAN|evaluator=simpleshot|metric=weighted_f1,26321e4018bec7b80f2fe7ea7cc497139c83b44fb60df5128417623ad1f71a70,machine_parsed_single_primary_source,parsed_primary_source,Exact leaf result; protocol variants remain distinct and are not deduplicated by dataset name alone.
titan2025,titan_paper,Supplementary Table 40,bcnb,BCNB ER status,molecular_biomarker,ER,patient,classification,1058,slide_level_classification,balanced_accuracy,titan2025_frozen_20_nearest_neighbors,TITAN vision-language,titan-slide,github:mahmoodlab/TITAN@9e34c66ff66445c6c590da0dbf7acc103d39a40b,0.775,reported_error=0.0451,titan2025.bcnb.bcnb-er-status.titan2025-frozen-20-nearest-neighbors.balanced-accuracy,titan2025.bcnb.bcnb-er-status.titan2025-frozen-20-nearest-neighbors.balanced-accuracy,task.bcnb.bcnb-er-status,artifact.bcnb,https://media.springernature.com/original/springer-static/esm/art%3A10.1038%2Fs41591-025-03982-3/MediaObjects/41591_2025_3982_MOESM1_ESM.pdf,paper=TITAN|supplementary_table=40|model=TITAN|evaluator=20_nearest_neighbors|metric=balanced_accuracy,26321e4018bec7b80f2fe7ea7cc497139c83b44fb60df5128417623ad1f71a70,machine_parsed_single_primary_source,parsed_primary_source,Exact leaf result; protocol variants remain distinct and are not deduplicated by dataset name alone.
titan2025,titan_paper,Supplementary Table 40,bcnb,BCNB ER status,molecular_biomarker,ER,patient,classification,1058,slide_level_classification,weighted_f1,titan2025_frozen_20_nearest_neighbors,TITAN vision-language,titan-slide,github:mahmoodlab/TITAN@9e34c66ff66445c6c590da0dbf7acc103d39a40b,0.844,reported_error=0.0313,titan2025.bcnb.bcnb-er-status.titan2025-frozen-20-nearest-neighbors.weighted-f1,titan2025.bcnb.bcnb-er-status.titan2025-frozen-20-nearest-neighbors.weighted-f1,task.bcnb.bcnb-er-status,artifact.bcnb,https://media.springernature.com/original/springer-static/esm/art%3A10.1038%2Fs41591-025-03982-3/MediaObjects/41591_2025_3982_MOESM1_ESM.pdf,paper=TITAN|supplementary_table=40|model=TITAN|evaluator=20_nearest_neighbors|metric=weighted_f1,26321e4018bec7b80f2fe7ea7cc497139c83b44fb60df5128417623ad1f71a70,machine_parsed_single_primary_source,parsed_primary_source,Exact leaf result; protocol variants remain distinct and are not deduplicated by dataset name alone.
titan2025,titan_paper,Supplementary Table 41,bcnb,BCNB PR status,molecular_biomarker,PR,patient,classification,1058,slide_level_classification,auroc,titan2025_frozen_logistic_regression,TITAN-V vision-only,titan-v-slide,github:mahmoodlab/TITAN@9e34c66ff66445c6c590da0dbf7acc103d39a40b,0.856,reported_error=0.0378,titan2025.bcnb.bcnb-pr-status.titan2025-frozen-logistic-regression.auroc,titan2025.bcnb.bcnb-pr-status.titan2025-frozen-logistic-regression.auroc,task.bcnb.bcnb-pr-status,artifact.bcnb,https://media.springernature.com/original/springer-static/esm/art%3A10.1038%2Fs41591-025-03982-3/MediaObjects/41591_2025_3982_MOESM1_ESM.pdf,paper=TITAN|supplementary_table=41|model=TITANV|evaluator=logistic_regression|metric=auroc,26321e4018bec7b80f2fe7ea7cc497139c83b44fb60df5128417623ad1f71a70,machine_parsed_single_primary_source,parsed_primary_source,Exact leaf result; protocol variants remain distinct and are not deduplicated by dataset name alone.
titan2025,titan_paper,Supplementary Table 41,bcnb,BCNB PR status,molecular_biomarker,PR,patient,classification,1058,slide_level_classification,balanced_accuracy,titan2025_frozen_logistic_regression,TITAN-V vision-only,titan-v-slide,github:mahmoodlab/TITAN@9e34c66ff66445c6c590da0dbf7acc103d39a40b,0.741,reported_error=0.0332,titan2025.bcnb.bcnb-pr-status.titan2025-frozen-logistic-regression.balanced-accuracy,titan2025.bcnb.bcnb-pr-status.titan2025-frozen-logistic-regression.balanced-accuracy,task.bcnb.bcnb-pr-status,artifact.bcnb,https://media.springernature.com/original/springer-static/esm/art%3A10.1038%2Fs41591-025-03982-3/MediaObjects/41591_2025_3982_MOESM1_ESM.pdf,paper=TITAN|supplementary_table=41|model=TITANV|evaluator=logistic_regression|metric=balanced_accuracy,26321e4018bec7b80f2fe7ea7cc497139c83b44fb60df5128417623ad1f71a70,machine_parsed_single_primary_source,parsed_primary_source,Exact leaf result; protocol variants remain distinct and are not deduplicated by dataset name alone.
titan2025,titan_paper,Supplementary Table 41,bcnb,BCNB PR status,molecular_biomarker,PR,patient,classification,1058,slide_level_classification,balanced_accuracy,titan2025_frozen_simpleshot,TITAN-V vision-only,titan-v-slide,github:mahmoodlab/TITAN@9e34c66ff66445c6c590da0dbf7acc103d39a40b,0.765,reported_error=0.0474,titan2025.bcnb.bcnb-pr-status.titan2025-frozen-simpleshot.balanced-accuracy,titan2025.bcnb.bcnb-pr-status.titan2025-frozen-simpleshot.balanced-accuracy,task.bcnb.bcnb-pr-status,artifact.bcnb,https://media.springernature.com/original/springer-static/esm/art%3A10.1038%2Fs41591-025-03982-3/MediaObjects/41591_2025_3982_MOESM1_ESM.pdf,paper=TITAN|supplementary_table=41|model=TITANV|evaluator=simpleshot|metric=balanced_accuracy,26321e4018bec7b80f2fe7ea7cc497139c83b44fb60df5128417623ad1f71a70,machine_parsed_single_primary_source,parsed_primary_source,Exact leaf result; protocol variants remain distinct and are not deduplicated by dataset name alone.
titan2025,titan_paper,Supplementary Table 41,bcnb,BCNB PR status,molecular_biomarker,PR,patient,classification,1058,slide_level_classification,weighted_f1,titan2025_frozen_simpleshot,TITAN-V vision-only,titan-v-slide,github:mahmoodlab/TITAN@9e34c66ff66445c6c590da0dbf7acc103d39a40b,0.783,reported_error=0.0355,titan2025.bcnb.bcnb-pr-status.titan2025-frozen-simpleshot.weighted-f1,titan2025.bcnb.bcnb-pr-status.titan2025-frozen-simpleshot.weighted-f1,task.bcnb.bcnb-pr-status,artifact.bcnb,https://media.springernature.com/original/springer-static/esm/art%3A10.1038%2Fs41591-025-03982-3/MediaObjects/41591_2025_3982_MOESM1_ESM.pdf,paper=TITAN|supplementary_table=41|model=TITANV|evaluator=simpleshot|metric=weighted_f1,26321e4018bec7b80f2fe7ea7cc497139c83b44fb60df5128417623ad1f71a70,machine_parsed_single_primary_source,parsed_primary_source,Exact leaf result; protocol variants remain distinct and are not deduplicated by dataset name alone.
titan2025,titan_paper,Supplementary Table 41,bcnb,BCNB PR status,molecular_biomarker,PR,patient,classification,1058,slide_level_classification,balanced_accuracy,titan2025_frozen_20_nearest_neighbors,TITAN-V vision-only,titan-v-slide,github:mahmoodlab/TITAN@9e34c66ff66445c6c590da0dbf7acc103d39a40b,0.752,reported_error=0.0346,titan2025.bcnb.bcnb-pr-status.titan2025-frozen-20-nearest-neighbors.balanced-accuracy,titan2025.bcnb.bcnb-pr-status.titan2025-frozen-20-nearest-neighbors.balanced-accuracy,task.bcnb.bcnb-pr-status,artifact.bcnb,https://media.springernature.com/original/springer-static/esm/art%3A10.1038%2Fs41591-025-03982-3/MediaObjects/41591_2025_3982_MOESM1_ESM.pdf,paper=TITAN|supplementary_table=41|model=TITANV|evaluator=20_nearest_neighbors|metric=balanced_accuracy,26321e4018bec7b80f2fe7ea7cc497139c83b44fb60df5128417623ad1f71a70,machine_parsed_single_primary_source,parsed_primary_source,Exact leaf result; protocol variants remain distinct and are not deduplicated by dataset name alone.
titan2025,titan_paper,Supplementary Table 41,bcnb,BCNB PR status,molecular_biomarker,PR,patient,classification,1058,slide_level_classification,weighted_f1,titan2025_frozen_20_nearest_neighbors,TITAN-V vision-only,titan-v-slide,github:mahmoodlab/TITAN@9e34c66ff66445c6c590da0dbf7acc103d39a40b,0.822,reported_error=0.0267,titan2025.bcnb.bcnb-pr-status.titan2025-frozen-20-nearest-neighbors.weighted-f1,titan2025.bcnb.bcnb-pr-status.titan2025-frozen-20-nearest-neighbors.weighted-f1,task.bcnb.bcnb-pr-status,artifact.bcnb,https://media.springernature.com/original/springer-static/esm/art%3A10.1038%2Fs41591-025-03982-3/MediaObjects/41591_2025_3982_MOESM1_ESM.pdf,paper=TITAN|supplementary_table=41|model=TITANV|evaluator=20_nearest_neighbors|metric=weighted_f1,26321e4018bec7b80f2fe7ea7cc497139c83b44fb60df5128417623ad1f71a70,machine_parsed_single_primary_source,parsed_primary_source,Exact leaf result; protocol variants remain distinct and are not deduplicated by dataset name alone.
titan2025,titan_paper,Supplementary Table 41,bcnb,BCNB PR status,molecular_biomarker,PR,patient,classification,1058,slide_level_classification,auroc,titan2025_frozen_logistic_regression,TITAN vision-language,titan-slide,github:mahmoodlab/TITAN@9e34c66ff66445c6c590da0dbf7acc103d39a40b,0.857,reported_error=0.0336,titan2025.bcnb.bcnb-pr-status.titan2025-frozen-logistic-regression.auroc,titan2025.bcnb.bcnb-pr-status.titan2025-frozen-logistic-regression.auroc,task.bcnb.bcnb-pr-status,artifact.bcnb,https://media.springernature.com/original/springer-static/esm/art%3A10.1038%2Fs41591-025-03982-3/MediaObjects/41591_2025_3982_MOESM1_ESM.pdf,paper=TITAN|supplementary_table=41|model=TITAN|evaluator=logistic_regression|metric=auroc,26321e4018bec7b80f2fe7ea7cc497139c83b44fb60df5128417623ad1f71a70,machine_parsed_single_primary_source,parsed_primary_source,Exact leaf result; protocol variants remain distinct and are not deduplicated by dataset name alone.
titan2025,titan_paper,Supplementary Table 41,bcnb,BCNB PR status,molecular_biomarker,PR,patient,classification,1058,slide_level_classification,balanced_accuracy,titan2025_frozen_logistic_regression,TITAN vision-language,titan-slide,github:mahmoodlab/TITAN@9e34c66ff66445c6c590da0dbf7acc103d39a40b,0.739,reported_error=0.0423,titan2025.bcnb.bcnb-pr-status.titan2025-frozen-logistic-regression.balanced-accuracy,titan2025.bcnb.bcnb-pr-status.titan2025-frozen-logistic-regression.balanced-accuracy,task.bcnb.bcnb-pr-status,artifact.bcnb,https://media.springernature.com/original/springer-static/esm/art%3A10.1038%2Fs41591-025-03982-3/MediaObjects/41591_2025_3982_MOESM1_ESM.pdf,paper=TITAN|supplementary_table=41|model=TITAN|evaluator=logistic_regression|metric=balanced_accuracy,26321e4018bec7b80f2fe7ea7cc497139c83b44fb60df5128417623ad1f71a70,machine_parsed_single_primary_source,parsed_primary_source,Exact leaf result; protocol variants remain distinct and are not deduplicated by dataset name alone.
titan2025,titan_paper,Supplementary Table 41,bcnb,BCNB PR status,molecular_biomarker,PR,patient,classification,1058,slide_level_classification,balanced_accuracy,titan2025_frozen_simpleshot,TITAN vision-language,titan-slide,github:mahmoodlab/TITAN@9e34c66ff66445c6c590da0dbf7acc103d39a40b,0.770,reported_error=0.0362,titan2025.bcnb.bcnb-pr-status.titan2025-frozen-simpleshot.balanced-accuracy,titan2025.bcnb.bcnb-pr-status.titan2025-frozen-simpleshot.balanced-accuracy,task.bcnb.bcnb-pr-status,artifact.bcnb,https://media.springernature.com/original/springer-static/esm/art%3A10.1038%2Fs41591-025-03982-3/MediaObjects/41591_2025_3982_MOESM1_ESM.pdf,paper=TITAN|supplementary_table=41|model=TITAN|evaluator=simpleshot|metric=balanced_accuracy,26321e4018bec7b80f2fe7ea7cc497139c83b44fb60df5128417623ad1f71a70,machine_parsed_single_primary_source,parsed_primary_source,Exact leaf result; protocol variants remain distinct and are not deduplicated by dataset name alone.
titan2025,titan_paper,Supplementary Table 41,bcnb,BCNB PR status,molecular_biomarker,PR,patient,classification,1058,slide_level_classification,weighted_f1,titan2025_frozen_simpleshot,TITAN vision-language,titan-slide,github:mahmoodlab/TITAN@9e34c66ff66445c6c590da0dbf7acc103d39a40b,0.775,reported_error=0.0282,titan2025.bcnb.bcnb-pr-status.titan2025-frozen-simpleshot.weighted-f1,titan2025.bcnb.bcnb-pr-status.titan2025-frozen-simpleshot.weighted-f1,task.bcnb.bcnb-pr-status,artifact.bcnb,https://media.springernature.com/original/springer-static/esm/art%3A10.1038%2Fs41591-025-03982-3/MediaObjects/41591_2025_3982_MOESM1_ESM.pdf,paper=TITAN|supplementary_table=41|model=TITAN|evaluator=simpleshot|metric=weighted_f1,26321e4018bec7b80f2fe7ea7cc497139c83b44fb60df5128417623ad1f71a70,machine_parsed_single_primary_source,parsed_primary_source,Exact leaf result; protocol variants remain distinct and are not deduplicated by dataset name alone.
titan2025,titan_paper,Supplementary Table 41,bcnb,BCNB PR status,molecular_biomarker,PR,patient,classification,1058,slide_level_classification,balanced_accuracy,titan2025_frozen_20_nearest_neighbors,TITAN vision-language,titan-slide,github:mahmoodlab/TITAN@9e34c66ff66445c6c590da0dbf7acc103d39a40b,0.746,reported_error=0.0435,titan2025.bcnb.bcnb-pr-status.titan2025-frozen-20-nearest-neighbors.balanced-accuracy,titan2025.bcnb.bcnb-pr-status.titan2025-frozen-20-nearest-neighbors.balanced-accuracy,task.bcnb.bcnb-pr-status,artifact.bcnb,https://media.springernature.com/original/springer-static/esm/art%3A10.1038%2Fs41591-025-03982-3/MediaObjects/41591_2025_3982_MOESM1_ESM.pdf,paper=TITAN|supplementary_table=41|model=TITAN|evaluator=20_nearest_neighbors|metric=balanced_accuracy,26321e4018bec7b80f2fe7ea7cc497139c83b44fb60df5128417623ad1f71a70,machine_parsed_single_primary_source,parsed_primary_source,Exact leaf result; protocol variants remain distinct and are not deduplicated by dataset name alone.
titan2025,titan_paper,Supplementary Table 41,bcnb,BCNB PR status,molecular_biomarker,PR,patient,classification,1058,slide_level_classification,weighted_f1,titan2025_frozen_20_nearest_neighbors,TITAN vision-language,titan-slide,github:mahmoodlab/TITAN@9e34c66ff66445c6c590da0dbf7acc103d39a40b,0.807,reported_error=0.0337,titan2025.bcnb.bcnb-pr-status.titan2025-frozen-20-nearest-neighbors.weighted-f1,titan2025.bcnb.bcnb-pr-status.titan2025-frozen-20-nearest-neighbors.weighted-f1,task.bcnb.bcnb-pr-status,artifact.bcnb,https://media.springernature.com/original/springer-static/esm/art%3A10.1038%2Fs41591-025-03982-3/MediaObjects/41591_2025_3982_MOESM1_ESM.pdf,paper=TITAN|supplementary_table=41|model=TITAN|evaluator=20_nearest_neighbors|metric=weighted_f1,26321e4018bec7b80f2fe7ea7cc497139c83b44fb60df5128417623ad1f71a70,machine_parsed_single_primary_source,parsed_primary_source,Exact leaf result; protocol variants remain distinct and are not deduplicated by dataset name alone.
titan2025,titan_paper,Supplementary Table 42,bcnb,BCNB HER2 status,molecular_biomarker,HER2,patient,classification,1058,slide_level_classification,auroc,titan2025_frozen_logistic_regression,TITAN-V vision-only,titan-v-slide,github:mahmoodlab/TITAN@9e34c66ff66445c6c590da0dbf7acc103d39a40b,0.762,reported_error=0.0242,titan2025.bcnb.bcnb-her2-status.titan2025-frozen-logistic-regression.auroc,titan2025.bcnb.bcnb-her2-status.titan2025-frozen-logistic-regression.auroc,task.bcnb.bcnb-her2-status,artifact.bcnb,https://media.springernature.com/original/springer-static/esm/art%3A10.1038%2Fs41591-025-03982-3/MediaObjects/41591_2025_3982_MOESM1_ESM.pdf,paper=TITAN|supplementary_table=42|model=TITANV|evaluator=logistic_regression|metric=auroc,26321e4018bec7b80f2fe7ea7cc497139c83b44fb60df5128417623ad1f71a70,machine_parsed_single_primary_source,parsed_primary_source,Exact leaf result; protocol variants remain distinct and are not deduplicated by dataset name alone.
titan2025,titan_paper,Supplementary Table 42,bcnb,BCNB HER2 status,molecular_biomarker,HER2,patient,classification,1058,slide_level_classification,balanced_accuracy,titan2025_frozen_logistic_regression,TITAN-V vision-only,titan-v-slide,github:mahmoodlab/TITAN@9e34c66ff66445c6c590da0dbf7acc103d39a40b,0.630,reported_error=0.0141,titan2025.bcnb.bcnb-her2-status.titan2025-frozen-logistic-regression.balanced-accuracy,titan2025.bcnb.bcnb-her2-status.titan2025-frozen-logistic-regression.balanced-accuracy,task.bcnb.bcnb-her2-status,artifact.bcnb,https://media.springernature.com/original/springer-static/esm/art%3A10.1038%2Fs41591-025-03982-3/MediaObjects/41591_2025_3982_MOESM1_ESM.pdf,paper=TITAN|supplementary_table=42|model=TITANV|evaluator=logistic_regression|metric=balanced_accuracy,26321e4018bec7b80f2fe7ea7cc497139c83b44fb60df5128417623ad1f71a70,machine_parsed_single_primary_source,parsed_primary_source,Exact leaf result; protocol variants remain distinct and are not deduplicated by dataset name alone.
titan2025,titan_paper,Supplementary Table 42,bcnb,BCNB HER2 status,molecular_biomarker,HER2,patient,classification,1058,slide_level_classification,balanced_accuracy,titan2025_frozen_simpleshot,TITAN-V vision-only,titan-v-slide,github:mahmoodlab/TITAN@9e34c66ff66445c6c590da0dbf7acc103d39a40b,0.699,reported_error=0.0154,titan2025.bcnb.bcnb-her2-status.titan2025-frozen-simpleshot.balanced-accuracy,titan2025.bcnb.bcnb-her2-status.titan2025-frozen-simpleshot.balanced-accuracy,task.bcnb.bcnb-her2-status,artifact.bcnb,https://media.springernature.com/original/springer-static/esm/art%3A10.1038%2Fs41591-025-03982-3/MediaObjects/41591_2025_3982_MOESM1_ESM.pdf,paper=TITAN|supplementary_table=42|model=TITANV|evaluator=simpleshot|metric=balanced_accuracy,26321e4018bec7b80f2fe7ea7cc497139c83b44fb60df5128417623ad1f71a70,machine_parsed_single_primary_source,parsed_primary_source,Exact leaf result; protocol variants remain distinct and are not deduplicated by dataset name alone.
titan2025,titan_paper,Supplementary Table 42,bcnb,BCNB HER2 status,molecular_biomarker,HER2,patient,classification,1058,slide_level_classification,weighted_f1,titan2025_frozen_simpleshot,TITAN-V vision-only,titan-v-slide,github:mahmoodlab/TITAN@9e34c66ff66445c6c590da0dbf7acc103d39a40b,0.723,reported_error=0.0121,titan2025.bcnb.bcnb-her2-status.titan2025-frozen-simpleshot.weighted-f1,titan2025.bcnb.bcnb-her2-status.titan2025-frozen-simpleshot.weighted-f1,task.bcnb.bcnb-her2-status,artifact.bcnb,https://media.springernature.com/original/springer-static/esm/art%3A10.1038%2Fs41591-025-03982-3/MediaObjects/41591_2025_3982_MOESM1_ESM.pdf,paper=TITAN|supplementary_table=42|model=TITANV|evaluator=simpleshot|metric=weighted_f1,26321e4018bec7b80f2fe7ea7cc497139c83b44fb60df5128417623ad1f71a70,machine_parsed_single_primary_source,parsed_primary_source,Exact leaf result; protocol variants remain distinct and are not deduplicated by dataset name alone.
titan2025,titan_paper,Supplementary Table 42,bcnb,BCNB HER2 status,molecular_biomarker,HER2,patient,classification,1058,slide_level_classification,balanced_accuracy,titan2025_frozen_20_nearest_neighbors,TITAN-V vision-only,titan-v-slide,github:mahmoodlab/TITAN@9e34c66ff66445c6c590da0dbf7acc103d39a40b,0.594,reported_error=0.0167,titan2025.bcnb.bcnb-her2-status.titan2025-frozen-20-nearest-neighbors.balanced-accuracy,titan2025.bcnb.bcnb-her2-status.titan2025-frozen-20-nearest-neighbors.balanced-accuracy,task.bcnb.bcnb-her2-status,artifact.bcnb,https://media.springernature.com/original/springer-static/esm/art%3A10.1038%2Fs41591-025-03982-3/MediaObjects/41591_2025_3982_MOESM1_ESM.pdf,paper=TITAN|supplementary_table=42|model=TITANV|evaluator=20_nearest_neighbors|metric=balanced_accuracy,26321e4018bec7b80f2fe7ea7cc497139c83b44fb60df5128417623ad1f71a70,machine_parsed_single_primary_source,parsed_primary_source,Exact leaf result; protocol variants remain distinct and are not deduplicated by dataset name alone.
titan2025,titan_paper,Supplementary Table 42,bcnb,BCNB HER2 status,molecular_biomarker,HER2,patient,classification,1058,slide_level_classification,weighted_f1,titan2025_frozen_20_nearest_neighbors,TITAN-V vision-only,titan-v-slide,github:mahmoodlab/TITAN@9e34c66ff66445c6c590da0dbf7acc103d39a40b,0.720,reported_error=0.0110,titan2025.bcnb.bcnb-her2-status.titan2025-frozen-20-nearest-neighbors.weighted-f1,titan2025.bcnb.bcnb-her2-status.titan2025-frozen-20-nearest-neighbors.weighted-f1,task.bcnb.bcnb-her2-status,artifact.bcnb,https://media.springernature.com/original/springer-static/esm/art%3A10.1038%2Fs41591-025-03982-3/MediaObjects/41591_2025_3982_MOESM1_ESM.pdf,paper=TITAN|supplementary_table=42|model=TITANV|evaluator=20_nearest_neighbors|metric=weighted_f1,26321e4018bec7b80f2fe7ea7cc497139c83b44fb60df5128417623ad1f71a70,machine_parsed_single_primary_source,parsed_primary_source,Exact leaf result; protocol variants remain distinct and are not deduplicated by dataset name alone.
titan2025,titan_paper,Supplementary Table 42,bcnb,BCNB HER2 status,molecular_biomarker,HER2,patient,classification,1058,slide_level_classification,auroc,titan2025_frozen_logistic_regression,TITAN vision-language,titan-slide,github:mahmoodlab/TITAN@9e34c66ff66445c6c590da0dbf7acc103d39a40b,0.761,reported_error=0.0244,titan2025.bcnb.bcnb-her2-status.titan2025-frozen-logistic-regression.auroc,titan2025.bcnb.bcnb-her2-status.titan2025-frozen-logistic-regression.auroc,task.bcnb.bcnb-her2-status,artifact.bcnb,https://media.springernature.com/original/springer-static/esm/art%3A10.1038%2Fs41591-025-03982-3/MediaObjects/41591_2025_3982_MOESM1_ESM.pdf,paper=TITAN|supplementary_table=42|model=TITAN|evaluator=logistic_regression|metric=auroc,26321e4018bec7b80f2fe7ea7cc497139c83b44fb60df5128417623ad1f71a70,machine_parsed_single_primary_source,parsed_primary_source,Exact leaf result; protocol variants remain distinct and are not deduplicated by dataset name alone.
titan2025,titan_paper,Supplementary Table 42,bcnb,BCNB HER2 status,molecular_biomarker,HER2,patient,classification,1058,slide_level_classification,balanced_accuracy,titan2025_frozen_logistic_regression,TITAN vision-language,titan-slide,github:mahmoodlab/TITAN@9e34c66ff66445c6c590da0dbf7acc103d39a40b,0.639,reported_error=0.0420,titan2025.bcnb.bcnb-her2-status.titan2025-frozen-logistic-regression.balanced-accuracy,titan2025.bcnb.bcnb-her2-status.titan2025-frozen-logistic-regression.balanced-accuracy,task.bcnb.bcnb-her2-status,artifact.bcnb,https://media.springernature.com/original/springer-static/esm/art%3A10.1038%2Fs41591-025-03982-3/MediaObjects/41591_2025_3982_MOESM1_ESM.pdf,paper=TITAN|supplementary_table=42|model=TITAN|evaluator=logistic_regression|metric=balanced_accuracy,26321e4018bec7b80f2fe7ea7cc497139c83b44fb60df5128417623ad1f71a70,machine_parsed_single_primary_source,parsed_primary_source,Exact leaf result; protocol variants remain distinct and are not deduplicated by dataset name alone.
titan2025,titan_paper,Supplementary Table 42,bcnb,BCNB HER2 status,molecular_biomarker,HER2,patient,classification,1058,slide_level_classification,balanced_accuracy,titan2025_frozen_simpleshot,TITAN vision-language,titan-slide,github:mahmoodlab/TITAN@9e34c66ff66445c6c590da0dbf7acc103d39a40b,0.703,reported_error=0.0277,titan2025.bcnb.bcnb-her2-status.titan2025-frozen-simpleshot.balanced-accuracy,titan2025.bcnb.bcnb-her2-status.titan2025-frozen-simpleshot.balanced-accuracy,task.bcnb.bcnb-her2-status,artifact.bcnb,https://media.springernature.com/original/springer-static/esm/art%3A10.1038%2Fs41591-025-03982-3/MediaObjects/41591_2025_3982_MOESM1_ESM.pdf,paper=TITAN|supplementary_table=42|model=TITAN|evaluator=simpleshot|metric=balanced_accuracy,26321e4018bec7b80f2fe7ea7cc497139c83b44fb60df5128417623ad1f71a70,machine_parsed_single_primary_source,parsed_primary_source,Exact leaf result; protocol variants remain distinct and are not deduplicated by dataset name alone.
titan2025,titan_paper,Supplementary Table 42,bcnb,BCNB HER2 status,molecular_biomarker,HER2,patient,classification,1058,slide_level_classification,weighted_f1,titan2025_frozen_simpleshot,TITAN vision-language,titan-slide,github:mahmoodlab/TITAN@9e34c66ff66445c6c590da0dbf7acc103d39a40b,0.718,reported_error=0.0202,titan2025.bcnb.bcnb-her2-status.titan2025-frozen-simpleshot.weighted-f1,titan2025.bcnb.bcnb-her2-status.titan2025-frozen-simpleshot.weighted-f1,task.bcnb.bcnb-her2-status,artifact.bcnb,https://media.springernature.com/original/springer-static/esm/art%3A10.1038%2Fs41591-025-03982-3/MediaObjects/41591_2025_3982_MOESM1_ESM.pdf,paper=TITAN|supplementary_table=42|model=TITAN|evaluator=simpleshot|metric=weighted_f1,26321e4018bec7b80f2fe7ea7cc497139c83b44fb60df5128417623ad1f71a70,machine_parsed_single_primary_source,parsed_primary_source,Exact leaf result; protocol variants remain distinct and are not deduplicated by dataset name alone.
titan2025,titan_paper,Supplementary Table 42,bcnb,BCNB HER2 status,molecular_biomarker,HER2,patient,classification,1058,slide_level_classification,balanced_accuracy,titan2025_frozen_20_nearest_neighbors,TITAN vision-language,titan-slide,github:mahmoodlab/TITAN@9e34c66ff66445c6c590da0dbf7acc103d39a40b,0.612,reported_error=0.0199,titan2025.bcnb.bcnb-her2-status.titan2025-frozen-20-nearest-neighbors.balanced-accuracy,titan2025.bcnb.bcnb-her2-status.titan2025-frozen-20-nearest-neighbors.balanced-accuracy,task.bcnb.bcnb-her2-status,artifact.bcnb,https://media.springernature.com/original/springer-static/esm/art%3A10.1038%2Fs41591-025-03982-3/MediaObjects/41591_2025_3982_MOESM1_ESM.pdf,paper=TITAN|supplementary_table=42|model=TITAN|evaluator=20_nearest_neighbors|metric=balanced_accuracy,26321e4018bec7b80f2fe7ea7cc497139c83b44fb60df5128417623ad1f71a70,machine_parsed_single_primary_source,parsed_primary_source,Exact leaf result; protocol variants remain distinct and are not deduplicated by dataset name alone.
titan2025,titan_paper,Supplementary Table 42,bcnb,BCNB HER2 status,molecular_biomarker,HER2,patient,classification,1058,slide_level_classification,weighted_f1,titan2025_frozen_20_nearest_neighbors,TITAN vision-language,titan-slide,github:mahmoodlab/TITAN@9e34c66ff66445c6c590da0dbf7acc103d39a40b,0.731,reported_error=0.0160,titan2025.bcnb.bcnb-her2-status.titan2025-frozen-20-nearest-neighbors.weighted-f1,titan2025.bcnb.bcnb-her2-status.titan2025-frozen-20-nearest-neighbors.weighted-f1,task.bcnb.bcnb-her2-status,artifact.bcnb,https://media.springernature.com/original/springer-static/esm/art%3A10.1038%2Fs41591-025-03982-3/MediaObjects/41591_2025_3982_MOESM1_ESM.pdf,paper=TITAN|supplementary_table=42|model=TITAN|evaluator=20_nearest_neighbors|metric=weighted_f1,26321e4018bec7b80f2fe7ea7cc497139c83b44fb60df5128417623ad1f71a70,machine_parsed_single_primary_source,parsed_primary_source,Exact leaf result; protocol variants remain distinct and are not deduplicated by dataset name alone.
titan2025,titan_paper,Supplementary Table 55,pdl1-luad,PD-L1 expression level,molecular_biomarker,PD-L1_level,patient,classification,217,slide_level_classification,quadratic_weighted_kappa,titan2025_frozen_logistic_regression,TITAN-V vision-only,titan-v-slide,github:mahmoodlab/TITAN@9e34c66ff66445c6c590da0dbf7acc103d39a40b,0.716,reported_error=0.0453,titan2025.pdl1-luad.pd-l1-expression-level.titan2025-frozen-logistic-regression.quadratic-weighted-kappa,titan2025.pdl1-luad.pd-l1-expression-level.titan2025-frozen-logistic-regression.quadratic-weighted-kappa,task.pdl1-luad.pd-l1-expression-level,artifact.pdl1-luad,https://media.springernature.com/original/springer-static/esm/art%3A10.1038%2Fs41591-025-03982-3/MediaObjects/41591_2025_3982_MOESM1_ESM.pdf,paper=TITAN|supplementary_table=55|model=TITANV|evaluator=logistic_regression|metric=quadratic_weighted_kappa,26321e4018bec7b80f2fe7ea7cc497139c83b44fb60df5128417623ad1f71a70,machine_parsed_single_primary_source,parsed_primary_source,Exact leaf result; protocol variants remain distinct and are not deduplicated by dataset name alone.
titan2025,titan_paper,Supplementary Table 55,pdl1-luad,PD-L1 expression level,molecular_biomarker,PD-L1_level,patient,classification,217,slide_level_classification,balanced_accuracy,titan2025_frozen_logistic_regression,TITAN-V vision-only,titan-v-slide,github:mahmoodlab/TITAN@9e34c66ff66445c6c590da0dbf7acc103d39a40b,0.620,reported_error=0.0521,titan2025.pdl1-luad.pd-l1-expression-level.titan2025-frozen-logistic-regression.balanced-accuracy,titan2025.pdl1-luad.pd-l1-expression-level.titan2025-frozen-logistic-regression.balanced-accuracy,task.pdl1-luad.pd-l1-expression-level,artifact.pdl1-luad,https://media.springernature.com/original/springer-static/esm/art%3A10.1038%2Fs41591-025-03982-3/MediaObjects/41591_2025_3982_MOESM1_ESM.pdf,paper=TITAN|supplementary_table=55|model=TITANV|evaluator=logistic_regression|metric=balanced_accuracy,26321e4018bec7b80f2fe7ea7cc497139c83b44fb60df5128417623ad1f71a70,machine_parsed_single_primary_source,parsed_primary_source,Exact leaf result; protocol variants remain distinct and are not deduplicated by dataset name alone.
titan2025,titan_paper,Supplementary Table 55,pdl1-luad,PD-L1 expression level,molecular_biomarker,PD-L1_level,patient,classification,217,slide_level_classification,quadratic_weighted_kappa,titan2025_frozen_simpleshot,TITAN-V vision-only,titan-v-slide,github:mahmoodlab/TITAN@9e34c66ff66445c6c590da0dbf7acc103d39a40b,0.469,reported_error=0.1651,titan2025.pdl1-luad.pd-l1-expression-level.titan2025-frozen-simpleshot.quadratic-weighted-kappa,titan2025.pdl1-luad.pd-l1-expression-level.titan2025-frozen-simpleshot.quadratic-weighted-kappa,task.pdl1-luad.pd-l1-expression-level,artifact.pdl1-luad,https://media.springernature.com/original/springer-static/esm/art%3A10.1038%2Fs41591-025-03982-3/MediaObjects/41591_2025_3982_MOESM1_ESM.pdf,paper=TITAN|supplementary_table=55|model=TITANV|evaluator=simpleshot|metric=quadratic_weighted_kappa,26321e4018bec7b80f2fe7ea7cc497139c83b44fb60df5128417623ad1f71a70,machine_parsed_single_primary_source,parsed_primary_source,Exact leaf result; protocol variants remain distinct and are not deduplicated by dataset name alone.
titan2025,titan_paper,Supplementary Table 55,pdl1-luad,PD-L1 expression level,molecular_biomarker,PD-L1_level,patient,classification,217,slide_level_classification,balanced_accuracy,titan2025_frozen_simpleshot,TITAN-V vision-only,titan-v-slide,github:mahmoodlab/TITAN@9e34c66ff66445c6c590da0dbf7acc103d39a40b,0.478,reported_error=0.0561,titan2025.pdl1-luad.pd-l1-expression-level.titan2025-frozen-simpleshot.balanced-accuracy,titan2025.pdl1-luad.pd-l1-expression-level.titan2025-frozen-simpleshot.balanced-accuracy,task.pdl1-luad.pd-l1-expression-level,artifact.pdl1-luad,https://media.springernature.com/original/springer-static/esm/art%3A10.1038%2Fs41591-025-03982-3/MediaObjects/41591_2025_3982_MOESM1_ESM.pdf,paper=TITAN|supplementary_table=55|model=TITANV|evaluator=simpleshot|metric=balanced_accuracy,26321e4018bec7b80f2fe7ea7cc497139c83b44fb60df5128417623ad1f71a70,machine_parsed_single_primary_source,parsed_primary_source,Exact leaf result; protocol variants remain distinct and are not deduplicated by dataset name alone.
titan2025,titan_paper,Supplementary Table 55,pdl1-luad,PD-L1 expression level,molecular_biomarker,PD-L1_level,patient,classification,217,slide_level_classification,quadratic_weighted_kappa,titan2025_frozen_20_nearest_neighbors,TITAN-V vision-only,titan-v-slide,github:mahmoodlab/TITAN@9e34c66ff66445c6c590da0dbf7acc103d39a40b,0.470,reported_error=0.0521,titan2025.pdl1-luad.pd-l1-expression-level.titan2025-frozen-20-nearest-neighbors.quadratic-weighted-kappa,titan2025.pdl1-luad.pd-l1-expression-level.titan2025-frozen-20-nearest-neighbors.quadratic-weighted-kappa,task.pdl1-luad.pd-l1-expression-level,artifact.pdl1-luad,https://media.springernature.com/original/springer-static/esm/art%3A10.1038%2Fs41591-025-03982-3/MediaObjects/41591_2025_3982_MOESM1_ESM.pdf,paper=TITAN|supplementary_table=55|model=TITANV|evaluator=20_nearest_neighbors|metric=quadratic_weighted_kappa,26321e4018bec7b80f2fe7ea7cc497139c83b44fb60df5128417623ad1f71a70,machine_parsed_single_primary_source,parsed_primary_source,Exact leaf result; protocol variants remain distinct and are not deduplicated by dataset name alone.
titan2025,titan_paper,Supplementary Table 55,pdl1-luad,PD-L1 expression level,molecular_biomarker,PD-L1_level,patient,classification,217,slide_level_classification,balanced_accuracy,titan2025_frozen_20_nearest_neighbors,TITAN-V vision-only,titan-v-slide,github:mahmoodlab/TITAN@9e34c66ff66445c6c590da0dbf7acc103d39a40b,0.515,reported_error=0.0367,titan2025.pdl1-luad.pd-l1-expression-level.titan2025-frozen-20-nearest-neighbors.balanced-accuracy,titan2025.pdl1-luad.pd-l1-expression-level.titan2025-frozen-20-nearest-neighbors.balanced-accuracy,task.pdl1-luad.pd-l1-expression-level,artifact.pdl1-luad,https://media.springernature.com/original/springer-static/esm/art%3A10.1038%2Fs41591-025-03982-3/MediaObjects/41591_2025_3982_MOESM1_ESM.pdf,paper=TITAN|supplementary_table=55|model=TITANV|evaluator=20_nearest_neighbors|metric=balanced_accuracy,26321e4018bec7b80f2fe7ea7cc497139c83b44fb60df5128417623ad1f71a70,machine_parsed_single_primary_source,parsed_primary_source,Exact leaf result; protocol variants remain distinct and are not deduplicated by dataset name alone.
titan2025,titan_paper,Supplementary Table 55,pdl1-luad,PD-L1 expression level,molecular_biomarker,PD-L1_level,patient,classification,217,slide_level_classification,quadratic_weighted_kappa,titan2025_frozen_logistic_regression,TITAN vision-language,titan-slide,github:mahmoodlab/TITAN@9e34c66ff66445c6c590da0dbf7acc103d39a40b,0.637,reported_error=0.1402,titan2025.pdl1-luad.pd-l1-expression-level.titan2025-frozen-logistic-regression.quadratic-weighted-kappa,titan2025.pdl1-luad.pd-l1-expression-level.titan2025-frozen-logistic-regression.quadratic-weighted-kappa,task.pdl1-luad.pd-l1-expression-level,artifact.pdl1-luad,https://media.springernature.com/original/springer-static/esm/art%3A10.1038%2Fs41591-025-03982-3/MediaObjects/41591_2025_3982_MOESM1_ESM.pdf,paper=TITAN|supplementary_table=55|model=TITAN|evaluator=logistic_regression|metric=quadratic_weighted_kappa,26321e4018bec7b80f2fe7ea7cc497139c83b44fb60df5128417623ad1f71a70,machine_parsed_single_primary_source,parsed_primary_source,Exact leaf result; protocol variants remain distinct and are not deduplicated by dataset name alone.
titan2025,titan_paper,Supplementary Table 55,pdl1-luad,PD-L1 expression level,molecular_biomarker,PD-L1_level,patient,classification,217,slide_level_classification,balanced_accuracy,titan2025_frozen_logistic_regression,TITAN vision-language,titan-slide,github:mahmoodlab/TITAN@9e34c66ff66445c6c590da0dbf7acc103d39a40b,0.593,reported_error=0.0231,titan2025.pdl1-luad.pd-l1-expression-level.titan2025-frozen-logistic-regression.balanced-accuracy,titan2025.pdl1-luad.pd-l1-expression-level.titan2025-frozen-logistic-regression.balanced-accuracy,task.pdl1-luad.pd-l1-expression-level,artifact.pdl1-luad,https://media.springernature.com/original/springer-static/esm/art%3A10.1038%2Fs41591-025-03982-3/MediaObjects/41591_2025_3982_MOESM1_ESM.pdf,paper=TITAN|supplementary_table=55|model=TITAN|evaluator=logistic_regression|metric=balanced_accuracy,26321e4018bec7b80f2fe7ea7cc497139c83b44fb60df5128417623ad1f71a70,machine_parsed_single_primary_source,parsed_primary_source,Exact leaf result; protocol variants remain distinct and are not deduplicated by dataset name alone.
titan2025,titan_paper,Supplementary Table 55,pdl1-luad,PD-L1 expression level,molecular_biomarker,PD-L1_level,patient,classification,217,slide_level_classification,quadratic_weighted_kappa,titan2025_frozen_simpleshot,TITAN vision-language,titan-slide,github:mahmoodlab/TITAN@9e34c66ff66445c6c590da0dbf7acc103d39a40b,0.513,reported_error=0.1397,titan2025.pdl1-luad.pd-l1-expression-level.titan2025-frozen-simpleshot.quadratic-weighted-kappa,titan2025.pdl1-luad.pd-l1-expression-level.titan2025-frozen-simpleshot.quadratic-weighted-kappa,task.pdl1-luad.pd-l1-expression-level,artifact.pdl1-luad,https://media.springernature.com/original/springer-static/esm/art%3A10.1038%2Fs41591-025-03982-3/MediaObjects/41591_2025_3982_MOESM1_ESM.pdf,paper=TITAN|supplementary_table=55|model=TITAN|evaluator=simpleshot|metric=quadratic_weighted_kappa,26321e4018bec7b80f2fe7ea7cc497139c83b44fb60df5128417623ad1f71a70,machine_parsed_single_primary_source,parsed_primary_source,Exact leaf result; protocol variants remain distinct and are not deduplicated by dataset name alone.
titan2025,titan_paper,Supplementary Table 55,pdl1-luad,PD-L1 expression level,molecular_biomarker,PD-L1_level,patient,classification,217,slide_level_classification,balanced_accuracy,titan2025_frozen_simpleshot,TITAN vision-language,titan-slide,github:mahmoodlab/TITAN@9e34c66ff66445c6c590da0dbf7acc103d39a40b,0.572,reported_error=0.0447,titan2025.pdl1-luad.pd-l1-expression-level.titan2025-frozen-simpleshot.balanced-accuracy,titan2025.pdl1-luad.pd-l1-expression-level.titan2025-frozen-simpleshot.balanced-accuracy,task.pdl1-luad.pd-l1-expression-level,artifact.pdl1-luad,https://media.springernature.com/original/springer-static/esm/art%3A10.1038%2Fs41591-025-03982-3/MediaObjects/41591_2025_3982_MOESM1_ESM.pdf,paper=TITAN|supplementary_table=55|model=TITAN|evaluator=simpleshot|metric=balanced_accuracy,26321e4018bec7b80f2fe7ea7cc497139c83b44fb60df5128417623ad1f71a70,machine_parsed_single_primary_source,parsed_primary_source,Exact leaf result; protocol variants remain distinct and are not deduplicated by dataset name alone.
titan2025,titan_paper,Supplementary Table 55,pdl1-luad,PD-L1 expression level,molecular_biomarker,PD-L1_level,patient,classification,217,slide_level_classification,quadratic_weighted_kappa,titan2025_frozen_20_nearest_neighbors,TITAN vision-language,titan-slide,github:mahmoodlab/TITAN@9e34c66ff66445c6c590da0dbf7acc103d39a40b,0.430,reported_error=0.0859,titan2025.pdl1-luad.pd-l1-expression-level.titan2025-frozen-20-nearest-neighbors.quadratic-weighted-kappa,titan2025.pdl1-luad.pd-l1-expression-level.titan2025-frozen-20-nearest-neighbors.quadratic-weighted-kappa,task.pdl1-luad.pd-l1-expression-level,artifact.pdl1-luad,https://media.springernature.com/original/springer-static/esm/art%3A10.1038%2Fs41591-025-03982-3/MediaObjects/41591_2025_3982_MOESM1_ESM.pdf,paper=TITAN|supplementary_table=55|model=TITAN|evaluator=20_nearest_neighbors|metric=quadratic_weighted_kappa,26321e4018bec7b80f2fe7ea7cc497139c83b44fb60df5128417623ad1f71a70,machine_parsed_single_primary_source,parsed_primary_source,Exact leaf result; protocol variants remain distinct and are not deduplicated by dataset name alone.
titan2025,titan_paper,Supplementary Table 55,pdl1-luad,PD-L1 expression level,molecular_biomarker,PD-L1_level,patient,classification,217,slide_level_classification,balanced_accuracy,titan2025_frozen_20_nearest_neighbors,TITAN vision-language,titan-slide,github:mahmoodlab/TITAN@9e34c66ff66445c6c590da0dbf7acc103d39a40b,0.502,reported_error=0.0294,titan2025.pdl1-luad.pd-l1-expression-level.titan2025-frozen-20-nearest-neighbors.balanced-accuracy,titan2025.pdl1-luad.pd-l1-expression-level.titan2025-frozen-20-nearest-neighbors.balanced-accuracy,task.pdl1-luad.pd-l1-expression-level,artifact.pdl1-luad,https://media.springernature.com/original/springer-static/esm/art%3A10.1038%2Fs41591-025-03982-3/MediaObjects/41591_2025_3982_MOESM1_ESM.pdf,paper=TITAN|supplementary_table=55|model=TITAN|evaluator=20_nearest_neighbors|metric=balanced_accuracy,26321e4018bec7b80f2fe7ea7cc497139c83b44fb60df5128417623ad1f71a70,machine_parsed_single_primary_source,parsed_primary_source,Exact leaf result; protocol variants remain distinct and are not deduplicated by dataset name alone.
titan2025,titan_paper,Supplementary Table 27,tcga-nsclc,TCGA-NSCLC subtype,morphological_subtyping,subtype,slide,classification,946,slide_level_classification,auroc,titan2025_frozen_logistic_regression,TITAN-V vision-only,titan-v-slide,github:mahmoodlab/TITAN@9e34c66ff66445c6c590da0dbf7acc103d39a40b,0.979,reported_error=0.0059,titan2025.tcga-nsclc.tcga-nsclc-subtype.titan2025-frozen-logistic-regression.auroc,titan2025.tcga-nsclc.tcga-nsclc-subtype.titan2025-frozen-logistic-regression.auroc,task.tcga-nsclc.tcga-nsclc-subtype,artifact.tcga-nsclc,https://media.springernature.com/original/springer-static/esm/art%3A10.1038%2Fs41591-025-03982-3/MediaObjects/41591_2025_3982_MOESM1_ESM.pdf,paper=TITAN|supplementary_table=27|cohort=TCGA|model=TITANV|evaluator=logistic_regression|metric=auroc,26321e4018bec7b80f2fe7ea7cc497139c83b44fb60df5128417623ad1f71a70,machine_parsed_single_primary_source,parsed_primary_source,Exact leaf result; protocol variants remain distinct and are not deduplicated by dataset name alone.
titan2025,titan_paper,Supplementary Table 27,tcga-nsclc,TCGA-NSCLC subtype,morphological_subtyping,subtype,slide,classification,946,slide_level_classification,balanced_accuracy,titan2025_frozen_logistic_regression,TITAN-V vision-only,titan-v-slide,github:mahmoodlab/TITAN@9e34c66ff66445c6c590da0dbf7acc103d39a40b,0.932,reported_error=0.0190,titan2025.tcga-nsclc.tcga-nsclc-subtype.titan2025-frozen-logistic-regression.balanced-accuracy,titan2025.tcga-nsclc.tcga-nsclc-subtype.titan2025-frozen-logistic-regression.balanced-accuracy,task.tcga-nsclc.tcga-nsclc-subtype,artifact.tcga-nsclc,https://media.springernature.com/original/springer-static/esm/art%3A10.1038%2Fs41591-025-03982-3/MediaObjects/41591_2025_3982_MOESM1_ESM.pdf,paper=TITAN|supplementary_table=27|cohort=TCGA|model=TITANV|evaluator=logistic_regression|metric=balanced_accuracy,26321e4018bec7b80f2fe7ea7cc497139c83b44fb60df5128417623ad1f71a70,machine_parsed_single_primary_source,parsed_primary_source,Exact leaf result; protocol variants remain distinct and are not deduplicated by dataset name alone.
titan2025,titan_paper,Supplementary Table 27,tcga-nsclc,TCGA-NSCLC subtype,morphological_subtyping,subtype,slide,classification,946,slide_level_classification,balanced_accuracy,titan2025_frozen_simpleshot,TITAN-V vision-only,titan-v-slide,github:mahmoodlab/TITAN@9e34c66ff66445c6c590da0dbf7acc103d39a40b,0.929,reported_error=0.0147,titan2025.tcga-nsclc.tcga-nsclc-subtype.titan2025-frozen-simpleshot.balanced-accuracy,titan2025.tcga-nsclc.tcga-nsclc-subtype.titan2025-frozen-simpleshot.balanced-accuracy,task.tcga-nsclc.tcga-nsclc-subtype,artifact.tcga-nsclc,https://media.springernature.com/original/springer-static/esm/art%3A10.1038%2Fs41591-025-03982-3/MediaObjects/41591_2025_3982_MOESM1_ESM.pdf,paper=TITAN|supplementary_table=27|cohort=TCGA|model=TITANV|evaluator=simpleshot|metric=balanced_accuracy,26321e4018bec7b80f2fe7ea7cc497139c83b44fb60df5128417623ad1f71a70,machine_parsed_single_primary_source,parsed_primary_source,Exact leaf result; protocol variants remain distinct and are not deduplicated by dataset name alone.
titan2025,titan_paper,Supplementary Table 27,tcga-nsclc,TCGA-NSCLC subtype,morphological_subtyping,subtype,slide,classification,946,slide_level_classification,weighted_f1,titan2025_frozen_simpleshot,TITAN-V vision-only,titan-v-slide,github:mahmoodlab/TITAN@9e34c66ff66445c6c590da0dbf7acc103d39a40b,0.930,reported_error=0.0148,titan2025.tcga-nsclc.tcga-nsclc-subtype.titan2025-frozen-simpleshot.weighted-f1,titan2025.tcga-nsclc.tcga-nsclc-subtype.titan2025-frozen-simpleshot.weighted-f1,task.tcga-nsclc.tcga-nsclc-subtype,artifact.tcga-nsclc,https://media.springernature.com/original/springer-static/esm/art%3A10.1038%2Fs41591-025-03982-3/MediaObjects/41591_2025_3982_MOESM1_ESM.pdf,paper=TITAN|supplementary_table=27|cohort=TCGA|model=TITANV|evaluator=simpleshot|metric=weighted_f1,26321e4018bec7b80f2fe7ea7cc497139c83b44fb60df5128417623ad1f71a70,machine_parsed_single_primary_source,parsed_primary_source,Exact leaf result; protocol variants remain distinct and are not deduplicated by dataset name alone.
titan2025,titan_paper,Supplementary Table 27,tcga-nsclc,TCGA-NSCLC subtype,morphological_subtyping,subtype,slide,classification,946,slide_level_classification,balanced_accuracy,titan2025_frozen_20_nearest_neighbors,TITAN-V vision-only,titan-v-slide,github:mahmoodlab/TITAN@9e34c66ff66445c6c590da0dbf7acc103d39a40b,0.933,reported_error=0.0032,titan2025.tcga-nsclc.tcga-nsclc-subtype.titan2025-frozen-20-nearest-neighbors.balanced-accuracy,titan2025.tcga-nsclc.tcga-nsclc-subtype.titan2025-frozen-20-nearest-neighbors.balanced-accuracy,task.tcga-nsclc.tcga-nsclc-subtype,artifact.tcga-nsclc,https://media.springernature.com/original/springer-static/esm/art%3A10.1038%2Fs41591-025-03982-3/MediaObjects/41591_2025_3982_MOESM1_ESM.pdf,paper=TITAN|supplementary_table=27|cohort=TCGA|model=TITANV|evaluator=20_nearest_neighbors|metric=balanced_accuracy,26321e4018bec7b80f2fe7ea7cc497139c83b44fb60df5128417623ad1f71a70,machine_parsed_single_primary_source,parsed_primary_source,Exact leaf result; protocol variants remain distinct and are not deduplicated by dataset name alone.
titan2025,titan_paper,Supplementary Table 27,tcga-nsclc,TCGA-NSCLC subtype,morphological_subtyping,subtype,slide,classification,946,slide_level_classification,weighted_f1,titan2025_frozen_20_nearest_neighbors,TITAN-V vision-only,titan-v-slide,github:mahmoodlab/TITAN@9e34c66ff66445c6c590da0dbf7acc103d39a40b,0.934,reported_error=0.0030,titan2025.tcga-nsclc.tcga-nsclc-subtype.titan2025-frozen-20-nearest-neighbors.weighted-f1,titan2025.tcga-nsclc.tcga-nsclc-subtype.titan2025-frozen-20-nearest-neighbors.weighted-f1,task.tcga-nsclc.tcga-nsclc-subtype,artifact.tcga-nsclc,https://media.springernature.com/original/springer-static/esm/art%3A10.1038%2Fs41591-025-03982-3/MediaObjects/41591_2025_3982_MOESM1_ESM.pdf,paper=TITAN|supplementary_table=27|cohort=TCGA|model=TITANV|evaluator=20_nearest_neighbors|metric=weighted_f1,26321e4018bec7b80f2fe7ea7cc497139c83b44fb60df5128417623ad1f71a70,machine_parsed_single_primary_source,parsed_primary_source,Exact leaf result; protocol variants remain distinct and are not deduplicated by dataset name alone.
titan2025,titan_paper,Supplementary Table 27,tcga-nsclc,TCGA-NSCLC subtype,morphological_subtyping,subtype,slide,classification,946,slide_level_classification,auroc,titan2025_frozen_logistic_regression,TITAN vision-language,titan-slide,github:mahmoodlab/TITAN@9e34c66ff66445c6c590da0dbf7acc103d39a40b,0.982,reported_error=0.0058,titan2025.tcga-nsclc.tcga-nsclc-subtype.titan2025-frozen-logistic-regression.auroc,titan2025.tcga-nsclc.tcga-nsclc-subtype.titan2025-frozen-logistic-regression.auroc,task.tcga-nsclc.tcga-nsclc-subtype,artifact.tcga-nsclc,https://media.springernature.com/original/springer-static/esm/art%3A10.1038%2Fs41591-025-03982-3/MediaObjects/41591_2025_3982_MOESM1_ESM.pdf,paper=TITAN|supplementary_table=27|cohort=TCGA|model=TITAN|evaluator=logistic_regression|metric=auroc,26321e4018bec7b80f2fe7ea7cc497139c83b44fb60df5128417623ad1f71a70,machine_parsed_single_primary_source,parsed_primary_source,Exact leaf result; protocol variants remain distinct and are not deduplicated by dataset name alone.
titan2025,titan_paper,Supplementary Table 27,tcga-nsclc,TCGA-NSCLC subtype,morphological_subtyping,subtype,slide,classification,946,slide_level_classification,balanced_accuracy,titan2025_frozen_logistic_regression,TITAN vision-language,titan-slide,github:mahmoodlab/TITAN@9e34c66ff66445c6c590da0dbf7acc103d39a40b,0.941,reported_error=0.0230,titan2025.tcga-nsclc.tcga-nsclc-subtype.titan2025-frozen-logistic-regression.balanced-accuracy,titan2025.tcga-nsclc.tcga-nsclc-subtype.titan2025-frozen-logistic-regression.balanced-accuracy,task.tcga-nsclc.tcga-nsclc-subtype,artifact.tcga-nsclc,https://media.springernature.com/original/springer-static/esm/art%3A10.1038%2Fs41591-025-03982-3/MediaObjects/41591_2025_3982_MOESM1_ESM.pdf,paper=TITAN|supplementary_table=27|cohort=TCGA|model=TITAN|evaluator=logistic_regression|metric=balanced_accuracy,26321e4018bec7b80f2fe7ea7cc497139c83b44fb60df5128417623ad1f71a70,machine_parsed_single_primary_source,parsed_primary_source,Exact leaf result; protocol variants remain distinct and are not deduplicated by dataset name alone.
titan2025,titan_paper,Supplementary Table 27,tcga-nsclc,TCGA-NSCLC subtype,morphological_subtyping,subtype,slide,classification,946,slide_level_classification,balanced_accuracy,titan2025_frozen_simpleshot,TITAN vision-language,titan-slide,github:mahmoodlab/TITAN@9e34c66ff66445c6c590da0dbf7acc103d39a40b,0.944,reported_error=0.0198,titan2025.tcga-nsclc.tcga-nsclc-subtype.titan2025-frozen-simpleshot.balanced-accuracy,titan2025.tcga-nsclc.tcga-nsclc-subtype.titan2025-frozen-simpleshot.balanced-accuracy,task.tcga-nsclc.tcga-nsclc-subtype,artifact.tcga-nsclc,https://media.springernature.com/original/springer-static/esm/art%3A10.1038%2Fs41591-025-03982-3/MediaObjects/41591_2025_3982_MOESM1_ESM.pdf,paper=TITAN|supplementary_table=27|cohort=TCGA|model=TITAN|evaluator=simpleshot|metric=balanced_accuracy,26321e4018bec7b80f2fe7ea7cc497139c83b44fb60df5128417623ad1f71a70,machine_parsed_single_primary_source,parsed_primary_source,Exact leaf result; protocol variants remain distinct and are not deduplicated by dataset name alone.
titan2025,titan_paper,Supplementary Table 27,tcga-nsclc,TCGA-NSCLC subtype,morphological_subtyping,subtype,slide,classification,946,slide_level_classification,weighted_f1,titan2025_frozen_simpleshot,TITAN vision-language,titan-slide,github:mahmoodlab/TITAN@9e34c66ff66445c6c590da0dbf7acc103d39a40b,0.944,reported_error=0.0193,titan2025.tcga-nsclc.tcga-nsclc-subtype.titan2025-frozen-simpleshot.weighted-f1,titan2025.tcga-nsclc.tcga-nsclc-subtype.titan2025-frozen-simpleshot.weighted-f1,task.tcga-nsclc.tcga-nsclc-subtype,artifact.tcga-nsclc,https://media.springernature.com/original/springer-static/esm/art%3A10.1038%2Fs41591-025-03982-3/MediaObjects/41591_2025_3982_MOESM1_ESM.pdf,paper=TITAN|supplementary_table=27|cohort=TCGA|model=TITAN|evaluator=simpleshot|metric=weighted_f1,26321e4018bec7b80f2fe7ea7cc497139c83b44fb60df5128417623ad1f71a70,machine_parsed_single_primary_source,parsed_primary_source,Exact leaf result; protocol variants remain distinct and are not deduplicated by dataset name alone.
titan2025,titan_paper,Supplementary Table 27,tcga-nsclc,TCGA-NSCLC subtype,morphological_subtyping,subtype,slide,classification,946,slide_level_classification,balanced_accuracy,titan2025_frozen_20_nearest_neighbors,TITAN vision-language,titan-slide,github:mahmoodlab/TITAN@9e34c66ff66445c6c590da0dbf7acc103d39a40b,0.933,reported_error=0.0031,titan2025.tcga-nsclc.tcga-nsclc-subtype.titan2025-frozen-20-nearest-neighbors.balanced-accuracy,titan2025.tcga-nsclc.tcga-nsclc-subtype.titan2025-frozen-20-nearest-neighbors.balanced-accuracy,task.tcga-nsclc.tcga-nsclc-subtype,artifact.tcga-nsclc,https://media.springernature.com/original/springer-static/esm/art%3A10.1038%2Fs41591-025-03982-3/MediaObjects/41591_2025_3982_MOESM1_ESM.pdf,paper=TITAN|supplementary_table=27|cohort=TCGA|model=TITAN|evaluator=20_nearest_neighbors|metric=balanced_accuracy,26321e4018bec7b80f2fe7ea7cc497139c83b44fb60df5128417623ad1f71a70,machine_parsed_single_primary_source,parsed_primary_source,Exact leaf result; protocol variants remain distinct and are not deduplicated by dataset name alone.
titan2025,titan_paper,Supplementary Table 27,tcga-nsclc,TCGA-NSCLC subtype,morphological_subtyping,subtype,slide,classification,946,slide_level_classification,weighted_f1,titan2025_frozen_20_nearest_neighbors,TITAN vision-language,titan-slide,github:mahmoodlab/TITAN@9e34c66ff66445c6c590da0dbf7acc103d39a40b,0.935,reported_error=0.0029,titan2025.tcga-nsclc.tcga-nsclc-subtype.titan2025-frozen-20-nearest-neighbors.weighted-f1,titan2025.tcga-nsclc.tcga-nsclc-subtype.titan2025-frozen-20-nearest-neighbors.weighted-f1,task.tcga-nsclc.tcga-nsclc-subtype,artifact.tcga-nsclc,https://media.springernature.com/original/springer-static/esm/art%3A10.1038%2Fs41591-025-03982-3/MediaObjects/41591_2025_3982_MOESM1_ESM.pdf,paper=TITAN|supplementary_table=27|cohort=TCGA|model=TITAN|evaluator=20_nearest_neighbors|metric=weighted_f1,26321e4018bec7b80f2fe7ea7cc497139c83b44fb60df5128417623ad1f71a70,machine_parsed_single_primary_source,parsed_primary_source,Exact leaf result; protocol variants remain distinct and are not deduplicated by dataset name alone.
titan2025,titan_paper,Supplementary Table 27,cptac-nsclc,CPTAC-NSCLC subtype,morphological_subtyping,subtype,slide,classification,422,slide_level_classification,auroc,titan2025_frozen_logistic_regression,TITAN-V vision-only,titan-v-slide,github:mahmoodlab/TITAN@9e34c66ff66445c6c590da0dbf7acc103d39a40b,0.986,reported_error=0.0008,titan2025.cptac-nsclc.cptac-nsclc-subtype.titan2025-frozen-logistic-regression.auroc,titan2025.cptac-nsclc.cptac-nsclc-subtype.titan2025-frozen-logistic-regression.auroc,task.cptac-nsclc.cptac-nsclc-subtype,artifact.cptac-nsclc,https://media.springernature.com/original/springer-static/esm/art%3A10.1038%2Fs41591-025-03982-3/MediaObjects/41591_2025_3982_MOESM1_ESM.pdf,paper=TITAN|supplementary_table=27|cohort=CPTAC|model=TITANV|evaluator=logistic_regression|metric=auroc,26321e4018bec7b80f2fe7ea7cc497139c83b44fb60df5128417623ad1f71a70,machine_parsed_single_primary_source,parsed_primary_source,Exact leaf result; protocol variants remain distinct and are not deduplicated by dataset name alone.
titan2025,titan_paper,Supplementary Table 27,cptac-nsclc,CPTAC-NSCLC subtype,morphological_subtyping,subtype,slide,classification,422,slide_level_classification,balanced_accuracy,titan2025_frozen_logistic_regression,TITAN-V vision-only,titan-v-slide,github:mahmoodlab/TITAN@9e34c66ff66445c6c590da0dbf7acc103d39a40b,0.939,reported_error=0.0046,titan2025.cptac-nsclc.cptac-nsclc-subtype.titan2025-frozen-logistic-regression.balanced-accuracy,titan2025.cptac-nsclc.cptac-nsclc-subtype.titan2025-frozen-logistic-regression.balanced-accuracy,task.cptac-nsclc.cptac-nsclc-subtype,artifact.cptac-nsclc,https://media.springernature.com/original/springer-static/esm/art%3A10.1038%2Fs41591-025-03982-3/MediaObjects/41591_2025_3982_MOESM1_ESM.pdf,paper=TITAN|supplementary_table=27|cohort=CPTAC|model=TITANV|evaluator=logistic_regression|metric=balanced_accuracy,26321e4018bec7b80f2fe7ea7cc497139c83b44fb60df5128417623ad1f71a70,machine_parsed_single_primary_source,parsed_primary_source,Exact leaf result; protocol variants remain distinct and are not deduplicated by dataset name alone.
titan2025,titan_paper,Supplementary Table 27,cptac-nsclc,CPTAC-NSCLC subtype,morphological_subtyping,subtype,slide,classification,422,slide_level_classification,balanced_accuracy,titan2025_frozen_simpleshot,TITAN-V vision-only,titan-v-slide,github:mahmoodlab/TITAN@9e34c66ff66445c6c590da0dbf7acc103d39a40b,0.940,reported_error=0.0019,titan2025.cptac-nsclc.cptac-nsclc-subtype.titan2025-frozen-simpleshot.balanced-accuracy,titan2025.cptac-nsclc.cptac-nsclc-subtype.titan2025-frozen-simpleshot.balanced-accuracy,task.cptac-nsclc.cptac-nsclc-subtype,artifact.cptac-nsclc,https://media.springernature.com/original/springer-static/esm/art%3A10.1038%2Fs41591-025-03982-3/MediaObjects/41591_2025_3982_MOESM1_ESM.pdf,paper=TITAN|supplementary_table=27|cohort=CPTAC|model=TITANV|evaluator=simpleshot|metric=balanced_accuracy,26321e4018bec7b80f2fe7ea7cc497139c83b44fb60df5128417623ad1f71a70,machine_parsed_single_primary_source,parsed_primary_source,Exact leaf result; protocol variants remain distinct and are not deduplicated by dataset name alone.
titan2025,titan_paper,Supplementary Table 27,cptac-nsclc,CPTAC-NSCLC subtype,morphological_subtyping,subtype,slide,classification,422,slide_level_classification,weighted_f1,titan2025_frozen_simpleshot,TITAN-V vision-only,titan-v-slide,github:mahmoodlab/TITAN@9e34c66ff66445c6c590da0dbf7acc103d39a40b,0.940,reported_error=0.0022,titan2025.cptac-nsclc.cptac-nsclc-subtype.titan2025-frozen-simpleshot.weighted-f1,titan2025.cptac-nsclc.cptac-nsclc-subtype.titan2025-frozen-simpleshot.weighted-f1,task.cptac-nsclc.cptac-nsclc-subtype,artifact.cptac-nsclc,https://media.springernature.com/original/springer-static/esm/art%3A10.1038%2Fs41591-025-03982-3/MediaObjects/41591_2025_3982_MOESM1_ESM.pdf,paper=TITAN|supplementary_table=27|cohort=CPTAC|model=TITANV|evaluator=simpleshot|metric=weighted_f1,26321e4018bec7b80f2fe7ea7cc497139c83b44fb60df5128417623ad1f71a70,machine_parsed_single_primary_source,parsed_primary_source,Exact leaf result; protocol variants remain distinct and are not deduplicated by dataset name alone.
titan2025,titan_paper,Supplementary Table 27,cptac-nsclc,CPTAC-NSCLC subtype,morphological_subtyping,subtype,slide,classification,422,slide_level_classification,balanced_accuracy,titan2025_frozen_20_nearest_neighbors,TITAN-V vision-only,titan-v-slide,github:mahmoodlab/TITAN@9e34c66ff66445c6c590da0dbf7acc103d39a40b,0.939,reported_error=0.0025,titan2025.cptac-nsclc.cptac-nsclc-subtype.titan2025-frozen-20-nearest-neighbors.balanced-accuracy,titan2025.cptac-nsclc.cptac-nsclc-subtype.titan2025-frozen-20-nearest-neighbors.balanced-accuracy,task.cptac-nsclc.cptac-nsclc-subtype,artifact.cptac-nsclc,https://media.springernature.com/original/springer-static/esm/art%3A10.1038%2Fs41591-025-03982-3/MediaObjects/41591_2025_3982_MOESM1_ESM.pdf,paper=TITAN|supplementary_table=27|cohort=CPTAC|model=TITANV|evaluator=20_nearest_neighbors|metric=balanced_accuracy,26321e4018bec7b80f2fe7ea7cc497139c83b44fb60df5128417623ad1f71a70,machine_parsed_single_primary_source,parsed_primary_source,Exact leaf result; protocol variants remain distinct and are not deduplicated by dataset name alone.
titan2025,titan_paper,Supplementary Table 27,cptac-nsclc,CPTAC-NSCLC subtype,morphological_subtyping,subtype,slide,classification,422,slide_level_classification,weighted_f1,titan2025_frozen_20_nearest_neighbors,TITAN-V vision-only,titan-v-slide,github:mahmoodlab/TITAN@9e34c66ff66445c6c590da0dbf7acc103d39a40b,0.939,reported_error=0.0024,titan2025.cptac-nsclc.cptac-nsclc-subtype.titan2025-frozen-20-nearest-neighbors.weighted-f1,titan2025.cptac-nsclc.cptac-nsclc-subtype.titan2025-frozen-20-nearest-neighbors.weighted-f1,task.cptac-nsclc.cptac-nsclc-subtype,artifact.cptac-nsclc,https://media.springernature.com/original/springer-static/esm/art%3A10.1038%2Fs41591-025-03982-3/MediaObjects/41591_2025_3982_MOESM1_ESM.pdf,paper=TITAN|supplementary_table=27|cohort=CPTAC|model=TITANV|evaluator=20_nearest_neighbors|metric=weighted_f1,26321e4018bec7b80f2fe7ea7cc497139c83b44fb60df5128417623ad1f71a70,machine_parsed_single_primary_source,parsed_primary_source,Exact leaf result; protocol variants remain distinct and are not deduplicated by dataset name alone.
titan2025,titan_paper,Supplementary Table 27,cptac-nsclc,CPTAC-NSCLC subtype,morphological_subtyping,subtype,slide,classification,422,slide_level_classification,auroc,titan2025_frozen_logistic_regression,TITAN vision-language,titan-slide,github:mahmoodlab/TITAN@9e34c66ff66445c6c590da0dbf7acc103d39a40b,0.985,reported_error=0.0010,titan2025.cptac-nsclc.cptac-nsclc-subtype.titan2025-frozen-logistic-regression.auroc,titan2025.cptac-nsclc.cptac-nsclc-subtype.titan2025-frozen-logistic-regression.auroc,task.cptac-nsclc.cptac-nsclc-subtype,artifact.cptac-nsclc,https://media.springernature.com/original/springer-static/esm/art%3A10.1038%2Fs41591-025-03982-3/MediaObjects/41591_2025_3982_MOESM1_ESM.pdf,paper=TITAN|supplementary_table=27|cohort=CPTAC|model=TITAN|evaluator=logistic_regression|metric=auroc,26321e4018bec7b80f2fe7ea7cc497139c83b44fb60df5128417623ad1f71a70,machine_parsed_single_primary_source,parsed_primary_source,Exact leaf result; protocol variants remain distinct and are not deduplicated by dataset name alone.
titan2025,titan_paper,Supplementary Table 27,cptac-nsclc,CPTAC-NSCLC subtype,morphological_subtyping,subtype,slide,classification,422,slide_level_classification,balanced_accuracy,titan2025_frozen_logistic_regression,TITAN vision-language,titan-slide,github:mahmoodlab/TITAN@9e34c66ff66445c6c590da0dbf7acc103d39a40b,0.950,reported_error=0.0031,titan2025.cptac-nsclc.cptac-nsclc-subtype.titan2025-frozen-logistic-regression.balanced-accuracy,titan2025.cptac-nsclc.cptac-nsclc-subtype.titan2025-frozen-logistic-regression.balanced-accuracy,task.cptac-nsclc.cptac-nsclc-subtype,artifact.cptac-nsclc,https://media.springernature.com/original/springer-static/esm/art%3A10.1038%2Fs41591-025-03982-3/MediaObjects/41591_2025_3982_MOESM1_ESM.pdf,paper=TITAN|supplementary_table=27|cohort=CPTAC|model=TITAN|evaluator=logistic_regression|metric=balanced_accuracy,26321e4018bec7b80f2fe7ea7cc497139c83b44fb60df5128417623ad1f71a70,machine_parsed_single_primary_source,parsed_primary_source,Exact leaf result; protocol variants remain distinct and are not deduplicated by dataset name alone.
titan2025,titan_paper,Supplementary Table 27,cptac-nsclc,CPTAC-NSCLC subtype,morphological_subtyping,subtype,slide,classification,422,slide_level_classification,balanced_accuracy,titan2025_frozen_simpleshot,TITAN vision-language,titan-slide,github:mahmoodlab/TITAN@9e34c66ff66445c6c590da0dbf7acc103d39a40b,0.953,reported_error=0.0025,titan2025.cptac-nsclc.cptac-nsclc-subtype.titan2025-frozen-simpleshot.balanced-accuracy,titan2025.cptac-nsclc.cptac-nsclc-subtype.titan2025-frozen-simpleshot.balanced-accuracy,task.cptac-nsclc.cptac-nsclc-subtype,artifact.cptac-nsclc,https://media.springernature.com/original/springer-static/esm/art%3A10.1038%2Fs41591-025-03982-3/MediaObjects/41591_2025_3982_MOESM1_ESM.pdf,paper=TITAN|supplementary_table=27|cohort=CPTAC|model=TITAN|evaluator=simpleshot|metric=balanced_accuracy,26321e4018bec7b80f2fe7ea7cc497139c83b44fb60df5128417623ad1f71a70,machine_parsed_single_primary_source,parsed_primary_source,Exact leaf result; protocol variants remain distinct and are not deduplicated by dataset name alone.
titan2025,titan_paper,Supplementary Table 27,cptac-nsclc,CPTAC-NSCLC subtype,morphological_subtyping,subtype,slide,classification,422,slide_level_classification,weighted_f1,titan2025_frozen_simpleshot,TITAN vision-language,titan-slide,github:mahmoodlab/TITAN@9e34c66ff66445c6c590da0dbf7acc103d39a40b,0.954,reported_error=0.0022,titan2025.cptac-nsclc.cptac-nsclc-subtype.titan2025-frozen-simpleshot.weighted-f1,titan2025.cptac-nsclc.cptac-nsclc-subtype.titan2025-frozen-simpleshot.weighted-f1,task.cptac-nsclc.cptac-nsclc-subtype,artifact.cptac-nsclc,https://media.springernature.com/original/springer-static/esm/art%3A10.1038%2Fs41591-025-03982-3/MediaObjects/41591_2025_3982_MOESM1_ESM.pdf,paper=TITAN|supplementary_table=27|cohort=CPTAC|model=TITAN|evaluator=simpleshot|metric=weighted_f1,26321e4018bec7b80f2fe7ea7cc497139c83b44fb60df5128417623ad1f71a70,machine_parsed_single_primary_source,parsed_primary_source,Exact leaf result; protocol variants remain distinct and are not deduplicated by dataset name alone.
titan2025,titan_paper,Supplementary Table 27,cptac-nsclc,CPTAC-NSCLC subtype,morphological_subtyping,subtype,slide,classification,422,slide_level_classification,balanced_accuracy,titan2025_frozen_20_nearest_neighbors,TITAN vision-language,titan-slide,github:mahmoodlab/TITAN@9e34c66ff66445c6c590da0dbf7acc103d39a40b,0.929,reported_error=0.0031,titan2025.cptac-nsclc.cptac-nsclc-subtype.titan2025-frozen-20-nearest-neighbors.balanced-accuracy,titan2025.cptac-nsclc.cptac-nsclc-subtype.titan2025-frozen-20-nearest-neighbors.balanced-accuracy,task.cptac-nsclc.cptac-nsclc-subtype,artifact.cptac-nsclc,https://media.springernature.com/original/springer-static/esm/art%3A10.1038%2Fs41591-025-03982-3/MediaObjects/41591_2025_3982_MOESM1_ESM.pdf,paper=TITAN|supplementary_table=27|cohort=CPTAC|model=TITAN|evaluator=20_nearest_neighbors|metric=balanced_accuracy,26321e4018bec7b80f2fe7ea7cc497139c83b44fb60df5128417623ad1f71a70,machine_parsed_single_primary_source,parsed_primary_source,Exact leaf result; protocol variants remain distinct and are not deduplicated by dataset name alone.
titan2025,titan_paper,Supplementary Table 27,cptac-nsclc,CPTAC-NSCLC subtype,morphological_subtyping,subtype,slide,classification,422,slide_level_classification,weighted_f1,titan2025_frozen_20_nearest_neighbors,TITAN vision-language,titan-slide,github:mahmoodlab/TITAN@9e34c66ff66445c6c590da0dbf7acc103d39a40b,0.932,reported_error=0.0028,titan2025.cptac-nsclc.cptac-nsclc-subtype.titan2025-frozen-20-nearest-neighbors.weighted-f1,titan2025.cptac-nsclc.cptac-nsclc-subtype.titan2025-frozen-20-nearest-neighbors.weighted-f1,task.cptac-nsclc.cptac-nsclc-subtype,artifact.cptac-nsclc,https://media.springernature.com/original/springer-static/esm/art%3A10.1038%2Fs41591-025-03982-3/MediaObjects/41591_2025_3982_MOESM1_ESM.pdf,paper=TITAN|supplementary_table=27|cohort=CPTAC|model=TITAN|evaluator=20_nearest_neighbors|metric=weighted_f1,26321e4018bec7b80f2fe7ea7cc497139c83b44fb60df5128417623ad1f71a70,machine_parsed_single_primary_source,parsed_primary_source,Exact leaf result; protocol variants remain distinct and are not deduplicated by dataset name alone.
titan2025,titan_paper,Supplementary Table 28,tcga-rcc,TCGA-RCC OncoTree code,morphological_subtyping,oncotree_code,slide,classification,895,slide_level_classification,balanced_accuracy,titan2025_frozen_logistic_regression,TITAN-V vision-only,titan-v-slide,github:mahmoodlab/TITAN@9e34c66ff66445c6c590da0dbf7acc103d39a40b,0.920,reported_error=0.0331,titan2025.tcga-rcc.tcga-rcc-oncotree-code.titan2025-frozen-logistic-regression.balanced-accuracy,titan2025.tcga-rcc.tcga-rcc-oncotree-code.titan2025-frozen-logistic-regression.balanced-accuracy,task.tcga-rcc.tcga-rcc-oncotree-code,artifact.tcga-rcc,https://media.springernature.com/original/springer-static/esm/art%3A10.1038%2Fs41591-025-03982-3/MediaObjects/41591_2025_3982_MOESM1_ESM.pdf,paper=TITAN|supplementary_table=28|cohort=TCGA|model=TITANV|evaluator=logistic_regression|metric=balanced_accuracy,26321e4018bec7b80f2fe7ea7cc497139c83b44fb60df5128417623ad1f71a70,machine_parsed_single_primary_source,parsed_primary_source,Exact leaf result; protocol variants remain distinct and are not deduplicated by dataset name alone.
titan2025,titan_paper,Supplementary Table 28,tcga-rcc,TCGA-RCC OncoTree code,morphological_subtyping,oncotree_code,slide,classification,895,slide_level_classification,weighted_f1,titan2025_frozen_logistic_regression,TITAN-V vision-only,titan-v-slide,github:mahmoodlab/TITAN@9e34c66ff66445c6c590da0dbf7acc103d39a40b,0.931,reported_error=0.0354,titan2025.tcga-rcc.tcga-rcc-oncotree-code.titan2025-frozen-logistic-regression.weighted-f1,titan2025.tcga-rcc.tcga-rcc-oncotree-code.titan2025-frozen-logistic-regression.weighted-f1,task.tcga-rcc.tcga-rcc-oncotree-code,artifact.tcga-rcc,https://media.springernature.com/original/springer-static/esm/art%3A10.1038%2Fs41591-025-03982-3/MediaObjects/41591_2025_3982_MOESM1_ESM.pdf,paper=TITAN|supplementary_table=28|cohort=TCGA|model=TITANV|evaluator=logistic_regression|metric=weighted_f1,26321e4018bec7b80f2fe7ea7cc497139c83b44fb60df5128417623ad1f71a70,machine_parsed_single_primary_source,parsed_primary_source,Exact leaf result; protocol variants remain distinct and are not deduplicated by dataset name alone.
titan2025,titan_paper,Supplementary Table 28,tcga-rcc,TCGA-RCC OncoTree code,morphological_subtyping,oncotree_code,slide,classification,895,slide_level_classification,balanced_accuracy,titan2025_frozen_simpleshot,TITAN-V vision-only,titan-v-slide,github:mahmoodlab/TITAN@9e34c66ff66445c6c590da0dbf7acc103d39a40b,0.954,reported_error=0.0148,titan2025.tcga-rcc.tcga-rcc-oncotree-code.titan2025-frozen-simpleshot.balanced-accuracy,titan2025.tcga-rcc.tcga-rcc-oncotree-code.titan2025-frozen-simpleshot.balanced-accuracy,task.tcga-rcc.tcga-rcc-oncotree-code,artifact.tcga-rcc,https://media.springernature.com/original/springer-static/esm/art%3A10.1038%2Fs41591-025-03982-3/MediaObjects/41591_2025_3982_MOESM1_ESM.pdf,paper=TITAN|supplementary_table=28|cohort=TCGA|model=TITANV|evaluator=simpleshot|metric=balanced_accuracy,26321e4018bec7b80f2fe7ea7cc497139c83b44fb60df5128417623ad1f71a70,machine_parsed_single_primary_source,parsed_primary_source,Exact leaf result; protocol variants remain distinct and are not deduplicated by dataset name alone.
titan2025,titan_paper,Supplementary Table 28,tcga-rcc,TCGA-RCC OncoTree code,morphological_subtyping,oncotree_code,slide,classification,895,slide_level_classification,weighted_f1,titan2025_frozen_simpleshot,TITAN-V vision-only,titan-v-slide,github:mahmoodlab/TITAN@9e34c66ff66445c6c590da0dbf7acc103d39a40b,0.939,reported_error=0.0239,titan2025.tcga-rcc.tcga-rcc-oncotree-code.titan2025-frozen-simpleshot.weighted-f1,titan2025.tcga-rcc.tcga-rcc-oncotree-code.titan2025-frozen-simpleshot.weighted-f1,task.tcga-rcc.tcga-rcc-oncotree-code,artifact.tcga-rcc,https://media.springernature.com/original/springer-static/esm/art%3A10.1038%2Fs41591-025-03982-3/MediaObjects/41591_2025_3982_MOESM1_ESM.pdf,paper=TITAN|supplementary_table=28|cohort=TCGA|model=TITANV|evaluator=simpleshot|metric=weighted_f1,26321e4018bec7b80f2fe7ea7cc497139c83b44fb60df5128417623ad1f71a70,machine_parsed_single_primary_source,parsed_primary_source,Exact leaf result; protocol variants remain distinct and are not deduplicated by dataset name alone.
titan2025,titan_paper,Supplementary Table 28,tcga-rcc,TCGA-RCC OncoTree code,morphological_subtyping,oncotree_code,slide,classification,895,slide_level_classification,balanced_accuracy,titan2025_frozen_20_nearest_neighbors,TITAN-V vision-only,titan-v-slide,github:mahmoodlab/TITAN@9e34c66ff66445c6c590da0dbf7acc103d39a40b,0.945,reported_error=0.0131,titan2025.tcga-rcc.tcga-rcc-oncotree-code.titan2025-frozen-20-nearest-neighbors.balanced-accuracy,titan2025.tcga-rcc.tcga-rcc-oncotree-code.titan2025-frozen-20-nearest-neighbors.balanced-accuracy,task.tcga-rcc.tcga-rcc-oncotree-code,artifact.tcga-rcc,https://media.springernature.com/original/springer-static/esm/art%3A10.1038%2Fs41591-025-03982-3/MediaObjects/41591_2025_3982_MOESM1_ESM.pdf,paper=TITAN|supplementary_table=28|cohort=TCGA|model=TITANV|evaluator=20_nearest_neighbors|metric=balanced_accuracy,26321e4018bec7b80f2fe7ea7cc497139c83b44fb60df5128417623ad1f71a70,machine_parsed_single_primary_source,parsed_primary_source,Exact leaf result; protocol variants remain distinct and are not deduplicated by dataset name alone.
titan2025,titan_paper,Supplementary Table 28,tcga-rcc,TCGA-RCC OncoTree code,morphological_subtyping,oncotree_code,slide,classification,895,slide_level_classification,weighted_f1,titan2025_frozen_20_nearest_neighbors,TITAN-V vision-only,titan-v-slide,github:mahmoodlab/TITAN@9e34c66ff66445c6c590da0dbf7acc103d39a40b,0.966,reported_error=0.0028,titan2025.tcga-rcc.tcga-rcc-oncotree-code.titan2025-frozen-20-nearest-neighbors.weighted-f1,titan2025.tcga-rcc.tcga-rcc-oncotree-code.titan2025-frozen-20-nearest-neighbors.weighted-f1,task.tcga-rcc.tcga-rcc-oncotree-code,artifact.tcga-rcc,https://media.springernature.com/original/springer-static/esm/art%3A10.1038%2Fs41591-025-03982-3/MediaObjects/41591_2025_3982_MOESM1_ESM.pdf,paper=TITAN|supplementary_table=28|cohort=TCGA|model=TITANV|evaluator=20_nearest_neighbors|metric=weighted_f1,26321e4018bec7b80f2fe7ea7cc497139c83b44fb60df5128417623ad1f71a70,machine_parsed_single_primary_source,parsed_primary_source,Exact leaf result; protocol variants remain distinct and are not deduplicated by dataset name alone.
titan2025,titan_paper,Supplementary Table 28,tcga-rcc,TCGA-RCC OncoTree code,morphological_subtyping,oncotree_code,slide,classification,895,slide_level_classification,balanced_accuracy,titan2025_frozen_logistic_regression,TITAN vision-language,titan-slide,github:mahmoodlab/TITAN@9e34c66ff66445c6c590da0dbf7acc103d39a40b,0.942,reported_error=0.0222,titan2025.tcga-rcc.tcga-rcc-oncotree-code.titan2025-frozen-logistic-regression.balanced-accuracy,titan2025.tcga-rcc.tcga-rcc-oncotree-code.titan2025-frozen-logistic-regression.balanced-accuracy,task.tcga-rcc.tcga-rcc-oncotree-code,artifact.tcga-rcc,https://media.springernature.com/original/springer-static/esm/art%3A10.1038%2Fs41591-025-03982-3/MediaObjects/41591_2025_3982_MOESM1_ESM.pdf,paper=TITAN|supplementary_table=28|cohort=TCGA|model=TITAN|evaluator=logistic_regression|metric=balanced_accuracy,26321e4018bec7b80f2fe7ea7cc497139c83b44fb60df5128417623ad1f71a70,machine_parsed_single_primary_source,parsed_primary_source,Exact leaf result; protocol variants remain distinct and are not deduplicated by dataset name alone.
titan2025,titan_paper,Supplementary Table 28,tcga-rcc,TCGA-RCC OncoTree code,morphological_subtyping,oncotree_code,slide,classification,895,slide_level_classification,weighted_f1,titan2025_frozen_logistic_regression,TITAN vision-language,titan-slide,github:mahmoodlab/TITAN@9e34c66ff66445c6c590da0dbf7acc103d39a40b,0.941,reported_error=0.0333,titan2025.tcga-rcc.tcga-rcc-oncotree-code.titan2025-frozen-logistic-regression.weighted-f1,titan2025.tcga-rcc.tcga-rcc-oncotree-code.titan2025-frozen-logistic-regression.weighted-f1,task.tcga-rcc.tcga-rcc-oncotree-code,artifact.tcga-rcc,https://media.springernature.com/original/springer-static/esm/art%3A10.1038%2Fs41591-025-03982-3/MediaObjects/41591_2025_3982_MOESM1_ESM.pdf,paper=TITAN|supplementary_table=28|cohort=TCGA|model=TITAN|evaluator=logistic_regression|metric=weighted_f1,26321e4018bec7b80f2fe7ea7cc497139c83b44fb60df5128417623ad1f71a70,machine_parsed_single_primary_source,parsed_primary_source,Exact leaf result; protocol variants remain distinct and are not deduplicated by dataset name alone.
titan2025,titan_paper,Supplementary Table 28,tcga-rcc,TCGA-RCC OncoTree code,morphological_subtyping,oncotree_code,slide,classification,895,slide_level_classification,balanced_accuracy,titan2025_frozen_simpleshot,TITAN vision-language,titan-slide,github:mahmoodlab/TITAN@9e34c66ff66445c6c590da0dbf7acc103d39a40b,0.955,reported_error=0.0202,titan2025.tcga-rcc.tcga-rcc-oncotree-code.titan2025-frozen-simpleshot.balanced-accuracy,titan2025.tcga-rcc.tcga-rcc-oncotree-code.titan2025-frozen-simpleshot.balanced-accuracy,task.tcga-rcc.tcga-rcc-oncotree-code,artifact.tcga-rcc,https://media.springernature.com/original/springer-static/esm/art%3A10.1038%2Fs41591-025-03982-3/MediaObjects/41591_2025_3982_MOESM1_ESM.pdf,paper=TITAN|supplementary_table=28|cohort=TCGA|model=TITAN|evaluator=simpleshot|metric=balanced_accuracy,26321e4018bec7b80f2fe7ea7cc497139c83b44fb60df5128417623ad1f71a70,machine_parsed_single_primary_source,parsed_primary_source,Exact leaf result; protocol variants remain distinct and are not deduplicated by dataset name alone.
titan2025,titan_paper,Supplementary Table 28,tcga-rcc,TCGA-RCC OncoTree code,morphological_subtyping,oncotree_code,slide,classification,895,slide_level_classification,weighted_f1,titan2025_frozen_simpleshot,TITAN vision-language,titan-slide,github:mahmoodlab/TITAN@9e34c66ff66445c6c590da0dbf7acc103d39a40b,0.939,reported_error=0.0341,titan2025.tcga-rcc.tcga-rcc-oncotree-code.titan2025-frozen-simpleshot.weighted-f1,titan2025.tcga-rcc.tcga-rcc-oncotree-code.titan2025-frozen-simpleshot.weighted-f1,task.tcga-rcc.tcga-rcc-oncotree-code,artifact.tcga-rcc,https://media.springernature.com/original/springer-static/esm/art%3A10.1038%2Fs41591-025-03982-3/MediaObjects/41591_2025_3982_MOESM1_ESM.pdf,paper=TITAN|supplementary_table=28|cohort=TCGA|model=TITAN|evaluator=simpleshot|metric=weighted_f1,26321e4018bec7b80f2fe7ea7cc497139c83b44fb60df5128417623ad1f71a70,machine_parsed_single_primary_source,parsed_primary_source,Exact leaf result; protocol variants remain distinct and are not deduplicated by dataset name alone.
titan2025,titan_paper,Supplementary Table 28,tcga-rcc,TCGA-RCC OncoTree code,morphological_subtyping,oncotree_code,slide,classification,895,slide_level_classification,balanced_accuracy,titan2025_frozen_20_nearest_neighbors,TITAN vision-language,titan-slide,github:mahmoodlab/TITAN@9e34c66ff66445c6c590da0dbf7acc103d39a40b,0.971,reported_error=0.0025,titan2025.tcga-rcc.tcga-rcc-oncotree-code.titan2025-frozen-20-nearest-neighbors.balanced-accuracy,titan2025.tcga-rcc.tcga-rcc-oncotree-code.titan2025-frozen-20-nearest-neighbors.balanced-accuracy,task.tcga-rcc.tcga-rcc-oncotree-code,artifact.tcga-rcc,https://media.springernature.com/original/springer-static/esm/art%3A10.1038%2Fs41591-025-03982-3/MediaObjects/41591_2025_3982_MOESM1_ESM.pdf,paper=TITAN|supplementary_table=28|cohort=TCGA|model=TITAN|evaluator=20_nearest_neighbors|metric=balanced_accuracy,26321e4018bec7b80f2fe7ea7cc497139c83b44fb60df5128417623ad1f71a70,machine_parsed_single_primary_source,parsed_primary_source,Exact leaf result; protocol variants remain distinct and are not deduplicated by dataset name alone.
titan2025,titan_paper,Supplementary Table 28,tcga-rcc,TCGA-RCC OncoTree code,morphological_subtyping,oncotree_code,slide,classification,895,slide_level_classification,weighted_f1,titan2025_frozen_20_nearest_neighbors,TITAN vision-language,titan-slide,github:mahmoodlab/TITAN@9e34c66ff66445c6c590da0dbf7acc103d39a40b,0.965,reported_error=0.0009,titan2025.tcga-rcc.tcga-rcc-oncotree-code.titan2025-frozen-20-nearest-neighbors.weighted-f1,titan2025.tcga-rcc.tcga-rcc-oncotree-code.titan2025-frozen-20-nearest-neighbors.weighted-f1,task.tcga-rcc.tcga-rcc-oncotree-code,artifact.tcga-rcc,https://media.springernature.com/original/springer-static/esm/art%3A10.1038%2Fs41591-025-03982-3/MediaObjects/41591_2025_3982_MOESM1_ESM.pdf,paper=TITAN|supplementary_table=28|cohort=TCGA|model=TITAN|evaluator=20_nearest_neighbors|metric=weighted_f1,26321e4018bec7b80f2fe7ea7cc497139c83b44fb60df5128417623ad1f71a70,machine_parsed_single_primary_source,parsed_primary_source,Exact leaf result; protocol variants remain distinct and are not deduplicated by dataset name alone.
titan2025,titan_paper,Supplementary Table 28,cptac-dhmc-rcc,CPTAC-DHMC RCC OncoTree code,morphological_subtyping,oncotree_code,slide,classification,673,slide_level_classification,balanced_accuracy,titan2025_frozen_logistic_regression,TITAN-V vision-only,titan-v-slide,github:mahmoodlab/TITAN@9e34c66ff66445c6c590da0dbf7acc103d39a40b,0.910,reported_error=0.0169,titan2025.cptac-dhmc-rcc.cptac-dhmc-rcc-oncotree-code.titan2025-frozen-logistic-regression.balanced-accuracy,titan2025.cptac-dhmc-rcc.cptac-dhmc-rcc-oncotree-code.titan2025-frozen-logistic-regression.balanced-accuracy,task.cptac-dhmc-rcc.cptac-dhmc-rcc-oncotree-code,artifact.cptac-dhmc-rcc,https://media.springernature.com/original/springer-static/esm/art%3A10.1038%2Fs41591-025-03982-3/MediaObjects/41591_2025_3982_MOESM1_ESM.pdf,paper=TITAN|supplementary_table=28|cohort=CPTAC-DHMC|model=TITANV|evaluator=logistic_regression|metric=balanced_accuracy,26321e4018bec7b80f2fe7ea7cc497139c83b44fb60df5128417623ad1f71a70,machine_parsed_single_primary_source,parsed_primary_source,Exact leaf result; protocol variants remain distinct and are not deduplicated by dataset name alone.
titan2025,titan_paper,Supplementary Table 28,cptac-dhmc-rcc,CPTAC-DHMC RCC OncoTree code,morphological_subtyping,oncotree_code,slide,classification,673,slide_level_classification,weighted_f1,titan2025_frozen_logistic_regression,TITAN-V vision-only,titan-v-slide,github:mahmoodlab/TITAN@9e34c66ff66445c6c590da0dbf7acc103d39a40b,0.959,reported_error=0.0063,titan2025.cptac-dhmc-rcc.cptac-dhmc-rcc-oncotree-code.titan2025-frozen-logistic-regression.weighted-f1,titan2025.cptac-dhmc-rcc.cptac-dhmc-rcc-oncotree-code.titan2025-frozen-logistic-regression.weighted-f1,task.cptac-dhmc-rcc.cptac-dhmc-rcc-oncotree-code,artifact.cptac-dhmc-rcc,https://media.springernature.com/original/springer-static/esm/art%3A10.1038%2Fs41591-025-03982-3/MediaObjects/41591_2025_3982_MOESM1_ESM.pdf,paper=TITAN|supplementary_table=28|cohort=CPTAC-DHMC|model=TITANV|evaluator=logistic_regression|metric=weighted_f1,26321e4018bec7b80f2fe7ea7cc497139c83b44fb60df5128417623ad1f71a70,machine_parsed_single_primary_source,parsed_primary_source,Exact leaf result; protocol variants remain distinct and are not deduplicated by dataset name alone.
titan2025,titan_paper,Supplementary Table 28,cptac-dhmc-rcc,CPTAC-DHMC RCC OncoTree code,morphological_subtyping,oncotree_code,slide,classification,673,slide_level_classification,balanced_accuracy,titan2025_frozen_simpleshot,TITAN-V vision-only,titan-v-slide,github:mahmoodlab/TITAN@9e34c66ff66445c6c590da0dbf7acc103d39a40b,0.971,reported_error=0.0011,titan2025.cptac-dhmc-rcc.cptac-dhmc-rcc-oncotree-code.titan2025-frozen-simpleshot.balanced-accuracy,titan2025.cptac-dhmc-rcc.cptac-dhmc-rcc-oncotree-code.titan2025-frozen-simpleshot.balanced-accuracy,task.cptac-dhmc-rcc.cptac-dhmc-rcc-oncotree-code,artifact.cptac-dhmc-rcc,https://media.springernature.com/original/springer-static/esm/art%3A10.1038%2Fs41591-025-03982-3/MediaObjects/41591_2025_3982_MOESM1_ESM.pdf,paper=TITAN|supplementary_table=28|cohort=CPTAC-DHMC|model=TITANV|evaluator=simpleshot|metric=balanced_accuracy,26321e4018bec7b80f2fe7ea7cc497139c83b44fb60df5128417623ad1f71a70,machine_parsed_single_primary_source,parsed_primary_source,Exact leaf result; protocol variants remain distinct and are not deduplicated by dataset name alone.
titan2025,titan_paper,Supplementary Table 28,cptac-dhmc-rcc,CPTAC-DHMC RCC OncoTree code,morphological_subtyping,oncotree_code,slide,classification,673,slide_level_classification,weighted_f1,titan2025_frozen_simpleshot,TITAN-V vision-only,titan-v-slide,github:mahmoodlab/TITAN@9e34c66ff66445c6c590da0dbf7acc103d39a40b,0.959,reported_error=0.0029,titan2025.cptac-dhmc-rcc.cptac-dhmc-rcc-oncotree-code.titan2025-frozen-simpleshot.weighted-f1,titan2025.cptac-dhmc-rcc.cptac-dhmc-rcc-oncotree-code.titan2025-frozen-simpleshot.weighted-f1,task.cptac-dhmc-rcc.cptac-dhmc-rcc-oncotree-code,artifact.cptac-dhmc-rcc,https://media.springernature.com/original/springer-static/esm/art%3A10.1038%2Fs41591-025-03982-3/MediaObjects/41591_2025_3982_MOESM1_ESM.pdf,paper=TITAN|supplementary_table=28|cohort=CPTAC-DHMC|model=TITANV|evaluator=simpleshot|metric=weighted_f1,26321e4018bec7b80f2fe7ea7cc497139c83b44fb60df5128417623ad1f71a70,machine_parsed_single_primary_source,parsed_primary_source,Exact leaf result; protocol variants remain distinct and are not deduplicated by dataset name alone.
titan2025,titan_paper,Supplementary Table 28,cptac-dhmc-rcc,CPTAC-DHMC RCC OncoTree code,morphological_subtyping,oncotree_code,slide,classification,673,slide_level_classification,balanced_accuracy,titan2025_frozen_20_nearest_neighbors,TITAN-V vision-only,titan-v-slide,github:mahmoodlab/TITAN@9e34c66ff66445c6c590da0dbf7acc103d39a40b,0.922,reported_error=0.0067,titan2025.cptac-dhmc-rcc.cptac-dhmc-rcc-oncotree-code.titan2025-frozen-20-nearest-neighbors.balanced-accuracy,titan2025.cptac-dhmc-rcc.cptac-dhmc-rcc-oncotree-code.titan2025-frozen-20-nearest-neighbors.balanced-accuracy,task.cptac-dhmc-rcc.cptac-dhmc-rcc-oncotree-code,artifact.cptac-dhmc-rcc,https://media.springernature.com/original/springer-static/esm/art%3A10.1038%2Fs41591-025-03982-3/MediaObjects/41591_2025_3982_MOESM1_ESM.pdf,paper=TITAN|supplementary_table=28|cohort=CPTAC-DHMC|model=TITANV|evaluator=20_nearest_neighbors|metric=balanced_accuracy,26321e4018bec7b80f2fe7ea7cc497139c83b44fb60df5128417623ad1f71a70,machine_parsed_single_primary_source,parsed_primary_source,Exact leaf result; protocol variants remain distinct and are not deduplicated by dataset name alone.
titan2025,titan_paper,Supplementary Table 28,cptac-dhmc-rcc,CPTAC-DHMC RCC OncoTree code,morphological_subtyping,oncotree_code,slide,classification,673,slide_level_classification,weighted_f1,titan2025_frozen_20_nearest_neighbors,TITAN-V vision-only,titan-v-slide,github:mahmoodlab/TITAN@9e34c66ff66445c6c590da0dbf7acc103d39a40b,0.971,reported_error=0.0021,titan2025.cptac-dhmc-rcc.cptac-dhmc-rcc-oncotree-code.titan2025-frozen-20-nearest-neighbors.weighted-f1,titan2025.cptac-dhmc-rcc.cptac-dhmc-rcc-oncotree-code.titan2025-frozen-20-nearest-neighbors.weighted-f1,task.cptac-dhmc-rcc.cptac-dhmc-rcc-oncotree-code,artifact.cptac-dhmc-rcc,https://media.springernature.com/original/springer-static/esm/art%3A10.1038%2Fs41591-025-03982-3/MediaObjects/41591_2025_3982_MOESM1_ESM.pdf,paper=TITAN|supplementary_table=28|cohort=CPTAC-DHMC|model=TITANV|evaluator=20_nearest_neighbors|metric=weighted_f1,26321e4018bec7b80f2fe7ea7cc497139c83b44fb60df5128417623ad1f71a70,machine_parsed_single_primary_source,parsed_primary_source,Exact leaf result; protocol variants remain distinct and are not deduplicated by dataset name alone.
titan2025,titan_paper,Supplementary Table 28,cptac-dhmc-rcc,CPTAC-DHMC RCC OncoTree code,morphological_subtyping,oncotree_code,slide,classification,673,slide_level_classification,balanced_accuracy,titan2025_frozen_logistic_regression,TITAN vision-language,titan-slide,github:mahmoodlab/TITAN@9e34c66ff66445c6c590da0dbf7acc103d39a40b,0.918,reported_error=0.0073,titan2025.cptac-dhmc-rcc.cptac-dhmc-rcc-oncotree-code.titan2025-frozen-logistic-regression.balanced-accuracy,titan2025.cptac-dhmc-rcc.cptac-dhmc-rcc-oncotree-code.titan2025-frozen-logistic-regression.balanced-accuracy,task.cptac-dhmc-rcc.cptac-dhmc-rcc-oncotree-code,artifact.cptac-dhmc-rcc,https://media.springernature.com/original/springer-static/esm/art%3A10.1038%2Fs41591-025-03982-3/MediaObjects/41591_2025_3982_MOESM1_ESM.pdf,paper=TITAN|supplementary_table=28|cohort=CPTAC-DHMC|model=TITAN|evaluator=logistic_regression|metric=balanced_accuracy,26321e4018bec7b80f2fe7ea7cc497139c83b44fb60df5128417623ad1f71a70,machine_parsed_single_primary_source,parsed_primary_source,Exact leaf result; protocol variants remain distinct and are not deduplicated by dataset name alone.
titan2025,titan_paper,Supplementary Table 28,cptac-dhmc-rcc,CPTAC-DHMC RCC OncoTree code,morphological_subtyping,oncotree_code,slide,classification,673,slide_level_classification,weighted_f1,titan2025_frozen_logistic_regression,TITAN vision-language,titan-slide,github:mahmoodlab/TITAN@9e34c66ff66445c6c590da0dbf7acc103d39a40b,0.967,reported_error=0.0040,titan2025.cptac-dhmc-rcc.cptac-dhmc-rcc-oncotree-code.titan2025-frozen-logistic-regression.weighted-f1,titan2025.cptac-dhmc-rcc.cptac-dhmc-rcc-oncotree-code.titan2025-frozen-logistic-regression.weighted-f1,task.cptac-dhmc-rcc.cptac-dhmc-rcc-oncotree-code,artifact.cptac-dhmc-rcc,https://media.springernature.com/original/springer-static/esm/art%3A10.1038%2Fs41591-025-03982-3/MediaObjects/41591_2025_3982_MOESM1_ESM.pdf,paper=TITAN|supplementary_table=28|cohort=CPTAC-DHMC|model=TITAN|evaluator=logistic_regression|metric=weighted_f1,26321e4018bec7b80f2fe7ea7cc497139c83b44fb60df5128417623ad1f71a70,machine_parsed_single_primary_source,parsed_primary_source,Exact leaf result; protocol variants remain distinct and are not deduplicated by dataset name alone.
titan2025,titan_paper,Supplementary Table 28,cptac-dhmc-rcc,CPTAC-DHMC RCC OncoTree code,morphological_subtyping,oncotree_code,slide,classification,673,slide_level_classification,balanced_accuracy,titan2025_frozen_simpleshot,TITAN vision-language,titan-slide,github:mahmoodlab/TITAN@9e34c66ff66445c6c590da0dbf7acc103d39a40b,0.971,reported_error=0.0026,titan2025.cptac-dhmc-rcc.cptac-dhmc-rcc-oncotree-code.titan2025-frozen-simpleshot.balanced-accuracy,titan2025.cptac-dhmc-rcc.cptac-dhmc-rcc-oncotree-code.titan2025-frozen-simpleshot.balanced-accuracy,task.cptac-dhmc-rcc.cptac-dhmc-rcc-oncotree-code,artifact.cptac-dhmc-rcc,https://media.springernature.com/original/springer-static/esm/art%3A10.1038%2Fs41591-025-03982-3/MediaObjects/41591_2025_3982_MOESM1_ESM.pdf,paper=TITAN|supplementary_table=28|cohort=CPTAC-DHMC|model=TITAN|evaluator=simpleshot|metric=balanced_accuracy,26321e4018bec7b80f2fe7ea7cc497139c83b44fb60df5128417623ad1f71a70,machine_parsed_single_primary_source,parsed_primary_source,Exact leaf result; protocol variants remain distinct and are not deduplicated by dataset name alone.
titan2025,titan_paper,Supplementary Table 28,cptac-dhmc-rcc,CPTAC-DHMC RCC OncoTree code,morphological_subtyping,oncotree_code,slide,classification,673,slide_level_classification,weighted_f1,titan2025_frozen_simpleshot,TITAN vision-language,titan-slide,github:mahmoodlab/TITAN@9e34c66ff66445c6c590da0dbf7acc103d39a40b,0.962,reported_error=0.0012,titan2025.cptac-dhmc-rcc.cptac-dhmc-rcc-oncotree-code.titan2025-frozen-simpleshot.weighted-f1,titan2025.cptac-dhmc-rcc.cptac-dhmc-rcc-oncotree-code.titan2025-frozen-simpleshot.weighted-f1,task.cptac-dhmc-rcc.cptac-dhmc-rcc-oncotree-code,artifact.cptac-dhmc-rcc,https://media.springernature.com/original/springer-static/esm/art%3A10.1038%2Fs41591-025-03982-3/MediaObjects/41591_2025_3982_MOESM1_ESM.pdf,paper=TITAN|supplementary_table=28|cohort=CPTAC-DHMC|model=TITAN|evaluator=simpleshot|metric=weighted_f1,26321e4018bec7b80f2fe7ea7cc497139c83b44fb60df5128417623ad1f71a70,machine_parsed_single_primary_source,parsed_primary_source,Exact leaf result; protocol variants remain distinct and are not deduplicated by dataset name alone.
titan2025,titan_paper,Supplementary Table 28,cptac-dhmc-rcc,CPTAC-DHMC RCC OncoTree code,morphological_subtyping,oncotree_code,slide,classification,673,slide_level_classification,balanced_accuracy,titan2025_frozen_20_nearest_neighbors,TITAN vision-language,titan-slide,github:mahmoodlab/TITAN@9e34c66ff66445c6c590da0dbf7acc103d39a40b,0.890,reported_error=0.0089,titan2025.cptac-dhmc-rcc.cptac-dhmc-rcc-oncotree-code.titan2025-frozen-20-nearest-neighbors.balanced-accuracy,titan2025.cptac-dhmc-rcc.cptac-dhmc-rcc-oncotree-code.titan2025-frozen-20-nearest-neighbors.balanced-accuracy,task.cptac-dhmc-rcc.cptac-dhmc-rcc-oncotree-code,artifact.cptac-dhmc-rcc,https://media.springernature.com/original/springer-static/esm/art%3A10.1038%2Fs41591-025-03982-3/MediaObjects/41591_2025_3982_MOESM1_ESM.pdf,paper=TITAN|supplementary_table=28|cohort=CPTAC-DHMC|model=TITAN|evaluator=20_nearest_neighbors|metric=balanced_accuracy,26321e4018bec7b80f2fe7ea7cc497139c83b44fb60df5128417623ad1f71a70,machine_parsed_single_primary_source,parsed_primary_source,Exact leaf result; protocol variants remain distinct and are not deduplicated by dataset name alone.
titan2025,titan_paper,Supplementary Table 28,cptac-dhmc-rcc,CPTAC-DHMC RCC OncoTree code,morphological_subtyping,oncotree_code,slide,classification,673,slide_level_classification,weighted_f1,titan2025_frozen_20_nearest_neighbors,TITAN vision-language,titan-slide,github:mahmoodlab/TITAN@9e34c66ff66445c6c590da0dbf7acc103d39a40b,0.959,reported_error=0.0013,titan2025.cptac-dhmc-rcc.cptac-dhmc-rcc-oncotree-code.titan2025-frozen-20-nearest-neighbors.weighted-f1,titan2025.cptac-dhmc-rcc.cptac-dhmc-rcc-oncotree-code.titan2025-frozen-20-nearest-neighbors.weighted-f1,task.cptac-dhmc-rcc.cptac-dhmc-rcc-oncotree-code,artifact.cptac-dhmc-rcc,https://media.springernature.com/original/springer-static/esm/art%3A10.1038%2Fs41591-025-03982-3/MediaObjects/41591_2025_3982_MOESM1_ESM.pdf,paper=TITAN|supplementary_table=28|cohort=CPTAC-DHMC|model=TITAN|evaluator=20_nearest_neighbors|metric=weighted_f1,26321e4018bec7b80f2fe7ea7cc497139c83b44fb60df5128417623ad1f71a70,machine_parsed_single_primary_source,parsed_primary_source,Exact leaf result; protocol variants remain distinct and are not deduplicated by dataset name alone.
titan2025,titan_paper,Supplementary Table 43,tcga-gbmlgg,TCGA-GBMLGG IDH mutation,molecular_biomarker,IDH,slide,classification,558,slide_level_classification,auroc,titan2025_frozen_logistic_regression,TITAN-V vision-only,titan-v-slide,github:mahmoodlab/TITAN@9e34c66ff66445c6c590da0dbf7acc103d39a40b,0.966,reported_error=0.0192,titan2025.tcga-gbmlgg.tcga-gbmlgg-idh-mutation.titan2025-frozen-logistic-regression.auroc,titan2025.tcga-gbmlgg.tcga-gbmlgg-idh-mutation.titan2025-frozen-logistic-regression.auroc,task.tcga-gbmlgg.tcga-gbmlgg-idh-mutation,artifact.tcga-gbmlgg,https://media.springernature.com/original/springer-static/esm/art%3A10.1038%2Fs41591-025-03982-3/MediaObjects/41591_2025_3982_MOESM1_ESM.pdf,paper=TITAN|supplementary_table=43|cohort=TCGA|model=TITANV|evaluator=logistic_regression|metric=auroc,26321e4018bec7b80f2fe7ea7cc497139c83b44fb60df5128417623ad1f71a70,machine_parsed_single_primary_source,parsed_primary_source,Exact leaf result; protocol variants remain distinct and are not deduplicated by dataset name alone.
titan2025,titan_paper,Supplementary Table 43,tcga-gbmlgg,TCGA-GBMLGG IDH mutation,molecular_biomarker,IDH,slide,classification,558,slide_level_classification,balanced_accuracy,titan2025_frozen_logistic_regression,TITAN-V vision-only,titan-v-slide,github:mahmoodlab/TITAN@9e34c66ff66445c6c590da0dbf7acc103d39a40b,0.896,reported_error=0.0394,titan2025.tcga-gbmlgg.tcga-gbmlgg-idh-mutation.titan2025-frozen-logistic-regression.balanced-accuracy,titan2025.tcga-gbmlgg.tcga-gbmlgg-idh-mutation.titan2025-frozen-logistic-regression.balanced-accuracy,task.tcga-gbmlgg.tcga-gbmlgg-idh-mutation,artifact.tcga-gbmlgg,https://media.springernature.com/original/springer-static/esm/art%3A10.1038%2Fs41591-025-03982-3/MediaObjects/41591_2025_3982_MOESM1_ESM.pdf,paper=TITAN|supplementary_table=43|cohort=TCGA|model=TITANV|evaluator=logistic_regression|metric=balanced_accuracy,26321e4018bec7b80f2fe7ea7cc497139c83b44fb60df5128417623ad1f71a70,machine_parsed_single_primary_source,parsed_primary_source,Exact leaf result; protocol variants remain distinct and are not deduplicated by dataset name alone.
titan2025,titan_paper,Supplementary Table 43,tcga-gbmlgg,TCGA-GBMLGG IDH mutation,molecular_biomarker,IDH,slide,classification,558,slide_level_classification,balanced_accuracy,titan2025_frozen_simpleshot,TITAN-V vision-only,titan-v-slide,github:mahmoodlab/TITAN@9e34c66ff66445c6c590da0dbf7acc103d39a40b,0.851,reported_error=0.0528,titan2025.tcga-gbmlgg.tcga-gbmlgg-idh-mutation.titan2025-frozen-simpleshot.balanced-accuracy,titan2025.tcga-gbmlgg.tcga-gbmlgg-idh-mutation.titan2025-frozen-simpleshot.balanced-accuracy,task.tcga-gbmlgg.tcga-gbmlgg-idh-mutation,artifact.tcga-gbmlgg,https://media.springernature.com/original/springer-static/esm/art%3A10.1038%2Fs41591-025-03982-3/MediaObjects/41591_2025_3982_MOESM1_ESM.pdf,paper=TITAN|supplementary_table=43|cohort=TCGA|model=TITANV|evaluator=simpleshot|metric=balanced_accuracy,26321e4018bec7b80f2fe7ea7cc497139c83b44fb60df5128417623ad1f71a70,machine_parsed_single_primary_source,parsed_primary_source,Exact leaf result; protocol variants remain distinct and are not deduplicated by dataset name alone.
titan2025,titan_paper,Supplementary Table 43,tcga-gbmlgg,TCGA-GBMLGG IDH mutation,molecular_biomarker,IDH,slide,classification,558,slide_level_classification,weighted_f1,titan2025_frozen_simpleshot,TITAN-V vision-only,titan-v-slide,github:mahmoodlab/TITAN@9e34c66ff66445c6c590da0dbf7acc103d39a40b,0.864,reported_error=0.0563,titan2025.tcga-gbmlgg.tcga-gbmlgg-idh-mutation.titan2025-frozen-simpleshot.weighted-f1,titan2025.tcga-gbmlgg.tcga-gbmlgg-idh-mutation.titan2025-frozen-simpleshot.weighted-f1,task.tcga-gbmlgg.tcga-gbmlgg-idh-mutation,artifact.tcga-gbmlgg,https://media.springernature.com/original/springer-static/esm/art%3A10.1038%2Fs41591-025-03982-3/MediaObjects/41591_2025_3982_MOESM1_ESM.pdf,paper=TITAN|supplementary_table=43|cohort=TCGA|model=TITANV|evaluator=simpleshot|metric=weighted_f1,26321e4018bec7b80f2fe7ea7cc497139c83b44fb60df5128417623ad1f71a70,machine_parsed_single_primary_source,parsed_primary_source,Exact leaf result; protocol variants remain distinct and are not deduplicated by dataset name alone.
titan2025,titan_paper,Supplementary Table 43,tcga-gbmlgg,TCGA-GBMLGG IDH mutation,molecular_biomarker,IDH,slide,classification,558,slide_level_classification,balanced_accuracy,titan2025_frozen_20_nearest_neighbors,TITAN-V vision-only,titan-v-slide,github:mahmoodlab/TITAN@9e34c66ff66445c6c590da0dbf7acc103d39a40b,0.867,reported_error=0.0046,titan2025.tcga-gbmlgg.tcga-gbmlgg-idh-mutation.titan2025-frozen-20-nearest-neighbors.balanced-accuracy,titan2025.tcga-gbmlgg.tcga-gbmlgg-idh-mutation.titan2025-frozen-20-nearest-neighbors.balanced-accuracy,task.tcga-gbmlgg.tcga-gbmlgg-idh-mutation,artifact.tcga-gbmlgg,https://media.springernature.com/original/springer-static/esm/art%3A10.1038%2Fs41591-025-03982-3/MediaObjects/41591_2025_3982_MOESM1_ESM.pdf,paper=TITAN|supplementary_table=43|cohort=TCGA|model=TITANV|evaluator=20_nearest_neighbors|metric=balanced_accuracy,26321e4018bec7b80f2fe7ea7cc497139c83b44fb60df5128417623ad1f71a70,machine_parsed_single_primary_source,parsed_primary_source,Exact leaf result; protocol variants remain distinct and are not deduplicated by dataset name alone.
titan2025,titan_paper,Supplementary Table 43,tcga-gbmlgg,TCGA-GBMLGG IDH mutation,molecular_biomarker,IDH,slide,classification,558,slide_level_classification,weighted_f1,titan2025_frozen_20_nearest_neighbors,TITAN-V vision-only,titan-v-slide,github:mahmoodlab/TITAN@9e34c66ff66445c6c590da0dbf7acc103d39a40b,0.871,reported_error=0.0065,titan2025.tcga-gbmlgg.tcga-gbmlgg-idh-mutation.titan2025-frozen-20-nearest-neighbors.weighted-f1,titan2025.tcga-gbmlgg.tcga-gbmlgg-idh-mutation.titan2025-frozen-20-nearest-neighbors.weighted-f1,task.tcga-gbmlgg.tcga-gbmlgg-idh-mutation,artifact.tcga-gbmlgg,https://media.springernature.com/original/springer-static/esm/art%3A10.1038%2Fs41591-025-03982-3/MediaObjects/41591_2025_3982_MOESM1_ESM.pdf,paper=TITAN|supplementary_table=43|cohort=TCGA|model=TITANV|evaluator=20_nearest_neighbors|metric=weighted_f1,26321e4018bec7b80f2fe7ea7cc497139c83b44fb60df5128417623ad1f71a70,machine_parsed_single_primary_source,parsed_primary_source,Exact leaf result; protocol variants remain distinct and are not deduplicated by dataset name alone.
titan2025,titan_paper,Supplementary Table 43,tcga-gbmlgg,TCGA-GBMLGG IDH mutation,molecular_biomarker,IDH,slide,classification,558,slide_level_classification,auroc,titan2025_frozen_logistic_regression,TITAN vision-language,titan-slide,github:mahmoodlab/TITAN@9e34c66ff66445c6c590da0dbf7acc103d39a40b,0.972,reported_error=0.0237,titan2025.tcga-gbmlgg.tcga-gbmlgg-idh-mutation.titan2025-frozen-logistic-regression.auroc,titan2025.tcga-gbmlgg.tcga-gbmlgg-idh-mutation.titan2025-frozen-logistic-regression.auroc,task.tcga-gbmlgg.tcga-gbmlgg-idh-mutation,artifact.tcga-gbmlgg,https://media.springernature.com/original/springer-static/esm/art%3A10.1038%2Fs41591-025-03982-3/MediaObjects/41591_2025_3982_MOESM1_ESM.pdf,paper=TITAN|supplementary_table=43|cohort=TCGA|model=TITAN|evaluator=logistic_regression|metric=auroc,26321e4018bec7b80f2fe7ea7cc497139c83b44fb60df5128417623ad1f71a70,machine_parsed_single_primary_source,parsed_primary_source,Exact leaf result; protocol variants remain distinct and are not deduplicated by dataset name alone.
titan2025,titan_paper,Supplementary Table 43,tcga-gbmlgg,TCGA-GBMLGG IDH mutation,molecular_biomarker,IDH,slide,classification,558,slide_level_classification,balanced_accuracy,titan2025_frozen_logistic_regression,TITAN vision-language,titan-slide,github:mahmoodlab/TITAN@9e34c66ff66445c6c590da0dbf7acc103d39a40b,0.919,reported_error=0.0321,titan2025.tcga-gbmlgg.tcga-gbmlgg-idh-mutation.titan2025-frozen-logistic-regression.balanced-accuracy,titan2025.tcga-gbmlgg.tcga-gbmlgg-idh-mutation.titan2025-frozen-logistic-regression.balanced-accuracy,task.tcga-gbmlgg.tcga-gbmlgg-idh-mutation,artifact.tcga-gbmlgg,https://media.springernature.com/original/springer-static/esm/art%3A10.1038%2Fs41591-025-03982-3/MediaObjects/41591_2025_3982_MOESM1_ESM.pdf,paper=TITAN|supplementary_table=43|cohort=TCGA|model=TITAN|evaluator=logistic_regression|metric=balanced_accuracy,26321e4018bec7b80f2fe7ea7cc497139c83b44fb60df5128417623ad1f71a70,machine_parsed_single_primary_source,parsed_primary_source,Exact leaf result; protocol variants remain distinct and are not deduplicated by dataset name alone.
titan2025,titan_paper,Supplementary Table 43,tcga-gbmlgg,TCGA-GBMLGG IDH mutation,molecular_biomarker,IDH,slide,classification,558,slide_level_classification,balanced_accuracy,titan2025_frozen_simpleshot,TITAN vision-language,titan-slide,github:mahmoodlab/TITAN@9e34c66ff66445c6c590da0dbf7acc103d39a40b,0.873,reported_error=0.0521,titan2025.tcga-gbmlgg.tcga-gbmlgg-idh-mutation.titan2025-frozen-simpleshot.balanced-accuracy,titan2025.tcga-gbmlgg.tcga-gbmlgg-idh-mutation.titan2025-frozen-simpleshot.balanced-accuracy,task.tcga-gbmlgg.tcga-gbmlgg-idh-mutation,artifact.tcga-gbmlgg,https://media.springernature.com/original/springer-static/esm/art%3A10.1038%2Fs41591-025-03982-3/MediaObjects/41591_2025_3982_MOESM1_ESM.pdf,paper=TITAN|supplementary_table=43|cohort=TCGA|model=TITAN|evaluator=simpleshot|metric=balanced_accuracy,26321e4018bec7b80f2fe7ea7cc497139c83b44fb60df5128417623ad1f71a70,machine_parsed_single_primary_source,parsed_primary_source,Exact leaf result; protocol variants remain distinct and are not deduplicated by dataset name alone.
titan2025,titan_paper,Supplementary Table 43,tcga-gbmlgg,TCGA-GBMLGG IDH mutation,molecular_biomarker,IDH,slide,classification,558,slide_level_classification,weighted_f1,titan2025_frozen_simpleshot,TITAN vision-language,titan-slide,github:mahmoodlab/TITAN@9e34c66ff66445c6c590da0dbf7acc103d39a40b,0.880,reported_error=0.0583,titan2025.tcga-gbmlgg.tcga-gbmlgg-idh-mutation.titan2025-frozen-simpleshot.weighted-f1,titan2025.tcga-gbmlgg.tcga-gbmlgg-idh-mutation.titan2025-frozen-simpleshot.weighted-f1,task.tcga-gbmlgg.tcga-gbmlgg-idh-mutation,artifact.tcga-gbmlgg,https://media.springernature.com/original/springer-static/esm/art%3A10.1038%2Fs41591-025-03982-3/MediaObjects/41591_2025_3982_MOESM1_ESM.pdf,paper=TITAN|supplementary_table=43|cohort=TCGA|model=TITAN|evaluator=simpleshot|metric=weighted_f1,26321e4018bec7b80f2fe7ea7cc497139c83b44fb60df5128417623ad1f71a70,machine_parsed_single_primary_source,parsed_primary_source,Exact leaf result; protocol variants remain distinct and are not deduplicated by dataset name alone.
titan2025,titan_paper,Supplementary Table 43,tcga-gbmlgg,TCGA-GBMLGG IDH mutation,molecular_biomarker,IDH,slide,classification,558,slide_level_classification,balanced_accuracy,titan2025_frozen_20_nearest_neighbors,TITAN vision-language,titan-slide,github:mahmoodlab/TITAN@9e34c66ff66445c6c590da0dbf7acc103d39a40b,0.896,reported_error=0.0047,titan2025.tcga-gbmlgg.tcga-gbmlgg-idh-mutation.titan2025-frozen-20-nearest-neighbors.balanced-accuracy,titan2025.tcga-gbmlgg.tcga-gbmlgg-idh-mutation.titan2025-frozen-20-nearest-neighbors.balanced-accuracy,task.tcga-gbmlgg.tcga-gbmlgg-idh-mutation,artifact.tcga-gbmlgg,https://media.springernature.com/original/springer-static/esm/art%3A10.1038%2Fs41591-025-03982-3/MediaObjects/41591_2025_3982_MOESM1_ESM.pdf,paper=TITAN|supplementary_table=43|cohort=TCGA|model=TITAN|evaluator=20_nearest_neighbors|metric=balanced_accuracy,26321e4018bec7b80f2fe7ea7cc497139c83b44fb60df5128417623ad1f71a70,machine_parsed_single_primary_source,parsed_primary_source,Exact leaf result; protocol variants remain distinct and are not deduplicated by dataset name alone.
titan2025,titan_paper,Supplementary Table 43,tcga-gbmlgg,TCGA-GBMLGG IDH mutation,molecular_biomarker,IDH,slide,classification,558,slide_level_classification,weighted_f1,titan2025_frozen_20_nearest_neighbors,TITAN vision-language,titan-slide,github:mahmoodlab/TITAN@9e34c66ff66445c6c590da0dbf7acc103d39a40b,0.899,reported_error=0.0021,titan2025.tcga-gbmlgg.tcga-gbmlgg-idh-mutation.titan2025-frozen-20-nearest-neighbors.weighted-f1,titan2025.tcga-gbmlgg.tcga-gbmlgg-idh-mutation.titan2025-frozen-20-nearest-neighbors.weighted-f1,task.tcga-gbmlgg.tcga-gbmlgg-idh-mutation,artifact.tcga-gbmlgg,https://media.springernature.com/original/springer-static/esm/art%3A10.1038%2Fs41591-025-03982-3/MediaObjects/41591_2025_3982_MOESM1_ESM.pdf,paper=TITAN|supplementary_table=43|cohort=TCGA|model=TITAN|evaluator=20_nearest_neighbors|metric=weighted_f1,26321e4018bec7b80f2fe7ea7cc497139c83b44fb60df5128417623ad1f71a70,machine_parsed_single_primary_source,parsed_primary_source,Exact leaf result; protocol variants remain distinct and are not deduplicated by dataset name alone.
titan2025,titan_paper,Supplementary Table 43,ebrains-idh,EBRAINS IDH mutation,molecular_biomarker,IDH,slide,classification,795,slide_level_classification,auroc,titan2025_frozen_logistic_regression,TITAN-V vision-only,titan-v-slide,github:mahmoodlab/TITAN@9e34c66ff66445c6c590da0dbf7acc103d39a40b,0.951,reported_error=0.0044,titan2025.ebrains-idh.ebrains-idh-mutation.titan2025-frozen-logistic-regression.auroc,titan2025.ebrains-idh.ebrains-idh-mutation.titan2025-frozen-logistic-regression.auroc,task.ebrains-idh.ebrains-idh-mutation,artifact.ebrains-idh,https://media.springernature.com/original/springer-static/esm/art%3A10.1038%2Fs41591-025-03982-3/MediaObjects/41591_2025_3982_MOESM1_ESM.pdf,paper=TITAN|supplementary_table=43|cohort=EBRAINS|model=TITANV|evaluator=logistic_regression|metric=auroc,26321e4018bec7b80f2fe7ea7cc497139c83b44fb60df5128417623ad1f71a70,machine_parsed_single_primary_source,parsed_primary_source,Exact leaf result; protocol variants remain distinct and are not deduplicated by dataset name alone.
titan2025,titan_paper,Supplementary Table 43,ebrains-idh,EBRAINS IDH mutation,molecular_biomarker,IDH,slide,classification,795,slide_level_classification,balanced_accuracy,titan2025_frozen_logistic_regression,TITAN-V vision-only,titan-v-slide,github:mahmoodlab/TITAN@9e34c66ff66445c6c590da0dbf7acc103d39a40b,0.848,reported_error=0.0557,titan2025.ebrains-idh.ebrains-idh-mutation.titan2025-frozen-logistic-regression.balanced-accuracy,titan2025.ebrains-idh.ebrains-idh-mutation.titan2025-frozen-logistic-regression.balanced-accuracy,task.ebrains-idh.ebrains-idh-mutation,artifact.ebrains-idh,https://media.springernature.com/original/springer-static/esm/art%3A10.1038%2Fs41591-025-03982-3/MediaObjects/41591_2025_3982_MOESM1_ESM.pdf,paper=TITAN|supplementary_table=43|cohort=EBRAINS|model=TITANV|evaluator=logistic_regression|metric=balanced_accuracy,26321e4018bec7b80f2fe7ea7cc497139c83b44fb60df5128417623ad1f71a70,machine_parsed_single_primary_source,parsed_primary_source,Exact leaf result; protocol variants remain distinct and are not deduplicated by dataset name alone.
titan2025,titan_paper,Supplementary Table 43,ebrains-idh,EBRAINS IDH mutation,molecular_biomarker,IDH,slide,classification,795,slide_level_classification,balanced_accuracy,titan2025_frozen_simpleshot,TITAN-V vision-only,titan-v-slide,github:mahmoodlab/TITAN@9e34c66ff66445c6c590da0dbf7acc103d39a40b,0.874,reported_error=0.0034,titan2025.ebrains-idh.ebrains-idh-mutation.titan2025-frozen-simpleshot.balanced-accuracy,titan2025.ebrains-idh.ebrains-idh-mutation.titan2025-frozen-simpleshot.balanced-accuracy,task.ebrains-idh.ebrains-idh-mutation,artifact.ebrains-idh,https://media.springernature.com/original/springer-static/esm/art%3A10.1038%2Fs41591-025-03982-3/MediaObjects/41591_2025_3982_MOESM1_ESM.pdf,paper=TITAN|supplementary_table=43|cohort=EBRAINS|model=TITANV|evaluator=simpleshot|metric=balanced_accuracy,26321e4018bec7b80f2fe7ea7cc497139c83b44fb60df5128417623ad1f71a70,machine_parsed_single_primary_source,parsed_primary_source,Exact leaf result; protocol variants remain distinct and are not deduplicated by dataset name alone.
titan2025,titan_paper,Supplementary Table 43,ebrains-idh,EBRAINS IDH mutation,molecular_biomarker,IDH,slide,classification,795,slide_level_classification,weighted_f1,titan2025_frozen_simpleshot,TITAN-V vision-only,titan-v-slide,github:mahmoodlab/TITAN@9e34c66ff66445c6c590da0dbf7acc103d39a40b,0.875,reported_error=0.0019,titan2025.ebrains-idh.ebrains-idh-mutation.titan2025-frozen-simpleshot.weighted-f1,titan2025.ebrains-idh.ebrains-idh-mutation.titan2025-frozen-simpleshot.weighted-f1,task.ebrains-idh.ebrains-idh-mutation,artifact.ebrains-idh,https://media.springernature.com/original/springer-static/esm/art%3A10.1038%2Fs41591-025-03982-3/MediaObjects/41591_2025_3982_MOESM1_ESM.pdf,paper=TITAN|supplementary_table=43|cohort=EBRAINS|model=TITANV|evaluator=simpleshot|metric=weighted_f1,26321e4018bec7b80f2fe7ea7cc497139c83b44fb60df5128417623ad1f71a70,machine_parsed_single_primary_source,parsed_primary_source,Exact leaf result; protocol variants remain distinct and are not deduplicated by dataset name alone.
titan2025,titan_paper,Supplementary Table 43,ebrains-idh,EBRAINS IDH mutation,molecular_biomarker,IDH,slide,classification,795,slide_level_classification,balanced_accuracy,titan2025_frozen_20_nearest_neighbors,TITAN-V vision-only,titan-v-slide,github:mahmoodlab/TITAN@9e34c66ff66445c6c590da0dbf7acc103d39a40b,0.877,reported_error=0.0066,titan2025.ebrains-idh.ebrains-idh-mutation.titan2025-frozen-20-nearest-neighbors.balanced-accuracy,titan2025.ebrains-idh.ebrains-idh-mutation.titan2025-frozen-20-nearest-neighbors.balanced-accuracy,task.ebrains-idh.ebrains-idh-mutation,artifact.ebrains-idh,https://media.springernature.com/original/springer-static/esm/art%3A10.1038%2Fs41591-025-03982-3/MediaObjects/41591_2025_3982_MOESM1_ESM.pdf,paper=TITAN|supplementary_table=43|cohort=EBRAINS|model=TITANV|evaluator=20_nearest_neighbors|metric=balanced_accuracy,26321e4018bec7b80f2fe7ea7cc497139c83b44fb60df5128417623ad1f71a70,machine_parsed_single_primary_source,parsed_primary_source,Exact leaf result; protocol variants remain distinct and are not deduplicated by dataset name alone.
titan2025,titan_paper,Supplementary Table 43,ebrains-idh,EBRAINS IDH mutation,molecular_biomarker,IDH,slide,classification,795,slide_level_classification,weighted_f1,titan2025_frozen_20_nearest_neighbors,TITAN-V vision-only,titan-v-slide,github:mahmoodlab/TITAN@9e34c66ff66445c6c590da0dbf7acc103d39a40b,0.875,reported_error=0.0095,titan2025.ebrains-idh.ebrains-idh-mutation.titan2025-frozen-20-nearest-neighbors.weighted-f1,titan2025.ebrains-idh.ebrains-idh-mutation.titan2025-frozen-20-nearest-neighbors.weighted-f1,task.ebrains-idh.ebrains-idh-mutation,artifact.ebrains-idh,https://media.springernature.com/original/springer-static/esm/art%3A10.1038%2Fs41591-025-03982-3/MediaObjects/41591_2025_3982_MOESM1_ESM.pdf,paper=TITAN|supplementary_table=43|cohort=EBRAINS|model=TITANV|evaluator=20_nearest_neighbors|metric=weighted_f1,26321e4018bec7b80f2fe7ea7cc497139c83b44fb60df5128417623ad1f71a70,machine_parsed_single_primary_source,parsed_primary_source,Exact leaf result; protocol variants remain distinct and are not deduplicated by dataset name alone.
titan2025,titan_paper,Supplementary Table 43,ebrains-idh,EBRAINS IDH mutation,molecular_biomarker,IDH,slide,classification,795,slide_level_classification,auroc,titan2025_frozen_logistic_regression,TITAN vision-language,titan-slide,github:mahmoodlab/TITAN@9e34c66ff66445c6c590da0dbf7acc103d39a40b,0.960,reported_error=0.0026,titan2025.ebrains-idh.ebrains-idh-mutation.titan2025-frozen-logistic-regression.auroc,titan2025.ebrains-idh.ebrains-idh-mutation.titan2025-frozen-logistic-regression.auroc,task.ebrains-idh.ebrains-idh-mutation,artifact.ebrains-idh,https://media.springernature.com/original/springer-static/esm/art%3A10.1038%2Fs41591-025-03982-3/MediaObjects/41591_2025_3982_MOESM1_ESM.pdf,paper=TITAN|supplementary_table=43|cohort=EBRAINS|model=TITAN|evaluator=logistic_regression|metric=auroc,26321e4018bec7b80f2fe7ea7cc497139c83b44fb60df5128417623ad1f71a70,machine_parsed_single_primary_source,parsed_primary_source,Exact leaf result; protocol variants remain distinct and are not deduplicated by dataset name alone.
titan2025,titan_paper,Supplementary Table 43,ebrains-idh,EBRAINS IDH mutation,molecular_biomarker,IDH,slide,classification,795,slide_level_classification,balanced_accuracy,titan2025_frozen_logistic_regression,TITAN vision-language,titan-slide,github:mahmoodlab/TITAN@9e34c66ff66445c6c590da0dbf7acc103d39a40b,0.908,reported_error=0.0077,titan2025.ebrains-idh.ebrains-idh-mutation.titan2025-frozen-logistic-regression.balanced-accuracy,titan2025.ebrains-idh.ebrains-idh-mutation.titan2025-frozen-logistic-regression.balanced-accuracy,task.ebrains-idh.ebrains-idh-mutation,artifact.ebrains-idh,https://media.springernature.com/original/springer-static/esm/art%3A10.1038%2Fs41591-025-03982-3/MediaObjects/41591_2025_3982_MOESM1_ESM.pdf,paper=TITAN|supplementary_table=43|cohort=EBRAINS|model=TITAN|evaluator=logistic_regression|metric=balanced_accuracy,26321e4018bec7b80f2fe7ea7cc497139c83b44fb60df5128417623ad1f71a70,machine_parsed_single_primary_source,parsed_primary_source,Exact leaf result; protocol variants remain distinct and are not deduplicated by dataset name alone.
titan2025,titan_paper,Supplementary Table 43,ebrains-idh,EBRAINS IDH mutation,molecular_biomarker,IDH,slide,classification,795,slide_level_classification,balanced_accuracy,titan2025_frozen_simpleshot,TITAN vision-language,titan-slide,github:mahmoodlab/TITAN@9e34c66ff66445c6c590da0dbf7acc103d39a40b,0.883,reported_error=0.0023,titan2025.ebrains-idh.ebrains-idh-mutation.titan2025-frozen-simpleshot.balanced-accuracy,titan2025.ebrains-idh.ebrains-idh-mutation.titan2025-frozen-simpleshot.balanced-accuracy,task.ebrains-idh.ebrains-idh-mutation,artifact.ebrains-idh,https://media.springernature.com/original/springer-static/esm/art%3A10.1038%2Fs41591-025-03982-3/MediaObjects/41591_2025_3982_MOESM1_ESM.pdf,paper=TITAN|supplementary_table=43|cohort=EBRAINS|model=TITAN|evaluator=simpleshot|metric=balanced_accuracy,26321e4018bec7b80f2fe7ea7cc497139c83b44fb60df5128417623ad1f71a70,machine_parsed_single_primary_source,parsed_primary_source,Exact leaf result; protocol variants remain distinct and are not deduplicated by dataset name alone.
titan2025,titan_paper,Supplementary Table 43,ebrains-idh,EBRAINS IDH mutation,molecular_biomarker,IDH,slide,classification,795,slide_level_classification,weighted_f1,titan2025_frozen_simpleshot,TITAN vision-language,titan-slide,github:mahmoodlab/TITAN@9e34c66ff66445c6c590da0dbf7acc103d39a40b,0.881,reported_error=0.0053,titan2025.ebrains-idh.ebrains-idh-mutation.titan2025-frozen-simpleshot.weighted-f1,titan2025.ebrains-idh.ebrains-idh-mutation.titan2025-frozen-simpleshot.weighted-f1,task.ebrains-idh.ebrains-idh-mutation,artifact.ebrains-idh,https://media.springernature.com/original/springer-static/esm/art%3A10.1038%2Fs41591-025-03982-3/MediaObjects/41591_2025_3982_MOESM1_ESM.pdf,paper=TITAN|supplementary_table=43|cohort=EBRAINS|model=TITAN|evaluator=simpleshot|metric=weighted_f1,26321e4018bec7b80f2fe7ea7cc497139c83b44fb60df5128417623ad1f71a70,machine_parsed_single_primary_source,parsed_primary_source,Exact leaf result; protocol variants remain distinct and are not deduplicated by dataset name alone.
titan2025,titan_paper,Supplementary Table 43,ebrains-idh,EBRAINS IDH mutation,molecular_biomarker,IDH,slide,classification,795,slide_level_classification,balanced_accuracy,titan2025_frozen_20_nearest_neighbors,TITAN vision-language,titan-slide,github:mahmoodlab/TITAN@9e34c66ff66445c6c590da0dbf7acc103d39a40b,0.899,reported_error=0.0044,titan2025.ebrains-idh.ebrains-idh-mutation.titan2025-frozen-20-nearest-neighbors.balanced-accuracy,titan2025.ebrains-idh.ebrains-idh-mutation.titan2025-frozen-20-nearest-neighbors.balanced-accuracy,task.ebrains-idh.ebrains-idh-mutation,artifact.ebrains-idh,https://media.springernature.com/original/springer-static/esm/art%3A10.1038%2Fs41591-025-03982-3/MediaObjects/41591_2025_3982_MOESM1_ESM.pdf,paper=TITAN|supplementary_table=43|cohort=EBRAINS|model=TITAN|evaluator=20_nearest_neighbors|metric=balanced_accuracy,26321e4018bec7b80f2fe7ea7cc497139c83b44fb60df5128417623ad1f71a70,machine_parsed_single_primary_source,parsed_primary_source,Exact leaf result; protocol variants remain distinct and are not deduplicated by dataset name alone.
titan2025,titan_paper,Supplementary Table 43,ebrains-idh,EBRAINS IDH mutation,molecular_biomarker,IDH,slide,classification,795,slide_level_classification,weighted_f1,titan2025_frozen_20_nearest_neighbors,TITAN vision-language,titan-slide,github:mahmoodlab/TITAN@9e34c66ff66445c6c590da0dbf7acc103d39a40b,0.893,reported_error=0.0056,titan2025.ebrains-idh.ebrains-idh-mutation.titan2025-frozen-20-nearest-neighbors.weighted-f1,titan2025.ebrains-idh.ebrains-idh-mutation.titan2025-frozen-20-nearest-neighbors.weighted-f1,task.ebrains-idh.ebrains-idh-mutation,artifact.ebrains-idh,https://media.springernature.com/original/springer-static/esm/art%3A10.1038%2Fs41591-025-03982-3/MediaObjects/41591_2025_3982_MOESM1_ESM.pdf,paper=TITAN|supplementary_table=43|cohort=EBRAINS|model=TITAN|evaluator=20_nearest_neighbors|metric=weighted_f1,26321e4018bec7b80f2fe7ea7cc497139c83b44fb60df5128417623ad1f71a70,machine_parsed_single_primary_source,parsed_primary_source,Exact leaf result; protocol variants remain distinct and are not deduplicated by dataset name alone.
titan2025,titan_paper,Supplementary Table 44,tcga-brca,TCGA-BRCA ER status,molecular_biomarker,ER,patient,classification,937,slide_level_classification,auroc,titan2025_frozen_logistic_regression,TITAN-V vision-only,titan-v-slide,github:mahmoodlab/TITAN@9e34c66ff66445c6c590da0dbf7acc103d39a40b,0.882,reported_error=0.0678,titan2025.tcga-brca.tcga-brca-er-status.titan2025-frozen-logistic-regression.auroc,titan2025.tcga-brca.tcga-brca-er-status.titan2025-frozen-logistic-regression.auroc,task.tcga-brca.tcga-brca-er-status,artifact.tcga-brca,https://media.springernature.com/original/springer-static/esm/art%3A10.1038%2Fs41591-025-03982-3/MediaObjects/41591_2025_3982_MOESM1_ESM.pdf,paper=TITAN|supplementary_table=44|cohort=TCGA|model=TITANV|evaluator=logistic_regression|metric=auroc,26321e4018bec7b80f2fe7ea7cc497139c83b44fb60df5128417623ad1f71a70,machine_parsed_single_primary_source,parsed_primary_source,Exact leaf result; protocol variants remain distinct and are not deduplicated by dataset name alone.
titan2025,titan_paper,Supplementary Table 44,tcga-brca,TCGA-BRCA ER status,molecular_biomarker,ER,patient,classification,937,slide_level_classification,balanced_accuracy,titan2025_frozen_logistic_regression,TITAN-V vision-only,titan-v-slide,github:mahmoodlab/TITAN@9e34c66ff66445c6c590da0dbf7acc103d39a40b,0.782,reported_error=0.0486,titan2025.tcga-brca.tcga-brca-er-status.titan2025-frozen-logistic-regression.balanced-accuracy,titan2025.tcga-brca.tcga-brca-er-status.titan2025-frozen-logistic-regression.balanced-accuracy,task.tcga-brca.tcga-brca-er-status,artifact.tcga-brca,https://media.springernature.com/original/springer-static/esm/art%3A10.1038%2Fs41591-025-03982-3/MediaObjects/41591_2025_3982_MOESM1_ESM.pdf,paper=TITAN|supplementary_table=44|cohort=TCGA|model=TITANV|evaluator=logistic_regression|metric=balanced_accuracy,26321e4018bec7b80f2fe7ea7cc497139c83b44fb60df5128417623ad1f71a70,machine_parsed_single_primary_source,parsed_primary_source,Exact leaf result; protocol variants remain distinct and are not deduplicated by dataset name alone.
titan2025,titan_paper,Supplementary Table 44,tcga-brca,TCGA-BRCA ER status,molecular_biomarker,ER,patient,classification,937,slide_level_classification,balanced_accuracy,titan2025_frozen_simpleshot,TITAN-V vision-only,titan-v-slide,github:mahmoodlab/TITAN@9e34c66ff66445c6c590da0dbf7acc103d39a40b,0.815,reported_error=0.0763,titan2025.tcga-brca.tcga-brca-er-status.titan2025-frozen-simpleshot.balanced-accuracy,titan2025.tcga-brca.tcga-brca-er-status.titan2025-frozen-simpleshot.balanced-accuracy,task.tcga-brca.tcga-brca-er-status,artifact.tcga-brca,https://media.springernature.com/original/springer-static/esm/art%3A10.1038%2Fs41591-025-03982-3/MediaObjects/41591_2025_3982_MOESM1_ESM.pdf,paper=TITAN|supplementary_table=44|cohort=TCGA|model=TITANV|evaluator=simpleshot|metric=balanced_accuracy,26321e4018bec7b80f2fe7ea7cc497139c83b44fb60df5128417623ad1f71a70,machine_parsed_single_primary_source,parsed_primary_source,Exact leaf result; protocol variants remain distinct and are not deduplicated by dataset name alone.
titan2025,titan_paper,Supplementary Table 44,tcga-brca,TCGA-BRCA ER status,molecular_biomarker,ER,patient,classification,937,slide_level_classification,weighted_f1,titan2025_frozen_simpleshot,TITAN-V vision-only,titan-v-slide,github:mahmoodlab/TITAN@9e34c66ff66445c6c590da0dbf7acc103d39a40b,0.828,reported_error=0.0761,titan2025.tcga-brca.tcga-brca-er-status.titan2025-frozen-simpleshot.weighted-f1,titan2025.tcga-brca.tcga-brca-er-status.titan2025-frozen-simpleshot.weighted-f1,task.tcga-brca.tcga-brca-er-status,artifact.tcga-brca,https://media.springernature.com/original/springer-static/esm/art%3A10.1038%2Fs41591-025-03982-3/MediaObjects/41591_2025_3982_MOESM1_ESM.pdf,paper=TITAN|supplementary_table=44|cohort=TCGA|model=TITANV|evaluator=simpleshot|metric=weighted_f1,26321e4018bec7b80f2fe7ea7cc497139c83b44fb60df5128417623ad1f71a70,machine_parsed_single_primary_source,parsed_primary_source,Exact leaf result; protocol variants remain distinct and are not deduplicated by dataset name alone.
titan2025,titan_paper,Supplementary Table 44,tcga-brca,TCGA-BRCA ER status,molecular_biomarker,ER,patient,classification,937,slide_level_classification,balanced_accuracy,titan2025_frozen_20_nearest_neighbors,TITAN-V vision-only,titan-v-slide,github:mahmoodlab/TITAN@9e34c66ff66445c6c590da0dbf7acc103d39a40b,0.657,reported_error=0.0830,titan2025.tcga-brca.tcga-brca-er-status.titan2025-frozen-20-nearest-neighbors.balanced-accuracy,titan2025.tcga-brca.tcga-brca-er-status.titan2025-frozen-20-nearest-neighbors.balanced-accuracy,task.tcga-brca.tcga-brca-er-status,artifact.tcga-brca,https://media.springernature.com/original/springer-static/esm/art%3A10.1038%2Fs41591-025-03982-3/MediaObjects/41591_2025_3982_MOESM1_ESM.pdf,paper=TITAN|supplementary_table=44|cohort=TCGA|model=TITANV|evaluator=20_nearest_neighbors|metric=balanced_accuracy,26321e4018bec7b80f2fe7ea7cc497139c83b44fb60df5128417623ad1f71a70,machine_parsed_single_primary_source,parsed_primary_source,Exact leaf result; protocol variants remain distinct and are not deduplicated by dataset name alone.
titan2025,titan_paper,Supplementary Table 44,tcga-brca,TCGA-BRCA ER status,molecular_biomarker,ER,patient,classification,937,slide_level_classification,weighted_f1,titan2025_frozen_20_nearest_neighbors,TITAN-V vision-only,titan-v-slide,github:mahmoodlab/TITAN@9e34c66ff66445c6c590da0dbf7acc103d39a40b,0.727,reported_error=0.0390,titan2025.tcga-brca.tcga-brca-er-status.titan2025-frozen-20-nearest-neighbors.weighted-f1,titan2025.tcga-brca.tcga-brca-er-status.titan2025-frozen-20-nearest-neighbors.weighted-f1,task.tcga-brca.tcga-brca-er-status,artifact.tcga-brca,https://media.springernature.com/original/springer-static/esm/art%3A10.1038%2Fs41591-025-03982-3/MediaObjects/41591_2025_3982_MOESM1_ESM.pdf,paper=TITAN|supplementary_table=44|cohort=TCGA|model=TITANV|evaluator=20_nearest_neighbors|metric=weighted_f1,26321e4018bec7b80f2fe7ea7cc497139c83b44fb60df5128417623ad1f71a70,machine_parsed_single_primary_source,parsed_primary_source,Exact leaf result; protocol variants remain distinct and are not deduplicated by dataset name alone.
titan2025,titan_paper,Supplementary Table 44,tcga-brca,TCGA-BRCA ER status,molecular_biomarker,ER,patient,classification,937,slide_level_classification,auroc,titan2025_frozen_logistic_regression,TITAN vision-language,titan-slide,github:mahmoodlab/TITAN@9e34c66ff66445c6c590da0dbf7acc103d39a40b,0.878,reported_error=0.0675,titan2025.tcga-brca.tcga-brca-er-status.titan2025-frozen-logistic-regression.auroc,titan2025.tcga-brca.tcga-brca-er-status.titan2025-frozen-logistic-regression.auroc,task.tcga-brca.tcga-brca-er-status,artifact.tcga-brca,https://media.springernature.com/original/springer-static/esm/art%3A10.1038%2Fs41591-025-03982-3/MediaObjects/41591_2025_3982_MOESM1_ESM.pdf,paper=TITAN|supplementary_table=44|cohort=TCGA|model=TITAN|evaluator=logistic_regression|metric=auroc,26321e4018bec7b80f2fe7ea7cc497139c83b44fb60df5128417623ad1f71a70,machine_parsed_single_primary_source,parsed_primary_source,Exact leaf result; protocol variants remain distinct and are not deduplicated by dataset name alone.
titan2025,titan_paper,Supplementary Table 44,tcga-brca,TCGA-BRCA ER status,molecular_biomarker,ER,patient,classification,937,slide_level_classification,balanced_accuracy,titan2025_frozen_logistic_regression,TITAN vision-language,titan-slide,github:mahmoodlab/TITAN@9e34c66ff66445c6c590da0dbf7acc103d39a40b,0.772,reported_error=0.0656,titan2025.tcga-brca.tcga-brca-er-status.titan2025-frozen-logistic-regression.balanced-accuracy,titan2025.tcga-brca.tcga-brca-er-status.titan2025-frozen-logistic-regression.balanced-accuracy,task.tcga-brca.tcga-brca-er-status,artifact.tcga-brca,https://media.springernature.com/original/springer-static/esm/art%3A10.1038%2Fs41591-025-03982-3/MediaObjects/41591_2025_3982_MOESM1_ESM.pdf,paper=TITAN|supplementary_table=44|cohort=TCGA|model=TITAN|evaluator=logistic_regression|metric=balanced_accuracy,26321e4018bec7b80f2fe7ea7cc497139c83b44fb60df5128417623ad1f71a70,machine_parsed_single_primary_source,parsed_primary_source,Exact leaf result; protocol variants remain distinct and are not deduplicated by dataset name alone.
titan2025,titan_paper,Supplementary Table 44,tcga-brca,TCGA-BRCA ER status,molecular_biomarker,ER,patient,classification,937,slide_level_classification,balanced_accuracy,titan2025_frozen_simpleshot,TITAN vision-language,titan-slide,github:mahmoodlab/TITAN@9e34c66ff66445c6c590da0dbf7acc103d39a40b,0.814,reported_error=0.0605,titan2025.tcga-brca.tcga-brca-er-status.titan2025-frozen-simpleshot.balanced-accuracy,titan2025.tcga-brca.tcga-brca-er-status.titan2025-frozen-simpleshot.balanced-accuracy,task.tcga-brca.tcga-brca-er-status,artifact.tcga-brca,https://media.springernature.com/original/springer-static/esm/art%3A10.1038%2Fs41591-025-03982-3/MediaObjects/41591_2025_3982_MOESM1_ESM.pdf,paper=TITAN|supplementary_table=44|cohort=TCGA|model=TITAN|evaluator=simpleshot|metric=balanced_accuracy,26321e4018bec7b80f2fe7ea7cc497139c83b44fb60df5128417623ad1f71a70,machine_parsed_single_primary_source,parsed_primary_source,Exact leaf result; protocol variants remain distinct and are not deduplicated by dataset name alone.
titan2025,titan_paper,Supplementary Table 44,tcga-brca,TCGA-BRCA ER status,molecular_biomarker,ER,patient,classification,937,slide_level_classification,weighted_f1,titan2025_frozen_simpleshot,TITAN vision-language,titan-slide,github:mahmoodlab/TITAN@9e34c66ff66445c6c590da0dbf7acc103d39a40b,0.813,reported_error=0.0588,titan2025.tcga-brca.tcga-brca-er-status.titan2025-frozen-simpleshot.weighted-f1,titan2025.tcga-brca.tcga-brca-er-status.titan2025-frozen-simpleshot.weighted-f1,task.tcga-brca.tcga-brca-er-status,artifact.tcga-brca,https://media.springernature.com/original/springer-static/esm/art%3A10.1038%2Fs41591-025-03982-3/MediaObjects/41591_2025_3982_MOESM1_ESM.pdf,paper=TITAN|supplementary_table=44|cohort=TCGA|model=TITAN|evaluator=simpleshot|metric=weighted_f1,26321e4018bec7b80f2fe7ea7cc497139c83b44fb60df5128417623ad1f71a70,machine_parsed_single_primary_source,parsed_primary_source,Exact leaf result; protocol variants remain distinct and are not deduplicated by dataset name alone.
titan2025,titan_paper,Supplementary Table 44,tcga-brca,TCGA-BRCA ER status,molecular_biomarker,ER,patient,classification,937,slide_level_classification,balanced_accuracy,titan2025_frozen_20_nearest_neighbors,TITAN vision-language,titan-slide,github:mahmoodlab/TITAN@9e34c66ff66445c6c590da0dbf7acc103d39a40b,0.759,reported_error=0.0206,titan2025.tcga-brca.tcga-brca-er-status.titan2025-frozen-20-nearest-neighbors.balanced-accuracy,titan2025.tcga-brca.tcga-brca-er-status.titan2025-frozen-20-nearest-neighbors.balanced-accuracy,task.tcga-brca.tcga-brca-er-status,artifact.tcga-brca,https://media.springernature.com/original/springer-static/esm/art%3A10.1038%2Fs41591-025-03982-3/MediaObjects/41591_2025_3982_MOESM1_ESM.pdf,paper=TITAN|supplementary_table=44|cohort=TCGA|model=TITAN|evaluator=20_nearest_neighbors|metric=balanced_accuracy,26321e4018bec7b80f2fe7ea7cc497139c83b44fb60df5128417623ad1f71a70,machine_parsed_single_primary_source,parsed_primary_source,Exact leaf result; protocol variants remain distinct and are not deduplicated by dataset name alone.
titan2025,titan_paper,Supplementary Table 44,tcga-brca,TCGA-BRCA ER status,molecular_biomarker,ER,patient,classification,937,slide_level_classification,weighted_f1,titan2025_frozen_20_nearest_neighbors,TITAN vision-language,titan-slide,github:mahmoodlab/TITAN@9e34c66ff66445c6c590da0dbf7acc103d39a40b,0.718,reported_error=0.0446,titan2025.tcga-brca.tcga-brca-er-status.titan2025-frozen-20-nearest-neighbors.weighted-f1,titan2025.tcga-brca.tcga-brca-er-status.titan2025-frozen-20-nearest-neighbors.weighted-f1,task.tcga-brca.tcga-brca-er-status,artifact.tcga-brca,https://media.springernature.com/original/springer-static/esm/art%3A10.1038%2Fs41591-025-03982-3/MediaObjects/41591_2025_3982_MOESM1_ESM.pdf,paper=TITAN|supplementary_table=44|cohort=TCGA|model=TITAN|evaluator=20_nearest_neighbors|metric=weighted_f1,26321e4018bec7b80f2fe7ea7cc497139c83b44fb60df5128417623ad1f71a70,machine_parsed_single_primary_source,parsed_primary_source,Exact leaf result; protocol variants remain distinct and are not deduplicated by dataset name alone.
titan2025,titan_paper,Supplementary Table 44,cptac-brca,CPTAC-BRCA ER status,molecular_biomarker,ER,patient,classification,102,slide_level_classification,auroc,titan2025_frozen_logistic_regression,TITAN-V vision-only,titan-v-slide,github:mahmoodlab/TITAN@9e34c66ff66445c6c590da0dbf7acc103d39a40b,0.832,reported_error=0.0249,titan2025.cptac-brca.cptac-brca-er-status.titan2025-frozen-logistic-regression.auroc,titan2025.cptac-brca.cptac-brca-er-status.titan2025-frozen-logistic-regression.auroc,task.cptac-brca.cptac-brca-er-status,artifact.cptac-brca,https://media.springernature.com/original/springer-static/esm/art%3A10.1038%2Fs41591-025-03982-3/MediaObjects/41591_2025_3982_MOESM1_ESM.pdf,paper=TITAN|supplementary_table=44|cohort=CPTAC|model=TITANV|evaluator=logistic_regression|metric=auroc,26321e4018bec7b80f2fe7ea7cc497139c83b44fb60df5128417623ad1f71a70,machine_parsed_single_primary_source,parsed_primary_source,Exact leaf result; protocol variants remain distinct and are not deduplicated by dataset name alone.
titan2025,titan_paper,Supplementary Table 44,cptac-brca,CPTAC-BRCA ER status,molecular_biomarker,ER,patient,classification,102,slide_level_classification,balanced_accuracy,titan2025_frozen_logistic_regression,TITAN-V vision-only,titan-v-slide,github:mahmoodlab/TITAN@9e34c66ff66445c6c590da0dbf7acc103d39a40b,0.685,reported_error=0.0548,titan2025.cptac-brca.cptac-brca-er-status.titan2025-frozen-logistic-regression.balanced-accuracy,titan2025.cptac-brca.cptac-brca-er-status.titan2025-frozen-logistic-regression.balanced-accuracy,task.cptac-brca.cptac-brca-er-status,artifact.cptac-brca,https://media.springernature.com/original/springer-static/esm/art%3A10.1038%2Fs41591-025-03982-3/MediaObjects/41591_2025_3982_MOESM1_ESM.pdf,paper=TITAN|supplementary_table=44|cohort=CPTAC|model=TITANV|evaluator=logistic_regression|metric=balanced_accuracy,26321e4018bec7b80f2fe7ea7cc497139c83b44fb60df5128417623ad1f71a70,machine_parsed_single_primary_source,parsed_primary_source,Exact leaf result; protocol variants remain distinct and are not deduplicated by dataset name alone.
titan2025,titan_paper,Supplementary Table 44,cptac-brca,CPTAC-BRCA ER status,molecular_biomarker,ER,patient,classification,102,slide_level_classification,balanced_accuracy,titan2025_frozen_simpleshot,TITAN-V vision-only,titan-v-slide,github:mahmoodlab/TITAN@9e34c66ff66445c6c590da0dbf7acc103d39a40b,0.670,reported_error=0.0182,titan2025.cptac-brca.cptac-brca-er-status.titan2025-frozen-simpleshot.balanced-accuracy,titan2025.cptac-brca.cptac-brca-er-status.titan2025-frozen-simpleshot.balanced-accuracy,task.cptac-brca.cptac-brca-er-status,artifact.cptac-brca,https://media.springernature.com/original/springer-static/esm/art%3A10.1038%2Fs41591-025-03982-3/MediaObjects/41591_2025_3982_MOESM1_ESM.pdf,paper=TITAN|supplementary_table=44|cohort=CPTAC|model=TITANV|evaluator=simpleshot|metric=balanced_accuracy,26321e4018bec7b80f2fe7ea7cc497139c83b44fb60df5128417623ad1f71a70,machine_parsed_single_primary_source,parsed_primary_source,Exact leaf result; protocol variants remain distinct and are not deduplicated by dataset name alone.
titan2025,titan_paper,Supplementary Table 44,cptac-brca,CPTAC-BRCA ER status,molecular_biomarker,ER,patient,classification,102,slide_level_classification,weighted_f1,titan2025_frozen_simpleshot,TITAN-V vision-only,titan-v-slide,github:mahmoodlab/TITAN@9e34c66ff66445c6c590da0dbf7acc103d39a40b,0.541,reported_error=0.0310,titan2025.cptac-brca.cptac-brca-er-status.titan2025-frozen-simpleshot.weighted-f1,titan2025.cptac-brca.cptac-brca-er-status.titan2025-frozen-simpleshot.weighted-f1,task.cptac-brca.cptac-brca-er-status,artifact.cptac-brca,https://media.springernature.com/original/springer-static/esm/art%3A10.1038%2Fs41591-025-03982-3/MediaObjects/41591_2025_3982_MOESM1_ESM.pdf,paper=TITAN|supplementary_table=44|cohort=CPTAC|model=TITANV|evaluator=simpleshot|metric=weighted_f1,26321e4018bec7b80f2fe7ea7cc497139c83b44fb60df5128417623ad1f71a70,machine_parsed_single_primary_source,parsed_primary_source,Exact leaf result; protocol variants remain distinct and are not deduplicated by dataset name alone.
titan2025,titan_paper,Supplementary Table 44,cptac-brca,CPTAC-BRCA ER status,molecular_biomarker,ER,patient,classification,102,slide_level_classification,balanced_accuracy,titan2025_frozen_20_nearest_neighbors,TITAN-V vision-only,titan-v-slide,github:mahmoodlab/TITAN@9e34c66ff66445c6c590da0dbf7acc103d39a40b,0.591,reported_error=0.0266,titan2025.cptac-brca.cptac-brca-er-status.titan2025-frozen-20-nearest-neighbors.balanced-accuracy,titan2025.cptac-brca.cptac-brca-er-status.titan2025-frozen-20-nearest-neighbors.balanced-accuracy,task.cptac-brca.cptac-brca-er-status,artifact.cptac-brca,https://media.springernature.com/original/springer-static/esm/art%3A10.1038%2Fs41591-025-03982-3/MediaObjects/41591_2025_3982_MOESM1_ESM.pdf,paper=TITAN|supplementary_table=44|cohort=CPTAC|model=TITANV|evaluator=20_nearest_neighbors|metric=balanced_accuracy,26321e4018bec7b80f2fe7ea7cc497139c83b44fb60df5128417623ad1f71a70,machine_parsed_single_primary_source,parsed_primary_source,Exact leaf result; protocol variants remain distinct and are not deduplicated by dataset name alone.
titan2025,titan_paper,Supplementary Table 44,cptac-brca,CPTAC-BRCA ER status,molecular_biomarker,ER,patient,classification,102,slide_level_classification,weighted_f1,titan2025_frozen_20_nearest_neighbors,TITAN-V vision-only,titan-v-slide,github:mahmoodlab/TITAN@9e34c66ff66445c6c590da0dbf7acc103d39a40b,0.699,reported_error=0.0252,titan2025.cptac-brca.cptac-brca-er-status.titan2025-frozen-20-nearest-neighbors.weighted-f1,titan2025.cptac-brca.cptac-brca-er-status.titan2025-frozen-20-nearest-neighbors.weighted-f1,task.cptac-brca.cptac-brca-er-status,artifact.cptac-brca,https://media.springernature.com/original/springer-static/esm/art%3A10.1038%2Fs41591-025-03982-3/MediaObjects/41591_2025_3982_MOESM1_ESM.pdf,paper=TITAN|supplementary_table=44|cohort=CPTAC|model=TITANV|evaluator=20_nearest_neighbors|metric=weighted_f1,26321e4018bec7b80f2fe7ea7cc497139c83b44fb60df5128417623ad1f71a70,machine_parsed_single_primary_source,parsed_primary_source,Exact leaf result; protocol variants remain distinct and are not deduplicated by dataset name alone.
titan2025,titan_paper,Supplementary Table 44,cptac-brca,CPTAC-BRCA ER status,molecular_biomarker,ER,patient,classification,102,slide_level_classification,auroc,titan2025_frozen_logistic_regression,TITAN vision-language,titan-slide,github:mahmoodlab/TITAN@9e34c66ff66445c6c590da0dbf7acc103d39a40b,0.838,reported_error=0.0284,titan2025.cptac-brca.cptac-brca-er-status.titan2025-frozen-logistic-regression.auroc,titan2025.cptac-brca.cptac-brca-er-status.titan2025-frozen-logistic-regression.auroc,task.cptac-brca.cptac-brca-er-status,artifact.cptac-brca,https://media.springernature.com/original/springer-static/esm/art%3A10.1038%2Fs41591-025-03982-3/MediaObjects/41591_2025_3982_MOESM1_ESM.pdf,paper=TITAN|supplementary_table=44|cohort=CPTAC|model=TITAN|evaluator=logistic_regression|metric=auroc,26321e4018bec7b80f2fe7ea7cc497139c83b44fb60df5128417623ad1f71a70,machine_parsed_single_primary_source,parsed_primary_source,Exact leaf result; protocol variants remain distinct and are not deduplicated by dataset name alone.
titan2025,titan_paper,Supplementary Table 44,cptac-brca,CPTAC-BRCA ER status,molecular_biomarker,ER,patient,classification,102,slide_level_classification,balanced_accuracy,titan2025_frozen_logistic_regression,TITAN vision-language,titan-slide,github:mahmoodlab/TITAN@9e34c66ff66445c6c590da0dbf7acc103d39a40b,0.735,reported_error=0.0315,titan2025.cptac-brca.cptac-brca-er-status.titan2025-frozen-logistic-regression.balanced-accuracy,titan2025.cptac-brca.cptac-brca-er-status.titan2025-frozen-logistic-regression.balanced-accuracy,task.cptac-brca.cptac-brca-er-status,artifact.cptac-brca,https://media.springernature.com/original/springer-static/esm/art%3A10.1038%2Fs41591-025-03982-3/MediaObjects/41591_2025_3982_MOESM1_ESM.pdf,paper=TITAN|supplementary_table=44|cohort=CPTAC|model=TITAN|evaluator=logistic_regression|metric=balanced_accuracy,26321e4018bec7b80f2fe7ea7cc497139c83b44fb60df5128417623ad1f71a70,machine_parsed_single_primary_source,parsed_primary_source,Exact leaf result; protocol variants remain distinct and are not deduplicated by dataset name alone.
titan2025,titan_paper,Supplementary Table 44,cptac-brca,CPTAC-BRCA ER status,molecular_biomarker,ER,patient,classification,102,slide_level_classification,balanced_accuracy,titan2025_frozen_simpleshot,TITAN vision-language,titan-slide,github:mahmoodlab/TITAN@9e34c66ff66445c6c590da0dbf7acc103d39a40b,0.690,reported_error=0.0109,titan2025.cptac-brca.cptac-brca-er-status.titan2025-frozen-simpleshot.balanced-accuracy,titan2025.cptac-brca.cptac-brca-er-status.titan2025-frozen-simpleshot.balanced-accuracy,task.cptac-brca.cptac-brca-er-status,artifact.cptac-brca,https://media.springernature.com/original/springer-static/esm/art%3A10.1038%2Fs41591-025-03982-3/MediaObjects/41591_2025_3982_MOESM1_ESM.pdf,paper=TITAN|supplementary_table=44|cohort=CPTAC|model=TITAN|evaluator=simpleshot|metric=balanced_accuracy,26321e4018bec7b80f2fe7ea7cc497139c83b44fb60df5128417623ad1f71a70,machine_parsed_single_primary_source,parsed_primary_source,Exact leaf result; protocol variants remain distinct and are not deduplicated by dataset name alone.
titan2025,titan_paper,Supplementary Table 44,cptac-brca,CPTAC-BRCA ER status,molecular_biomarker,ER,patient,classification,102,slide_level_classification,weighted_f1,titan2025_frozen_simpleshot,TITAN vision-language,titan-slide,github:mahmoodlab/TITAN@9e34c66ff66445c6c590da0dbf7acc103d39a40b,0.571,reported_error=0.0241,titan2025.cptac-brca.cptac-brca-er-status.titan2025-frozen-simpleshot.weighted-f1,titan2025.cptac-brca.cptac-brca-er-status.titan2025-frozen-simpleshot.weighted-f1,task.cptac-brca.cptac-brca-er-status,artifact.cptac-brca,https://media.springernature.com/original/springer-static/esm/art%3A10.1038%2Fs41591-025-03982-3/MediaObjects/41591_2025_3982_MOESM1_ESM.pdf,paper=TITAN|supplementary_table=44|cohort=CPTAC|model=TITAN|evaluator=simpleshot|metric=weighted_f1,26321e4018bec7b80f2fe7ea7cc497139c83b44fb60df5128417623ad1f71a70,machine_parsed_single_primary_source,parsed_primary_source,Exact leaf result; protocol variants remain distinct and are not deduplicated by dataset name alone.
titan2025,titan_paper,Supplementary Table 44,cptac-brca,CPTAC-BRCA ER status,molecular_biomarker,ER,patient,classification,102,slide_level_classification,balanced_accuracy,titan2025_frozen_20_nearest_neighbors,TITAN vision-language,titan-slide,github:mahmoodlab/TITAN@9e34c66ff66445c6c590da0dbf7acc103d39a40b,0.776,reported_error=0.0167,titan2025.cptac-brca.cptac-brca-er-status.titan2025-frozen-20-nearest-neighbors.balanced-accuracy,titan2025.cptac-brca.cptac-brca-er-status.titan2025-frozen-20-nearest-neighbors.balanced-accuracy,task.cptac-brca.cptac-brca-er-status,artifact.cptac-brca,https://media.springernature.com/original/springer-static/esm/art%3A10.1038%2Fs41591-025-03982-3/MediaObjects/41591_2025_3982_MOESM1_ESM.pdf,paper=TITAN|supplementary_table=44|cohort=CPTAC|model=TITAN|evaluator=20_nearest_neighbors|metric=balanced_accuracy,26321e4018bec7b80f2fe7ea7cc497139c83b44fb60df5128417623ad1f71a70,machine_parsed_single_primary_source,parsed_primary_source,Exact leaf result; protocol variants remain distinct and are not deduplicated by dataset name alone.
titan2025,titan_paper,Supplementary Table 44,cptac-brca,CPTAC-BRCA ER status,molecular_biomarker,ER,patient,classification,102,slide_level_classification,weighted_f1,titan2025_frozen_20_nearest_neighbors,TITAN vision-language,titan-slide,github:mahmoodlab/TITAN@9e34c66ff66445c6c590da0dbf7acc103d39a40b,0.757,reported_error=0.0082,titan2025.cptac-brca.cptac-brca-er-status.titan2025-frozen-20-nearest-neighbors.weighted-f1,titan2025.cptac-brca.cptac-brca-er-status.titan2025-frozen-20-nearest-neighbors.weighted-f1,task.cptac-brca.cptac-brca-er-status,artifact.cptac-brca,https://media.springernature.com/original/springer-static/esm/art%3A10.1038%2Fs41591-025-03982-3/MediaObjects/41591_2025_3982_MOESM1_ESM.pdf,paper=TITAN|supplementary_table=44|cohort=CPTAC|model=TITAN|evaluator=20_nearest_neighbors|metric=weighted_f1,26321e4018bec7b80f2fe7ea7cc497139c83b44fb60df5128417623ad1f71a70,machine_parsed_single_primary_source,parsed_primary_source,Exact leaf result; protocol variants remain distinct and are not deduplicated by dataset name alone.
titan2025,titan_paper,Supplementary Table 45,tcga-brca,TCGA-BRCA PR status,molecular_biomarker,PR,patient,classification,934,slide_level_classification,auroc,titan2025_frozen_logistic_regression,TITAN-V vision-only,titan-v-slide,github:mahmoodlab/TITAN@9e34c66ff66445c6c590da0dbf7acc103d39a40b,0.802,reported_error=0.0436,titan2025.tcga-brca.tcga-brca-pr-status.titan2025-frozen-logistic-regression.auroc,titan2025.tcga-brca.tcga-brca-pr-status.titan2025-frozen-logistic-regression.auroc,task.tcga-brca.tcga-brca-pr-status,artifact.tcga-brca,https://media.springernature.com/original/springer-static/esm/art%3A10.1038%2Fs41591-025-03982-3/MediaObjects/41591_2025_3982_MOESM1_ESM.pdf,paper=TITAN|supplementary_table=45|cohort=TCGA|model=TITANV|evaluator=logistic_regression|metric=auroc,26321e4018bec7b80f2fe7ea7cc497139c83b44fb60df5128417623ad1f71a70,machine_parsed_single_primary_source,parsed_primary_source,Exact leaf result; protocol variants remain distinct and are not deduplicated by dataset name alone.
titan2025,titan_paper,Supplementary Table 45,tcga-brca,TCGA-BRCA PR status,molecular_biomarker,PR,patient,classification,934,slide_level_classification,balanced_accuracy,titan2025_frozen_logistic_regression,TITAN-V vision-only,titan-v-slide,github:mahmoodlab/TITAN@9e34c66ff66445c6c590da0dbf7acc103d39a40b,0.727,reported_error=0.0368,titan2025.tcga-brca.tcga-brca-pr-status.titan2025-frozen-logistic-regression.balanced-accuracy,titan2025.tcga-brca.tcga-brca-pr-status.titan2025-frozen-logistic-regression.balanced-accuracy,task.tcga-brca.tcga-brca-pr-status,artifact.tcga-brca,https://media.springernature.com/original/springer-static/esm/art%3A10.1038%2Fs41591-025-03982-3/MediaObjects/41591_2025_3982_MOESM1_ESM.pdf,paper=TITAN|supplementary_table=45|cohort=TCGA|model=TITANV|evaluator=logistic_regression|metric=balanced_accuracy,26321e4018bec7b80f2fe7ea7cc497139c83b44fb60df5128417623ad1f71a70,machine_parsed_single_primary_source,parsed_primary_source,Exact leaf result; protocol variants remain distinct and are not deduplicated by dataset name alone.
titan2025,titan_paper,Supplementary Table 45,tcga-brca,TCGA-BRCA PR status,molecular_biomarker,PR,patient,classification,934,slide_level_classification,balanced_accuracy,titan2025_frozen_simpleshot,TITAN-V vision-only,titan-v-slide,github:mahmoodlab/TITAN@9e34c66ff66445c6c590da0dbf7acc103d39a40b,0.735,reported_error=0.0631,titan2025.tcga-brca.tcga-brca-pr-status.titan2025-frozen-simpleshot.balanced-accuracy,titan2025.tcga-brca.tcga-brca-pr-status.titan2025-frozen-simpleshot.balanced-accuracy,task.tcga-brca.tcga-brca-pr-status,artifact.tcga-brca,https://media.springernature.com/original/springer-static/esm/art%3A10.1038%2Fs41591-025-03982-3/MediaObjects/41591_2025_3982_MOESM1_ESM.pdf,paper=TITAN|supplementary_table=45|cohort=TCGA|model=TITANV|evaluator=simpleshot|metric=balanced_accuracy,26321e4018bec7b80f2fe7ea7cc497139c83b44fb60df5128417623ad1f71a70,machine_parsed_single_primary_source,parsed_primary_source,Exact leaf result; protocol variants remain distinct and are not deduplicated by dataset name alone.
titan2025,titan_paper,Supplementary Table 45,tcga-brca,TCGA-BRCA PR status,molecular_biomarker,PR,patient,classification,934,slide_level_classification,weighted_f1,titan2025_frozen_simpleshot,TITAN-V vision-only,titan-v-slide,github:mahmoodlab/TITAN@9e34c66ff66445c6c590da0dbf7acc103d39a40b,0.752,reported_error=0.0824,titan2025.tcga-brca.tcga-brca-pr-status.titan2025-frozen-simpleshot.weighted-f1,titan2025.tcga-brca.tcga-brca-pr-status.titan2025-frozen-simpleshot.weighted-f1,task.tcga-brca.tcga-brca-pr-status,artifact.tcga-brca,https://media.springernature.com/original/springer-static/esm/art%3A10.1038%2Fs41591-025-03982-3/MediaObjects/41591_2025_3982_MOESM1_ESM.pdf,paper=TITAN|supplementary_table=45|cohort=TCGA|model=TITANV|evaluator=simpleshot|metric=weighted_f1,26321e4018bec7b80f2fe7ea7cc497139c83b44fb60df5128417623ad1f71a70,machine_parsed_single_primary_source,parsed_primary_source,Exact leaf result; protocol variants remain distinct and are not deduplicated by dataset name alone.
titan2025,titan_paper,Supplementary Table 45,tcga-brca,TCGA-BRCA PR status,molecular_biomarker,PR,patient,classification,934,slide_level_classification,balanced_accuracy,titan2025_frozen_20_nearest_neighbors,TITAN-V vision-only,titan-v-slide,github:mahmoodlab/TITAN@9e34c66ff66445c6c590da0dbf7acc103d39a40b,0.630,reported_error=0.0334,titan2025.tcga-brca.tcga-brca-pr-status.titan2025-frozen-20-nearest-neighbors.balanced-accuracy,titan2025.tcga-brca.tcga-brca-pr-status.titan2025-frozen-20-nearest-neighbors.balanced-accuracy,task.tcga-brca.tcga-brca-pr-status,artifact.tcga-brca,https://media.springernature.com/original/springer-static/esm/art%3A10.1038%2Fs41591-025-03982-3/MediaObjects/41591_2025_3982_MOESM1_ESM.pdf,paper=TITAN|supplementary_table=45|cohort=TCGA|model=TITANV|evaluator=20_nearest_neighbors|metric=balanced_accuracy,26321e4018bec7b80f2fe7ea7cc497139c83b44fb60df5128417623ad1f71a70,machine_parsed_single_primary_source,parsed_primary_source,Exact leaf result; protocol variants remain distinct and are not deduplicated by dataset name alone.
titan2025,titan_paper,Supplementary Table 45,tcga-brca,TCGA-BRCA PR status,molecular_biomarker,PR,patient,classification,934,slide_level_classification,weighted_f1,titan2025_frozen_20_nearest_neighbors,TITAN-V vision-only,titan-v-slide,github:mahmoodlab/TITAN@9e34c66ff66445c6c590da0dbf7acc103d39a40b,0.646,reported_error=0.0251,titan2025.tcga-brca.tcga-brca-pr-status.titan2025-frozen-20-nearest-neighbors.weighted-f1,titan2025.tcga-brca.tcga-brca-pr-status.titan2025-frozen-20-nearest-neighbors.weighted-f1,task.tcga-brca.tcga-brca-pr-status,artifact.tcga-brca,https://media.springernature.com/original/springer-static/esm/art%3A10.1038%2Fs41591-025-03982-3/MediaObjects/41591_2025_3982_MOESM1_ESM.pdf,paper=TITAN|supplementary_table=45|cohort=TCGA|model=TITANV|evaluator=20_nearest_neighbors|metric=weighted_f1,26321e4018bec7b80f2fe7ea7cc497139c83b44fb60df5128417623ad1f71a70,machine_parsed_single_primary_source,parsed_primary_source,Exact leaf result; protocol variants remain distinct and are not deduplicated by dataset name alone.
titan2025,titan_paper,Supplementary Table 45,tcga-brca,TCGA-BRCA PR status,molecular_biomarker,PR,patient,classification,934,slide_level_classification,auroc,titan2025_frozen_logistic_regression,TITAN vision-language,titan-slide,github:mahmoodlab/TITAN@9e34c66ff66445c6c590da0dbf7acc103d39a40b,0.785,reported_error=0.0609,titan2025.tcga-brca.tcga-brca-pr-status.titan2025-frozen-logistic-regression.auroc,titan2025.tcga-brca.tcga-brca-pr-status.titan2025-frozen-logistic-regression.auroc,task.tcga-brca.tcga-brca-pr-status,artifact.tcga-brca,https://media.springernature.com/original/springer-static/esm/art%3A10.1038%2Fs41591-025-03982-3/MediaObjects/41591_2025_3982_MOESM1_ESM.pdf,paper=TITAN|supplementary_table=45|cohort=TCGA|model=TITAN|evaluator=logistic_regression|metric=auroc,26321e4018bec7b80f2fe7ea7cc497139c83b44fb60df5128417623ad1f71a70,machine_parsed_single_primary_source,parsed_primary_source,Exact leaf result; protocol variants remain distinct and are not deduplicated by dataset name alone.
titan2025,titan_paper,Supplementary Table 45,tcga-brca,TCGA-BRCA PR status,molecular_biomarker,PR,patient,classification,934,slide_level_classification,balanced_accuracy,titan2025_frozen_logistic_regression,TITAN vision-language,titan-slide,github:mahmoodlab/TITAN@9e34c66ff66445c6c590da0dbf7acc103d39a40b,0.703,reported_error=0.0335,titan2025.tcga-brca.tcga-brca-pr-status.titan2025-frozen-logistic-regression.balanced-accuracy,titan2025.tcga-brca.tcga-brca-pr-status.titan2025-frozen-logistic-regression.balanced-accuracy,task.tcga-brca.tcga-brca-pr-status,artifact.tcga-brca,https://media.springernature.com/original/springer-static/esm/art%3A10.1038%2Fs41591-025-03982-3/MediaObjects/41591_2025_3982_MOESM1_ESM.pdf,paper=TITAN|supplementary_table=45|cohort=TCGA|model=TITAN|evaluator=logistic_regression|metric=balanced_accuracy,26321e4018bec7b80f2fe7ea7cc497139c83b44fb60df5128417623ad1f71a70,machine_parsed_single_primary_source,parsed_primary_source,Exact leaf result; protocol variants remain distinct and are not deduplicated by dataset name alone.
titan2025,titan_paper,Supplementary Table 45,tcga-brca,TCGA-BRCA PR status,molecular_biomarker,PR,patient,classification,934,slide_level_classification,balanced_accuracy,titan2025_frozen_simpleshot,TITAN vision-language,titan-slide,github:mahmoodlab/TITAN@9e34c66ff66445c6c590da0dbf7acc103d39a40b,0.745,reported_error=0.0498,titan2025.tcga-brca.tcga-brca-pr-status.titan2025-frozen-simpleshot.balanced-accuracy,titan2025.tcga-brca.tcga-brca-pr-status.titan2025-frozen-simpleshot.balanced-accuracy,task.tcga-brca.tcga-brca-pr-status,artifact.tcga-brca,https://media.springernature.com/original/springer-static/esm/art%3A10.1038%2Fs41591-025-03982-3/MediaObjects/41591_2025_3982_MOESM1_ESM.pdf,paper=TITAN|supplementary_table=45|cohort=TCGA|model=TITAN|evaluator=simpleshot|metric=balanced_accuracy,26321e4018bec7b80f2fe7ea7cc497139c83b44fb60df5128417623ad1f71a70,machine_parsed_single_primary_source,parsed_primary_source,Exact leaf result; protocol variants remain distinct and are not deduplicated by dataset name alone.
titan2025,titan_paper,Supplementary Table 45,tcga-brca,TCGA-BRCA PR status,molecular_biomarker,PR,patient,classification,934,slide_level_classification,weighted_f1,titan2025_frozen_simpleshot,TITAN vision-language,titan-slide,github:mahmoodlab/TITAN@9e34c66ff66445c6c590da0dbf7acc103d39a40b,0.747,reported_error=0.0643,titan2025.tcga-brca.tcga-brca-pr-status.titan2025-frozen-simpleshot.weighted-f1,titan2025.tcga-brca.tcga-brca-pr-status.titan2025-frozen-simpleshot.weighted-f1,task.tcga-brca.tcga-brca-pr-status,artifact.tcga-brca,https://media.springernature.com/original/springer-static/esm/art%3A10.1038%2Fs41591-025-03982-3/MediaObjects/41591_2025_3982_MOESM1_ESM.pdf,paper=TITAN|supplementary_table=45|cohort=TCGA|model=TITAN|evaluator=simpleshot|metric=weighted_f1,26321e4018bec7b80f2fe7ea7cc497139c83b44fb60df5128417623ad1f71a70,machine_parsed_single_primary_source,parsed_primary_source,Exact leaf result; protocol variants remain distinct and are not deduplicated by dataset name alone.
titan2025,titan_paper,Supplementary Table 45,tcga-brca,TCGA-BRCA PR status,molecular_biomarker,PR,patient,classification,934,slide_level_classification,balanced_accuracy,titan2025_frozen_20_nearest_neighbors,TITAN vision-language,titan-slide,github:mahmoodlab/TITAN@9e34c66ff66445c6c590da0dbf7acc103d39a40b,0.659,reported_error=0.0186,titan2025.tcga-brca.tcga-brca-pr-status.titan2025-frozen-20-nearest-neighbors.balanced-accuracy,titan2025.tcga-brca.tcga-brca-pr-status.titan2025-frozen-20-nearest-neighbors.balanced-accuracy,task.tcga-brca.tcga-brca-pr-status,artifact.tcga-brca,https://media.springernature.com/original/springer-static/esm/art%3A10.1038%2Fs41591-025-03982-3/MediaObjects/41591_2025_3982_MOESM1_ESM.pdf,paper=TITAN|supplementary_table=45|cohort=TCGA|model=TITAN|evaluator=20_nearest_neighbors|metric=balanced_accuracy,26321e4018bec7b80f2fe7ea7cc497139c83b44fb60df5128417623ad1f71a70,machine_parsed_single_primary_source,parsed_primary_source,Exact leaf result; protocol variants remain distinct and are not deduplicated by dataset name alone.
titan2025,titan_paper,Supplementary Table 45,tcga-brca,TCGA-BRCA PR status,molecular_biomarker,PR,patient,classification,934,slide_level_classification,weighted_f1,titan2025_frozen_20_nearest_neighbors,TITAN vision-language,titan-slide,github:mahmoodlab/TITAN@9e34c66ff66445c6c590da0dbf7acc103d39a40b,0.608,reported_error=0.0220,titan2025.tcga-brca.tcga-brca-pr-status.titan2025-frozen-20-nearest-neighbors.weighted-f1,titan2025.tcga-brca.tcga-brca-pr-status.titan2025-frozen-20-nearest-neighbors.weighted-f1,task.tcga-brca.tcga-brca-pr-status,artifact.tcga-brca,https://media.springernature.com/original/springer-static/esm/art%3A10.1038%2Fs41591-025-03982-3/MediaObjects/41591_2025_3982_MOESM1_ESM.pdf,paper=TITAN|supplementary_table=45|cohort=TCGA|model=TITAN|evaluator=20_nearest_neighbors|metric=weighted_f1,26321e4018bec7b80f2fe7ea7cc497139c83b44fb60df5128417623ad1f71a70,machine_parsed_single_primary_source,parsed_primary_source,Exact leaf result; protocol variants remain distinct and are not deduplicated by dataset name alone.
titan2025,titan_paper,Supplementary Table 45,cptac-brca,CPTAC-BRCA PR status,molecular_biomarker,PR,patient,classification,97,slide_level_classification,auroc,titan2025_frozen_logistic_regression,TITAN-V vision-only,titan-v-slide,github:mahmoodlab/TITAN@9e34c66ff66445c6c590da0dbf7acc103d39a40b,0.754,reported_error=0.0222,titan2025.cptac-brca.cptac-brca-pr-status.titan2025-frozen-logistic-regression.auroc,titan2025.cptac-brca.cptac-brca-pr-status.titan2025-frozen-logistic-regression.auroc,task.cptac-brca.cptac-brca-pr-status,artifact.cptac-brca,https://media.springernature.com/original/springer-static/esm/art%3A10.1038%2Fs41591-025-03982-3/MediaObjects/41591_2025_3982_MOESM1_ESM.pdf,paper=TITAN|supplementary_table=45|cohort=CPTAC|model=TITANV|evaluator=logistic_regression|metric=auroc,26321e4018bec7b80f2fe7ea7cc497139c83b44fb60df5128417623ad1f71a70,machine_parsed_single_primary_source,parsed_primary_source,Exact leaf result; protocol variants remain distinct and are not deduplicated by dataset name alone.
titan2025,titan_paper,Supplementary Table 45,cptac-brca,CPTAC-BRCA PR status,molecular_biomarker,PR,patient,classification,97,slide_level_classification,balanced_accuracy,titan2025_frozen_logistic_regression,TITAN-V vision-only,titan-v-slide,github:mahmoodlab/TITAN@9e34c66ff66445c6c590da0dbf7acc103d39a40b,0.692,reported_error=0.0442,titan2025.cptac-brca.cptac-brca-pr-status.titan2025-frozen-logistic-regression.balanced-accuracy,titan2025.cptac-brca.cptac-brca-pr-status.titan2025-frozen-logistic-regression.balanced-accuracy,task.cptac-brca.cptac-brca-pr-status,artifact.cptac-brca,https://media.springernature.com/original/springer-static/esm/art%3A10.1038%2Fs41591-025-03982-3/MediaObjects/41591_2025_3982_MOESM1_ESM.pdf,paper=TITAN|supplementary_table=45|cohort=CPTAC|model=TITANV|evaluator=logistic_regression|metric=balanced_accuracy,26321e4018bec7b80f2fe7ea7cc497139c83b44fb60df5128417623ad1f71a70,machine_parsed_single_primary_source,parsed_primary_source,Exact leaf result; protocol variants remain distinct and are not deduplicated by dataset name alone.
titan2025,titan_paper,Supplementary Table 45,cptac-brca,CPTAC-BRCA PR status,molecular_biomarker,PR,patient,classification,97,slide_level_classification,balanced_accuracy,titan2025_frozen_simpleshot,TITAN-V vision-only,titan-v-slide,github:mahmoodlab/TITAN@9e34c66ff66445c6c590da0dbf7acc103d39a40b,0.541,reported_error=0.0132,titan2025.cptac-brca.cptac-brca-pr-status.titan2025-frozen-simpleshot.balanced-accuracy,titan2025.cptac-brca.cptac-brca-pr-status.titan2025-frozen-simpleshot.balanced-accuracy,task.cptac-brca.cptac-brca-pr-status,artifact.cptac-brca,https://media.springernature.com/original/springer-static/esm/art%3A10.1038%2Fs41591-025-03982-3/MediaObjects/41591_2025_3982_MOESM1_ESM.pdf,paper=TITAN|supplementary_table=45|cohort=CPTAC|model=TITANV|evaluator=simpleshot|metric=balanced_accuracy,26321e4018bec7b80f2fe7ea7cc497139c83b44fb60df5128417623ad1f71a70,machine_parsed_single_primary_source,parsed_primary_source,Exact leaf result; protocol variants remain distinct and are not deduplicated by dataset name alone.
titan2025,titan_paper,Supplementary Table 45,cptac-brca,CPTAC-BRCA PR status,molecular_biomarker,PR,patient,classification,97,slide_level_classification,weighted_f1,titan2025_frozen_simpleshot,TITAN-V vision-only,titan-v-slide,github:mahmoodlab/TITAN@9e34c66ff66445c6c590da0dbf7acc103d39a40b,0.387,reported_error=0.0302,titan2025.cptac-brca.cptac-brca-pr-status.titan2025-frozen-simpleshot.weighted-f1,titan2025.cptac-brca.cptac-brca-pr-status.titan2025-frozen-simpleshot.weighted-f1,task.cptac-brca.cptac-brca-pr-status,artifact.cptac-brca,https://media.springernature.com/original/springer-static/esm/art%3A10.1038%2Fs41591-025-03982-3/MediaObjects/41591_2025_3982_MOESM1_ESM.pdf,paper=TITAN|supplementary_table=45|cohort=CPTAC|model=TITANV|evaluator=simpleshot|metric=weighted_f1,26321e4018bec7b80f2fe7ea7cc497139c83b44fb60df5128417623ad1f71a70,machine_parsed_single_primary_source,parsed_primary_source,Exact leaf result; protocol variants remain distinct and are not deduplicated by dataset name alone.
titan2025,titan_paper,Supplementary Table 45,cptac-brca,CPTAC-BRCA PR status,molecular_biomarker,PR,patient,classification,97,slide_level_classification,balanced_accuracy,titan2025_frozen_20_nearest_neighbors,TITAN-V vision-only,titan-v-slide,github:mahmoodlab/TITAN@9e34c66ff66445c6c590da0dbf7acc103d39a40b,0.666,reported_error=0.0382,titan2025.cptac-brca.cptac-brca-pr-status.titan2025-frozen-20-nearest-neighbors.balanced-accuracy,titan2025.cptac-brca.cptac-brca-pr-status.titan2025-frozen-20-nearest-neighbors.balanced-accuracy,task.cptac-brca.cptac-brca-pr-status,artifact.cptac-brca,https://media.springernature.com/original/springer-static/esm/art%3A10.1038%2Fs41591-025-03982-3/MediaObjects/41591_2025_3982_MOESM1_ESM.pdf,paper=TITAN|supplementary_table=45|cohort=CPTAC|model=TITANV|evaluator=20_nearest_neighbors|metric=balanced_accuracy,26321e4018bec7b80f2fe7ea7cc497139c83b44fb60df5128417623ad1f71a70,machine_parsed_single_primary_source,parsed_primary_source,Exact leaf result; protocol variants remain distinct and are not deduplicated by dataset name alone.
titan2025,titan_paper,Supplementary Table 45,cptac-brca,CPTAC-BRCA PR status,molecular_biomarker,PR,patient,classification,97,slide_level_classification,weighted_f1,titan2025_frozen_20_nearest_neighbors,TITAN-V vision-only,titan-v-slide,github:mahmoodlab/TITAN@9e34c66ff66445c6c590da0dbf7acc103d39a40b,0.712,reported_error=0.0343,titan2025.cptac-brca.cptac-brca-pr-status.titan2025-frozen-20-nearest-neighbors.weighted-f1,titan2025.cptac-brca.cptac-brca-pr-status.titan2025-frozen-20-nearest-neighbors.weighted-f1,task.cptac-brca.cptac-brca-pr-status,artifact.cptac-brca,https://media.springernature.com/original/springer-static/esm/art%3A10.1038%2Fs41591-025-03982-3/MediaObjects/41591_2025_3982_MOESM1_ESM.pdf,paper=TITAN|supplementary_table=45|cohort=CPTAC|model=TITANV|evaluator=20_nearest_neighbors|metric=weighted_f1,26321e4018bec7b80f2fe7ea7cc497139c83b44fb60df5128417623ad1f71a70,machine_parsed_single_primary_source,parsed_primary_source,Exact leaf result; protocol variants remain distinct and are not deduplicated by dataset name alone.
titan2025,titan_paper,Supplementary Table 45,cptac-brca,CPTAC-BRCA PR status,molecular_biomarker,PR,patient,classification,97,slide_level_classification,auroc,titan2025_frozen_logistic_regression,TITAN vision-language,titan-slide,github:mahmoodlab/TITAN@9e34c66ff66445c6c590da0dbf7acc103d39a40b,0.755,reported_error=0.0230,titan2025.cptac-brca.cptac-brca-pr-status.titan2025-frozen-logistic-regression.auroc,titan2025.cptac-brca.cptac-brca-pr-status.titan2025-frozen-logistic-regression.auroc,task.cptac-brca.cptac-brca-pr-status,artifact.cptac-brca,https://media.springernature.com/original/springer-static/esm/art%3A10.1038%2Fs41591-025-03982-3/MediaObjects/41591_2025_3982_MOESM1_ESM.pdf,paper=TITAN|supplementary_table=45|cohort=CPTAC|model=TITAN|evaluator=logistic_regression|metric=auroc,26321e4018bec7b80f2fe7ea7cc497139c83b44fb60df5128417623ad1f71a70,machine_parsed_single_primary_source,parsed_primary_source,Exact leaf result; protocol variants remain distinct and are not deduplicated by dataset name alone.
titan2025,titan_paper,Supplementary Table 45,cptac-brca,CPTAC-BRCA PR status,molecular_biomarker,PR,patient,classification,97,slide_level_classification,balanced_accuracy,titan2025_frozen_logistic_regression,TITAN vision-language,titan-slide,github:mahmoodlab/TITAN@9e34c66ff66445c6c590da0dbf7acc103d39a40b,0.677,reported_error=0.0235,titan2025.cptac-brca.cptac-brca-pr-status.titan2025-frozen-logistic-regression.balanced-accuracy,titan2025.cptac-brca.cptac-brca-pr-status.titan2025-frozen-logistic-regression.balanced-accuracy,task.cptac-brca.cptac-brca-pr-status,artifact.cptac-brca,https://media.springernature.com/original/springer-static/esm/art%3A10.1038%2Fs41591-025-03982-3/MediaObjects/41591_2025_3982_MOESM1_ESM.pdf,paper=TITAN|supplementary_table=45|cohort=CPTAC|model=TITAN|evaluator=logistic_regression|metric=balanced_accuracy,26321e4018bec7b80f2fe7ea7cc497139c83b44fb60df5128417623ad1f71a70,machine_parsed_single_primary_source,parsed_primary_source,Exact leaf result; protocol variants remain distinct and are not deduplicated by dataset name alone.
titan2025,titan_paper,Supplementary Table 45,cptac-brca,CPTAC-BRCA PR status,molecular_biomarker,PR,patient,classification,97,slide_level_classification,balanced_accuracy,titan2025_frozen_simpleshot,TITAN vision-language,titan-slide,github:mahmoodlab/TITAN@9e34c66ff66445c6c590da0dbf7acc103d39a40b,0.597,reported_error=0.0174,titan2025.cptac-brca.cptac-brca-pr-status.titan2025-frozen-simpleshot.balanced-accuracy,titan2025.cptac-brca.cptac-brca-pr-status.titan2025-frozen-simpleshot.balanced-accuracy,task.cptac-brca.cptac-brca-pr-status,artifact.cptac-brca,https://media.springernature.com/original/springer-static/esm/art%3A10.1038%2Fs41591-025-03982-3/MediaObjects/41591_2025_3982_MOESM1_ESM.pdf,paper=TITAN|supplementary_table=45|cohort=CPTAC|model=TITAN|evaluator=simpleshot|metric=balanced_accuracy,26321e4018bec7b80f2fe7ea7cc497139c83b44fb60df5128417623ad1f71a70,machine_parsed_single_primary_source,parsed_primary_source,Exact leaf result; protocol variants remain distinct and are not deduplicated by dataset name alone.
titan2025,titan_paper,Supplementary Table 45,cptac-brca,CPTAC-BRCA PR status,molecular_biomarker,PR,patient,classification,97,slide_level_classification,weighted_f1,titan2025_frozen_simpleshot,TITAN vision-language,titan-slide,github:mahmoodlab/TITAN@9e34c66ff66445c6c590da0dbf7acc103d39a40b,0.476,reported_error=0.0302,titan2025.cptac-brca.cptac-brca-pr-status.titan2025-frozen-simpleshot.weighted-f1,titan2025.cptac-brca.cptac-brca-pr-status.titan2025-frozen-simpleshot.weighted-f1,task.cptac-brca.cptac-brca-pr-status,artifact.cptac-brca,https://media.springernature.com/original/springer-static/esm/art%3A10.1038%2Fs41591-025-03982-3/MediaObjects/41591_2025_3982_MOESM1_ESM.pdf,paper=TITAN|supplementary_table=45|cohort=CPTAC|model=TITAN|evaluator=simpleshot|metric=weighted_f1,26321e4018bec7b80f2fe7ea7cc497139c83b44fb60df5128417623ad1f71a70,machine_parsed_single_primary_source,parsed_primary_source,Exact leaf result; protocol variants remain distinct and are not deduplicated by dataset name alone.
titan2025,titan_paper,Supplementary Table 45,cptac-brca,CPTAC-BRCA PR status,molecular_biomarker,PR,patient,classification,97,slide_level_classification,balanced_accuracy,titan2025_frozen_20_nearest_neighbors,TITAN vision-language,titan-slide,github:mahmoodlab/TITAN@9e34c66ff66445c6c590da0dbf7acc103d39a40b,0.679,reported_error=0.0309,titan2025.cptac-brca.cptac-brca-pr-status.titan2025-frozen-20-nearest-neighbors.balanced-accuracy,titan2025.cptac-brca.cptac-brca-pr-status.titan2025-frozen-20-nearest-neighbors.balanced-accuracy,task.cptac-brca.cptac-brca-pr-status,artifact.cptac-brca,https://media.springernature.com/original/springer-static/esm/art%3A10.1038%2Fs41591-025-03982-3/MediaObjects/41591_2025_3982_MOESM1_ESM.pdf,paper=TITAN|supplementary_table=45|cohort=CPTAC|model=TITAN|evaluator=20_nearest_neighbors|metric=balanced_accuracy,26321e4018bec7b80f2fe7ea7cc497139c83b44fb60df5128417623ad1f71a70,machine_parsed_single_primary_source,parsed_primary_source,Exact leaf result; protocol variants remain distinct and are not deduplicated by dataset name alone.
titan2025,titan_paper,Supplementary Table 45,cptac-brca,CPTAC-BRCA PR status,molecular_biomarker,PR,patient,classification,97,slide_level_classification,weighted_f1,titan2025_frozen_20_nearest_neighbors,TITAN vision-language,titan-slide,github:mahmoodlab/TITAN@9e34c66ff66445c6c590da0dbf7acc103d39a40b,0.655,reported_error=0.0341,titan2025.cptac-brca.cptac-brca-pr-status.titan2025-frozen-20-nearest-neighbors.weighted-f1,titan2025.cptac-brca.cptac-brca-pr-status.titan2025-frozen-20-nearest-neighbors.weighted-f1,task.cptac-brca.cptac-brca-pr-status,artifact.cptac-brca,https://media.springernature.com/original/springer-static/esm/art%3A10.1038%2Fs41591-025-03982-3/MediaObjects/41591_2025_3982_MOESM1_ESM.pdf,paper=TITAN|supplementary_table=45|cohort=CPTAC|model=TITAN|evaluator=20_nearest_neighbors|metric=weighted_f1,26321e4018bec7b80f2fe7ea7cc497139c83b44fb60df5128417623ad1f71a70,machine_parsed_single_primary_source,parsed_primary_source,Exact leaf result; protocol variants remain distinct and are not deduplicated by dataset name alone.
titan2025,titan_paper,Supplementary Table 46,tcga-brca,TCGA-BRCA HER2 status,molecular_biomarker,HER2,patient,classification,647,slide_level_classification,auroc,titan2025_frozen_logistic_regression,TITAN-V vision-only,titan-v-slide,github:mahmoodlab/TITAN@9e34c66ff66445c6c590da0dbf7acc103d39a40b,0.657,reported_error=0.0363,titan2025.tcga-brca.tcga-brca-her2-status.titan2025-frozen-logistic-regression.auroc,titan2025.tcga-brca.tcga-brca-her2-status.titan2025-frozen-logistic-regression.auroc,task.tcga-brca.tcga-brca-her2-status,artifact.tcga-brca,https://media.springernature.com/original/springer-static/esm/art%3A10.1038%2Fs41591-025-03982-3/MediaObjects/41591_2025_3982_MOESM1_ESM.pdf,paper=TITAN|supplementary_table=46|cohort=TCGA|model=TITANV|evaluator=logistic_regression|metric=auroc,26321e4018bec7b80f2fe7ea7cc497139c83b44fb60df5128417623ad1f71a70,machine_parsed_single_primary_source,parsed_primary_source,Exact leaf result; protocol variants remain distinct and are not deduplicated by dataset name alone.
titan2025,titan_paper,Supplementary Table 46,tcga-brca,TCGA-BRCA HER2 status,molecular_biomarker,HER2,patient,classification,647,slide_level_classification,balanced_accuracy,titan2025_frozen_logistic_regression,TITAN-V vision-only,titan-v-slide,github:mahmoodlab/TITAN@9e34c66ff66445c6c590da0dbf7acc103d39a40b,0.513,reported_error=0.0389,titan2025.tcga-brca.tcga-brca-her2-status.titan2025-frozen-logistic-regression.balanced-accuracy,titan2025.tcga-brca.tcga-brca-her2-status.titan2025-frozen-logistic-regression.balanced-accuracy,task.tcga-brca.tcga-brca-her2-status,artifact.tcga-brca,https://media.springernature.com/original/springer-static/esm/art%3A10.1038%2Fs41591-025-03982-3/MediaObjects/41591_2025_3982_MOESM1_ESM.pdf,paper=TITAN|supplementary_table=46|cohort=TCGA|model=TITANV|evaluator=logistic_regression|metric=balanced_accuracy,26321e4018bec7b80f2fe7ea7cc497139c83b44fb60df5128417623ad1f71a70,machine_parsed_single_primary_source,parsed_primary_source,Exact leaf result; protocol variants remain distinct and are not deduplicated by dataset name alone.
titan2025,titan_paper,Supplementary Table 46,tcga-brca,TCGA-BRCA HER2 status,molecular_biomarker,HER2,patient,classification,647,slide_level_classification,balanced_accuracy,titan2025_frozen_simpleshot,TITAN-V vision-only,titan-v-slide,github:mahmoodlab/TITAN@9e34c66ff66445c6c590da0dbf7acc103d39a40b,0.599,reported_error=0.0272,titan2025.tcga-brca.tcga-brca-her2-status.titan2025-frozen-simpleshot.balanced-accuracy,titan2025.tcga-brca.tcga-brca-her2-status.titan2025-frozen-simpleshot.balanced-accuracy,task.tcga-brca.tcga-brca-her2-status,artifact.tcga-brca,https://media.springernature.com/original/springer-static/esm/art%3A10.1038%2Fs41591-025-03982-3/MediaObjects/41591_2025_3982_MOESM1_ESM.pdf,paper=TITAN|supplementary_table=46|cohort=TCGA|model=TITANV|evaluator=simpleshot|metric=balanced_accuracy,26321e4018bec7b80f2fe7ea7cc497139c83b44fb60df5128417623ad1f71a70,machine_parsed_single_primary_source,parsed_primary_source,Exact leaf result; protocol variants remain distinct and are not deduplicated by dataset name alone.
titan2025,titan_paper,Supplementary Table 46,tcga-brca,TCGA-BRCA HER2 status,molecular_biomarker,HER2,patient,classification,647,slide_level_classification,weighted_f1,titan2025_frozen_simpleshot,TITAN-V vision-only,titan-v-slide,github:mahmoodlab/TITAN@9e34c66ff66445c6c590da0dbf7acc103d39a40b,0.660,reported_error=0.0557,titan2025.tcga-brca.tcga-brca-her2-status.titan2025-frozen-simpleshot.weighted-f1,titan2025.tcga-brca.tcga-brca-her2-status.titan2025-frozen-simpleshot.weighted-f1,task.tcga-brca.tcga-brca-her2-status,artifact.tcga-brca,https://media.springernature.com/original/springer-static/esm/art%3A10.1038%2Fs41591-025-03982-3/MediaObjects/41591_2025_3982_MOESM1_ESM.pdf,paper=TITAN|supplementary_table=46|cohort=TCGA|model=TITANV|evaluator=simpleshot|metric=weighted_f1,26321e4018bec7b80f2fe7ea7cc497139c83b44fb60df5128417623ad1f71a70,machine_parsed_single_primary_source,parsed_primary_source,Exact leaf result; protocol variants remain distinct and are not deduplicated by dataset name alone.
titan2025,titan_paper,Supplementary Table 46,tcga-brca,TCGA-BRCA HER2 status,molecular_biomarker,HER2,patient,classification,647,slide_level_classification,balanced_accuracy,titan2025_frozen_20_nearest_neighbors,TITAN-V vision-only,titan-v-slide,github:mahmoodlab/TITAN@9e34c66ff66445c6c590da0dbf7acc103d39a40b,0.502,reported_error=0.0266,titan2025.tcga-brca.tcga-brca-her2-status.titan2025-frozen-20-nearest-neighbors.balanced-accuracy,titan2025.tcga-brca.tcga-brca-her2-status.titan2025-frozen-20-nearest-neighbors.balanced-accuracy,task.tcga-brca.tcga-brca-her2-status,artifact.tcga-brca,https://media.springernature.com/original/springer-static/esm/art%3A10.1038%2Fs41591-025-03982-3/MediaObjects/41591_2025_3982_MOESM1_ESM.pdf,paper=TITAN|supplementary_table=46|cohort=TCGA|model=TITANV|evaluator=20_nearest_neighbors|metric=balanced_accuracy,26321e4018bec7b80f2fe7ea7cc497139c83b44fb60df5128417623ad1f71a70,machine_parsed_single_primary_source,parsed_primary_source,Exact leaf result; protocol variants remain distinct and are not deduplicated by dataset name alone.
titan2025,titan_paper,Supplementary Table 46,tcga-brca,TCGA-BRCA HER2 status,molecular_biomarker,HER2,patient,classification,647,slide_level_classification,weighted_f1,titan2025_frozen_20_nearest_neighbors,TITAN-V vision-only,titan-v-slide,github:mahmoodlab/TITAN@9e34c66ff66445c6c590da0dbf7acc103d39a40b,0.810,reported_error=0.0105,titan2025.tcga-brca.tcga-brca-her2-status.titan2025-frozen-20-nearest-neighbors.weighted-f1,titan2025.tcga-brca.tcga-brca-her2-status.titan2025-frozen-20-nearest-neighbors.weighted-f1,task.tcga-brca.tcga-brca-her2-status,artifact.tcga-brca,https://media.springernature.com/original/springer-static/esm/art%3A10.1038%2Fs41591-025-03982-3/MediaObjects/41591_2025_3982_MOESM1_ESM.pdf,paper=TITAN|supplementary_table=46|cohort=TCGA|model=TITANV|evaluator=20_nearest_neighbors|metric=weighted_f1,26321e4018bec7b80f2fe7ea7cc497139c83b44fb60df5128417623ad1f71a70,machine_parsed_single_primary_source,parsed_primary_source,Exact leaf result; protocol variants remain distinct and are not deduplicated by dataset name alone.
titan2025,titan_paper,Supplementary Table 46,tcga-brca,TCGA-BRCA HER2 status,molecular_biomarker,HER2,patient,classification,647,slide_level_classification,auroc,titan2025_frozen_logistic_regression,TITAN vision-language,titan-slide,github:mahmoodlab/TITAN@9e34c66ff66445c6c590da0dbf7acc103d39a40b,0.661,reported_error=0.0324,titan2025.tcga-brca.tcga-brca-her2-status.titan2025-frozen-logistic-regression.auroc,titan2025.tcga-brca.tcga-brca-her2-status.titan2025-frozen-logistic-regression.auroc,task.tcga-brca.tcga-brca-her2-status,artifact.tcga-brca,https://media.springernature.com/original/springer-static/esm/art%3A10.1038%2Fs41591-025-03982-3/MediaObjects/41591_2025_3982_MOESM1_ESM.pdf,paper=TITAN|supplementary_table=46|cohort=TCGA|model=TITAN|evaluator=logistic_regression|metric=auroc,26321e4018bec7b80f2fe7ea7cc497139c83b44fb60df5128417623ad1f71a70,machine_parsed_single_primary_source,parsed_primary_source,Exact leaf result; protocol variants remain distinct and are not deduplicated by dataset name alone.
titan2025,titan_paper,Supplementary Table 46,tcga-brca,TCGA-BRCA HER2 status,molecular_biomarker,HER2,patient,classification,647,slide_level_classification,balanced_accuracy,titan2025_frozen_logistic_regression,TITAN vision-language,titan-slide,github:mahmoodlab/TITAN@9e34c66ff66445c6c590da0dbf7acc103d39a40b,0.529,reported_error=0.0318,titan2025.tcga-brca.tcga-brca-her2-status.titan2025-frozen-logistic-regression.balanced-accuracy,titan2025.tcga-brca.tcga-brca-her2-status.titan2025-frozen-logistic-regression.balanced-accuracy,task.tcga-brca.tcga-brca-her2-status,artifact.tcga-brca,https://media.springernature.com/original/springer-static/esm/art%3A10.1038%2Fs41591-025-03982-3/MediaObjects/41591_2025_3982_MOESM1_ESM.pdf,paper=TITAN|supplementary_table=46|cohort=TCGA|model=TITAN|evaluator=logistic_regression|metric=balanced_accuracy,26321e4018bec7b80f2fe7ea7cc497139c83b44fb60df5128417623ad1f71a70,machine_parsed_single_primary_source,parsed_primary_source,Exact leaf result; protocol variants remain distinct and are not deduplicated by dataset name alone.
titan2025,titan_paper,Supplementary Table 46,tcga-brca,TCGA-BRCA HER2 status,molecular_biomarker,HER2,patient,classification,647,slide_level_classification,balanced_accuracy,titan2025_frozen_simpleshot,TITAN vision-language,titan-slide,github:mahmoodlab/TITAN@9e34c66ff66445c6c590da0dbf7acc103d39a40b,0.598,reported_error=0.0570,titan2025.tcga-brca.tcga-brca-her2-status.titan2025-frozen-simpleshot.balanced-accuracy,titan2025.tcga-brca.tcga-brca-her2-status.titan2025-frozen-simpleshot.balanced-accuracy,task.tcga-brca.tcga-brca-her2-status,artifact.tcga-brca,https://media.springernature.com/original/springer-static/esm/art%3A10.1038%2Fs41591-025-03982-3/MediaObjects/41591_2025_3982_MOESM1_ESM.pdf,paper=TITAN|supplementary_table=46|cohort=TCGA|model=TITAN|evaluator=simpleshot|metric=balanced_accuracy,26321e4018bec7b80f2fe7ea7cc497139c83b44fb60df5128417623ad1f71a70,machine_parsed_single_primary_source,parsed_primary_source,Exact leaf result; protocol variants remain distinct and are not deduplicated by dataset name alone.
titan2025,titan_paper,Supplementary Table 46,tcga-brca,TCGA-BRCA HER2 status,molecular_biomarker,HER2,patient,classification,647,slide_level_classification,weighted_f1,titan2025_frozen_simpleshot,TITAN vision-language,titan-slide,github:mahmoodlab/TITAN@9e34c66ff66445c6c590da0dbf7acc103d39a40b,0.657,reported_error=0.0635,titan2025.tcga-brca.tcga-brca-her2-status.titan2025-frozen-simpleshot.weighted-f1,titan2025.tcga-brca.tcga-brca-her2-status.titan2025-frozen-simpleshot.weighted-f1,task.tcga-brca.tcga-brca-her2-status,artifact.tcga-brca,https://media.springernature.com/original/springer-static/esm/art%3A10.1038%2Fs41591-025-03982-3/MediaObjects/41591_2025_3982_MOESM1_ESM.pdf,paper=TITAN|supplementary_table=46|cohort=TCGA|model=TITAN|evaluator=simpleshot|metric=weighted_f1,26321e4018bec7b80f2fe7ea7cc497139c83b44fb60df5128417623ad1f71a70,machine_parsed_single_primary_source,parsed_primary_source,Exact leaf result; protocol variants remain distinct and are not deduplicated by dataset name alone.
titan2025,titan_paper,Supplementary Table 46,tcga-brca,TCGA-BRCA HER2 status,molecular_biomarker,HER2,patient,classification,647,slide_level_classification,balanced_accuracy,titan2025_frozen_20_nearest_neighbors,TITAN vision-language,titan-slide,github:mahmoodlab/TITAN@9e34c66ff66445c6c590da0dbf7acc103d39a40b,0.504,reported_error=0.0145,titan2025.tcga-brca.tcga-brca-her2-status.titan2025-frozen-20-nearest-neighbors.balanced-accuracy,titan2025.tcga-brca.tcga-brca-her2-status.titan2025-frozen-20-nearest-neighbors.balanced-accuracy,task.tcga-brca.tcga-brca-her2-status,artifact.tcga-brca,https://media.springernature.com/original/springer-static/esm/art%3A10.1038%2Fs41591-025-03982-3/MediaObjects/41591_2025_3982_MOESM1_ESM.pdf,paper=TITAN|supplementary_table=46|cohort=TCGA|model=TITAN|evaluator=20_nearest_neighbors|metric=balanced_accuracy,26321e4018bec7b80f2fe7ea7cc497139c83b44fb60df5128417623ad1f71a70,machine_parsed_single_primary_source,parsed_primary_source,Exact leaf result; protocol variants remain distinct and are not deduplicated by dataset name alone.
titan2025,titan_paper,Supplementary Table 46,tcga-brca,TCGA-BRCA HER2 status,molecular_biomarker,HER2,patient,classification,647,slide_level_classification,weighted_f1,titan2025_frozen_20_nearest_neighbors,TITAN vision-language,titan-slide,github:mahmoodlab/TITAN@9e34c66ff66445c6c590da0dbf7acc103d39a40b,0.816,reported_error=0.0078,titan2025.tcga-brca.tcga-brca-her2-status.titan2025-frozen-20-nearest-neighbors.weighted-f1,titan2025.tcga-brca.tcga-brca-her2-status.titan2025-frozen-20-nearest-neighbors.weighted-f1,task.tcga-brca.tcga-brca-her2-status,artifact.tcga-brca,https://media.springernature.com/original/springer-static/esm/art%3A10.1038%2Fs41591-025-03982-3/MediaObjects/41591_2025_3982_MOESM1_ESM.pdf,paper=TITAN|supplementary_table=46|cohort=TCGA|model=TITAN|evaluator=20_nearest_neighbors|metric=weighted_f1,26321e4018bec7b80f2fe7ea7cc497139c83b44fb60df5128417623ad1f71a70,machine_parsed_single_primary_source,parsed_primary_source,Exact leaf result; protocol variants remain distinct and are not deduplicated by dataset name alone.
titan2025,titan_paper,Supplementary Table 46,cptac-brca,CPTAC-BRCA HER2 status,molecular_biomarker,HER2,patient,classification,103,slide_level_classification,auroc,titan2025_frozen_logistic_regression,TITAN-V vision-only,titan-v-slide,github:mahmoodlab/TITAN@9e34c66ff66445c6c590da0dbf7acc103d39a40b,0.755,reported_error=0.0348,titan2025.cptac-brca.cptac-brca-her2-status.titan2025-frozen-logistic-regression.auroc,titan2025.cptac-brca.cptac-brca-her2-status.titan2025-frozen-logistic-regression.auroc,task.cptac-brca.cptac-brca-her2-status,artifact.cptac-brca,https://media.springernature.com/original/springer-static/esm/art%3A10.1038%2Fs41591-025-03982-3/MediaObjects/41591_2025_3982_MOESM1_ESM.pdf,paper=TITAN|supplementary_table=46|cohort=CPTAC|model=TITANV|evaluator=logistic_regression|metric=auroc,26321e4018bec7b80f2fe7ea7cc497139c83b44fb60df5128417623ad1f71a70,machine_parsed_single_primary_source,parsed_primary_source,Exact leaf result; protocol variants remain distinct and are not deduplicated by dataset name alone.
titan2025,titan_paper,Supplementary Table 46,cptac-brca,CPTAC-BRCA HER2 status,molecular_biomarker,HER2,patient,classification,103,slide_level_classification,balanced_accuracy,titan2025_frozen_logistic_regression,TITAN-V vision-only,titan-v-slide,github:mahmoodlab/TITAN@9e34c66ff66445c6c590da0dbf7acc103d39a40b,0.534,reported_error=0.0775,titan2025.cptac-brca.cptac-brca-her2-status.titan2025-frozen-logistic-regression.balanced-accuracy,titan2025.cptac-brca.cptac-brca-her2-status.titan2025-frozen-logistic-regression.balanced-accuracy,task.cptac-brca.cptac-brca-her2-status,artifact.cptac-brca,https://media.springernature.com/original/springer-static/esm/art%3A10.1038%2Fs41591-025-03982-3/MediaObjects/41591_2025_3982_MOESM1_ESM.pdf,paper=TITAN|supplementary_table=46|cohort=CPTAC|model=TITANV|evaluator=logistic_regression|metric=balanced_accuracy,26321e4018bec7b80f2fe7ea7cc497139c83b44fb60df5128417623ad1f71a70,machine_parsed_single_primary_source,parsed_primary_source,Exact leaf result; protocol variants remain distinct and are not deduplicated by dataset name alone.
titan2025,titan_paper,Supplementary Table 46,cptac-brca,CPTAC-BRCA HER2 status,molecular_biomarker,HER2,patient,classification,103,slide_level_classification,balanced_accuracy,titan2025_frozen_simpleshot,TITAN-V vision-only,titan-v-slide,github:mahmoodlab/TITAN@9e34c66ff66445c6c590da0dbf7acc103d39a40b,0.576,reported_error=0.0549,titan2025.cptac-brca.cptac-brca-her2-status.titan2025-frozen-simpleshot.balanced-accuracy,titan2025.cptac-brca.cptac-brca-her2-status.titan2025-frozen-simpleshot.balanced-accuracy,task.cptac-brca.cptac-brca-her2-status,artifact.cptac-brca,https://media.springernature.com/original/springer-static/esm/art%3A10.1038%2Fs41591-025-03982-3/MediaObjects/41591_2025_3982_MOESM1_ESM.pdf,paper=TITAN|supplementary_table=46|cohort=CPTAC|model=TITANV|evaluator=simpleshot|metric=balanced_accuracy,26321e4018bec7b80f2fe7ea7cc497139c83b44fb60df5128417623ad1f71a70,machine_parsed_single_primary_source,parsed_primary_source,Exact leaf result; protocol variants remain distinct and are not deduplicated by dataset name alone.
titan2025,titan_paper,Supplementary Table 46,cptac-brca,CPTAC-BRCA HER2 status,molecular_biomarker,HER2,patient,classification,103,slide_level_classification,weighted_f1,titan2025_frozen_simpleshot,TITAN-V vision-only,titan-v-slide,github:mahmoodlab/TITAN@9e34c66ff66445c6c590da0dbf7acc103d39a40b,0.299,reported_error=0.1709,titan2025.cptac-brca.cptac-brca-her2-status.titan2025-frozen-simpleshot.weighted-f1,titan2025.cptac-brca.cptac-brca-her2-status.titan2025-frozen-simpleshot.weighted-f1,task.cptac-brca.cptac-brca-her2-status,artifact.cptac-brca,https://media.springernature.com/original/springer-static/esm/art%3A10.1038%2Fs41591-025-03982-3/MediaObjects/41591_2025_3982_MOESM1_ESM.pdf,paper=TITAN|supplementary_table=46|cohort=CPTAC|model=TITANV|evaluator=simpleshot|metric=weighted_f1,26321e4018bec7b80f2fe7ea7cc497139c83b44fb60df5128417623ad1f71a70,machine_parsed_single_primary_source,parsed_primary_source,Exact leaf result; protocol variants remain distinct and are not deduplicated by dataset name alone.
titan2025,titan_paper,Supplementary Table 46,cptac-brca,CPTAC-BRCA HER2 status,molecular_biomarker,HER2,patient,classification,103,slide_level_classification,balanced_accuracy,titan2025_frozen_20_nearest_neighbors,TITAN-V vision-only,titan-v-slide,github:mahmoodlab/TITAN@9e34c66ff66445c6c590da0dbf7acc103d39a40b,0.511,reported_error=0.0226,titan2025.cptac-brca.cptac-brca-her2-status.titan2025-frozen-20-nearest-neighbors.balanced-accuracy,titan2025.cptac-brca.cptac-brca-her2-status.titan2025-frozen-20-nearest-neighbors.balanced-accuracy,task.cptac-brca.cptac-brca-her2-status,artifact.cptac-brca,https://media.springernature.com/original/springer-static/esm/art%3A10.1038%2Fs41591-025-03982-3/MediaObjects/41591_2025_3982_MOESM1_ESM.pdf,paper=TITAN|supplementary_table=46|cohort=CPTAC|model=TITANV|evaluator=20_nearest_neighbors|metric=balanced_accuracy,26321e4018bec7b80f2fe7ea7cc497139c83b44fb60df5128417623ad1f71a70,machine_parsed_single_primary_source,parsed_primary_source,Exact leaf result; protocol variants remain distinct and are not deduplicated by dataset name alone.
titan2025,titan_paper,Supplementary Table 46,cptac-brca,CPTAC-BRCA HER2 status,molecular_biomarker,HER2,patient,classification,103,slide_level_classification,weighted_f1,titan2025_frozen_20_nearest_neighbors,TITAN-V vision-only,titan-v-slide,github:mahmoodlab/TITAN@9e34c66ff66445c6c590da0dbf7acc103d39a40b,0.820,reported_error=0.0142,titan2025.cptac-brca.cptac-brca-her2-status.titan2025-frozen-20-nearest-neighbors.weighted-f1,titan2025.cptac-brca.cptac-brca-her2-status.titan2025-frozen-20-nearest-neighbors.weighted-f1,task.cptac-brca.cptac-brca-her2-status,artifact.cptac-brca,https://media.springernature.com/original/springer-static/esm/art%3A10.1038%2Fs41591-025-03982-3/MediaObjects/41591_2025_3982_MOESM1_ESM.pdf,paper=TITAN|supplementary_table=46|cohort=CPTAC|model=TITANV|evaluator=20_nearest_neighbors|metric=weighted_f1,26321e4018bec7b80f2fe7ea7cc497139c83b44fb60df5128417623ad1f71a70,machine_parsed_single_primary_source,parsed_primary_source,Exact leaf result; protocol variants remain distinct and are not deduplicated by dataset name alone.
titan2025,titan_paper,Supplementary Table 46,cptac-brca,CPTAC-BRCA HER2 status,molecular_biomarker,HER2,patient,classification,103,slide_level_classification,auroc,titan2025_frozen_logistic_regression,TITAN vision-language,titan-slide,github:mahmoodlab/TITAN@9e34c66ff66445c6c590da0dbf7acc103d39a40b,0.669,reported_error=0.0463,titan2025.cptac-brca.cptac-brca-her2-status.titan2025-frozen-logistic-regression.auroc,titan2025.cptac-brca.cptac-brca-her2-status.titan2025-frozen-logistic-regression.auroc,task.cptac-brca.cptac-brca-her2-status,artifact.cptac-brca,https://media.springernature.com/original/springer-static/esm/art%3A10.1038%2Fs41591-025-03982-3/MediaObjects/41591_2025_3982_MOESM1_ESM.pdf,paper=TITAN|supplementary_table=46|cohort=CPTAC|model=TITAN|evaluator=logistic_regression|metric=auroc,26321e4018bec7b80f2fe7ea7cc497139c83b44fb60df5128417623ad1f71a70,machine_parsed_single_primary_source,parsed_primary_source,Exact leaf result; protocol variants remain distinct and are not deduplicated by dataset name alone.
titan2025,titan_paper,Supplementary Table 46,cptac-brca,CPTAC-BRCA HER2 status,molecular_biomarker,HER2,patient,classification,103,slide_level_classification,balanced_accuracy,titan2025_frozen_logistic_regression,TITAN vision-language,titan-slide,github:mahmoodlab/TITAN@9e34c66ff66445c6c590da0dbf7acc103d39a40b,0.544,reported_error=0.1170,titan2025.cptac-brca.cptac-brca-her2-status.titan2025-frozen-logistic-regression.balanced-accuracy,titan2025.cptac-brca.cptac-brca-her2-status.titan2025-frozen-logistic-regression.balanced-accuracy,task.cptac-brca.cptac-brca-her2-status,artifact.cptac-brca,https://media.springernature.com/original/springer-static/esm/art%3A10.1038%2Fs41591-025-03982-3/MediaObjects/41591_2025_3982_MOESM1_ESM.pdf,paper=TITAN|supplementary_table=46|cohort=CPTAC|model=TITAN|evaluator=logistic_regression|metric=balanced_accuracy,26321e4018bec7b80f2fe7ea7cc497139c83b44fb60df5128417623ad1f71a70,machine_parsed_single_primary_source,parsed_primary_source,Exact leaf result; protocol variants remain distinct and are not deduplicated by dataset name alone.
titan2025,titan_paper,Supplementary Table 46,cptac-brca,CPTAC-BRCA HER2 status,molecular_biomarker,HER2,patient,classification,103,slide_level_classification,balanced_accuracy,titan2025_frozen_simpleshot,TITAN vision-language,titan-slide,github:mahmoodlab/TITAN@9e34c66ff66445c6c590da0dbf7acc103d39a40b,0.617,reported_error=0.0282,titan2025.cptac-brca.cptac-brca-her2-status.titan2025-frozen-simpleshot.balanced-accuracy,titan2025.cptac-brca.cptac-brca-her2-status.titan2025-frozen-simpleshot.balanced-accuracy,task.cptac-brca.cptac-brca-her2-status,artifact.cptac-brca,https://media.springernature.com/original/springer-static/esm/art%3A10.1038%2Fs41591-025-03982-3/MediaObjects/41591_2025_3982_MOESM1_ESM.pdf,paper=TITAN|supplementary_table=46|cohort=CPTAC|model=TITAN|evaluator=simpleshot|metric=balanced_accuracy,26321e4018bec7b80f2fe7ea7cc497139c83b44fb60df5128417623ad1f71a70,machine_parsed_single_primary_source,parsed_primary_source,Exact leaf result; protocol variants remain distinct and are not deduplicated by dataset name alone.
titan2025,titan_paper,Supplementary Table 46,cptac-brca,CPTAC-BRCA HER2 status,molecular_biomarker,HER2,patient,classification,103,slide_level_classification,weighted_f1,titan2025_frozen_simpleshot,TITAN vision-language,titan-slide,github:mahmoodlab/TITAN@9e34c66ff66445c6c590da0dbf7acc103d39a40b,0.397,reported_error=0.0564,titan2025.cptac-brca.cptac-brca-her2-status.titan2025-frozen-simpleshot.weighted-f1,titan2025.cptac-brca.cptac-brca-her2-status.titan2025-frozen-simpleshot.weighted-f1,task.cptac-brca.cptac-brca-her2-status,artifact.cptac-brca,https://media.springernature.com/original/springer-static/esm/art%3A10.1038%2Fs41591-025-03982-3/MediaObjects/41591_2025_3982_MOESM1_ESM.pdf,paper=TITAN|supplementary_table=46|cohort=CPTAC|model=TITAN|evaluator=simpleshot|metric=weighted_f1,26321e4018bec7b80f2fe7ea7cc497139c83b44fb60df5128417623ad1f71a70,machine_parsed_single_primary_source,parsed_primary_source,Exact leaf result; protocol variants remain distinct and are not deduplicated by dataset name alone.
titan2025,titan_paper,Supplementary Table 46,cptac-brca,CPTAC-BRCA HER2 status,molecular_biomarker,HER2,patient,classification,103,slide_level_classification,balanced_accuracy,titan2025_frozen_20_nearest_neighbors,TITAN vision-language,titan-slide,github:mahmoodlab/TITAN@9e34c66ff66445c6c590da0dbf7acc103d39a40b,0.499,reported_error=0.0022,titan2025.cptac-brca.cptac-brca-her2-status.titan2025-frozen-20-nearest-neighbors.balanced-accuracy,titan2025.cptac-brca.cptac-brca-her2-status.titan2025-frozen-20-nearest-neighbors.balanced-accuracy,task.cptac-brca.cptac-brca-her2-status,artifact.cptac-brca,https://media.springernature.com/original/springer-static/esm/art%3A10.1038%2Fs41591-025-03982-3/MediaObjects/41591_2025_3982_MOESM1_ESM.pdf,paper=TITAN|supplementary_table=46|cohort=CPTAC|model=TITAN|evaluator=20_nearest_neighbors|metric=balanced_accuracy,26321e4018bec7b80f2fe7ea7cc497139c83b44fb60df5128417623ad1f71a70,machine_parsed_single_primary_source,parsed_primary_source,Exact leaf result; protocol variants remain distinct and are not deduplicated by dataset name alone.
titan2025,titan_paper,Supplementary Table 46,cptac-brca,CPTAC-BRCA HER2 status,molecular_biomarker,HER2,patient,classification,103,slide_level_classification,weighted_f1,titan2025_frozen_20_nearest_neighbors,TITAN vision-language,titan-slide,github:mahmoodlab/TITAN@9e34c66ff66445c6c590da0dbf7acc103d39a40b,0.814,reported_error=0.0019,titan2025.cptac-brca.cptac-brca-her2-status.titan2025-frozen-20-nearest-neighbors.weighted-f1,titan2025.cptac-brca.cptac-brca-her2-status.titan2025-frozen-20-nearest-neighbors.weighted-f1,task.cptac-brca.cptac-brca-her2-status,artifact.cptac-brca,https://media.springernature.com/original/springer-static/esm/art%3A10.1038%2Fs41591-025-03982-3/MediaObjects/41591_2025_3982_MOESM1_ESM.pdf,paper=TITAN|supplementary_table=46|cohort=CPTAC|model=TITAN|evaluator=20_nearest_neighbors|metric=weighted_f1,26321e4018bec7b80f2fe7ea7cc497139c83b44fb60df5128417623ad1f71a70,machine_parsed_single_primary_source,parsed_primary_source,Exact leaf result; protocol variants remain distinct and are not deduplicated by dataset name alone.
titan2025,titan_paper,Supplementary Table 47,tcga-brca,TCGA-BRCA PIK3CA status,molecular_biomarker,PIK3CA,patient,classification,970,slide_level_classification,auroc,titan2025_frozen_logistic_regression,TITAN-V vision-only,titan-v-slide,github:mahmoodlab/TITAN@9e34c66ff66445c6c590da0dbf7acc103d39a40b,0.636,reported_error=0.0582,titan2025.tcga-brca.tcga-brca-pik3ca-status.titan2025-frozen-logistic-regression.auroc,titan2025.tcga-brca.tcga-brca-pik3ca-status.titan2025-frozen-logistic-regression.auroc,task.tcga-brca.tcga-brca-pik3ca-status,artifact.tcga-brca,https://media.springernature.com/original/springer-static/esm/art%3A10.1038%2Fs41591-025-03982-3/MediaObjects/41591_2025_3982_MOESM1_ESM.pdf,paper=TITAN|supplementary_table=47|cohort=TCGA|model=TITANV|evaluator=logistic_regression|metric=auroc,26321e4018bec7b80f2fe7ea7cc497139c83b44fb60df5128417623ad1f71a70,machine_parsed_single_primary_source,parsed_primary_source,Exact leaf result; protocol variants remain distinct and are not deduplicated by dataset name alone.
titan2025,titan_paper,Supplementary Table 47,tcga-brca,TCGA-BRCA PIK3CA status,molecular_biomarker,PIK3CA,patient,classification,970,slide_level_classification,balanced_accuracy,titan2025_frozen_logistic_regression,TITAN-V vision-only,titan-v-slide,github:mahmoodlab/TITAN@9e34c66ff66445c6c590da0dbf7acc103d39a40b,0.505,reported_error=0.0134,titan2025.tcga-brca.tcga-brca-pik3ca-status.titan2025-frozen-logistic-regression.balanced-accuracy,titan2025.tcga-brca.tcga-brca-pik3ca-status.titan2025-frozen-logistic-regression.balanced-accuracy,task.tcga-brca.tcga-brca-pik3ca-status,artifact.tcga-brca,https://media.springernature.com/original/springer-static/esm/art%3A10.1038%2Fs41591-025-03982-3/MediaObjects/41591_2025_3982_MOESM1_ESM.pdf,paper=TITAN|supplementary_table=47|cohort=TCGA|model=TITANV|evaluator=logistic_regression|metric=balanced_accuracy,26321e4018bec7b80f2fe7ea7cc497139c83b44fb60df5128417623ad1f71a70,machine_parsed_single_primary_source,parsed_primary_source,Exact leaf result; protocol variants remain distinct and are not deduplicated by dataset name alone.
titan2025,titan_paper,Supplementary Table 47,tcga-brca,TCGA-BRCA PIK3CA status,molecular_biomarker,PIK3CA,patient,classification,970,slide_level_classification,balanced_accuracy,titan2025_frozen_simpleshot,TITAN-V vision-only,titan-v-slide,github:mahmoodlab/TITAN@9e34c66ff66445c6c590da0dbf7acc103d39a40b,0.609,reported_error=0.0472,titan2025.tcga-brca.tcga-brca-pik3ca-status.titan2025-frozen-simpleshot.balanced-accuracy,titan2025.tcga-brca.tcga-brca-pik3ca-status.titan2025-frozen-simpleshot.balanced-accuracy,task.tcga-brca.tcga-brca-pik3ca-status,artifact.tcga-brca,https://media.springernature.com/original/springer-static/esm/art%3A10.1038%2Fs41591-025-03982-3/MediaObjects/41591_2025_3982_MOESM1_ESM.pdf,paper=TITAN|supplementary_table=47|cohort=TCGA|model=TITANV|evaluator=simpleshot|metric=balanced_accuracy,26321e4018bec7b80f2fe7ea7cc497139c83b44fb60df5128417623ad1f71a70,machine_parsed_single_primary_source,parsed_primary_source,Exact leaf result; protocol variants remain distinct and are not deduplicated by dataset name alone.
titan2025,titan_paper,Supplementary Table 47,tcga-brca,TCGA-BRCA PIK3CA status,molecular_biomarker,PIK3CA,patient,classification,970,slide_level_classification,weighted_f1,titan2025_frozen_simpleshot,TITAN-V vision-only,titan-v-slide,github:mahmoodlab/TITAN@9e34c66ff66445c6c590da0dbf7acc103d39a40b,0.605,reported_error=0.0250,titan2025.tcga-brca.tcga-brca-pik3ca-status.titan2025-frozen-simpleshot.weighted-f1,titan2025.tcga-brca.tcga-brca-pik3ca-status.titan2025-frozen-simpleshot.weighted-f1,task.tcga-brca.tcga-brca-pik3ca-status,artifact.tcga-brca,https://media.springernature.com/original/springer-static/esm/art%3A10.1038%2Fs41591-025-03982-3/MediaObjects/41591_2025_3982_MOESM1_ESM.pdf,paper=TITAN|supplementary_table=47|cohort=TCGA|model=TITANV|evaluator=simpleshot|metric=weighted_f1,26321e4018bec7b80f2fe7ea7cc497139c83b44fb60df5128417623ad1f71a70,machine_parsed_single_primary_source,parsed_primary_source,Exact leaf result; protocol variants remain distinct and are not deduplicated by dataset name alone.
titan2025,titan_paper,Supplementary Table 47,tcga-brca,TCGA-BRCA PIK3CA status,molecular_biomarker,PIK3CA,patient,classification,970,slide_level_classification,balanced_accuracy,titan2025_frozen_20_nearest_neighbors,TITAN-V vision-only,titan-v-slide,github:mahmoodlab/TITAN@9e34c66ff66445c6c590da0dbf7acc103d39a40b,0.537,reported_error=0.0159,titan2025.tcga-brca.tcga-brca-pik3ca-status.titan2025-frozen-20-nearest-neighbors.balanced-accuracy,titan2025.tcga-brca.tcga-brca-pik3ca-status.titan2025-frozen-20-nearest-neighbors.balanced-accuracy,task.tcga-brca.tcga-brca-pik3ca-status,artifact.tcga-brca,https://media.springernature.com/original/springer-static/esm/art%3A10.1038%2Fs41591-025-03982-3/MediaObjects/41591_2025_3982_MOESM1_ESM.pdf,paper=TITAN|supplementary_table=47|cohort=TCGA|model=TITANV|evaluator=20_nearest_neighbors|metric=balanced_accuracy,26321e4018bec7b80f2fe7ea7cc497139c83b44fb60df5128417623ad1f71a70,machine_parsed_single_primary_source,parsed_primary_source,Exact leaf result; protocol variants remain distinct and are not deduplicated by dataset name alone.
titan2025,titan_paper,Supplementary Table 47,tcga-brca,TCGA-BRCA PIK3CA status,molecular_biomarker,PIK3CA,patient,classification,970,slide_level_classification,weighted_f1,titan2025_frozen_20_nearest_neighbors,TITAN-V vision-only,titan-v-slide,github:mahmoodlab/TITAN@9e34c66ff66445c6c590da0dbf7acc103d39a40b,0.573,reported_error=0.0278,titan2025.tcga-brca.tcga-brca-pik3ca-status.titan2025-frozen-20-nearest-neighbors.weighted-f1,titan2025.tcga-brca.tcga-brca-pik3ca-status.titan2025-frozen-20-nearest-neighbors.weighted-f1,task.tcga-brca.tcga-brca-pik3ca-status,artifact.tcga-brca,https://media.springernature.com/original/springer-static/esm/art%3A10.1038%2Fs41591-025-03982-3/MediaObjects/41591_2025_3982_MOESM1_ESM.pdf,paper=TITAN|supplementary_table=47|cohort=TCGA|model=TITANV|evaluator=20_nearest_neighbors|metric=weighted_f1,26321e4018bec7b80f2fe7ea7cc497139c83b44fb60df5128417623ad1f71a70,machine_parsed_single_primary_source,parsed_primary_source,Exact leaf result; protocol variants remain distinct and are not deduplicated by dataset name alone.
titan2025,titan_paper,Supplementary Table 47,tcga-brca,TCGA-BRCA PIK3CA status,molecular_biomarker,PIK3CA,patient,classification,970,slide_level_classification,auroc,titan2025_frozen_logistic_regression,TITAN vision-language,titan-slide,github:mahmoodlab/TITAN@9e34c66ff66445c6c590da0dbf7acc103d39a40b,0.645,reported_error=0.0545,titan2025.tcga-brca.tcga-brca-pik3ca-status.titan2025-frozen-logistic-regression.auroc,titan2025.tcga-brca.tcga-brca-pik3ca-status.titan2025-frozen-logistic-regression.auroc,task.tcga-brca.tcga-brca-pik3ca-status,artifact.tcga-brca,https://media.springernature.com/original/springer-static/esm/art%3A10.1038%2Fs41591-025-03982-3/MediaObjects/41591_2025_3982_MOESM1_ESM.pdf,paper=TITAN|supplementary_table=47|cohort=TCGA|model=TITAN|evaluator=logistic_regression|metric=auroc,26321e4018bec7b80f2fe7ea7cc497139c83b44fb60df5128417623ad1f71a70,machine_parsed_single_primary_source,parsed_primary_source,Exact leaf result; protocol variants remain distinct and are not deduplicated by dataset name alone.
titan2025,titan_paper,Supplementary Table 47,tcga-brca,TCGA-BRCA PIK3CA status,molecular_biomarker,PIK3CA,patient,classification,970,slide_level_classification,balanced_accuracy,titan2025_frozen_logistic_regression,TITAN vision-language,titan-slide,github:mahmoodlab/TITAN@9e34c66ff66445c6c590da0dbf7acc103d39a40b,0.513,reported_error=0.0140,titan2025.tcga-brca.tcga-brca-pik3ca-status.titan2025-frozen-logistic-regression.balanced-accuracy,titan2025.tcga-brca.tcga-brca-pik3ca-status.titan2025-frozen-logistic-regression.balanced-accuracy,task.tcga-brca.tcga-brca-pik3ca-status,artifact.tcga-brca,https://media.springernature.com/original/springer-static/esm/art%3A10.1038%2Fs41591-025-03982-3/MediaObjects/41591_2025_3982_MOESM1_ESM.pdf,paper=TITAN|supplementary_table=47|cohort=TCGA|model=TITAN|evaluator=logistic_regression|metric=balanced_accuracy,26321e4018bec7b80f2fe7ea7cc497139c83b44fb60df5128417623ad1f71a70,machine_parsed_single_primary_source,parsed_primary_source,Exact leaf result; protocol variants remain distinct and are not deduplicated by dataset name alone.
titan2025,titan_paper,Supplementary Table 47,tcga-brca,TCGA-BRCA PIK3CA status,molecular_biomarker,PIK3CA,patient,classification,970,slide_level_classification,balanced_accuracy,titan2025_frozen_simpleshot,TITAN vision-language,titan-slide,github:mahmoodlab/TITAN@9e34c66ff66445c6c590da0dbf7acc103d39a40b,0.619,reported_error=0.0395,titan2025.tcga-brca.tcga-brca-pik3ca-status.titan2025-frozen-simpleshot.balanced-accuracy,titan2025.tcga-brca.tcga-brca-pik3ca-status.titan2025-frozen-simpleshot.balanced-accuracy,task.tcga-brca.tcga-brca-pik3ca-status,artifact.tcga-brca,https://media.springernature.com/original/springer-static/esm/art%3A10.1038%2Fs41591-025-03982-3/MediaObjects/41591_2025_3982_MOESM1_ESM.pdf,paper=TITAN|supplementary_table=47|cohort=TCGA|model=TITAN|evaluator=simpleshot|metric=balanced_accuracy,26321e4018bec7b80f2fe7ea7cc497139c83b44fb60df5128417623ad1f71a70,machine_parsed_single_primary_source,parsed_primary_source,Exact leaf result; protocol variants remain distinct and are not deduplicated by dataset name alone.
titan2025,titan_paper,Supplementary Table 47,tcga-brca,TCGA-BRCA PIK3CA status,molecular_biomarker,PIK3CA,patient,classification,970,slide_level_classification,weighted_f1,titan2025_frozen_simpleshot,TITAN vision-language,titan-slide,github:mahmoodlab/TITAN@9e34c66ff66445c6c590da0dbf7acc103d39a40b,0.620,reported_error=0.0193,titan2025.tcga-brca.tcga-brca-pik3ca-status.titan2025-frozen-simpleshot.weighted-f1,titan2025.tcga-brca.tcga-brca-pik3ca-status.titan2025-frozen-simpleshot.weighted-f1,task.tcga-brca.tcga-brca-pik3ca-status,artifact.tcga-brca,https://media.springernature.com/original/springer-static/esm/art%3A10.1038%2Fs41591-025-03982-3/MediaObjects/41591_2025_3982_MOESM1_ESM.pdf,paper=TITAN|supplementary_table=47|cohort=TCGA|model=TITAN|evaluator=simpleshot|metric=weighted_f1,26321e4018bec7b80f2fe7ea7cc497139c83b44fb60df5128417623ad1f71a70,machine_parsed_single_primary_source,parsed_primary_source,Exact leaf result; protocol variants remain distinct and are not deduplicated by dataset name alone.
titan2025,titan_paper,Supplementary Table 47,tcga-brca,TCGA-BRCA PIK3CA status,molecular_biomarker,PIK3CA,patient,classification,970,slide_level_classification,balanced_accuracy,titan2025_frozen_20_nearest_neighbors,TITAN vision-language,titan-slide,github:mahmoodlab/TITAN@9e34c66ff66445c6c590da0dbf7acc103d39a40b,0.560,reported_error=0.0207,titan2025.tcga-brca.tcga-brca-pik3ca-status.titan2025-frozen-20-nearest-neighbors.balanced-accuracy,titan2025.tcga-brca.tcga-brca-pik3ca-status.titan2025-frozen-20-nearest-neighbors.balanced-accuracy,task.tcga-brca.tcga-brca-pik3ca-status,artifact.tcga-brca,https://media.springernature.com/original/springer-static/esm/art%3A10.1038%2Fs41591-025-03982-3/MediaObjects/41591_2025_3982_MOESM1_ESM.pdf,paper=TITAN|supplementary_table=47|cohort=TCGA|model=TITAN|evaluator=20_nearest_neighbors|metric=balanced_accuracy,26321e4018bec7b80f2fe7ea7cc497139c83b44fb60df5128417623ad1f71a70,machine_parsed_single_primary_source,parsed_primary_source,Exact leaf result; protocol variants remain distinct and are not deduplicated by dataset name alone.
titan2025,titan_paper,Supplementary Table 47,tcga-brca,TCGA-BRCA PIK3CA status,molecular_biomarker,PIK3CA,patient,classification,970,slide_level_classification,weighted_f1,titan2025_frozen_20_nearest_neighbors,TITAN vision-language,titan-slide,github:mahmoodlab/TITAN@9e34c66ff66445c6c590da0dbf7acc103d39a40b,0.605,reported_error=0.0199,titan2025.tcga-brca.tcga-brca-pik3ca-status.titan2025-frozen-20-nearest-neighbors.weighted-f1,titan2025.tcga-brca.tcga-brca-pik3ca-status.titan2025-frozen-20-nearest-neighbors.weighted-f1,task.tcga-brca.tcga-brca-pik3ca-status,artifact.tcga-brca,https://media.springernature.com/original/springer-static/esm/art%3A10.1038%2Fs41591-025-03982-3/MediaObjects/41591_2025_3982_MOESM1_ESM.pdf,paper=TITAN|supplementary_table=47|cohort=TCGA|model=TITAN|evaluator=20_nearest_neighbors|metric=weighted_f1,26321e4018bec7b80f2fe7ea7cc497139c83b44fb60df5128417623ad1f71a70,machine_parsed_single_primary_source,parsed_primary_source,Exact leaf result; protocol variants remain distinct and are not deduplicated by dataset name alone.
titan2025,titan_paper,Supplementary Table 47,cptac-brca,CPTAC-BRCA PIK3CA status,molecular_biomarker,PIK3CA,patient,classification,103,slide_level_classification,auroc,titan2025_frozen_logistic_regression,TITAN-V vision-only,titan-v-slide,github:mahmoodlab/TITAN@9e34c66ff66445c6c590da0dbf7acc103d39a40b,0.699,reported_error=0.0136,titan2025.cptac-brca.cptac-brca-pik3ca-status.titan2025-frozen-logistic-regression.auroc,titan2025.cptac-brca.cptac-brca-pik3ca-status.titan2025-frozen-logistic-regression.auroc,task.cptac-brca.cptac-brca-pik3ca-status,artifact.cptac-brca,https://media.springernature.com/original/springer-static/esm/art%3A10.1038%2Fs41591-025-03982-3/MediaObjects/41591_2025_3982_MOESM1_ESM.pdf,paper=TITAN|supplementary_table=47|cohort=CPTAC|model=TITANV|evaluator=logistic_regression|metric=auroc,26321e4018bec7b80f2fe7ea7cc497139c83b44fb60df5128417623ad1f71a70,machine_parsed_single_primary_source,parsed_primary_source,Exact leaf result; protocol variants remain distinct and are not deduplicated by dataset name alone.
titan2025,titan_paper,Supplementary Table 47,cptac-brca,CPTAC-BRCA PIK3CA status,molecular_biomarker,PIK3CA,patient,classification,103,slide_level_classification,balanced_accuracy,titan2025_frozen_logistic_regression,TITAN-V vision-only,titan-v-slide,github:mahmoodlab/TITAN@9e34c66ff66445c6c590da0dbf7acc103d39a40b,0.507,reported_error=0.0133,titan2025.cptac-brca.cptac-brca-pik3ca-status.titan2025-frozen-logistic-regression.balanced-accuracy,titan2025.cptac-brca.cptac-brca-pik3ca-status.titan2025-frozen-logistic-regression.balanced-accuracy,task.cptac-brca.cptac-brca-pik3ca-status,artifact.cptac-brca,https://media.springernature.com/original/springer-static/esm/art%3A10.1038%2Fs41591-025-03982-3/MediaObjects/41591_2025_3982_MOESM1_ESM.pdf,paper=TITAN|supplementary_table=47|cohort=CPTAC|model=TITANV|evaluator=logistic_regression|metric=balanced_accuracy,26321e4018bec7b80f2fe7ea7cc497139c83b44fb60df5128417623ad1f71a70,machine_parsed_single_primary_source,parsed_primary_source,Exact leaf result; protocol variants remain distinct and are not deduplicated by dataset name alone.
titan2025,titan_paper,Supplementary Table 47,cptac-brca,CPTAC-BRCA PIK3CA status,molecular_biomarker,PIK3CA,patient,classification,103,slide_level_classification,balanced_accuracy,titan2025_frozen_simpleshot,TITAN-V vision-only,titan-v-slide,github:mahmoodlab/TITAN@9e34c66ff66445c6c590da0dbf7acc103d39a40b,0.547,reported_error=0.0218,titan2025.cptac-brca.cptac-brca-pik3ca-status.titan2025-frozen-simpleshot.balanced-accuracy,titan2025.cptac-brca.cptac-brca-pik3ca-status.titan2025-frozen-simpleshot.balanced-accuracy,task.cptac-brca.cptac-brca-pik3ca-status,artifact.cptac-brca,https://media.springernature.com/original/springer-static/esm/art%3A10.1038%2Fs41591-025-03982-3/MediaObjects/41591_2025_3982_MOESM1_ESM.pdf,paper=TITAN|supplementary_table=47|cohort=CPTAC|model=TITANV|evaluator=simpleshot|metric=balanced_accuracy,26321e4018bec7b80f2fe7ea7cc497139c83b44fb60df5128417623ad1f71a70,machine_parsed_single_primary_source,parsed_primary_source,Exact leaf result; protocol variants remain distinct and are not deduplicated by dataset name alone.
titan2025,titan_paper,Supplementary Table 47,cptac-brca,CPTAC-BRCA PIK3CA status,molecular_biomarker,PIK3CA,patient,classification,103,slide_level_classification,weighted_f1,titan2025_frozen_simpleshot,TITAN-V vision-only,titan-v-slide,github:mahmoodlab/TITAN@9e34c66ff66445c6c590da0dbf7acc103d39a40b,0.592,reported_error=0.0290,titan2025.cptac-brca.cptac-brca-pik3ca-status.titan2025-frozen-simpleshot.weighted-f1,titan2025.cptac-brca.cptac-brca-pik3ca-status.titan2025-frozen-simpleshot.weighted-f1,task.cptac-brca.cptac-brca-pik3ca-status,artifact.cptac-brca,https://media.springernature.com/original/springer-static/esm/art%3A10.1038%2Fs41591-025-03982-3/MediaObjects/41591_2025_3982_MOESM1_ESM.pdf,paper=TITAN|supplementary_table=47|cohort=CPTAC|model=TITANV|evaluator=simpleshot|metric=weighted_f1,26321e4018bec7b80f2fe7ea7cc497139c83b44fb60df5128417623ad1f71a70,machine_parsed_single_primary_source,parsed_primary_source,Exact leaf result; protocol variants remain distinct and are not deduplicated by dataset name alone.
titan2025,titan_paper,Supplementary Table 47,cptac-brca,CPTAC-BRCA PIK3CA status,molecular_biomarker,PIK3CA,patient,classification,103,slide_level_classification,balanced_accuracy,titan2025_frozen_20_nearest_neighbors,TITAN-V vision-only,titan-v-slide,github:mahmoodlab/TITAN@9e34c66ff66445c6c590da0dbf7acc103d39a40b,0.477,reported_error=0.0363,titan2025.cptac-brca.cptac-brca-pik3ca-status.titan2025-frozen-20-nearest-neighbors.balanced-accuracy,titan2025.cptac-brca.cptac-brca-pik3ca-status.titan2025-frozen-20-nearest-neighbors.balanced-accuracy,task.cptac-brca.cptac-brca-pik3ca-status,artifact.cptac-brca,https://media.springernature.com/original/springer-static/esm/art%3A10.1038%2Fs41591-025-03982-3/MediaObjects/41591_2025_3982_MOESM1_ESM.pdf,paper=TITAN|supplementary_table=47|cohort=CPTAC|model=TITANV|evaluator=20_nearest_neighbors|metric=balanced_accuracy,26321e4018bec7b80f2fe7ea7cc497139c83b44fb60df5128417623ad1f71a70,machine_parsed_single_primary_source,parsed_primary_source,Exact leaf result; protocol variants remain distinct and are not deduplicated by dataset name alone.
titan2025,titan_paper,Supplementary Table 47,cptac-brca,CPTAC-BRCA PIK3CA status,molecular_biomarker,PIK3CA,patient,classification,103,slide_level_classification,weighted_f1,titan2025_frozen_20_nearest_neighbors,TITAN-V vision-only,titan-v-slide,github:mahmoodlab/TITAN@9e34c66ff66445c6c590da0dbf7acc103d39a40b,0.449,reported_error=0.0309,titan2025.cptac-brca.cptac-brca-pik3ca-status.titan2025-frozen-20-nearest-neighbors.weighted-f1,titan2025.cptac-brca.cptac-brca-pik3ca-status.titan2025-frozen-20-nearest-neighbors.weighted-f1,task.cptac-brca.cptac-brca-pik3ca-status,artifact.cptac-brca,https://media.springernature.com/original/springer-static/esm/art%3A10.1038%2Fs41591-025-03982-3/MediaObjects/41591_2025_3982_MOESM1_ESM.pdf,paper=TITAN|supplementary_table=47|cohort=CPTAC|model=TITANV|evaluator=20_nearest_neighbors|metric=weighted_f1,26321e4018bec7b80f2fe7ea7cc497139c83b44fb60df5128417623ad1f71a70,machine_parsed_single_primary_source,parsed_primary_source,Exact leaf result; protocol variants remain distinct and are not deduplicated by dataset name alone.
titan2025,titan_paper,Supplementary Table 47,cptac-brca,CPTAC-BRCA PIK3CA status,molecular_biomarker,PIK3CA,patient,classification,103,slide_level_classification,auroc,titan2025_frozen_logistic_regression,TITAN vision-language,titan-slide,github:mahmoodlab/TITAN@9e34c66ff66445c6c590da0dbf7acc103d39a40b,0.693,reported_error=0.0150,titan2025.cptac-brca.cptac-brca-pik3ca-status.titan2025-frozen-logistic-regression.auroc,titan2025.cptac-brca.cptac-brca-pik3ca-status.titan2025-frozen-logistic-regression.auroc,task.cptac-brca.cptac-brca-pik3ca-status,artifact.cptac-brca,https://media.springernature.com/original/springer-static/esm/art%3A10.1038%2Fs41591-025-03982-3/MediaObjects/41591_2025_3982_MOESM1_ESM.pdf,paper=TITAN|supplementary_table=47|cohort=CPTAC|model=TITAN|evaluator=logistic_regression|metric=auroc,26321e4018bec7b80f2fe7ea7cc497139c83b44fb60df5128417623ad1f71a70,machine_parsed_single_primary_source,parsed_primary_source,Exact leaf result; protocol variants remain distinct and are not deduplicated by dataset name alone.
titan2025,titan_paper,Supplementary Table 47,cptac-brca,CPTAC-BRCA PIK3CA status,molecular_biomarker,PIK3CA,patient,classification,103,slide_level_classification,balanced_accuracy,titan2025_frozen_logistic_regression,TITAN vision-language,titan-slide,github:mahmoodlab/TITAN@9e34c66ff66445c6c590da0dbf7acc103d39a40b,0.506,reported_error=0.0111,titan2025.cptac-brca.cptac-brca-pik3ca-status.titan2025-frozen-logistic-regression.balanced-accuracy,titan2025.cptac-brca.cptac-brca-pik3ca-status.titan2025-frozen-logistic-regression.balanced-accuracy,task.cptac-brca.cptac-brca-pik3ca-status,artifact.cptac-brca,https://media.springernature.com/original/springer-static/esm/art%3A10.1038%2Fs41591-025-03982-3/MediaObjects/41591_2025_3982_MOESM1_ESM.pdf,paper=TITAN|supplementary_table=47|cohort=CPTAC|model=TITAN|evaluator=logistic_regression|metric=balanced_accuracy,26321e4018bec7b80f2fe7ea7cc497139c83b44fb60df5128417623ad1f71a70,machine_parsed_single_primary_source,parsed_primary_source,Exact leaf result; protocol variants remain distinct and are not deduplicated by dataset name alone.
titan2025,titan_paper,Supplementary Table 47,cptac-brca,CPTAC-BRCA PIK3CA status,molecular_biomarker,PIK3CA,patient,classification,103,slide_level_classification,balanced_accuracy,titan2025_frozen_simpleshot,TITAN vision-language,titan-slide,github:mahmoodlab/TITAN@9e34c66ff66445c6c590da0dbf7acc103d39a40b,0.564,reported_error=0.0223,titan2025.cptac-brca.cptac-brca-pik3ca-status.titan2025-frozen-simpleshot.balanced-accuracy,titan2025.cptac-brca.cptac-brca-pik3ca-status.titan2025-frozen-simpleshot.balanced-accuracy,task.cptac-brca.cptac-brca-pik3ca-status,artifact.cptac-brca,https://media.springernature.com/original/springer-static/esm/art%3A10.1038%2Fs41591-025-03982-3/MediaObjects/41591_2025_3982_MOESM1_ESM.pdf,paper=TITAN|supplementary_table=47|cohort=CPTAC|model=TITAN|evaluator=simpleshot|metric=balanced_accuracy,26321e4018bec7b80f2fe7ea7cc497139c83b44fb60df5128417623ad1f71a70,machine_parsed_single_primary_source,parsed_primary_source,Exact leaf result; protocol variants remain distinct and are not deduplicated by dataset name alone.
titan2025,titan_paper,Supplementary Table 47,cptac-brca,CPTAC-BRCA PIK3CA status,molecular_biomarker,PIK3CA,patient,classification,103,slide_level_classification,weighted_f1,titan2025_frozen_simpleshot,TITAN vision-language,titan-slide,github:mahmoodlab/TITAN@9e34c66ff66445c6c590da0dbf7acc103d39a40b,0.619,reported_error=0.0229,titan2025.cptac-brca.cptac-brca-pik3ca-status.titan2025-frozen-simpleshot.weighted-f1,titan2025.cptac-brca.cptac-brca-pik3ca-status.titan2025-frozen-simpleshot.weighted-f1,task.cptac-brca.cptac-brca-pik3ca-status,artifact.cptac-brca,https://media.springernature.com/original/springer-static/esm/art%3A10.1038%2Fs41591-025-03982-3/MediaObjects/41591_2025_3982_MOESM1_ESM.pdf,paper=TITAN|supplementary_table=47|cohort=CPTAC|model=TITAN|evaluator=simpleshot|metric=weighted_f1,26321e4018bec7b80f2fe7ea7cc497139c83b44fb60df5128417623ad1f71a70,machine_parsed_single_primary_source,parsed_primary_source,Exact leaf result; protocol variants remain distinct and are not deduplicated by dataset name alone.
titan2025,titan_paper,Supplementary Table 47,cptac-brca,CPTAC-BRCA PIK3CA status,molecular_biomarker,PIK3CA,patient,classification,103,slide_level_classification,balanced_accuracy,titan2025_frozen_20_nearest_neighbors,TITAN vision-language,titan-slide,github:mahmoodlab/TITAN@9e34c66ff66445c6c590da0dbf7acc103d39a40b,0.521,reported_error=0.0215,titan2025.cptac-brca.cptac-brca-pik3ca-status.titan2025-frozen-20-nearest-neighbors.balanced-accuracy,titan2025.cptac-brca.cptac-brca-pik3ca-status.titan2025-frozen-20-nearest-neighbors.balanced-accuracy,task.cptac-brca.cptac-brca-pik3ca-status,artifact.cptac-brca,https://media.springernature.com/original/springer-static/esm/art%3A10.1038%2Fs41591-025-03982-3/MediaObjects/41591_2025_3982_MOESM1_ESM.pdf,paper=TITAN|supplementary_table=47|cohort=CPTAC|model=TITAN|evaluator=20_nearest_neighbors|metric=balanced_accuracy,26321e4018bec7b80f2fe7ea7cc497139c83b44fb60df5128417623ad1f71a70,machine_parsed_single_primary_source,parsed_primary_source,Exact leaf result; protocol variants remain distinct and are not deduplicated by dataset name alone.
titan2025,titan_paper,Supplementary Table 47,cptac-brca,CPTAC-BRCA PIK3CA status,molecular_biomarker,PIK3CA,patient,classification,103,slide_level_classification,weighted_f1,titan2025_frozen_20_nearest_neighbors,TITAN vision-language,titan-slide,github:mahmoodlab/TITAN@9e34c66ff66445c6c590da0dbf7acc103d39a40b,0.575,reported_error=0.0223,titan2025.cptac-brca.cptac-brca-pik3ca-status.titan2025-frozen-20-nearest-neighbors.weighted-f1,titan2025.cptac-brca.cptac-brca-pik3ca-status.titan2025-frozen-20-nearest-neighbors.weighted-f1,task.cptac-brca.cptac-brca-pik3ca-status,artifact.cptac-brca,https://media.springernature.com/original/springer-static/esm/art%3A10.1038%2Fs41591-025-03982-3/MediaObjects/41591_2025_3982_MOESM1_ESM.pdf,paper=TITAN|supplementary_table=47|cohort=CPTAC|model=TITAN|evaluator=20_nearest_neighbors|metric=weighted_f1,26321e4018bec7b80f2fe7ea7cc497139c83b44fb60df5128417623ad1f71a70,machine_parsed_single_primary_source,parsed_primary_source,Exact leaf result; protocol variants remain distinct and are not deduplicated by dataset name alone.
titan2025,titan_paper,Supplementary Table 48,tcga-nsclc,TCGA-NSCLC EGFR mutation,molecular_biomarker,EGFR,patient,classification,462,slide_level_classification,auroc,titan2025_frozen_logistic_regression,TITAN-V vision-only,titan-v-slide,github:mahmoodlab/TITAN@9e34c66ff66445c6c590da0dbf7acc103d39a40b,0.721,reported_error=0.0510,titan2025.tcga-nsclc.tcga-nsclc-egfr-mutation.titan2025-frozen-logistic-regression.auroc,titan2025.tcga-nsclc.tcga-nsclc-egfr-mutation.titan2025-frozen-logistic-regression.auroc,task.tcga-nsclc.tcga-nsclc-egfr-mutation,artifact.tcga-nsclc,https://media.springernature.com/original/springer-static/esm/art%3A10.1038%2Fs41591-025-03982-3/MediaObjects/41591_2025_3982_MOESM1_ESM.pdf,paper=TITAN|supplementary_table=48|cohort=TCGA|model=TITANV|evaluator=logistic_regression|metric=auroc,26321e4018bec7b80f2fe7ea7cc497139c83b44fb60df5128417623ad1f71a70,machine_parsed_single_primary_source,parsed_primary_source,Exact leaf result; protocol variants remain distinct and are not deduplicated by dataset name alone.
titan2025,titan_paper,Supplementary Table 48,tcga-nsclc,TCGA-NSCLC EGFR mutation,molecular_biomarker,EGFR,patient,classification,462,slide_level_classification,balanced_accuracy,titan2025_frozen_logistic_regression,TITAN-V vision-only,titan-v-slide,github:mahmoodlab/TITAN@9e34c66ff66445c6c590da0dbf7acc103d39a40b,0.500,reported_error=0.0000,titan2025.tcga-nsclc.tcga-nsclc-egfr-mutation.titan2025-frozen-logistic-regression.balanced-accuracy,titan2025.tcga-nsclc.tcga-nsclc-egfr-mutation.titan2025-frozen-logistic-regression.balanced-accuracy,task.tcga-nsclc.tcga-nsclc-egfr-mutation,artifact.tcga-nsclc,https://media.springernature.com/original/springer-static/esm/art%3A10.1038%2Fs41591-025-03982-3/MediaObjects/41591_2025_3982_MOESM1_ESM.pdf,paper=TITAN|supplementary_table=48|cohort=TCGA|model=TITANV|evaluator=logistic_regression|metric=balanced_accuracy,26321e4018bec7b80f2fe7ea7cc497139c83b44fb60df5128417623ad1f71a70,machine_parsed_single_primary_source,parsed_primary_source,Exact leaf result; protocol variants remain distinct and are not deduplicated by dataset name alone.
titan2025,titan_paper,Supplementary Table 48,tcga-nsclc,TCGA-NSCLC EGFR mutation,molecular_biomarker,EGFR,patient,classification,462,slide_level_classification,balanced_accuracy,titan2025_frozen_simpleshot,TITAN-V vision-only,titan-v-slide,github:mahmoodlab/TITAN@9e34c66ff66445c6c590da0dbf7acc103d39a40b,0.672,reported_error=0.0215,titan2025.tcga-nsclc.tcga-nsclc-egfr-mutation.titan2025-frozen-simpleshot.balanced-accuracy,titan2025.tcga-nsclc.tcga-nsclc-egfr-mutation.titan2025-frozen-simpleshot.balanced-accuracy,task.tcga-nsclc.tcga-nsclc-egfr-mutation,artifact.tcga-nsclc,https://media.springernature.com/original/springer-static/esm/art%3A10.1038%2Fs41591-025-03982-3/MediaObjects/41591_2025_3982_MOESM1_ESM.pdf,paper=TITAN|supplementary_table=48|cohort=TCGA|model=TITANV|evaluator=simpleshot|metric=balanced_accuracy,26321e4018bec7b80f2fe7ea7cc497139c83b44fb60df5128417623ad1f71a70,machine_parsed_single_primary_source,parsed_primary_source,Exact leaf result; protocol variants remain distinct and are not deduplicated by dataset name alone.
titan2025,titan_paper,Supplementary Table 48,tcga-nsclc,TCGA-NSCLC EGFR mutation,molecular_biomarker,EGFR,patient,classification,462,slide_level_classification,weighted_f1,titan2025_frozen_simpleshot,TITAN-V vision-only,titan-v-slide,github:mahmoodlab/TITAN@9e34c66ff66445c6c590da0dbf7acc103d39a40b,0.725,reported_error=0.0231,titan2025.tcga-nsclc.tcga-nsclc-egfr-mutation.titan2025-frozen-simpleshot.weighted-f1,titan2025.tcga-nsclc.tcga-nsclc-egfr-mutation.titan2025-frozen-simpleshot.weighted-f1,task.tcga-nsclc.tcga-nsclc-egfr-mutation,artifact.tcga-nsclc,https://media.springernature.com/original/springer-static/esm/art%3A10.1038%2Fs41591-025-03982-3/MediaObjects/41591_2025_3982_MOESM1_ESM.pdf,paper=TITAN|supplementary_table=48|cohort=TCGA|model=TITANV|evaluator=simpleshot|metric=weighted_f1,26321e4018bec7b80f2fe7ea7cc497139c83b44fb60df5128417623ad1f71a70,machine_parsed_single_primary_source,parsed_primary_source,Exact leaf result; protocol variants remain distinct and are not deduplicated by dataset name alone.
titan2025,titan_paper,Supplementary Table 48,tcga-nsclc,TCGA-NSCLC EGFR mutation,molecular_biomarker,EGFR,patient,classification,462,slide_level_classification,balanced_accuracy,titan2025_frozen_20_nearest_neighbors,TITAN-V vision-only,titan-v-slide,github:mahmoodlab/TITAN@9e34c66ff66445c6c590da0dbf7acc103d39a40b,0.572,reported_error=0.0176,titan2025.tcga-nsclc.tcga-nsclc-egfr-mutation.titan2025-frozen-20-nearest-neighbors.balanced-accuracy,titan2025.tcga-nsclc.tcga-nsclc-egfr-mutation.titan2025-frozen-20-nearest-neighbors.balanced-accuracy,task.tcga-nsclc.tcga-nsclc-egfr-mutation,artifact.tcga-nsclc,https://media.springernature.com/original/springer-static/esm/art%3A10.1038%2Fs41591-025-03982-3/MediaObjects/41591_2025_3982_MOESM1_ESM.pdf,paper=TITAN|supplementary_table=48|cohort=TCGA|model=TITANV|evaluator=20_nearest_neighbors|metric=balanced_accuracy,26321e4018bec7b80f2fe7ea7cc497139c83b44fb60df5128417623ad1f71a70,machine_parsed_single_primary_source,parsed_primary_source,Exact leaf result; protocol variants remain distinct and are not deduplicated by dataset name alone.
titan2025,titan_paper,Supplementary Table 48,tcga-nsclc,TCGA-NSCLC EGFR mutation,molecular_biomarker,EGFR,patient,classification,462,slide_level_classification,weighted_f1,titan2025_frozen_20_nearest_neighbors,TITAN-V vision-only,titan-v-slide,github:mahmoodlab/TITAN@9e34c66ff66445c6c590da0dbf7acc103d39a40b,0.607,reported_error=0.0236,titan2025.tcga-nsclc.tcga-nsclc-egfr-mutation.titan2025-frozen-20-nearest-neighbors.weighted-f1,titan2025.tcga-nsclc.tcga-nsclc-egfr-mutation.titan2025-frozen-20-nearest-neighbors.weighted-f1,task.tcga-nsclc.tcga-nsclc-egfr-mutation,artifact.tcga-nsclc,https://media.springernature.com/original/springer-static/esm/art%3A10.1038%2Fs41591-025-03982-3/MediaObjects/41591_2025_3982_MOESM1_ESM.pdf,paper=TITAN|supplementary_table=48|cohort=TCGA|model=TITANV|evaluator=20_nearest_neighbors|metric=weighted_f1,26321e4018bec7b80f2fe7ea7cc497139c83b44fb60df5128417623ad1f71a70,machine_parsed_single_primary_source,parsed_primary_source,Exact leaf result; protocol variants remain distinct and are not deduplicated by dataset name alone.
titan2025,titan_paper,Supplementary Table 48,tcga-nsclc,TCGA-NSCLC EGFR mutation,molecular_biomarker,EGFR,patient,classification,462,slide_level_classification,auroc,titan2025_frozen_logistic_regression,TITAN vision-language,titan-slide,github:mahmoodlab/TITAN@9e34c66ff66445c6c590da0dbf7acc103d39a40b,0.700,reported_error=0.0670,titan2025.tcga-nsclc.tcga-nsclc-egfr-mutation.titan2025-frozen-logistic-regression.auroc,titan2025.tcga-nsclc.tcga-nsclc-egfr-mutation.titan2025-frozen-logistic-regression.auroc,task.tcga-nsclc.tcga-nsclc-egfr-mutation,artifact.tcga-nsclc,https://media.springernature.com/original/springer-static/esm/art%3A10.1038%2Fs41591-025-03982-3/MediaObjects/41591_2025_3982_MOESM1_ESM.pdf,paper=TITAN|supplementary_table=48|cohort=TCGA|model=TITAN|evaluator=logistic_regression|metric=auroc,26321e4018bec7b80f2fe7ea7cc497139c83b44fb60df5128417623ad1f71a70,machine_parsed_single_primary_source,parsed_primary_source,Exact leaf result; protocol variants remain distinct and are not deduplicated by dataset name alone.
titan2025,titan_paper,Supplementary Table 48,tcga-nsclc,TCGA-NSCLC EGFR mutation,molecular_biomarker,EGFR,patient,classification,462,slide_level_classification,balanced_accuracy,titan2025_frozen_logistic_regression,TITAN vision-language,titan-slide,github:mahmoodlab/TITAN@9e34c66ff66445c6c590da0dbf7acc103d39a40b,0.508,reported_error=0.0167,titan2025.tcga-nsclc.tcga-nsclc-egfr-mutation.titan2025-frozen-logistic-regression.balanced-accuracy,titan2025.tcga-nsclc.tcga-nsclc-egfr-mutation.titan2025-frozen-logistic-regression.balanced-accuracy,task.tcga-nsclc.tcga-nsclc-egfr-mutation,artifact.tcga-nsclc,https://media.springernature.com/original/springer-static/esm/art%3A10.1038%2Fs41591-025-03982-3/MediaObjects/41591_2025_3982_MOESM1_ESM.pdf,paper=TITAN|supplementary_table=48|cohort=TCGA|model=TITAN|evaluator=logistic_regression|metric=balanced_accuracy,26321e4018bec7b80f2fe7ea7cc497139c83b44fb60df5128417623ad1f71a70,machine_parsed_single_primary_source,parsed_primary_source,Exact leaf result; protocol variants remain distinct and are not deduplicated by dataset name alone.
titan2025,titan_paper,Supplementary Table 48,tcga-nsclc,TCGA-NSCLC EGFR mutation,molecular_biomarker,EGFR,patient,classification,462,slide_level_classification,balanced_accuracy,titan2025_frozen_simpleshot,TITAN vision-language,titan-slide,github:mahmoodlab/TITAN@9e34c66ff66445c6c590da0dbf7acc103d39a40b,0.661,reported_error=0.0772,titan2025.tcga-nsclc.tcga-nsclc-egfr-mutation.titan2025-frozen-simpleshot.balanced-accuracy,titan2025.tcga-nsclc.tcga-nsclc-egfr-mutation.titan2025-frozen-simpleshot.balanced-accuracy,task.tcga-nsclc.tcga-nsclc-egfr-mutation,artifact.tcga-nsclc,https://media.springernature.com/original/springer-static/esm/art%3A10.1038%2Fs41591-025-03982-3/MediaObjects/41591_2025_3982_MOESM1_ESM.pdf,paper=TITAN|supplementary_table=48|cohort=TCGA|model=TITAN|evaluator=simpleshot|metric=balanced_accuracy,26321e4018bec7b80f2fe7ea7cc497139c83b44fb60df5128417623ad1f71a70,machine_parsed_single_primary_source,parsed_primary_source,Exact leaf result; protocol variants remain distinct and are not deduplicated by dataset name alone.
titan2025,titan_paper,Supplementary Table 48,tcga-nsclc,TCGA-NSCLC EGFR mutation,molecular_biomarker,EGFR,patient,classification,462,slide_level_classification,weighted_f1,titan2025_frozen_simpleshot,TITAN vision-language,titan-slide,github:mahmoodlab/TITAN@9e34c66ff66445c6c590da0dbf7acc103d39a40b,0.717,reported_error=0.0262,titan2025.tcga-nsclc.tcga-nsclc-egfr-mutation.titan2025-frozen-simpleshot.weighted-f1,titan2025.tcga-nsclc.tcga-nsclc-egfr-mutation.titan2025-frozen-simpleshot.weighted-f1,task.tcga-nsclc.tcga-nsclc-egfr-mutation,artifact.tcga-nsclc,https://media.springernature.com/original/springer-static/esm/art%3A10.1038%2Fs41591-025-03982-3/MediaObjects/41591_2025_3982_MOESM1_ESM.pdf,paper=TITAN|supplementary_table=48|cohort=TCGA|model=TITAN|evaluator=simpleshot|metric=weighted_f1,26321e4018bec7b80f2fe7ea7cc497139c83b44fb60df5128417623ad1f71a70,machine_parsed_single_primary_source,parsed_primary_source,Exact leaf result; protocol variants remain distinct and are not deduplicated by dataset name alone.
titan2025,titan_paper,Supplementary Table 48,tcga-nsclc,TCGA-NSCLC EGFR mutation,molecular_biomarker,EGFR,patient,classification,462,slide_level_classification,balanced_accuracy,titan2025_frozen_20_nearest_neighbors,TITAN vision-language,titan-slide,github:mahmoodlab/TITAN@9e34c66ff66445c6c590da0dbf7acc103d39a40b,0.589,reported_error=0.0212,titan2025.tcga-nsclc.tcga-nsclc-egfr-mutation.titan2025-frozen-20-nearest-neighbors.balanced-accuracy,titan2025.tcga-nsclc.tcga-nsclc-egfr-mutation.titan2025-frozen-20-nearest-neighbors.balanced-accuracy,task.tcga-nsclc.tcga-nsclc-egfr-mutation,artifact.tcga-nsclc,https://media.springernature.com/original/springer-static/esm/art%3A10.1038%2Fs41591-025-03982-3/MediaObjects/41591_2025_3982_MOESM1_ESM.pdf,paper=TITAN|supplementary_table=48|cohort=TCGA|model=TITAN|evaluator=20_nearest_neighbors|metric=balanced_accuracy,26321e4018bec7b80f2fe7ea7cc497139c83b44fb60df5128417623ad1f71a70,machine_parsed_single_primary_source,parsed_primary_source,Exact leaf result; protocol variants remain distinct and are not deduplicated by dataset name alone.
titan2025,titan_paper,Supplementary Table 48,tcga-nsclc,TCGA-NSCLC EGFR mutation,molecular_biomarker,EGFR,patient,classification,462,slide_level_classification,weighted_f1,titan2025_frozen_20_nearest_neighbors,TITAN vision-language,titan-slide,github:mahmoodlab/TITAN@9e34c66ff66445c6c590da0dbf7acc103d39a40b,0.628,reported_error=0.0283,titan2025.tcga-nsclc.tcga-nsclc-egfr-mutation.titan2025-frozen-20-nearest-neighbors.weighted-f1,titan2025.tcga-nsclc.tcga-nsclc-egfr-mutation.titan2025-frozen-20-nearest-neighbors.weighted-f1,task.tcga-nsclc.tcga-nsclc-egfr-mutation,artifact.tcga-nsclc,https://media.springernature.com/original/springer-static/esm/art%3A10.1038%2Fs41591-025-03982-3/MediaObjects/41591_2025_3982_MOESM1_ESM.pdf,paper=TITAN|supplementary_table=48|cohort=TCGA|model=TITAN|evaluator=20_nearest_neighbors|metric=weighted_f1,26321e4018bec7b80f2fe7ea7cc497139c83b44fb60df5128417623ad1f71a70,machine_parsed_single_primary_source,parsed_primary_source,Exact leaf result; protocol variants remain distinct and are not deduplicated by dataset name alone.
titan2025,titan_paper,Supplementary Table 48,cptac-luad,CPTAC-LUAD EGFR mutation,molecular_biomarker,EGFR,patient,classification,108,slide_level_classification,auroc,titan2025_frozen_logistic_regression,TITAN-V vision-only,titan-v-slide,github:mahmoodlab/TITAN@9e34c66ff66445c6c590da0dbf7acc103d39a40b,0.806,reported_error=0.0234,titan2025.cptac-luad.cptac-luad-egfr-mutation.titan2025-frozen-logistic-regression.auroc,titan2025.cptac-luad.cptac-luad-egfr-mutation.titan2025-frozen-logistic-regression.auroc,task.cptac-luad.cptac-luad-egfr-mutation,artifact.cptac-luad,https://media.springernature.com/original/springer-static/esm/art%3A10.1038%2Fs41591-025-03982-3/MediaObjects/41591_2025_3982_MOESM1_ESM.pdf,paper=TITAN|supplementary_table=48|cohort=CPTAC|model=TITANV|evaluator=logistic_regression|metric=auroc,26321e4018bec7b80f2fe7ea7cc497139c83b44fb60df5128417623ad1f71a70,machine_parsed_single_primary_source,parsed_primary_source,Exact leaf result; protocol variants remain distinct and are not deduplicated by dataset name alone.
titan2025,titan_paper,Supplementary Table 48,cptac-luad,CPTAC-LUAD EGFR mutation,molecular_biomarker,EGFR,patient,classification,108,slide_level_classification,balanced_accuracy,titan2025_frozen_logistic_regression,TITAN-V vision-only,titan-v-slide,github:mahmoodlab/TITAN@9e34c66ff66445c6c590da0dbf7acc103d39a40b,0.503,reported_error=0.0051,titan2025.cptac-luad.cptac-luad-egfr-mutation.titan2025-frozen-logistic-regression.balanced-accuracy,titan2025.cptac-luad.cptac-luad-egfr-mutation.titan2025-frozen-logistic-regression.balanced-accuracy,task.cptac-luad.cptac-luad-egfr-mutation,artifact.cptac-luad,https://media.springernature.com/original/springer-static/esm/art%3A10.1038%2Fs41591-025-03982-3/MediaObjects/41591_2025_3982_MOESM1_ESM.pdf,paper=TITAN|supplementary_table=48|cohort=CPTAC|model=TITANV|evaluator=logistic_regression|metric=balanced_accuracy,26321e4018bec7b80f2fe7ea7cc497139c83b44fb60df5128417623ad1f71a70,machine_parsed_single_primary_source,parsed_primary_source,Exact leaf result; protocol variants remain distinct and are not deduplicated by dataset name alone.
titan2025,titan_paper,Supplementary Table 48,cptac-luad,CPTAC-LUAD EGFR mutation,molecular_biomarker,EGFR,patient,classification,108,slide_level_classification,balanced_accuracy,titan2025_frozen_simpleshot,TITAN-V vision-only,titan-v-slide,github:mahmoodlab/TITAN@9e34c66ff66445c6c590da0dbf7acc103d39a40b,0.711,reported_error=0.0092,titan2025.cptac-luad.cptac-luad-egfr-mutation.titan2025-frozen-simpleshot.balanced-accuracy,titan2025.cptac-luad.cptac-luad-egfr-mutation.titan2025-frozen-simpleshot.balanced-accuracy,task.cptac-luad.cptac-luad-egfr-mutation,artifact.cptac-luad,https://media.springernature.com/original/springer-static/esm/art%3A10.1038%2Fs41591-025-03982-3/MediaObjects/41591_2025_3982_MOESM1_ESM.pdf,paper=TITAN|supplementary_table=48|cohort=CPTAC|model=TITANV|evaluator=simpleshot|metric=balanced_accuracy,26321e4018bec7b80f2fe7ea7cc497139c83b44fb60df5128417623ad1f71a70,machine_parsed_single_primary_source,parsed_primary_source,Exact leaf result; protocol variants remain distinct and are not deduplicated by dataset name alone.
titan2025,titan_paper,Supplementary Table 48,cptac-luad,CPTAC-LUAD EGFR mutation,molecular_biomarker,EGFR,patient,classification,108,slide_level_classification,weighted_f1,titan2025_frozen_simpleshot,TITAN-V vision-only,titan-v-slide,github:mahmoodlab/TITAN@9e34c66ff66445c6c590da0dbf7acc103d39a40b,0.742,reported_error=0.0092,titan2025.cptac-luad.cptac-luad-egfr-mutation.titan2025-frozen-simpleshot.weighted-f1,titan2025.cptac-luad.cptac-luad-egfr-mutation.titan2025-frozen-simpleshot.weighted-f1,task.cptac-luad.cptac-luad-egfr-mutation,artifact.cptac-luad,https://media.springernature.com/original/springer-static/esm/art%3A10.1038%2Fs41591-025-03982-3/MediaObjects/41591_2025_3982_MOESM1_ESM.pdf,paper=TITAN|supplementary_table=48|cohort=CPTAC|model=TITANV|evaluator=simpleshot|metric=weighted_f1,26321e4018bec7b80f2fe7ea7cc497139c83b44fb60df5128417623ad1f71a70,machine_parsed_single_primary_source,parsed_primary_source,Exact leaf result; protocol variants remain distinct and are not deduplicated by dataset name alone.
titan2025,titan_paper,Supplementary Table 48,cptac-luad,CPTAC-LUAD EGFR mutation,molecular_biomarker,EGFR,patient,classification,108,slide_level_classification,balanced_accuracy,titan2025_frozen_20_nearest_neighbors,TITAN-V vision-only,titan-v-slide,github:mahmoodlab/TITAN@9e34c66ff66445c6c590da0dbf7acc103d39a40b,0.587,reported_error=0.0274,titan2025.cptac-luad.cptac-luad-egfr-mutation.titan2025-frozen-20-nearest-neighbors.balanced-accuracy,titan2025.cptac-luad.cptac-luad-egfr-mutation.titan2025-frozen-20-nearest-neighbors.balanced-accuracy,task.cptac-luad.cptac-luad-egfr-mutation,artifact.cptac-luad,https://media.springernature.com/original/springer-static/esm/art%3A10.1038%2Fs41591-025-03982-3/MediaObjects/41591_2025_3982_MOESM1_ESM.pdf,paper=TITAN|supplementary_table=48|cohort=CPTAC|model=TITANV|evaluator=20_nearest_neighbors|metric=balanced_accuracy,26321e4018bec7b80f2fe7ea7cc497139c83b44fb60df5128417623ad1f71a70,machine_parsed_single_primary_source,parsed_primary_source,Exact leaf result; protocol variants remain distinct and are not deduplicated by dataset name alone.
titan2025,titan_paper,Supplementary Table 48,cptac-luad,CPTAC-LUAD EGFR mutation,molecular_biomarker,EGFR,patient,classification,108,slide_level_classification,weighted_f1,titan2025_frozen_20_nearest_neighbors,TITAN-V vision-only,titan-v-slide,github:mahmoodlab/TITAN@9e34c66ff66445c6c590da0dbf7acc103d39a40b,0.625,reported_error=0.0339,titan2025.cptac-luad.cptac-luad-egfr-mutation.titan2025-frozen-20-nearest-neighbors.weighted-f1,titan2025.cptac-luad.cptac-luad-egfr-mutation.titan2025-frozen-20-nearest-neighbors.weighted-f1,task.cptac-luad.cptac-luad-egfr-mutation,artifact.cptac-luad,https://media.springernature.com/original/springer-static/esm/art%3A10.1038%2Fs41591-025-03982-3/MediaObjects/41591_2025_3982_MOESM1_ESM.pdf,paper=TITAN|supplementary_table=48|cohort=CPTAC|model=TITANV|evaluator=20_nearest_neighbors|metric=weighted_f1,26321e4018bec7b80f2fe7ea7cc497139c83b44fb60df5128417623ad1f71a70,machine_parsed_single_primary_source,parsed_primary_source,Exact leaf result; protocol variants remain distinct and are not deduplicated by dataset name alone.
titan2025,titan_paper,Supplementary Table 48,cptac-luad,CPTAC-LUAD EGFR mutation,molecular_biomarker,EGFR,patient,classification,108,slide_level_classification,auroc,titan2025_frozen_logistic_regression,TITAN vision-language,titan-slide,github:mahmoodlab/TITAN@9e34c66ff66445c6c590da0dbf7acc103d39a40b,0.815,reported_error=0.0252,titan2025.cptac-luad.cptac-luad-egfr-mutation.titan2025-frozen-logistic-regression.auroc,titan2025.cptac-luad.cptac-luad-egfr-mutation.titan2025-frozen-logistic-regression.auroc,task.cptac-luad.cptac-luad-egfr-mutation,artifact.cptac-luad,https://media.springernature.com/original/springer-static/esm/art%3A10.1038%2Fs41591-025-03982-3/MediaObjects/41591_2025_3982_MOESM1_ESM.pdf,paper=TITAN|supplementary_table=48|cohort=CPTAC|model=TITAN|evaluator=logistic_regression|metric=auroc,26321e4018bec7b80f2fe7ea7cc497139c83b44fb60df5128417623ad1f71a70,machine_parsed_single_primary_source,parsed_primary_source,Exact leaf result; protocol variants remain distinct and are not deduplicated by dataset name alone.
titan2025,titan_paper,Supplementary Table 48,cptac-luad,CPTAC-LUAD EGFR mutation,molecular_biomarker,EGFR,patient,classification,108,slide_level_classification,balanced_accuracy,titan2025_frozen_logistic_regression,TITAN vision-language,titan-slide,github:mahmoodlab/TITAN@9e34c66ff66445c6c590da0dbf7acc103d39a40b,0.505,reported_error=0.0103,titan2025.cptac-luad.cptac-luad-egfr-mutation.titan2025-frozen-logistic-regression.balanced-accuracy,titan2025.cptac-luad.cptac-luad-egfr-mutation.titan2025-frozen-logistic-regression.balanced-accuracy,task.cptac-luad.cptac-luad-egfr-mutation,artifact.cptac-luad,https://media.springernature.com/original/springer-static/esm/art%3A10.1038%2Fs41591-025-03982-3/MediaObjects/41591_2025_3982_MOESM1_ESM.pdf,paper=TITAN|supplementary_table=48|cohort=CPTAC|model=TITAN|evaluator=logistic_regression|metric=balanced_accuracy,26321e4018bec7b80f2fe7ea7cc497139c83b44fb60df5128417623ad1f71a70,machine_parsed_single_primary_source,parsed_primary_source,Exact leaf result; protocol variants remain distinct and are not deduplicated by dataset name alone.
titan2025,titan_paper,Supplementary Table 48,cptac-luad,CPTAC-LUAD EGFR mutation,molecular_biomarker,EGFR,patient,classification,108,slide_level_classification,balanced_accuracy,titan2025_frozen_simpleshot,TITAN vision-language,titan-slide,github:mahmoodlab/TITAN@9e34c66ff66445c6c590da0dbf7acc103d39a40b,0.727,reported_error=0.0168,titan2025.cptac-luad.cptac-luad-egfr-mutation.titan2025-frozen-simpleshot.balanced-accuracy,titan2025.cptac-luad.cptac-luad-egfr-mutation.titan2025-frozen-simpleshot.balanced-accuracy,task.cptac-luad.cptac-luad-egfr-mutation,artifact.cptac-luad,https://media.springernature.com/original/springer-static/esm/art%3A10.1038%2Fs41591-025-03982-3/MediaObjects/41591_2025_3982_MOESM1_ESM.pdf,paper=TITAN|supplementary_table=48|cohort=CPTAC|model=TITAN|evaluator=simpleshot|metric=balanced_accuracy,26321e4018bec7b80f2fe7ea7cc497139c83b44fb60df5128417623ad1f71a70,machine_parsed_single_primary_source,parsed_primary_source,Exact leaf result; protocol variants remain distinct and are not deduplicated by dataset name alone.
titan2025,titan_paper,Supplementary Table 48,cptac-luad,CPTAC-LUAD EGFR mutation,molecular_biomarker,EGFR,patient,classification,108,slide_level_classification,weighted_f1,titan2025_frozen_simpleshot,TITAN vision-language,titan-slide,github:mahmoodlab/TITAN@9e34c66ff66445c6c590da0dbf7acc103d39a40b,0.748,reported_error=0.0129,titan2025.cptac-luad.cptac-luad-egfr-mutation.titan2025-frozen-simpleshot.weighted-f1,titan2025.cptac-luad.cptac-luad-egfr-mutation.titan2025-frozen-simpleshot.weighted-f1,task.cptac-luad.cptac-luad-egfr-mutation,artifact.cptac-luad,https://media.springernature.com/original/springer-static/esm/art%3A10.1038%2Fs41591-025-03982-3/MediaObjects/41591_2025_3982_MOESM1_ESM.pdf,paper=TITAN|supplementary_table=48|cohort=CPTAC|model=TITAN|evaluator=simpleshot|metric=weighted_f1,26321e4018bec7b80f2fe7ea7cc497139c83b44fb60df5128417623ad1f71a70,machine_parsed_single_primary_source,parsed_primary_source,Exact leaf result; protocol variants remain distinct and are not deduplicated by dataset name alone.
titan2025,titan_paper,Supplementary Table 48,cptac-luad,CPTAC-LUAD EGFR mutation,molecular_biomarker,EGFR,patient,classification,108,slide_level_classification,balanced_accuracy,titan2025_frozen_20_nearest_neighbors,TITAN vision-language,titan-slide,github:mahmoodlab/TITAN@9e34c66ff66445c6c590da0dbf7acc103d39a40b,0.516,reported_error=0.0207,titan2025.cptac-luad.cptac-luad-egfr-mutation.titan2025-frozen-20-nearest-neighbors.balanced-accuracy,titan2025.cptac-luad.cptac-luad-egfr-mutation.titan2025-frozen-20-nearest-neighbors.balanced-accuracy,task.cptac-luad.cptac-luad-egfr-mutation,artifact.cptac-luad,https://media.springernature.com/original/springer-static/esm/art%3A10.1038%2Fs41591-025-03982-3/MediaObjects/41591_2025_3982_MOESM1_ESM.pdf,paper=TITAN|supplementary_table=48|cohort=CPTAC|model=TITAN|evaluator=20_nearest_neighbors|metric=balanced_accuracy,26321e4018bec7b80f2fe7ea7cc497139c83b44fb60df5128417623ad1f71a70,machine_parsed_single_primary_source,parsed_primary_source,Exact leaf result; protocol variants remain distinct and are not deduplicated by dataset name alone.
titan2025,titan_paper,Supplementary Table 48,cptac-luad,CPTAC-LUAD EGFR mutation,molecular_biomarker,EGFR,patient,classification,108,slide_level_classification,weighted_f1,titan2025_frozen_20_nearest_neighbors,TITAN vision-language,titan-slide,github:mahmoodlab/TITAN@9e34c66ff66445c6c590da0dbf7acc103d39a40b,0.525,reported_error=0.0304,titan2025.cptac-luad.cptac-luad-egfr-mutation.titan2025-frozen-20-nearest-neighbors.weighted-f1,titan2025.cptac-luad.cptac-luad-egfr-mutation.titan2025-frozen-20-nearest-neighbors.weighted-f1,task.cptac-luad.cptac-luad-egfr-mutation,artifact.cptac-luad,https://media.springernature.com/original/springer-static/esm/art%3A10.1038%2Fs41591-025-03982-3/MediaObjects/41591_2025_3982_MOESM1_ESM.pdf,paper=TITAN|supplementary_table=48|cohort=CPTAC|model=TITAN|evaluator=20_nearest_neighbors|metric=weighted_f1,26321e4018bec7b80f2fe7ea7cc497139c83b44fb60df5128417623ad1f71a70,machine_parsed_single_primary_source,parsed_primary_source,Exact leaf result; protocol variants remain distinct and are not deduplicated by dataset name alone.
titan2025,titan_paper,Supplementary Table 49,tcga-nsclc,TCGA-NSCLC TP53 mutation,molecular_biomarker,TP53,patient,classification,462,slide_level_classification,auroc,titan2025_frozen_logistic_regression,TITAN-V vision-only,titan-v-slide,github:mahmoodlab/TITAN@9e34c66ff66445c6c590da0dbf7acc103d39a40b,0.765,reported_error=0.0589,titan2025.tcga-nsclc.tcga-nsclc-tp53-mutation.titan2025-frozen-logistic-regression.auroc,titan2025.tcga-nsclc.tcga-nsclc-tp53-mutation.titan2025-frozen-logistic-regression.auroc,task.tcga-nsclc.tcga-nsclc-tp53-mutation,artifact.tcga-nsclc,https://media.springernature.com/original/springer-static/esm/art%3A10.1038%2Fs41591-025-03982-3/MediaObjects/41591_2025_3982_MOESM1_ESM.pdf,paper=TITAN|supplementary_table=49|cohort=TCGA|model=TITANV|evaluator=logistic_regression|metric=auroc,26321e4018bec7b80f2fe7ea7cc497139c83b44fb60df5128417623ad1f71a70,machine_parsed_single_primary_source,parsed_primary_source,Exact leaf result; protocol variants remain distinct and are not deduplicated by dataset name alone.
titan2025,titan_paper,Supplementary Table 49,tcga-nsclc,TCGA-NSCLC TP53 mutation,molecular_biomarker,TP53,patient,classification,462,slide_level_classification,balanced_accuracy,titan2025_frozen_logistic_regression,TITAN-V vision-only,titan-v-slide,github:mahmoodlab/TITAN@9e34c66ff66445c6c590da0dbf7acc103d39a40b,0.702,reported_error=0.0487,titan2025.tcga-nsclc.tcga-nsclc-tp53-mutation.titan2025-frozen-logistic-regression.balanced-accuracy,titan2025.tcga-nsclc.tcga-nsclc-tp53-mutation.titan2025-frozen-logistic-regression.balanced-accuracy,task.tcga-nsclc.tcga-nsclc-tp53-mutation,artifact.tcga-nsclc,https://media.springernature.com/original/springer-static/esm/art%3A10.1038%2Fs41591-025-03982-3/MediaObjects/41591_2025_3982_MOESM1_ESM.pdf,paper=TITAN|supplementary_table=49|cohort=TCGA|model=TITANV|evaluator=logistic_regression|metric=balanced_accuracy,26321e4018bec7b80f2fe7ea7cc497139c83b44fb60df5128417623ad1f71a70,machine_parsed_single_primary_source,parsed_primary_source,Exact leaf result; protocol variants remain distinct and are not deduplicated by dataset name alone.
titan2025,titan_paper,Supplementary Table 49,tcga-nsclc,TCGA-NSCLC TP53 mutation,molecular_biomarker,TP53,patient,classification,462,slide_level_classification,balanced_accuracy,titan2025_frozen_simpleshot,TITAN-V vision-only,titan-v-slide,github:mahmoodlab/TITAN@9e34c66ff66445c6c590da0dbf7acc103d39a40b,0.683,reported_error=0.0515,titan2025.tcga-nsclc.tcga-nsclc-tp53-mutation.titan2025-frozen-simpleshot.balanced-accuracy,titan2025.tcga-nsclc.tcga-nsclc-tp53-mutation.titan2025-frozen-simpleshot.balanced-accuracy,task.tcga-nsclc.tcga-nsclc-tp53-mutation,artifact.tcga-nsclc,https://media.springernature.com/original/springer-static/esm/art%3A10.1038%2Fs41591-025-03982-3/MediaObjects/41591_2025_3982_MOESM1_ESM.pdf,paper=TITAN|supplementary_table=49|cohort=TCGA|model=TITANV|evaluator=simpleshot|metric=balanced_accuracy,26321e4018bec7b80f2fe7ea7cc497139c83b44fb60df5128417623ad1f71a70,machine_parsed_single_primary_source,parsed_primary_source,Exact leaf result; protocol variants remain distinct and are not deduplicated by dataset name alone.
titan2025,titan_paper,Supplementary Table 49,tcga-nsclc,TCGA-NSCLC TP53 mutation,molecular_biomarker,TP53,patient,classification,462,slide_level_classification,weighted_f1,titan2025_frozen_simpleshot,TITAN-V vision-only,titan-v-slide,github:mahmoodlab/TITAN@9e34c66ff66445c6c590da0dbf7acc103d39a40b,0.682,reported_error=0.0501,titan2025.tcga-nsclc.tcga-nsclc-tp53-mutation.titan2025-frozen-simpleshot.weighted-f1,titan2025.tcga-nsclc.tcga-nsclc-tp53-mutation.titan2025-frozen-simpleshot.weighted-f1,task.tcga-nsclc.tcga-nsclc-tp53-mutation,artifact.tcga-nsclc,https://media.springernature.com/original/springer-static/esm/art%3A10.1038%2Fs41591-025-03982-3/MediaObjects/41591_2025_3982_MOESM1_ESM.pdf,paper=TITAN|supplementary_table=49|cohort=TCGA|model=TITANV|evaluator=simpleshot|metric=weighted_f1,26321e4018bec7b80f2fe7ea7cc497139c83b44fb60df5128417623ad1f71a70,machine_parsed_single_primary_source,parsed_primary_source,Exact leaf result; protocol variants remain distinct and are not deduplicated by dataset name alone.
titan2025,titan_paper,Supplementary Table 49,tcga-nsclc,TCGA-NSCLC TP53 mutation,molecular_biomarker,TP53,patient,classification,462,slide_level_classification,balanced_accuracy,titan2025_frozen_20_nearest_neighbors,TITAN-V vision-only,titan-v-slide,github:mahmoodlab/TITAN@9e34c66ff66445c6c590da0dbf7acc103d39a40b,0.710,reported_error=0.0239,titan2025.tcga-nsclc.tcga-nsclc-tp53-mutation.titan2025-frozen-20-nearest-neighbors.balanced-accuracy,titan2025.tcga-nsclc.tcga-nsclc-tp53-mutation.titan2025-frozen-20-nearest-neighbors.balanced-accuracy,task.tcga-nsclc.tcga-nsclc-tp53-mutation,artifact.tcga-nsclc,https://media.springernature.com/original/springer-static/esm/art%3A10.1038%2Fs41591-025-03982-3/MediaObjects/41591_2025_3982_MOESM1_ESM.pdf,paper=TITAN|supplementary_table=49|cohort=TCGA|model=TITANV|evaluator=20_nearest_neighbors|metric=balanced_accuracy,26321e4018bec7b80f2fe7ea7cc497139c83b44fb60df5128417623ad1f71a70,machine_parsed_single_primary_source,parsed_primary_source,Exact leaf result; protocol variants remain distinct and are not deduplicated by dataset name alone.
titan2025,titan_paper,Supplementary Table 49,tcga-nsclc,TCGA-NSCLC TP53 mutation,molecular_biomarker,TP53,patient,classification,462,slide_level_classification,weighted_f1,titan2025_frozen_20_nearest_neighbors,TITAN-V vision-only,titan-v-slide,github:mahmoodlab/TITAN@9e34c66ff66445c6c590da0dbf7acc103d39a40b,0.719,reported_error=0.0233,titan2025.tcga-nsclc.tcga-nsclc-tp53-mutation.titan2025-frozen-20-nearest-neighbors.weighted-f1,titan2025.tcga-nsclc.tcga-nsclc-tp53-mutation.titan2025-frozen-20-nearest-neighbors.weighted-f1,task.tcga-nsclc.tcga-nsclc-tp53-mutation,artifact.tcga-nsclc,https://media.springernature.com/original/springer-static/esm/art%3A10.1038%2Fs41591-025-03982-3/MediaObjects/41591_2025_3982_MOESM1_ESM.pdf,paper=TITAN|supplementary_table=49|cohort=TCGA|model=TITANV|evaluator=20_nearest_neighbors|metric=weighted_f1,26321e4018bec7b80f2fe7ea7cc497139c83b44fb60df5128417623ad1f71a70,machine_parsed_single_primary_source,parsed_primary_source,Exact leaf result; protocol variants remain distinct and are not deduplicated by dataset name alone.
titan2025,titan_paper,Supplementary Table 49,tcga-nsclc,TCGA-NSCLC TP53 mutation,molecular_biomarker,TP53,patient,classification,462,slide_level_classification,auroc,titan2025_frozen_logistic_regression,TITAN vision-language,titan-slide,github:mahmoodlab/TITAN@9e34c66ff66445c6c590da0dbf7acc103d39a40b,0.758,reported_error=0.0628,titan2025.tcga-nsclc.tcga-nsclc-tp53-mutation.titan2025-frozen-logistic-regression.auroc,titan2025.tcga-nsclc.tcga-nsclc-tp53-mutation.titan2025-frozen-logistic-regression.auroc,task.tcga-nsclc.tcga-nsclc-tp53-mutation,artifact.tcga-nsclc,https://media.springernature.com/original/springer-static/esm/art%3A10.1038%2Fs41591-025-03982-3/MediaObjects/41591_2025_3982_MOESM1_ESM.pdf,paper=TITAN|supplementary_table=49|cohort=TCGA|model=TITAN|evaluator=logistic_regression|metric=auroc,26321e4018bec7b80f2fe7ea7cc497139c83b44fb60df5128417623ad1f71a70,machine_parsed_single_primary_source,parsed_primary_source,Exact leaf result; protocol variants remain distinct and are not deduplicated by dataset name alone.
titan2025,titan_paper,Supplementary Table 49,tcga-nsclc,TCGA-NSCLC TP53 mutation,molecular_biomarker,TP53,patient,classification,462,slide_level_classification,balanced_accuracy,titan2025_frozen_logistic_regression,TITAN vision-language,titan-slide,github:mahmoodlab/TITAN@9e34c66ff66445c6c590da0dbf7acc103d39a40b,0.699,reported_error=0.0535,titan2025.tcga-nsclc.tcga-nsclc-tp53-mutation.titan2025-frozen-logistic-regression.balanced-accuracy,titan2025.tcga-nsclc.tcga-nsclc-tp53-mutation.titan2025-frozen-logistic-regression.balanced-accuracy,task.tcga-nsclc.tcga-nsclc-tp53-mutation,artifact.tcga-nsclc,https://media.springernature.com/original/springer-static/esm/art%3A10.1038%2Fs41591-025-03982-3/MediaObjects/41591_2025_3982_MOESM1_ESM.pdf,paper=TITAN|supplementary_table=49|cohort=TCGA|model=TITAN|evaluator=logistic_regression|metric=balanced_accuracy,26321e4018bec7b80f2fe7ea7cc497139c83b44fb60df5128417623ad1f71a70,machine_parsed_single_primary_source,parsed_primary_source,Exact leaf result; protocol variants remain distinct and are not deduplicated by dataset name alone.
titan2025,titan_paper,Supplementary Table 49,tcga-nsclc,TCGA-NSCLC TP53 mutation,molecular_biomarker,TP53,patient,classification,462,slide_level_classification,balanced_accuracy,titan2025_frozen_simpleshot,TITAN vision-language,titan-slide,github:mahmoodlab/TITAN@9e34c66ff66445c6c590da0dbf7acc103d39a40b,0.671,reported_error=0.0491,titan2025.tcga-nsclc.tcga-nsclc-tp53-mutation.titan2025-frozen-simpleshot.balanced-accuracy,titan2025.tcga-nsclc.tcga-nsclc-tp53-mutation.titan2025-frozen-simpleshot.balanced-accuracy,task.tcga-nsclc.tcga-nsclc-tp53-mutation,artifact.tcga-nsclc,https://media.springernature.com/original/springer-static/esm/art%3A10.1038%2Fs41591-025-03982-3/MediaObjects/41591_2025_3982_MOESM1_ESM.pdf,paper=TITAN|supplementary_table=49|cohort=TCGA|model=TITAN|evaluator=simpleshot|metric=balanced_accuracy,26321e4018bec7b80f2fe7ea7cc497139c83b44fb60df5128417623ad1f71a70,machine_parsed_single_primary_source,parsed_primary_source,Exact leaf result; protocol variants remain distinct and are not deduplicated by dataset name alone.
titan2025,titan_paper,Supplementary Table 49,tcga-nsclc,TCGA-NSCLC TP53 mutation,molecular_biomarker,TP53,patient,classification,462,slide_level_classification,weighted_f1,titan2025_frozen_simpleshot,TITAN vision-language,titan-slide,github:mahmoodlab/TITAN@9e34c66ff66445c6c590da0dbf7acc103d39a40b,0.671,reported_error=0.0493,titan2025.tcga-nsclc.tcga-nsclc-tp53-mutation.titan2025-frozen-simpleshot.weighted-f1,titan2025.tcga-nsclc.tcga-nsclc-tp53-mutation.titan2025-frozen-simpleshot.weighted-f1,task.tcga-nsclc.tcga-nsclc-tp53-mutation,artifact.tcga-nsclc,https://media.springernature.com/original/springer-static/esm/art%3A10.1038%2Fs41591-025-03982-3/MediaObjects/41591_2025_3982_MOESM1_ESM.pdf,paper=TITAN|supplementary_table=49|cohort=TCGA|model=TITAN|evaluator=simpleshot|metric=weighted_f1,26321e4018bec7b80f2fe7ea7cc497139c83b44fb60df5128417623ad1f71a70,machine_parsed_single_primary_source,parsed_primary_source,Exact leaf result; protocol variants remain distinct and are not deduplicated by dataset name alone.
titan2025,titan_paper,Supplementary Table 49,tcga-nsclc,TCGA-NSCLC TP53 mutation,molecular_biomarker,TP53,patient,classification,462,slide_level_classification,balanced_accuracy,titan2025_frozen_20_nearest_neighbors,TITAN vision-language,titan-slide,github:mahmoodlab/TITAN@9e34c66ff66445c6c590da0dbf7acc103d39a40b,0.662,reported_error=0.0094,titan2025.tcga-nsclc.tcga-nsclc-tp53-mutation.titan2025-frozen-20-nearest-neighbors.balanced-accuracy,titan2025.tcga-nsclc.tcga-nsclc-tp53-mutation.titan2025-frozen-20-nearest-neighbors.balanced-accuracy,task.tcga-nsclc.tcga-nsclc-tp53-mutation,artifact.tcga-nsclc,https://media.springernature.com/original/springer-static/esm/art%3A10.1038%2Fs41591-025-03982-3/MediaObjects/41591_2025_3982_MOESM1_ESM.pdf,paper=TITAN|supplementary_table=49|cohort=TCGA|model=TITAN|evaluator=20_nearest_neighbors|metric=balanced_accuracy,26321e4018bec7b80f2fe7ea7cc497139c83b44fb60df5128417623ad1f71a70,machine_parsed_single_primary_source,parsed_primary_source,Exact leaf result; protocol variants remain distinct and are not deduplicated by dataset name alone.
titan2025,titan_paper,Supplementary Table 49,tcga-nsclc,TCGA-NSCLC TP53 mutation,molecular_biomarker,TP53,patient,classification,462,slide_level_classification,weighted_f1,titan2025_frozen_20_nearest_neighbors,TITAN vision-language,titan-slide,github:mahmoodlab/TITAN@9e34c66ff66445c6c590da0dbf7acc103d39a40b,0.664,reported_error=0.0093,titan2025.tcga-nsclc.tcga-nsclc-tp53-mutation.titan2025-frozen-20-nearest-neighbors.weighted-f1,titan2025.tcga-nsclc.tcga-nsclc-tp53-mutation.titan2025-frozen-20-nearest-neighbors.weighted-f1,task.tcga-nsclc.tcga-nsclc-tp53-mutation,artifact.tcga-nsclc,https://media.springernature.com/original/springer-static/esm/art%3A10.1038%2Fs41591-025-03982-3/MediaObjects/41591_2025_3982_MOESM1_ESM.pdf,paper=TITAN|supplementary_table=49|cohort=TCGA|model=TITAN|evaluator=20_nearest_neighbors|metric=weighted_f1,26321e4018bec7b80f2fe7ea7cc497139c83b44fb60df5128417623ad1f71a70,machine_parsed_single_primary_source,parsed_primary_source,Exact leaf result; protocol variants remain distinct and are not deduplicated by dataset name alone.
titan2025,titan_paper,Supplementary Table 49,cptac-luad,CPTAC-LUAD TP53 mutation,molecular_biomarker,TP53,patient,classification,108,slide_level_classification,auroc,titan2025_frozen_logistic_regression,TITAN-V vision-only,titan-v-slide,github:mahmoodlab/TITAN@9e34c66ff66445c6c590da0dbf7acc103d39a40b,0.787,reported_error=0.0126,titan2025.cptac-luad.cptac-luad-tp53-mutation.titan2025-frozen-logistic-regression.auroc,titan2025.cptac-luad.cptac-luad-tp53-mutation.titan2025-frozen-logistic-regression.auroc,task.cptac-luad.cptac-luad-tp53-mutation,artifact.cptac-luad,https://media.springernature.com/original/springer-static/esm/art%3A10.1038%2Fs41591-025-03982-3/MediaObjects/41591_2025_3982_MOESM1_ESM.pdf,paper=TITAN|supplementary_table=49|cohort=CPTAC|model=TITANV|evaluator=logistic_regression|metric=auroc,26321e4018bec7b80f2fe7ea7cc497139c83b44fb60df5128417623ad1f71a70,machine_parsed_single_primary_source,parsed_primary_source,Exact leaf result; protocol variants remain distinct and are not deduplicated by dataset name alone.
titan2025,titan_paper,Supplementary Table 49,cptac-luad,CPTAC-LUAD TP53 mutation,molecular_biomarker,TP53,patient,classification,108,slide_level_classification,balanced_accuracy,titan2025_frozen_logistic_regression,TITAN-V vision-only,titan-v-slide,github:mahmoodlab/TITAN@9e34c66ff66445c6c590da0dbf7acc103d39a40b,0.713,reported_error=0.0148,titan2025.cptac-luad.cptac-luad-tp53-mutation.titan2025-frozen-logistic-regression.balanced-accuracy,titan2025.cptac-luad.cptac-luad-tp53-mutation.titan2025-frozen-logistic-regression.balanced-accuracy,task.cptac-luad.cptac-luad-tp53-mutation,artifact.cptac-luad,https://media.springernature.com/original/springer-static/esm/art%3A10.1038%2Fs41591-025-03982-3/MediaObjects/41591_2025_3982_MOESM1_ESM.pdf,paper=TITAN|supplementary_table=49|cohort=CPTAC|model=TITANV|evaluator=logistic_regression|metric=balanced_accuracy,26321e4018bec7b80f2fe7ea7cc497139c83b44fb60df5128417623ad1f71a70,machine_parsed_single_primary_source,parsed_primary_source,Exact leaf result; protocol variants remain distinct and are not deduplicated by dataset name alone.
titan2025,titan_paper,Supplementary Table 49,cptac-luad,CPTAC-LUAD TP53 mutation,molecular_biomarker,TP53,patient,classification,108,slide_level_classification,balanced_accuracy,titan2025_frozen_simpleshot,TITAN-V vision-only,titan-v-slide,github:mahmoodlab/TITAN@9e34c66ff66445c6c590da0dbf7acc103d39a40b,0.679,reported_error=0.0017,titan2025.cptac-luad.cptac-luad-tp53-mutation.titan2025-frozen-simpleshot.balanced-accuracy,titan2025.cptac-luad.cptac-luad-tp53-mutation.titan2025-frozen-simpleshot.balanced-accuracy,task.cptac-luad.cptac-luad-tp53-mutation,artifact.cptac-luad,https://media.springernature.com/original/springer-static/esm/art%3A10.1038%2Fs41591-025-03982-3/MediaObjects/41591_2025_3982_MOESM1_ESM.pdf,paper=TITAN|supplementary_table=49|cohort=CPTAC|model=TITANV|evaluator=simpleshot|metric=balanced_accuracy,26321e4018bec7b80f2fe7ea7cc497139c83b44fb60df5128417623ad1f71a70,machine_parsed_single_primary_source,parsed_primary_source,Exact leaf result; protocol variants remain distinct and are not deduplicated by dataset name alone.
titan2025,titan_paper,Supplementary Table 49,cptac-luad,CPTAC-LUAD TP53 mutation,molecular_biomarker,TP53,patient,classification,108,slide_level_classification,weighted_f1,titan2025_frozen_simpleshot,TITAN-V vision-only,titan-v-slide,github:mahmoodlab/TITAN@9e34c66ff66445c6c590da0dbf7acc103d39a40b,0.686,reported_error=0.0004,titan2025.cptac-luad.cptac-luad-tp53-mutation.titan2025-frozen-simpleshot.weighted-f1,titan2025.cptac-luad.cptac-luad-tp53-mutation.titan2025-frozen-simpleshot.weighted-f1,task.cptac-luad.cptac-luad-tp53-mutation,artifact.cptac-luad,https://media.springernature.com/original/springer-static/esm/art%3A10.1038%2Fs41591-025-03982-3/MediaObjects/41591_2025_3982_MOESM1_ESM.pdf,paper=TITAN|supplementary_table=49|cohort=CPTAC|model=TITANV|evaluator=simpleshot|metric=weighted_f1,26321e4018bec7b80f2fe7ea7cc497139c83b44fb60df5128417623ad1f71a70,machine_parsed_single_primary_source,parsed_primary_source,Exact leaf result; protocol variants remain distinct and are not deduplicated by dataset name alone.
titan2025,titan_paper,Supplementary Table 49,cptac-luad,CPTAC-LUAD TP53 mutation,molecular_biomarker,TP53,patient,classification,108,slide_level_classification,balanced_accuracy,titan2025_frozen_20_nearest_neighbors,TITAN-V vision-only,titan-v-slide,github:mahmoodlab/TITAN@9e34c66ff66445c6c590da0dbf7acc103d39a40b,0.670,reported_error=0.0208,titan2025.cptac-luad.cptac-luad-tp53-mutation.titan2025-frozen-20-nearest-neighbors.balanced-accuracy,titan2025.cptac-luad.cptac-luad-tp53-mutation.titan2025-frozen-20-nearest-neighbors.balanced-accuracy,task.cptac-luad.cptac-luad-tp53-mutation,artifact.cptac-luad,https://media.springernature.com/original/springer-static/esm/art%3A10.1038%2Fs41591-025-03982-3/MediaObjects/41591_2025_3982_MOESM1_ESM.pdf,paper=TITAN|supplementary_table=49|cohort=CPTAC|model=TITANV|evaluator=20_nearest_neighbors|metric=balanced_accuracy,26321e4018bec7b80f2fe7ea7cc497139c83b44fb60df5128417623ad1f71a70,machine_parsed_single_primary_source,parsed_primary_source,Exact leaf result; protocol variants remain distinct and are not deduplicated by dataset name alone.
titan2025,titan_paper,Supplementary Table 49,cptac-luad,CPTAC-LUAD TP53 mutation,molecular_biomarker,TP53,patient,classification,108,slide_level_classification,weighted_f1,titan2025_frozen_20_nearest_neighbors,TITAN-V vision-only,titan-v-slide,github:mahmoodlab/TITAN@9e34c66ff66445c6c590da0dbf7acc103d39a40b,0.689,reported_error=0.0204,titan2025.cptac-luad.cptac-luad-tp53-mutation.titan2025-frozen-20-nearest-neighbors.weighted-f1,titan2025.cptac-luad.cptac-luad-tp53-mutation.titan2025-frozen-20-nearest-neighbors.weighted-f1,task.cptac-luad.cptac-luad-tp53-mutation,artifact.cptac-luad,https://media.springernature.com/original/springer-static/esm/art%3A10.1038%2Fs41591-025-03982-3/MediaObjects/41591_2025_3982_MOESM1_ESM.pdf,paper=TITAN|supplementary_table=49|cohort=CPTAC|model=TITANV|evaluator=20_nearest_neighbors|metric=weighted_f1,26321e4018bec7b80f2fe7ea7cc497139c83b44fb60df5128417623ad1f71a70,machine_parsed_single_primary_source,parsed_primary_source,Exact leaf result; protocol variants remain distinct and are not deduplicated by dataset name alone.
titan2025,titan_paper,Supplementary Table 49,cptac-luad,CPTAC-LUAD TP53 mutation,molecular_biomarker,TP53,patient,classification,108,slide_level_classification,auroc,titan2025_frozen_logistic_regression,TITAN vision-language,titan-slide,github:mahmoodlab/TITAN@9e34c66ff66445c6c590da0dbf7acc103d39a40b,0.728,reported_error=0.0088,titan2025.cptac-luad.cptac-luad-tp53-mutation.titan2025-frozen-logistic-regression.auroc,titan2025.cptac-luad.cptac-luad-tp53-mutation.titan2025-frozen-logistic-regression.auroc,task.cptac-luad.cptac-luad-tp53-mutation,artifact.cptac-luad,https://media.springernature.com/original/springer-static/esm/art%3A10.1038%2Fs41591-025-03982-3/MediaObjects/41591_2025_3982_MOESM1_ESM.pdf,paper=TITAN|supplementary_table=49|cohort=CPTAC|model=TITAN|evaluator=logistic_regression|metric=auroc,26321e4018bec7b80f2fe7ea7cc497139c83b44fb60df5128417623ad1f71a70,machine_parsed_single_primary_source,parsed_primary_source,Exact leaf result; protocol variants remain distinct and are not deduplicated by dataset name alone.
titan2025,titan_paper,Supplementary Table 49,cptac-luad,CPTAC-LUAD TP53 mutation,molecular_biomarker,TP53,patient,classification,108,slide_level_classification,balanced_accuracy,titan2025_frozen_logistic_regression,TITAN vision-language,titan-slide,github:mahmoodlab/TITAN@9e34c66ff66445c6c590da0dbf7acc103d39a40b,0.689,reported_error=0.0137,titan2025.cptac-luad.cptac-luad-tp53-mutation.titan2025-frozen-logistic-regression.balanced-accuracy,titan2025.cptac-luad.cptac-luad-tp53-mutation.titan2025-frozen-logistic-regression.balanced-accuracy,task.cptac-luad.cptac-luad-tp53-mutation,artifact.cptac-luad,https://media.springernature.com/original/springer-static/esm/art%3A10.1038%2Fs41591-025-03982-3/MediaObjects/41591_2025_3982_MOESM1_ESM.pdf,paper=TITAN|supplementary_table=49|cohort=CPTAC|model=TITAN|evaluator=logistic_regression|metric=balanced_accuracy,26321e4018bec7b80f2fe7ea7cc497139c83b44fb60df5128417623ad1f71a70,machine_parsed_single_primary_source,parsed_primary_source,Exact leaf result; protocol variants remain distinct and are not deduplicated by dataset name alone.
titan2025,titan_paper,Supplementary Table 49,cptac-luad,CPTAC-LUAD TP53 mutation,molecular_biomarker,TP53,patient,classification,108,slide_level_classification,balanced_accuracy,titan2025_frozen_simpleshot,TITAN vision-language,titan-slide,github:mahmoodlab/TITAN@9e34c66ff66445c6c590da0dbf7acc103d39a40b,0.669,reported_error=0.0048,titan2025.cptac-luad.cptac-luad-tp53-mutation.titan2025-frozen-simpleshot.balanced-accuracy,titan2025.cptac-luad.cptac-luad-tp53-mutation.titan2025-frozen-simpleshot.balanced-accuracy,task.cptac-luad.cptac-luad-tp53-mutation,artifact.cptac-luad,https://media.springernature.com/original/springer-static/esm/art%3A10.1038%2Fs41591-025-03982-3/MediaObjects/41591_2025_3982_MOESM1_ESM.pdf,paper=TITAN|supplementary_table=49|cohort=CPTAC|model=TITAN|evaluator=simpleshot|metric=balanced_accuracy,26321e4018bec7b80f2fe7ea7cc497139c83b44fb60df5128417623ad1f71a70,machine_parsed_single_primary_source,parsed_primary_source,Exact leaf result; protocol variants remain distinct and are not deduplicated by dataset name alone.
titan2025,titan_paper,Supplementary Table 49,cptac-luad,CPTAC-LUAD TP53 mutation,molecular_biomarker,TP53,patient,classification,108,slide_level_classification,weighted_f1,titan2025_frozen_simpleshot,TITAN vision-language,titan-slide,github:mahmoodlab/TITAN@9e34c66ff66445c6c590da0dbf7acc103d39a40b,0.673,reported_error=0.0045,titan2025.cptac-luad.cptac-luad-tp53-mutation.titan2025-frozen-simpleshot.weighted-f1,titan2025.cptac-luad.cptac-luad-tp53-mutation.titan2025-frozen-simpleshot.weighted-f1,task.cptac-luad.cptac-luad-tp53-mutation,artifact.cptac-luad,https://media.springernature.com/original/springer-static/esm/art%3A10.1038%2Fs41591-025-03982-3/MediaObjects/41591_2025_3982_MOESM1_ESM.pdf,paper=TITAN|supplementary_table=49|cohort=CPTAC|model=TITAN|evaluator=simpleshot|metric=weighted_f1,26321e4018bec7b80f2fe7ea7cc497139c83b44fb60df5128417623ad1f71a70,machine_parsed_single_primary_source,parsed_primary_source,Exact leaf result; protocol variants remain distinct and are not deduplicated by dataset name alone.
titan2025,titan_paper,Supplementary Table 49,cptac-luad,CPTAC-LUAD TP53 mutation,molecular_biomarker,TP53,patient,classification,108,slide_level_classification,balanced_accuracy,titan2025_frozen_20_nearest_neighbors,TITAN vision-language,titan-slide,github:mahmoodlab/TITAN@9e34c66ff66445c6c590da0dbf7acc103d39a40b,0.667,reported_error=0.0289,titan2025.cptac-luad.cptac-luad-tp53-mutation.titan2025-frozen-20-nearest-neighbors.balanced-accuracy,titan2025.cptac-luad.cptac-luad-tp53-mutation.titan2025-frozen-20-nearest-neighbors.balanced-accuracy,task.cptac-luad.cptac-luad-tp53-mutation,artifact.cptac-luad,https://media.springernature.com/original/springer-static/esm/art%3A10.1038%2Fs41591-025-03982-3/MediaObjects/41591_2025_3982_MOESM1_ESM.pdf,paper=TITAN|supplementary_table=49|cohort=CPTAC|model=TITAN|evaluator=20_nearest_neighbors|metric=balanced_accuracy,26321e4018bec7b80f2fe7ea7cc497139c83b44fb60df5128417623ad1f71a70,machine_parsed_single_primary_source,parsed_primary_source,Exact leaf result; protocol variants remain distinct and are not deduplicated by dataset name alone.
titan2025,titan_paper,Supplementary Table 49,cptac-luad,CPTAC-LUAD TP53 mutation,molecular_biomarker,TP53,patient,classification,108,slide_level_classification,weighted_f1,titan2025_frozen_20_nearest_neighbors,TITAN vision-language,titan-slide,github:mahmoodlab/TITAN@9e34c66ff66445c6c590da0dbf7acc103d39a40b,0.687,reported_error=0.0268,titan2025.cptac-luad.cptac-luad-tp53-mutation.titan2025-frozen-20-nearest-neighbors.weighted-f1,titan2025.cptac-luad.cptac-luad-tp53-mutation.titan2025-frozen-20-nearest-neighbors.weighted-f1,task.cptac-luad.cptac-luad-tp53-mutation,artifact.cptac-luad,https://media.springernature.com/original/springer-static/esm/art%3A10.1038%2Fs41591-025-03982-3/MediaObjects/41591_2025_3982_MOESM1_ESM.pdf,paper=TITAN|supplementary_table=49|cohort=CPTAC|model=TITAN|evaluator=20_nearest_neighbors|metric=weighted_f1,26321e4018bec7b80f2fe7ea7cc497139c83b44fb60df5128417623ad1f71a70,machine_parsed_single_primary_source,parsed_primary_source,Exact leaf result; protocol variants remain distinct and are not deduplicated by dataset name alone.
titan2025,titan_paper,Supplementary Table 50,tcga-crc,TCGA-CRC MSI status,molecular_biomarker,MSI,patient,classification,414,slide_level_classification,auroc,titan2025_frozen_logistic_regression,TITAN-V vision-only,titan-v-slide,github:mahmoodlab/TITAN@9e34c66ff66445c6c590da0dbf7acc103d39a40b,0.859,reported_error=0.0507,titan2025.tcga-crc.tcga-crc-msi-status.titan2025-frozen-logistic-regression.auroc,titan2025.tcga-crc.tcga-crc-msi-status.titan2025-frozen-logistic-regression.auroc,task.tcga-crc.tcga-crc-msi-status,artifact.tcga-crc,https://media.springernature.com/original/springer-static/esm/art%3A10.1038%2Fs41591-025-03982-3/MediaObjects/41591_2025_3982_MOESM1_ESM.pdf,paper=TITAN|supplementary_table=50|cohort=TCGA|model=TITANV|evaluator=logistic_regression|metric=auroc,26321e4018bec7b80f2fe7ea7cc497139c83b44fb60df5128417623ad1f71a70,machine_parsed_single_primary_source,parsed_primary_source,Exact leaf result; protocol variants remain distinct and are not deduplicated by dataset name alone.
titan2025,titan_paper,Supplementary Table 50,tcga-crc,TCGA-CRC MSI status,molecular_biomarker,MSI,patient,classification,414,slide_level_classification,balanced_accuracy,titan2025_frozen_logistic_regression,TITAN-V vision-only,titan-v-slide,github:mahmoodlab/TITAN@9e34c66ff66445c6c590da0dbf7acc103d39a40b,0.712,reported_error=0.0439,titan2025.tcga-crc.tcga-crc-msi-status.titan2025-frozen-logistic-regression.balanced-accuracy,titan2025.tcga-crc.tcga-crc-msi-status.titan2025-frozen-logistic-regression.balanced-accuracy,task.tcga-crc.tcga-crc-msi-status,artifact.tcga-crc,https://media.springernature.com/original/springer-static/esm/art%3A10.1038%2Fs41591-025-03982-3/MediaObjects/41591_2025_3982_MOESM1_ESM.pdf,paper=TITAN|supplementary_table=50|cohort=TCGA|model=TITANV|evaluator=logistic_regression|metric=balanced_accuracy,26321e4018bec7b80f2fe7ea7cc497139c83b44fb60df5128417623ad1f71a70,machine_parsed_single_primary_source,parsed_primary_source,Exact leaf result; protocol variants remain distinct and are not deduplicated by dataset name alone.
titan2025,titan_paper,Supplementary Table 50,tcga-crc,TCGA-CRC MSI status,molecular_biomarker,MSI,patient,classification,414,slide_level_classification,balanced_accuracy,titan2025_frozen_simpleshot,TITAN-V vision-only,titan-v-slide,github:mahmoodlab/TITAN@9e34c66ff66445c6c590da0dbf7acc103d39a40b,0.728,reported_error=0.0520,titan2025.tcga-crc.tcga-crc-msi-status.titan2025-frozen-simpleshot.balanced-accuracy,titan2025.tcga-crc.tcga-crc-msi-status.titan2025-frozen-simpleshot.balanced-accuracy,task.tcga-crc.tcga-crc-msi-status,artifact.tcga-crc,https://media.springernature.com/original/springer-static/esm/art%3A10.1038%2Fs41591-025-03982-3/MediaObjects/41591_2025_3982_MOESM1_ESM.pdf,paper=TITAN|supplementary_table=50|cohort=TCGA|model=TITANV|evaluator=simpleshot|metric=balanced_accuracy,26321e4018bec7b80f2fe7ea7cc497139c83b44fb60df5128417623ad1f71a70,machine_parsed_single_primary_source,parsed_primary_source,Exact leaf result; protocol variants remain distinct and are not deduplicated by dataset name alone.
titan2025,titan_paper,Supplementary Table 50,tcga-crc,TCGA-CRC MSI status,molecular_biomarker,MSI,patient,classification,414,slide_level_classification,weighted_f1,titan2025_frozen_simpleshot,TITAN-V vision-only,titan-v-slide,github:mahmoodlab/TITAN@9e34c66ff66445c6c590da0dbf7acc103d39a40b,0.780,reported_error=0.0612,titan2025.tcga-crc.tcga-crc-msi-status.titan2025-frozen-simpleshot.weighted-f1,titan2025.tcga-crc.tcga-crc-msi-status.titan2025-frozen-simpleshot.weighted-f1,task.tcga-crc.tcga-crc-msi-status,artifact.tcga-crc,https://media.springernature.com/original/springer-static/esm/art%3A10.1038%2Fs41591-025-03982-3/MediaObjects/41591_2025_3982_MOESM1_ESM.pdf,paper=TITAN|supplementary_table=50|cohort=TCGA|model=TITANV|evaluator=simpleshot|metric=weighted_f1,26321e4018bec7b80f2fe7ea7cc497139c83b44fb60df5128417623ad1f71a70,machine_parsed_single_primary_source,parsed_primary_source,Exact leaf result; protocol variants remain distinct and are not deduplicated by dataset name alone.
titan2025,titan_paper,Supplementary Table 50,tcga-crc,TCGA-CRC MSI status,molecular_biomarker,MSI,patient,classification,414,slide_level_classification,balanced_accuracy,titan2025_frozen_20_nearest_neighbors,TITAN-V vision-only,titan-v-slide,github:mahmoodlab/TITAN@9e34c66ff66445c6c590da0dbf7acc103d39a40b,0.574,reported_error=0.0282,titan2025.tcga-crc.tcga-crc-msi-status.titan2025-frozen-20-nearest-neighbors.balanced-accuracy,titan2025.tcga-crc.tcga-crc-msi-status.titan2025-frozen-20-nearest-neighbors.balanced-accuracy,task.tcga-crc.tcga-crc-msi-status,artifact.tcga-crc,https://media.springernature.com/original/springer-static/esm/art%3A10.1038%2Fs41591-025-03982-3/MediaObjects/41591_2025_3982_MOESM1_ESM.pdf,paper=TITAN|supplementary_table=50|cohort=TCGA|model=TITANV|evaluator=20_nearest_neighbors|metric=balanced_accuracy,26321e4018bec7b80f2fe7ea7cc497139c83b44fb60df5128417623ad1f71a70,machine_parsed_single_primary_source,parsed_primary_source,Exact leaf result; protocol variants remain distinct and are not deduplicated by dataset name alone.
titan2025,titan_paper,Supplementary Table 50,tcga-crc,TCGA-CRC MSI status,molecular_biomarker,MSI,patient,classification,414,slide_level_classification,weighted_f1,titan2025_frozen_20_nearest_neighbors,TITAN-V vision-only,titan-v-slide,github:mahmoodlab/TITAN@9e34c66ff66445c6c590da0dbf7acc103d39a40b,0.737,reported_error=0.0255,titan2025.tcga-crc.tcga-crc-msi-status.titan2025-frozen-20-nearest-neighbors.weighted-f1,titan2025.tcga-crc.tcga-crc-msi-status.titan2025-frozen-20-nearest-neighbors.weighted-f1,task.tcga-crc.tcga-crc-msi-status,artifact.tcga-crc,https://media.springernature.com/original/springer-static/esm/art%3A10.1038%2Fs41591-025-03982-3/MediaObjects/41591_2025_3982_MOESM1_ESM.pdf,paper=TITAN|supplementary_table=50|cohort=TCGA|model=TITANV|evaluator=20_nearest_neighbors|metric=weighted_f1,26321e4018bec7b80f2fe7ea7cc497139c83b44fb60df5128417623ad1f71a70,machine_parsed_single_primary_source,parsed_primary_source,Exact leaf result; protocol variants remain distinct and are not deduplicated by dataset name alone.
titan2025,titan_paper,Supplementary Table 50,tcga-crc,TCGA-CRC MSI status,molecular_biomarker,MSI,patient,classification,414,slide_level_classification,auroc,titan2025_frozen_logistic_regression,TITAN vision-language,titan-slide,github:mahmoodlab/TITAN@9e34c66ff66445c6c590da0dbf7acc103d39a40b,0.872,reported_error=0.0551,titan2025.tcga-crc.tcga-crc-msi-status.titan2025-frozen-logistic-regression.auroc,titan2025.tcga-crc.tcga-crc-msi-status.titan2025-frozen-logistic-regression.auroc,task.tcga-crc.tcga-crc-msi-status,artifact.tcga-crc,https://media.springernature.com/original/springer-static/esm/art%3A10.1038%2Fs41591-025-03982-3/MediaObjects/41591_2025_3982_MOESM1_ESM.pdf,paper=TITAN|supplementary_table=50|cohort=TCGA|model=TITAN|evaluator=logistic_regression|metric=auroc,26321e4018bec7b80f2fe7ea7cc497139c83b44fb60df5128417623ad1f71a70,machine_parsed_single_primary_source,parsed_primary_source,Exact leaf result; protocol variants remain distinct and are not deduplicated by dataset name alone.
titan2025,titan_paper,Supplementary Table 50,tcga-crc,TCGA-CRC MSI status,molecular_biomarker,MSI,patient,classification,414,slide_level_classification,balanced_accuracy,titan2025_frozen_logistic_regression,TITAN vision-language,titan-slide,github:mahmoodlab/TITAN@9e34c66ff66445c6c590da0dbf7acc103d39a40b,0.700,reported_error=0.0730,titan2025.tcga-crc.tcga-crc-msi-status.titan2025-frozen-logistic-regression.balanced-accuracy,titan2025.tcga-crc.tcga-crc-msi-status.titan2025-frozen-logistic-regression.balanced-accuracy,task.tcga-crc.tcga-crc-msi-status,artifact.tcga-crc,https://media.springernature.com/original/springer-static/esm/art%3A10.1038%2Fs41591-025-03982-3/MediaObjects/41591_2025_3982_MOESM1_ESM.pdf,paper=TITAN|supplementary_table=50|cohort=TCGA|model=TITAN|evaluator=logistic_regression|metric=balanced_accuracy,26321e4018bec7b80f2fe7ea7cc497139c83b44fb60df5128417623ad1f71a70,machine_parsed_single_primary_source,parsed_primary_source,Exact leaf result; protocol variants remain distinct and are not deduplicated by dataset name alone.
titan2025,titan_paper,Supplementary Table 50,tcga-crc,TCGA-CRC MSI status,molecular_biomarker,MSI,patient,classification,414,slide_level_classification,balanced_accuracy,titan2025_frozen_simpleshot,TITAN vision-language,titan-slide,github:mahmoodlab/TITAN@9e34c66ff66445c6c590da0dbf7acc103d39a40b,0.800,reported_error=0.0581,titan2025.tcga-crc.tcga-crc-msi-status.titan2025-frozen-simpleshot.balanced-accuracy,titan2025.tcga-crc.tcga-crc-msi-status.titan2025-frozen-simpleshot.balanced-accuracy,task.tcga-crc.tcga-crc-msi-status,artifact.tcga-crc,https://media.springernature.com/original/springer-static/esm/art%3A10.1038%2Fs41591-025-03982-3/MediaObjects/41591_2025_3982_MOESM1_ESM.pdf,paper=TITAN|supplementary_table=50|cohort=TCGA|model=TITAN|evaluator=simpleshot|metric=balanced_accuracy,26321e4018bec7b80f2fe7ea7cc497139c83b44fb60df5128417623ad1f71a70,machine_parsed_single_primary_source,parsed_primary_source,Exact leaf result; protocol variants remain distinct and are not deduplicated by dataset name alone.
titan2025,titan_paper,Supplementary Table 50,tcga-crc,TCGA-CRC MSI status,molecular_biomarker,MSI,patient,classification,414,slide_level_classification,weighted_f1,titan2025_frozen_simpleshot,TITAN vision-language,titan-slide,github:mahmoodlab/TITAN@9e34c66ff66445c6c590da0dbf7acc103d39a40b,0.831,reported_error=0.0480,titan2025.tcga-crc.tcga-crc-msi-status.titan2025-frozen-simpleshot.weighted-f1,titan2025.tcga-crc.tcga-crc-msi-status.titan2025-frozen-simpleshot.weighted-f1,task.tcga-crc.tcga-crc-msi-status,artifact.tcga-crc,https://media.springernature.com/original/springer-static/esm/art%3A10.1038%2Fs41591-025-03982-3/MediaObjects/41591_2025_3982_MOESM1_ESM.pdf,paper=TITAN|supplementary_table=50|cohort=TCGA|model=TITAN|evaluator=simpleshot|metric=weighted_f1,26321e4018bec7b80f2fe7ea7cc497139c83b44fb60df5128417623ad1f71a70,machine_parsed_single_primary_source,parsed_primary_source,Exact leaf result; protocol variants remain distinct and are not deduplicated by dataset name alone.
titan2025,titan_paper,Supplementary Table 50,tcga-crc,TCGA-CRC MSI status,molecular_biomarker,MSI,patient,classification,414,slide_level_classification,balanced_accuracy,titan2025_frozen_20_nearest_neighbors,TITAN vision-language,titan-slide,github:mahmoodlab/TITAN@9e34c66ff66445c6c590da0dbf7acc103d39a40b,0.549,reported_error=0.0114,titan2025.tcga-crc.tcga-crc-msi-status.titan2025-frozen-20-nearest-neighbors.balanced-accuracy,titan2025.tcga-crc.tcga-crc-msi-status.titan2025-frozen-20-nearest-neighbors.balanced-accuracy,task.tcga-crc.tcga-crc-msi-status,artifact.tcga-crc,https://media.springernature.com/original/springer-static/esm/art%3A10.1038%2Fs41591-025-03982-3/MediaObjects/41591_2025_3982_MOESM1_ESM.pdf,paper=TITAN|supplementary_table=50|cohort=TCGA|model=TITAN|evaluator=20_nearest_neighbors|metric=balanced_accuracy,26321e4018bec7b80f2fe7ea7cc497139c83b44fb60df5128417623ad1f71a70,machine_parsed_single_primary_source,parsed_primary_source,Exact leaf result; protocol variants remain distinct and are not deduplicated by dataset name alone.
titan2025,titan_paper,Supplementary Table 50,tcga-crc,TCGA-CRC MSI status,molecular_biomarker,MSI,patient,classification,414,slide_level_classification,weighted_f1,titan2025_frozen_20_nearest_neighbors,TITAN vision-language,titan-slide,github:mahmoodlab/TITAN@9e34c66ff66445c6c590da0dbf7acc103d39a40b,0.713,reported_error=0.0093,titan2025.tcga-crc.tcga-crc-msi-status.titan2025-frozen-20-nearest-neighbors.weighted-f1,titan2025.tcga-crc.tcga-crc-msi-status.titan2025-frozen-20-nearest-neighbors.weighted-f1,task.tcga-crc.tcga-crc-msi-status,artifact.tcga-crc,https://media.springernature.com/original/springer-static/esm/art%3A10.1038%2Fs41591-025-03982-3/MediaObjects/41591_2025_3982_MOESM1_ESM.pdf,paper=TITAN|supplementary_table=50|cohort=TCGA|model=TITAN|evaluator=20_nearest_neighbors|metric=weighted_f1,26321e4018bec7b80f2fe7ea7cc497139c83b44fb60df5128417623ad1f71a70,machine_parsed_single_primary_source,parsed_primary_source,Exact leaf result; protocol variants remain distinct and are not deduplicated by dataset name alone.
titan2025,titan_paper,Supplementary Table 50,cptac-coad,CPTAC-COAD MSI status,molecular_biomarker,MSI,patient,classification,103,slide_level_classification,auroc,titan2025_frozen_logistic_regression,TITAN-V vision-only,titan-v-slide,github:mahmoodlab/TITAN@9e34c66ff66445c6c590da0dbf7acc103d39a40b,0.830,reported_error=0.0337,titan2025.cptac-coad.cptac-coad-msi-status.titan2025-frozen-logistic-regression.auroc,titan2025.cptac-coad.cptac-coad-msi-status.titan2025-frozen-logistic-regression.auroc,task.cptac-coad.cptac-coad-msi-status,artifact.cptac-coad,https://media.springernature.com/original/springer-static/esm/art%3A10.1038%2Fs41591-025-03982-3/MediaObjects/41591_2025_3982_MOESM1_ESM.pdf,paper=TITAN|supplementary_table=50|cohort=CPTAC|model=TITANV|evaluator=logistic_regression|metric=auroc,26321e4018bec7b80f2fe7ea7cc497139c83b44fb60df5128417623ad1f71a70,machine_parsed_single_primary_source,parsed_primary_source,Exact leaf result; protocol variants remain distinct and are not deduplicated by dataset name alone.
titan2025,titan_paper,Supplementary Table 50,cptac-coad,CPTAC-COAD MSI status,molecular_biomarker,MSI,patient,classification,103,slide_level_classification,balanced_accuracy,titan2025_frozen_logistic_regression,TITAN-V vision-only,titan-v-slide,github:mahmoodlab/TITAN@9e34c66ff66445c6c590da0dbf7acc103d39a40b,0.614,reported_error=0.0472,titan2025.cptac-coad.cptac-coad-msi-status.titan2025-frozen-logistic-regression.balanced-accuracy,titan2025.cptac-coad.cptac-coad-msi-status.titan2025-frozen-logistic-regression.balanced-accuracy,task.cptac-coad.cptac-coad-msi-status,artifact.cptac-coad,https://media.springernature.com/original/springer-static/esm/art%3A10.1038%2Fs41591-025-03982-3/MediaObjects/41591_2025_3982_MOESM1_ESM.pdf,paper=TITAN|supplementary_table=50|cohort=CPTAC|model=TITANV|evaluator=logistic_regression|metric=balanced_accuracy,26321e4018bec7b80f2fe7ea7cc497139c83b44fb60df5128417623ad1f71a70,machine_parsed_single_primary_source,parsed_primary_source,Exact leaf result; protocol variants remain distinct and are not deduplicated by dataset name alone.
titan2025,titan_paper,Supplementary Table 50,cptac-coad,CPTAC-COAD MSI status,molecular_biomarker,MSI,patient,classification,103,slide_level_classification,balanced_accuracy,titan2025_frozen_simpleshot,TITAN-V vision-only,titan-v-slide,github:mahmoodlab/TITAN@9e34c66ff66445c6c590da0dbf7acc103d39a40b,0.676,reported_error=0.0369,titan2025.cptac-coad.cptac-coad-msi-status.titan2025-frozen-simpleshot.balanced-accuracy,titan2025.cptac-coad.cptac-coad-msi-status.titan2025-frozen-simpleshot.balanced-accuracy,task.cptac-coad.cptac-coad-msi-status,artifact.cptac-coad,https://media.springernature.com/original/springer-static/esm/art%3A10.1038%2Fs41591-025-03982-3/MediaObjects/41591_2025_3982_MOESM1_ESM.pdf,paper=TITAN|supplementary_table=50|cohort=CPTAC|model=TITANV|evaluator=simpleshot|metric=balanced_accuracy,26321e4018bec7b80f2fe7ea7cc497139c83b44fb60df5128417623ad1f71a70,machine_parsed_single_primary_source,parsed_primary_source,Exact leaf result; protocol variants remain distinct and are not deduplicated by dataset name alone.
titan2025,titan_paper,Supplementary Table 50,cptac-coad,CPTAC-COAD MSI status,molecular_biomarker,MSI,patient,classification,103,slide_level_classification,weighted_f1,titan2025_frozen_simpleshot,TITAN-V vision-only,titan-v-slide,github:mahmoodlab/TITAN@9e34c66ff66445c6c590da0dbf7acc103d39a40b,0.678,reported_error=0.0871,titan2025.cptac-coad.cptac-coad-msi-status.titan2025-frozen-simpleshot.weighted-f1,titan2025.cptac-coad.cptac-coad-msi-status.titan2025-frozen-simpleshot.weighted-f1,task.cptac-coad.cptac-coad-msi-status,artifact.cptac-coad,https://media.springernature.com/original/springer-static/esm/art%3A10.1038%2Fs41591-025-03982-3/MediaObjects/41591_2025_3982_MOESM1_ESM.pdf,paper=TITAN|supplementary_table=50|cohort=CPTAC|model=TITANV|evaluator=simpleshot|metric=weighted_f1,26321e4018bec7b80f2fe7ea7cc497139c83b44fb60df5128417623ad1f71a70,machine_parsed_single_primary_source,parsed_primary_source,Exact leaf result; protocol variants remain distinct and are not deduplicated by dataset name alone.
titan2025,titan_paper,Supplementary Table 50,cptac-coad,CPTAC-COAD MSI status,molecular_biomarker,MSI,patient,classification,103,slide_level_classification,balanced_accuracy,titan2025_frozen_20_nearest_neighbors,TITAN-V vision-only,titan-v-slide,github:mahmoodlab/TITAN@9e34c66ff66445c6c590da0dbf7acc103d39a40b,0.543,reported_error=0.0159,titan2025.cptac-coad.cptac-coad-msi-status.titan2025-frozen-20-nearest-neighbors.balanced-accuracy,titan2025.cptac-coad.cptac-coad-msi-status.titan2025-frozen-20-nearest-neighbors.balanced-accuracy,task.cptac-coad.cptac-coad-msi-status,artifact.cptac-coad,https://media.springernature.com/original/springer-static/esm/art%3A10.1038%2Fs41591-025-03982-3/MediaObjects/41591_2025_3982_MOESM1_ESM.pdf,paper=TITAN|supplementary_table=50|cohort=CPTAC|model=TITANV|evaluator=20_nearest_neighbors|metric=balanced_accuracy,26321e4018bec7b80f2fe7ea7cc497139c83b44fb60df5128417623ad1f71a70,machine_parsed_single_primary_source,parsed_primary_source,Exact leaf result; protocol variants remain distinct and are not deduplicated by dataset name alone.
titan2025,titan_paper,Supplementary Table 50,cptac-coad,CPTAC-COAD MSI status,molecular_biomarker,MSI,patient,classification,103,slide_level_classification,weighted_f1,titan2025_frozen_20_nearest_neighbors,TITAN-V vision-only,titan-v-slide,github:mahmoodlab/TITAN@9e34c66ff66445c6c590da0dbf7acc103d39a40b,0.710,reported_error=0.0143,titan2025.cptac-coad.cptac-coad-msi-status.titan2025-frozen-20-nearest-neighbors.weighted-f1,titan2025.cptac-coad.cptac-coad-msi-status.titan2025-frozen-20-nearest-neighbors.weighted-f1,task.cptac-coad.cptac-coad-msi-status,artifact.cptac-coad,https://media.springernature.com/original/springer-static/esm/art%3A10.1038%2Fs41591-025-03982-3/MediaObjects/41591_2025_3982_MOESM1_ESM.pdf,paper=TITAN|supplementary_table=50|cohort=CPTAC|model=TITANV|evaluator=20_nearest_neighbors|metric=weighted_f1,26321e4018bec7b80f2fe7ea7cc497139c83b44fb60df5128417623ad1f71a70,machine_parsed_single_primary_source,parsed_primary_source,Exact leaf result; protocol variants remain distinct and are not deduplicated by dataset name alone.
titan2025,titan_paper,Supplementary Table 50,cptac-coad,CPTAC-COAD MSI status,molecular_biomarker,MSI,patient,classification,103,slide_level_classification,auroc,titan2025_frozen_logistic_regression,TITAN vision-language,titan-slide,github:mahmoodlab/TITAN@9e34c66ff66445c6c590da0dbf7acc103d39a40b,0.828,reported_error=0.0287,titan2025.cptac-coad.cptac-coad-msi-status.titan2025-frozen-logistic-regression.auroc,titan2025.cptac-coad.cptac-coad-msi-status.titan2025-frozen-logistic-regression.auroc,task.cptac-coad.cptac-coad-msi-status,artifact.cptac-coad,https://media.springernature.com/original/springer-static/esm/art%3A10.1038%2Fs41591-025-03982-3/MediaObjects/41591_2025_3982_MOESM1_ESM.pdf,paper=TITAN|supplementary_table=50|cohort=CPTAC|model=TITAN|evaluator=logistic_regression|metric=auroc,26321e4018bec7b80f2fe7ea7cc497139c83b44fb60df5128417623ad1f71a70,machine_parsed_single_primary_source,parsed_primary_source,Exact leaf result; protocol variants remain distinct and are not deduplicated by dataset name alone.
titan2025,titan_paper,Supplementary Table 50,cptac-coad,CPTAC-COAD MSI status,molecular_biomarker,MSI,patient,classification,103,slide_level_classification,balanced_accuracy,titan2025_frozen_logistic_regression,TITAN vision-language,titan-slide,github:mahmoodlab/TITAN@9e34c66ff66445c6c590da0dbf7acc103d39a40b,0.653,reported_error=0.0302,titan2025.cptac-coad.cptac-coad-msi-status.titan2025-frozen-logistic-regression.balanced-accuracy,titan2025.cptac-coad.cptac-coad-msi-status.titan2025-frozen-logistic-regression.balanced-accuracy,task.cptac-coad.cptac-coad-msi-status,artifact.cptac-coad,https://media.springernature.com/original/springer-static/esm/art%3A10.1038%2Fs41591-025-03982-3/MediaObjects/41591_2025_3982_MOESM1_ESM.pdf,paper=TITAN|supplementary_table=50|cohort=CPTAC|model=TITAN|evaluator=logistic_regression|metric=balanced_accuracy,26321e4018bec7b80f2fe7ea7cc497139c83b44fb60df5128417623ad1f71a70,machine_parsed_single_primary_source,parsed_primary_source,Exact leaf result; protocol variants remain distinct and are not deduplicated by dataset name alone.
titan2025,titan_paper,Supplementary Table 50,cptac-coad,CPTAC-COAD MSI status,molecular_biomarker,MSI,patient,classification,103,slide_level_classification,balanced_accuracy,titan2025_frozen_simpleshot,TITAN vision-language,titan-slide,github:mahmoodlab/TITAN@9e34c66ff66445c6c590da0dbf7acc103d39a40b,0.771,reported_error=0.0105,titan2025.cptac-coad.cptac-coad-msi-status.titan2025-frozen-simpleshot.balanced-accuracy,titan2025.cptac-coad.cptac-coad-msi-status.titan2025-frozen-simpleshot.balanced-accuracy,task.cptac-coad.cptac-coad-msi-status,artifact.cptac-coad,https://media.springernature.com/original/springer-static/esm/art%3A10.1038%2Fs41591-025-03982-3/MediaObjects/41591_2025_3982_MOESM1_ESM.pdf,paper=TITAN|supplementary_table=50|cohort=CPTAC|model=TITAN|evaluator=simpleshot|metric=balanced_accuracy,26321e4018bec7b80f2fe7ea7cc497139c83b44fb60df5128417623ad1f71a70,machine_parsed_single_primary_source,parsed_primary_source,Exact leaf result; protocol variants remain distinct and are not deduplicated by dataset name alone.
titan2025,titan_paper,Supplementary Table 50,cptac-coad,CPTAC-COAD MSI status,molecular_biomarker,MSI,patient,classification,103,slide_level_classification,weighted_f1,titan2025_frozen_simpleshot,TITAN vision-language,titan-slide,github:mahmoodlab/TITAN@9e34c66ff66445c6c590da0dbf7acc103d39a40b,0.745,reported_error=0.0238,titan2025.cptac-coad.cptac-coad-msi-status.titan2025-frozen-simpleshot.weighted-f1,titan2025.cptac-coad.cptac-coad-msi-status.titan2025-frozen-simpleshot.weighted-f1,task.cptac-coad.cptac-coad-msi-status,artifact.cptac-coad,https://media.springernature.com/original/springer-static/esm/art%3A10.1038%2Fs41591-025-03982-3/MediaObjects/41591_2025_3982_MOESM1_ESM.pdf,paper=TITAN|supplementary_table=50|cohort=CPTAC|model=TITAN|evaluator=simpleshot|metric=weighted_f1,26321e4018bec7b80f2fe7ea7cc497139c83b44fb60df5128417623ad1f71a70,machine_parsed_single_primary_source,parsed_primary_source,Exact leaf result; protocol variants remain distinct and are not deduplicated by dataset name alone.
titan2025,titan_paper,Supplementary Table 50,cptac-coad,CPTAC-COAD MSI status,molecular_biomarker,MSI,patient,classification,103,slide_level_classification,balanced_accuracy,titan2025_frozen_20_nearest_neighbors,TITAN vision-language,titan-slide,github:mahmoodlab/TITAN@9e34c66ff66445c6c590da0dbf7acc103d39a40b,0.545,reported_error=0.0254,titan2025.cptac-coad.cptac-coad-msi-status.titan2025-frozen-20-nearest-neighbors.balanced-accuracy,titan2025.cptac-coad.cptac-coad-msi-status.titan2025-frozen-20-nearest-neighbors.balanced-accuracy,task.cptac-coad.cptac-coad-msi-status,artifact.cptac-coad,https://media.springernature.com/original/springer-static/esm/art%3A10.1038%2Fs41591-025-03982-3/MediaObjects/41591_2025_3982_MOESM1_ESM.pdf,paper=TITAN|supplementary_table=50|cohort=CPTAC|model=TITAN|evaluator=20_nearest_neighbors|metric=balanced_accuracy,26321e4018bec7b80f2fe7ea7cc497139c83b44fb60df5128417623ad1f71a70,machine_parsed_single_primary_source,parsed_primary_source,Exact leaf result; protocol variants remain distinct and are not deduplicated by dataset name alone.
titan2025,titan_paper,Supplementary Table 50,cptac-coad,CPTAC-COAD MSI status,molecular_biomarker,MSI,patient,classification,103,slide_level_classification,weighted_f1,titan2025_frozen_20_nearest_neighbors,TITAN vision-language,titan-slide,github:mahmoodlab/TITAN@9e34c66ff66445c6c590da0dbf7acc103d39a40b,0.707,reported_error=0.0237,titan2025.cptac-coad.cptac-coad-msi-status.titan2025-frozen-20-nearest-neighbors.weighted-f1,titan2025.cptac-coad.cptac-coad-msi-status.titan2025-frozen-20-nearest-neighbors.weighted-f1,task.cptac-coad.cptac-coad-msi-status,artifact.cptac-coad,https://media.springernature.com/original/springer-static/esm/art%3A10.1038%2Fs41591-025-03982-3/MediaObjects/41591_2025_3982_MOESM1_ESM.pdf,paper=TITAN|supplementary_table=50|cohort=CPTAC|model=TITAN|evaluator=20_nearest_neighbors|metric=weighted_f1,26321e4018bec7b80f2fe7ea7cc497139c83b44fb60df5128417623ad1f71a70,machine_parsed_single_primary_source,parsed_primary_source,Exact leaf result; protocol variants remain distinct and are not deduplicated by dataset name alone.
titan2025,titan_paper,Supplementary Table 51,tcga-crc,TCGA-CRC BRAF status,molecular_biomarker,BRAF,patient,classification,487,slide_level_classification,auroc,titan2025_frozen_logistic_regression,TITAN-V vision-only,titan-v-slide,github:mahmoodlab/TITAN@9e34c66ff66445c6c590da0dbf7acc103d39a40b,0.800,reported_error=0.0731,titan2025.tcga-crc.tcga-crc-braf-status.titan2025-frozen-logistic-regression.auroc,titan2025.tcga-crc.tcga-crc-braf-status.titan2025-frozen-logistic-regression.auroc,task.tcga-crc.tcga-crc-braf-status,artifact.tcga-crc,https://media.springernature.com/original/springer-static/esm/art%3A10.1038%2Fs41591-025-03982-3/MediaObjects/41591_2025_3982_MOESM1_ESM.pdf,paper=TITAN|supplementary_table=51|cohort=TCGA|model=TITANV|evaluator=logistic_regression|metric=auroc,26321e4018bec7b80f2fe7ea7cc497139c83b44fb60df5128417623ad1f71a70,machine_parsed_single_primary_source,parsed_primary_source,Exact leaf result; protocol variants remain distinct and are not deduplicated by dataset name alone.
titan2025,titan_paper,Supplementary Table 51,tcga-crc,TCGA-CRC BRAF status,molecular_biomarker,BRAF,patient,classification,487,slide_level_classification,balanced_accuracy,titan2025_frozen_logistic_regression,TITAN-V vision-only,titan-v-slide,github:mahmoodlab/TITAN@9e34c66ff66445c6c590da0dbf7acc103d39a40b,0.516,reported_error=0.0439,titan2025.tcga-crc.tcga-crc-braf-status.titan2025-frozen-logistic-regression.balanced-accuracy,titan2025.tcga-crc.tcga-crc-braf-status.titan2025-frozen-logistic-regression.balanced-accuracy,task.tcga-crc.tcga-crc-braf-status,artifact.tcga-crc,https://media.springernature.com/original/springer-static/esm/art%3A10.1038%2Fs41591-025-03982-3/MediaObjects/41591_2025_3982_MOESM1_ESM.pdf,paper=TITAN|supplementary_table=51|cohort=TCGA|model=TITANV|evaluator=logistic_regression|metric=balanced_accuracy,26321e4018bec7b80f2fe7ea7cc497139c83b44fb60df5128417623ad1f71a70,machine_parsed_single_primary_source,parsed_primary_source,Exact leaf result; protocol variants remain distinct and are not deduplicated by dataset name alone.
titan2025,titan_paper,Supplementary Table 51,tcga-crc,TCGA-CRC BRAF status,molecular_biomarker,BRAF,patient,classification,487,slide_level_classification,balanced_accuracy,titan2025_frozen_simpleshot,TITAN-V vision-only,titan-v-slide,github:mahmoodlab/TITAN@9e34c66ff66445c6c590da0dbf7acc103d39a40b,0.658,reported_error=0.0323,titan2025.tcga-crc.tcga-crc-braf-status.titan2025-frozen-simpleshot.balanced-accuracy,titan2025.tcga-crc.tcga-crc-braf-status.titan2025-frozen-simpleshot.balanced-accuracy,task.tcga-crc.tcga-crc-braf-status,artifact.tcga-crc,https://media.springernature.com/original/springer-static/esm/art%3A10.1038%2Fs41591-025-03982-3/MediaObjects/41591_2025_3982_MOESM1_ESM.pdf,paper=TITAN|supplementary_table=51|cohort=TCGA|model=TITANV|evaluator=simpleshot|metric=balanced_accuracy,26321e4018bec7b80f2fe7ea7cc497139c83b44fb60df5128417623ad1f71a70,machine_parsed_single_primary_source,parsed_primary_source,Exact leaf result; protocol variants remain distinct and are not deduplicated by dataset name alone.
titan2025,titan_paper,Supplementary Table 51,tcga-crc,TCGA-CRC BRAF status,molecular_biomarker,BRAF,patient,classification,487,slide_level_classification,weighted_f1,titan2025_frozen_simpleshot,TITAN-V vision-only,titan-v-slide,github:mahmoodlab/TITAN@9e34c66ff66445c6c590da0dbf7acc103d39a40b,0.694,reported_error=0.0701,titan2025.tcga-crc.tcga-crc-braf-status.titan2025-frozen-simpleshot.weighted-f1,titan2025.tcga-crc.tcga-crc-braf-status.titan2025-frozen-simpleshot.weighted-f1,task.tcga-crc.tcga-crc-braf-status,artifact.tcga-crc,https://media.springernature.com/original/springer-static/esm/art%3A10.1038%2Fs41591-025-03982-3/MediaObjects/41591_2025_3982_MOESM1_ESM.pdf,paper=TITAN|supplementary_table=51|cohort=TCGA|model=TITANV|evaluator=simpleshot|metric=weighted_f1,26321e4018bec7b80f2fe7ea7cc497139c83b44fb60df5128417623ad1f71a70,machine_parsed_single_primary_source,parsed_primary_source,Exact leaf result; protocol variants remain distinct and are not deduplicated by dataset name alone.
titan2025,titan_paper,Supplementary Table 51,tcga-crc,TCGA-CRC BRAF status,molecular_biomarker,BRAF,patient,classification,487,slide_level_classification,balanced_accuracy,titan2025_frozen_20_nearest_neighbors,TITAN-V vision-only,titan-v-slide,github:mahmoodlab/TITAN@9e34c66ff66445c6c590da0dbf7acc103d39a40b,0.595,reported_error=0.0377,titan2025.tcga-crc.tcga-crc-braf-status.titan2025-frozen-20-nearest-neighbors.balanced-accuracy,titan2025.tcga-crc.tcga-crc-braf-status.titan2025-frozen-20-nearest-neighbors.balanced-accuracy,task.tcga-crc.tcga-crc-braf-status,artifact.tcga-crc,https://media.springernature.com/original/springer-static/esm/art%3A10.1038%2Fs41591-025-03982-3/MediaObjects/41591_2025_3982_MOESM1_ESM.pdf,paper=TITAN|supplementary_table=51|cohort=TCGA|model=TITANV|evaluator=20_nearest_neighbors|metric=balanced_accuracy,26321e4018bec7b80f2fe7ea7cc497139c83b44fb60df5128417623ad1f71a70,machine_parsed_single_primary_source,parsed_primary_source,Exact leaf result; protocol variants remain distinct and are not deduplicated by dataset name alone.
titan2025,titan_paper,Supplementary Table 51,tcga-crc,TCGA-CRC BRAF status,molecular_biomarker,BRAF,patient,classification,487,slide_level_classification,weighted_f1,titan2025_frozen_20_nearest_neighbors,TITAN-V vision-only,titan-v-slide,github:mahmoodlab/TITAN@9e34c66ff66445c6c590da0dbf7acc103d39a40b,0.826,reported_error=0.0216,titan2025.tcga-crc.tcga-crc-braf-status.titan2025-frozen-20-nearest-neighbors.weighted-f1,titan2025.tcga-crc.tcga-crc-braf-status.titan2025-frozen-20-nearest-neighbors.weighted-f1,task.tcga-crc.tcga-crc-braf-status,artifact.tcga-crc,https://media.springernature.com/original/springer-static/esm/art%3A10.1038%2Fs41591-025-03982-3/MediaObjects/41591_2025_3982_MOESM1_ESM.pdf,paper=TITAN|supplementary_table=51|cohort=TCGA|model=TITANV|evaluator=20_nearest_neighbors|metric=weighted_f1,26321e4018bec7b80f2fe7ea7cc497139c83b44fb60df5128417623ad1f71a70,machine_parsed_single_primary_source,parsed_primary_source,Exact leaf result; protocol variants remain distinct and are not deduplicated by dataset name alone.
titan2025,titan_paper,Supplementary Table 51,tcga-crc,TCGA-CRC BRAF status,molecular_biomarker,BRAF,patient,classification,487,slide_level_classification,auroc,titan2025_frozen_logistic_regression,TITAN vision-language,titan-slide,github:mahmoodlab/TITAN@9e34c66ff66445c6c590da0dbf7acc103d39a40b,0.817,reported_error=0.0717,titan2025.tcga-crc.tcga-crc-braf-status.titan2025-frozen-logistic-regression.auroc,titan2025.tcga-crc.tcga-crc-braf-status.titan2025-frozen-logistic-regression.auroc,task.tcga-crc.tcga-crc-braf-status,artifact.tcga-crc,https://media.springernature.com/original/springer-static/esm/art%3A10.1038%2Fs41591-025-03982-3/MediaObjects/41591_2025_3982_MOESM1_ESM.pdf,paper=TITAN|supplementary_table=51|cohort=TCGA|model=TITAN|evaluator=logistic_regression|metric=auroc,26321e4018bec7b80f2fe7ea7cc497139c83b44fb60df5128417623ad1f71a70,machine_parsed_single_primary_source,parsed_primary_source,Exact leaf result; protocol variants remain distinct and are not deduplicated by dataset name alone.
titan2025,titan_paper,Supplementary Table 51,tcga-crc,TCGA-CRC BRAF status,molecular_biomarker,BRAF,patient,classification,487,slide_level_classification,balanced_accuracy,titan2025_frozen_logistic_regression,TITAN vision-language,titan-slide,github:mahmoodlab/TITAN@9e34c66ff66445c6c590da0dbf7acc103d39a40b,0.542,reported_error=0.0343,titan2025.tcga-crc.tcga-crc-braf-status.titan2025-frozen-logistic-regression.balanced-accuracy,titan2025.tcga-crc.tcga-crc-braf-status.titan2025-frozen-logistic-regression.balanced-accuracy,task.tcga-crc.tcga-crc-braf-status,artifact.tcga-crc,https://media.springernature.com/original/springer-static/esm/art%3A10.1038%2Fs41591-025-03982-3/MediaObjects/41591_2025_3982_MOESM1_ESM.pdf,paper=TITAN|supplementary_table=51|cohort=TCGA|model=TITAN|evaluator=logistic_regression|metric=balanced_accuracy,26321e4018bec7b80f2fe7ea7cc497139c83b44fb60df5128417623ad1f71a70,machine_parsed_single_primary_source,parsed_primary_source,Exact leaf result; protocol variants remain distinct and are not deduplicated by dataset name alone.
titan2025,titan_paper,Supplementary Table 51,tcga-crc,TCGA-CRC BRAF status,molecular_biomarker,BRAF,patient,classification,487,slide_level_classification,balanced_accuracy,titan2025_frozen_simpleshot,TITAN vision-language,titan-slide,github:mahmoodlab/TITAN@9e34c66ff66445c6c590da0dbf7acc103d39a40b,0.770,reported_error=0.0413,titan2025.tcga-crc.tcga-crc-braf-status.titan2025-frozen-simpleshot.balanced-accuracy,titan2025.tcga-crc.tcga-crc-braf-status.titan2025-frozen-simpleshot.balanced-accuracy,task.tcga-crc.tcga-crc-braf-status,artifact.tcga-crc,https://media.springernature.com/original/springer-static/esm/art%3A10.1038%2Fs41591-025-03982-3/MediaObjects/41591_2025_3982_MOESM1_ESM.pdf,paper=TITAN|supplementary_table=51|cohort=TCGA|model=TITAN|evaluator=simpleshot|metric=balanced_accuracy,26321e4018bec7b80f2fe7ea7cc497139c83b44fb60df5128417623ad1f71a70,machine_parsed_single_primary_source,parsed_primary_source,Exact leaf result; protocol variants remain distinct and are not deduplicated by dataset name alone.
titan2025,titan_paper,Supplementary Table 51,tcga-crc,TCGA-CRC BRAF status,molecular_biomarker,BRAF,patient,classification,487,slide_level_classification,weighted_f1,titan2025_frozen_simpleshot,TITAN vision-language,titan-slide,github:mahmoodlab/TITAN@9e34c66ff66445c6c590da0dbf7acc103d39a40b,0.771,reported_error=0.0502,titan2025.tcga-crc.tcga-crc-braf-status.titan2025-frozen-simpleshot.weighted-f1,titan2025.tcga-crc.tcga-crc-braf-status.titan2025-frozen-simpleshot.weighted-f1,task.tcga-crc.tcga-crc-braf-status,artifact.tcga-crc,https://media.springernature.com/original/springer-static/esm/art%3A10.1038%2Fs41591-025-03982-3/MediaObjects/41591_2025_3982_MOESM1_ESM.pdf,paper=TITAN|supplementary_table=51|cohort=TCGA|model=TITAN|evaluator=simpleshot|metric=weighted_f1,26321e4018bec7b80f2fe7ea7cc497139c83b44fb60df5128417623ad1f71a70,machine_parsed_single_primary_source,parsed_primary_source,Exact leaf result; protocol variants remain distinct and are not deduplicated by dataset name alone.
titan2025,titan_paper,Supplementary Table 51,tcga-crc,TCGA-CRC BRAF status,molecular_biomarker,BRAF,patient,classification,487,slide_level_classification,balanced_accuracy,titan2025_frozen_20_nearest_neighbors,TITAN vision-language,titan-slide,github:mahmoodlab/TITAN@9e34c66ff66445c6c590da0dbf7acc103d39a40b,0.581,reported_error=0.0187,titan2025.tcga-crc.tcga-crc-braf-status.titan2025-frozen-20-nearest-neighbors.balanced-accuracy,titan2025.tcga-crc.tcga-crc-braf-status.titan2025-frozen-20-nearest-neighbors.balanced-accuracy,task.tcga-crc.tcga-crc-braf-status,artifact.tcga-crc,https://media.springernature.com/original/springer-static/esm/art%3A10.1038%2Fs41591-025-03982-3/MediaObjects/41591_2025_3982_MOESM1_ESM.pdf,paper=TITAN|supplementary_table=51|cohort=TCGA|model=TITAN|evaluator=20_nearest_neighbors|metric=balanced_accuracy,26321e4018bec7b80f2fe7ea7cc497139c83b44fb60df5128417623ad1f71a70,machine_parsed_single_primary_source,parsed_primary_source,Exact leaf result; protocol variants remain distinct and are not deduplicated by dataset name alone.
titan2025,titan_paper,Supplementary Table 51,tcga-crc,TCGA-CRC BRAF status,molecular_biomarker,BRAF,patient,classification,487,slide_level_classification,weighted_f1,titan2025_frozen_20_nearest_neighbors,TITAN vision-language,titan-slide,github:mahmoodlab/TITAN@9e34c66ff66445c6c590da0dbf7acc103d39a40b,0.819,reported_error=0.0106,titan2025.tcga-crc.tcga-crc-braf-status.titan2025-frozen-20-nearest-neighbors.weighted-f1,titan2025.tcga-crc.tcga-crc-braf-status.titan2025-frozen-20-nearest-neighbors.weighted-f1,task.tcga-crc.tcga-crc-braf-status,artifact.tcga-crc,https://media.springernature.com/original/springer-static/esm/art%3A10.1038%2Fs41591-025-03982-3/MediaObjects/41591_2025_3982_MOESM1_ESM.pdf,paper=TITAN|supplementary_table=51|cohort=TCGA|model=TITAN|evaluator=20_nearest_neighbors|metric=weighted_f1,26321e4018bec7b80f2fe7ea7cc497139c83b44fb60df5128417623ad1f71a70,machine_parsed_single_primary_source,parsed_primary_source,Exact leaf result; protocol variants remain distinct and are not deduplicated by dataset name alone.
titan2025,titan_paper,Supplementary Table 51,cptac-coad,CPTAC-COAD BRAF status,molecular_biomarker,BRAF,patient,classification,103,slide_level_classification,auroc,titan2025_frozen_logistic_regression,TITAN-V vision-only,titan-v-slide,github:mahmoodlab/TITAN@9e34c66ff66445c6c590da0dbf7acc103d39a40b,0.636,reported_error=0.0361,titan2025.cptac-coad.cptac-coad-braf-status.titan2025-frozen-logistic-regression.auroc,titan2025.cptac-coad.cptac-coad-braf-status.titan2025-frozen-logistic-regression.auroc,task.cptac-coad.cptac-coad-braf-status,artifact.cptac-coad,https://media.springernature.com/original/springer-static/esm/art%3A10.1038%2Fs41591-025-03982-3/MediaObjects/41591_2025_3982_MOESM1_ESM.pdf,paper=TITAN|supplementary_table=51|cohort=CPTAC|model=TITANV|evaluator=logistic_regression|metric=auroc,26321e4018bec7b80f2fe7ea7cc497139c83b44fb60df5128417623ad1f71a70,machine_parsed_single_primary_source,parsed_primary_source,Exact leaf result; protocol variants remain distinct and are not deduplicated by dataset name alone.
titan2025,titan_paper,Supplementary Table 51,cptac-coad,CPTAC-COAD BRAF status,molecular_biomarker,BRAF,patient,classification,103,slide_level_classification,balanced_accuracy,titan2025_frozen_logistic_regression,TITAN-V vision-only,titan-v-slide,github:mahmoodlab/TITAN@9e34c66ff66445c6c590da0dbf7acc103d39a40b,0.566,reported_error=0.0390,titan2025.cptac-coad.cptac-coad-braf-status.titan2025-frozen-logistic-regression.balanced-accuracy,titan2025.cptac-coad.cptac-coad-braf-status.titan2025-frozen-logistic-regression.balanced-accuracy,task.cptac-coad.cptac-coad-braf-status,artifact.cptac-coad,https://media.springernature.com/original/springer-static/esm/art%3A10.1038%2Fs41591-025-03982-3/MediaObjects/41591_2025_3982_MOESM1_ESM.pdf,paper=TITAN|supplementary_table=51|cohort=CPTAC|model=TITANV|evaluator=logistic_regression|metric=balanced_accuracy,26321e4018bec7b80f2fe7ea7cc497139c83b44fb60df5128417623ad1f71a70,machine_parsed_single_primary_source,parsed_primary_source,Exact leaf result; protocol variants remain distinct and are not deduplicated by dataset name alone.
titan2025,titan_paper,Supplementary Table 51,cptac-coad,CPTAC-COAD BRAF status,molecular_biomarker,BRAF,patient,classification,103,slide_level_classification,balanced_accuracy,titan2025_frozen_simpleshot,TITAN-V vision-only,titan-v-slide,github:mahmoodlab/TITAN@9e34c66ff66445c6c590da0dbf7acc103d39a40b,0.569,reported_error=0.0372,titan2025.cptac-coad.cptac-coad-braf-status.titan2025-frozen-simpleshot.balanced-accuracy,titan2025.cptac-coad.cptac-coad-braf-status.titan2025-frozen-simpleshot.balanced-accuracy,task.cptac-coad.cptac-coad-braf-status,artifact.cptac-coad,https://media.springernature.com/original/springer-static/esm/art%3A10.1038%2Fs41591-025-03982-3/MediaObjects/41591_2025_3982_MOESM1_ESM.pdf,paper=TITAN|supplementary_table=51|cohort=CPTAC|model=TITANV|evaluator=simpleshot|metric=balanced_accuracy,26321e4018bec7b80f2fe7ea7cc497139c83b44fb60df5128417623ad1f71a70,machine_parsed_single_primary_source,parsed_primary_source,Exact leaf result; protocol variants remain distinct and are not deduplicated by dataset name alone.
titan2025,titan_paper,Supplementary Table 51,cptac-coad,CPTAC-COAD BRAF status,molecular_biomarker,BRAF,patient,classification,103,slide_level_classification,weighted_f1,titan2025_frozen_simpleshot,TITAN-V vision-only,titan-v-slide,github:mahmoodlab/TITAN@9e34c66ff66445c6c590da0dbf7acc103d39a40b,0.586,reported_error=0.1379,titan2025.cptac-coad.cptac-coad-braf-status.titan2025-frozen-simpleshot.weighted-f1,titan2025.cptac-coad.cptac-coad-braf-status.titan2025-frozen-simpleshot.weighted-f1,task.cptac-coad.cptac-coad-braf-status,artifact.cptac-coad,https://media.springernature.com/original/springer-static/esm/art%3A10.1038%2Fs41591-025-03982-3/MediaObjects/41591_2025_3982_MOESM1_ESM.pdf,paper=TITAN|supplementary_table=51|cohort=CPTAC|model=TITANV|evaluator=simpleshot|metric=weighted_f1,26321e4018bec7b80f2fe7ea7cc497139c83b44fb60df5128417623ad1f71a70,machine_parsed_single_primary_source,parsed_primary_source,Exact leaf result; protocol variants remain distinct and are not deduplicated by dataset name alone.
titan2025,titan_paper,Supplementary Table 51,cptac-coad,CPTAC-COAD BRAF status,molecular_biomarker,BRAF,patient,classification,103,slide_level_classification,balanced_accuracy,titan2025_frozen_20_nearest_neighbors,TITAN-V vision-only,titan-v-slide,github:mahmoodlab/TITAN@9e34c66ff66445c6c590da0dbf7acc103d39a40b,0.497,reported_error=0.0028,titan2025.cptac-coad.cptac-coad-braf-status.titan2025-frozen-20-nearest-neighbors.balanced-accuracy,titan2025.cptac-coad.cptac-coad-braf-status.titan2025-frozen-20-nearest-neighbors.balanced-accuracy,task.cptac-coad.cptac-coad-braf-status,artifact.cptac-coad,https://media.springernature.com/original/springer-static/esm/art%3A10.1038%2Fs41591-025-03982-3/MediaObjects/41591_2025_3982_MOESM1_ESM.pdf,paper=TITAN|supplementary_table=51|cohort=CPTAC|model=TITANV|evaluator=20_nearest_neighbors|metric=balanced_accuracy,26321e4018bec7b80f2fe7ea7cc497139c83b44fb60df5128417623ad1f71a70,machine_parsed_single_primary_source,parsed_primary_source,Exact leaf result; protocol variants remain distinct and are not deduplicated by dataset name alone.
titan2025,titan_paper,Supplementary Table 51,cptac-coad,CPTAC-COAD BRAF status,molecular_biomarker,BRAF,patient,classification,103,slide_level_classification,weighted_f1,titan2025_frozen_20_nearest_neighbors,TITAN-V vision-only,titan-v-slide,github:mahmoodlab/TITAN@9e34c66ff66445c6c590da0dbf7acc103d39a40b,0.771,reported_error=0.0024,titan2025.cptac-coad.cptac-coad-braf-status.titan2025-frozen-20-nearest-neighbors.weighted-f1,titan2025.cptac-coad.cptac-coad-braf-status.titan2025-frozen-20-nearest-neighbors.weighted-f1,task.cptac-coad.cptac-coad-braf-status,artifact.cptac-coad,https://media.springernature.com/original/springer-static/esm/art%3A10.1038%2Fs41591-025-03982-3/MediaObjects/41591_2025_3982_MOESM1_ESM.pdf,paper=TITAN|supplementary_table=51|cohort=CPTAC|model=TITANV|evaluator=20_nearest_neighbors|metric=weighted_f1,26321e4018bec7b80f2fe7ea7cc497139c83b44fb60df5128417623ad1f71a70,machine_parsed_single_primary_source,parsed_primary_source,Exact leaf result; protocol variants remain distinct and are not deduplicated by dataset name alone.
titan2025,titan_paper,Supplementary Table 51,cptac-coad,CPTAC-COAD BRAF status,molecular_biomarker,BRAF,patient,classification,103,slide_level_classification,auroc,titan2025_frozen_logistic_regression,TITAN vision-language,titan-slide,github:mahmoodlab/TITAN@9e34c66ff66445c6c590da0dbf7acc103d39a40b,0.624,reported_error=0.0402,titan2025.cptac-coad.cptac-coad-braf-status.titan2025-frozen-logistic-regression.auroc,titan2025.cptac-coad.cptac-coad-braf-status.titan2025-frozen-logistic-regression.auroc,task.cptac-coad.cptac-coad-braf-status,artifact.cptac-coad,https://media.springernature.com/original/springer-static/esm/art%3A10.1038%2Fs41591-025-03982-3/MediaObjects/41591_2025_3982_MOESM1_ESM.pdf,paper=TITAN|supplementary_table=51|cohort=CPTAC|model=TITAN|evaluator=logistic_regression|metric=auroc,26321e4018bec7b80f2fe7ea7cc497139c83b44fb60df5128417623ad1f71a70,machine_parsed_single_primary_source,parsed_primary_source,Exact leaf result; protocol variants remain distinct and are not deduplicated by dataset name alone.
titan2025,titan_paper,Supplementary Table 51,cptac-coad,CPTAC-COAD BRAF status,molecular_biomarker,BRAF,patient,classification,103,slide_level_classification,balanced_accuracy,titan2025_frozen_logistic_regression,TITAN vision-language,titan-slide,github:mahmoodlab/TITAN@9e34c66ff66445c6c590da0dbf7acc103d39a40b,0.555,reported_error=0.0254,titan2025.cptac-coad.cptac-coad-braf-status.titan2025-frozen-logistic-regression.balanced-accuracy,titan2025.cptac-coad.cptac-coad-braf-status.titan2025-frozen-logistic-regression.balanced-accuracy,task.cptac-coad.cptac-coad-braf-status,artifact.cptac-coad,https://media.springernature.com/original/springer-static/esm/art%3A10.1038%2Fs41591-025-03982-3/MediaObjects/41591_2025_3982_MOESM1_ESM.pdf,paper=TITAN|supplementary_table=51|cohort=CPTAC|model=TITAN|evaluator=logistic_regression|metric=balanced_accuracy,26321e4018bec7b80f2fe7ea7cc497139c83b44fb60df5128417623ad1f71a70,machine_parsed_single_primary_source,parsed_primary_source,Exact leaf result; protocol variants remain distinct and are not deduplicated by dataset name alone.
titan2025,titan_paper,Supplementary Table 51,cptac-coad,CPTAC-COAD BRAF status,molecular_biomarker,BRAF,patient,classification,103,slide_level_classification,balanced_accuracy,titan2025_frozen_simpleshot,TITAN vision-language,titan-slide,github:mahmoodlab/TITAN@9e34c66ff66445c6c590da0dbf7acc103d39a40b,0.622,reported_error=0.0232,titan2025.cptac-coad.cptac-coad-braf-status.titan2025-frozen-simpleshot.balanced-accuracy,titan2025.cptac-coad.cptac-coad-braf-status.titan2025-frozen-simpleshot.balanced-accuracy,task.cptac-coad.cptac-coad-braf-status,artifact.cptac-coad,https://media.springernature.com/original/springer-static/esm/art%3A10.1038%2Fs41591-025-03982-3/MediaObjects/41591_2025_3982_MOESM1_ESM.pdf,paper=TITAN|supplementary_table=51|cohort=CPTAC|model=TITAN|evaluator=simpleshot|metric=balanced_accuracy,26321e4018bec7b80f2fe7ea7cc497139c83b44fb60df5128417623ad1f71a70,machine_parsed_single_primary_source,parsed_primary_source,Exact leaf result; protocol variants remain distinct and are not deduplicated by dataset name alone.
titan2025,titan_paper,Supplementary Table 51,cptac-coad,CPTAC-COAD BRAF status,molecular_biomarker,BRAF,patient,classification,103,slide_level_classification,weighted_f1,titan2025_frozen_simpleshot,TITAN vision-language,titan-slide,github:mahmoodlab/TITAN@9e34c66ff66445c6c590da0dbf7acc103d39a40b,0.556,reported_error=0.0429,titan2025.cptac-coad.cptac-coad-braf-status.titan2025-frozen-simpleshot.weighted-f1,titan2025.cptac-coad.cptac-coad-braf-status.titan2025-frozen-simpleshot.weighted-f1,task.cptac-coad.cptac-coad-braf-status,artifact.cptac-coad,https://media.springernature.com/original/springer-static/esm/art%3A10.1038%2Fs41591-025-03982-3/MediaObjects/41591_2025_3982_MOESM1_ESM.pdf,paper=TITAN|supplementary_table=51|cohort=CPTAC|model=TITAN|evaluator=simpleshot|metric=weighted_f1,26321e4018bec7b80f2fe7ea7cc497139c83b44fb60df5128417623ad1f71a70,machine_parsed_single_primary_source,parsed_primary_source,Exact leaf result; protocol variants remain distinct and are not deduplicated by dataset name alone.
titan2025,titan_paper,Supplementary Table 51,cptac-coad,CPTAC-COAD BRAF status,molecular_biomarker,BRAF,patient,classification,103,slide_level_classification,balanced_accuracy,titan2025_frozen_20_nearest_neighbors,TITAN vision-language,titan-slide,github:mahmoodlab/TITAN@9e34c66ff66445c6c590da0dbf7acc103d39a40b,0.570,reported_error=0.0296,titan2025.cptac-coad.cptac-coad-braf-status.titan2025-frozen-20-nearest-neighbors.balanced-accuracy,titan2025.cptac-coad.cptac-coad-braf-status.titan2025-frozen-20-nearest-neighbors.balanced-accuracy,task.cptac-coad.cptac-coad-braf-status,artifact.cptac-coad,https://media.springernature.com/original/springer-static/esm/art%3A10.1038%2Fs41591-025-03982-3/MediaObjects/41591_2025_3982_MOESM1_ESM.pdf,paper=TITAN|supplementary_table=51|cohort=CPTAC|model=TITAN|evaluator=20_nearest_neighbors|metric=balanced_accuracy,26321e4018bec7b80f2fe7ea7cc497139c83b44fb60df5128417623ad1f71a70,machine_parsed_single_primary_source,parsed_primary_source,Exact leaf result; protocol variants remain distinct and are not deduplicated by dataset name alone.
titan2025,titan_paper,Supplementary Table 51,cptac-coad,CPTAC-COAD BRAF status,molecular_biomarker,BRAF,patient,classification,103,slide_level_classification,weighted_f1,titan2025_frozen_20_nearest_neighbors,TITAN vision-language,titan-slide,github:mahmoodlab/TITAN@9e34c66ff66445c6c590da0dbf7acc103d39a40b,0.805,reported_error=0.0206,titan2025.cptac-coad.cptac-coad-braf-status.titan2025-frozen-20-nearest-neighbors.weighted-f1,titan2025.cptac-coad.cptac-coad-braf-status.titan2025-frozen-20-nearest-neighbors.weighted-f1,task.cptac-coad.cptac-coad-braf-status,artifact.cptac-coad,https://media.springernature.com/original/springer-static/esm/art%3A10.1038%2Fs41591-025-03982-3/MediaObjects/41591_2025_3982_MOESM1_ESM.pdf,paper=TITAN|supplementary_table=51|cohort=CPTAC|model=TITAN|evaluator=20_nearest_neighbors|metric=weighted_f1,26321e4018bec7b80f2fe7ea7cc497139c83b44fb60df5128417623ad1f71a70,machine_parsed_single_primary_source,parsed_primary_source,Exact leaf result; protocol variants remain distinct and are not deduplicated by dataset name alone.
titan2025,titan_paper,Supplementary Table 52,tcga-crc,TCGA-CRC KRAS status,molecular_biomarker,KRAS,patient,classification,not_reported,slide_level_classification,auroc,titan2025_frozen_logistic_regression,TITAN-V vision-only,titan-v-slide,github:mahmoodlab/TITAN@9e34c66ff66445c6c590da0dbf7acc103d39a40b,0.601,reported_error=0.0315,titan2025.tcga-crc.tcga-crc-kras-status.titan2025-frozen-logistic-regression.auroc,titan2025.tcga-crc.tcga-crc-kras-status.titan2025-frozen-logistic-regression.auroc,task.tcga-crc.tcga-crc-kras-status,artifact.tcga-crc,https://media.springernature.com/original/springer-static/esm/art%3A10.1038%2Fs41591-025-03982-3/MediaObjects/41591_2025_3982_MOESM1_ESM.pdf,paper=TITAN|supplementary_table=52|cohort=TCGA|model=TITANV|evaluator=logistic_regression|metric=auroc,26321e4018bec7b80f2fe7ea7cc497139c83b44fb60df5128417623ad1f71a70,machine_parsed_single_primary_source,parsed_primary_source,Exact leaf result; protocol variants remain distinct and are not deduplicated by dataset name alone.
titan2025,titan_paper,Supplementary Table 52,tcga-crc,TCGA-CRC KRAS status,molecular_biomarker,KRAS,patient,classification,not_reported,slide_level_classification,balanced_accuracy,titan2025_frozen_logistic_regression,TITAN-V vision-only,titan-v-slide,github:mahmoodlab/TITAN@9e34c66ff66445c6c590da0dbf7acc103d39a40b,0.537,reported_error=0.0220,titan2025.tcga-crc.tcga-crc-kras-status.titan2025-frozen-logistic-regression.balanced-accuracy,titan2025.tcga-crc.tcga-crc-kras-status.titan2025-frozen-logistic-regression.balanced-accuracy,task.tcga-crc.tcga-crc-kras-status,artifact.tcga-crc,https://media.springernature.com/original/springer-static/esm/art%3A10.1038%2Fs41591-025-03982-3/MediaObjects/41591_2025_3982_MOESM1_ESM.pdf,paper=TITAN|supplementary_table=52|cohort=TCGA|model=TITANV|evaluator=logistic_regression|metric=balanced_accuracy,26321e4018bec7b80f2fe7ea7cc497139c83b44fb60df5128417623ad1f71a70,machine_parsed_single_primary_source,parsed_primary_source,Exact leaf result; protocol variants remain distinct and are not deduplicated by dataset name alone.
titan2025,titan_paper,Supplementary Table 52,tcga-crc,TCGA-CRC KRAS status,molecular_biomarker,KRAS,patient,classification,not_reported,slide_level_classification,balanced_accuracy,titan2025_frozen_simpleshot,TITAN-V vision-only,titan-v-slide,github:mahmoodlab/TITAN@9e34c66ff66445c6c590da0dbf7acc103d39a40b,0.535,reported_error=0.0473,titan2025.tcga-crc.tcga-crc-kras-status.titan2025-frozen-simpleshot.balanced-accuracy,titan2025.tcga-crc.tcga-crc-kras-status.titan2025-frozen-simpleshot.balanced-accuracy,task.tcga-crc.tcga-crc-kras-status,artifact.tcga-crc,https://media.springernature.com/original/springer-static/esm/art%3A10.1038%2Fs41591-025-03982-3/MediaObjects/41591_2025_3982_MOESM1_ESM.pdf,paper=TITAN|supplementary_table=52|cohort=TCGA|model=TITANV|evaluator=simpleshot|metric=balanced_accuracy,26321e4018bec7b80f2fe7ea7cc497139c83b44fb60df5128417623ad1f71a70,machine_parsed_single_primary_source,parsed_primary_source,Exact leaf result; protocol variants remain distinct and are not deduplicated by dataset name alone.
titan2025,titan_paper,Supplementary Table 52,tcga-crc,TCGA-CRC KRAS status,molecular_biomarker,KRAS,patient,classification,not_reported,slide_level_classification,weighted_f1,titan2025_frozen_simpleshot,TITAN-V vision-only,titan-v-slide,github:mahmoodlab/TITAN@9e34c66ff66445c6c590da0dbf7acc103d39a40b,0.501,reported_error=0.0848,titan2025.tcga-crc.tcga-crc-kras-status.titan2025-frozen-simpleshot.weighted-f1,titan2025.tcga-crc.tcga-crc-kras-status.titan2025-frozen-simpleshot.weighted-f1,task.tcga-crc.tcga-crc-kras-status,artifact.tcga-crc,https://media.springernature.com/original/springer-static/esm/art%3A10.1038%2Fs41591-025-03982-3/MediaObjects/41591_2025_3982_MOESM1_ESM.pdf,paper=TITAN|supplementary_table=52|cohort=TCGA|model=TITANV|evaluator=simpleshot|metric=weighted_f1,26321e4018bec7b80f2fe7ea7cc497139c83b44fb60df5128417623ad1f71a70,machine_parsed_single_primary_source,parsed_primary_source,Exact leaf result; protocol variants remain distinct and are not deduplicated by dataset name alone.
titan2025,titan_paper,Supplementary Table 52,tcga-crc,TCGA-CRC KRAS status,molecular_biomarker,KRAS,patient,classification,not_reported,slide_level_classification,balanced_accuracy,titan2025_frozen_20_nearest_neighbors,TITAN-V vision-only,titan-v-slide,github:mahmoodlab/TITAN@9e34c66ff66445c6c590da0dbf7acc103d39a40b,0.520,reported_error=0.0391,titan2025.tcga-crc.tcga-crc-kras-status.titan2025-frozen-20-nearest-neighbors.balanced-accuracy,titan2025.tcga-crc.tcga-crc-kras-status.titan2025-frozen-20-nearest-neighbors.balanced-accuracy,task.tcga-crc.tcga-crc-kras-status,artifact.tcga-crc,https://media.springernature.com/original/springer-static/esm/art%3A10.1038%2Fs41591-025-03982-3/MediaObjects/41591_2025_3982_MOESM1_ESM.pdf,paper=TITAN|supplementary_table=52|cohort=TCGA|model=TITANV|evaluator=20_nearest_neighbors|metric=balanced_accuracy,26321e4018bec7b80f2fe7ea7cc497139c83b44fb60df5128417623ad1f71a70,machine_parsed_single_primary_source,parsed_primary_source,Exact leaf result; protocol variants remain distinct and are not deduplicated by dataset name alone.
titan2025,titan_paper,Supplementary Table 52,tcga-crc,TCGA-CRC KRAS status,molecular_biomarker,KRAS,patient,classification,not_reported,slide_level_classification,weighted_f1,titan2025_frozen_20_nearest_neighbors,TITAN-V vision-only,titan-v-slide,github:mahmoodlab/TITAN@9e34c66ff66445c6c590da0dbf7acc103d39a40b,0.503,reported_error=0.0643,titan2025.tcga-crc.tcga-crc-kras-status.titan2025-frozen-20-nearest-neighbors.weighted-f1,titan2025.tcga-crc.tcga-crc-kras-status.titan2025-frozen-20-nearest-neighbors.weighted-f1,task.tcga-crc.tcga-crc-kras-status,artifact.tcga-crc,https://media.springernature.com/original/springer-static/esm/art%3A10.1038%2Fs41591-025-03982-3/MediaObjects/41591_2025_3982_MOESM1_ESM.pdf,paper=TITAN|supplementary_table=52|cohort=TCGA|model=TITANV|evaluator=20_nearest_neighbors|metric=weighted_f1,26321e4018bec7b80f2fe7ea7cc497139c83b44fb60df5128417623ad1f71a70,machine_parsed_single_primary_source,parsed_primary_source,Exact leaf result; protocol variants remain distinct and are not deduplicated by dataset name alone.
titan2025,titan_paper,Supplementary Table 52,tcga-crc,TCGA-CRC KRAS status,molecular_biomarker,KRAS,patient,classification,not_reported,slide_level_classification,auroc,titan2025_frozen_logistic_regression,TITAN vision-language,titan-slide,github:mahmoodlab/TITAN@9e34c66ff66445c6c590da0dbf7acc103d39a40b,0.630,reported_error=0.0710,titan2025.tcga-crc.tcga-crc-kras-status.titan2025-frozen-logistic-regression.auroc,titan2025.tcga-crc.tcga-crc-kras-status.titan2025-frozen-logistic-regression.auroc,task.tcga-crc.tcga-crc-kras-status,artifact.tcga-crc,https://media.springernature.com/original/springer-static/esm/art%3A10.1038%2Fs41591-025-03982-3/MediaObjects/41591_2025_3982_MOESM1_ESM.pdf,paper=TITAN|supplementary_table=52|cohort=TCGA|model=TITAN|evaluator=logistic_regression|metric=auroc,26321e4018bec7b80f2fe7ea7cc497139c83b44fb60df5128417623ad1f71a70,machine_parsed_single_primary_source,parsed_primary_source,Exact leaf result; protocol variants remain distinct and are not deduplicated by dataset name alone.
titan2025,titan_paper,Supplementary Table 52,tcga-crc,TCGA-CRC KRAS status,molecular_biomarker,KRAS,patient,classification,not_reported,slide_level_classification,balanced_accuracy,titan2025_frozen_logistic_regression,TITAN vision-language,titan-slide,github:mahmoodlab/TITAN@9e34c66ff66445c6c590da0dbf7acc103d39a40b,0.569,reported_error=0.0560,titan2025.tcga-crc.tcga-crc-kras-status.titan2025-frozen-logistic-regression.balanced-accuracy,titan2025.tcga-crc.tcga-crc-kras-status.titan2025-frozen-logistic-regression.balanced-accuracy,task.tcga-crc.tcga-crc-kras-status,artifact.tcga-crc,https://media.springernature.com/original/springer-static/esm/art%3A10.1038%2Fs41591-025-03982-3/MediaObjects/41591_2025_3982_MOESM1_ESM.pdf,paper=TITAN|supplementary_table=52|cohort=TCGA|model=TITAN|evaluator=logistic_regression|metric=balanced_accuracy,26321e4018bec7b80f2fe7ea7cc497139c83b44fb60df5128417623ad1f71a70,machine_parsed_single_primary_source,parsed_primary_source,Exact leaf result; protocol variants remain distinct and are not deduplicated by dataset name alone.
titan2025,titan_paper,Supplementary Table 52,tcga-crc,TCGA-CRC KRAS status,molecular_biomarker,KRAS,patient,classification,not_reported,slide_level_classification,balanced_accuracy,titan2025_frozen_simpleshot,TITAN vision-language,titan-slide,github:mahmoodlab/TITAN@9e34c66ff66445c6c590da0dbf7acc103d39a40b,0.530,reported_error=0.0440,titan2025.tcga-crc.tcga-crc-kras-status.titan2025-frozen-simpleshot.balanced-accuracy,titan2025.tcga-crc.tcga-crc-kras-status.titan2025-frozen-simpleshot.balanced-accuracy,task.tcga-crc.tcga-crc-kras-status,artifact.tcga-crc,https://media.springernature.com/original/springer-static/esm/art%3A10.1038%2Fs41591-025-03982-3/MediaObjects/41591_2025_3982_MOESM1_ESM.pdf,paper=TITAN|supplementary_table=52|cohort=TCGA|model=TITAN|evaluator=simpleshot|metric=balanced_accuracy,26321e4018bec7b80f2fe7ea7cc497139c83b44fb60df5128417623ad1f71a70,machine_parsed_single_primary_source,parsed_primary_source,Exact leaf result; protocol variants remain distinct and are not deduplicated by dataset name alone.
titan2025,titan_paper,Supplementary Table 52,tcga-crc,TCGA-CRC KRAS status,molecular_biomarker,KRAS,patient,classification,not_reported,slide_level_classification,weighted_f1,titan2025_frozen_simpleshot,TITAN vision-language,titan-slide,github:mahmoodlab/TITAN@9e34c66ff66445c6c590da0dbf7acc103d39a40b,0.464,reported_error=0.0984,titan2025.tcga-crc.tcga-crc-kras-status.titan2025-frozen-simpleshot.weighted-f1,titan2025.tcga-crc.tcga-crc-kras-status.titan2025-frozen-simpleshot.weighted-f1,task.tcga-crc.tcga-crc-kras-status,artifact.tcga-crc,https://media.springernature.com/original/springer-static/esm/art%3A10.1038%2Fs41591-025-03982-3/MediaObjects/41591_2025_3982_MOESM1_ESM.pdf,paper=TITAN|supplementary_table=52|cohort=TCGA|model=TITAN|evaluator=simpleshot|metric=weighted_f1,26321e4018bec7b80f2fe7ea7cc497139c83b44fb60df5128417623ad1f71a70,machine_parsed_single_primary_source,parsed_primary_source,Exact leaf result; protocol variants remain distinct and are not deduplicated by dataset name alone.
titan2025,titan_paper,Supplementary Table 52,tcga-crc,TCGA-CRC KRAS status,molecular_biomarker,KRAS,patient,classification,not_reported,slide_level_classification,balanced_accuracy,titan2025_frozen_20_nearest_neighbors,TITAN vision-language,titan-slide,github:mahmoodlab/TITAN@9e34c66ff66445c6c590da0dbf7acc103d39a40b,0.522,reported_error=0.0357,titan2025.tcga-crc.tcga-crc-kras-status.titan2025-frozen-20-nearest-neighbors.balanced-accuracy,titan2025.tcga-crc.tcga-crc-kras-status.titan2025-frozen-20-nearest-neighbors.balanced-accuracy,task.tcga-crc.tcga-crc-kras-status,artifact.tcga-crc,https://media.springernature.com/original/springer-static/esm/art%3A10.1038%2Fs41591-025-03982-3/MediaObjects/41591_2025_3982_MOESM1_ESM.pdf,paper=TITAN|supplementary_table=52|cohort=TCGA|model=TITAN|evaluator=20_nearest_neighbors|metric=balanced_accuracy,26321e4018bec7b80f2fe7ea7cc497139c83b44fb60df5128417623ad1f71a70,machine_parsed_single_primary_source,parsed_primary_source,Exact leaf result; protocol variants remain distinct and are not deduplicated by dataset name alone.
titan2025,titan_paper,Supplementary Table 52,tcga-crc,TCGA-CRC KRAS status,molecular_biomarker,KRAS,patient,classification,not_reported,slide_level_classification,weighted_f1,titan2025_frozen_20_nearest_neighbors,TITAN vision-language,titan-slide,github:mahmoodlab/TITAN@9e34c66ff66445c6c590da0dbf7acc103d39a40b,0.553,reported_error=0.0366,titan2025.tcga-crc.tcga-crc-kras-status.titan2025-frozen-20-nearest-neighbors.weighted-f1,titan2025.tcga-crc.tcga-crc-kras-status.titan2025-frozen-20-nearest-neighbors.weighted-f1,task.tcga-crc.tcga-crc-kras-status,artifact.tcga-crc,https://media.springernature.com/original/springer-static/esm/art%3A10.1038%2Fs41591-025-03982-3/MediaObjects/41591_2025_3982_MOESM1_ESM.pdf,paper=TITAN|supplementary_table=52|cohort=TCGA|model=TITAN|evaluator=20_nearest_neighbors|metric=weighted_f1,26321e4018bec7b80f2fe7ea7cc497139c83b44fb60df5128417623ad1f71a70,machine_parsed_single_primary_source,parsed_primary_source,Exact leaf result; protocol variants remain distinct and are not deduplicated by dataset name alone.
titan2025,titan_paper,Supplementary Table 52,cptac-coad,CPTAC-COAD KRAS status,molecular_biomarker,KRAS,patient,classification,103,slide_level_classification,auroc,titan2025_frozen_logistic_regression,TITAN-V vision-only,titan-v-slide,github:mahmoodlab/TITAN@9e34c66ff66445c6c590da0dbf7acc103d39a40b,0.675,reported_error=0.0350,titan2025.cptac-coad.cptac-coad-kras-status.titan2025-frozen-logistic-regression.auroc,titan2025.cptac-coad.cptac-coad-kras-status.titan2025-frozen-logistic-regression.auroc,task.cptac-coad.cptac-coad-kras-status,artifact.cptac-coad,https://media.springernature.com/original/springer-static/esm/art%3A10.1038%2Fs41591-025-03982-3/MediaObjects/41591_2025_3982_MOESM1_ESM.pdf,paper=TITAN|supplementary_table=52|cohort=CPTAC|model=TITANV|evaluator=logistic_regression|metric=auroc,26321e4018bec7b80f2fe7ea7cc497139c83b44fb60df5128417623ad1f71a70,machine_parsed_single_primary_source,parsed_primary_source,Exact leaf result; protocol variants remain distinct and are not deduplicated by dataset name alone.
titan2025,titan_paper,Supplementary Table 52,cptac-coad,CPTAC-COAD KRAS status,molecular_biomarker,KRAS,patient,classification,103,slide_level_classification,balanced_accuracy,titan2025_frozen_logistic_regression,TITAN-V vision-only,titan-v-slide,github:mahmoodlab/TITAN@9e34c66ff66445c6c590da0dbf7acc103d39a40b,0.532,reported_error=0.0176,titan2025.cptac-coad.cptac-coad-kras-status.titan2025-frozen-logistic-regression.balanced-accuracy,titan2025.cptac-coad.cptac-coad-kras-status.titan2025-frozen-logistic-regression.balanced-accuracy,task.cptac-coad.cptac-coad-kras-status,artifact.cptac-coad,https://media.springernature.com/original/springer-static/esm/art%3A10.1038%2Fs41591-025-03982-3/MediaObjects/41591_2025_3982_MOESM1_ESM.pdf,paper=TITAN|supplementary_table=52|cohort=CPTAC|model=TITANV|evaluator=logistic_regression|metric=balanced_accuracy,26321e4018bec7b80f2fe7ea7cc497139c83b44fb60df5128417623ad1f71a70,machine_parsed_single_primary_source,parsed_primary_source,Exact leaf result; protocol variants remain distinct and are not deduplicated by dataset name alone.
titan2025,titan_paper,Supplementary Table 52,cptac-coad,CPTAC-COAD KRAS status,molecular_biomarker,KRAS,patient,classification,103,slide_level_classification,balanced_accuracy,titan2025_frozen_simpleshot,TITAN-V vision-only,titan-v-slide,github:mahmoodlab/TITAN@9e34c66ff66445c6c590da0dbf7acc103d39a40b,0.626,reported_error=0.0147,titan2025.cptac-coad.cptac-coad-kras-status.titan2025-frozen-simpleshot.balanced-accuracy,titan2025.cptac-coad.cptac-coad-kras-status.titan2025-frozen-simpleshot.balanced-accuracy,task.cptac-coad.cptac-coad-kras-status,artifact.cptac-coad,https://media.springernature.com/original/springer-static/esm/art%3A10.1038%2Fs41591-025-03982-3/MediaObjects/41591_2025_3982_MOESM1_ESM.pdf,paper=TITAN|supplementary_table=52|cohort=CPTAC|model=TITANV|evaluator=simpleshot|metric=balanced_accuracy,26321e4018bec7b80f2fe7ea7cc497139c83b44fb60df5128417623ad1f71a70,machine_parsed_single_primary_source,parsed_primary_source,Exact leaf result; protocol variants remain distinct and are not deduplicated by dataset name alone.
titan2025,titan_paper,Supplementary Table 52,cptac-coad,CPTAC-COAD KRAS status,molecular_biomarker,KRAS,patient,classification,103,slide_level_classification,weighted_f1,titan2025_frozen_simpleshot,TITAN-V vision-only,titan-v-slide,github:mahmoodlab/TITAN@9e34c66ff66445c6c590da0dbf7acc103d39a40b,0.654,reported_error=0.0107,titan2025.cptac-coad.cptac-coad-kras-status.titan2025-frozen-simpleshot.weighted-f1,titan2025.cptac-coad.cptac-coad-kras-status.titan2025-frozen-simpleshot.weighted-f1,task.cptac-coad.cptac-coad-kras-status,artifact.cptac-coad,https://media.springernature.com/original/springer-static/esm/art%3A10.1038%2Fs41591-025-03982-3/MediaObjects/41591_2025_3982_MOESM1_ESM.pdf,paper=TITAN|supplementary_table=52|cohort=CPTAC|model=TITANV|evaluator=simpleshot|metric=weighted_f1,26321e4018bec7b80f2fe7ea7cc497139c83b44fb60df5128417623ad1f71a70,machine_parsed_single_primary_source,parsed_primary_source,Exact leaf result; protocol variants remain distinct and are not deduplicated by dataset name alone.
titan2025,titan_paper,Supplementary Table 52,cptac-coad,CPTAC-COAD KRAS status,molecular_biomarker,KRAS,patient,classification,103,slide_level_classification,balanced_accuracy,titan2025_frozen_20_nearest_neighbors,TITAN-V vision-only,titan-v-slide,github:mahmoodlab/TITAN@9e34c66ff66445c6c590da0dbf7acc103d39a40b,0.526,reported_error=0.0206,titan2025.cptac-coad.cptac-coad-kras-status.titan2025-frozen-20-nearest-neighbors.balanced-accuracy,titan2025.cptac-coad.cptac-coad-kras-status.titan2025-frozen-20-nearest-neighbors.balanced-accuracy,task.cptac-coad.cptac-coad-kras-status,artifact.cptac-coad,https://media.springernature.com/original/springer-static/esm/art%3A10.1038%2Fs41591-025-03982-3/MediaObjects/41591_2025_3982_MOESM1_ESM.pdf,paper=TITAN|supplementary_table=52|cohort=CPTAC|model=TITANV|evaluator=20_nearest_neighbors|metric=balanced_accuracy,26321e4018bec7b80f2fe7ea7cc497139c83b44fb60df5128417623ad1f71a70,machine_parsed_single_primary_source,parsed_primary_source,Exact leaf result; protocol variants remain distinct and are not deduplicated by dataset name alone.
titan2025,titan_paper,Supplementary Table 52,cptac-coad,CPTAC-COAD KRAS status,molecular_biomarker,KRAS,patient,classification,103,slide_level_classification,weighted_f1,titan2025_frozen_20_nearest_neighbors,TITAN-V vision-only,titan-v-slide,github:mahmoodlab/TITAN@9e34c66ff66445c6c590da0dbf7acc103d39a40b,0.542,reported_error=0.0283,titan2025.cptac-coad.cptac-coad-kras-status.titan2025-frozen-20-nearest-neighbors.weighted-f1,titan2025.cptac-coad.cptac-coad-kras-status.titan2025-frozen-20-nearest-neighbors.weighted-f1,task.cptac-coad.cptac-coad-kras-status,artifact.cptac-coad,https://media.springernature.com/original/springer-static/esm/art%3A10.1038%2Fs41591-025-03982-3/MediaObjects/41591_2025_3982_MOESM1_ESM.pdf,paper=TITAN|supplementary_table=52|cohort=CPTAC|model=TITANV|evaluator=20_nearest_neighbors|metric=weighted_f1,26321e4018bec7b80f2fe7ea7cc497139c83b44fb60df5128417623ad1f71a70,machine_parsed_single_primary_source,parsed_primary_source,Exact leaf result; protocol variants remain distinct and are not deduplicated by dataset name alone.
titan2025,titan_paper,Supplementary Table 52,cptac-coad,CPTAC-COAD KRAS status,molecular_biomarker,KRAS,patient,classification,103,slide_level_classification,auroc,titan2025_frozen_logistic_regression,TITAN vision-language,titan-slide,github:mahmoodlab/TITAN@9e34c66ff66445c6c590da0dbf7acc103d39a40b,0.625,reported_error=0.0192,titan2025.cptac-coad.cptac-coad-kras-status.titan2025-frozen-logistic-regression.auroc,titan2025.cptac-coad.cptac-coad-kras-status.titan2025-frozen-logistic-regression.auroc,task.cptac-coad.cptac-coad-kras-status,artifact.cptac-coad,https://media.springernature.com/original/springer-static/esm/art%3A10.1038%2Fs41591-025-03982-3/MediaObjects/41591_2025_3982_MOESM1_ESM.pdf,paper=TITAN|supplementary_table=52|cohort=CPTAC|model=TITAN|evaluator=logistic_regression|metric=auroc,26321e4018bec7b80f2fe7ea7cc497139c83b44fb60df5128417623ad1f71a70,machine_parsed_single_primary_source,parsed_primary_source,Exact leaf result; protocol variants remain distinct and are not deduplicated by dataset name alone.
titan2025,titan_paper,Supplementary Table 52,cptac-coad,CPTAC-COAD KRAS status,molecular_biomarker,KRAS,patient,classification,103,slide_level_classification,balanced_accuracy,titan2025_frozen_logistic_regression,TITAN vision-language,titan-slide,github:mahmoodlab/TITAN@9e34c66ff66445c6c590da0dbf7acc103d39a40b,0.526,reported_error=0.0252,titan2025.cptac-coad.cptac-coad-kras-status.titan2025-frozen-logistic-regression.balanced-accuracy,titan2025.cptac-coad.cptac-coad-kras-status.titan2025-frozen-logistic-regression.balanced-accuracy,task.cptac-coad.cptac-coad-kras-status,artifact.cptac-coad,https://media.springernature.com/original/springer-static/esm/art%3A10.1038%2Fs41591-025-03982-3/MediaObjects/41591_2025_3982_MOESM1_ESM.pdf,paper=TITAN|supplementary_table=52|cohort=CPTAC|model=TITAN|evaluator=logistic_regression|metric=balanced_accuracy,26321e4018bec7b80f2fe7ea7cc497139c83b44fb60df5128417623ad1f71a70,machine_parsed_single_primary_source,parsed_primary_source,Exact leaf result; protocol variants remain distinct and are not deduplicated by dataset name alone.
titan2025,titan_paper,Supplementary Table 52,cptac-coad,CPTAC-COAD KRAS status,molecular_biomarker,KRAS,patient,classification,103,slide_level_classification,balanced_accuracy,titan2025_frozen_simpleshot,TITAN vision-language,titan-slide,github:mahmoodlab/TITAN@9e34c66ff66445c6c590da0dbf7acc103d39a40b,0.558,reported_error=0.0126,titan2025.cptac-coad.cptac-coad-kras-status.titan2025-frozen-simpleshot.balanced-accuracy,titan2025.cptac-coad.cptac-coad-kras-status.titan2025-frozen-simpleshot.balanced-accuracy,task.cptac-coad.cptac-coad-kras-status,artifact.cptac-coad,https://media.springernature.com/original/springer-static/esm/art%3A10.1038%2Fs41591-025-03982-3/MediaObjects/41591_2025_3982_MOESM1_ESM.pdf,paper=TITAN|supplementary_table=52|cohort=CPTAC|model=TITAN|evaluator=simpleshot|metric=balanced_accuracy,26321e4018bec7b80f2fe7ea7cc497139c83b44fb60df5128417623ad1f71a70,machine_parsed_single_primary_source,parsed_primary_source,Exact leaf result; protocol variants remain distinct and are not deduplicated by dataset name alone.
titan2025,titan_paper,Supplementary Table 52,cptac-coad,CPTAC-COAD KRAS status,molecular_biomarker,KRAS,patient,classification,103,slide_level_classification,weighted_f1,titan2025_frozen_simpleshot,TITAN vision-language,titan-slide,github:mahmoodlab/TITAN@9e34c66ff66445c6c590da0dbf7acc103d39a40b,0.460,reported_error=0.0599,titan2025.cptac-coad.cptac-coad-kras-status.titan2025-frozen-simpleshot.weighted-f1,titan2025.cptac-coad.cptac-coad-kras-status.titan2025-frozen-simpleshot.weighted-f1,task.cptac-coad.cptac-coad-kras-status,artifact.cptac-coad,https://media.springernature.com/original/springer-static/esm/art%3A10.1038%2Fs41591-025-03982-3/MediaObjects/41591_2025_3982_MOESM1_ESM.pdf,paper=TITAN|supplementary_table=52|cohort=CPTAC|model=TITAN|evaluator=simpleshot|metric=weighted_f1,26321e4018bec7b80f2fe7ea7cc497139c83b44fb60df5128417623ad1f71a70,machine_parsed_single_primary_source,parsed_primary_source,Exact leaf result; protocol variants remain distinct and are not deduplicated by dataset name alone.
titan2025,titan_paper,Supplementary Table 52,cptac-coad,CPTAC-COAD KRAS status,molecular_biomarker,KRAS,patient,classification,103,slide_level_classification,balanced_accuracy,titan2025_frozen_20_nearest_neighbors,TITAN vision-language,titan-slide,github:mahmoodlab/TITAN@9e34c66ff66445c6c590da0dbf7acc103d39a40b,0.513,reported_error=0.0377,titan2025.cptac-coad.cptac-coad-kras-status.titan2025-frozen-20-nearest-neighbors.balanced-accuracy,titan2025.cptac-coad.cptac-coad-kras-status.titan2025-frozen-20-nearest-neighbors.balanced-accuracy,task.cptac-coad.cptac-coad-kras-status,artifact.cptac-coad,https://media.springernature.com/original/springer-static/esm/art%3A10.1038%2Fs41591-025-03982-3/MediaObjects/41591_2025_3982_MOESM1_ESM.pdf,paper=TITAN|supplementary_table=52|cohort=CPTAC|model=TITAN|evaluator=20_nearest_neighbors|metric=balanced_accuracy,26321e4018bec7b80f2fe7ea7cc497139c83b44fb60df5128417623ad1f71a70,machine_parsed_single_primary_source,parsed_primary_source,Exact leaf result; protocol variants remain distinct and are not deduplicated by dataset name alone.
titan2025,titan_paper,Supplementary Table 52,cptac-coad,CPTAC-COAD KRAS status,molecular_biomarker,KRAS,patient,classification,103,slide_level_classification,weighted_f1,titan2025_frozen_20_nearest_neighbors,TITAN vision-language,titan-slide,github:mahmoodlab/TITAN@9e34c66ff66445c6c590da0dbf7acc103d39a40b,0.547,reported_error=0.0372,titan2025.cptac-coad.cptac-coad-kras-status.titan2025-frozen-20-nearest-neighbors.weighted-f1,titan2025.cptac-coad.cptac-coad-kras-status.titan2025-frozen-20-nearest-neighbors.weighted-f1,task.cptac-coad.cptac-coad-kras-status,artifact.cptac-coad,https://media.springernature.com/original/springer-static/esm/art%3A10.1038%2Fs41591-025-03982-3/MediaObjects/41591_2025_3982_MOESM1_ESM.pdf,paper=TITAN|supplementary_table=52|cohort=CPTAC|model=TITAN|evaluator=20_nearest_neighbors|metric=weighted_f1,26321e4018bec7b80f2fe7ea7cc497139c83b44fb60df5128417623ad1f71a70,machine_parsed_single_primary_source,parsed_primary_source,Exact leaf result; protocol variants remain distinct and are not deduplicated by dataset name alone.
titan2025,titan_paper,Supplementary Table 64,tcga-blca,TCGA-BLCA disease-specific survival,survival,disease_specific_survival,patient,survival,360,survival_prediction,concordance_index,titan2025_frozen_five_fold_site_preserving,TITAN-V vision-only,titan-v-slide,github:mahmoodlab/TITAN@9e34c66ff66445c6c590da0dbf7acc103d39a40b,0.657,reported_error=0.055,titan2025.tcga-blca.tcga-blca-disease-specific-survival.titan2025-frozen-five-fold-site-preserving.concordance-index,titan2025.tcga-blca.tcga-blca-disease-specific-survival.titan2025-frozen-five-fold-site-preserving.concordance-index,task.tcga-blca.tcga-blca-disease-specific-survival,artifact.tcga-blca,https://media.springernature.com/original/springer-static/esm/art%3A10.1038%2Fs41591-025-03982-3/MediaObjects/41591_2025_3982_MOESM1_ESM.pdf,paper=TITAN|supplementary_table=64|cohort=BLCA|model=TITANV|metric=concordance_index,26321e4018bec7b80f2fe7ea7cc497139c83b44fb60df5128417623ad1f71a70,machine_parsed_single_primary_source,parsed_primary_source,Exact leaf result; protocol variants remain distinct and are not deduplicated by dataset name alone.
titan2025,titan_paper,Supplementary Table 64,tcga-blca,TCGA-BLCA disease-specific survival,survival,disease_specific_survival,patient,survival,360,survival_prediction,concordance_index,titan2025_frozen_five_fold_site_preserving,TITAN vision-language,titan-slide,github:mahmoodlab/TITAN@9e34c66ff66445c6c590da0dbf7acc103d39a40b,0.656,reported_error=0.040,titan2025.tcga-blca.tcga-blca-disease-specific-survival.titan2025-frozen-five-fold-site-preserving.concordance-index,titan2025.tcga-blca.tcga-blca-disease-specific-survival.titan2025-frozen-five-fold-site-preserving.concordance-index,task.tcga-blca.tcga-blca-disease-specific-survival,artifact.tcga-blca,https://media.springernature.com/original/springer-static/esm/art%3A10.1038%2Fs41591-025-03982-3/MediaObjects/41591_2025_3982_MOESM1_ESM.pdf,paper=TITAN|supplementary_table=64|cohort=BLCA|model=TITAN|metric=concordance_index,26321e4018bec7b80f2fe7ea7cc497139c83b44fb60df5128417623ad1f71a70,machine_parsed_single_primary_source,parsed_primary_source,Exact leaf result; protocol variants remain distinct and are not deduplicated by dataset name alone.
titan2025,titan_paper,Supplementary Table 64,tcga-brca,TCGA-BRCA disease-specific survival,survival,disease_specific_survival,patient,survival,1022,survival_prediction,concordance_index,titan2025_frozen_five_fold_site_preserving,TITAN-V vision-only,titan-v-slide,github:mahmoodlab/TITAN@9e34c66ff66445c6c590da0dbf7acc103d39a40b,0.713,reported_error=0.044,titan2025.tcga-brca.tcga-brca-disease-specific-survival.titan2025-frozen-five-fold-site-preserving.concordance-index,titan2025.tcga-brca.tcga-brca-disease-specific-survival.titan2025-frozen-five-fold-site-preserving.concordance-index,task.tcga-brca.tcga-brca-disease-specific-survival,artifact.tcga-brca,https://media.springernature.com/original/springer-static/esm/art%3A10.1038%2Fs41591-025-03982-3/MediaObjects/41591_2025_3982_MOESM1_ESM.pdf,paper=TITAN|supplementary_table=64|cohort=BRCA|model=TITANV|metric=concordance_index,26321e4018bec7b80f2fe7ea7cc497139c83b44fb60df5128417623ad1f71a70,machine_parsed_single_primary_source,parsed_primary_source,Exact leaf result; protocol variants remain distinct and are not deduplicated by dataset name alone.
titan2025,titan_paper,Supplementary Table 64,tcga-brca,TCGA-BRCA disease-specific survival,survival,disease_specific_survival,patient,survival,1022,survival_prediction,concordance_index,titan2025_frozen_five_fold_site_preserving,TITAN vision-language,titan-slide,github:mahmoodlab/TITAN@9e34c66ff66445c6c590da0dbf7acc103d39a40b,0.757,reported_error=0.015,titan2025.tcga-brca.tcga-brca-disease-specific-survival.titan2025-frozen-five-fold-site-preserving.concordance-index,titan2025.tcga-brca.tcga-brca-disease-specific-survival.titan2025-frozen-five-fold-site-preserving.concordance-index,task.tcga-brca.tcga-brca-disease-specific-survival,artifact.tcga-brca,https://media.springernature.com/original/springer-static/esm/art%3A10.1038%2Fs41591-025-03982-3/MediaObjects/41591_2025_3982_MOESM1_ESM.pdf,paper=TITAN|supplementary_table=64|cohort=BRCA|model=TITAN|metric=concordance_index,26321e4018bec7b80f2fe7ea7cc497139c83b44fb60df5128417623ad1f71a70,machine_parsed_single_primary_source,parsed_primary_source,Exact leaf result; protocol variants remain distinct and are not deduplicated by dataset name alone.
titan2025,titan_paper,Supplementary Table 64,tcga-crc,TCGA-CRC disease-specific survival,survival,disease_specific_survival,patient,survival,545,survival_prediction,concordance_index,titan2025_frozen_five_fold_site_preserving,TITAN-V vision-only,titan-v-slide,github:mahmoodlab/TITAN@9e34c66ff66445c6c590da0dbf7acc103d39a40b,0.710,reported_error=0.110,titan2025.tcga-crc.tcga-crc-disease-specific-survival.titan2025-frozen-five-fold-site-preserving.concordance-index,titan2025.tcga-crc.tcga-crc-disease-specific-survival.titan2025-frozen-five-fold-site-preserving.concordance-index,task.tcga-crc.tcga-crc-disease-specific-survival,artifact.tcga-crc,https://media.springernature.com/original/springer-static/esm/art%3A10.1038%2Fs41591-025-03982-3/MediaObjects/41591_2025_3982_MOESM1_ESM.pdf,paper=TITAN|supplementary_table=64|cohort=CRC|model=TITANV|metric=concordance_index,26321e4018bec7b80f2fe7ea7cc497139c83b44fb60df5128417623ad1f71a70,machine_parsed_single_primary_source,parsed_primary_source,Exact leaf result; protocol variants remain distinct and are not deduplicated by dataset name alone.
titan2025,titan_paper,Supplementary Table 64,tcga-crc,TCGA-CRC disease-specific survival,survival,disease_specific_survival,patient,survival,545,survival_prediction,concordance_index,titan2025_frozen_five_fold_site_preserving,TITAN vision-language,titan-slide,github:mahmoodlab/TITAN@9e34c66ff66445c6c590da0dbf7acc103d39a40b,0.705,reported_error=0.097,titan2025.tcga-crc.tcga-crc-disease-specific-survival.titan2025-frozen-five-fold-site-preserving.concordance-index,titan2025.tcga-crc.tcga-crc-disease-specific-survival.titan2025-frozen-five-fold-site-preserving.concordance-index,task.tcga-crc.tcga-crc-disease-specific-survival,artifact.tcga-crc,https://media.springernature.com/original/springer-static/esm/art%3A10.1038%2Fs41591-025-03982-3/MediaObjects/41591_2025_3982_MOESM1_ESM.pdf,paper=TITAN|supplementary_table=64|cohort=CRC|model=TITAN|metric=concordance_index,26321e4018bec7b80f2fe7ea7cc497139c83b44fb60df5128417623ad1f71a70,machine_parsed_single_primary_source,parsed_primary_source,Exact leaf result; protocol variants remain distinct and are not deduplicated by dataset name alone.
titan2025,titan_paper,Supplementary Table 64,tcga-kirc,TCGA-KIRC disease-specific survival,survival,disease_specific_survival,patient,survival,502,survival_prediction,concordance_index,titan2025_frozen_five_fold_site_preserving,TITAN-V vision-only,titan-v-slide,github:mahmoodlab/TITAN@9e34c66ff66445c6c590da0dbf7acc103d39a40b,0.774,reported_error=0.060,titan2025.tcga-kirc.tcga-kirc-disease-specific-survival.titan2025-frozen-five-fold-site-preserving.concordance-index,titan2025.tcga-kirc.tcga-kirc-disease-specific-survival.titan2025-frozen-five-fold-site-preserving.concordance-index,task.tcga-kirc.tcga-kirc-disease-specific-survival,artifact.tcga-kirc,https://media.springernature.com/original/springer-static/esm/art%3A10.1038%2Fs41591-025-03982-3/MediaObjects/41591_2025_3982_MOESM1_ESM.pdf,paper=TITAN|supplementary_table=64|cohort=KIRC|model=TITANV|metric=concordance_index,26321e4018bec7b80f2fe7ea7cc497139c83b44fb60df5128417623ad1f71a70,machine_parsed_single_primary_source,parsed_primary_source,Exact leaf result; protocol variants remain distinct and are not deduplicated by dataset name alone.
titan2025,titan_paper,Supplementary Table 64,tcga-kirc,TCGA-KIRC disease-specific survival,survival,disease_specific_survival,patient,survival,502,survival_prediction,concordance_index,titan2025_frozen_five_fold_site_preserving,TITAN vision-language,titan-slide,github:mahmoodlab/TITAN@9e34c66ff66445c6c590da0dbf7acc103d39a40b,0.768,reported_error=0.064,titan2025.tcga-kirc.tcga-kirc-disease-specific-survival.titan2025-frozen-five-fold-site-preserving.concordance-index,titan2025.tcga-kirc.tcga-kirc-disease-specific-survival.titan2025-frozen-five-fold-site-preserving.concordance-index,task.tcga-kirc.tcga-kirc-disease-specific-survival,artifact.tcga-kirc,https://media.springernature.com/original/springer-static/esm/art%3A10.1038%2Fs41591-025-03982-3/MediaObjects/41591_2025_3982_MOESM1_ESM.pdf,paper=TITAN|supplementary_table=64|cohort=KIRC|model=TITAN|metric=concordance_index,26321e4018bec7b80f2fe7ea7cc497139c83b44fb60df5128417623ad1f71a70,machine_parsed_single_primary_source,parsed_primary_source,Exact leaf result; protocol variants remain distinct and are not deduplicated by dataset name alone.
titan2025,titan_paper,Supplementary Table 64,tcga-nsclc,TCGA-NSCLC disease-specific survival,survival,disease_specific_survival,patient,survival,844,survival_prediction,concordance_index,titan2025_frozen_five_fold_site_preserving,TITAN-V vision-only,titan-v-slide,github:mahmoodlab/TITAN@9e34c66ff66445c6c590da0dbf7acc103d39a40b,0.624,reported_error=0.082,titan2025.tcga-nsclc.tcga-nsclc-disease-specific-survival.titan2025-frozen-five-fold-site-preserving.concordance-index,titan2025.tcga-nsclc.tcga-nsclc-disease-specific-survival.titan2025-frozen-five-fold-site-preserving.concordance-index,task.tcga-nsclc.tcga-nsclc-disease-specific-survival,artifact.tcga-nsclc,https://media.springernature.com/original/springer-static/esm/art%3A10.1038%2Fs41591-025-03982-3/MediaObjects/41591_2025_3982_MOESM1_ESM.pdf,paper=TITAN|supplementary_table=64|cohort=NSCLC|model=TITANV|metric=concordance_index,26321e4018bec7b80f2fe7ea7cc497139c83b44fb60df5128417623ad1f71a70,machine_parsed_single_primary_source,parsed_primary_source,Exact leaf result; protocol variants remain distinct and are not deduplicated by dataset name alone.
titan2025,titan_paper,Supplementary Table 64,tcga-nsclc,TCGA-NSCLC disease-specific survival,survival,disease_specific_survival,patient,survival,844,survival_prediction,concordance_index,titan2025_frozen_five_fold_site_preserving,TITAN vision-language,titan-slide,github:mahmoodlab/TITAN@9e34c66ff66445c6c590da0dbf7acc103d39a40b,0.623,reported_error=0.041,titan2025.tcga-nsclc.tcga-nsclc-disease-specific-survival.titan2025-frozen-five-fold-site-preserving.concordance-index,titan2025.tcga-nsclc.tcga-nsclc-disease-specific-survival.titan2025-frozen-five-fold-site-preserving.concordance-index,task.tcga-nsclc.tcga-nsclc-disease-specific-survival,artifact.tcga-nsclc,https://media.springernature.com/original/springer-static/esm/art%3A10.1038%2Fs41591-025-03982-3/MediaObjects/41591_2025_3982_MOESM1_ESM.pdf,paper=TITAN|supplementary_table=64|cohort=NSCLC|model=TITAN|metric=concordance_index,26321e4018bec7b80f2fe7ea7cc497139c83b44fb60df5128417623ad1f71a70,machine_parsed_single_primary_source,parsed_primary_source,Exact leaf result; protocol variants remain distinct and are not deduplicated by dataset name alone.
titan2025,titan_paper,Supplementary Table 64,tcga-ucec,TCGA-UCEC disease-specific survival,survival,disease_specific_survival,patient,survival,504,survival_prediction,concordance_index,titan2025_frozen_five_fold_site_preserving,TITAN-V vision-only,titan-v-slide,github:mahmoodlab/TITAN@9e34c66ff66445c6c590da0dbf7acc103d39a40b,0.789,reported_error=0.091,titan2025.tcga-ucec.tcga-ucec-disease-specific-survival.titan2025-frozen-five-fold-site-preserving.concordance-index,titan2025.tcga-ucec.tcga-ucec-disease-specific-survival.titan2025-frozen-five-fold-site-preserving.concordance-index,task.tcga-ucec.tcga-ucec-disease-specific-survival,artifact.tcga-ucec,https://media.springernature.com/original/springer-static/esm/art%3A10.1038%2Fs41591-025-03982-3/MediaObjects/41591_2025_3982_MOESM1_ESM.pdf,paper=TITAN|supplementary_table=64|cohort=UCEC|model=TITANV|metric=concordance_index,26321e4018bec7b80f2fe7ea7cc497139c83b44fb60df5128417623ad1f71a70,machine_parsed_single_primary_source,parsed_primary_source,Exact leaf result; protocol variants remain distinct and are not deduplicated by dataset name alone.
titan2025,titan_paper,Supplementary Table 64,tcga-ucec,TCGA-UCEC disease-specific survival,survival,disease_specific_survival,patient,survival,504,survival_prediction,concordance_index,titan2025_frozen_five_fold_site_preserving,TITAN vision-language,titan-slide,github:mahmoodlab/TITAN@9e34c66ff66445c6c590da0dbf7acc103d39a40b,0.787,reported_error=0.067,titan2025.tcga-ucec.tcga-ucec-disease-specific-survival.titan2025-frozen-five-fold-site-preserving.concordance-index,titan2025.tcga-ucec.tcga-ucec-disease-specific-survival.titan2025-frozen-five-fold-site-preserving.concordance-index,task.tcga-ucec.tcga-ucec-disease-specific-survival,artifact.tcga-ucec,https://media.springernature.com/original/springer-static/esm/art%3A10.1038%2Fs41591-025-03982-3/MediaObjects/41591_2025_3982_MOESM1_ESM.pdf,paper=TITAN|supplementary_table=64|cohort=UCEC|model=TITAN|metric=concordance_index,26321e4018bec7b80f2fe7ea7cc497139c83b44fb60df5128417623ad1f71a70,machine_parsed_single_primary_source,parsed_primary_source,Exact leaf result; protocol variants remain distinct and are not deduplicated by dataset name alone.
titan2025,titan_paper,Supplementary Table 22,tcga-ut-8k,TCGA-UT-8K tumor subtype,morphological_subtyping,tumor_subtype,slide,classification,7784,slide_level_classification,balanced_accuracy,titan2025_frozen_logistic_regression,TITAN-V vision-only,titan-v-slide,github:mahmoodlab/TITAN@9e34c66ff66445c6c590da0dbf7acc103d39a40b,0.820,reported_error=0.0055,titan2025.tcga-ut-8k.tcga-ut-8k-tumor-subtype.titan2025-frozen-logistic-regression.balanced-accuracy,titan2025.tcga-ut-8k.tcga-ut-8k-tumor-subtype.titan2025-frozen-logistic-regression.balanced-accuracy,task.tcga-ut-8k.tcga-ut-8k-tumor-subtype,artifact.tcga-ut-8k,https://media.springernature.com/original/springer-static/esm/art%3A10.1038%2Fs41591-025-03982-3/MediaObjects/41591_2025_3982_MOESM1_ESM.pdf,paper=TITAN|supplementary_table=22|model=TITANV|evaluator=logistic_regression|metric=balanced_accuracy,26321e4018bec7b80f2fe7ea7cc497139c83b44fb60df5128417623ad1f71a70,machine_parsed_single_primary_source,parsed_primary_source,Exact leaf result; protocol variants remain distinct and are not deduplicated by dataset name alone.
titan2025,titan_paper,Supplementary Table 22,tcga-ut-8k,TCGA-UT-8K tumor subtype,morphological_subtyping,tumor_subtype,slide,classification,7784,slide_level_classification,weighted_f1,titan2025_frozen_logistic_regression,TITAN-V vision-only,titan-v-slide,github:mahmoodlab/TITAN@9e34c66ff66445c6c590da0dbf7acc103d39a40b,0.870,reported_error=0.0037,titan2025.tcga-ut-8k.tcga-ut-8k-tumor-subtype.titan2025-frozen-logistic-regression.weighted-f1,titan2025.tcga-ut-8k.tcga-ut-8k-tumor-subtype.titan2025-frozen-logistic-regression.weighted-f1,task.tcga-ut-8k.tcga-ut-8k-tumor-subtype,artifact.tcga-ut-8k,https://media.springernature.com/original/springer-static/esm/art%3A10.1038%2Fs41591-025-03982-3/MediaObjects/41591_2025_3982_MOESM1_ESM.pdf,paper=TITAN|supplementary_table=22|model=TITANV|evaluator=logistic_regression|metric=weighted_f1,26321e4018bec7b80f2fe7ea7cc497139c83b44fb60df5128417623ad1f71a70,machine_parsed_single_primary_source,parsed_primary_source,Exact leaf result; protocol variants remain distinct and are not deduplicated by dataset name alone.
titan2025,titan_paper,Supplementary Table 22,tcga-ut-8k,TCGA-UT-8K tumor subtype,morphological_subtyping,tumor_subtype,slide,classification,7784,slide_level_classification,balanced_accuracy,titan2025_frozen_simpleshot,TITAN-V vision-only,titan-v-slide,github:mahmoodlab/TITAN@9e34c66ff66445c6c590da0dbf7acc103d39a40b,0.812,reported_error=0.0050,titan2025.tcga-ut-8k.tcga-ut-8k-tumor-subtype.titan2025-frozen-simpleshot.balanced-accuracy,titan2025.tcga-ut-8k.tcga-ut-8k-tumor-subtype.titan2025-frozen-simpleshot.balanced-accuracy,task.tcga-ut-8k.tcga-ut-8k-tumor-subtype,artifact.tcga-ut-8k,https://media.springernature.com/original/springer-static/esm/art%3A10.1038%2Fs41591-025-03982-3/MediaObjects/41591_2025_3982_MOESM1_ESM.pdf,paper=TITAN|supplementary_table=22|model=TITANV|evaluator=simpleshot|metric=balanced_accuracy,26321e4018bec7b80f2fe7ea7cc497139c83b44fb60df5128417623ad1f71a70,machine_parsed_single_primary_source,parsed_primary_source,Exact leaf result; protocol variants remain distinct and are not deduplicated by dataset name alone.
titan2025,titan_paper,Supplementary Table 22,tcga-ut-8k,TCGA-UT-8K tumor subtype,morphological_subtyping,tumor_subtype,slide,classification,7784,slide_level_classification,weighted_f1,titan2025_frozen_simpleshot,TITAN-V vision-only,titan-v-slide,github:mahmoodlab/TITAN@9e34c66ff66445c6c590da0dbf7acc103d39a40b,0.842,reported_error=0.0038,titan2025.tcga-ut-8k.tcga-ut-8k-tumor-subtype.titan2025-frozen-simpleshot.weighted-f1,titan2025.tcga-ut-8k.tcga-ut-8k-tumor-subtype.titan2025-frozen-simpleshot.weighted-f1,task.tcga-ut-8k.tcga-ut-8k-tumor-subtype,artifact.tcga-ut-8k,https://media.springernature.com/original/springer-static/esm/art%3A10.1038%2Fs41591-025-03982-3/MediaObjects/41591_2025_3982_MOESM1_ESM.pdf,paper=TITAN|supplementary_table=22|model=TITANV|evaluator=simpleshot|metric=weighted_f1,26321e4018bec7b80f2fe7ea7cc497139c83b44fb60df5128417623ad1f71a70,machine_parsed_single_primary_source,parsed_primary_source,Exact leaf result; protocol variants remain distinct and are not deduplicated by dataset name alone.
titan2025,titan_paper,Supplementary Table 22,tcga-ut-8k,TCGA-UT-8K tumor subtype,morphological_subtyping,tumor_subtype,slide,classification,7784,slide_level_classification,balanced_accuracy,titan2025_frozen_20_nearest_neighbors,TITAN-V vision-only,titan-v-slide,github:mahmoodlab/TITAN@9e34c66ff66445c6c590da0dbf7acc103d39a40b,0.818,reported_error=0.0053,titan2025.tcga-ut-8k.tcga-ut-8k-tumor-subtype.titan2025-frozen-20-nearest-neighbors.balanced-accuracy,titan2025.tcga-ut-8k.tcga-ut-8k-tumor-subtype.titan2025-frozen-20-nearest-neighbors.balanced-accuracy,task.tcga-ut-8k.tcga-ut-8k-tumor-subtype,artifact.tcga-ut-8k,https://media.springernature.com/original/springer-static/esm/art%3A10.1038%2Fs41591-025-03982-3/MediaObjects/41591_2025_3982_MOESM1_ESM.pdf,paper=TITAN|supplementary_table=22|model=TITANV|evaluator=20_nearest_neighbors|metric=balanced_accuracy,26321e4018bec7b80f2fe7ea7cc497139c83b44fb60df5128417623ad1f71a70,machine_parsed_single_primary_source,parsed_primary_source,Exact leaf result; protocol variants remain distinct and are not deduplicated by dataset name alone.
titan2025,titan_paper,Supplementary Table 22,tcga-ut-8k,TCGA-UT-8K tumor subtype,morphological_subtyping,tumor_subtype,slide,classification,7784,slide_level_classification,weighted_f1,titan2025_frozen_20_nearest_neighbors,TITAN-V vision-only,titan-v-slide,github:mahmoodlab/TITAN@9e34c66ff66445c6c590da0dbf7acc103d39a40b,0.864,reported_error=0.0039,titan2025.tcga-ut-8k.tcga-ut-8k-tumor-subtype.titan2025-frozen-20-nearest-neighbors.weighted-f1,titan2025.tcga-ut-8k.tcga-ut-8k-tumor-subtype.titan2025-frozen-20-nearest-neighbors.weighted-f1,task.tcga-ut-8k.tcga-ut-8k-tumor-subtype,artifact.tcga-ut-8k,https://media.springernature.com/original/springer-static/esm/art%3A10.1038%2Fs41591-025-03982-3/MediaObjects/41591_2025_3982_MOESM1_ESM.pdf,paper=TITAN|supplementary_table=22|model=TITANV|evaluator=20_nearest_neighbors|metric=weighted_f1,26321e4018bec7b80f2fe7ea7cc497139c83b44fb60df5128417623ad1f71a70,machine_parsed_single_primary_source,parsed_primary_source,Exact leaf result; protocol variants remain distinct and are not deduplicated by dataset name alone.
titan2025,titan_paper,Supplementary Table 22,tcga-ut-8k,TCGA-UT-8K tumor subtype,morphological_subtyping,tumor_subtype,slide,classification,7784,slide_level_classification,balanced_accuracy,titan2025_frozen_logistic_regression,TITAN vision-language,titan-slide,github:mahmoodlab/TITAN@9e34c66ff66445c6c590da0dbf7acc103d39a40b,0.832,reported_error=0.0056,titan2025.tcga-ut-8k.tcga-ut-8k-tumor-subtype.titan2025-frozen-logistic-regression.balanced-accuracy,titan2025.tcga-ut-8k.tcga-ut-8k-tumor-subtype.titan2025-frozen-logistic-regression.balanced-accuracy,task.tcga-ut-8k.tcga-ut-8k-tumor-subtype,artifact.tcga-ut-8k,https://media.springernature.com/original/springer-static/esm/art%3A10.1038%2Fs41591-025-03982-3/MediaObjects/41591_2025_3982_MOESM1_ESM.pdf,paper=TITAN|supplementary_table=22|model=TITAN|evaluator=logistic_regression|metric=balanced_accuracy,26321e4018bec7b80f2fe7ea7cc497139c83b44fb60df5128417623ad1f71a70,machine_parsed_single_primary_source,parsed_primary_source,Exact leaf result; protocol variants remain distinct and are not deduplicated by dataset name alone.
titan2025,titan_paper,Supplementary Table 22,tcga-ut-8k,TCGA-UT-8K tumor subtype,morphological_subtyping,tumor_subtype,slide,classification,7784,slide_level_classification,weighted_f1,titan2025_frozen_logistic_regression,TITAN vision-language,titan-slide,github:mahmoodlab/TITAN@9e34c66ff66445c6c590da0dbf7acc103d39a40b,0.881,reported_error=0.0036,titan2025.tcga-ut-8k.tcga-ut-8k-tumor-subtype.titan2025-frozen-logistic-regression.weighted-f1,titan2025.tcga-ut-8k.tcga-ut-8k-tumor-subtype.titan2025-frozen-logistic-regression.weighted-f1,task.tcga-ut-8k.tcga-ut-8k-tumor-subtype,artifact.tcga-ut-8k,https://media.springernature.com/original/springer-static/esm/art%3A10.1038%2Fs41591-025-03982-3/MediaObjects/41591_2025_3982_MOESM1_ESM.pdf,paper=TITAN|supplementary_table=22|model=TITAN|evaluator=logistic_regression|metric=weighted_f1,26321e4018bec7b80f2fe7ea7cc497139c83b44fb60df5128417623ad1f71a70,machine_parsed_single_primary_source,parsed_primary_source,Exact leaf result; protocol variants remain distinct and are not deduplicated by dataset name alone.
titan2025,titan_paper,Supplementary Table 22,tcga-ut-8k,TCGA-UT-8K tumor subtype,morphological_subtyping,tumor_subtype,slide,classification,7784,slide_level_classification,balanced_accuracy,titan2025_frozen_simpleshot,TITAN vision-language,titan-slide,github:mahmoodlab/TITAN@9e34c66ff66445c6c590da0dbf7acc103d39a40b,0.843,reported_error=0.0056,titan2025.tcga-ut-8k.tcga-ut-8k-tumor-subtype.titan2025-frozen-simpleshot.balanced-accuracy,titan2025.tcga-ut-8k.tcga-ut-8k-tumor-subtype.titan2025-frozen-simpleshot.balanced-accuracy,task.tcga-ut-8k.tcga-ut-8k-tumor-subtype,artifact.tcga-ut-8k,https://media.springernature.com/original/springer-static/esm/art%3A10.1038%2Fs41591-025-03982-3/MediaObjects/41591_2025_3982_MOESM1_ESM.pdf,paper=TITAN|supplementary_table=22|model=TITAN|evaluator=simpleshot|metric=balanced_accuracy,26321e4018bec7b80f2fe7ea7cc497139c83b44fb60df5128417623ad1f71a70,machine_parsed_single_primary_source,parsed_primary_source,Exact leaf result; protocol variants remain distinct and are not deduplicated by dataset name alone.
titan2025,titan_paper,Supplementary Table 22,tcga-ut-8k,TCGA-UT-8K tumor subtype,morphological_subtyping,tumor_subtype,slide,classification,7784,slide_level_classification,weighted_f1,titan2025_frozen_simpleshot,TITAN vision-language,titan-slide,github:mahmoodlab/TITAN@9e34c66ff66445c6c590da0dbf7acc103d39a40b,0.865,reported_error=0.0037,titan2025.tcga-ut-8k.tcga-ut-8k-tumor-subtype.titan2025-frozen-simpleshot.weighted-f1,titan2025.tcga-ut-8k.tcga-ut-8k-tumor-subtype.titan2025-frozen-simpleshot.weighted-f1,task.tcga-ut-8k.tcga-ut-8k-tumor-subtype,artifact.tcga-ut-8k,https://media.springernature.com/original/springer-static/esm/art%3A10.1038%2Fs41591-025-03982-3/MediaObjects/41591_2025_3982_MOESM1_ESM.pdf,paper=TITAN|supplementary_table=22|model=TITAN|evaluator=simpleshot|metric=weighted_f1,26321e4018bec7b80f2fe7ea7cc497139c83b44fb60df5128417623ad1f71a70,machine_parsed_single_primary_source,parsed_primary_source,Exact leaf result; protocol variants remain distinct and are not deduplicated by dataset name alone.
titan2025,titan_paper,Supplementary Table 22,tcga-ut-8k,TCGA-UT-8K tumor subtype,morphological_subtyping,tumor_subtype,slide,classification,7784,slide_level_classification,balanced_accuracy,titan2025_frozen_20_nearest_neighbors,TITAN vision-language,titan-slide,github:mahmoodlab/TITAN@9e34c66ff66445c6c590da0dbf7acc103d39a40b,0.828,reported_error=0.0052,titan2025.tcga-ut-8k.tcga-ut-8k-tumor-subtype.titan2025-frozen-20-nearest-neighbors.balanced-accuracy,titan2025.tcga-ut-8k.tcga-ut-8k-tumor-subtype.titan2025-frozen-20-nearest-neighbors.balanced-accuracy,task.tcga-ut-8k.tcga-ut-8k-tumor-subtype,artifact.tcga-ut-8k,https://media.springernature.com/original/springer-static/esm/art%3A10.1038%2Fs41591-025-03982-3/MediaObjects/41591_2025_3982_MOESM1_ESM.pdf,paper=TITAN|supplementary_table=22|model=TITAN|evaluator=20_nearest_neighbors|metric=balanced_accuracy,26321e4018bec7b80f2fe7ea7cc497139c83b44fb60df5128417623ad1f71a70,machine_parsed_single_primary_source,parsed_primary_source,Exact leaf result; protocol variants remain distinct and are not deduplicated by dataset name alone.
titan2025,titan_paper,Supplementary Table 22,tcga-ut-8k,TCGA-UT-8K tumor subtype,morphological_subtyping,tumor_subtype,slide,classification,7784,slide_level_classification,weighted_f1,titan2025_frozen_20_nearest_neighbors,TITAN vision-language,titan-slide,github:mahmoodlab/TITAN@9e34c66ff66445c6c590da0dbf7acc103d39a40b,0.875,reported_error=0.0037,titan2025.tcga-ut-8k.tcga-ut-8k-tumor-subtype.titan2025-frozen-20-nearest-neighbors.weighted-f1,titan2025.tcga-ut-8k.tcga-ut-8k-tumor-subtype.titan2025-frozen-20-nearest-neighbors.weighted-f1,task.tcga-ut-8k.tcga-ut-8k-tumor-subtype,artifact.tcga-ut-8k,https://media.springernature.com/original/springer-static/esm/art%3A10.1038%2Fs41591-025-03982-3/MediaObjects/41591_2025_3982_MOESM1_ESM.pdf,paper=TITAN|supplementary_table=22|model=TITAN|evaluator=20_nearest_neighbors|metric=weighted_f1,26321e4018bec7b80f2fe7ea7cc497139c83b44fb60df5128417623ad1f71a70,machine_parsed_single_primary_source,parsed_primary_source,Exact leaf result; protocol variants remain distinct and are not deduplicated by dataset name alone.
titan2025,titan_paper,Supplementary Table 23,tcga-ot,TCGA-OT OncoTree code,morphological_subtyping,oncotree_code,slide,classification,9149,slide_level_classification,balanced_accuracy,titan2025_frozen_logistic_regression,TITAN-V vision-only,titan-v-slide,github:mahmoodlab/TITAN@9e34c66ff66445c6c590da0dbf7acc103d39a40b,0.690,reported_error=0.0196,titan2025.tcga-ot.tcga-ot-oncotree-code.titan2025-frozen-logistic-regression.balanced-accuracy,titan2025.tcga-ot.tcga-ot-oncotree-code.titan2025-frozen-logistic-regression.balanced-accuracy,task.tcga-ot.tcga-ot-oncotree-code,artifact.tcga-ot,https://media.springernature.com/original/springer-static/esm/art%3A10.1038%2Fs41591-025-03982-3/MediaObjects/41591_2025_3982_MOESM1_ESM.pdf,paper=TITAN|supplementary_table=23|model=TITANV|evaluator=logistic_regression|metric=balanced_accuracy,26321e4018bec7b80f2fe7ea7cc497139c83b44fb60df5128417623ad1f71a70,machine_parsed_single_primary_source,parsed_primary_source,Exact leaf result; protocol variants remain distinct and are not deduplicated by dataset name alone.
titan2025,titan_paper,Supplementary Table 23,tcga-ot,TCGA-OT OncoTree code,morphological_subtyping,oncotree_code,slide,classification,9149,slide_level_classification,weighted_f1,titan2025_frozen_logistic_regression,TITAN-V vision-only,titan-v-slide,github:mahmoodlab/TITAN@9e34c66ff66445c6c590da0dbf7acc103d39a40b,0.758,reported_error=0.0123,titan2025.tcga-ot.tcga-ot-oncotree-code.titan2025-frozen-logistic-regression.weighted-f1,titan2025.tcga-ot.tcga-ot-oncotree-code.titan2025-frozen-logistic-regression.weighted-f1,task.tcga-ot.tcga-ot-oncotree-code,artifact.tcga-ot,https://media.springernature.com/original/springer-static/esm/art%3A10.1038%2Fs41591-025-03982-3/MediaObjects/41591_2025_3982_MOESM1_ESM.pdf,paper=TITAN|supplementary_table=23|model=TITANV|evaluator=logistic_regression|metric=weighted_f1,26321e4018bec7b80f2fe7ea7cc497139c83b44fb60df5128417623ad1f71a70,machine_parsed_single_primary_source,parsed_primary_source,Exact leaf result; protocol variants remain distinct and are not deduplicated by dataset name alone.
titan2025,titan_paper,Supplementary Table 23,tcga-ot,TCGA-OT OncoTree code,morphological_subtyping,oncotree_code,slide,classification,9149,slide_level_classification,balanced_accuracy,titan2025_frozen_simpleshot,TITAN-V vision-only,titan-v-slide,github:mahmoodlab/TITAN@9e34c66ff66445c6c590da0dbf7acc103d39a40b,0.706,reported_error=0.0183,titan2025.tcga-ot.tcga-ot-oncotree-code.titan2025-frozen-simpleshot.balanced-accuracy,titan2025.tcga-ot.tcga-ot-oncotree-code.titan2025-frozen-simpleshot.balanced-accuracy,task.tcga-ot.tcga-ot-oncotree-code,artifact.tcga-ot,https://media.springernature.com/original/springer-static/esm/art%3A10.1038%2Fs41591-025-03982-3/MediaObjects/41591_2025_3982_MOESM1_ESM.pdf,paper=TITAN|supplementary_table=23|model=TITANV|evaluator=simpleshot|metric=balanced_accuracy,26321e4018bec7b80f2fe7ea7cc497139c83b44fb60df5128417623ad1f71a70,machine_parsed_single_primary_source,parsed_primary_source,Exact leaf result; protocol variants remain distinct and are not deduplicated by dataset name alone.
titan2025,titan_paper,Supplementary Table 23,tcga-ot,TCGA-OT OncoTree code,morphological_subtyping,oncotree_code,slide,classification,9149,slide_level_classification,weighted_f1,titan2025_frozen_simpleshot,TITAN-V vision-only,titan-v-slide,github:mahmoodlab/TITAN@9e34c66ff66445c6c590da0dbf7acc103d39a40b,0.775,reported_error=0.0116,titan2025.tcga-ot.tcga-ot-oncotree-code.titan2025-frozen-simpleshot.weighted-f1,titan2025.tcga-ot.tcga-ot-oncotree-code.titan2025-frozen-simpleshot.weighted-f1,task.tcga-ot.tcga-ot-oncotree-code,artifact.tcga-ot,https://media.springernature.com/original/springer-static/esm/art%3A10.1038%2Fs41591-025-03982-3/MediaObjects/41591_2025_3982_MOESM1_ESM.pdf,paper=TITAN|supplementary_table=23|model=TITANV|evaluator=simpleshot|metric=weighted_f1,26321e4018bec7b80f2fe7ea7cc497139c83b44fb60df5128417623ad1f71a70,machine_parsed_single_primary_source,parsed_primary_source,Exact leaf result; protocol variants remain distinct and are not deduplicated by dataset name alone.
titan2025,titan_paper,Supplementary Table 23,tcga-ot,TCGA-OT OncoTree code,morphological_subtyping,oncotree_code,slide,classification,9149,slide_level_classification,balanced_accuracy,titan2025_frozen_20_nearest_neighbors,TITAN-V vision-only,titan-v-slide,github:mahmoodlab/TITAN@9e34c66ff66445c6c590da0dbf7acc103d39a40b,0.639,reported_error=0.0149,titan2025.tcga-ot.tcga-ot-oncotree-code.titan2025-frozen-20-nearest-neighbors.balanced-accuracy,titan2025.tcga-ot.tcga-ot-oncotree-code.titan2025-frozen-20-nearest-neighbors.balanced-accuracy,task.tcga-ot.tcga-ot-oncotree-code,artifact.tcga-ot,https://media.springernature.com/original/springer-static/esm/art%3A10.1038%2Fs41591-025-03982-3/MediaObjects/41591_2025_3982_MOESM1_ESM.pdf,paper=TITAN|supplementary_table=23|model=TITANV|evaluator=20_nearest_neighbors|metric=balanced_accuracy,26321e4018bec7b80f2fe7ea7cc497139c83b44fb60df5128417623ad1f71a70,machine_parsed_single_primary_source,parsed_primary_source,Exact leaf result; protocol variants remain distinct and are not deduplicated by dataset name alone.
titan2025,titan_paper,Supplementary Table 23,tcga-ot,TCGA-OT OncoTree code,morphological_subtyping,oncotree_code,slide,classification,9149,slide_level_classification,weighted_f1,titan2025_frozen_20_nearest_neighbors,TITAN-V vision-only,titan-v-slide,github:mahmoodlab/TITAN@9e34c66ff66445c6c590da0dbf7acc103d39a40b,0.744,reported_error=0.0124,titan2025.tcga-ot.tcga-ot-oncotree-code.titan2025-frozen-20-nearest-neighbors.weighted-f1,titan2025.tcga-ot.tcga-ot-oncotree-code.titan2025-frozen-20-nearest-neighbors.weighted-f1,task.tcga-ot.tcga-ot-oncotree-code,artifact.tcga-ot,https://media.springernature.com/original/springer-static/esm/art%3A10.1038%2Fs41591-025-03982-3/MediaObjects/41591_2025_3982_MOESM1_ESM.pdf,paper=TITAN|supplementary_table=23|model=TITANV|evaluator=20_nearest_neighbors|metric=weighted_f1,26321e4018bec7b80f2fe7ea7cc497139c83b44fb60df5128417623ad1f71a70,machine_parsed_single_primary_source,parsed_primary_source,Exact leaf result; protocol variants remain distinct and are not deduplicated by dataset name alone.
titan2025,titan_paper,Supplementary Table 23,tcga-ot,TCGA-OT OncoTree code,morphological_subtyping,oncotree_code,slide,classification,9149,slide_level_classification,balanced_accuracy,titan2025_frozen_logistic_regression,TITAN vision-language,titan-slide,github:mahmoodlab/TITAN@9e34c66ff66445c6c590da0dbf7acc103d39a40b,0.704,reported_error=0.0192,titan2025.tcga-ot.tcga-ot-oncotree-code.titan2025-frozen-logistic-regression.balanced-accuracy,titan2025.tcga-ot.tcga-ot-oncotree-code.titan2025-frozen-logistic-regression.balanced-accuracy,task.tcga-ot.tcga-ot-oncotree-code,artifact.tcga-ot,https://media.springernature.com/original/springer-static/esm/art%3A10.1038%2Fs41591-025-03982-3/MediaObjects/41591_2025_3982_MOESM1_ESM.pdf,paper=TITAN|supplementary_table=23|model=TITAN|evaluator=logistic_regression|metric=balanced_accuracy,26321e4018bec7b80f2fe7ea7cc497139c83b44fb60df5128417623ad1f71a70,machine_parsed_single_primary_source,parsed_primary_source,Exact leaf result; protocol variants remain distinct and are not deduplicated by dataset name alone.
titan2025,titan_paper,Supplementary Table 23,tcga-ot,TCGA-OT OncoTree code,morphological_subtyping,oncotree_code,slide,classification,9149,slide_level_classification,weighted_f1,titan2025_frozen_logistic_regression,TITAN vision-language,titan-slide,github:mahmoodlab/TITAN@9e34c66ff66445c6c590da0dbf7acc103d39a40b,0.764,reported_error=0.0116,titan2025.tcga-ot.tcga-ot-oncotree-code.titan2025-frozen-logistic-regression.weighted-f1,titan2025.tcga-ot.tcga-ot-oncotree-code.titan2025-frozen-logistic-regression.weighted-f1,task.tcga-ot.tcga-ot-oncotree-code,artifact.tcga-ot,https://media.springernature.com/original/springer-static/esm/art%3A10.1038%2Fs41591-025-03982-3/MediaObjects/41591_2025_3982_MOESM1_ESM.pdf,paper=TITAN|supplementary_table=23|model=TITAN|evaluator=logistic_regression|metric=weighted_f1,26321e4018bec7b80f2fe7ea7cc497139c83b44fb60df5128417623ad1f71a70,machine_parsed_single_primary_source,parsed_primary_source,Exact leaf result; protocol variants remain distinct and are not deduplicated by dataset name alone.
titan2025,titan_paper,Supplementary Table 23,tcga-ot,TCGA-OT OncoTree code,morphological_subtyping,oncotree_code,slide,classification,9149,slide_level_classification,balanced_accuracy,titan2025_frozen_simpleshot,TITAN vision-language,titan-slide,github:mahmoodlab/TITAN@9e34c66ff66445c6c590da0dbf7acc103d39a40b,0.744,reported_error=0.0152,titan2025.tcga-ot.tcga-ot-oncotree-code.titan2025-frozen-simpleshot.balanced-accuracy,titan2025.tcga-ot.tcga-ot-oncotree-code.titan2025-frozen-simpleshot.balanced-accuracy,task.tcga-ot.tcga-ot-oncotree-code,artifact.tcga-ot,https://media.springernature.com/original/springer-static/esm/art%3A10.1038%2Fs41591-025-03982-3/MediaObjects/41591_2025_3982_MOESM1_ESM.pdf,paper=TITAN|supplementary_table=23|model=TITAN|evaluator=simpleshot|metric=balanced_accuracy,26321e4018bec7b80f2fe7ea7cc497139c83b44fb60df5128417623ad1f71a70,machine_parsed_single_primary_source,parsed_primary_source,Exact leaf result; protocol variants remain distinct and are not deduplicated by dataset name alone.
titan2025,titan_paper,Supplementary Table 23,tcga-ot,TCGA-OT OncoTree code,morphological_subtyping,oncotree_code,slide,classification,9149,slide_level_classification,weighted_f1,titan2025_frozen_simpleshot,TITAN vision-language,titan-slide,github:mahmoodlab/TITAN@9e34c66ff66445c6c590da0dbf7acc103d39a40b,0.802,reported_error=0.0108,titan2025.tcga-ot.tcga-ot-oncotree-code.titan2025-frozen-simpleshot.weighted-f1,titan2025.tcga-ot.tcga-ot-oncotree-code.titan2025-frozen-simpleshot.weighted-f1,task.tcga-ot.tcga-ot-oncotree-code,artifact.tcga-ot,https://media.springernature.com/original/springer-static/esm/art%3A10.1038%2Fs41591-025-03982-3/MediaObjects/41591_2025_3982_MOESM1_ESM.pdf,paper=TITAN|supplementary_table=23|model=TITAN|evaluator=simpleshot|metric=weighted_f1,26321e4018bec7b80f2fe7ea7cc497139c83b44fb60df5128417623ad1f71a70,machine_parsed_single_primary_source,parsed_primary_source,Exact leaf result; protocol variants remain distinct and are not deduplicated by dataset name alone.
titan2025,titan_paper,Supplementary Table 23,tcga-ot,TCGA-OT OncoTree code,morphological_subtyping,oncotree_code,slide,classification,9149,slide_level_classification,balanced_accuracy,titan2025_frozen_20_nearest_neighbors,TITAN vision-language,titan-slide,github:mahmoodlab/TITAN@9e34c66ff66445c6c590da0dbf7acc103d39a40b,0.685,reported_error=0.0183,titan2025.tcga-ot.tcga-ot-oncotree-code.titan2025-frozen-20-nearest-neighbors.balanced-accuracy,titan2025.tcga-ot.tcga-ot-oncotree-code.titan2025-frozen-20-nearest-neighbors.balanced-accuracy,task.tcga-ot.tcga-ot-oncotree-code,artifact.tcga-ot,https://media.springernature.com/original/springer-static/esm/art%3A10.1038%2Fs41591-025-03982-3/MediaObjects/41591_2025_3982_MOESM1_ESM.pdf,paper=TITAN|supplementary_table=23|model=TITAN|evaluator=20_nearest_neighbors|metric=balanced_accuracy,26321e4018bec7b80f2fe7ea7cc497139c83b44fb60df5128417623ad1f71a70,machine_parsed_single_primary_source,parsed_primary_source,Exact leaf result; protocol variants remain distinct and are not deduplicated by dataset name alone.
titan2025,titan_paper,Supplementary Table 23,tcga-ot,TCGA-OT OncoTree code,morphological_subtyping,oncotree_code,slide,classification,9149,slide_level_classification,weighted_f1,titan2025_frozen_20_nearest_neighbors,TITAN vision-language,titan-slide,github:mahmoodlab/TITAN@9e34c66ff66445c6c590da0dbf7acc103d39a40b,0.774,reported_error=0.0119,titan2025.tcga-ot.tcga-ot-oncotree-code.titan2025-frozen-20-nearest-neighbors.weighted-f1,titan2025.tcga-ot.tcga-ot-oncotree-code.titan2025-frozen-20-nearest-neighbors.weighted-f1,task.tcga-ot.tcga-ot-oncotree-code,artifact.tcga-ot,https://media.springernature.com/original/springer-static/esm/art%3A10.1038%2Fs41591-025-03982-3/MediaObjects/41591_2025_3982_MOESM1_ESM.pdf,paper=TITAN|supplementary_table=23|model=TITAN|evaluator=20_nearest_neighbors|metric=weighted_f1,26321e4018bec7b80f2fe7ea7cc497139c83b44fb60df5128417623ad1f71a70,machine_parsed_single_primary_source,parsed_primary_source,Exact leaf result; protocol variants remain distinct and are not deduplicated by dataset name alone.
titan2025,titan_paper,Supplementary Table 25,ebrains,EBRAINS tumor type,morphological_subtyping,diagnosis,slide,classification,2147,slide_level_classification,balanced_accuracy,titan2025_frozen_logistic_regression,TITAN-V vision-only,titan-v-slide,github:mahmoodlab/TITAN@9e34c66ff66445c6c590da0dbf7acc103d39a40b,0.732,reported_error=0.0208,titan2025.ebrains.ebrains-tumor-type.titan2025-frozen-logistic-regression.balanced-accuracy,titan2025.ebrains.ebrains-tumor-type.titan2025-frozen-logistic-regression.balanced-accuracy,task.ebrains.ebrains-tumor-type,artifact.ebrains,https://media.springernature.com/original/springer-static/esm/art%3A10.1038%2Fs41591-025-03982-3/MediaObjects/41591_2025_3982_MOESM1_ESM.pdf,paper=TITAN|supplementary_table=25|model=TITANV|evaluator=logistic_regression|metric=balanced_accuracy,26321e4018bec7b80f2fe7ea7cc497139c83b44fb60df5128417623ad1f71a70,machine_parsed_single_primary_source,parsed_primary_source,Exact leaf result; protocol variants remain distinct and are not deduplicated by dataset name alone.
titan2025,titan_paper,Supplementary Table 25,ebrains,EBRAINS tumor type,morphological_subtyping,diagnosis,slide,classification,2147,slide_level_classification,weighted_f1,titan2025_frozen_logistic_regression,TITAN-V vision-only,titan-v-slide,github:mahmoodlab/TITAN@9e34c66ff66445c6c590da0dbf7acc103d39a40b,0.785,reported_error=0.0175,titan2025.ebrains.ebrains-tumor-type.titan2025-frozen-logistic-regression.weighted-f1,titan2025.ebrains.ebrains-tumor-type.titan2025-frozen-logistic-regression.weighted-f1,task.ebrains.ebrains-tumor-type,artifact.ebrains,https://media.springernature.com/original/springer-static/esm/art%3A10.1038%2Fs41591-025-03982-3/MediaObjects/41591_2025_3982_MOESM1_ESM.pdf,paper=TITAN|supplementary_table=25|model=TITANV|evaluator=logistic_regression|metric=weighted_f1,26321e4018bec7b80f2fe7ea7cc497139c83b44fb60df5128417623ad1f71a70,machine_parsed_single_primary_source,parsed_primary_source,Exact leaf result; protocol variants remain distinct and are not deduplicated by dataset name alone.
titan2025,titan_paper,Supplementary Table 25,ebrains,EBRAINS tumor type,morphological_subtyping,diagnosis,slide,classification,2147,slide_level_classification,balanced_accuracy,titan2025_frozen_simpleshot,TITAN-V vision-only,titan-v-slide,github:mahmoodlab/TITAN@9e34c66ff66445c6c590da0dbf7acc103d39a40b,0.742,reported_error=0.0192,titan2025.ebrains.ebrains-tumor-type.titan2025-frozen-simpleshot.balanced-accuracy,titan2025.ebrains.ebrains-tumor-type.titan2025-frozen-simpleshot.balanced-accuracy,task.ebrains.ebrains-tumor-type,artifact.ebrains,https://media.springernature.com/original/springer-static/esm/art%3A10.1038%2Fs41591-025-03982-3/MediaObjects/41591_2025_3982_MOESM1_ESM.pdf,paper=TITAN|supplementary_table=25|model=TITANV|evaluator=simpleshot|metric=balanced_accuracy,26321e4018bec7b80f2fe7ea7cc497139c83b44fb60df5128417623ad1f71a70,machine_parsed_single_primary_source,parsed_primary_source,Exact leaf result; protocol variants remain distinct and are not deduplicated by dataset name alone.
titan2025,titan_paper,Supplementary Table 25,ebrains,EBRAINS tumor type,morphological_subtyping,diagnosis,slide,classification,2147,slide_level_classification,weighted_f1,titan2025_frozen_simpleshot,TITAN-V vision-only,titan-v-slide,github:mahmoodlab/TITAN@9e34c66ff66445c6c590da0dbf7acc103d39a40b,0.727,reported_error=0.0182,titan2025.ebrains.ebrains-tumor-type.titan2025-frozen-simpleshot.weighted-f1,titan2025.ebrains.ebrains-tumor-type.titan2025-frozen-simpleshot.weighted-f1,task.ebrains.ebrains-tumor-type,artifact.ebrains,https://media.springernature.com/original/springer-static/esm/art%3A10.1038%2Fs41591-025-03982-3/MediaObjects/41591_2025_3982_MOESM1_ESM.pdf,paper=TITAN|supplementary_table=25|model=TITANV|evaluator=simpleshot|metric=weighted_f1,26321e4018bec7b80f2fe7ea7cc497139c83b44fb60df5128417623ad1f71a70,machine_parsed_single_primary_source,parsed_primary_source,Exact leaf result; protocol variants remain distinct and are not deduplicated by dataset name alone.
titan2025,titan_paper,Supplementary Table 25,ebrains,EBRAINS tumor type,morphological_subtyping,diagnosis,slide,classification,2147,slide_level_classification,balanced_accuracy,titan2025_frozen_20_nearest_neighbors,TITAN-V vision-only,titan-v-slide,github:mahmoodlab/TITAN@9e34c66ff66445c6c590da0dbf7acc103d39a40b,0.656,reported_error=0.0187,titan2025.ebrains.ebrains-tumor-type.titan2025-frozen-20-nearest-neighbors.balanced-accuracy,titan2025.ebrains.ebrains-tumor-type.titan2025-frozen-20-nearest-neighbors.balanced-accuracy,task.ebrains.ebrains-tumor-type,artifact.ebrains,https://media.springernature.com/original/springer-static/esm/art%3A10.1038%2Fs41591-025-03982-3/MediaObjects/41591_2025_3982_MOESM1_ESM.pdf,paper=TITAN|supplementary_table=25|model=TITANV|evaluator=20_nearest_neighbors|metric=balanced_accuracy,26321e4018bec7b80f2fe7ea7cc497139c83b44fb60df5128417623ad1f71a70,machine_parsed_single_primary_source,parsed_primary_source,Exact leaf result; protocol variants remain distinct and are not deduplicated by dataset name alone.
titan2025,titan_paper,Supplementary Table 25,ebrains,EBRAINS tumor type,morphological_subtyping,diagnosis,slide,classification,2147,slide_level_classification,weighted_f1,titan2025_frozen_20_nearest_neighbors,TITAN-V vision-only,titan-v-slide,github:mahmoodlab/TITAN@9e34c66ff66445c6c590da0dbf7acc103d39a40b,0.709,reported_error=0.0199,titan2025.ebrains.ebrains-tumor-type.titan2025-frozen-20-nearest-neighbors.weighted-f1,titan2025.ebrains.ebrains-tumor-type.titan2025-frozen-20-nearest-neighbors.weighted-f1,task.ebrains.ebrains-tumor-type,artifact.ebrains,https://media.springernature.com/original/springer-static/esm/art%3A10.1038%2Fs41591-025-03982-3/MediaObjects/41591_2025_3982_MOESM1_ESM.pdf,paper=TITAN|supplementary_table=25|model=TITANV|evaluator=20_nearest_neighbors|metric=weighted_f1,26321e4018bec7b80f2fe7ea7cc497139c83b44fb60df5128417623ad1f71a70,machine_parsed_single_primary_source,parsed_primary_source,Exact leaf result; protocol variants remain distinct and are not deduplicated by dataset name alone.
titan2025,titan_paper,Supplementary Table 25,ebrains,EBRAINS tumor type,morphological_subtyping,diagnosis,slide,classification,2147,slide_level_classification,balanced_accuracy,titan2025_frozen_logistic_regression,TITAN vision-language,titan-slide,github:mahmoodlab/TITAN@9e34c66ff66445c6c590da0dbf7acc103d39a40b,0.735,reported_error=0.0204,titan2025.ebrains.ebrains-tumor-type.titan2025-frozen-logistic-regression.balanced-accuracy,titan2025.ebrains.ebrains-tumor-type.titan2025-frozen-logistic-regression.balanced-accuracy,task.ebrains.ebrains-tumor-type,artifact.ebrains,https://media.springernature.com/original/springer-static/esm/art%3A10.1038%2Fs41591-025-03982-3/MediaObjects/41591_2025_3982_MOESM1_ESM.pdf,paper=TITAN|supplementary_table=25|model=TITAN|evaluator=logistic_regression|metric=balanced_accuracy,26321e4018bec7b80f2fe7ea7cc497139c83b44fb60df5128417623ad1f71a70,machine_parsed_single_primary_source,parsed_primary_source,Exact leaf result; protocol variants remain distinct and are not deduplicated by dataset name alone.
titan2025,titan_paper,Supplementary Table 25,ebrains,EBRAINS tumor type,morphological_subtyping,diagnosis,slide,classification,2147,slide_level_classification,weighted_f1,titan2025_frozen_logistic_regression,TITAN vision-language,titan-slide,github:mahmoodlab/TITAN@9e34c66ff66445c6c590da0dbf7acc103d39a40b,0.786,reported_error=0.0182,titan2025.ebrains.ebrains-tumor-type.titan2025-frozen-logistic-regression.weighted-f1,titan2025.ebrains.ebrains-tumor-type.titan2025-frozen-logistic-regression.weighted-f1,task.ebrains.ebrains-tumor-type,artifact.ebrains,https://media.springernature.com/original/springer-static/esm/art%3A10.1038%2Fs41591-025-03982-3/MediaObjects/41591_2025_3982_MOESM1_ESM.pdf,paper=TITAN|supplementary_table=25|model=TITAN|evaluator=logistic_regression|metric=weighted_f1,26321e4018bec7b80f2fe7ea7cc497139c83b44fb60df5128417623ad1f71a70,machine_parsed_single_primary_source,parsed_primary_source,Exact leaf result; protocol variants remain distinct and are not deduplicated by dataset name alone.
titan2025,titan_paper,Supplementary Table 25,ebrains,EBRAINS tumor type,morphological_subtyping,diagnosis,slide,classification,2147,slide_level_classification,balanced_accuracy,titan2025_frozen_simpleshot,TITAN vision-language,titan-slide,github:mahmoodlab/TITAN@9e34c66ff66445c6c590da0dbf7acc103d39a40b,0.754,reported_error=0.0203,titan2025.ebrains.ebrains-tumor-type.titan2025-frozen-simpleshot.balanced-accuracy,titan2025.ebrains.ebrains-tumor-type.titan2025-frozen-simpleshot.balanced-accuracy,task.ebrains.ebrains-tumor-type,artifact.ebrains,https://media.springernature.com/original/springer-static/esm/art%3A10.1038%2Fs41591-025-03982-3/MediaObjects/41591_2025_3982_MOESM1_ESM.pdf,paper=TITAN|supplementary_table=25|model=TITAN|evaluator=simpleshot|metric=balanced_accuracy,26321e4018bec7b80f2fe7ea7cc497139c83b44fb60df5128417623ad1f71a70,machine_parsed_single_primary_source,parsed_primary_source,Exact leaf result; protocol variants remain distinct and are not deduplicated by dataset name alone.
titan2025,titan_paper,Supplementary Table 25,ebrains,EBRAINS tumor type,morphological_subtyping,diagnosis,slide,classification,2147,slide_level_classification,weighted_f1,titan2025_frozen_simpleshot,TITAN vision-language,titan-slide,github:mahmoodlab/TITAN@9e34c66ff66445c6c590da0dbf7acc103d39a40b,0.748,reported_error=0.0182,titan2025.ebrains.ebrains-tumor-type.titan2025-frozen-simpleshot.weighted-f1,titan2025.ebrains.ebrains-tumor-type.titan2025-frozen-simpleshot.weighted-f1,task.ebrains.ebrains-tumor-type,artifact.ebrains,https://media.springernature.com/original/springer-static/esm/art%3A10.1038%2Fs41591-025-03982-3/MediaObjects/41591_2025_3982_MOESM1_ESM.pdf,paper=TITAN|supplementary_table=25|model=TITAN|evaluator=simpleshot|metric=weighted_f1,26321e4018bec7b80f2fe7ea7cc497139c83b44fb60df5128417623ad1f71a70,machine_parsed_single_primary_source,parsed_primary_source,Exact leaf result; protocol variants remain distinct and are not deduplicated by dataset name alone.
titan2025,titan_paper,Supplementary Table 25,ebrains,EBRAINS tumor type,morphological_subtyping,diagnosis,slide,classification,2147,slide_level_classification,balanced_accuracy,titan2025_frozen_20_nearest_neighbors,TITAN vision-language,titan-slide,github:mahmoodlab/TITAN@9e34c66ff66445c6c590da0dbf7acc103d39a40b,0.695,reported_error=0.0196,titan2025.ebrains.ebrains-tumor-type.titan2025-frozen-20-nearest-neighbors.balanced-accuracy,titan2025.ebrains.ebrains-tumor-type.titan2025-frozen-20-nearest-neighbors.balanced-accuracy,task.ebrains.ebrains-tumor-type,artifact.ebrains,https://media.springernature.com/original/springer-static/esm/art%3A10.1038%2Fs41591-025-03982-3/MediaObjects/41591_2025_3982_MOESM1_ESM.pdf,paper=TITAN|supplementary_table=25|model=TITAN|evaluator=20_nearest_neighbors|metric=balanced_accuracy,26321e4018bec7b80f2fe7ea7cc497139c83b44fb60df5128417623ad1f71a70,machine_parsed_single_primary_source,parsed_primary_source,Exact leaf result; protocol variants remain distinct and are not deduplicated by dataset name alone.
titan2025,titan_paper,Supplementary Table 25,ebrains,EBRAINS tumor type,morphological_subtyping,diagnosis,slide,classification,2147,slide_level_classification,weighted_f1,titan2025_frozen_20_nearest_neighbors,TITAN vision-language,titan-slide,github:mahmoodlab/TITAN@9e34c66ff66445c6c590da0dbf7acc103d39a40b,0.746,reported_error=0.0200,titan2025.ebrains.ebrains-tumor-type.titan2025-frozen-20-nearest-neighbors.weighted-f1,titan2025.ebrains.ebrains-tumor-type.titan2025-frozen-20-nearest-neighbors.weighted-f1,task.ebrains.ebrains-tumor-type,artifact.ebrains,https://media.springernature.com/original/springer-static/esm/art%3A10.1038%2Fs41591-025-03982-3/MediaObjects/41591_2025_3982_MOESM1_ESM.pdf,paper=TITAN|supplementary_table=25|model=TITAN|evaluator=20_nearest_neighbors|metric=weighted_f1,26321e4018bec7b80f2fe7ea7cc497139c83b44fb60df5128417623ad1f71a70,machine_parsed_single_primary_source,parsed_primary_source,Exact leaf result; protocol variants remain distinct and are not deduplicated by dataset name alone.
titan2025,titan_paper,Supplementary Table 82,tcga-ut-8k,TCGA-UT-8K tumor subtype,morphological_subtyping,tumor_subtype,slide,classification,7784,slide_level_classification,balanced_accuracy,titan2025_1shot_linear_probe,TITAN-V vision-only,titan-v-slide,github:mahmoodlab/TITAN@9e34c66ff66445c6c590da0dbf7acc103d39a40b,0.634,reported_error=0.0389,titan2025.tcga-ut-8k.tcga-ut-8k-tumor-subtype.titan2025-1shot-linear-probe.balanced-accuracy,titan2025.tcga-ut-8k.tcga-ut-8k-tumor-subtype.titan2025-1shot-linear-probe.balanced-accuracy,task.tcga-ut-8k.tcga-ut-8k-tumor-subtype,artifact.tcga-ut-8k,https://media.springernature.com/original/springer-static/esm/art%3A10.1038%2Fs41591-025-03982-3/MediaObjects/41591_2025_3982_MOESM1_ESM.pdf,paper=TITAN|supplementary_table=82|model=TITANV|shots=1|evaluator=linear_probe,26321e4018bec7b80f2fe7ea7cc497139c83b44fb60df5128417623ad1f71a70,machine_parsed_single_primary_source,parsed_primary_source,Exact leaf result; protocol variants remain distinct and are not deduplicated by dataset name alone.
titan2025,titan_paper,Supplementary Table 82,tcga-ut-8k,TCGA-UT-8K tumor subtype,morphological_subtyping,tumor_subtype,slide,classification,7784,slide_level_classification,balanced_accuracy,titan2025_2shot_linear_probe,TITAN-V vision-only,titan-v-slide,github:mahmoodlab/TITAN@9e34c66ff66445c6c590da0dbf7acc103d39a40b,0.723,reported_error=0.0236,titan2025.tcga-ut-8k.tcga-ut-8k-tumor-subtype.titan2025-2shot-linear-probe.balanced-accuracy,titan2025.tcga-ut-8k.tcga-ut-8k-tumor-subtype.titan2025-2shot-linear-probe.balanced-accuracy,task.tcga-ut-8k.tcga-ut-8k-tumor-subtype,artifact.tcga-ut-8k,https://media.springernature.com/original/springer-static/esm/art%3A10.1038%2Fs41591-025-03982-3/MediaObjects/41591_2025_3982_MOESM1_ESM.pdf,paper=TITAN|supplementary_table=82|model=TITANV|shots=2|evaluator=linear_probe,26321e4018bec7b80f2fe7ea7cc497139c83b44fb60df5128417623ad1f71a70,machine_parsed_single_primary_source,parsed_primary_source,Exact leaf result; protocol variants remain distinct and are not deduplicated by dataset name alone.
titan2025,titan_paper,Supplementary Table 82,tcga-ut-8k,TCGA-UT-8K tumor subtype,morphological_subtyping,tumor_subtype,slide,classification,7784,slide_level_classification,balanced_accuracy,titan2025_4shot_linear_probe,TITAN-V vision-only,titan-v-slide,github:mahmoodlab/TITAN@9e34c66ff66445c6c590da0dbf7acc103d39a40b,0.767,reported_error=0.0149,titan2025.tcga-ut-8k.tcga-ut-8k-tumor-subtype.titan2025-4shot-linear-probe.balanced-accuracy,titan2025.tcga-ut-8k.tcga-ut-8k-tumor-subtype.titan2025-4shot-linear-probe.balanced-accuracy,task.tcga-ut-8k.tcga-ut-8k-tumor-subtype,artifact.tcga-ut-8k,https://media.springernature.com/original/springer-static/esm/art%3A10.1038%2Fs41591-025-03982-3/MediaObjects/41591_2025_3982_MOESM1_ESM.pdf,paper=TITAN|supplementary_table=82|model=TITANV|shots=4|evaluator=linear_probe,26321e4018bec7b80f2fe7ea7cc497139c83b44fb60df5128417623ad1f71a70,machine_parsed_single_primary_source,parsed_primary_source,Exact leaf result; protocol variants remain distinct and are not deduplicated by dataset name alone.
titan2025,titan_paper,Supplementary Table 82,tcga-ut-8k,TCGA-UT-8K tumor subtype,morphological_subtyping,tumor_subtype,slide,classification,7784,slide_level_classification,balanced_accuracy,titan2025_8shot_linear_probe,TITAN-V vision-only,titan-v-slide,github:mahmoodlab/TITAN@9e34c66ff66445c6c590da0dbf7acc103d39a40b,0.795,reported_error=0.0118,titan2025.tcga-ut-8k.tcga-ut-8k-tumor-subtype.titan2025-8shot-linear-probe.balanced-accuracy,titan2025.tcga-ut-8k.tcga-ut-8k-tumor-subtype.titan2025-8shot-linear-probe.balanced-accuracy,task.tcga-ut-8k.tcga-ut-8k-tumor-subtype,artifact.tcga-ut-8k,https://media.springernature.com/original/springer-static/esm/art%3A10.1038%2Fs41591-025-03982-3/MediaObjects/41591_2025_3982_MOESM1_ESM.pdf,paper=TITAN|supplementary_table=82|model=TITANV|shots=8|evaluator=linear_probe,26321e4018bec7b80f2fe7ea7cc497139c83b44fb60df5128417623ad1f71a70,machine_parsed_single_primary_source,parsed_primary_source,Exact leaf result; protocol variants remain distinct and are not deduplicated by dataset name alone.
titan2025,titan_paper,Supplementary Table 82,tcga-ut-8k,TCGA-UT-8K tumor subtype,morphological_subtyping,tumor_subtype,slide,classification,7784,slide_level_classification,balanced_accuracy,titan2025_16shot_linear_probe,TITAN-V vision-only,titan-v-slide,github:mahmoodlab/TITAN@9e34c66ff66445c6c590da0dbf7acc103d39a40b,0.810,reported_error=0.0084,titan2025.tcga-ut-8k.tcga-ut-8k-tumor-subtype.titan2025-16shot-linear-probe.balanced-accuracy,titan2025.tcga-ut-8k.tcga-ut-8k-tumor-subtype.titan2025-16shot-linear-probe.balanced-accuracy,task.tcga-ut-8k.tcga-ut-8k-tumor-subtype,artifact.tcga-ut-8k,https://media.springernature.com/original/springer-static/esm/art%3A10.1038%2Fs41591-025-03982-3/MediaObjects/41591_2025_3982_MOESM1_ESM.pdf,paper=TITAN|supplementary_table=82|model=TITANV|shots=16|evaluator=linear_probe,26321e4018bec7b80f2fe7ea7cc497139c83b44fb60df5128417623ad1f71a70,machine_parsed_single_primary_source,parsed_primary_source,Exact leaf result; protocol variants remain distinct and are not deduplicated by dataset name alone.
titan2025,titan_paper,Supplementary Table 82,tcga-ut-8k,TCGA-UT-8K tumor subtype,morphological_subtyping,tumor_subtype,slide,classification,7784,slide_level_classification,balanced_accuracy,titan2025_32shot_linear_probe,TITAN-V vision-only,titan-v-slide,github:mahmoodlab/TITAN@9e34c66ff66445c6c590da0dbf7acc103d39a40b,0.819,reported_error=0.0094,titan2025.tcga-ut-8k.tcga-ut-8k-tumor-subtype.titan2025-32shot-linear-probe.balanced-accuracy,titan2025.tcga-ut-8k.tcga-ut-8k-tumor-subtype.titan2025-32shot-linear-probe.balanced-accuracy,task.tcga-ut-8k.tcga-ut-8k-tumor-subtype,artifact.tcga-ut-8k,https://media.springernature.com/original/springer-static/esm/art%3A10.1038%2Fs41591-025-03982-3/MediaObjects/41591_2025_3982_MOESM1_ESM.pdf,paper=TITAN|supplementary_table=82|model=TITANV|shots=32|evaluator=linear_probe,26321e4018bec7b80f2fe7ea7cc497139c83b44fb60df5128417623ad1f71a70,machine_parsed_single_primary_source,parsed_primary_source,Exact leaf result; protocol variants remain distinct and are not deduplicated by dataset name alone.
titan2025,titan_paper,Supplementary Table 82,tcga-ut-8k,TCGA-UT-8K tumor subtype,morphological_subtyping,tumor_subtype,slide,classification,7784,slide_level_classification,balanced_accuracy,titan2025_1shot_linear_probe,TITAN vision-language,titan-slide,github:mahmoodlab/TITAN@9e34c66ff66445c6c590da0dbf7acc103d39a40b,0.683,reported_error=0.0357,titan2025.tcga-ut-8k.tcga-ut-8k-tumor-subtype.titan2025-1shot-linear-probe.balanced-accuracy,titan2025.tcga-ut-8k.tcga-ut-8k-tumor-subtype.titan2025-1shot-linear-probe.balanced-accuracy,task.tcga-ut-8k.tcga-ut-8k-tumor-subtype,artifact.tcga-ut-8k,https://media.springernature.com/original/springer-static/esm/art%3A10.1038%2Fs41591-025-03982-3/MediaObjects/41591_2025_3982_MOESM1_ESM.pdf,paper=TITAN|supplementary_table=82|model=TITAN|shots=1|evaluator=linear_probe,26321e4018bec7b80f2fe7ea7cc497139c83b44fb60df5128417623ad1f71a70,machine_parsed_single_primary_source,parsed_primary_source,Exact leaf result; protocol variants remain distinct and are not deduplicated by dataset name alone.
titan2025,titan_paper,Supplementary Table 82,tcga-ut-8k,TCGA-UT-8K tumor subtype,morphological_subtyping,tumor_subtype,slide,classification,7784,slide_level_classification,balanced_accuracy,titan2025_2shot_linear_probe,TITAN vision-language,titan-slide,github:mahmoodlab/TITAN@9e34c66ff66445c6c590da0dbf7acc103d39a40b,0.761,reported_error=0.0223,titan2025.tcga-ut-8k.tcga-ut-8k-tumor-subtype.titan2025-2shot-linear-probe.balanced-accuracy,titan2025.tcga-ut-8k.tcga-ut-8k-tumor-subtype.titan2025-2shot-linear-probe.balanced-accuracy,task.tcga-ut-8k.tcga-ut-8k-tumor-subtype,artifact.tcga-ut-8k,https://media.springernature.com/original/springer-static/esm/art%3A10.1038%2Fs41591-025-03982-3/MediaObjects/41591_2025_3982_MOESM1_ESM.pdf,paper=TITAN|supplementary_table=82|model=TITAN|shots=2|evaluator=linear_probe,26321e4018bec7b80f2fe7ea7cc497139c83b44fb60df5128417623ad1f71a70,machine_parsed_single_primary_source,parsed_primary_source,Exact leaf result; protocol variants remain distinct and are not deduplicated by dataset name alone.
titan2025,titan_paper,Supplementary Table 82,tcga-ut-8k,TCGA-UT-8K tumor subtype,morphological_subtyping,tumor_subtype,slide,classification,7784,slide_level_classification,balanced_accuracy,titan2025_4shot_linear_probe,TITAN vision-language,titan-slide,github:mahmoodlab/TITAN@9e34c66ff66445c6c590da0dbf7acc103d39a40b,0.796,reported_error=0.0134,titan2025.tcga-ut-8k.tcga-ut-8k-tumor-subtype.titan2025-4shot-linear-probe.balanced-accuracy,titan2025.tcga-ut-8k.tcga-ut-8k-tumor-subtype.titan2025-4shot-linear-probe.balanced-accuracy,task.tcga-ut-8k.tcga-ut-8k-tumor-subtype,artifact.tcga-ut-8k,https://media.springernature.com/original/springer-static/esm/art%3A10.1038%2Fs41591-025-03982-3/MediaObjects/41591_2025_3982_MOESM1_ESM.pdf,paper=TITAN|supplementary_table=82|model=TITAN|shots=4|evaluator=linear_probe,26321e4018bec7b80f2fe7ea7cc497139c83b44fb60df5128417623ad1f71a70,machine_parsed_single_primary_source,parsed_primary_source,Exact leaf result; protocol variants remain distinct and are not deduplicated by dataset name alone.
titan2025,titan_paper,Supplementary Table 82,tcga-ut-8k,TCGA-UT-8K tumor subtype,morphological_subtyping,tumor_subtype,slide,classification,7784,slide_level_classification,balanced_accuracy,titan2025_8shot_linear_probe,TITAN vision-language,titan-slide,github:mahmoodlab/TITAN@9e34c66ff66445c6c590da0dbf7acc103d39a40b,0.814,reported_error=0.0131,titan2025.tcga-ut-8k.tcga-ut-8k-tumor-subtype.titan2025-8shot-linear-probe.balanced-accuracy,titan2025.tcga-ut-8k.tcga-ut-8k-tumor-subtype.titan2025-8shot-linear-probe.balanced-accuracy,task.tcga-ut-8k.tcga-ut-8k-tumor-subtype,artifact.tcga-ut-8k,https://media.springernature.com/original/springer-static/esm/art%3A10.1038%2Fs41591-025-03982-3/MediaObjects/41591_2025_3982_MOESM1_ESM.pdf,paper=TITAN|supplementary_table=82|model=TITAN|shots=8|evaluator=linear_probe,26321e4018bec7b80f2fe7ea7cc497139c83b44fb60df5128417623ad1f71a70,machine_parsed_single_primary_source,parsed_primary_source,Exact leaf result; protocol variants remain distinct and are not deduplicated by dataset name alone.
titan2025,titan_paper,Supplementary Table 82,tcga-ut-8k,TCGA-UT-8K tumor subtype,morphological_subtyping,tumor_subtype,slide,classification,7784,slide_level_classification,balanced_accuracy,titan2025_16shot_linear_probe,TITAN vision-language,titan-slide,github:mahmoodlab/TITAN@9e34c66ff66445c6c590da0dbf7acc103d39a40b,0.824,reported_error=0.0106,titan2025.tcga-ut-8k.tcga-ut-8k-tumor-subtype.titan2025-16shot-linear-probe.balanced-accuracy,titan2025.tcga-ut-8k.tcga-ut-8k-tumor-subtype.titan2025-16shot-linear-probe.balanced-accuracy,task.tcga-ut-8k.tcga-ut-8k-tumor-subtype,artifact.tcga-ut-8k,https://media.springernature.com/original/springer-static/esm/art%3A10.1038%2Fs41591-025-03982-3/MediaObjects/41591_2025_3982_MOESM1_ESM.pdf,paper=TITAN|supplementary_table=82|model=TITAN|shots=16|evaluator=linear_probe,26321e4018bec7b80f2fe7ea7cc497139c83b44fb60df5128417623ad1f71a70,machine_parsed_single_primary_source,parsed_primary_source,Exact leaf result; protocol variants remain distinct and are not deduplicated by dataset name alone.
titan2025,titan_paper,Supplementary Table 82,tcga-ut-8k,TCGA-UT-8K tumor subtype,morphological_subtyping,tumor_subtype,slide,classification,7784,slide_level_classification,balanced_accuracy,titan2025_32shot_linear_probe,TITAN vision-language,titan-slide,github:mahmoodlab/TITAN@9e34c66ff66445c6c590da0dbf7acc103d39a40b,0.830,reported_error=0.0096,titan2025.tcga-ut-8k.tcga-ut-8k-tumor-subtype.titan2025-32shot-linear-probe.balanced-accuracy,titan2025.tcga-ut-8k.tcga-ut-8k-tumor-subtype.titan2025-32shot-linear-probe.balanced-accuracy,task.tcga-ut-8k.tcga-ut-8k-tumor-subtype,artifact.tcga-ut-8k,https://media.springernature.com/original/springer-static/esm/art%3A10.1038%2Fs41591-025-03982-3/MediaObjects/41591_2025_3982_MOESM1_ESM.pdf,paper=TITAN|supplementary_table=82|model=TITAN|shots=32|evaluator=linear_probe,26321e4018bec7b80f2fe7ea7cc497139c83b44fb60df5128417623ad1f71a70,machine_parsed_single_primary_source,parsed_primary_source,Exact leaf result; protocol variants remain distinct and are not deduplicated by dataset name alone.
titan2025,titan_paper,Supplementary Table 83,tcga-ot,TCGA-OT OncoTree code,morphological_subtyping,oncotree_code,slide,classification,9149,slide_level_classification,balanced_accuracy,titan2025_1shot_linear_probe,TITAN-V vision-only,titan-v-slide,github:mahmoodlab/TITAN@9e34c66ff66445c6c590da0dbf7acc103d39a40b,0.508,reported_error=0.0292,titan2025.tcga-ot.tcga-ot-oncotree-code.titan2025-1shot-linear-probe.balanced-accuracy,titan2025.tcga-ot.tcga-ot-oncotree-code.titan2025-1shot-linear-probe.balanced-accuracy,task.tcga-ot.tcga-ot-oncotree-code,artifact.tcga-ot,https://media.springernature.com/original/springer-static/esm/art%3A10.1038%2Fs41591-025-03982-3/MediaObjects/41591_2025_3982_MOESM1_ESM.pdf,paper=TITAN|supplementary_table=83|model=TITANV|shots=1|evaluator=linear_probe,26321e4018bec7b80f2fe7ea7cc497139c83b44fb60df5128417623ad1f71a70,machine_parsed_single_primary_source,parsed_primary_source,Exact leaf result; protocol variants remain distinct and are not deduplicated by dataset name alone.
titan2025,titan_paper,Supplementary Table 83,tcga-ot,TCGA-OT OncoTree code,morphological_subtyping,oncotree_code,slide,classification,9149,slide_level_classification,balanced_accuracy,titan2025_2shot_linear_probe,TITAN-V vision-only,titan-v-slide,github:mahmoodlab/TITAN@9e34c66ff66445c6c590da0dbf7acc103d39a40b,0.580,reported_error=0.0257,titan2025.tcga-ot.tcga-ot-oncotree-code.titan2025-2shot-linear-probe.balanced-accuracy,titan2025.tcga-ot.tcga-ot-oncotree-code.titan2025-2shot-linear-probe.balanced-accuracy,task.tcga-ot.tcga-ot-oncotree-code,artifact.tcga-ot,https://media.springernature.com/original/springer-static/esm/art%3A10.1038%2Fs41591-025-03982-3/MediaObjects/41591_2025_3982_MOESM1_ESM.pdf,paper=TITAN|supplementary_table=83|model=TITANV|shots=2|evaluator=linear_probe,26321e4018bec7b80f2fe7ea7cc497139c83b44fb60df5128417623ad1f71a70,machine_parsed_single_primary_source,parsed_primary_source,Exact leaf result; protocol variants remain distinct and are not deduplicated by dataset name alone.
titan2025,titan_paper,Supplementary Table 83,tcga-ot,TCGA-OT OncoTree code,morphological_subtyping,oncotree_code,slide,classification,9149,slide_level_classification,balanced_accuracy,titan2025_4shot_linear_probe,TITAN-V vision-only,titan-v-slide,github:mahmoodlab/TITAN@9e34c66ff66445c6c590da0dbf7acc103d39a40b,0.622,reported_error=0.0198,titan2025.tcga-ot.tcga-ot-oncotree-code.titan2025-4shot-linear-probe.balanced-accuracy,titan2025.tcga-ot.tcga-ot-oncotree-code.titan2025-4shot-linear-probe.balanced-accuracy,task.tcga-ot.tcga-ot-oncotree-code,artifact.tcga-ot,https://media.springernature.com/original/springer-static/esm/art%3A10.1038%2Fs41591-025-03982-3/MediaObjects/41591_2025_3982_MOESM1_ESM.pdf,paper=TITAN|supplementary_table=83|model=TITANV|shots=4|evaluator=linear_probe,26321e4018bec7b80f2fe7ea7cc497139c83b44fb60df5128417623ad1f71a70,machine_parsed_single_primary_source,parsed_primary_source,Exact leaf result; protocol variants remain distinct and are not deduplicated by dataset name alone.
titan2025,titan_paper,Supplementary Table 83,tcga-ot,TCGA-OT OncoTree code,morphological_subtyping,oncotree_code,slide,classification,9149,slide_level_classification,balanced_accuracy,titan2025_8shot_linear_probe,TITAN-V vision-only,titan-v-slide,github:mahmoodlab/TITAN@9e34c66ff66445c6c590da0dbf7acc103d39a40b,0.647,reported_error=0.0210,titan2025.tcga-ot.tcga-ot-oncotree-code.titan2025-8shot-linear-probe.balanced-accuracy,titan2025.tcga-ot.tcga-ot-oncotree-code.titan2025-8shot-linear-probe.balanced-accuracy,task.tcga-ot.tcga-ot-oncotree-code,artifact.tcga-ot,https://media.springernature.com/original/springer-static/esm/art%3A10.1038%2Fs41591-025-03982-3/MediaObjects/41591_2025_3982_MOESM1_ESM.pdf,paper=TITAN|supplementary_table=83|model=TITANV|shots=8|evaluator=linear_probe,26321e4018bec7b80f2fe7ea7cc497139c83b44fb60df5128417623ad1f71a70,machine_parsed_single_primary_source,parsed_primary_source,Exact leaf result; protocol variants remain distinct and are not deduplicated by dataset name alone.
titan2025,titan_paper,Supplementary Table 83,tcga-ot,TCGA-OT OncoTree code,morphological_subtyping,oncotree_code,slide,classification,9149,slide_level_classification,balanced_accuracy,titan2025_16shot_linear_probe,TITAN-V vision-only,titan-v-slide,github:mahmoodlab/TITAN@9e34c66ff66445c6c590da0dbf7acc103d39a40b,0.670,reported_error=0.0164,titan2025.tcga-ot.tcga-ot-oncotree-code.titan2025-16shot-linear-probe.balanced-accuracy,titan2025.tcga-ot.tcga-ot-oncotree-code.titan2025-16shot-linear-probe.balanced-accuracy,task.tcga-ot.tcga-ot-oncotree-code,artifact.tcga-ot,https://media.springernature.com/original/springer-static/esm/art%3A10.1038%2Fs41591-025-03982-3/MediaObjects/41591_2025_3982_MOESM1_ESM.pdf,paper=TITAN|supplementary_table=83|model=TITANV|shots=16|evaluator=linear_probe,26321e4018bec7b80f2fe7ea7cc497139c83b44fb60df5128417623ad1f71a70,machine_parsed_single_primary_source,parsed_primary_source,Exact leaf result; protocol variants remain distinct and are not deduplicated by dataset name alone.
titan2025,titan_paper,Supplementary Table 83,tcga-ot,TCGA-OT OncoTree code,morphological_subtyping,oncotree_code,slide,classification,9149,slide_level_classification,balanced_accuracy,titan2025_32shot_linear_probe,TITAN-V vision-only,titan-v-slide,github:mahmoodlab/TITAN@9e34c66ff66445c6c590da0dbf7acc103d39a40b,0.681,reported_error=0.0191,titan2025.tcga-ot.tcga-ot-oncotree-code.titan2025-32shot-linear-probe.balanced-accuracy,titan2025.tcga-ot.tcga-ot-oncotree-code.titan2025-32shot-linear-probe.balanced-accuracy,task.tcga-ot.tcga-ot-oncotree-code,artifact.tcga-ot,https://media.springernature.com/original/springer-static/esm/art%3A10.1038%2Fs41591-025-03982-3/MediaObjects/41591_2025_3982_MOESM1_ESM.pdf,paper=TITAN|supplementary_table=83|model=TITANV|shots=32|evaluator=linear_probe,26321e4018bec7b80f2fe7ea7cc497139c83b44fb60df5128417623ad1f71a70,machine_parsed_single_primary_source,parsed_primary_source,Exact leaf result; protocol variants remain distinct and are not deduplicated by dataset name alone.
titan2025,titan_paper,Supplementary Table 83,tcga-ot,TCGA-OT OncoTree code,morphological_subtyping,oncotree_code,slide,classification,9149,slide_level_classification,balanced_accuracy,titan2025_1shot_linear_probe,TITAN vision-language,titan-slide,github:mahmoodlab/TITAN@9e34c66ff66445c6c590da0dbf7acc103d39a40b,0.566,reported_error=0.0333,titan2025.tcga-ot.tcga-ot-oncotree-code.titan2025-1shot-linear-probe.balanced-accuracy,titan2025.tcga-ot.tcga-ot-oncotree-code.titan2025-1shot-linear-probe.balanced-accuracy,task.tcga-ot.tcga-ot-oncotree-code,artifact.tcga-ot,https://media.springernature.com/original/springer-static/esm/art%3A10.1038%2Fs41591-025-03982-3/MediaObjects/41591_2025_3982_MOESM1_ESM.pdf,paper=TITAN|supplementary_table=83|model=TITAN|shots=1|evaluator=linear_probe,26321e4018bec7b80f2fe7ea7cc497139c83b44fb60df5128417623ad1f71a70,machine_parsed_single_primary_source,parsed_primary_source,Exact leaf result; protocol variants remain distinct and are not deduplicated by dataset name alone.
titan2025,titan_paper,Supplementary Table 83,tcga-ot,TCGA-OT OncoTree code,morphological_subtyping,oncotree_code,slide,classification,9149,slide_level_classification,balanced_accuracy,titan2025_2shot_linear_probe,TITAN vision-language,titan-slide,github:mahmoodlab/TITAN@9e34c66ff66445c6c590da0dbf7acc103d39a40b,0.629,reported_error=0.0239,titan2025.tcga-ot.tcga-ot-oncotree-code.titan2025-2shot-linear-probe.balanced-accuracy,titan2025.tcga-ot.tcga-ot-oncotree-code.titan2025-2shot-linear-probe.balanced-accuracy,task.tcga-ot.tcga-ot-oncotree-code,artifact.tcga-ot,https://media.springernature.com/original/springer-static/esm/art%3A10.1038%2Fs41591-025-03982-3/MediaObjects/41591_2025_3982_MOESM1_ESM.pdf,paper=TITAN|supplementary_table=83|model=TITAN|shots=2|evaluator=linear_probe,26321e4018bec7b80f2fe7ea7cc497139c83b44fb60df5128417623ad1f71a70,machine_parsed_single_primary_source,parsed_primary_source,Exact leaf result; protocol variants remain distinct and are not deduplicated by dataset name alone.
titan2025,titan_paper,Supplementary Table 83,tcga-ot,TCGA-OT OncoTree code,morphological_subtyping,oncotree_code,slide,classification,9149,slide_level_classification,balanced_accuracy,titan2025_4shot_linear_probe,TITAN vision-language,titan-slide,github:mahmoodlab/TITAN@9e34c66ff66445c6c590da0dbf7acc103d39a40b,0.667,reported_error=0.0196,titan2025.tcga-ot.tcga-ot-oncotree-code.titan2025-4shot-linear-probe.balanced-accuracy,titan2025.tcga-ot.tcga-ot-oncotree-code.titan2025-4shot-linear-probe.balanced-accuracy,task.tcga-ot.tcga-ot-oncotree-code,artifact.tcga-ot,https://media.springernature.com/original/springer-static/esm/art%3A10.1038%2Fs41591-025-03982-3/MediaObjects/41591_2025_3982_MOESM1_ESM.pdf,paper=TITAN|supplementary_table=83|model=TITAN|shots=4|evaluator=linear_probe,26321e4018bec7b80f2fe7ea7cc497139c83b44fb60df5128417623ad1f71a70,machine_parsed_single_primary_source,parsed_primary_source,Exact leaf result; protocol variants remain distinct and are not deduplicated by dataset name alone.
titan2025,titan_paper,Supplementary Table 83,tcga-ot,TCGA-OT OncoTree code,morphological_subtyping,oncotree_code,slide,classification,9149,slide_level_classification,balanced_accuracy,titan2025_8shot_linear_probe,TITAN vision-language,titan-slide,github:mahmoodlab/TITAN@9e34c66ff66445c6c590da0dbf7acc103d39a40b,0.687,reported_error=0.0207,titan2025.tcga-ot.tcga-ot-oncotree-code.titan2025-8shot-linear-probe.balanced-accuracy,titan2025.tcga-ot.tcga-ot-oncotree-code.titan2025-8shot-linear-probe.balanced-accuracy,task.tcga-ot.tcga-ot-oncotree-code,artifact.tcga-ot,https://media.springernature.com/original/springer-static/esm/art%3A10.1038%2Fs41591-025-03982-3/MediaObjects/41591_2025_3982_MOESM1_ESM.pdf,paper=TITAN|supplementary_table=83|model=TITAN|shots=8|evaluator=linear_probe,26321e4018bec7b80f2fe7ea7cc497139c83b44fb60df5128417623ad1f71a70,machine_parsed_single_primary_source,parsed_primary_source,Exact leaf result; protocol variants remain distinct and are not deduplicated by dataset name alone.
titan2025,titan_paper,Supplementary Table 83,tcga-ot,TCGA-OT OncoTree code,morphological_subtyping,oncotree_code,slide,classification,9149,slide_level_classification,balanced_accuracy,titan2025_16shot_linear_probe,TITAN vision-language,titan-slide,github:mahmoodlab/TITAN@9e34c66ff66445c6c590da0dbf7acc103d39a40b,0.701,reported_error=0.0191,titan2025.tcga-ot.tcga-ot-oncotree-code.titan2025-16shot-linear-probe.balanced-accuracy,titan2025.tcga-ot.tcga-ot-oncotree-code.titan2025-16shot-linear-probe.balanced-accuracy,task.tcga-ot.tcga-ot-oncotree-code,artifact.tcga-ot,https://media.springernature.com/original/springer-static/esm/art%3A10.1038%2Fs41591-025-03982-3/MediaObjects/41591_2025_3982_MOESM1_ESM.pdf,paper=TITAN|supplementary_table=83|model=TITAN|shots=16|evaluator=linear_probe,26321e4018bec7b80f2fe7ea7cc497139c83b44fb60df5128417623ad1f71a70,machine_parsed_single_primary_source,parsed_primary_source,Exact leaf result; protocol variants remain distinct and are not deduplicated by dataset name alone.
titan2025,titan_paper,Supplementary Table 83,tcga-ot,TCGA-OT OncoTree code,morphological_subtyping,oncotree_code,slide,classification,9149,slide_level_classification,balanced_accuracy,titan2025_32shot_linear_probe,TITAN vision-language,titan-slide,github:mahmoodlab/TITAN@9e34c66ff66445c6c590da0dbf7acc103d39a40b,0.702,reported_error=0.0164,titan2025.tcga-ot.tcga-ot-oncotree-code.titan2025-32shot-linear-probe.balanced-accuracy,titan2025.tcga-ot.tcga-ot-oncotree-code.titan2025-32shot-linear-probe.balanced-accuracy,task.tcga-ot.tcga-ot-oncotree-code,artifact.tcga-ot,https://media.springernature.com/original/springer-static/esm/art%3A10.1038%2Fs41591-025-03982-3/MediaObjects/41591_2025_3982_MOESM1_ESM.pdf,paper=TITAN|supplementary_table=83|model=TITAN|shots=32|evaluator=linear_probe,26321e4018bec7b80f2fe7ea7cc497139c83b44fb60df5128417623ad1f71a70,machine_parsed_single_primary_source,parsed_primary_source,Exact leaf result; protocol variants remain distinct and are not deduplicated by dataset name alone.
titan2025,titan_paper,Supplementary Table 85,ebrains,EBRAINS tumor type,morphological_subtyping,diagnosis,slide,classification,2147,slide_level_classification,balanced_accuracy,titan2025_1shot_linear_probe,TITAN-V vision-only,titan-v-slide,github:mahmoodlab/TITAN@9e34c66ff66445c6c590da0dbf7acc103d39a40b,0.489,reported_error=0.0261,titan2025.ebrains.ebrains-tumor-type.titan2025-1shot-linear-probe.balanced-accuracy,titan2025.ebrains.ebrains-tumor-type.titan2025-1shot-linear-probe.balanced-accuracy,task.ebrains.ebrains-tumor-type,artifact.ebrains,https://media.springernature.com/original/springer-static/esm/art%3A10.1038%2Fs41591-025-03982-3/MediaObjects/41591_2025_3982_MOESM1_ESM.pdf,paper=TITAN|supplementary_table=85|model=TITANV|shots=1|evaluator=linear_probe,26321e4018bec7b80f2fe7ea7cc497139c83b44fb60df5128417623ad1f71a70,machine_parsed_single_primary_source,parsed_primary_source,Exact leaf result; protocol variants remain distinct and are not deduplicated by dataset name alone.
titan2025,titan_paper,Supplementary Table 85,ebrains,EBRAINS tumor type,morphological_subtyping,diagnosis,slide,classification,2147,slide_level_classification,balanced_accuracy,titan2025_2shot_linear_probe,TITAN-V vision-only,titan-v-slide,github:mahmoodlab/TITAN@9e34c66ff66445c6c590da0dbf7acc103d39a40b,0.568,reported_error=0.0208,titan2025.ebrains.ebrains-tumor-type.titan2025-2shot-linear-probe.balanced-accuracy,titan2025.ebrains.ebrains-tumor-type.titan2025-2shot-linear-probe.balanced-accuracy,task.ebrains.ebrains-tumor-type,artifact.ebrains,https://media.springernature.com/original/springer-static/esm/art%3A10.1038%2Fs41591-025-03982-3/MediaObjects/41591_2025_3982_MOESM1_ESM.pdf,paper=TITAN|supplementary_table=85|model=TITANV|shots=2|evaluator=linear_probe,26321e4018bec7b80f2fe7ea7cc497139c83b44fb60df5128417623ad1f71a70,machine_parsed_single_primary_source,parsed_primary_source,Exact leaf result; protocol variants remain distinct and are not deduplicated by dataset name alone.
titan2025,titan_paper,Supplementary Table 85,ebrains,EBRAINS tumor type,morphological_subtyping,diagnosis,slide,classification,2147,slide_level_classification,balanced_accuracy,titan2025_4shot_linear_probe,TITAN-V vision-only,titan-v-slide,github:mahmoodlab/TITAN@9e34c66ff66445c6c590da0dbf7acc103d39a40b,0.627,reported_error=0.0195,titan2025.ebrains.ebrains-tumor-type.titan2025-4shot-linear-probe.balanced-accuracy,titan2025.ebrains.ebrains-tumor-type.titan2025-4shot-linear-probe.balanced-accuracy,task.ebrains.ebrains-tumor-type,artifact.ebrains,https://media.springernature.com/original/springer-static/esm/art%3A10.1038%2Fs41591-025-03982-3/MediaObjects/41591_2025_3982_MOESM1_ESM.pdf,paper=TITAN|supplementary_table=85|model=TITANV|shots=4|evaluator=linear_probe,26321e4018bec7b80f2fe7ea7cc497139c83b44fb60df5128417623ad1f71a70,machine_parsed_single_primary_source,parsed_primary_source,Exact leaf result; protocol variants remain distinct and are not deduplicated by dataset name alone.
titan2025,titan_paper,Supplementary Table 85,ebrains,EBRAINS tumor type,morphological_subtyping,diagnosis,slide,classification,2147,slide_level_classification,balanced_accuracy,titan2025_8shot_linear_probe,TITAN-V vision-only,titan-v-slide,github:mahmoodlab/TITAN@9e34c66ff66445c6c590da0dbf7acc103d39a40b,0.672,reported_error=0.0184,titan2025.ebrains.ebrains-tumor-type.titan2025-8shot-linear-probe.balanced-accuracy,titan2025.ebrains.ebrains-tumor-type.titan2025-8shot-linear-probe.balanced-accuracy,task.ebrains.ebrains-tumor-type,artifact.ebrains,https://media.springernature.com/original/springer-static/esm/art%3A10.1038%2Fs41591-025-03982-3/MediaObjects/41591_2025_3982_MOESM1_ESM.pdf,paper=TITAN|supplementary_table=85|model=TITANV|shots=8|evaluator=linear_probe,26321e4018bec7b80f2fe7ea7cc497139c83b44fb60df5128417623ad1f71a70,machine_parsed_single_primary_source,parsed_primary_source,Exact leaf result; protocol variants remain distinct and are not deduplicated by dataset name alone.
titan2025,titan_paper,Supplementary Table 85,ebrains,EBRAINS tumor type,morphological_subtyping,diagnosis,slide,classification,2147,slide_level_classification,balanced_accuracy,titan2025_16shot_linear_probe,TITAN-V vision-only,titan-v-slide,github:mahmoodlab/TITAN@9e34c66ff66445c6c590da0dbf7acc103d39a40b,0.708,reported_error=0.0154,titan2025.ebrains.ebrains-tumor-type.titan2025-16shot-linear-probe.balanced-accuracy,titan2025.ebrains.ebrains-tumor-type.titan2025-16shot-linear-probe.balanced-accuracy,task.ebrains.ebrains-tumor-type,artifact.ebrains,https://media.springernature.com/original/springer-static/esm/art%3A10.1038%2Fs41591-025-03982-3/MediaObjects/41591_2025_3982_MOESM1_ESM.pdf,paper=TITAN|supplementary_table=85|model=TITANV|shots=16|evaluator=linear_probe,26321e4018bec7b80f2fe7ea7cc497139c83b44fb60df5128417623ad1f71a70,machine_parsed_single_primary_source,parsed_primary_source,Exact leaf result; protocol variants remain distinct and are not deduplicated by dataset name alone.
titan2025,titan_paper,Supplementary Table 85,ebrains,EBRAINS tumor type,morphological_subtyping,diagnosis,slide,classification,2147,slide_level_classification,balanced_accuracy,titan2025_32shot_linear_probe,TITAN-V vision-only,titan-v-slide,github:mahmoodlab/TITAN@9e34c66ff66445c6c590da0dbf7acc103d39a40b,0.730,reported_error=0.0114,titan2025.ebrains.ebrains-tumor-type.titan2025-32shot-linear-probe.balanced-accuracy,titan2025.ebrains.ebrains-tumor-type.titan2025-32shot-linear-probe.balanced-accuracy,task.ebrains.ebrains-tumor-type,artifact.ebrains,https://media.springernature.com/original/springer-static/esm/art%3A10.1038%2Fs41591-025-03982-3/MediaObjects/41591_2025_3982_MOESM1_ESM.pdf,paper=TITAN|supplementary_table=85|model=TITANV|shots=32|evaluator=linear_probe,26321e4018bec7b80f2fe7ea7cc497139c83b44fb60df5128417623ad1f71a70,machine_parsed_single_primary_source,parsed_primary_source,Exact leaf result; protocol variants remain distinct and are not deduplicated by dataset name alone.
titan2025,titan_paper,Supplementary Table 85,ebrains,EBRAINS tumor type,morphological_subtyping,diagnosis,slide,classification,2147,slide_level_classification,balanced_accuracy,titan2025_1shot_linear_probe,TITAN vision-language,titan-slide,github:mahmoodlab/TITAN@9e34c66ff66445c6c590da0dbf7acc103d39a40b,0.535,reported_error=0.0303,titan2025.ebrains.ebrains-tumor-type.titan2025-1shot-linear-probe.balanced-accuracy,titan2025.ebrains.ebrains-tumor-type.titan2025-1shot-linear-probe.balanced-accuracy,task.ebrains.ebrains-tumor-type,artifact.ebrains,https://media.springernature.com/original/springer-static/esm/art%3A10.1038%2Fs41591-025-03982-3/MediaObjects/41591_2025_3982_MOESM1_ESM.pdf,paper=TITAN|supplementary_table=85|model=TITAN|shots=1|evaluator=linear_probe,26321e4018bec7b80f2fe7ea7cc497139c83b44fb60df5128417623ad1f71a70,machine_parsed_single_primary_source,parsed_primary_source,Exact leaf result; protocol variants remain distinct and are not deduplicated by dataset name alone.
titan2025,titan_paper,Supplementary Table 85,ebrains,EBRAINS tumor type,morphological_subtyping,diagnosis,slide,classification,2147,slide_level_classification,balanced_accuracy,titan2025_2shot_linear_probe,TITAN vision-language,titan-slide,github:mahmoodlab/TITAN@9e34c66ff66445c6c590da0dbf7acc103d39a40b,0.609,reported_error=0.0255,titan2025.ebrains.ebrains-tumor-type.titan2025-2shot-linear-probe.balanced-accuracy,titan2025.ebrains.ebrains-tumor-type.titan2025-2shot-linear-probe.balanced-accuracy,task.ebrains.ebrains-tumor-type,artifact.ebrains,https://media.springernature.com/original/springer-static/esm/art%3A10.1038%2Fs41591-025-03982-3/MediaObjects/41591_2025_3982_MOESM1_ESM.pdf,paper=TITAN|supplementary_table=85|model=TITAN|shots=2|evaluator=linear_probe,26321e4018bec7b80f2fe7ea7cc497139c83b44fb60df5128417623ad1f71a70,machine_parsed_single_primary_source,parsed_primary_source,Exact leaf result; protocol variants remain distinct and are not deduplicated by dataset name alone.
titan2025,titan_paper,Supplementary Table 85,ebrains,EBRAINS tumor type,morphological_subtyping,diagnosis,slide,classification,2147,slide_level_classification,balanced_accuracy,titan2025_4shot_linear_probe,TITAN vision-language,titan-slide,github:mahmoodlab/TITAN@9e34c66ff66445c6c590da0dbf7acc103d39a40b,0.660,reported_error=0.0206,titan2025.ebrains.ebrains-tumor-type.titan2025-4shot-linear-probe.balanced-accuracy,titan2025.ebrains.ebrains-tumor-type.titan2025-4shot-linear-probe.balanced-accuracy,task.ebrains.ebrains-tumor-type,artifact.ebrains,https://media.springernature.com/original/springer-static/esm/art%3A10.1038%2Fs41591-025-03982-3/MediaObjects/41591_2025_3982_MOESM1_ESM.pdf,paper=TITAN|supplementary_table=85|model=TITAN|shots=4|evaluator=linear_probe,26321e4018bec7b80f2fe7ea7cc497139c83b44fb60df5128417623ad1f71a70,machine_parsed_single_primary_source,parsed_primary_source,Exact leaf result; protocol variants remain distinct and are not deduplicated by dataset name alone.
titan2025,titan_paper,Supplementary Table 85,ebrains,EBRAINS tumor type,morphological_subtyping,diagnosis,slide,classification,2147,slide_level_classification,balanced_accuracy,titan2025_8shot_linear_probe,TITAN vision-language,titan-slide,github:mahmoodlab/TITAN@9e34c66ff66445c6c590da0dbf7acc103d39a40b,0.695,reported_error=0.0149,titan2025.ebrains.ebrains-tumor-type.titan2025-8shot-linear-probe.balanced-accuracy,titan2025.ebrains.ebrains-tumor-type.titan2025-8shot-linear-probe.balanced-accuracy,task.ebrains.ebrains-tumor-type,artifact.ebrains,https://media.springernature.com/original/springer-static/esm/art%3A10.1038%2Fs41591-025-03982-3/MediaObjects/41591_2025_3982_MOESM1_ESM.pdf,paper=TITAN|supplementary_table=85|model=TITAN|shots=8|evaluator=linear_probe,26321e4018bec7b80f2fe7ea7cc497139c83b44fb60df5128417623ad1f71a70,machine_parsed_single_primary_source,parsed_primary_source,Exact leaf result; protocol variants remain distinct and are not deduplicated by dataset name alone.
titan2025,titan_paper,Supplementary Table 85,ebrains,EBRAINS tumor type,morphological_subtyping,diagnosis,slide,classification,2147,slide_level_classification,balanced_accuracy,titan2025_16shot_linear_probe,TITAN vision-language,titan-slide,github:mahmoodlab/TITAN@9e34c66ff66445c6c590da0dbf7acc103d39a40b,0.724,reported_error=0.0146,titan2025.ebrains.ebrains-tumor-type.titan2025-16shot-linear-probe.balanced-accuracy,titan2025.ebrains.ebrains-tumor-type.titan2025-16shot-linear-probe.balanced-accuracy,task.ebrains.ebrains-tumor-type,artifact.ebrains,https://media.springernature.com/original/springer-static/esm/art%3A10.1038%2Fs41591-025-03982-3/MediaObjects/41591_2025_3982_MOESM1_ESM.pdf,paper=TITAN|supplementary_table=85|model=TITAN|shots=16|evaluator=linear_probe,26321e4018bec7b80f2fe7ea7cc497139c83b44fb60df5128417623ad1f71a70,machine_parsed_single_primary_source,parsed_primary_source,Exact leaf result; protocol variants remain distinct and are not deduplicated by dataset name alone.
titan2025,titan_paper,Supplementary Table 85,ebrains,EBRAINS tumor type,morphological_subtyping,diagnosis,slide,classification,2147,slide_level_classification,balanced_accuracy,titan2025_32shot_linear_probe,TITAN vision-language,titan-slide,github:mahmoodlab/TITAN@9e34c66ff66445c6c590da0dbf7acc103d39a40b,0.733,reported_error=0.0127,titan2025.ebrains.ebrains-tumor-type.titan2025-32shot-linear-probe.balanced-accuracy,titan2025.ebrains.ebrains-tumor-type.titan2025-32shot-linear-probe.balanced-accuracy,task.ebrains.ebrains-tumor-type,artifact.ebrains,https://media.springernature.com/original/springer-static/esm/art%3A10.1038%2Fs41591-025-03982-3/MediaObjects/41591_2025_3982_MOESM1_ESM.pdf,paper=TITAN|supplementary_table=85|model=TITAN|shots=32|evaluator=linear_probe,26321e4018bec7b80f2fe7ea7cc497139c83b44fb60df5128417623ad1f71a70,machine_parsed_single_primary_source,parsed_primary_source,Exact leaf result; protocol variants remain distinct and are not deduplicated by dataset name alone.
titan2025,titan_paper,Supplementary Table 86,tcga-ut-8k,TCGA-UT-8K tumor subtype,morphological_subtyping,tumor_subtype,slide,classification,7784,slide_level_classification,balanced_accuracy,titan2025_1shot_simpleshot,TITAN-V vision-only,titan-v-slide,github:mahmoodlab/TITAN@9e34c66ff66445c6c590da0dbf7acc103d39a40b,0.639,reported_error=0.0385,titan2025.tcga-ut-8k.tcga-ut-8k-tumor-subtype.titan2025-1shot-simpleshot.balanced-accuracy,titan2025.tcga-ut-8k.tcga-ut-8k-tumor-subtype.titan2025-1shot-simpleshot.balanced-accuracy,task.tcga-ut-8k.tcga-ut-8k-tumor-subtype,artifact.tcga-ut-8k,https://media.springernature.com/original/springer-static/esm/art%3A10.1038%2Fs41591-025-03982-3/MediaObjects/41591_2025_3982_MOESM1_ESM.pdf,paper=TITAN|supplementary_table=86|model=TITANV|shots=1|evaluator=simpleshot,26321e4018bec7b80f2fe7ea7cc497139c83b44fb60df5128417623ad1f71a70,machine_parsed_single_primary_source,parsed_primary_source,Exact leaf result; protocol variants remain distinct and are not deduplicated by dataset name alone.
titan2025,titan_paper,Supplementary Table 86,tcga-ut-8k,TCGA-UT-8K tumor subtype,morphological_subtyping,tumor_subtype,slide,classification,7784,slide_level_classification,balanced_accuracy,titan2025_2shot_simpleshot,TITAN-V vision-only,titan-v-slide,github:mahmoodlab/TITAN@9e34c66ff66445c6c590da0dbf7acc103d39a40b,0.727,reported_error=0.0243,titan2025.tcga-ut-8k.tcga-ut-8k-tumor-subtype.titan2025-2shot-simpleshot.balanced-accuracy,titan2025.tcga-ut-8k.tcga-ut-8k-tumor-subtype.titan2025-2shot-simpleshot.balanced-accuracy,task.tcga-ut-8k.tcga-ut-8k-tumor-subtype,artifact.tcga-ut-8k,https://media.springernature.com/original/springer-static/esm/art%3A10.1038%2Fs41591-025-03982-3/MediaObjects/41591_2025_3982_MOESM1_ESM.pdf,paper=TITAN|supplementary_table=86|model=TITANV|shots=2|evaluator=simpleshot,26321e4018bec7b80f2fe7ea7cc497139c83b44fb60df5128417623ad1f71a70,machine_parsed_single_primary_source,parsed_primary_source,Exact leaf result; protocol variants remain distinct and are not deduplicated by dataset name alone.
titan2025,titan_paper,Supplementary Table 86,tcga-ut-8k,TCGA-UT-8K tumor subtype,morphological_subtyping,tumor_subtype,slide,classification,7784,slide_level_classification,balanced_accuracy,titan2025_4shot_simpleshot,TITAN-V vision-only,titan-v-slide,github:mahmoodlab/TITAN@9e34c66ff66445c6c590da0dbf7acc103d39a40b,0.776,reported_error=0.0155,titan2025.tcga-ut-8k.tcga-ut-8k-tumor-subtype.titan2025-4shot-simpleshot.balanced-accuracy,titan2025.tcga-ut-8k.tcga-ut-8k-tumor-subtype.titan2025-4shot-simpleshot.balanced-accuracy,task.tcga-ut-8k.tcga-ut-8k-tumor-subtype,artifact.tcga-ut-8k,https://media.springernature.com/original/springer-static/esm/art%3A10.1038%2Fs41591-025-03982-3/MediaObjects/41591_2025_3982_MOESM1_ESM.pdf,paper=TITAN|supplementary_table=86|model=TITANV|shots=4|evaluator=simpleshot,26321e4018bec7b80f2fe7ea7cc497139c83b44fb60df5128417623ad1f71a70,machine_parsed_single_primary_source,parsed_primary_source,Exact leaf result; protocol variants remain distinct and are not deduplicated by dataset name alone.
titan2025,titan_paper,Supplementary Table 86,tcga-ut-8k,TCGA-UT-8K tumor subtype,morphological_subtyping,tumor_subtype,slide,classification,7784,slide_level_classification,balanced_accuracy,titan2025_8shot_simpleshot,TITAN-V vision-only,titan-v-slide,github:mahmoodlab/TITAN@9e34c66ff66445c6c590da0dbf7acc103d39a40b,0.798,reported_error=0.0122,titan2025.tcga-ut-8k.tcga-ut-8k-tumor-subtype.titan2025-8shot-simpleshot.balanced-accuracy,titan2025.tcga-ut-8k.tcga-ut-8k-tumor-subtype.titan2025-8shot-simpleshot.balanced-accuracy,task.tcga-ut-8k.tcga-ut-8k-tumor-subtype,artifact.tcga-ut-8k,https://media.springernature.com/original/springer-static/esm/art%3A10.1038%2Fs41591-025-03982-3/MediaObjects/41591_2025_3982_MOESM1_ESM.pdf,paper=TITAN|supplementary_table=86|model=TITANV|shots=8|evaluator=simpleshot,26321e4018bec7b80f2fe7ea7cc497139c83b44fb60df5128417623ad1f71a70,machine_parsed_single_primary_source,parsed_primary_source,Exact leaf result; protocol variants remain distinct and are not deduplicated by dataset name alone.
titan2025,titan_paper,Supplementary Table 86,tcga-ut-8k,TCGA-UT-8K tumor subtype,morphological_subtyping,tumor_subtype,slide,classification,7784,slide_level_classification,balanced_accuracy,titan2025_16shot_simpleshot,TITAN-V vision-only,titan-v-slide,github:mahmoodlab/TITAN@9e34c66ff66445c6c590da0dbf7acc103d39a40b,0.809,reported_error=0.0094,titan2025.tcga-ut-8k.tcga-ut-8k-tumor-subtype.titan2025-16shot-simpleshot.balanced-accuracy,titan2025.tcga-ut-8k.tcga-ut-8k-tumor-subtype.titan2025-16shot-simpleshot.balanced-accuracy,task.tcga-ut-8k.tcga-ut-8k-tumor-subtype,artifact.tcga-ut-8k,https://media.springernature.com/original/springer-static/esm/art%3A10.1038%2Fs41591-025-03982-3/MediaObjects/41591_2025_3982_MOESM1_ESM.pdf,paper=TITAN|supplementary_table=86|model=TITANV|shots=16|evaluator=simpleshot,26321e4018bec7b80f2fe7ea7cc497139c83b44fb60df5128417623ad1f71a70,machine_parsed_single_primary_source,parsed_primary_source,Exact leaf result; protocol variants remain distinct and are not deduplicated by dataset name alone.
titan2025,titan_paper,Supplementary Table 86,tcga-ut-8k,TCGA-UT-8K tumor subtype,morphological_subtyping,tumor_subtype,slide,classification,7784,slide_level_classification,balanced_accuracy,titan2025_32shot_simpleshot,TITAN-V vision-only,titan-v-slide,github:mahmoodlab/TITAN@9e34c66ff66445c6c590da0dbf7acc103d39a40b,0.816,reported_error=0.0100,titan2025.tcga-ut-8k.tcga-ut-8k-tumor-subtype.titan2025-32shot-simpleshot.balanced-accuracy,titan2025.tcga-ut-8k.tcga-ut-8k-tumor-subtype.titan2025-32shot-simpleshot.balanced-accuracy,task.tcga-ut-8k.tcga-ut-8k-tumor-subtype,artifact.tcga-ut-8k,https://media.springernature.com/original/springer-static/esm/art%3A10.1038%2Fs41591-025-03982-3/MediaObjects/41591_2025_3982_MOESM1_ESM.pdf,paper=TITAN|supplementary_table=86|model=TITANV|shots=32|evaluator=simpleshot,26321e4018bec7b80f2fe7ea7cc497139c83b44fb60df5128417623ad1f71a70,machine_parsed_single_primary_source,parsed_primary_source,Exact leaf result; protocol variants remain distinct and are not deduplicated by dataset name alone.
titan2025,titan_paper,Supplementary Table 86,tcga-ut-8k,TCGA-UT-8K tumor subtype,morphological_subtyping,tumor_subtype,slide,classification,7784,slide_level_classification,balanced_accuracy,titan2025_1shot_simpleshot,TITAN vision-language,titan-slide,github:mahmoodlab/TITAN@9e34c66ff66445c6c590da0dbf7acc103d39a40b,0.684,reported_error=0.0366,titan2025.tcga-ut-8k.tcga-ut-8k-tumor-subtype.titan2025-1shot-simpleshot.balanced-accuracy,titan2025.tcga-ut-8k.tcga-ut-8k-tumor-subtype.titan2025-1shot-simpleshot.balanced-accuracy,task.tcga-ut-8k.tcga-ut-8k-tumor-subtype,artifact.tcga-ut-8k,https://media.springernature.com/original/springer-static/esm/art%3A10.1038%2Fs41591-025-03982-3/MediaObjects/41591_2025_3982_MOESM1_ESM.pdf,paper=TITAN|supplementary_table=86|model=TITAN|shots=1|evaluator=simpleshot,26321e4018bec7b80f2fe7ea7cc497139c83b44fb60df5128417623ad1f71a70,machine_parsed_single_primary_source,parsed_primary_source,Exact leaf result; protocol variants remain distinct and are not deduplicated by dataset name alone.
titan2025,titan_paper,Supplementary Table 86,tcga-ut-8k,TCGA-UT-8K tumor subtype,morphological_subtyping,tumor_subtype,slide,classification,7784,slide_level_classification,balanced_accuracy,titan2025_2shot_simpleshot,TITAN vision-language,titan-slide,github:mahmoodlab/TITAN@9e34c66ff66445c6c590da0dbf7acc103d39a40b,0.767,reported_error=0.0232,titan2025.tcga-ut-8k.tcga-ut-8k-tumor-subtype.titan2025-2shot-simpleshot.balanced-accuracy,titan2025.tcga-ut-8k.tcga-ut-8k-tumor-subtype.titan2025-2shot-simpleshot.balanced-accuracy,task.tcga-ut-8k.tcga-ut-8k-tumor-subtype,artifact.tcga-ut-8k,https://media.springernature.com/original/springer-static/esm/art%3A10.1038%2Fs41591-025-03982-3/MediaObjects/41591_2025_3982_MOESM1_ESM.pdf,paper=TITAN|supplementary_table=86|model=TITAN|shots=2|evaluator=simpleshot,26321e4018bec7b80f2fe7ea7cc497139c83b44fb60df5128417623ad1f71a70,machine_parsed_single_primary_source,parsed_primary_source,Exact leaf result; protocol variants remain distinct and are not deduplicated by dataset name alone.
titan2025,titan_paper,Supplementary Table 86,tcga-ut-8k,TCGA-UT-8K tumor subtype,morphological_subtyping,tumor_subtype,slide,classification,7784,slide_level_classification,balanced_accuracy,titan2025_4shot_simpleshot,TITAN vision-language,titan-slide,github:mahmoodlab/TITAN@9e34c66ff66445c6c590da0dbf7acc103d39a40b,0.808,reported_error=0.0133,titan2025.tcga-ut-8k.tcga-ut-8k-tumor-subtype.titan2025-4shot-simpleshot.balanced-accuracy,titan2025.tcga-ut-8k.tcga-ut-8k-tumor-subtype.titan2025-4shot-simpleshot.balanced-accuracy,task.tcga-ut-8k.tcga-ut-8k-tumor-subtype,artifact.tcga-ut-8k,https://media.springernature.com/original/springer-static/esm/art%3A10.1038%2Fs41591-025-03982-3/MediaObjects/41591_2025_3982_MOESM1_ESM.pdf,paper=TITAN|supplementary_table=86|model=TITAN|shots=4|evaluator=simpleshot,26321e4018bec7b80f2fe7ea7cc497139c83b44fb60df5128417623ad1f71a70,machine_parsed_single_primary_source,parsed_primary_source,Exact leaf result; protocol variants remain distinct and are not deduplicated by dataset name alone.
titan2025,titan_paper,Supplementary Table 86,tcga-ut-8k,TCGA-UT-8K tumor subtype,morphological_subtyping,tumor_subtype,slide,classification,7784,slide_level_classification,balanced_accuracy,titan2025_8shot_simpleshot,TITAN vision-language,titan-slide,github:mahmoodlab/TITAN@9e34c66ff66445c6c590da0dbf7acc103d39a40b,0.824,reported_error=0.0113,titan2025.tcga-ut-8k.tcga-ut-8k-tumor-subtype.titan2025-8shot-simpleshot.balanced-accuracy,titan2025.tcga-ut-8k.tcga-ut-8k-tumor-subtype.titan2025-8shot-simpleshot.balanced-accuracy,task.tcga-ut-8k.tcga-ut-8k-tumor-subtype,artifact.tcga-ut-8k,https://media.springernature.com/original/springer-static/esm/art%3A10.1038%2Fs41591-025-03982-3/MediaObjects/41591_2025_3982_MOESM1_ESM.pdf,paper=TITAN|supplementary_table=86|model=TITAN|shots=8|evaluator=simpleshot,26321e4018bec7b80f2fe7ea7cc497139c83b44fb60df5128417623ad1f71a70,machine_parsed_single_primary_source,parsed_primary_source,Exact leaf result; protocol variants remain distinct and are not deduplicated by dataset name alone.
titan2025,titan_paper,Supplementary Table 86,tcga-ut-8k,TCGA-UT-8K tumor subtype,morphological_subtyping,tumor_subtype,slide,classification,7784,slide_level_classification,balanced_accuracy,titan2025_16shot_simpleshot,TITAN vision-language,titan-slide,github:mahmoodlab/TITAN@9e34c66ff66445c6c590da0dbf7acc103d39a40b,0.832,reported_error=0.0109,titan2025.tcga-ut-8k.tcga-ut-8k-tumor-subtype.titan2025-16shot-simpleshot.balanced-accuracy,titan2025.tcga-ut-8k.tcga-ut-8k-tumor-subtype.titan2025-16shot-simpleshot.balanced-accuracy,task.tcga-ut-8k.tcga-ut-8k-tumor-subtype,artifact.tcga-ut-8k,https://media.springernature.com/original/springer-static/esm/art%3A10.1038%2Fs41591-025-03982-3/MediaObjects/41591_2025_3982_MOESM1_ESM.pdf,paper=TITAN|supplementary_table=86|model=TITAN|shots=16|evaluator=simpleshot,26321e4018bec7b80f2fe7ea7cc497139c83b44fb60df5128417623ad1f71a70,machine_parsed_single_primary_source,parsed_primary_source,Exact leaf result; protocol variants remain distinct and are not deduplicated by dataset name alone.
titan2025,titan_paper,Supplementary Table 86,tcga-ut-8k,TCGA-UT-8K tumor subtype,morphological_subtyping,tumor_subtype,slide,classification,7784,slide_level_classification,balanced_accuracy,titan2025_32shot_simpleshot,TITAN vision-language,titan-slide,github:mahmoodlab/TITAN@9e34c66ff66445c6c590da0dbf7acc103d39a40b,0.838,reported_error=0.0097,titan2025.tcga-ut-8k.tcga-ut-8k-tumor-subtype.titan2025-32shot-simpleshot.balanced-accuracy,titan2025.tcga-ut-8k.tcga-ut-8k-tumor-subtype.titan2025-32shot-simpleshot.balanced-accuracy,task.tcga-ut-8k.tcga-ut-8k-tumor-subtype,artifact.tcga-ut-8k,https://media.springernature.com/original/springer-static/esm/art%3A10.1038%2Fs41591-025-03982-3/MediaObjects/41591_2025_3982_MOESM1_ESM.pdf,paper=TITAN|supplementary_table=86|model=TITAN|shots=32|evaluator=simpleshot,26321e4018bec7b80f2fe7ea7cc497139c83b44fb60df5128417623ad1f71a70,machine_parsed_single_primary_source,parsed_primary_source,Exact leaf result; protocol variants remain distinct and are not deduplicated by dataset name alone.
titan2025,titan_paper,Supplementary Table 87,tcga-ot,TCGA-OT OncoTree code,morphological_subtyping,oncotree_code,slide,classification,9149,slide_level_classification,balanced_accuracy,titan2025_1shot_simpleshot,TITAN-V vision-only,titan-v-slide,github:mahmoodlab/TITAN@9e34c66ff66445c6c590da0dbf7acc103d39a40b,0.517,reported_error=0.0296,titan2025.tcga-ot.tcga-ot-oncotree-code.titan2025-1shot-simpleshot.balanced-accuracy,titan2025.tcga-ot.tcga-ot-oncotree-code.titan2025-1shot-simpleshot.balanced-accuracy,task.tcga-ot.tcga-ot-oncotree-code,artifact.tcga-ot,https://media.springernature.com/original/springer-static/esm/art%3A10.1038%2Fs41591-025-03982-3/MediaObjects/41591_2025_3982_MOESM1_ESM.pdf,paper=TITAN|supplementary_table=87|model=TITANV|shots=1|evaluator=simpleshot,26321e4018bec7b80f2fe7ea7cc497139c83b44fb60df5128417623ad1f71a70,machine_parsed_single_primary_source,parsed_primary_source,Exact leaf result; protocol variants remain distinct and are not deduplicated by dataset name alone.
titan2025,titan_paper,Supplementary Table 87,tcga-ot,TCGA-OT OncoTree code,morphological_subtyping,oncotree_code,slide,classification,9149,slide_level_classification,balanced_accuracy,titan2025_2shot_simpleshot,TITAN-V vision-only,titan-v-slide,github:mahmoodlab/TITAN@9e34c66ff66445c6c590da0dbf7acc103d39a40b,0.587,reported_error=0.0233,titan2025.tcga-ot.tcga-ot-oncotree-code.titan2025-2shot-simpleshot.balanced-accuracy,titan2025.tcga-ot.tcga-ot-oncotree-code.titan2025-2shot-simpleshot.balanced-accuracy,task.tcga-ot.tcga-ot-oncotree-code,artifact.tcga-ot,https://media.springernature.com/original/springer-static/esm/art%3A10.1038%2Fs41591-025-03982-3/MediaObjects/41591_2025_3982_MOESM1_ESM.pdf,paper=TITAN|supplementary_table=87|model=TITANV|shots=2|evaluator=simpleshot,26321e4018bec7b80f2fe7ea7cc497139c83b44fb60df5128417623ad1f71a70,machine_parsed_single_primary_source,parsed_primary_source,Exact leaf result; protocol variants remain distinct and are not deduplicated by dataset name alone.
titan2025,titan_paper,Supplementary Table 87,tcga-ot,TCGA-OT OncoTree code,morphological_subtyping,oncotree_code,slide,classification,9149,slide_level_classification,balanced_accuracy,titan2025_4shot_simpleshot,TITAN-V vision-only,titan-v-slide,github:mahmoodlab/TITAN@9e34c66ff66445c6c590da0dbf7acc103d39a40b,0.633,reported_error=0.0185,titan2025.tcga-ot.tcga-ot-oncotree-code.titan2025-4shot-simpleshot.balanced-accuracy,titan2025.tcga-ot.tcga-ot-oncotree-code.titan2025-4shot-simpleshot.balanced-accuracy,task.tcga-ot.tcga-ot-oncotree-code,artifact.tcga-ot,https://media.springernature.com/original/springer-static/esm/art%3A10.1038%2Fs41591-025-03982-3/MediaObjects/41591_2025_3982_MOESM1_ESM.pdf,paper=TITAN|supplementary_table=87|model=TITANV|shots=4|evaluator=simpleshot,26321e4018bec7b80f2fe7ea7cc497139c83b44fb60df5128417623ad1f71a70,machine_parsed_single_primary_source,parsed_primary_source,Exact leaf result; protocol variants remain distinct and are not deduplicated by dataset name alone.
titan2025,titan_paper,Supplementary Table 87,tcga-ot,TCGA-OT OncoTree code,morphological_subtyping,oncotree_code,slide,classification,9149,slide_level_classification,balanced_accuracy,titan2025_8shot_simpleshot,TITAN-V vision-only,titan-v-slide,github:mahmoodlab/TITAN@9e34c66ff66445c6c590da0dbf7acc103d39a40b,0.664,reported_error=0.0164,titan2025.tcga-ot.tcga-ot-oncotree-code.titan2025-8shot-simpleshot.balanced-accuracy,titan2025.tcga-ot.tcga-ot-oncotree-code.titan2025-8shot-simpleshot.balanced-accuracy,task.tcga-ot.tcga-ot-oncotree-code,artifact.tcga-ot,https://media.springernature.com/original/springer-static/esm/art%3A10.1038%2Fs41591-025-03982-3/MediaObjects/41591_2025_3982_MOESM1_ESM.pdf,paper=TITAN|supplementary_table=87|model=TITANV|shots=8|evaluator=simpleshot,26321e4018bec7b80f2fe7ea7cc497139c83b44fb60df5128417623ad1f71a70,machine_parsed_single_primary_source,parsed_primary_source,Exact leaf result; protocol variants remain distinct and are not deduplicated by dataset name alone.
titan2025,titan_paper,Supplementary Table 87,tcga-ot,TCGA-OT OncoTree code,morphological_subtyping,oncotree_code,slide,classification,9149,slide_level_classification,balanced_accuracy,titan2025_16shot_simpleshot,TITAN-V vision-only,titan-v-slide,github:mahmoodlab/TITAN@9e34c66ff66445c6c590da0dbf7acc103d39a40b,0.685,reported_error=0.0135,titan2025.tcga-ot.tcga-ot-oncotree-code.titan2025-16shot-simpleshot.balanced-accuracy,titan2025.tcga-ot.tcga-ot-oncotree-code.titan2025-16shot-simpleshot.balanced-accuracy,task.tcga-ot.tcga-ot-oncotree-code,artifact.tcga-ot,https://media.springernature.com/original/springer-static/esm/art%3A10.1038%2Fs41591-025-03982-3/MediaObjects/41591_2025_3982_MOESM1_ESM.pdf,paper=TITAN|supplementary_table=87|model=TITANV|shots=16|evaluator=simpleshot,26321e4018bec7b80f2fe7ea7cc497139c83b44fb60df5128417623ad1f71a70,machine_parsed_single_primary_source,parsed_primary_source,Exact leaf result; protocol variants remain distinct and are not deduplicated by dataset name alone.
titan2025,titan_paper,Supplementary Table 87,tcga-ot,TCGA-OT OncoTree code,morphological_subtyping,oncotree_code,slide,classification,9149,slide_level_classification,balanced_accuracy,titan2025_32shot_simpleshot,TITAN-V vision-only,titan-v-slide,github:mahmoodlab/TITAN@9e34c66ff66445c6c590da0dbf7acc103d39a40b,0.696,reported_error=0.0106,titan2025.tcga-ot.tcga-ot-oncotree-code.titan2025-32shot-simpleshot.balanced-accuracy,titan2025.tcga-ot.tcga-ot-oncotree-code.titan2025-32shot-simpleshot.balanced-accuracy,task.tcga-ot.tcga-ot-oncotree-code,artifact.tcga-ot,https://media.springernature.com/original/springer-static/esm/art%3A10.1038%2Fs41591-025-03982-3/MediaObjects/41591_2025_3982_MOESM1_ESM.pdf,paper=TITAN|supplementary_table=87|model=TITANV|shots=32|evaluator=simpleshot,26321e4018bec7b80f2fe7ea7cc497139c83b44fb60df5128417623ad1f71a70,machine_parsed_single_primary_source,parsed_primary_source,Exact leaf result; protocol variants remain distinct and are not deduplicated by dataset name alone.
titan2025,titan_paper,Supplementary Table 87,tcga-ot,TCGA-OT OncoTree code,morphological_subtyping,oncotree_code,slide,classification,9149,slide_level_classification,balanced_accuracy,titan2025_1shot_simpleshot,TITAN vision-language,titan-slide,github:mahmoodlab/TITAN@9e34c66ff66445c6c590da0dbf7acc103d39a40b,0.568,reported_error=0.0316,titan2025.tcga-ot.tcga-ot-oncotree-code.titan2025-1shot-simpleshot.balanced-accuracy,titan2025.tcga-ot.tcga-ot-oncotree-code.titan2025-1shot-simpleshot.balanced-accuracy,task.tcga-ot.tcga-ot-oncotree-code,artifact.tcga-ot,https://media.springernature.com/original/springer-static/esm/art%3A10.1038%2Fs41591-025-03982-3/MediaObjects/41591_2025_3982_MOESM1_ESM.pdf,paper=TITAN|supplementary_table=87|model=TITAN|shots=1|evaluator=simpleshot,26321e4018bec7b80f2fe7ea7cc497139c83b44fb60df5128417623ad1f71a70,machine_parsed_single_primary_source,parsed_primary_source,Exact leaf result; protocol variants remain distinct and are not deduplicated by dataset name alone.
titan2025,titan_paper,Supplementary Table 87,tcga-ot,TCGA-OT OncoTree code,morphological_subtyping,oncotree_code,slide,classification,9149,slide_level_classification,balanced_accuracy,titan2025_2shot_simpleshot,TITAN vision-language,titan-slide,github:mahmoodlab/TITAN@9e34c66ff66445c6c590da0dbf7acc103d39a40b,0.639,reported_error=0.0215,titan2025.tcga-ot.tcga-ot-oncotree-code.titan2025-2shot-simpleshot.balanced-accuracy,titan2025.tcga-ot.tcga-ot-oncotree-code.titan2025-2shot-simpleshot.balanced-accuracy,task.tcga-ot.tcga-ot-oncotree-code,artifact.tcga-ot,https://media.springernature.com/original/springer-static/esm/art%3A10.1038%2Fs41591-025-03982-3/MediaObjects/41591_2025_3982_MOESM1_ESM.pdf,paper=TITAN|supplementary_table=87|model=TITAN|shots=2|evaluator=simpleshot,26321e4018bec7b80f2fe7ea7cc497139c83b44fb60df5128417623ad1f71a70,machine_parsed_single_primary_source,parsed_primary_source,Exact leaf result; protocol variants remain distinct and are not deduplicated by dataset name alone.
titan2025,titan_paper,Supplementary Table 87,tcga-ot,TCGA-OT OncoTree code,morphological_subtyping,oncotree_code,slide,classification,9149,slide_level_classification,balanced_accuracy,titan2025_4shot_simpleshot,TITAN vision-language,titan-slide,github:mahmoodlab/TITAN@9e34c66ff66445c6c590da0dbf7acc103d39a40b,0.685,reported_error=0.0201,titan2025.tcga-ot.tcga-ot-oncotree-code.titan2025-4shot-simpleshot.balanced-accuracy,titan2025.tcga-ot.tcga-ot-oncotree-code.titan2025-4shot-simpleshot.balanced-accuracy,task.tcga-ot.tcga-ot-oncotree-code,artifact.tcga-ot,https://media.springernature.com/original/springer-static/esm/art%3A10.1038%2Fs41591-025-03982-3/MediaObjects/41591_2025_3982_MOESM1_ESM.pdf,paper=TITAN|supplementary_table=87|model=TITAN|shots=4|evaluator=simpleshot,26321e4018bec7b80f2fe7ea7cc497139c83b44fb60df5128417623ad1f71a70,machine_parsed_single_primary_source,parsed_primary_source,Exact leaf result; protocol variants remain distinct and are not deduplicated by dataset name alone.
titan2025,titan_paper,Supplementary Table 87,tcga-ot,TCGA-OT OncoTree code,morphological_subtyping,oncotree_code,slide,classification,9149,slide_level_classification,balanced_accuracy,titan2025_8shot_simpleshot,TITAN vision-language,titan-slide,github:mahmoodlab/TITAN@9e34c66ff66445c6c590da0dbf7acc103d39a40b,0.713,reported_error=0.0132,titan2025.tcga-ot.tcga-ot-oncotree-code.titan2025-8shot-simpleshot.balanced-accuracy,titan2025.tcga-ot.tcga-ot-oncotree-code.titan2025-8shot-simpleshot.balanced-accuracy,task.tcga-ot.tcga-ot-oncotree-code,artifact.tcga-ot,https://media.springernature.com/original/springer-static/esm/art%3A10.1038%2Fs41591-025-03982-3/MediaObjects/41591_2025_3982_MOESM1_ESM.pdf,paper=TITAN|supplementary_table=87|model=TITAN|shots=8|evaluator=simpleshot,26321e4018bec7b80f2fe7ea7cc497139c83b44fb60df5128417623ad1f71a70,machine_parsed_single_primary_source,parsed_primary_source,Exact leaf result; protocol variants remain distinct and are not deduplicated by dataset name alone.
titan2025,titan_paper,Supplementary Table 87,tcga-ot,TCGA-OT OncoTree code,morphological_subtyping,oncotree_code,slide,classification,9149,slide_level_classification,balanced_accuracy,titan2025_16shot_simpleshot,TITAN vision-language,titan-slide,github:mahmoodlab/TITAN@9e34c66ff66445c6c590da0dbf7acc103d39a40b,0.730,reported_error=0.0125,titan2025.tcga-ot.tcga-ot-oncotree-code.titan2025-16shot-simpleshot.balanced-accuracy,titan2025.tcga-ot.tcga-ot-oncotree-code.titan2025-16shot-simpleshot.balanced-accuracy,task.tcga-ot.tcga-ot-oncotree-code,artifact.tcga-ot,https://media.springernature.com/original/springer-static/esm/art%3A10.1038%2Fs41591-025-03982-3/MediaObjects/41591_2025_3982_MOESM1_ESM.pdf,paper=TITAN|supplementary_table=87|model=TITAN|shots=16|evaluator=simpleshot,26321e4018bec7b80f2fe7ea7cc497139c83b44fb60df5128417623ad1f71a70,machine_parsed_single_primary_source,parsed_primary_source,Exact leaf result; protocol variants remain distinct and are not deduplicated by dataset name alone.
titan2025,titan_paper,Supplementary Table 87,tcga-ot,TCGA-OT OncoTree code,morphological_subtyping,oncotree_code,slide,classification,9149,slide_level_classification,balanced_accuracy,titan2025_32shot_simpleshot,TITAN vision-language,titan-slide,github:mahmoodlab/TITAN@9e34c66ff66445c6c590da0dbf7acc103d39a40b,0.745,reported_error=0.0074,titan2025.tcga-ot.tcga-ot-oncotree-code.titan2025-32shot-simpleshot.balanced-accuracy,titan2025.tcga-ot.tcga-ot-oncotree-code.titan2025-32shot-simpleshot.balanced-accuracy,task.tcga-ot.tcga-ot-oncotree-code,artifact.tcga-ot,https://media.springernature.com/original/springer-static/esm/art%3A10.1038%2Fs41591-025-03982-3/MediaObjects/41591_2025_3982_MOESM1_ESM.pdf,paper=TITAN|supplementary_table=87|model=TITAN|shots=32|evaluator=simpleshot,26321e4018bec7b80f2fe7ea7cc497139c83b44fb60df5128417623ad1f71a70,machine_parsed_single_primary_source,parsed_primary_source,Exact leaf result; protocol variants remain distinct and are not deduplicated by dataset name alone.
titan2025,titan_paper,Supplementary Table 89,ebrains,EBRAINS tumor type,morphological_subtyping,diagnosis,slide,classification,2147,slide_level_classification,balanced_accuracy,titan2025_1shot_simpleshot,TITAN-V vision-only,titan-v-slide,github:mahmoodlab/TITAN@9e34c66ff66445c6c590da0dbf7acc103d39a40b,0.502,reported_error=0.0266,titan2025.ebrains.ebrains-tumor-type.titan2025-1shot-simpleshot.balanced-accuracy,titan2025.ebrains.ebrains-tumor-type.titan2025-1shot-simpleshot.balanced-accuracy,task.ebrains.ebrains-tumor-type,artifact.ebrains,https://media.springernature.com/original/springer-static/esm/art%3A10.1038%2Fs41591-025-03982-3/MediaObjects/41591_2025_3982_MOESM1_ESM.pdf,paper=TITAN|supplementary_table=89|model=TITANV|shots=1|evaluator=simpleshot,26321e4018bec7b80f2fe7ea7cc497139c83b44fb60df5128417623ad1f71a70,machine_parsed_single_primary_source,parsed_primary_source,Exact leaf result; protocol variants remain distinct and are not deduplicated by dataset name alone.
titan2025,titan_paper,Supplementary Table 89,ebrains,EBRAINS tumor type,morphological_subtyping,diagnosis,slide,classification,2147,slide_level_classification,balanced_accuracy,titan2025_2shot_simpleshot,TITAN-V vision-only,titan-v-slide,github:mahmoodlab/TITAN@9e34c66ff66445c6c590da0dbf7acc103d39a40b,0.572,reported_error=0.0242,titan2025.ebrains.ebrains-tumor-type.titan2025-2shot-simpleshot.balanced-accuracy,titan2025.ebrains.ebrains-tumor-type.titan2025-2shot-simpleshot.balanced-accuracy,task.ebrains.ebrains-tumor-type,artifact.ebrains,https://media.springernature.com/original/springer-static/esm/art%3A10.1038%2Fs41591-025-03982-3/MediaObjects/41591_2025_3982_MOESM1_ESM.pdf,paper=TITAN|supplementary_table=89|model=TITANV|shots=2|evaluator=simpleshot,26321e4018bec7b80f2fe7ea7cc497139c83b44fb60df5128417623ad1f71a70,machine_parsed_single_primary_source,parsed_primary_source,Exact leaf result; protocol variants remain distinct and are not deduplicated by dataset name alone.
titan2025,titan_paper,Supplementary Table 89,ebrains,EBRAINS tumor type,morphological_subtyping,diagnosis,slide,classification,2147,slide_level_classification,balanced_accuracy,titan2025_4shot_simpleshot,TITAN-V vision-only,titan-v-slide,github:mahmoodlab/TITAN@9e34c66ff66445c6c590da0dbf7acc103d39a40b,0.633,reported_error=0.0183,titan2025.ebrains.ebrains-tumor-type.titan2025-4shot-simpleshot.balanced-accuracy,titan2025.ebrains.ebrains-tumor-type.titan2025-4shot-simpleshot.balanced-accuracy,task.ebrains.ebrains-tumor-type,artifact.ebrains,https://media.springernature.com/original/springer-static/esm/art%3A10.1038%2Fs41591-025-03982-3/MediaObjects/41591_2025_3982_MOESM1_ESM.pdf,paper=TITAN|supplementary_table=89|model=TITANV|shots=4|evaluator=simpleshot,26321e4018bec7b80f2fe7ea7cc497139c83b44fb60df5128417623ad1f71a70,machine_parsed_single_primary_source,parsed_primary_source,Exact leaf result; protocol variants remain distinct and are not deduplicated by dataset name alone.
titan2025,titan_paper,Supplementary Table 89,ebrains,EBRAINS tumor type,morphological_subtyping,diagnosis,slide,classification,2147,slide_level_classification,balanced_accuracy,titan2025_8shot_simpleshot,TITAN-V vision-only,titan-v-slide,github:mahmoodlab/TITAN@9e34c66ff66445c6c590da0dbf7acc103d39a40b,0.669,reported_error=0.0163,titan2025.ebrains.ebrains-tumor-type.titan2025-8shot-simpleshot.balanced-accuracy,titan2025.ebrains.ebrains-tumor-type.titan2025-8shot-simpleshot.balanced-accuracy,task.ebrains.ebrains-tumor-type,artifact.ebrains,https://media.springernature.com/original/springer-static/esm/art%3A10.1038%2Fs41591-025-03982-3/MediaObjects/41591_2025_3982_MOESM1_ESM.pdf,paper=TITAN|supplementary_table=89|model=TITANV|shots=8|evaluator=simpleshot,26321e4018bec7b80f2fe7ea7cc497139c83b44fb60df5128417623ad1f71a70,machine_parsed_single_primary_source,parsed_primary_source,Exact leaf result; protocol variants remain distinct and are not deduplicated by dataset name alone.
titan2025,titan_paper,Supplementary Table 89,ebrains,EBRAINS tumor type,morphological_subtyping,diagnosis,slide,classification,2147,slide_level_classification,balanced_accuracy,titan2025_16shot_simpleshot,TITAN-V vision-only,titan-v-slide,github:mahmoodlab/TITAN@9e34c66ff66445c6c590da0dbf7acc103d39a40b,0.703,reported_error=0.0132,titan2025.ebrains.ebrains-tumor-type.titan2025-16shot-simpleshot.balanced-accuracy,titan2025.ebrains.ebrains-tumor-type.titan2025-16shot-simpleshot.balanced-accuracy,task.ebrains.ebrains-tumor-type,artifact.ebrains,https://media.springernature.com/original/springer-static/esm/art%3A10.1038%2Fs41591-025-03982-3/MediaObjects/41591_2025_3982_MOESM1_ESM.pdf,paper=TITAN|supplementary_table=89|model=TITANV|shots=16|evaluator=simpleshot,26321e4018bec7b80f2fe7ea7cc497139c83b44fb60df5128417623ad1f71a70,machine_parsed_single_primary_source,parsed_primary_source,Exact leaf result; protocol variants remain distinct and are not deduplicated by dataset name alone.
titan2025,titan_paper,Supplementary Table 89,ebrains,EBRAINS tumor type,morphological_subtyping,diagnosis,slide,classification,2147,slide_level_classification,balanced_accuracy,titan2025_32shot_simpleshot,TITAN-V vision-only,titan-v-slide,github:mahmoodlab/TITAN@9e34c66ff66445c6c590da0dbf7acc103d39a40b,0.723,reported_error=0.0080,titan2025.ebrains.ebrains-tumor-type.titan2025-32shot-simpleshot.balanced-accuracy,titan2025.ebrains.ebrains-tumor-type.titan2025-32shot-simpleshot.balanced-accuracy,task.ebrains.ebrains-tumor-type,artifact.ebrains,https://media.springernature.com/original/springer-static/esm/art%3A10.1038%2Fs41591-025-03982-3/MediaObjects/41591_2025_3982_MOESM1_ESM.pdf,paper=TITAN|supplementary_table=89|model=TITANV|shots=32|evaluator=simpleshot,26321e4018bec7b80f2fe7ea7cc497139c83b44fb60df5128417623ad1f71a70,machine_parsed_single_primary_source,parsed_primary_source,Exact leaf result; protocol variants remain distinct and are not deduplicated by dataset name alone.
titan2025,titan_paper,Supplementary Table 89,ebrains,EBRAINS tumor type,morphological_subtyping,diagnosis,slide,classification,2147,slide_level_classification,balanced_accuracy,titan2025_1shot_simpleshot,TITAN vision-language,titan-slide,github:mahmoodlab/TITAN@9e34c66ff66445c6c590da0dbf7acc103d39a40b,0.549,reported_error=0.0318,titan2025.ebrains.ebrains-tumor-type.titan2025-1shot-simpleshot.balanced-accuracy,titan2025.ebrains.ebrains-tumor-type.titan2025-1shot-simpleshot.balanced-accuracy,task.ebrains.ebrains-tumor-type,artifact.ebrains,https://media.springernature.com/original/springer-static/esm/art%3A10.1038%2Fs41591-025-03982-3/MediaObjects/41591_2025_3982_MOESM1_ESM.pdf,paper=TITAN|supplementary_table=89|model=TITAN|shots=1|evaluator=simpleshot,26321e4018bec7b80f2fe7ea7cc497139c83b44fb60df5128417623ad1f71a70,machine_parsed_single_primary_source,parsed_primary_source,Exact leaf result; protocol variants remain distinct and are not deduplicated by dataset name alone.
titan2025,titan_paper,Supplementary Table 89,ebrains,EBRAINS tumor type,morphological_subtyping,diagnosis,slide,classification,2147,slide_level_classification,balanced_accuracy,titan2025_2shot_simpleshot,TITAN vision-language,titan-slide,github:mahmoodlab/TITAN@9e34c66ff66445c6c590da0dbf7acc103d39a40b,0.615,reported_error=0.0193,titan2025.ebrains.ebrains-tumor-type.titan2025-2shot-simpleshot.balanced-accuracy,titan2025.ebrains.ebrains-tumor-type.titan2025-2shot-simpleshot.balanced-accuracy,task.ebrains.ebrains-tumor-type,artifact.ebrains,https://media.springernature.com/original/springer-static/esm/art%3A10.1038%2Fs41591-025-03982-3/MediaObjects/41591_2025_3982_MOESM1_ESM.pdf,paper=TITAN|supplementary_table=89|model=TITAN|shots=2|evaluator=simpleshot,26321e4018bec7b80f2fe7ea7cc497139c83b44fb60df5128417623ad1f71a70,machine_parsed_single_primary_source,parsed_primary_source,Exact leaf result; protocol variants remain distinct and are not deduplicated by dataset name alone.
titan2025,titan_paper,Supplementary Table 89,ebrains,EBRAINS tumor type,morphological_subtyping,diagnosis,slide,classification,2147,slide_level_classification,balanced_accuracy,titan2025_4shot_simpleshot,TITAN vision-language,titan-slide,github:mahmoodlab/TITAN@9e34c66ff66445c6c590da0dbf7acc103d39a40b,0.669,reported_error=0.0179,titan2025.ebrains.ebrains-tumor-type.titan2025-4shot-simpleshot.balanced-accuracy,titan2025.ebrains.ebrains-tumor-type.titan2025-4shot-simpleshot.balanced-accuracy,task.ebrains.ebrains-tumor-type,artifact.ebrains,https://media.springernature.com/original/springer-static/esm/art%3A10.1038%2Fs41591-025-03982-3/MediaObjects/41591_2025_3982_MOESM1_ESM.pdf,paper=TITAN|supplementary_table=89|model=TITAN|shots=4|evaluator=simpleshot,26321e4018bec7b80f2fe7ea7cc497139c83b44fb60df5128417623ad1f71a70,machine_parsed_single_primary_source,parsed_primary_source,Exact leaf result; protocol variants remain distinct and are not deduplicated by dataset name alone.
titan2025,titan_paper,Supplementary Table 89,ebrains,EBRAINS tumor type,morphological_subtyping,diagnosis,slide,classification,2147,slide_level_classification,balanced_accuracy,titan2025_8shot_simpleshot,TITAN vision-language,titan-slide,github:mahmoodlab/TITAN@9e34c66ff66445c6c590da0dbf7acc103d39a40b,0.709,reported_error=0.0139,titan2025.ebrains.ebrains-tumor-type.titan2025-8shot-simpleshot.balanced-accuracy,titan2025.ebrains.ebrains-tumor-type.titan2025-8shot-simpleshot.balanced-accuracy,task.ebrains.ebrains-tumor-type,artifact.ebrains,https://media.springernature.com/original/springer-static/esm/art%3A10.1038%2Fs41591-025-03982-3/MediaObjects/41591_2025_3982_MOESM1_ESM.pdf,paper=TITAN|supplementary_table=89|model=TITAN|shots=8|evaluator=simpleshot,26321e4018bec7b80f2fe7ea7cc497139c83b44fb60df5128417623ad1f71a70,machine_parsed_single_primary_source,parsed_primary_source,Exact leaf result; protocol variants remain distinct and are not deduplicated by dataset name alone.
titan2025,titan_paper,Supplementary Table 89,ebrains,EBRAINS tumor type,morphological_subtyping,diagnosis,slide,classification,2147,slide_level_classification,balanced_accuracy,titan2025_16shot_simpleshot,TITAN vision-language,titan-slide,github:mahmoodlab/TITAN@9e34c66ff66445c6c590da0dbf7acc103d39a40b,0.731,reported_error=0.0112,titan2025.ebrains.ebrains-tumor-type.titan2025-16shot-simpleshot.balanced-accuracy,titan2025.ebrains.ebrains-tumor-type.titan2025-16shot-simpleshot.balanced-accuracy,task.ebrains.ebrains-tumor-type,artifact.ebrains,https://media.springernature.com/original/springer-static/esm/art%3A10.1038%2Fs41591-025-03982-3/MediaObjects/41591_2025_3982_MOESM1_ESM.pdf,paper=TITAN|supplementary_table=89|model=TITAN|shots=16|evaluator=simpleshot,26321e4018bec7b80f2fe7ea7cc497139c83b44fb60df5128417623ad1f71a70,machine_parsed_single_primary_source,parsed_primary_source,Exact leaf result; protocol variants remain distinct and are not deduplicated by dataset name alone.
titan2025,titan_paper,Supplementary Table 89,ebrains,EBRAINS tumor type,morphological_subtyping,diagnosis,slide,classification,2147,slide_level_classification,balanced_accuracy,titan2025_32shot_simpleshot,TITAN vision-language,titan-slide,github:mahmoodlab/TITAN@9e34c66ff66445c6c590da0dbf7acc103d39a40b,0.749,reported_error=0.0082,titan2025.ebrains.ebrains-tumor-type.titan2025-32shot-simpleshot.balanced-accuracy,titan2025.ebrains.ebrains-tumor-type.titan2025-32shot-simpleshot.balanced-accuracy,task.ebrains.ebrains-tumor-type,artifact.ebrains,https://media.springernature.com/original/springer-static/esm/art%3A10.1038%2Fs41591-025-03982-3/MediaObjects/41591_2025_3982_MOESM1_ESM.pdf,paper=TITAN|supplementary_table=89|model=TITAN|shots=32|evaluator=simpleshot,26321e4018bec7b80f2fe7ea7cc497139c83b44fb60df5128417623ad1f71a70,machine_parsed_single_primary_source,parsed_primary_source,Exact leaf result; protocol variants remain distinct and are not deduplicated by dataset name alone.
titan2025,titan_paper,Supplementary Table 97,tcga-ut-8k,TCGA-UT-8K tumor subtype,morphological_subtyping,tumor_subtype,slide,classification,7784,slide_level_classification,balanced_accuracy,titan2025_zero_shot_prompt_ensemble,TITAN vision-language,titan-slide,github:mahmoodlab/TITAN@9e34c66ff66445c6c590da0dbf7acc103d39a40b,0.761,reported_error=0.0063,titan2025.tcga-ut-8k.tcga-ut-8k-tumor-subtype.titan2025-zero-shot-prompt-ensemble.balanced-accuracy,titan2025.tcga-ut-8k.tcga-ut-8k-tumor-subtype.titan2025-zero-shot-prompt-ensemble.balanced-accuracy,task.tcga-ut-8k.tcga-ut-8k-tumor-subtype,artifact.tcga-ut-8k,https://media.springernature.com/original/springer-static/esm/art%3A10.1038%2Fs41591-025-03982-3/MediaObjects/41591_2025_3982_MOESM1_ESM.pdf,paper=TITAN|supplementary_table=97|model=TITAN|protocol=zero-shot|metric=balanced_accuracy,26321e4018bec7b80f2fe7ea7cc497139c83b44fb60df5128417623ad1f71a70,machine_parsed_single_primary_source,parsed_primary_source,Exact leaf result; protocol variants remain distinct and are not deduplicated by dataset name alone.
titan2025,titan_paper,Supplementary Table 97,tcga-ut-8k,TCGA-UT-8K tumor subtype,morphological_subtyping,tumor_subtype,slide,classification,7784,slide_level_classification,weighted_f1,titan2025_zero_shot_prompt_ensemble,TITAN vision-language,titan-slide,github:mahmoodlab/TITAN@9e34c66ff66445c6c590da0dbf7acc103d39a40b,0.798,reported_error=0.0043,titan2025.tcga-ut-8k.tcga-ut-8k-tumor-subtype.titan2025-zero-shot-prompt-ensemble.weighted-f1,titan2025.tcga-ut-8k.tcga-ut-8k-tumor-subtype.titan2025-zero-shot-prompt-ensemble.weighted-f1,task.tcga-ut-8k.tcga-ut-8k-tumor-subtype,artifact.tcga-ut-8k,https://media.springernature.com/original/springer-static/esm/art%3A10.1038%2Fs41591-025-03982-3/MediaObjects/41591_2025_3982_MOESM1_ESM.pdf,paper=TITAN|supplementary_table=97|model=TITAN|protocol=zero-shot|metric=weighted_f1,26321e4018bec7b80f2fe7ea7cc497139c83b44fb60df5128417623ad1f71a70,machine_parsed_single_primary_source,parsed_primary_source,Exact leaf result; protocol variants remain distinct and are not deduplicated by dataset name alone.
titan2025,titan_paper,Supplementary Table 97,tcga-ut-8k,TCGA-UT-8K tumor subtype,morphological_subtyping,tumor_subtype,slide,classification,7784,slide_level_classification,auroc,titan2025_zero_shot_prompt_ensemble,TITAN vision-language,titan-slide,github:mahmoodlab/TITAN@9e34c66ff66445c6c590da0dbf7acc103d39a40b,0.989,reported_error=0.0006,titan2025.tcga-ut-8k.tcga-ut-8k-tumor-subtype.titan2025-zero-shot-prompt-ensemble.auroc,titan2025.tcga-ut-8k.tcga-ut-8k-tumor-subtype.titan2025-zero-shot-prompt-ensemble.auroc,task.tcga-ut-8k.tcga-ut-8k-tumor-subtype,artifact.tcga-ut-8k,https://media.springernature.com/original/springer-static/esm/art%3A10.1038%2Fs41591-025-03982-3/MediaObjects/41591_2025_3982_MOESM1_ESM.pdf,paper=TITAN|supplementary_table=97|model=TITAN|protocol=zero-shot|metric=auroc,26321e4018bec7b80f2fe7ea7cc497139c83b44fb60df5128417623ad1f71a70,machine_parsed_single_primary_source,parsed_primary_source,Exact leaf result; protocol variants remain distinct and are not deduplicated by dataset name alone.
titan2025,titan_paper,Supplementary Table 98,tcga-ot,TCGA-OT OncoTree code,morphological_subtyping,oncotree_code,slide,classification,9149,slide_level_classification,balanced_accuracy,titan2025_zero_shot_prompt_ensemble,TITAN vision-language,titan-slide,github:mahmoodlab/TITAN@9e34c66ff66445c6c590da0dbf7acc103d39a40b,0.616,reported_error=0.0178,titan2025.tcga-ot.tcga-ot-oncotree-code.titan2025-zero-shot-prompt-ensemble.balanced-accuracy,titan2025.tcga-ot.tcga-ot-oncotree-code.titan2025-zero-shot-prompt-ensemble.balanced-accuracy,task.tcga-ot.tcga-ot-oncotree-code,artifact.tcga-ot,https://media.springernature.com/original/springer-static/esm/art%3A10.1038%2Fs41591-025-03982-3/MediaObjects/41591_2025_3982_MOESM1_ESM.pdf,paper=TITAN|supplementary_table=98|model=TITAN|protocol=zero-shot|metric=balanced_accuracy,26321e4018bec7b80f2fe7ea7cc497139c83b44fb60df5128417623ad1f71a70,machine_parsed_single_primary_source,parsed_primary_source,Exact leaf result; protocol variants remain distinct and are not deduplicated by dataset name alone.
titan2025,titan_paper,Supplementary Table 98,tcga-ot,TCGA-OT OncoTree code,morphological_subtyping,oncotree_code,slide,classification,9149,slide_level_classification,weighted_f1,titan2025_zero_shot_prompt_ensemble,TITAN vision-language,titan-slide,github:mahmoodlab/TITAN@9e34c66ff66445c6c590da0dbf7acc103d39a40b,0.713,reported_error=0.0127,titan2025.tcga-ot.tcga-ot-oncotree-code.titan2025-zero-shot-prompt-ensemble.weighted-f1,titan2025.tcga-ot.tcga-ot-oncotree-code.titan2025-zero-shot-prompt-ensemble.weighted-f1,task.tcga-ot.tcga-ot-oncotree-code,artifact.tcga-ot,https://media.springernature.com/original/springer-static/esm/art%3A10.1038%2Fs41591-025-03982-3/MediaObjects/41591_2025_3982_MOESM1_ESM.pdf,paper=TITAN|supplementary_table=98|model=TITAN|protocol=zero-shot|metric=weighted_f1,26321e4018bec7b80f2fe7ea7cc497139c83b44fb60df5128417623ad1f71a70,machine_parsed_single_primary_source,parsed_primary_source,Exact leaf result; protocol variants remain distinct and are not deduplicated by dataset name alone.
titan2025,titan_paper,Supplementary Table 98,tcga-ot,TCGA-OT OncoTree code,morphological_subtyping,oncotree_code,slide,classification,9149,slide_level_classification,auroc,titan2025_zero_shot_prompt_ensemble,TITAN vision-language,titan-slide,github:mahmoodlab/TITAN@9e34c66ff66445c6c590da0dbf7acc103d39a40b,0.985,reported_error=0.0014,titan2025.tcga-ot.tcga-ot-oncotree-code.titan2025-zero-shot-prompt-ensemble.auroc,titan2025.tcga-ot.tcga-ot-oncotree-code.titan2025-zero-shot-prompt-ensemble.auroc,task.tcga-ot.tcga-ot-oncotree-code,artifact.tcga-ot,https://media.springernature.com/original/springer-static/esm/art%3A10.1038%2Fs41591-025-03982-3/MediaObjects/41591_2025_3982_MOESM1_ESM.pdf,paper=TITAN|supplementary_table=98|model=TITAN|protocol=zero-shot|metric=auroc,26321e4018bec7b80f2fe7ea7cc497139c83b44fb60df5128417623ad1f71a70,machine_parsed_single_primary_source,parsed_primary_source,Exact leaf result; protocol variants remain distinct and are not deduplicated by dataset name alone.
titan2025,titan_paper,Supplementary Table 100,ebrains,EBRAINS tumor type,morphological_subtyping,diagnosis,slide,classification,2147,slide_level_classification,balanced_accuracy,titan2025_zero_shot_prompt_ensemble,TITAN vision-language,titan-slide,github:mahmoodlab/TITAN@9e34c66ff66445c6c590da0dbf7acc103d39a40b,0.543,reported_error=0.0201,titan2025.ebrains.ebrains-tumor-type.titan2025-zero-shot-prompt-ensemble.balanced-accuracy,titan2025.ebrains.ebrains-tumor-type.titan2025-zero-shot-prompt-ensemble.balanced-accuracy,task.ebrains.ebrains-tumor-type,artifact.ebrains,https://media.springernature.com/original/springer-static/esm/art%3A10.1038%2Fs41591-025-03982-3/MediaObjects/41591_2025_3982_MOESM1_ESM.pdf,paper=TITAN|supplementary_table=100|model=TITAN|protocol=zero-shot|metric=balanced_accuracy,26321e4018bec7b80f2fe7ea7cc497139c83b44fb60df5128417623ad1f71a70,machine_parsed_single_primary_source,parsed_primary_source,Exact leaf result; protocol variants remain distinct and are not deduplicated by dataset name alone.
titan2025,titan_paper,Supplementary Table 100,ebrains,EBRAINS tumor type,morphological_subtyping,diagnosis,slide,classification,2147,slide_level_classification,weighted_f1,titan2025_zero_shot_prompt_ensemble,TITAN vision-language,titan-slide,github:mahmoodlab/TITAN@9e34c66ff66445c6c590da0dbf7acc103d39a40b,0.365,reported_error=0.0210,titan2025.ebrains.ebrains-tumor-type.titan2025-zero-shot-prompt-ensemble.weighted-f1,titan2025.ebrains.ebrains-tumor-type.titan2025-zero-shot-prompt-ensemble.weighted-f1,task.ebrains.ebrains-tumor-type,artifact.ebrains,https://media.springernature.com/original/springer-static/esm/art%3A10.1038%2Fs41591-025-03982-3/MediaObjects/41591_2025_3982_MOESM1_ESM.pdf,paper=TITAN|supplementary_table=100|model=TITAN|protocol=zero-shot|metric=weighted_f1,26321e4018bec7b80f2fe7ea7cc497139c83b44fb60df5128417623ad1f71a70,machine_parsed_single_primary_source,parsed_primary_source,Exact leaf result; protocol variants remain distinct and are not deduplicated by dataset name alone.
titan2025,titan_paper,Supplementary Table 100,ebrains,EBRAINS tumor type,morphological_subtyping,diagnosis,slide,classification,2147,slide_level_classification,auroc,titan2025_zero_shot_prompt_ensemble,TITAN vision-language,titan-slide,github:mahmoodlab/TITAN@9e34c66ff66445c6c590da0dbf7acc103d39a40b,0.968,reported_error=0.0025,titan2025.ebrains.ebrains-tumor-type.titan2025-zero-shot-prompt-ensemble.auroc,titan2025.ebrains.ebrains-tumor-type.titan2025-zero-shot-prompt-ensemble.auroc,task.ebrains.ebrains-tumor-type,artifact.ebrains,https://media.springernature.com/original/springer-static/esm/art%3A10.1038%2Fs41591-025-03982-3/MediaObjects/41591_2025_3982_MOESM1_ESM.pdf,paper=TITAN|supplementary_table=100|model=TITAN|protocol=zero-shot|metric=auroc,26321e4018bec7b80f2fe7ea7cc497139c83b44fb60df5128417623ad1f71a70,machine_parsed_single_primary_source,parsed_primary_source,Exact leaf result; protocol variants remain distinct and are not deduplicated by dataset name alone.
titan2025,titan_paper,Supplementary Table 101,tcga-rcc,TCGA-RCC OncoTree code,morphological_subtyping,oncotree_code,slide,classification,895,slide_level_classification,balanced_accuracy,titan2025_zero_shot_prompt_ensemble,TITAN vision-language,titan-slide,github:mahmoodlab/TITAN@9e34c66ff66445c6c590da0dbf7acc103d39a40b,0.940,reported_error=0.0220,titan2025.tcga-rcc.tcga-rcc-oncotree-code.titan2025-zero-shot-prompt-ensemble.balanced-accuracy,titan2025.tcga-rcc.tcga-rcc-oncotree-code.titan2025-zero-shot-prompt-ensemble.balanced-accuracy,task.tcga-rcc.tcga-rcc-oncotree-code,artifact.tcga-rcc,https://media.springernature.com/original/springer-static/esm/art%3A10.1038%2Fs41591-025-03982-3/MediaObjects/41591_2025_3982_MOESM1_ESM.pdf,paper=TITAN|supplementary_table=101|model=TITAN|protocol=zero-shot|metric=balanced_accuracy,26321e4018bec7b80f2fe7ea7cc497139c83b44fb60df5128417623ad1f71a70,machine_parsed_single_primary_source,parsed_primary_source,Exact leaf result; protocol variants remain distinct and are not deduplicated by dataset name alone.
titan2025,titan_paper,Supplementary Table 101,tcga-rcc,TCGA-RCC OncoTree code,morphological_subtyping,oncotree_code,slide,classification,895,slide_level_classification,weighted_f1,titan2025_zero_shot_prompt_ensemble,TITAN vision-language,titan-slide,github:mahmoodlab/TITAN@9e34c66ff66445c6c590da0dbf7acc103d39a40b,0.917,reported_error=0.0368,titan2025.tcga-rcc.tcga-rcc-oncotree-code.titan2025-zero-shot-prompt-ensemble.weighted-f1,titan2025.tcga-rcc.tcga-rcc-oncotree-code.titan2025-zero-shot-prompt-ensemble.weighted-f1,task.tcga-rcc.tcga-rcc-oncotree-code,artifact.tcga-rcc,https://media.springernature.com/original/springer-static/esm/art%3A10.1038%2Fs41591-025-03982-3/MediaObjects/41591_2025_3982_MOESM1_ESM.pdf,paper=TITAN|supplementary_table=101|model=TITAN|protocol=zero-shot|metric=weighted_f1,26321e4018bec7b80f2fe7ea7cc497139c83b44fb60df5128417623ad1f71a70,machine_parsed_single_primary_source,parsed_primary_source,Exact leaf result; protocol variants remain distinct and are not deduplicated by dataset name alone.
titan2025,titan_paper,Supplementary Table 101,tcga-rcc,TCGA-RCC OncoTree code,morphological_subtyping,oncotree_code,slide,classification,895,slide_level_classification,auroc,titan2025_zero_shot_prompt_ensemble,TITAN vision-language,titan-slide,github:mahmoodlab/TITAN@9e34c66ff66445c6c590da0dbf7acc103d39a40b,0.985,reported_error=0.0154,titan2025.tcga-rcc.tcga-rcc-oncotree-code.titan2025-zero-shot-prompt-ensemble.auroc,titan2025.tcga-rcc.tcga-rcc-oncotree-code.titan2025-zero-shot-prompt-ensemble.auroc,task.tcga-rcc.tcga-rcc-oncotree-code,artifact.tcga-rcc,https://media.springernature.com/original/springer-static/esm/art%3A10.1038%2Fs41591-025-03982-3/MediaObjects/41591_2025_3982_MOESM1_ESM.pdf,paper=TITAN|supplementary_table=101|model=TITAN|protocol=zero-shot|metric=auroc,26321e4018bec7b80f2fe7ea7cc497139c83b44fb60df5128417623ad1f71a70,machine_parsed_single_primary_source,parsed_primary_source,Exact leaf result; protocol variants remain distinct and are not deduplicated by dataset name alone.
titan2025,titan_paper,Supplementary Table 102,cptac-dhmc-rcc,CPTAC-DHMC RCC OncoTree code,morphological_subtyping,oncotree_code,slide,classification,673,slide_level_classification,balanced_accuracy,titan2025_zero_shot_prompt_ensemble,TITAN vision-language,titan-slide,github:mahmoodlab/TITAN@9e34c66ff66445c6c590da0dbf7acc103d39a40b,0.966,reported_error=0.0064,titan2025.cptac-dhmc-rcc.cptac-dhmc-rcc-oncotree-code.titan2025-zero-shot-prompt-ensemble.balanced-accuracy,titan2025.cptac-dhmc-rcc.cptac-dhmc-rcc-oncotree-code.titan2025-zero-shot-prompt-ensemble.balanced-accuracy,task.cptac-dhmc-rcc.cptac-dhmc-rcc-oncotree-code,artifact.cptac-dhmc-rcc,https://media.springernature.com/original/springer-static/esm/art%3A10.1038%2Fs41591-025-03982-3/MediaObjects/41591_2025_3982_MOESM1_ESM.pdf,paper=TITAN|supplementary_table=102|model=TITAN|protocol=zero-shot|metric=balanced_accuracy,26321e4018bec7b80f2fe7ea7cc497139c83b44fb60df5128417623ad1f71a70,machine_parsed_single_primary_source,parsed_primary_source,Exact leaf result; protocol variants remain distinct and are not deduplicated by dataset name alone.
titan2025,titan_paper,Supplementary Table 102,cptac-dhmc-rcc,CPTAC-DHMC RCC OncoTree code,morphological_subtyping,oncotree_code,slide,classification,673,slide_level_classification,weighted_f1,titan2025_zero_shot_prompt_ensemble,TITAN vision-language,titan-slide,github:mahmoodlab/TITAN@9e34c66ff66445c6c590da0dbf7acc103d39a40b,0.940,reported_error=0.0074,titan2025.cptac-dhmc-rcc.cptac-dhmc-rcc-oncotree-code.titan2025-zero-shot-prompt-ensemble.weighted-f1,titan2025.cptac-dhmc-rcc.cptac-dhmc-rcc-oncotree-code.titan2025-zero-shot-prompt-ensemble.weighted-f1,task.cptac-dhmc-rcc.cptac-dhmc-rcc-oncotree-code,artifact.cptac-dhmc-rcc,https://media.springernature.com/original/springer-static/esm/art%3A10.1038%2Fs41591-025-03982-3/MediaObjects/41591_2025_3982_MOESM1_ESM.pdf,paper=TITAN|supplementary_table=102|model=TITAN|protocol=zero-shot|metric=weighted_f1,26321e4018bec7b80f2fe7ea7cc497139c83b44fb60df5128417623ad1f71a70,machine_parsed_single_primary_source,parsed_primary_source,Exact leaf result; protocol variants remain distinct and are not deduplicated by dataset name alone.
titan2025,titan_paper,Supplementary Table 102,cptac-dhmc-rcc,CPTAC-DHMC RCC OncoTree code,morphological_subtyping,oncotree_code,slide,classification,673,slide_level_classification,auroc,titan2025_zero_shot_prompt_ensemble,TITAN vision-language,titan-slide,github:mahmoodlab/TITAN@9e34c66ff66445c6c590da0dbf7acc103d39a40b,0.993,reported_error=0.0018,titan2025.cptac-dhmc-rcc.cptac-dhmc-rcc-oncotree-code.titan2025-zero-shot-prompt-ensemble.auroc,titan2025.cptac-dhmc-rcc.cptac-dhmc-rcc-oncotree-code.titan2025-zero-shot-prompt-ensemble.auroc,task.cptac-dhmc-rcc.cptac-dhmc-rcc-oncotree-code,artifact.cptac-dhmc-rcc,https://media.springernature.com/original/springer-static/esm/art%3A10.1038%2Fs41591-025-03982-3/MediaObjects/41591_2025_3982_MOESM1_ESM.pdf,paper=TITAN|supplementary_table=102|model=TITAN|protocol=zero-shot|metric=auroc,26321e4018bec7b80f2fe7ea7cc497139c83b44fb60df5128417623ad1f71a70,machine_parsed_single_primary_source,parsed_primary_source,Exact leaf result; protocol variants remain distinct and are not deduplicated by dataset name alone.
titan2025,titan_paper,Supplementary Table 103,dhmc-luad,DHMC-LUAD histological pattern,morphological_subtyping,histological_pattern,slide,classification,not_reported,slide_level_classification,balanced_accuracy,titan2025_zero_shot_prompt_ensemble,TITAN vision-language,titan-slide,github:mahmoodlab/TITAN@9e34c66ff66445c6c590da0dbf7acc103d39a40b,0.585,reported_error=0.0199,titan2025.dhmc-luad.dhmc-luad-histological-pattern.titan2025-zero-shot-prompt-ensemble.balanced-accuracy,titan2025.dhmc-luad.dhmc-luad-histological-pattern.titan2025-zero-shot-prompt-ensemble.balanced-accuracy,task.dhmc-luad.dhmc-luad-histological-pattern,artifact.dhmc-luad,https://media.springernature.com/original/springer-static/esm/art%3A10.1038%2Fs41591-025-03982-3/MediaObjects/41591_2025_3982_MOESM1_ESM.pdf,paper=TITAN|supplementary_table=103|model=TITAN|protocol=zero-shot|metric=balanced_accuracy,26321e4018bec7b80f2fe7ea7cc497139c83b44fb60df5128417623ad1f71a70,machine_parsed_single_primary_source,parsed_primary_source,Exact leaf result; protocol variants remain distinct and are not deduplicated by dataset name alone.
titan2025,titan_paper,Supplementary Table 103,dhmc-luad,DHMC-LUAD histological pattern,morphological_subtyping,histological_pattern,slide,classification,not_reported,slide_level_classification,weighted_f1,titan2025_zero_shot_prompt_ensemble,TITAN vision-language,titan-slide,github:mahmoodlab/TITAN@9e34c66ff66445c6c590da0dbf7acc103d39a40b,0.489,reported_error=0.0466,titan2025.dhmc-luad.dhmc-luad-histological-pattern.titan2025-zero-shot-prompt-ensemble.weighted-f1,titan2025.dhmc-luad.dhmc-luad-histological-pattern.titan2025-zero-shot-prompt-ensemble.weighted-f1,task.dhmc-luad.dhmc-luad-histological-pattern,artifact.dhmc-luad,https://media.springernature.com/original/springer-static/esm/art%3A10.1038%2Fs41591-025-03982-3/MediaObjects/41591_2025_3982_MOESM1_ESM.pdf,paper=TITAN|supplementary_table=103|model=TITAN|protocol=zero-shot|metric=weighted_f1,26321e4018bec7b80f2fe7ea7cc497139c83b44fb60df5128417623ad1f71a70,machine_parsed_single_primary_source,parsed_primary_source,Exact leaf result; protocol variants remain distinct and are not deduplicated by dataset name alone.
titan2025,titan_paper,Supplementary Table 103,dhmc-luad,DHMC-LUAD histological pattern,morphological_subtyping,histological_pattern,slide,classification,not_reported,slide_level_classification,auroc,titan2025_zero_shot_prompt_ensemble,TITAN vision-language,titan-slide,github:mahmoodlab/TITAN@9e34c66ff66445c6c590da0dbf7acc103d39a40b,0.859,reported_error=0.0238,titan2025.dhmc-luad.dhmc-luad-histological-pattern.titan2025-zero-shot-prompt-ensemble.auroc,titan2025.dhmc-luad.dhmc-luad-histological-pattern.titan2025-zero-shot-prompt-ensemble.auroc,task.dhmc-luad.dhmc-luad-histological-pattern,artifact.dhmc-luad,https://media.springernature.com/original/springer-static/esm/art%3A10.1038%2Fs41591-025-03982-3/MediaObjects/41591_2025_3982_MOESM1_ESM.pdf,paper=TITAN|supplementary_table=103|model=TITAN|protocol=zero-shot|metric=auroc,26321e4018bec7b80f2fe7ea7cc497139c83b44fb60df5128417623ad1f71a70,machine_parsed_single_primary_source,parsed_primary_source,Exact leaf result; protocol variants remain distinct and are not deduplicated by dataset name alone.
titan2025,titan_paper,Supplementary Table 104,tcga-nsclc,TCGA-NSCLC subtype,morphological_subtyping,subtype,slide,classification,946,slide_level_classification,balanced_accuracy,titan2025_zero_shot_prompt_ensemble,TITAN vision-language,titan-slide,github:mahmoodlab/TITAN@9e34c66ff66445c6c590da0dbf7acc103d39a40b,0.907,reported_error=0.0196,titan2025.tcga-nsclc.tcga-nsclc-subtype.titan2025-zero-shot-prompt-ensemble.balanced-accuracy,titan2025.tcga-nsclc.tcga-nsclc-subtype.titan2025-zero-shot-prompt-ensemble.balanced-accuracy,task.tcga-nsclc.tcga-nsclc-subtype,artifact.tcga-nsclc,https://media.springernature.com/original/springer-static/esm/art%3A10.1038%2Fs41591-025-03982-3/MediaObjects/41591_2025_3982_MOESM1_ESM.pdf,paper=TITAN|supplementary_table=104|model=TITAN|protocol=zero-shot|metric=balanced_accuracy,26321e4018bec7b80f2fe7ea7cc497139c83b44fb60df5128417623ad1f71a70,machine_parsed_single_primary_source,parsed_primary_source,Exact leaf result; protocol variants remain distinct and are not deduplicated by dataset name alone.
titan2025,titan_paper,Supplementary Table 104,tcga-nsclc,TCGA-NSCLC subtype,morphological_subtyping,subtype,slide,classification,946,slide_level_classification,weighted_f1,titan2025_zero_shot_prompt_ensemble,TITAN vision-language,titan-slide,github:mahmoodlab/TITAN@9e34c66ff66445c6c590da0dbf7acc103d39a40b,0.906,reported_error=0.0196,titan2025.tcga-nsclc.tcga-nsclc-subtype.titan2025-zero-shot-prompt-ensemble.weighted-f1,titan2025.tcga-nsclc.tcga-nsclc-subtype.titan2025-zero-shot-prompt-ensemble.weighted-f1,task.tcga-nsclc.tcga-nsclc-subtype,artifact.tcga-nsclc,https://media.springernature.com/original/springer-static/esm/art%3A10.1038%2Fs41591-025-03982-3/MediaObjects/41591_2025_3982_MOESM1_ESM.pdf,paper=TITAN|supplementary_table=104|model=TITAN|protocol=zero-shot|metric=weighted_f1,26321e4018bec7b80f2fe7ea7cc497139c83b44fb60df5128417623ad1f71a70,machine_parsed_single_primary_source,parsed_primary_source,Exact leaf result; protocol variants remain distinct and are not deduplicated by dataset name alone.
titan2025,titan_paper,Supplementary Table 104,tcga-nsclc,TCGA-NSCLC subtype,morphological_subtyping,subtype,slide,classification,946,slide_level_classification,auroc,titan2025_zero_shot_prompt_ensemble,TITAN vision-language,titan-slide,github:mahmoodlab/TITAN@9e34c66ff66445c6c590da0dbf7acc103d39a40b,0.985,reported_error=0.0039,titan2025.tcga-nsclc.tcga-nsclc-subtype.titan2025-zero-shot-prompt-ensemble.auroc,titan2025.tcga-nsclc.tcga-nsclc-subtype.titan2025-zero-shot-prompt-ensemble.auroc,task.tcga-nsclc.tcga-nsclc-subtype,artifact.tcga-nsclc,https://media.springernature.com/original/springer-static/esm/art%3A10.1038%2Fs41591-025-03982-3/MediaObjects/41591_2025_3982_MOESM1_ESM.pdf,paper=TITAN|supplementary_table=104|model=TITAN|protocol=zero-shot|metric=auroc,26321e4018bec7b80f2fe7ea7cc497139c83b44fb60df5128417623ad1f71a70,machine_parsed_single_primary_source,parsed_primary_source,Exact leaf result; protocol variants remain distinct and are not deduplicated by dataset name alone.
titan2025,titan_paper,Supplementary Table 105,cptac-nsclc,CPTAC-NSCLC subtype,morphological_subtyping,subtype,slide,classification,422,slide_level_classification,balanced_accuracy,titan2025_zero_shot_prompt_ensemble,TITAN vision-language,titan-slide,github:mahmoodlab/TITAN@9e34c66ff66445c6c590da0dbf7acc103d39a40b,0.919,reported_error=0.0078,titan2025.cptac-nsclc.cptac-nsclc-subtype.titan2025-zero-shot-prompt-ensemble.balanced-accuracy,titan2025.cptac-nsclc.cptac-nsclc-subtype.titan2025-zero-shot-prompt-ensemble.balanced-accuracy,task.cptac-nsclc.cptac-nsclc-subtype,artifact.cptac-nsclc,https://media.springernature.com/original/springer-static/esm/art%3A10.1038%2Fs41591-025-03982-3/MediaObjects/41591_2025_3982_MOESM1_ESM.pdf,paper=TITAN|supplementary_table=105|model=TITAN|protocol=zero-shot|metric=balanced_accuracy,26321e4018bec7b80f2fe7ea7cc497139c83b44fb60df5128417623ad1f71a70,machine_parsed_single_primary_source,parsed_primary_source,Exact leaf result; protocol variants remain distinct and are not deduplicated by dataset name alone.
titan2025,titan_paper,Supplementary Table 105,cptac-nsclc,CPTAC-NSCLC subtype,morphological_subtyping,subtype,slide,classification,422,slide_level_classification,weighted_f1,titan2025_zero_shot_prompt_ensemble,TITAN vision-language,titan-slide,github:mahmoodlab/TITAN@9e34c66ff66445c6c590da0dbf7acc103d39a40b,0.916,reported_error=0.0083,titan2025.cptac-nsclc.cptac-nsclc-subtype.titan2025-zero-shot-prompt-ensemble.weighted-f1,titan2025.cptac-nsclc.cptac-nsclc-subtype.titan2025-zero-shot-prompt-ensemble.weighted-f1,task.cptac-nsclc.cptac-nsclc-subtype,artifact.cptac-nsclc,https://media.springernature.com/original/springer-static/esm/art%3A10.1038%2Fs41591-025-03982-3/MediaObjects/41591_2025_3982_MOESM1_ESM.pdf,paper=TITAN|supplementary_table=105|model=TITAN|protocol=zero-shot|metric=weighted_f1,26321e4018bec7b80f2fe7ea7cc497139c83b44fb60df5128417623ad1f71a70,machine_parsed_single_primary_source,parsed_primary_source,Exact leaf result; protocol variants remain distinct and are not deduplicated by dataset name alone.
titan2025,titan_paper,Supplementary Table 105,cptac-nsclc,CPTAC-NSCLC subtype,morphological_subtyping,subtype,slide,classification,422,slide_level_classification,auroc,titan2025_zero_shot_prompt_ensemble,TITAN vision-language,titan-slide,github:mahmoodlab/TITAN@9e34c66ff66445c6c590da0dbf7acc103d39a40b,0.981,reported_error=0.0044,titan2025.cptac-nsclc.cptac-nsclc-subtype.titan2025-zero-shot-prompt-ensemble.auroc,titan2025.cptac-nsclc.cptac-nsclc-subtype.titan2025-zero-shot-prompt-ensemble.auroc,task.cptac-nsclc.cptac-nsclc-subtype,artifact.cptac-nsclc,https://media.springernature.com/original/springer-static/esm/art%3A10.1038%2Fs41591-025-03982-3/MediaObjects/41591_2025_3982_MOESM1_ESM.pdf,paper=TITAN|supplementary_table=105|model=TITAN|protocol=zero-shot|metric=auroc,26321e4018bec7b80f2fe7ea7cc497139c83b44fb60df5128417623ad1f71a70,machine_parsed_single_primary_source,parsed_primary_source,Exact leaf result; protocol variants remain distinct and are not deduplicated by dataset name alone.
titan2025,titan_paper,Supplementary Table 106,tcga-brca,TCGA-BRCA breast subtype,morphological_subtyping,subtype,slide,classification,984,slide_level_classification,balanced_accuracy,titan2025_zero_shot_prompt_ensemble,TITAN vision-language,titan-slide,github:mahmoodlab/TITAN@9e34c66ff66445c6c590da0dbf7acc103d39a40b,0.895,reported_error=0.0254,titan2025.tcga-brca.tcga-brca-breast-subtype.titan2025-zero-shot-prompt-ensemble.balanced-accuracy,titan2025.tcga-brca.tcga-brca-breast-subtype.titan2025-zero-shot-prompt-ensemble.balanced-accuracy,task.tcga-brca.tcga-brca-breast-subtype,artifact.tcga-brca,https://media.springernature.com/original/springer-static/esm/art%3A10.1038%2Fs41591-025-03982-3/MediaObjects/41591_2025_3982_MOESM1_ESM.pdf,paper=TITAN|supplementary_table=106|model=TITAN|protocol=zero-shot|metric=balanced_accuracy,26321e4018bec7b80f2fe7ea7cc497139c83b44fb60df5128417623ad1f71a70,machine_parsed_single_primary_source,parsed_primary_source,Exact leaf result; protocol variants remain distinct and are not deduplicated by dataset name alone.
titan2025,titan_paper,Supplementary Table 106,tcga-brca,TCGA-BRCA breast subtype,morphological_subtyping,subtype,slide,classification,984,slide_level_classification,weighted_f1,titan2025_zero_shot_prompt_ensemble,TITAN vision-language,titan-slide,github:mahmoodlab/TITAN@9e34c66ff66445c6c590da0dbf7acc103d39a40b,0.903,reported_error=0.0216,titan2025.tcga-brca.tcga-brca-breast-subtype.titan2025-zero-shot-prompt-ensemble.weighted-f1,titan2025.tcga-brca.tcga-brca-breast-subtype.titan2025-zero-shot-prompt-ensemble.weighted-f1,task.tcga-brca.tcga-brca-breast-subtype,artifact.tcga-brca,https://media.springernature.com/original/springer-static/esm/art%3A10.1038%2Fs41591-025-03982-3/MediaObjects/41591_2025_3982_MOESM1_ESM.pdf,paper=TITAN|supplementary_table=106|model=TITAN|protocol=zero-shot|metric=weighted_f1,26321e4018bec7b80f2fe7ea7cc497139c83b44fb60df5128417623ad1f71a70,machine_parsed_single_primary_source,parsed_primary_source,Exact leaf result; protocol variants remain distinct and are not deduplicated by dataset name alone.
titan2025,titan_paper,Supplementary Table 106,tcga-brca,TCGA-BRCA breast subtype,morphological_subtyping,subtype,slide,classification,984,slide_level_classification,auroc,titan2025_zero_shot_prompt_ensemble,TITAN vision-language,titan-slide,github:mahmoodlab/TITAN@9e34c66ff66445c6c590da0dbf7acc103d39a40b,0.952,reported_error=0.0167,titan2025.tcga-brca.tcga-brca-breast-subtype.titan2025-zero-shot-prompt-ensemble.auroc,titan2025.tcga-brca.tcga-brca-breast-subtype.titan2025-zero-shot-prompt-ensemble.auroc,task.tcga-brca.tcga-brca-breast-subtype,artifact.tcga-brca,https://media.springernature.com/original/springer-static/esm/art%3A10.1038%2Fs41591-025-03982-3/MediaObjects/41591_2025_3982_MOESM1_ESM.pdf,paper=TITAN|supplementary_table=106|model=TITAN|protocol=zero-shot|metric=auroc,26321e4018bec7b80f2fe7ea7cc497139c83b44fb60df5128417623ad1f71a70,machine_parsed_single_primary_source,parsed_primary_source,Exact leaf result; protocol variants remain distinct and are not deduplicated by dataset name alone.
titan2025,titan_paper,Supplementary Table 120,tcga-ut-8k,TCGA-UT-8K tumor subtype slide retrieval,slide_retrieval,tumor_subtype,slide,retrieval,7784,slide_retrieval,top1_accuracy,titan2025_l2_slide_retrieval,TITAN-V vision-only,titan-v-slide,github:mahmoodlab/TITAN@9e34c66ff66445c6c590da0dbf7acc103d39a40b,0.838,reported_error=0.0041,titan2025.tcga-ut-8k.tcga-ut-8k-tumor-subtype-slide-retrieval.titan2025-l2-slide-retrieval.top1-accuracy,titan2025.tcga-ut-8k.tcga-ut-8k-tumor-subtype-slide-retrieval.titan2025-l2-slide-retrieval.top1-accuracy,task.tcga-ut-8k.tcga-ut-8k-tumor-subtype-slide-retrieval,artifact.tcga-ut-8k,https://media.springernature.com/original/springer-static/esm/art%3A10.1038%2Fs41591-025-03982-3/MediaObjects/41591_2025_3982_MOESM1_ESM.pdf,paper=TITAN|supplementary_table=120|model=TITANV|metric=top1_accuracy,26321e4018bec7b80f2fe7ea7cc497139c83b44fb60df5128417623ad1f71a70,machine_parsed_single_primary_source,parsed_primary_source,Exact leaf result; protocol variants remain distinct and are not deduplicated by dataset name alone.
titan2025,titan_paper,Supplementary Table 120,tcga-ut-8k,TCGA-UT-8K tumor subtype slide retrieval,slide_retrieval,tumor_subtype,slide,retrieval,7784,slide_retrieval,top3_accuracy,titan2025_l2_slide_retrieval,TITAN-V vision-only,titan-v-slide,github:mahmoodlab/TITAN@9e34c66ff66445c6c590da0dbf7acc103d39a40b,0.898,reported_error=0.0034,titan2025.tcga-ut-8k.tcga-ut-8k-tumor-subtype-slide-retrieval.titan2025-l2-slide-retrieval.top3-accuracy,titan2025.tcga-ut-8k.tcga-ut-8k-tumor-subtype-slide-retrieval.titan2025-l2-slide-retrieval.top3-accuracy,task.tcga-ut-8k.tcga-ut-8k-tumor-subtype-slide-retrieval,artifact.tcga-ut-8k,https://media.springernature.com/original/springer-static/esm/art%3A10.1038%2Fs41591-025-03982-3/MediaObjects/41591_2025_3982_MOESM1_ESM.pdf,paper=TITAN|supplementary_table=120|model=TITANV|metric=top3_accuracy,26321e4018bec7b80f2fe7ea7cc497139c83b44fb60df5128417623ad1f71a70,machine_parsed_single_primary_source,parsed_primary_source,Exact leaf result; protocol variants remain distinct and are not deduplicated by dataset name alone.
titan2025,titan_paper,Supplementary Table 120,tcga-ut-8k,TCGA-UT-8K tumor subtype slide retrieval,slide_retrieval,tumor_subtype,slide,retrieval,7784,slide_retrieval,majority_vote_at_3_accuracy,titan2025_l2_slide_retrieval,TITAN-V vision-only,titan-v-slide,github:mahmoodlab/TITAN@9e34c66ff66445c6c590da0dbf7acc103d39a40b,0.857,reported_error=0.0039,titan2025.tcga-ut-8k.tcga-ut-8k-tumor-subtype-slide-retrieval.titan2025-l2-slide-retrieval.majority-vote-at-3-accuracy,titan2025.tcga-ut-8k.tcga-ut-8k-tumor-subtype-slide-retrieval.titan2025-l2-slide-retrieval.majority-vote-at-3-accuracy,task.tcga-ut-8k.tcga-ut-8k-tumor-subtype-slide-retrieval,artifact.tcga-ut-8k,https://media.springernature.com/original/springer-static/esm/art%3A10.1038%2Fs41591-025-03982-3/MediaObjects/41591_2025_3982_MOESM1_ESM.pdf,paper=TITAN|supplementary_table=120|model=TITANV|metric=majority_vote_at_3_accuracy,26321e4018bec7b80f2fe7ea7cc497139c83b44fb60df5128417623ad1f71a70,machine_parsed_single_primary_source,parsed_primary_source,Exact leaf result; protocol variants remain distinct and are not deduplicated by dataset name alone.
titan2025,titan_paper,Supplementary Table 120,tcga-ut-8k,TCGA-UT-8K tumor subtype slide retrieval,slide_retrieval,tumor_subtype,slide,retrieval,7784,slide_retrieval,top5_accuracy,titan2025_l2_slide_retrieval,TITAN-V vision-only,titan-v-slide,github:mahmoodlab/TITAN@9e34c66ff66445c6c590da0dbf7acc103d39a40b,0.920,reported_error=0.0030,titan2025.tcga-ut-8k.tcga-ut-8k-tumor-subtype-slide-retrieval.titan2025-l2-slide-retrieval.top5-accuracy,titan2025.tcga-ut-8k.tcga-ut-8k-tumor-subtype-slide-retrieval.titan2025-l2-slide-retrieval.top5-accuracy,task.tcga-ut-8k.tcga-ut-8k-tumor-subtype-slide-retrieval,artifact.tcga-ut-8k,https://media.springernature.com/original/springer-static/esm/art%3A10.1038%2Fs41591-025-03982-3/MediaObjects/41591_2025_3982_MOESM1_ESM.pdf,paper=TITAN|supplementary_table=120|model=TITANV|metric=top5_accuracy,26321e4018bec7b80f2fe7ea7cc497139c83b44fb60df5128417623ad1f71a70,machine_parsed_single_primary_source,parsed_primary_source,Exact leaf result; protocol variants remain distinct and are not deduplicated by dataset name alone.
titan2025,titan_paper,Supplementary Table 120,tcga-ut-8k,TCGA-UT-8K tumor subtype slide retrieval,slide_retrieval,tumor_subtype,slide,retrieval,7784,slide_retrieval,majority_vote_at_5_accuracy,titan2025_l2_slide_retrieval,TITAN-V vision-only,titan-v-slide,github:mahmoodlab/TITAN@9e34c66ff66445c6c590da0dbf7acc103d39a40b,0.864,reported_error=0.0038,titan2025.tcga-ut-8k.tcga-ut-8k-tumor-subtype-slide-retrieval.titan2025-l2-slide-retrieval.majority-vote-at-5-accuracy,titan2025.tcga-ut-8k.tcga-ut-8k-tumor-subtype-slide-retrieval.titan2025-l2-slide-retrieval.majority-vote-at-5-accuracy,task.tcga-ut-8k.tcga-ut-8k-tumor-subtype-slide-retrieval,artifact.tcga-ut-8k,https://media.springernature.com/original/springer-static/esm/art%3A10.1038%2Fs41591-025-03982-3/MediaObjects/41591_2025_3982_MOESM1_ESM.pdf,paper=TITAN|supplementary_table=120|model=TITANV|metric=majority_vote_at_5_accuracy,26321e4018bec7b80f2fe7ea7cc497139c83b44fb60df5128417623ad1f71a70,machine_parsed_single_primary_source,parsed_primary_source,Exact leaf result; protocol variants remain distinct and are not deduplicated by dataset name alone.
titan2025,titan_paper,Supplementary Table 120,tcga-ut-8k,TCGA-UT-8K tumor subtype slide retrieval,slide_retrieval,tumor_subtype,slide,retrieval,7784,slide_retrieval,top1_accuracy,titan2025_l2_slide_retrieval,TITAN vision-language,titan-slide,github:mahmoodlab/TITAN@9e34c66ff66445c6c590da0dbf7acc103d39a40b,0.854,reported_error=0.0039,titan2025.tcga-ut-8k.tcga-ut-8k-tumor-subtype-slide-retrieval.titan2025-l2-slide-retrieval.top1-accuracy,titan2025.tcga-ut-8k.tcga-ut-8k-tumor-subtype-slide-retrieval.titan2025-l2-slide-retrieval.top1-accuracy,task.tcga-ut-8k.tcga-ut-8k-tumor-subtype-slide-retrieval,artifact.tcga-ut-8k,https://media.springernature.com/original/springer-static/esm/art%3A10.1038%2Fs41591-025-03982-3/MediaObjects/41591_2025_3982_MOESM1_ESM.pdf,paper=TITAN|supplementary_table=120|model=TITAN|metric=top1_accuracy,26321e4018bec7b80f2fe7ea7cc497139c83b44fb60df5128417623ad1f71a70,machine_parsed_single_primary_source,parsed_primary_source,Exact leaf result; protocol variants remain distinct and are not deduplicated by dataset name alone.
titan2025,titan_paper,Supplementary Table 120,tcga-ut-8k,TCGA-UT-8K tumor subtype slide retrieval,slide_retrieval,tumor_subtype,slide,retrieval,7784,slide_retrieval,top3_accuracy,titan2025_l2_slide_retrieval,TITAN vision-language,titan-slide,github:mahmoodlab/TITAN@9e34c66ff66445c6c590da0dbf7acc103d39a40b,0.912,reported_error=0.0032,titan2025.tcga-ut-8k.tcga-ut-8k-tumor-subtype-slide-retrieval.titan2025-l2-slide-retrieval.top3-accuracy,titan2025.tcga-ut-8k.tcga-ut-8k-tumor-subtype-slide-retrieval.titan2025-l2-slide-retrieval.top3-accuracy,task.tcga-ut-8k.tcga-ut-8k-tumor-subtype-slide-retrieval,artifact.tcga-ut-8k,https://media.springernature.com/original/springer-static/esm/art%3A10.1038%2Fs41591-025-03982-3/MediaObjects/41591_2025_3982_MOESM1_ESM.pdf,paper=TITAN|supplementary_table=120|model=TITAN|metric=top3_accuracy,26321e4018bec7b80f2fe7ea7cc497139c83b44fb60df5128417623ad1f71a70,machine_parsed_single_primary_source,parsed_primary_source,Exact leaf result; protocol variants remain distinct and are not deduplicated by dataset name alone.
titan2025,titan_paper,Supplementary Table 120,tcga-ut-8k,TCGA-UT-8K tumor subtype slide retrieval,slide_retrieval,tumor_subtype,slide,retrieval,7784,slide_retrieval,majority_vote_at_3_accuracy,titan2025_l2_slide_retrieval,TITAN vision-language,titan-slide,github:mahmoodlab/TITAN@9e34c66ff66445c6c590da0dbf7acc103d39a40b,0.875,reported_error=0.0036,titan2025.tcga-ut-8k.tcga-ut-8k-tumor-subtype-slide-retrieval.titan2025-l2-slide-retrieval.majority-vote-at-3-accuracy,titan2025.tcga-ut-8k.tcga-ut-8k-tumor-subtype-slide-retrieval.titan2025-l2-slide-retrieval.majority-vote-at-3-accuracy,task.tcga-ut-8k.tcga-ut-8k-tumor-subtype-slide-retrieval,artifact.tcga-ut-8k,https://media.springernature.com/original/springer-static/esm/art%3A10.1038%2Fs41591-025-03982-3/MediaObjects/41591_2025_3982_MOESM1_ESM.pdf,paper=TITAN|supplementary_table=120|model=TITAN|metric=majority_vote_at_3_accuracy,26321e4018bec7b80f2fe7ea7cc497139c83b44fb60df5128417623ad1f71a70,machine_parsed_single_primary_source,parsed_primary_source,Exact leaf result; protocol variants remain distinct and are not deduplicated by dataset name alone.
titan2025,titan_paper,Supplementary Table 120,tcga-ut-8k,TCGA-UT-8K tumor subtype slide retrieval,slide_retrieval,tumor_subtype,slide,retrieval,7784,slide_retrieval,top5_accuracy,titan2025_l2_slide_retrieval,TITAN vision-language,titan-slide,github:mahmoodlab/TITAN@9e34c66ff66445c6c590da0dbf7acc103d39a40b,0.931,reported_error=0.0028,titan2025.tcga-ut-8k.tcga-ut-8k-tumor-subtype-slide-retrieval.titan2025-l2-slide-retrieval.top5-accuracy,titan2025.tcga-ut-8k.tcga-ut-8k-tumor-subtype-slide-retrieval.titan2025-l2-slide-retrieval.top5-accuracy,task.tcga-ut-8k.tcga-ut-8k-tumor-subtype-slide-retrieval,artifact.tcga-ut-8k,https://media.springernature.com/original/springer-static/esm/art%3A10.1038%2Fs41591-025-03982-3/MediaObjects/41591_2025_3982_MOESM1_ESM.pdf,paper=TITAN|supplementary_table=120|model=TITAN|metric=top5_accuracy,26321e4018bec7b80f2fe7ea7cc497139c83b44fb60df5128417623ad1f71a70,machine_parsed_single_primary_source,parsed_primary_source,Exact leaf result; protocol variants remain distinct and are not deduplicated by dataset name alone.
titan2025,titan_paper,Supplementary Table 120,tcga-ut-8k,TCGA-UT-8K tumor subtype slide retrieval,slide_retrieval,tumor_subtype,slide,retrieval,7784,slide_retrieval,majority_vote_at_5_accuracy,titan2025_l2_slide_retrieval,TITAN vision-language,titan-slide,github:mahmoodlab/TITAN@9e34c66ff66445c6c590da0dbf7acc103d39a40b,0.876,reported_error=0.0036,titan2025.tcga-ut-8k.tcga-ut-8k-tumor-subtype-slide-retrieval.titan2025-l2-slide-retrieval.majority-vote-at-5-accuracy,titan2025.tcga-ut-8k.tcga-ut-8k-tumor-subtype-slide-retrieval.titan2025-l2-slide-retrieval.majority-vote-at-5-accuracy,task.tcga-ut-8k.tcga-ut-8k-tumor-subtype-slide-retrieval,artifact.tcga-ut-8k,https://media.springernature.com/original/springer-static/esm/art%3A10.1038%2Fs41591-025-03982-3/MediaObjects/41591_2025_3982_MOESM1_ESM.pdf,paper=TITAN|supplementary_table=120|model=TITAN|metric=majority_vote_at_5_accuracy,26321e4018bec7b80f2fe7ea7cc497139c83b44fb60df5128417623ad1f71a70,machine_parsed_single_primary_source,parsed_primary_source,Exact leaf result; protocol variants remain distinct and are not deduplicated by dataset name alone.
titan2025,titan_paper,Supplementary Table 121,tcga-ot,TCGA-OT OncoTree code slide retrieval,slide_retrieval,oncotree_code,slide,retrieval,9149,slide_retrieval,top1_accuracy,titan2025_l2_slide_retrieval,TITAN-V vision-only,titan-v-slide,github:mahmoodlab/TITAN@9e34c66ff66445c6c590da0dbf7acc103d39a40b,0.732,reported_error=0.0123,titan2025.tcga-ot.tcga-ot-oncotree-code-slide-retrieval.titan2025-l2-slide-retrieval.top1-accuracy,titan2025.tcga-ot.tcga-ot-oncotree-code-slide-retrieval.titan2025-l2-slide-retrieval.top1-accuracy,task.tcga-ot.tcga-ot-oncotree-code-slide-retrieval,artifact.tcga-ot,https://media.springernature.com/original/springer-static/esm/art%3A10.1038%2Fs41591-025-03982-3/MediaObjects/41591_2025_3982_MOESM1_ESM.pdf,paper=TITAN|supplementary_table=121|model=TITANV|metric=top1_accuracy,26321e4018bec7b80f2fe7ea7cc497139c83b44fb60df5128417623ad1f71a70,machine_parsed_single_primary_source,parsed_primary_source,Exact leaf result; protocol variants remain distinct and are not deduplicated by dataset name alone.
titan2025,titan_paper,Supplementary Table 121,tcga-ot,TCGA-OT OncoTree code slide retrieval,slide_retrieval,oncotree_code,slide,retrieval,9149,slide_retrieval,top3_accuracy,titan2025_l2_slide_retrieval,TITAN-V vision-only,titan-v-slide,github:mahmoodlab/TITAN@9e34c66ff66445c6c590da0dbf7acc103d39a40b,0.852,reported_error=0.0096,titan2025.tcga-ot.tcga-ot-oncotree-code-slide-retrieval.titan2025-l2-slide-retrieval.top3-accuracy,titan2025.tcga-ot.tcga-ot-oncotree-code-slide-retrieval.titan2025-l2-slide-retrieval.top3-accuracy,task.tcga-ot.tcga-ot-oncotree-code-slide-retrieval,artifact.tcga-ot,https://media.springernature.com/original/springer-static/esm/art%3A10.1038%2Fs41591-025-03982-3/MediaObjects/41591_2025_3982_MOESM1_ESM.pdf,paper=TITAN|supplementary_table=121|model=TITANV|metric=top3_accuracy,26321e4018bec7b80f2fe7ea7cc497139c83b44fb60df5128417623ad1f71a70,machine_parsed_single_primary_source,parsed_primary_source,Exact leaf result; protocol variants remain distinct and are not deduplicated by dataset name alone.
titan2025,titan_paper,Supplementary Table 121,tcga-ot,TCGA-OT OncoTree code slide retrieval,slide_retrieval,oncotree_code,slide,retrieval,9149,slide_retrieval,majority_vote_at_3_accuracy,titan2025_l2_slide_retrieval,TITAN-V vision-only,titan-v-slide,github:mahmoodlab/TITAN@9e34c66ff66445c6c590da0dbf7acc103d39a40b,0.773,reported_error=0.0115,titan2025.tcga-ot.tcga-ot-oncotree-code-slide-retrieval.titan2025-l2-slide-retrieval.majority-vote-at-3-accuracy,titan2025.tcga-ot.tcga-ot-oncotree-code-slide-retrieval.titan2025-l2-slide-retrieval.majority-vote-at-3-accuracy,task.tcga-ot.tcga-ot-oncotree-code-slide-retrieval,artifact.tcga-ot,https://media.springernature.com/original/springer-static/esm/art%3A10.1038%2Fs41591-025-03982-3/MediaObjects/41591_2025_3982_MOESM1_ESM.pdf,paper=TITAN|supplementary_table=121|model=TITANV|metric=majority_vote_at_3_accuracy,26321e4018bec7b80f2fe7ea7cc497139c83b44fb60df5128417623ad1f71a70,machine_parsed_single_primary_source,parsed_primary_source,Exact leaf result; protocol variants remain distinct and are not deduplicated by dataset name alone.
titan2025,titan_paper,Supplementary Table 121,tcga-ot,TCGA-OT OncoTree code slide retrieval,slide_retrieval,oncotree_code,slide,retrieval,9149,slide_retrieval,top5_accuracy,titan2025_l2_slide_retrieval,TITAN-V vision-only,titan-v-slide,github:mahmoodlab/TITAN@9e34c66ff66445c6c590da0dbf7acc103d39a40b,0.902,reported_error=0.0080,titan2025.tcga-ot.tcga-ot-oncotree-code-slide-retrieval.titan2025-l2-slide-retrieval.top5-accuracy,titan2025.tcga-ot.tcga-ot-oncotree-code-slide-retrieval.titan2025-l2-slide-retrieval.top5-accuracy,task.tcga-ot.tcga-ot-oncotree-code-slide-retrieval,artifact.tcga-ot,https://media.springernature.com/original/springer-static/esm/art%3A10.1038%2Fs41591-025-03982-3/MediaObjects/41591_2025_3982_MOESM1_ESM.pdf,paper=TITAN|supplementary_table=121|model=TITANV|metric=top5_accuracy,26321e4018bec7b80f2fe7ea7cc497139c83b44fb60df5128417623ad1f71a70,machine_parsed_single_primary_source,parsed_primary_source,Exact leaf result; protocol variants remain distinct and are not deduplicated by dataset name alone.
titan2025,titan_paper,Supplementary Table 121,tcga-ot,TCGA-OT OncoTree code slide retrieval,slide_retrieval,oncotree_code,slide,retrieval,9149,slide_retrieval,majority_vote_at_5_accuracy,titan2025_l2_slide_retrieval,TITAN-V vision-only,titan-v-slide,github:mahmoodlab/TITAN@9e34c66ff66445c6c590da0dbf7acc103d39a40b,0.766,reported_error=0.0118,titan2025.tcga-ot.tcga-ot-oncotree-code-slide-retrieval.titan2025-l2-slide-retrieval.majority-vote-at-5-accuracy,titan2025.tcga-ot.tcga-ot-oncotree-code-slide-retrieval.titan2025-l2-slide-retrieval.majority-vote-at-5-accuracy,task.tcga-ot.tcga-ot-oncotree-code-slide-retrieval,artifact.tcga-ot,https://media.springernature.com/original/springer-static/esm/art%3A10.1038%2Fs41591-025-03982-3/MediaObjects/41591_2025_3982_MOESM1_ESM.pdf,paper=TITAN|supplementary_table=121|model=TITANV|metric=majority_vote_at_5_accuracy,26321e4018bec7b80f2fe7ea7cc497139c83b44fb60df5128417623ad1f71a70,machine_parsed_single_primary_source,parsed_primary_source,Exact leaf result; protocol variants remain distinct and are not deduplicated by dataset name alone.
titan2025,titan_paper,Supplementary Table 121,tcga-ot,TCGA-OT OncoTree code slide retrieval,slide_retrieval,oncotree_code,slide,retrieval,9149,slide_retrieval,top1_accuracy,titan2025_l2_slide_retrieval,TITAN vision-language,titan-slide,github:mahmoodlab/TITAN@9e34c66ff66445c6c590da0dbf7acc103d39a40b,0.775,reported_error=0.0112,titan2025.tcga-ot.tcga-ot-oncotree-code-slide-retrieval.titan2025-l2-slide-retrieval.top1-accuracy,titan2025.tcga-ot.tcga-ot-oncotree-code-slide-retrieval.titan2025-l2-slide-retrieval.top1-accuracy,task.tcga-ot.tcga-ot-oncotree-code-slide-retrieval,artifact.tcga-ot,https://media.springernature.com/original/springer-static/esm/art%3A10.1038%2Fs41591-025-03982-3/MediaObjects/41591_2025_3982_MOESM1_ESM.pdf,paper=TITAN|supplementary_table=121|model=TITAN|metric=top1_accuracy,26321e4018bec7b80f2fe7ea7cc497139c83b44fb60df5128417623ad1f71a70,machine_parsed_single_primary_source,parsed_primary_source,Exact leaf result; protocol variants remain distinct and are not deduplicated by dataset name alone.
titan2025,titan_paper,Supplementary Table 121,tcga-ot,TCGA-OT OncoTree code slide retrieval,slide_retrieval,oncotree_code,slide,retrieval,9149,slide_retrieval,top3_accuracy,titan2025_l2_slide_retrieval,TITAN vision-language,titan-slide,github:mahmoodlab/TITAN@9e34c66ff66445c6c590da0dbf7acc103d39a40b,0.880,reported_error=0.0086,titan2025.tcga-ot.tcga-ot-oncotree-code-slide-retrieval.titan2025-l2-slide-retrieval.top3-accuracy,titan2025.tcga-ot.tcga-ot-oncotree-code-slide-retrieval.titan2025-l2-slide-retrieval.top3-accuracy,task.tcga-ot.tcga-ot-oncotree-code-slide-retrieval,artifact.tcga-ot,https://media.springernature.com/original/springer-static/esm/art%3A10.1038%2Fs41591-025-03982-3/MediaObjects/41591_2025_3982_MOESM1_ESM.pdf,paper=TITAN|supplementary_table=121|model=TITAN|metric=top3_accuracy,26321e4018bec7b80f2fe7ea7cc497139c83b44fb60df5128417623ad1f71a70,machine_parsed_single_primary_source,parsed_primary_source,Exact leaf result; protocol variants remain distinct and are not deduplicated by dataset name alone.
titan2025,titan_paper,Supplementary Table 121,tcga-ot,TCGA-OT OncoTree code slide retrieval,slide_retrieval,oncotree_code,slide,retrieval,9149,slide_retrieval,majority_vote_at_3_accuracy,titan2025_l2_slide_retrieval,TITAN vision-language,titan-slide,github:mahmoodlab/TITAN@9e34c66ff66445c6c590da0dbf7acc103d39a40b,0.807,reported_error=0.0103,titan2025.tcga-ot.tcga-ot-oncotree-code-slide-retrieval.titan2025-l2-slide-retrieval.majority-vote-at-3-accuracy,titan2025.tcga-ot.tcga-ot-oncotree-code-slide-retrieval.titan2025-l2-slide-retrieval.majority-vote-at-3-accuracy,task.tcga-ot.tcga-ot-oncotree-code-slide-retrieval,artifact.tcga-ot,https://media.springernature.com/original/springer-static/esm/art%3A10.1038%2Fs41591-025-03982-3/MediaObjects/41591_2025_3982_MOESM1_ESM.pdf,paper=TITAN|supplementary_table=121|model=TITAN|metric=majority_vote_at_3_accuracy,26321e4018bec7b80f2fe7ea7cc497139c83b44fb60df5128417623ad1f71a70,machine_parsed_single_primary_source,parsed_primary_source,Exact leaf result; protocol variants remain distinct and are not deduplicated by dataset name alone.
titan2025,titan_paper,Supplementary Table 121,tcga-ot,TCGA-OT OncoTree code slide retrieval,slide_retrieval,oncotree_code,slide,retrieval,9149,slide_retrieval,top5_accuracy,titan2025_l2_slide_retrieval,TITAN vision-language,titan-slide,github:mahmoodlab/TITAN@9e34c66ff66445c6c590da0dbf7acc103d39a40b,0.910,reported_error=0.0078,titan2025.tcga-ot.tcga-ot-oncotree-code-slide-retrieval.titan2025-l2-slide-retrieval.top5-accuracy,titan2025.tcga-ot.tcga-ot-oncotree-code-slide-retrieval.titan2025-l2-slide-retrieval.top5-accuracy,task.tcga-ot.tcga-ot-oncotree-code-slide-retrieval,artifact.tcga-ot,https://media.springernature.com/original/springer-static/esm/art%3A10.1038%2Fs41591-025-03982-3/MediaObjects/41591_2025_3982_MOESM1_ESM.pdf,paper=TITAN|supplementary_table=121|model=TITAN|metric=top5_accuracy,26321e4018bec7b80f2fe7ea7cc497139c83b44fb60df5128417623ad1f71a70,machine_parsed_single_primary_source,parsed_primary_source,Exact leaf result; protocol variants remain distinct and are not deduplicated by dataset name alone.
titan2025,titan_paper,Supplementary Table 121,tcga-ot,TCGA-OT OncoTree code slide retrieval,slide_retrieval,oncotree_code,slide,retrieval,9149,slide_retrieval,majority_vote_at_5_accuracy,titan2025_l2_slide_retrieval,TITAN vision-language,titan-slide,github:mahmoodlab/TITAN@9e34c66ff66445c6c590da0dbf7acc103d39a40b,0.808,reported_error=0.0106,titan2025.tcga-ot.tcga-ot-oncotree-code-slide-retrieval.titan2025-l2-slide-retrieval.majority-vote-at-5-accuracy,titan2025.tcga-ot.tcga-ot-oncotree-code-slide-retrieval.titan2025-l2-slide-retrieval.majority-vote-at-5-accuracy,task.tcga-ot.tcga-ot-oncotree-code-slide-retrieval,artifact.tcga-ot,https://media.springernature.com/original/springer-static/esm/art%3A10.1038%2Fs41591-025-03982-3/MediaObjects/41591_2025_3982_MOESM1_ESM.pdf,paper=TITAN|supplementary_table=121|model=TITAN|metric=majority_vote_at_5_accuracy,26321e4018bec7b80f2fe7ea7cc497139c83b44fb60df5128417623ad1f71a70,machine_parsed_single_primary_source,parsed_primary_source,Exact leaf result; protocol variants remain distinct and are not deduplicated by dataset name alone.
titan2025,titan_paper,Supplementary Table 123,ebrains,EBRAINS tumor type slide retrieval,slide_retrieval,diagnosis,slide,retrieval,2147,slide_retrieval,top1_accuracy,titan2025_l2_slide_retrieval,TITAN-V vision-only,titan-v-slide,github:mahmoodlab/TITAN@9e34c66ff66445c6c590da0dbf7acc103d39a40b,0.687,reported_error=0.0191,titan2025.ebrains.ebrains-tumor-type-slide-retrieval.titan2025-l2-slide-retrieval.top1-accuracy,titan2025.ebrains.ebrains-tumor-type-slide-retrieval.titan2025-l2-slide-retrieval.top1-accuracy,task.ebrains.ebrains-tumor-type-slide-retrieval,artifact.ebrains,https://media.springernature.com/original/springer-static/esm/art%3A10.1038%2Fs41591-025-03982-3/MediaObjects/41591_2025_3982_MOESM1_ESM.pdf,paper=TITAN|supplementary_table=123|model=TITANV|metric=top1_accuracy,26321e4018bec7b80f2fe7ea7cc497139c83b44fb60df5128417623ad1f71a70,machine_parsed_single_primary_source,parsed_primary_source,Exact leaf result; protocol variants remain distinct and are not deduplicated by dataset name alone.
titan2025,titan_paper,Supplementary Table 123,ebrains,EBRAINS tumor type slide retrieval,slide_retrieval,diagnosis,slide,retrieval,2147,slide_retrieval,top3_accuracy,titan2025_l2_slide_retrieval,TITAN-V vision-only,titan-v-slide,github:mahmoodlab/TITAN@9e34c66ff66445c6c590da0dbf7acc103d39a40b,0.848,reported_error=0.0150,titan2025.ebrains.ebrains-tumor-type-slide-retrieval.titan2025-l2-slide-retrieval.top3-accuracy,titan2025.ebrains.ebrains-tumor-type-slide-retrieval.titan2025-l2-slide-retrieval.top3-accuracy,task.ebrains.ebrains-tumor-type-slide-retrieval,artifact.ebrains,https://media.springernature.com/original/springer-static/esm/art%3A10.1038%2Fs41591-025-03982-3/MediaObjects/41591_2025_3982_MOESM1_ESM.pdf,paper=TITAN|supplementary_table=123|model=TITANV|metric=top3_accuracy,26321e4018bec7b80f2fe7ea7cc497139c83b44fb60df5128417623ad1f71a70,machine_parsed_single_primary_source,parsed_primary_source,Exact leaf result; protocol variants remain distinct and are not deduplicated by dataset name alone.
titan2025,titan_paper,Supplementary Table 123,ebrains,EBRAINS tumor type slide retrieval,slide_retrieval,diagnosis,slide,retrieval,2147,slide_retrieval,majority_vote_at_3_accuracy,titan2025_l2_slide_retrieval,TITAN-V vision-only,titan-v-slide,github:mahmoodlab/TITAN@9e34c66ff66445c6c590da0dbf7acc103d39a40b,0.776,reported_error=0.0180,titan2025.ebrains.ebrains-tumor-type-slide-retrieval.titan2025-l2-slide-retrieval.majority-vote-at-3-accuracy,titan2025.ebrains.ebrains-tumor-type-slide-retrieval.titan2025-l2-slide-retrieval.majority-vote-at-3-accuracy,task.ebrains.ebrains-tumor-type-slide-retrieval,artifact.ebrains,https://media.springernature.com/original/springer-static/esm/art%3A10.1038%2Fs41591-025-03982-3/MediaObjects/41591_2025_3982_MOESM1_ESM.pdf,paper=TITAN|supplementary_table=123|model=TITANV|metric=majority_vote_at_3_accuracy,26321e4018bec7b80f2fe7ea7cc497139c83b44fb60df5128417623ad1f71a70,machine_parsed_single_primary_source,parsed_primary_source,Exact leaf result; protocol variants remain distinct and are not deduplicated by dataset name alone.
titan2025,titan_paper,Supplementary Table 123,ebrains,EBRAINS tumor type slide retrieval,slide_retrieval,diagnosis,slide,retrieval,2147,slide_retrieval,top5_accuracy,titan2025_l2_slide_retrieval,TITAN-V vision-only,titan-v-slide,github:mahmoodlab/TITAN@9e34c66ff66445c6c590da0dbf7acc103d39a40b,0.904,reported_error=0.0123,titan2025.ebrains.ebrains-tumor-type-slide-retrieval.titan2025-l2-slide-retrieval.top5-accuracy,titan2025.ebrains.ebrains-tumor-type-slide-retrieval.titan2025-l2-slide-retrieval.top5-accuracy,task.ebrains.ebrains-tumor-type-slide-retrieval,artifact.ebrains,https://media.springernature.com/original/springer-static/esm/art%3A10.1038%2Fs41591-025-03982-3/MediaObjects/41591_2025_3982_MOESM1_ESM.pdf,paper=TITAN|supplementary_table=123|model=TITANV|metric=top5_accuracy,26321e4018bec7b80f2fe7ea7cc497139c83b44fb60df5128417623ad1f71a70,machine_parsed_single_primary_source,parsed_primary_source,Exact leaf result; protocol variants remain distinct and are not deduplicated by dataset name alone.
titan2025,titan_paper,Supplementary Table 123,ebrains,EBRAINS tumor type slide retrieval,slide_retrieval,diagnosis,slide,retrieval,2147,slide_retrieval,majority_vote_at_5_accuracy,titan2025_l2_slide_retrieval,TITAN-V vision-only,titan-v-slide,github:mahmoodlab/TITAN@9e34c66ff66445c6c590da0dbf7acc103d39a40b,0.763,reported_error=0.0181,titan2025.ebrains.ebrains-tumor-type-slide-retrieval.titan2025-l2-slide-retrieval.majority-vote-at-5-accuracy,titan2025.ebrains.ebrains-tumor-type-slide-retrieval.titan2025-l2-slide-retrieval.majority-vote-at-5-accuracy,task.ebrains.ebrains-tumor-type-slide-retrieval,artifact.ebrains,https://media.springernature.com/original/springer-static/esm/art%3A10.1038%2Fs41591-025-03982-3/MediaObjects/41591_2025_3982_MOESM1_ESM.pdf,paper=TITAN|supplementary_table=123|model=TITANV|metric=majority_vote_at_5_accuracy,26321e4018bec7b80f2fe7ea7cc497139c83b44fb60df5128417623ad1f71a70,machine_parsed_single_primary_source,parsed_primary_source,Exact leaf result; protocol variants remain distinct and are not deduplicated by dataset name alone.
titan2025,titan_paper,Supplementary Table 123,ebrains,EBRAINS tumor type slide retrieval,slide_retrieval,diagnosis,slide,retrieval,2147,slide_retrieval,top1_accuracy,titan2025_l2_slide_retrieval,TITAN vision-language,titan-slide,github:mahmoodlab/TITAN@9e34c66ff66445c6c590da0dbf7acc103d39a40b,0.750,reported_error=0.0185,titan2025.ebrains.ebrains-tumor-type-slide-retrieval.titan2025-l2-slide-retrieval.top1-accuracy,titan2025.ebrains.ebrains-tumor-type-slide-retrieval.titan2025-l2-slide-retrieval.top1-accuracy,task.ebrains.ebrains-tumor-type-slide-retrieval,artifact.ebrains,https://media.springernature.com/original/springer-static/esm/art%3A10.1038%2Fs41591-025-03982-3/MediaObjects/41591_2025_3982_MOESM1_ESM.pdf,paper=TITAN|supplementary_table=123|model=TITAN|metric=top1_accuracy,26321e4018bec7b80f2fe7ea7cc497139c83b44fb60df5128417623ad1f71a70,machine_parsed_single_primary_source,parsed_primary_source,Exact leaf result; protocol variants remain distinct and are not deduplicated by dataset name alone.
titan2025,titan_paper,Supplementary Table 123,ebrains,EBRAINS tumor type slide retrieval,slide_retrieval,diagnosis,slide,retrieval,2147,slide_retrieval,top3_accuracy,titan2025_l2_slide_retrieval,TITAN vision-language,titan-slide,github:mahmoodlab/TITAN@9e34c66ff66445c6c590da0dbf7acc103d39a40b,0.865,reported_error=0.0147,titan2025.ebrains.ebrains-tumor-type-slide-retrieval.titan2025-l2-slide-retrieval.top3-accuracy,titan2025.ebrains.ebrains-tumor-type-slide-retrieval.titan2025-l2-slide-retrieval.top3-accuracy,task.ebrains.ebrains-tumor-type-slide-retrieval,artifact.ebrains,https://media.springernature.com/original/springer-static/esm/art%3A10.1038%2Fs41591-025-03982-3/MediaObjects/41591_2025_3982_MOESM1_ESM.pdf,paper=TITAN|supplementary_table=123|model=TITAN|metric=top3_accuracy,26321e4018bec7b80f2fe7ea7cc497139c83b44fb60df5128417623ad1f71a70,machine_parsed_single_primary_source,parsed_primary_source,Exact leaf result; protocol variants remain distinct and are not deduplicated by dataset name alone.
titan2025,titan_paper,Supplementary Table 123,ebrains,EBRAINS tumor type slide retrieval,slide_retrieval,diagnosis,slide,retrieval,2147,slide_retrieval,majority_vote_at_3_accuracy,titan2025_l2_slide_retrieval,TITAN vision-language,titan-slide,github:mahmoodlab/TITAN@9e34c66ff66445c6c590da0dbf7acc103d39a40b,0.809,reported_error=0.0168,titan2025.ebrains.ebrains-tumor-type-slide-retrieval.titan2025-l2-slide-retrieval.majority-vote-at-3-accuracy,titan2025.ebrains.ebrains-tumor-type-slide-retrieval.titan2025-l2-slide-retrieval.majority-vote-at-3-accuracy,task.ebrains.ebrains-tumor-type-slide-retrieval,artifact.ebrains,https://media.springernature.com/original/springer-static/esm/art%3A10.1038%2Fs41591-025-03982-3/MediaObjects/41591_2025_3982_MOESM1_ESM.pdf,paper=TITAN|supplementary_table=123|model=TITAN|metric=majority_vote_at_3_accuracy,26321e4018bec7b80f2fe7ea7cc497139c83b44fb60df5128417623ad1f71a70,machine_parsed_single_primary_source,parsed_primary_source,Exact leaf result; protocol variants remain distinct and are not deduplicated by dataset name alone.
titan2025,titan_paper,Supplementary Table 123,ebrains,EBRAINS tumor type slide retrieval,slide_retrieval,diagnosis,slide,retrieval,2147,slide_retrieval,top5_accuracy,titan2025_l2_slide_retrieval,TITAN vision-language,titan-slide,github:mahmoodlab/TITAN@9e34c66ff66445c6c590da0dbf7acc103d39a40b,0.911,reported_error=0.0123,titan2025.ebrains.ebrains-tumor-type-slide-retrieval.titan2025-l2-slide-retrieval.top5-accuracy,titan2025.ebrains.ebrains-tumor-type-slide-retrieval.titan2025-l2-slide-retrieval.top5-accuracy,task.ebrains.ebrains-tumor-type-slide-retrieval,artifact.ebrains,https://media.springernature.com/original/springer-static/esm/art%3A10.1038%2Fs41591-025-03982-3/MediaObjects/41591_2025_3982_MOESM1_ESM.pdf,paper=TITAN|supplementary_table=123|model=TITAN|metric=top5_accuracy,26321e4018bec7b80f2fe7ea7cc497139c83b44fb60df5128417623ad1f71a70,machine_parsed_single_primary_source,parsed_primary_source,Exact leaf result; protocol variants remain distinct and are not deduplicated by dataset name alone.
titan2025,titan_paper,Supplementary Table 123,ebrains,EBRAINS tumor type slide retrieval,slide_retrieval,diagnosis,slide,retrieval,2147,slide_retrieval,majority_vote_at_5_accuracy,titan2025_l2_slide_retrieval,TITAN vision-language,titan-slide,github:mahmoodlab/TITAN@9e34c66ff66445c6c590da0dbf7acc103d39a40b,0.811,reported_error=0.0167,titan2025.ebrains.ebrains-tumor-type-slide-retrieval.titan2025-l2-slide-retrieval.majority-vote-at-5-accuracy,titan2025.ebrains.ebrains-tumor-type-slide-retrieval.titan2025-l2-slide-retrieval.majority-vote-at-5-accuracy,task.ebrains.ebrains-tumor-type-slide-retrieval,artifact.ebrains,https://media.springernature.com/original/springer-static/esm/art%3A10.1038%2Fs41591-025-03982-3/MediaObjects/41591_2025_3982_MOESM1_ESM.pdf,paper=TITAN|supplementary_table=123|model=TITAN|metric=majority_vote_at_5_accuracy,26321e4018bec7b80f2fe7ea7cc497139c83b44fb60df5128417623ad1f71a70,machine_parsed_single_primary_source,parsed_primary_source,Exact leaf result; protocol variants remain distinct and are not deduplicated by dataset name alone.
titan2025,titan_paper,Supplementary Table 119,rare-cancers-public,Rare-Cancers-Public slide retrieval,slide_retrieval,oncotree_code_29_class,slide,retrieval,not_reported_total,slide_retrieval,top1_accuracy,titan2025_l2_slide_retrieval,TITAN-V vision-only,titan-v-slide,github:mahmoodlab/TITAN@9e34c66ff66445c6c590da0dbf7acc103d39a40b,0.549,reported_error=0.0236,titan2025.rare-cancers-public.rare-cancers-public-slide-retrieval.titan2025-l2-slide-retrieval.top1-accuracy,titan2025.rare-cancers-public.rare-cancers-public-slide-retrieval.titan2025-l2-slide-retrieval.top1-accuracy,task.rare-cancers-public.rare-cancers-public-slide-retrieval,artifact.rare-cancers-public,https://media.springernature.com/original/springer-static/esm/art%3A10.1038%2Fs41591-025-03982-3/MediaObjects/41591_2025_3982_MOESM1_ESM.pdf,paper=TITAN|supplementary_table=119|model=TITANV|metric=top1_accuracy,26321e4018bec7b80f2fe7ea7cc497139c83b44fb60df5128417623ad1f71a70,machine_parsed_single_primary_source,parsed_primary_source,Exact leaf result; protocol variants remain distinct and are not deduplicated by dataset name alone.
titan2025,titan_paper,Supplementary Table 119,rare-cancers-public,Rare-Cancers-Public slide retrieval,slide_retrieval,oncotree_code_29_class,slide,retrieval,not_reported_total,slide_retrieval,top3_accuracy,titan2025_l2_slide_retrieval,TITAN-V vision-only,titan-v-slide,github:mahmoodlab/TITAN@9e34c66ff66445c6c590da0dbf7acc103d39a40b,0.743,reported_error=0.0269,titan2025.rare-cancers-public.rare-cancers-public-slide-retrieval.titan2025-l2-slide-retrieval.top3-accuracy,titan2025.rare-cancers-public.rare-cancers-public-slide-retrieval.titan2025-l2-slide-retrieval.top3-accuracy,task.rare-cancers-public.rare-cancers-public-slide-retrieval,artifact.rare-cancers-public,https://media.springernature.com/original/springer-static/esm/art%3A10.1038%2Fs41591-025-03982-3/MediaObjects/41591_2025_3982_MOESM1_ESM.pdf,paper=TITAN|supplementary_table=119|model=TITANV|metric=top3_accuracy,26321e4018bec7b80f2fe7ea7cc497139c83b44fb60df5128417623ad1f71a70,machine_parsed_single_primary_source,parsed_primary_source,Exact leaf result; protocol variants remain distinct and are not deduplicated by dataset name alone.
titan2025,titan_paper,Supplementary Table 119,rare-cancers-public,Rare-Cancers-Public slide retrieval,slide_retrieval,oncotree_code_29_class,slide,retrieval,not_reported_total,slide_retrieval,majority_vote_at_3_accuracy,titan2025_l2_slide_retrieval,TITAN-V vision-only,titan-v-slide,github:mahmoodlab/TITAN@9e34c66ff66445c6c590da0dbf7acc103d39a40b,0.614,reported_error=0.0301,titan2025.rare-cancers-public.rare-cancers-public-slide-retrieval.titan2025-l2-slide-retrieval.majority-vote-at-3-accuracy,titan2025.rare-cancers-public.rare-cancers-public-slide-retrieval.titan2025-l2-slide-retrieval.majority-vote-at-3-accuracy,task.rare-cancers-public.rare-cancers-public-slide-retrieval,artifact.rare-cancers-public,https://media.springernature.com/original/springer-static/esm/art%3A10.1038%2Fs41591-025-03982-3/MediaObjects/41591_2025_3982_MOESM1_ESM.pdf,paper=TITAN|supplementary_table=119|model=TITANV|metric=majority_vote_at_3_accuracy,26321e4018bec7b80f2fe7ea7cc497139c83b44fb60df5128417623ad1f71a70,machine_parsed_single_primary_source,parsed_primary_source,Exact leaf result; protocol variants remain distinct and are not deduplicated by dataset name alone.
titan2025,titan_paper,Supplementary Table 119,rare-cancers-public,Rare-Cancers-Public slide retrieval,slide_retrieval,oncotree_code_29_class,slide,retrieval,not_reported_total,slide_retrieval,top5_accuracy,titan2025_l2_slide_retrieval,TITAN-V vision-only,titan-v-slide,github:mahmoodlab/TITAN@9e34c66ff66445c6c590da0dbf7acc103d39a40b,0.814,reported_error=0.0273,titan2025.rare-cancers-public.rare-cancers-public-slide-retrieval.titan2025-l2-slide-retrieval.top5-accuracy,titan2025.rare-cancers-public.rare-cancers-public-slide-retrieval.titan2025-l2-slide-retrieval.top5-accuracy,task.rare-cancers-public.rare-cancers-public-slide-retrieval,artifact.rare-cancers-public,https://media.springernature.com/original/springer-static/esm/art%3A10.1038%2Fs41591-025-03982-3/MediaObjects/41591_2025_3982_MOESM1_ESM.pdf,paper=TITAN|supplementary_table=119|model=TITANV|metric=top5_accuracy,26321e4018bec7b80f2fe7ea7cc497139c83b44fb60df5128417623ad1f71a70,machine_parsed_single_primary_source,parsed_primary_source,Exact leaf result; protocol variants remain distinct and are not deduplicated by dataset name alone.
titan2025,titan_paper,Supplementary Table 119,rare-cancers-public,Rare-Cancers-Public slide retrieval,slide_retrieval,oncotree_code_29_class,slide,retrieval,not_reported_total,slide_retrieval,majority_vote_at_5_accuracy,titan2025_l2_slide_retrieval,TITAN-V vision-only,titan-v-slide,github:mahmoodlab/TITAN@9e34c66ff66445c6c590da0dbf7acc103d39a40b,0.601,reported_error=0.0370,titan2025.rare-cancers-public.rare-cancers-public-slide-retrieval.titan2025-l2-slide-retrieval.majority-vote-at-5-accuracy,titan2025.rare-cancers-public.rare-cancers-public-slide-retrieval.titan2025-l2-slide-retrieval.majority-vote-at-5-accuracy,task.rare-cancers-public.rare-cancers-public-slide-retrieval,artifact.rare-cancers-public,https://media.springernature.com/original/springer-static/esm/art%3A10.1038%2Fs41591-025-03982-3/MediaObjects/41591_2025_3982_MOESM1_ESM.pdf,paper=TITAN|supplementary_table=119|model=TITANV|metric=majority_vote_at_5_accuracy,26321e4018bec7b80f2fe7ea7cc497139c83b44fb60df5128417623ad1f71a70,machine_parsed_single_primary_source,parsed_primary_source,Exact leaf result; protocol variants remain distinct and are not deduplicated by dataset name alone.
titan2025,titan_paper,Supplementary Table 119,rare-cancers-public,Rare-Cancers-Public slide retrieval,slide_retrieval,oncotree_code_29_class,slide,retrieval,not_reported_total,slide_retrieval,top1_accuracy,titan2025_l2_slide_retrieval,TITAN vision-language,titan-slide,github:mahmoodlab/TITAN@9e34c66ff66445c6c590da0dbf7acc103d39a40b,0.555,reported_error=0.0289,titan2025.rare-cancers-public.rare-cancers-public-slide-retrieval.titan2025-l2-slide-retrieval.top1-accuracy,titan2025.rare-cancers-public.rare-cancers-public-slide-retrieval.titan2025-l2-slide-retrieval.top1-accuracy,task.rare-cancers-public.rare-cancers-public-slide-retrieval,artifact.rare-cancers-public,https://media.springernature.com/original/springer-static/esm/art%3A10.1038%2Fs41591-025-03982-3/MediaObjects/41591_2025_3982_MOESM1_ESM.pdf,paper=TITAN|supplementary_table=119|model=TITAN|metric=top1_accuracy,26321e4018bec7b80f2fe7ea7cc497139c83b44fb60df5128417623ad1f71a70,machine_parsed_single_primary_source,parsed_primary_source,Exact leaf result; protocol variants remain distinct and are not deduplicated by dataset name alone.
titan2025,titan_paper,Supplementary Table 119,rare-cancers-public,Rare-Cancers-Public slide retrieval,slide_retrieval,oncotree_code_29_class,slide,retrieval,not_reported_total,slide_retrieval,top3_accuracy,titan2025_l2_slide_retrieval,TITAN vision-language,titan-slide,github:mahmoodlab/TITAN@9e34c66ff66445c6c590da0dbf7acc103d39a40b,0.754,reported_error=0.0126,titan2025.rare-cancers-public.rare-cancers-public-slide-retrieval.titan2025-l2-slide-retrieval.top3-accuracy,titan2025.rare-cancers-public.rare-cancers-public-slide-retrieval.titan2025-l2-slide-retrieval.top3-accuracy,task.rare-cancers-public.rare-cancers-public-slide-retrieval,artifact.rare-cancers-public,https://media.springernature.com/original/springer-static/esm/art%3A10.1038%2Fs41591-025-03982-3/MediaObjects/41591_2025_3982_MOESM1_ESM.pdf,paper=TITAN|supplementary_table=119|model=TITAN|metric=top3_accuracy,26321e4018bec7b80f2fe7ea7cc497139c83b44fb60df5128417623ad1f71a70,machine_parsed_single_primary_source,parsed_primary_source,Exact leaf result; protocol variants remain distinct and are not deduplicated by dataset name alone.
titan2025,titan_paper,Supplementary Table 119,rare-cancers-public,Rare-Cancers-Public slide retrieval,slide_retrieval,oncotree_code_29_class,slide,retrieval,not_reported_total,slide_retrieval,majority_vote_at_3_accuracy,titan2025_l2_slide_retrieval,TITAN vision-language,titan-slide,github:mahmoodlab/TITAN@9e34c66ff66445c6c590da0dbf7acc103d39a40b,0.647,reported_error=0.0244,titan2025.rare-cancers-public.rare-cancers-public-slide-retrieval.titan2025-l2-slide-retrieval.majority-vote-at-3-accuracy,titan2025.rare-cancers-public.rare-cancers-public-slide-retrieval.titan2025-l2-slide-retrieval.majority-vote-at-3-accuracy,task.rare-cancers-public.rare-cancers-public-slide-retrieval,artifact.rare-cancers-public,https://media.springernature.com/original/springer-static/esm/art%3A10.1038%2Fs41591-025-03982-3/MediaObjects/41591_2025_3982_MOESM1_ESM.pdf,paper=TITAN|supplementary_table=119|model=TITAN|metric=majority_vote_at_3_accuracy,26321e4018bec7b80f2fe7ea7cc497139c83b44fb60df5128417623ad1f71a70,machine_parsed_single_primary_source,parsed_primary_source,Exact leaf result; protocol variants remain distinct and are not deduplicated by dataset name alone.
titan2025,titan_paper,Supplementary Table 119,rare-cancers-public,Rare-Cancers-Public slide retrieval,slide_retrieval,oncotree_code_29_class,slide,retrieval,not_reported_total,slide_retrieval,top5_accuracy,titan2025_l2_slide_retrieval,TITAN vision-language,titan-slide,github:mahmoodlab/TITAN@9e34c66ff66445c6c590da0dbf7acc103d39a40b,0.832,reported_error=0.0192,titan2025.rare-cancers-public.rare-cancers-public-slide-retrieval.titan2025-l2-slide-retrieval.top5-accuracy,titan2025.rare-cancers-public.rare-cancers-public-slide-retrieval.titan2025-l2-slide-retrieval.top5-accuracy,task.rare-cancers-public.rare-cancers-public-slide-retrieval,artifact.rare-cancers-public,https://media.springernature.com/original/springer-static/esm/art%3A10.1038%2Fs41591-025-03982-3/MediaObjects/41591_2025_3982_MOESM1_ESM.pdf,paper=TITAN|supplementary_table=119|model=TITAN|metric=top5_accuracy,26321e4018bec7b80f2fe7ea7cc497139c83b44fb60df5128417623ad1f71a70,machine_parsed_single_primary_source,parsed_primary_source,Exact leaf result; protocol variants remain distinct and are not deduplicated by dataset name alone.
titan2025,titan_paper,Supplementary Table 119,rare-cancers-public,Rare-Cancers-Public slide retrieval,slide_retrieval,oncotree_code_29_class,slide,retrieval,not_reported_total,slide_retrieval,majority_vote_at_5_accuracy,titan2025_l2_slide_retrieval,TITAN vision-language,titan-slide,github:mahmoodlab/TITAN@9e34c66ff66445c6c590da0dbf7acc103d39a40b,0.636,reported_error=0.0187,titan2025.rare-cancers-public.rare-cancers-public-slide-retrieval.titan2025-l2-slide-retrieval.majority-vote-at-5-accuracy,titan2025.rare-cancers-public.rare-cancers-public-slide-retrieval.titan2025-l2-slide-retrieval.majority-vote-at-5-accuracy,task.rare-cancers-public.rare-cancers-public-slide-retrieval,artifact.rare-cancers-public,https://media.springernature.com/original/springer-static/esm/art%3A10.1038%2Fs41591-025-03982-3/MediaObjects/41591_2025_3982_MOESM1_ESM.pdf,paper=TITAN|supplementary_table=119|model=TITAN|metric=majority_vote_at_5_accuracy,26321e4018bec7b80f2fe7ea7cc497139c83b44fb60df5128417623ad1f71a70,machine_parsed_single_primary_source,parsed_primary_source,Exact leaf result; protocol variants remain distinct and are not deduplicated by dataset name alone.
titan2025,titan_paper,Supplementary Table 126,tcga-slide-reports,TCGA Slide-Reports report to slide,cross_modal_retrieval,report_to_slide,slide_report_pair,retrieval,not_reported_total,cross_modal_retrieval,recall_at_1,titan2025_report_to_slide_retrieval,TITAN vision-language,titan-slide,github:mahmoodlab/TITAN@9e34c66ff66445c6c590da0dbf7acc103d39a40b,0.784,reported_error=0.0042,titan2025.tcga-slide-reports.tcga-slide-reports-report-to-slide.titan2025-report-to-slide-retrieval.recall-at-1,titan2025.tcga-slide-reports.tcga-slide-reports-report-to-slide.titan2025-report-to-slide-retrieval.recall-at-1,task.tcga-slide-reports.tcga-slide-reports-report-to-slide,artifact.tcga-slide-reports,https://media.springernature.com/original/springer-static/esm/art%3A10.1038%2Fs41591-025-03982-3/MediaObjects/41591_2025_3982_MOESM1_ESM.pdf,paper=TITAN|supplementary_table=126|model=TITAN|metric=recall_at_1,26321e4018bec7b80f2fe7ea7cc497139c83b44fb60df5128417623ad1f71a70,machine_parsed_single_primary_source,parsed_primary_source,Exact leaf result; protocol variants remain distinct and are not deduplicated by dataset name alone.
titan2025,titan_paper,Supplementary Table 126,tcga-slide-reports,TCGA Slide-Reports report to slide,cross_modal_retrieval,report_to_slide,slide_report_pair,retrieval,not_reported_total,cross_modal_retrieval,recall_at_3,titan2025_report_to_slide_retrieval,TITAN vision-language,titan-slide,github:mahmoodlab/TITAN@9e34c66ff66445c6c590da0dbf7acc103d39a40b,0.906,reported_error=0.0029,titan2025.tcga-slide-reports.tcga-slide-reports-report-to-slide.titan2025-report-to-slide-retrieval.recall-at-3,titan2025.tcga-slide-reports.tcga-slide-reports-report-to-slide.titan2025-report-to-slide-retrieval.recall-at-3,task.tcga-slide-reports.tcga-slide-reports-report-to-slide,artifact.tcga-slide-reports,https://media.springernature.com/original/springer-static/esm/art%3A10.1038%2Fs41591-025-03982-3/MediaObjects/41591_2025_3982_MOESM1_ESM.pdf,paper=TITAN|supplementary_table=126|model=TITAN|metric=recall_at_3,26321e4018bec7b80f2fe7ea7cc497139c83b44fb60df5128417623ad1f71a70,machine_parsed_single_primary_source,parsed_primary_source,Exact leaf result; protocol variants remain distinct and are not deduplicated by dataset name alone.
titan2025,titan_paper,Supplementary Table 126,tcga-slide-reports,TCGA Slide-Reports report to slide,cross_modal_retrieval,report_to_slide,slide_report_pair,retrieval,not_reported_total,cross_modal_retrieval,recall_at_5,titan2025_report_to_slide_retrieval,TITAN vision-language,titan-slide,github:mahmoodlab/TITAN@9e34c66ff66445c6c590da0dbf7acc103d39a40b,0.938,reported_error=0.0024,titan2025.tcga-slide-reports.tcga-slide-reports-report-to-slide.titan2025-report-to-slide-retrieval.recall-at-5,titan2025.tcga-slide-reports.tcga-slide-reports-report-to-slide.titan2025-report-to-slide-retrieval.recall-at-5,task.tcga-slide-reports.tcga-slide-reports-report-to-slide,artifact.tcga-slide-reports,https://media.springernature.com/original/springer-static/esm/art%3A10.1038%2Fs41591-025-03982-3/MediaObjects/41591_2025_3982_MOESM1_ESM.pdf,paper=TITAN|supplementary_table=126|model=TITAN|metric=recall_at_5,26321e4018bec7b80f2fe7ea7cc497139c83b44fb60df5128417623ad1f71a70,machine_parsed_single_primary_source,parsed_primary_source,Exact leaf result; protocol variants remain distinct and are not deduplicated by dataset name alone.
titan2025,titan_paper,Supplementary Table 126,tcga-slide-reports,TCGA Slide-Reports report to slide,cross_modal_retrieval,report_to_slide,slide_report_pair,retrieval,not_reported_total,cross_modal_retrieval,recall_at_10,titan2025_report_to_slide_retrieval,TITAN vision-language,titan-slide,github:mahmoodlab/TITAN@9e34c66ff66445c6c590da0dbf7acc103d39a40b,0.972,reported_error=0.0017,titan2025.tcga-slide-reports.tcga-slide-reports-report-to-slide.titan2025-report-to-slide-retrieval.recall-at-10,titan2025.tcga-slide-reports.tcga-slide-reports-report-to-slide.titan2025-report-to-slide-retrieval.recall-at-10,task.tcga-slide-reports.tcga-slide-reports-report-to-slide,artifact.tcga-slide-reports,https://media.springernature.com/original/springer-static/esm/art%3A10.1038%2Fs41591-025-03982-3/MediaObjects/41591_2025_3982_MOESM1_ESM.pdf,paper=TITAN|supplementary_table=126|model=TITAN|metric=recall_at_10,26321e4018bec7b80f2fe7ea7cc497139c83b44fb60df5128417623ad1f71a70,machine_parsed_single_primary_source,parsed_primary_source,Exact leaf result; protocol variants remain distinct and are not deduplicated by dataset name alone.
titan2025,titan_paper,Supplementary Table 126,tcga-slide-reports,TCGA Slide-Reports report to slide,cross_modal_retrieval,report_to_slide,slide_report_pair,retrieval,not_reported_total,cross_modal_retrieval,mean_recall,titan2025_report_to_slide_retrieval,TITAN vision-language,titan-slide,github:mahmoodlab/TITAN@9e34c66ff66445c6c590da0dbf7acc103d39a40b,0.900,reported_error=0.0023,titan2025.tcga-slide-reports.tcga-slide-reports-report-to-slide.titan2025-report-to-slide-retrieval.mean-recall,titan2025.tcga-slide-reports.tcga-slide-reports-report-to-slide.titan2025-report-to-slide-retrieval.mean-recall,task.tcga-slide-reports.tcga-slide-reports-report-to-slide,artifact.tcga-slide-reports,https://media.springernature.com/original/springer-static/esm/art%3A10.1038%2Fs41591-025-03982-3/MediaObjects/41591_2025_3982_MOESM1_ESM.pdf,paper=TITAN|supplementary_table=126|model=TITAN|metric=mean_recall,26321e4018bec7b80f2fe7ea7cc497139c83b44fb60df5128417623ad1f71a70,machine_parsed_single_primary_source,parsed_primary_source,Exact leaf result; protocol variants remain distinct and are not deduplicated by dataset name alone.
titan2025,titan_paper,Supplementary Table 127,tcga-slide-reports,TCGA Slide-Reports slide to report,cross_modal_retrieval,slide_to_report,slide_report_pair,retrieval,not_reported_total,cross_modal_retrieval,recall_at_1,titan2025_slide_to_report_retrieval,TITAN vision-language,titan-slide,github:mahmoodlab/TITAN@9e34c66ff66445c6c590da0dbf7acc103d39a40b,0.752,reported_error=0.0042,titan2025.tcga-slide-reports.tcga-slide-reports-slide-to-report.titan2025-slide-to-report-retrieval.recall-at-1,titan2025.tcga-slide-reports.tcga-slide-reports-slide-to-report.titan2025-slide-to-report-retrieval.recall-at-1,task.tcga-slide-reports.tcga-slide-reports-slide-to-report,artifact.tcga-slide-reports,https://media.springernature.com/original/springer-static/esm/art%3A10.1038%2Fs41591-025-03982-3/MediaObjects/41591_2025_3982_MOESM1_ESM.pdf,paper=TITAN|supplementary_table=127|model=TITAN|metric=recall_at_1,26321e4018bec7b80f2fe7ea7cc497139c83b44fb60df5128417623ad1f71a70,machine_parsed_single_primary_source,parsed_primary_source,Exact leaf result; protocol variants remain distinct and are not deduplicated by dataset name alone.
titan2025,titan_paper,Supplementary Table 127,tcga-slide-reports,TCGA Slide-Reports slide to report,cross_modal_retrieval,slide_to_report,slide_report_pair,retrieval,not_reported_total,cross_modal_retrieval,recall_at_3,titan2025_slide_to_report_retrieval,TITAN vision-language,titan-slide,github:mahmoodlab/TITAN@9e34c66ff66445c6c590da0dbf7acc103d39a40b,0.838,reported_error=0.0037,titan2025.tcga-slide-reports.tcga-slide-reports-slide-to-report.titan2025-slide-to-report-retrieval.recall-at-3,titan2025.tcga-slide-reports.tcga-slide-reports-slide-to-report.titan2025-slide-to-report-retrieval.recall-at-3,task.tcga-slide-reports.tcga-slide-reports-slide-to-report,artifact.tcga-slide-reports,https://media.springernature.com/original/springer-static/esm/art%3A10.1038%2Fs41591-025-03982-3/MediaObjects/41591_2025_3982_MOESM1_ESM.pdf,paper=TITAN|supplementary_table=127|model=TITAN|metric=recall_at_3,26321e4018bec7b80f2fe7ea7cc497139c83b44fb60df5128417623ad1f71a70,machine_parsed_single_primary_source,parsed_primary_source,Exact leaf result; protocol variants remain distinct and are not deduplicated by dataset name alone.
titan2025,titan_paper,Supplementary Table 127,tcga-slide-reports,TCGA Slide-Reports slide to report,cross_modal_retrieval,slide_to_report,slide_report_pair,retrieval,not_reported_total,cross_modal_retrieval,recall_at_5,titan2025_slide_to_report_retrieval,TITAN vision-language,titan-slide,github:mahmoodlab/TITAN@9e34c66ff66445c6c590da0dbf7acc103d39a40b,0.871,reported_error=0.0033,titan2025.tcga-slide-reports.tcga-slide-reports-slide-to-report.titan2025-slide-to-report-retrieval.recall-at-5,titan2025.tcga-slide-reports.tcga-slide-reports-slide-to-report.titan2025-slide-to-report-retrieval.recall-at-5,task.tcga-slide-reports.tcga-slide-reports-slide-to-report,artifact.tcga-slide-reports,https://media.springernature.com/original/springer-static/esm/art%3A10.1038%2Fs41591-025-03982-3/MediaObjects/41591_2025_3982_MOESM1_ESM.pdf,paper=TITAN|supplementary_table=127|model=TITAN|metric=recall_at_5,26321e4018bec7b80f2fe7ea7cc497139c83b44fb60df5128417623ad1f71a70,machine_parsed_single_primary_source,parsed_primary_source,Exact leaf result; protocol variants remain distinct and are not deduplicated by dataset name alone.
titan2025,titan_paper,Supplementary Table 127,tcga-slide-reports,TCGA Slide-Reports slide to report,cross_modal_retrieval,slide_to_report,slide_report_pair,retrieval,not_reported_total,cross_modal_retrieval,recall_at_10,titan2025_slide_to_report_retrieval,TITAN vision-language,titan-slide,github:mahmoodlab/TITAN@9e34c66ff66445c6c590da0dbf7acc103d39a40b,0.908,reported_error=0.0028,titan2025.tcga-slide-reports.tcga-slide-reports-slide-to-report.titan2025-slide-to-report-retrieval.recall-at-10,titan2025.tcga-slide-reports.tcga-slide-reports-slide-to-report.titan2025-slide-to-report-retrieval.recall-at-10,task.tcga-slide-reports.tcga-slide-reports-slide-to-report,artifact.tcga-slide-reports,https://media.springernature.com/original/springer-static/esm/art%3A10.1038%2Fs41591-025-03982-3/MediaObjects/41591_2025_3982_MOESM1_ESM.pdf,paper=TITAN|supplementary_table=127|model=TITAN|metric=recall_at_10,26321e4018bec7b80f2fe7ea7cc497139c83b44fb60df5128417623ad1f71a70,machine_parsed_single_primary_source,parsed_primary_source,Exact leaf result; protocol variants remain distinct and are not deduplicated by dataset name alone.
titan2025,titan_paper,Supplementary Table 127,tcga-slide-reports,TCGA Slide-Reports slide to report,cross_modal_retrieval,slide_to_report,slide_report_pair,retrieval,not_reported_total,cross_modal_retrieval,mean_recall,titan2025_slide_to_report_retrieval,TITAN vision-language,titan-slide,github:mahmoodlab/TITAN@9e34c66ff66445c6c590da0dbf7acc103d39a40b,0.842,reported_error=0.0031,titan2025.tcga-slide-reports.tcga-slide-reports-slide-to-report.titan2025-slide-to-report-retrieval.mean-recall,titan2025.tcga-slide-reports.tcga-slide-reports-slide-to-report.titan2025-slide-to-report-retrieval.mean-recall,task.tcga-slide-reports.tcga-slide-reports-slide-to-report,artifact.tcga-slide-reports,https://media.springernature.com/original/springer-static/esm/art%3A10.1038%2Fs41591-025-03982-3/MediaObjects/41591_2025_3982_MOESM1_ESM.pdf,paper=TITAN|supplementary_table=127|model=TITAN|metric=mean_recall,26321e4018bec7b80f2fe7ea7cc497139c83b44fb60df5128417623ad1f71a70,machine_parsed_single_primary_source,parsed_primary_source,Exact leaf result; protocol variants remain distinct and are not deduplicated by dataset name alone.
