"source_id","source_revision","source_sha256","source_locator","model_alias","model_id","evaluation_id","dataset_id","task_family","metric","value","uncertainty","embedding_recipe","protocol","reference_url","disposition","disposition_reason"
"hoptimus1_official_report","published:2025-04-01","a46ad75f2194ac2700eedfde6cef0edde5b56ff59438fa724cf53e4adc997bf3","Table 1|model=H-optimus-1|column=idc","H-optimus-1","h-optimus-1","hest.hoptimus1report2025.idc.gene_expression","idc","spatial_transcriptomics","pearson_r",".602","standard_deviation=.081","cls_token","Exact HEST procedure; CLS-token embedding; Pearson correlation.","https://www.bioptimus.com/news/bioptimus-launches-h-optimus-1","accepted_public_leaf","Public HEST leaf cell under the report-version protocol."
"hoptimus1_official_report","published:2025-04-01","a46ad75f2194ac2700eedfde6cef0edde5b56ff59438fa724cf53e4adc997bf3","Table 1|model=H-optimus-1|column=prad","H-optimus-1","h-optimus-1","hest.hoptimus1report2025.prad.gene_expression","prad","spatial_transcriptomics","pearson_r",".378","standard_deviation=.012","cls_token","Exact HEST procedure; CLS-token embedding; Pearson correlation.","https://www.bioptimus.com/news/bioptimus-launches-h-optimus-1","accepted_public_leaf","Public HEST leaf cell under the report-version protocol."
"hoptimus1_official_report","published:2025-04-01","a46ad75f2194ac2700eedfde6cef0edde5b56ff59438fa724cf53e4adc997bf3","Table 1|model=H-optimus-1|column=paad","H-optimus-1","h-optimus-1","hest.hoptimus1report2025.paad.gene_expression","paad","spatial_transcriptomics","pearson_r",".496","standard_deviation=.051","cls_token","Exact HEST procedure; CLS-token embedding; Pearson correlation.","https://www.bioptimus.com/news/bioptimus-launches-h-optimus-1","accepted_public_leaf","Public HEST leaf cell under the report-version protocol."
"hoptimus1_official_report","published:2025-04-01","a46ad75f2194ac2700eedfde6cef0edde5b56ff59438fa724cf53e4adc997bf3","Table 1|model=H-optimus-1|column=skcm","H-optimus-1","h-optimus-1","hest.hoptimus1report2025.skcm.gene_expression","skcm","spatial_transcriptomics","pearson_r",".659","standard_deviation=.048","cls_token","Exact HEST procedure; CLS-token embedding; Pearson correlation.","https://www.bioptimus.com/news/bioptimus-launches-h-optimus-1","accepted_public_leaf","Public HEST leaf cell under the report-version protocol."
"hoptimus1_official_report","published:2025-04-01","a46ad75f2194ac2700eedfde6cef0edde5b56ff59438fa724cf53e4adc997bf3","Table 1|model=H-optimus-1|column=coad","H-optimus-1","h-optimus-1","hest.hoptimus1report2025.coad.gene_expression","coad","spatial_transcriptomics","pearson_r",".320","standard_deviation=.016","cls_token","Exact HEST procedure; CLS-token embedding; Pearson correlation.","https://www.bioptimus.com/news/bioptimus-launches-h-optimus-1","accepted_public_leaf","Public HEST leaf cell under the report-version protocol."
"hoptimus1_official_report","published:2025-04-01","a46ad75f2194ac2700eedfde6cef0edde5b56ff59438fa724cf53e4adc997bf3","Table 1|model=H-optimus-1|column=read","H-optimus-1","h-optimus-1","hest.hoptimus1report2025.read.gene_expression","read","spatial_transcriptomics","pearson_r",".242","standard_deviation=.015","cls_token","Exact HEST procedure; CLS-token embedding; Pearson correlation.","https://www.bioptimus.com/news/bioptimus-launches-h-optimus-1","accepted_public_leaf","Public HEST leaf cell under the report-version protocol."
"hoptimus1_official_report","published:2025-04-01","a46ad75f2194ac2700eedfde6cef0edde5b56ff59438fa724cf53e4adc997bf3","Table 1|model=H-optimus-1|column=ccrcc","H-optimus-1","h-optimus-1","hest.hoptimus1report2025.ccrcc.gene_expression","ccrcc","spatial_transcriptomics","pearson_r",".245","standard_deviation=.125","cls_token","Exact HEST procedure; CLS-token embedding; Pearson correlation.","https://www.bioptimus.com/news/bioptimus-launches-h-optimus-1","accepted_public_leaf","Public HEST leaf cell under the report-version protocol."
"hoptimus1_official_report","published:2025-04-01","a46ad75f2194ac2700eedfde6cef0edde5b56ff59438fa724cf53e4adc997bf3","Table 1|model=H-optimus-1|column=lung","H-optimus-1","h-optimus-1","hest.hoptimus1report2025.lung.gene_expression","lung","spatial_transcriptomics","pearson_r",".578","standard_deviation=.012","cls_token","Exact HEST procedure; CLS-token embedding; Pearson correlation.","https://www.bioptimus.com/news/bioptimus-launches-h-optimus-1","accepted_public_leaf","Public HEST leaf cell under the report-version protocol."
"hoptimus1_official_report","published:2025-04-01","a46ad75f2194ac2700eedfde6cef0edde5b56ff59438fa724cf53e4adc997bf3","Table 1|model=H-optimus-1|column=lymph_idc","H-optimus-1","h-optimus-1","hest.hoptimus1report2025.lymph_idc.gene_expression","lymph_idc","spatial_transcriptomics","pearson_r",".277","standard_deviation=.039","cls_token","Exact HEST procedure; CLS-token embedding; Pearson correlation.","https://www.bioptimus.com/news/bioptimus-launches-h-optimus-1","accepted_public_leaf","Public HEST leaf cell under the report-version protocol."
"hoptimus1_official_report","published:2025-04-01","a46ad75f2194ac2700eedfde6cef0edde5b56ff59438fa724cf53e4adc997bf3","Table 1|model=UNI2-h|column=idc","UNI2-h","uni2-h","hest.hoptimus1report2025.idc.gene_expression","idc","spatial_transcriptomics","pearson_r",".590","standard_deviation=.081","cls_token","Exact HEST procedure; CLS-token embedding; Pearson correlation.","https://www.bioptimus.com/news/bioptimus-launches-h-optimus-1","accepted_public_leaf","Public HEST leaf cell under the report-version protocol."
"hoptimus1_official_report","published:2025-04-01","a46ad75f2194ac2700eedfde6cef0edde5b56ff59438fa724cf53e4adc997bf3","Table 1|model=UNI2-h|column=prad","UNI2-h","uni2-h","hest.hoptimus1report2025.prad.gene_expression","prad","spatial_transcriptomics","pearson_r",".357","standard_deviation=.049","cls_token","Exact HEST procedure; CLS-token embedding; Pearson correlation.","https://www.bioptimus.com/news/bioptimus-launches-h-optimus-1","accepted_public_leaf","Public HEST leaf cell under the report-version protocol."
"hoptimus1_official_report","published:2025-04-01","a46ad75f2194ac2700eedfde6cef0edde5b56ff59438fa724cf53e4adc997bf3","Table 1|model=UNI2-h|column=paad","UNI2-h","uni2-h","hest.hoptimus1report2025.paad.gene_expression","paad","spatial_transcriptomics","pearson_r",".500","standard_deviation=.040","cls_token","Exact HEST procedure; CLS-token embedding; Pearson correlation.","https://www.bioptimus.com/news/bioptimus-launches-h-optimus-1","accepted_public_leaf","Public HEST leaf cell under the report-version protocol."
"hoptimus1_official_report","published:2025-04-01","a46ad75f2194ac2700eedfde6cef0edde5b56ff59438fa724cf53e4adc997bf3","Table 1|model=UNI2-h|column=skcm","UNI2-h","uni2-h","hest.hoptimus1report2025.skcm.gene_expression","skcm","spatial_transcriptomics","pearson_r",".659","standard_deviation=.017","cls_token","Exact HEST procedure; CLS-token embedding; Pearson correlation.","https://www.bioptimus.com/news/bioptimus-launches-h-optimus-1","accepted_public_leaf","Public HEST leaf cell under the report-version protocol."
"hoptimus1_official_report","published:2025-04-01","a46ad75f2194ac2700eedfde6cef0edde5b56ff59438fa724cf53e4adc997bf3","Table 1|model=UNI2-h|column=coad","UNI2-h","uni2-h","hest.hoptimus1report2025.coad.gene_expression","coad","spatial_transcriptomics","pearson_r",".301","standard_deviation=.004","cls_token","Exact HEST procedure; CLS-token embedding; Pearson correlation.","https://www.bioptimus.com/news/bioptimus-launches-h-optimus-1","accepted_public_leaf","Public HEST leaf cell under the report-version protocol."
"hoptimus1_official_report","published:2025-04-01","a46ad75f2194ac2700eedfde6cef0edde5b56ff59438fa724cf53e4adc997bf3","Table 1|model=UNI2-h|column=read","UNI2-h","uni2-h","hest.hoptimus1report2025.read.gene_expression","read","spatial_transcriptomics","pearson_r",".223","standard_deviation=.038","cls_token","Exact HEST procedure; CLS-token embedding; Pearson correlation.","https://www.bioptimus.com/news/bioptimus-launches-h-optimus-1","accepted_public_leaf","Public HEST leaf cell under the report-version protocol."
"hoptimus1_official_report","published:2025-04-01","a46ad75f2194ac2700eedfde6cef0edde5b56ff59438fa724cf53e4adc997bf3","Table 1|model=UNI2-h|column=ccrcc","UNI2-h","uni2-h","hest.hoptimus1report2025.ccrcc.gene_expression","ccrcc","spatial_transcriptomics","pearson_r",".261","standard_deviation=.132","cls_token","Exact HEST procedure; CLS-token embedding; Pearson correlation.","https://www.bioptimus.com/news/bioptimus-launches-h-optimus-1","accepted_public_leaf","Public HEST leaf cell under the report-version protocol."
"hoptimus1_official_report","published:2025-04-01","a46ad75f2194ac2700eedfde6cef0edde5b56ff59438fa724cf53e4adc997bf3","Table 1|model=UNI2-h|column=lung","UNI2-h","uni2-h","hest.hoptimus1report2025.lung.gene_expression","lung","spatial_transcriptomics","pearson_r",".558","standard_deviation=.014","cls_token","Exact HEST procedure; CLS-token embedding; Pearson correlation.","https://www.bioptimus.com/news/bioptimus-launches-h-optimus-1","accepted_public_leaf","Public HEST leaf cell under the report-version protocol."
"hoptimus1_official_report","published:2025-04-01","a46ad75f2194ac2700eedfde6cef0edde5b56ff59438fa724cf53e4adc997bf3","Table 1|model=UNI2-h|column=lymph_idc","UNI2-h","uni2-h","hest.hoptimus1report2025.lymph_idc.gene_expression","lymph_idc","spatial_transcriptomics","pearson_r",".272","standard_deviation=.040","cls_token","Exact HEST procedure; CLS-token embedding; Pearson correlation.","https://www.bioptimus.com/news/bioptimus-launches-h-optimus-1","accepted_public_leaf","Public HEST leaf cell under the report-version protocol."
"hoptimus1_official_report","published:2025-04-01","a46ad75f2194ac2700eedfde6cef0edde5b56ff59438fa724cf53e4adc997bf3","Table 1|model=Virchow2|column=idc","Virchow2","virchow-2","hest.hoptimus1report2025.idc.gene_expression","idc","spatial_transcriptomics","pearson_r",".592","standard_deviation=.080","cls_token","Exact HEST procedure; CLS-token embedding; Pearson correlation.","https://www.bioptimus.com/news/bioptimus-launches-h-optimus-1","accepted_public_leaf","Public HEST leaf cell under the report-version protocol."
"hoptimus1_official_report","published:2025-04-01","a46ad75f2194ac2700eedfde6cef0edde5b56ff59438fa724cf53e4adc997bf3","Table 1|model=Virchow2|column=prad","Virchow2","virchow-2","hest.hoptimus1report2025.prad.gene_expression","prad","spatial_transcriptomics","pearson_r",".348","standard_deviation=.031","cls_token","Exact HEST procedure; CLS-token embedding; Pearson correlation.","https://www.bioptimus.com/news/bioptimus-launches-h-optimus-1","accepted_public_leaf","Public HEST leaf cell under the report-version protocol."
"hoptimus1_official_report","published:2025-04-01","a46ad75f2194ac2700eedfde6cef0edde5b56ff59438fa724cf53e4adc997bf3","Table 1|model=Virchow2|column=paad","Virchow2","virchow-2","hest.hoptimus1report2025.paad.gene_expression","paad","spatial_transcriptomics","pearson_r",".472","standard_deviation=.065","cls_token","Exact HEST procedure; CLS-token embedding; Pearson correlation.","https://www.bioptimus.com/news/bioptimus-launches-h-optimus-1","accepted_public_leaf","Public HEST leaf cell under the report-version protocol."
"hoptimus1_official_report","published:2025-04-01","a46ad75f2194ac2700eedfde6cef0edde5b56ff59438fa724cf53e4adc997bf3","Table 1|model=Virchow2|column=skcm","Virchow2","virchow-2","hest.hoptimus1report2025.skcm.gene_expression","skcm","spatial_transcriptomics","pearson_r",".619","standard_deviation=.028","cls_token","Exact HEST procedure; CLS-token embedding; Pearson correlation.","https://www.bioptimus.com/news/bioptimus-launches-h-optimus-1","accepted_public_leaf","Public HEST leaf cell under the report-version protocol."
"hoptimus1_official_report","published:2025-04-01","a46ad75f2194ac2700eedfde6cef0edde5b56ff59438fa724cf53e4adc997bf3","Table 1|model=Virchow2|column=coad","Virchow2","virchow-2","hest.hoptimus1report2025.coad.gene_expression","coad","spatial_transcriptomics","pearson_r",".259","standard_deviation=.016","cls_token","Exact HEST procedure; CLS-token embedding; Pearson correlation.","https://www.bioptimus.com/news/bioptimus-launches-h-optimus-1","accepted_public_leaf","Public HEST leaf cell under the report-version protocol."
"hoptimus1_official_report","published:2025-04-01","a46ad75f2194ac2700eedfde6cef0edde5b56ff59438fa724cf53e4adc997bf3","Table 1|model=Virchow2|column=read","Virchow2","virchow-2","hest.hoptimus1report2025.read.gene_expression","read","spatial_transcriptomics","pearson_r",".209","standard_deviation=.050","cls_token","Exact HEST procedure; CLS-token embedding; Pearson correlation.","https://www.bioptimus.com/news/bioptimus-launches-h-optimus-1","accepted_public_leaf","Public HEST leaf cell under the report-version protocol."
"hoptimus1_official_report","published:2025-04-01","a46ad75f2194ac2700eedfde6cef0edde5b56ff59438fa724cf53e4adc997bf3","Table 1|model=Virchow2|column=ccrcc","Virchow2","virchow-2","hest.hoptimus1report2025.ccrcc.gene_expression","ccrcc","spatial_transcriptomics","pearson_r",".257","standard_deviation=.123","cls_token","Exact HEST procedure; CLS-token embedding; Pearson correlation.","https://www.bioptimus.com/news/bioptimus-launches-h-optimus-1","accepted_public_leaf","Public HEST leaf cell under the report-version protocol."
"hoptimus1_official_report","published:2025-04-01","a46ad75f2194ac2700eedfde6cef0edde5b56ff59438fa724cf53e4adc997bf3","Table 1|model=Virchow2|column=lung","Virchow2","virchow-2","hest.hoptimus1report2025.lung.gene_expression","lung","spatial_transcriptomics","pearson_r",".553","standard_deviation=.017","cls_token","Exact HEST procedure; CLS-token embedding; Pearson correlation.","https://www.bioptimus.com/news/bioptimus-launches-h-optimus-1","accepted_public_leaf","Public HEST leaf cell under the report-version protocol."
"hoptimus1_official_report","published:2025-04-01","a46ad75f2194ac2700eedfde6cef0edde5b56ff59438fa724cf53e4adc997bf3","Table 1|model=Virchow2|column=lymph_idc","Virchow2","virchow-2","hest.hoptimus1report2025.lymph_idc.gene_expression","lymph_idc","spatial_transcriptomics","pearson_r",".255","standard_deviation=.026","cls_token","Exact HEST procedure; CLS-token embedding; Pearson correlation.","https://www.bioptimus.com/news/bioptimus-launches-h-optimus-1","accepted_public_leaf","Public HEST leaf cell under the report-version protocol."
"hoptimus1_official_report","published:2025-04-01","a46ad75f2194ac2700eedfde6cef0edde5b56ff59438fa724cf53e4adc997bf3","Table 1|model=H-optimus-0|column=idc","H-optimus-0","h-optimus-0","hest.hoptimus1report2025.idc.gene_expression","idc","spatial_transcriptomics","pearson_r",".598","standard_deviation=.085","cls_token","Exact HEST procedure; CLS-token embedding; Pearson correlation.","https://www.bioptimus.com/news/bioptimus-launches-h-optimus-1","accepted_public_leaf","Public HEST leaf cell under the report-version protocol."
"hoptimus1_official_report","published:2025-04-01","a46ad75f2194ac2700eedfde6cef0edde5b56ff59438fa724cf53e4adc997bf3","Table 1|model=H-optimus-0|column=prad","H-optimus-0","h-optimus-0","hest.hoptimus1report2025.prad.gene_expression","prad","spatial_transcriptomics","pearson_r",".385","standard_deviation=.000","cls_token","Exact HEST procedure; CLS-token embedding; Pearson correlation.","https://www.bioptimus.com/news/bioptimus-launches-h-optimus-1","accepted_public_leaf","Public HEST leaf cell under the report-version protocol."
"hoptimus1_official_report","published:2025-04-01","a46ad75f2194ac2700eedfde6cef0edde5b56ff59438fa724cf53e4adc997bf3","Table 1|model=H-optimus-0|column=paad","H-optimus-0","h-optimus-0","hest.hoptimus1report2025.paad.gene_expression","paad","spatial_transcriptomics","pearson_r",".491","standard_deviation=.040","cls_token","Exact HEST procedure; CLS-token embedding; Pearson correlation.","https://www.bioptimus.com/news/bioptimus-launches-h-optimus-1","accepted_public_leaf","Public HEST leaf cell under the report-version protocol."
"hoptimus1_official_report","published:2025-04-01","a46ad75f2194ac2700eedfde6cef0edde5b56ff59438fa724cf53e4adc997bf3","Table 1|model=H-optimus-0|column=skcm","H-optimus-0","h-optimus-0","hest.hoptimus1report2025.skcm.gene_expression","skcm","spatial_transcriptomics","pearson_r",".645","standard_deviation=.062","cls_token","Exact HEST procedure; CLS-token embedding; Pearson correlation.","https://www.bioptimus.com/news/bioptimus-launches-h-optimus-1","accepted_public_leaf","Public HEST leaf cell under the report-version protocol."
"hoptimus1_official_report","published:2025-04-01","a46ad75f2194ac2700eedfde6cef0edde5b56ff59438fa724cf53e4adc997bf3","Table 1|model=H-optimus-0|column=coad","H-optimus-0","h-optimus-0","hest.hoptimus1report2025.coad.gene_expression","coad","spatial_transcriptomics","pearson_r",".309","standard_deviation=.000","cls_token","Exact HEST procedure; CLS-token embedding; Pearson correlation.","https://www.bioptimus.com/news/bioptimus-launches-h-optimus-1","accepted_public_leaf","Public HEST leaf cell under the report-version protocol."
"hoptimus1_official_report","published:2025-04-01","a46ad75f2194ac2700eedfde6cef0edde5b56ff59438fa724cf53e4adc997bf3","Table 1|model=H-optimus-0|column=read","H-optimus-0","h-optimus-0","hest.hoptimus1report2025.read.gene_expression","read","spatial_transcriptomics","pearson_r",".222","standard_deviation=.048","cls_token","Exact HEST procedure; CLS-token embedding; Pearson correlation.","https://www.bioptimus.com/news/bioptimus-launches-h-optimus-1","accepted_public_leaf","Public HEST leaf cell under the report-version protocol."
"hoptimus1_official_report","published:2025-04-01","a46ad75f2194ac2700eedfde6cef0edde5b56ff59438fa724cf53e4adc997bf3","Table 1|model=H-optimus-0|column=ccrcc","H-optimus-0","h-optimus-0","hest.hoptimus1report2025.ccrcc.gene_expression","ccrcc","spatial_transcriptomics","pearson_r",".255","standard_deviation=.135","cls_token","Exact HEST procedure; CLS-token embedding; Pearson correlation.","https://www.bioptimus.com/news/bioptimus-launches-h-optimus-1","accepted_public_leaf","Public HEST leaf cell under the report-version protocol."
"hoptimus1_official_report","published:2025-04-01","a46ad75f2194ac2700eedfde6cef0edde5b56ff59438fa724cf53e4adc997bf3","Table 1|model=H-optimus-0|column=lung","H-optimus-0","h-optimus-0","hest.hoptimus1report2025.lung.gene_expression","lung","spatial_transcriptomics","pearson_r",".559","standard_deviation=.032","cls_token","Exact HEST procedure; CLS-token embedding; Pearson correlation.","https://www.bioptimus.com/news/bioptimus-launches-h-optimus-1","accepted_public_leaf","Public HEST leaf cell under the report-version protocol."
"hoptimus1_official_report","published:2025-04-01","a46ad75f2194ac2700eedfde6cef0edde5b56ff59438fa724cf53e4adc997bf3","Table 1|model=H-optimus-0|column=lymph_idc","H-optimus-0","h-optimus-0","hest.hoptimus1report2025.lymph_idc.gene_expression","lymph_idc","spatial_transcriptomics","pearson_r",".259","standard_deviation=.040","cls_token","Exact HEST procedure; CLS-token embedding; Pearson correlation.","https://www.bioptimus.com/news/bioptimus-launches-h-optimus-1","accepted_public_leaf","Public HEST leaf cell under the report-version protocol."
"hoptimus1_official_report","published:2025-04-01","a46ad75f2194ac2700eedfde6cef0edde5b56ff59438fa724cf53e4adc997bf3","Table 1|model=UNI|column=idc","UNI","uni","hest.hoptimus1report2025.idc.gene_expression","idc","spatial_transcriptomics","pearson_r",".574","standard_deviation=.080","cls_token","Exact HEST procedure; CLS-token embedding; Pearson correlation.","https://www.bioptimus.com/news/bioptimus-launches-h-optimus-1","accepted_public_leaf","Public HEST leaf cell under the report-version protocol."
"hoptimus1_official_report","published:2025-04-01","a46ad75f2194ac2700eedfde6cef0edde5b56ff59438fa724cf53e4adc997bf3","Table 1|model=UNI|column=prad","UNI","uni","hest.hoptimus1report2025.prad.gene_expression","prad","spatial_transcriptomics","pearson_r",".294","standard_deviation=.090","cls_token","Exact HEST procedure; CLS-token embedding; Pearson correlation.","https://www.bioptimus.com/news/bioptimus-launches-h-optimus-1","accepted_public_leaf","Public HEST leaf cell under the report-version protocol."
"hoptimus1_official_report","published:2025-04-01","a46ad75f2194ac2700eedfde6cef0edde5b56ff59438fa724cf53e4adc997bf3","Table 1|model=UNI|column=paad","UNI","uni","hest.hoptimus1report2025.paad.gene_expression","paad","spatial_transcriptomics","pearson_r",".481","standard_deviation=.070","cls_token","Exact HEST procedure; CLS-token embedding; Pearson correlation.","https://www.bioptimus.com/news/bioptimus-launches-h-optimus-1","accepted_public_leaf","Public HEST leaf cell under the report-version protocol."
"hoptimus1_official_report","published:2025-04-01","a46ad75f2194ac2700eedfde6cef0edde5b56ff59438fa724cf53e4adc997bf3","Table 1|model=UNI|column=skcm","UNI","uni","hest.hoptimus1report2025.skcm.gene_expression","skcm","spatial_transcriptomics","pearson_r",".635","standard_deviation=.040","cls_token","Exact HEST procedure; CLS-token embedding; Pearson correlation.","https://www.bioptimus.com/news/bioptimus-launches-h-optimus-1","accepted_public_leaf","Public HEST leaf cell under the report-version protocol."
"hoptimus1_official_report","published:2025-04-01","a46ad75f2194ac2700eedfde6cef0edde5b56ff59438fa724cf53e4adc997bf3","Table 1|model=UNI|column=coad","UNI","uni","hest.hoptimus1report2025.coad.gene_expression","coad","spatial_transcriptomics","pearson_r",".262","standard_deviation=.030","cls_token","Exact HEST procedure; CLS-token embedding; Pearson correlation.","https://www.bioptimus.com/news/bioptimus-launches-h-optimus-1","accepted_public_leaf","Public HEST leaf cell under the report-version protocol."
"hoptimus1_official_report","published:2025-04-01","a46ad75f2194ac2700eedfde6cef0edde5b56ff59438fa724cf53e4adc997bf3","Table 1|model=UNI|column=read","UNI","uni","hest.hoptimus1report2025.read.gene_expression","read","spatial_transcriptomics","pearson_r",".184","standard_deviation=.050","cls_token","Exact HEST procedure; CLS-token embedding; Pearson correlation.","https://www.bioptimus.com/news/bioptimus-launches-h-optimus-1","accepted_public_leaf","Public HEST leaf cell under the report-version protocol."
"hoptimus1_official_report","published:2025-04-01","a46ad75f2194ac2700eedfde6cef0edde5b56ff59438fa724cf53e4adc997bf3","Table 1|model=UNI|column=ccrcc","UNI","uni","hest.hoptimus1report2025.ccrcc.gene_expression","ccrcc","spatial_transcriptomics","pearson_r",".238","standard_deviation=.120","cls_token","Exact HEST procedure; CLS-token embedding; Pearson correlation.","https://www.bioptimus.com/news/bioptimus-launches-h-optimus-1","accepted_public_leaf","Public HEST leaf cell under the report-version protocol."
"hoptimus1_official_report","published:2025-04-01","a46ad75f2194ac2700eedfde6cef0edde5b56ff59438fa724cf53e4adc997bf3","Table 1|model=UNI|column=lung","UNI","uni","hest.hoptimus1report2025.lung.gene_expression","lung","spatial_transcriptomics","pearson_r",".546","standard_deviation=.020","cls_token","Exact HEST procedure; CLS-token embedding; Pearson correlation.","https://www.bioptimus.com/news/bioptimus-launches-h-optimus-1","accepted_public_leaf","Public HEST leaf cell under the report-version protocol."
"hoptimus1_official_report","published:2025-04-01","a46ad75f2194ac2700eedfde6cef0edde5b56ff59438fa724cf53e4adc997bf3","Table 1|model=UNI|column=lymph_idc","UNI","uni","hest.hoptimus1report2025.lymph_idc.gene_expression","lymph_idc","spatial_transcriptomics","pearson_r",".256","standard_deviation=.040","cls_token","Exact HEST procedure; CLS-token embedding; Pearson correlation.","https://www.bioptimus.com/news/bioptimus-launches-h-optimus-1","accepted_public_leaf","Public HEST leaf cell under the report-version protocol."
"hoptimus1_official_report","published:2025-04-01","a46ad75f2194ac2700eedfde6cef0edde5b56ff59438fa724cf53e4adc997bf3","Table 1|model=H-optimus-1|column=Average","H-optimus-1","h-optimus-1","hest.hoptimus1report2025.aggregate.mean","aggregate","aggregate","mean_pearson_r",".422","not_reported","cls_token","Reported mean across nine HEST tasks.","https://www.bioptimus.com/news/bioptimus-launches-h-optimus-1","excluded_derived_aggregate","Derived mean is not an independent task."
"hoptimus1_official_report","published:2025-04-01","a46ad75f2194ac2700eedfde6cef0edde5b56ff59438fa724cf53e4adc997bf3","Table 1|model=UNI2-h|column=Average","UNI2-h","uni2-h","hest.hoptimus1report2025.aggregate.mean","aggregate","aggregate","mean_pearson_r",".413","not_reported","cls_token","Reported mean across nine HEST tasks.","https://www.bioptimus.com/news/bioptimus-launches-h-optimus-1","excluded_derived_aggregate","Derived mean is not an independent task."
"hoptimus1_official_report","published:2025-04-01","a46ad75f2194ac2700eedfde6cef0edde5b56ff59438fa724cf53e4adc997bf3","Table 1|model=Virchow2|column=Average","Virchow2","virchow-2","hest.hoptimus1report2025.aggregate.mean","aggregate","aggregate","mean_pearson_r",".396","not_reported","cls_token","Reported mean across nine HEST tasks.","https://www.bioptimus.com/news/bioptimus-launches-h-optimus-1","excluded_derived_aggregate","Derived mean is not an independent task."
"hoptimus1_official_report","published:2025-04-01","a46ad75f2194ac2700eedfde6cef0edde5b56ff59438fa724cf53e4adc997bf3","Table 1|model=H-optimus-0|column=Average","H-optimus-0","h-optimus-0","hest.hoptimus1report2025.aggregate.mean","aggregate","aggregate","mean_pearson_r",".413","not_reported","cls_token","Reported mean across nine HEST tasks.","https://www.bioptimus.com/news/bioptimus-launches-h-optimus-1","excluded_derived_aggregate","Derived mean is not an independent task."
"hoptimus1_official_report","published:2025-04-01","a46ad75f2194ac2700eedfde6cef0edde5b56ff59438fa724cf53e4adc997bf3","Table 1|model=UNI|column=Average","UNI","uni","hest.hoptimus1report2025.aggregate.mean","aggregate","aggregate","mean_pearson_r",".385","not_reported","cls_token","Reported mean across nine HEST tasks.","https://www.bioptimus.com/news/bioptimus-launches-h-optimus-1","excluded_derived_aggregate","Derived mean is not an independent task."
"hoptimus1_official_report","published:2025-04-01","a46ad75f2194ac2700eedfde6cef0edde5b56ff59438fa724cf53e4adc997bf3","Table 2|model=H-optimus-1|task=META-BC|dataset=camelyon16_test","H-optimus-1","h-optimus-1","hoptimus1report2025.meta_bc.camelyon16_test.abmil_auc","camelyon16_test","slide_biomarker_or_classification","auroc",".996","standard_deviation=.001","cls_token","Frozen CLS-token features; ten ABMIL heads; training-step selection by five-fold cross-validation; AUROC.","https://www.bioptimus.com/news/bioptimus-launches-h-optimus-1","accepted_public_leaf","Dataset access is not established as a versioned downloadable public benchmark in the official report; retained audit-only."
"hoptimus1_official_report","published:2025-04-01","a46ad75f2194ac2700eedfde6cef0edde5b56ff59438fa724cf53e4adc997bf3","Table 2|model=H-optimus-1|task=META-BC|dataset=sln_breast","H-optimus-1","h-optimus-1","hoptimus1report2025.meta_bc.sln_breast.abmil_auc","sln_breast","slide_biomarker_or_classification","auroc",".959","standard_deviation=.003","cls_token","Frozen CLS-token features; ten ABMIL heads; training-step selection by five-fold cross-validation; AUROC.","https://www.bioptimus.com/news/bioptimus-launches-h-optimus-1","quarantined_nonpublic_or_access_ambiguous","Dataset access is not established as a versioned downloadable public benchmark in the official report; retained audit-only."
"hoptimus1_official_report","published:2025-04-01","a46ad75f2194ac2700eedfde6cef0edde5b56ff59438fa724cf53e4adc997bf3","Table 2|model=H-optimus-1|task=MSI-GC|dataset=tcga_stad_test","H-optimus-1","h-optimus-1","hoptimus1report2025.msi_gc.tcga_stad_test.abmil_auc","tcga_stad_test","slide_biomarker_or_classification","auroc",".915","standard_deviation=.003","cls_token","Frozen CLS-token features; ten ABMIL heads; training-step selection by five-fold cross-validation; AUROC.","https://www.bioptimus.com/news/bioptimus-launches-h-optimus-1","accepted_public_leaf","Dataset access is not established as a versioned downloadable public benchmark in the official report; retained audit-only."
"hoptimus1_official_report","published:2025-04-01","a46ad75f2194ac2700eedfde6cef0edde5b56ff59438fa724cf53e4adc997bf3","Table 2|model=H-optimus-1|task=MSI-CRC|dataset=paip2020","H-optimus-1","h-optimus-1","hoptimus1report2025.msi_crc.paip2020.abmil_auc","paip2020","slide_biomarker_or_classification","auroc",".984","standard_deviation=.003","cls_token","Frozen CLS-token features; ten ABMIL heads; training-step selection by five-fold cross-validation; AUROC.","https://www.bioptimus.com/news/bioptimus-launches-h-optimus-1","accepted_public_leaf","Dataset access is not established as a versioned downloadable public benchmark in the official report; retained audit-only."
"hoptimus1_official_report","published:2025-04-01","a46ad75f2194ac2700eedfde6cef0edde5b56ff59438fa724cf53e4adc997bf3","Table 2|model=H-optimus-1|task=MSI-CRC|dataset=fr_crc_bio","H-optimus-1","h-optimus-1","hoptimus1report2025.msi_crc.fr_crc_bio.abmil_auc","fr_crc_bio","slide_biomarker_or_classification","auroc",".917","standard_deviation=.002","cls_token","Frozen CLS-token features; ten ABMIL heads; training-step selection by five-fold cross-validation; AUROC.","https://www.bioptimus.com/news/bioptimus-launches-h-optimus-1","quarantined_nonpublic_or_access_ambiguous","Official report explicitly labels FR-CRC-Bio internal."
"hoptimus1_official_report","published:2025-04-01","a46ad75f2194ac2700eedfde6cef0edde5b56ff59438fa724cf53e4adc997bf3","Table 2|model=H-optimus-1|task=MSI-CRC|dataset=cptac_coad","H-optimus-1","h-optimus-1","hoptimus1report2025.msi_crc.cptac_coad.abmil_auc","cptac_coad","slide_biomarker_or_classification","auroc",".957","standard_deviation=.003","cls_token","Frozen CLS-token features; ten ABMIL heads; training-step selection by five-fold cross-validation; AUROC.","https://www.bioptimus.com/news/bioptimus-launches-h-optimus-1","accepted_public_leaf","Dataset access is not established as a versioned downloadable public benchmark in the official report; retained audit-only."
"hoptimus1_official_report","published:2025-04-01","a46ad75f2194ac2700eedfde6cef0edde5b56ff59438fa724cf53e4adc997bf3","Table 2|model=H-optimus-1|task=MSI-CRC|dataset=surgen","H-optimus-1","h-optimus-1","hoptimus1report2025.msi_crc.surgen.abmil_auc","surgen","slide_biomarker_or_classification","auroc",".914","standard_deviation=.003","cls_token","Frozen CLS-token features; ten ABMIL heads; training-step selection by five-fold cross-validation; AUROC.","https://www.bioptimus.com/news/bioptimus-launches-h-optimus-1","quarantined_nonpublic_or_access_ambiguous","Dataset access is not established as a versioned downloadable public benchmark in the official report; retained audit-only."
"hoptimus1_official_report","published:2025-04-01","a46ad75f2194ac2700eedfde6cef0edde5b56ff59438fa724cf53e4adc997bf3","Table 2|model=H-optimus-1|task=KRAS-CRC|dataset=cptac_coad","H-optimus-1","h-optimus-1","hoptimus1report2025.kras_crc.cptac_coad.abmil_auc","cptac_coad","slide_biomarker_or_classification","auroc",".625","standard_deviation=.005","cls_token","Frozen CLS-token features; ten ABMIL heads; training-step selection by five-fold cross-validation; AUROC.","https://www.bioptimus.com/news/bioptimus-launches-h-optimus-1","accepted_public_leaf","Dataset access is not established as a versioned downloadable public benchmark in the official report; retained audit-only."
"hoptimus1_official_report","published:2025-04-01","a46ad75f2194ac2700eedfde6cef0edde5b56ff59438fa724cf53e4adc997bf3","Table 2|model=H-optimus-1|task=KRAS-CRC|dataset=surgen","H-optimus-1","h-optimus-1","hoptimus1report2025.kras_crc.surgen.abmil_auc","surgen","slide_biomarker_or_classification","auroc",".683","standard_deviation=.006","cls_token","Frozen CLS-token features; ten ABMIL heads; training-step selection by five-fold cross-validation; AUROC.","https://www.bioptimus.com/news/bioptimus-launches-h-optimus-1","quarantined_nonpublic_or_access_ambiguous","Dataset access is not established as a versioned downloadable public benchmark in the official report; retained audit-only."
"hoptimus1_official_report","published:2025-04-01","a46ad75f2194ac2700eedfde6cef0edde5b56ff59438fa724cf53e4adc997bf3","Table 2|model=H-optimus-1|task=BRAF-CRC|dataset=cptac_coad","H-optimus-1","h-optimus-1","hoptimus1report2025.braf_crc.cptac_coad.abmil_auc","cptac_coad","slide_biomarker_or_classification","auroc",".722","standard_deviation=.006","cls_token","Frozen CLS-token features; ten ABMIL heads; training-step selection by five-fold cross-validation; AUROC.","https://www.bioptimus.com/news/bioptimus-launches-h-optimus-1","accepted_public_leaf","Dataset access is not established as a versioned downloadable public benchmark in the official report; retained audit-only."
"hoptimus1_official_report","published:2025-04-01","a46ad75f2194ac2700eedfde6cef0edde5b56ff59438fa724cf53e4adc997bf3","Table 2|model=H-optimus-1|task=BRAF-CRC|dataset=surgen","H-optimus-1","h-optimus-1","hoptimus1report2025.braf_crc.surgen.abmil_auc","surgen","slide_biomarker_or_classification","auroc",".823","standard_deviation=.001","cls_token","Frozen CLS-token features; ten ABMIL heads; training-step selection by five-fold cross-validation; AUROC.","https://www.bioptimus.com/news/bioptimus-launches-h-optimus-1","quarantined_nonpublic_or_access_ambiguous","Dataset access is not established as a versioned downloadable public benchmark in the official report; retained audit-only."
"hoptimus1_official_report","published:2025-04-01","a46ad75f2194ac2700eedfde6cef0edde5b56ff59438fa724cf53e4adc997bf3","Table 2|model=H-optimus-1|task=HER2-BC|dataset=yale_her2","H-optimus-1","h-optimus-1","hoptimus1report2025.her2_bc.yale_her2.abmil_auc","yale_her2","slide_biomarker_or_classification","auroc",".899","standard_deviation=.011","cls_token","Frozen CLS-token features; ten ABMIL heads; training-step selection by five-fold cross-validation; AUROC.","https://www.bioptimus.com/news/bioptimus-launches-h-optimus-1","quarantined_nonpublic_or_access_ambiguous","Dataset access is not established as a versioned downloadable public benchmark in the official report; retained audit-only."
"hoptimus1_official_report","published:2025-04-01","a46ad75f2194ac2700eedfde6cef0edde5b56ff59438fa724cf53e4adc997bf3","Table 2|model=H-optimus-1|task=HER2-BC|dataset=impress","H-optimus-1","h-optimus-1","hoptimus1report2025.her2_bc.impress.abmil_auc","impress","slide_biomarker_or_classification","auroc",".903","standard_deviation=.018","cls_token","Frozen CLS-token features; ten ABMIL heads; training-step selection by five-fold cross-validation; AUROC.","https://www.bioptimus.com/news/bioptimus-launches-h-optimus-1","quarantined_nonpublic_or_access_ambiguous","Dataset access is not established as a versioned downloadable public benchmark in the official report; retained audit-only."
"hoptimus1_official_report","published:2025-04-01","a46ad75f2194ac2700eedfde6cef0edde5b56ff59438fa724cf53e4adc997bf3","Table 2|model=H-optimus-1|task=HER2-BC|dataset=bcnb","H-optimus-1","h-optimus-1","hoptimus1report2025.her2_bc.bcnb.abmil_auc","bcnb","slide_biomarker_or_classification","auroc",".683","standard_deviation=.007","cls_token","Frozen CLS-token features; ten ABMIL heads; training-step selection by five-fold cross-validation; AUROC.","https://www.bioptimus.com/news/bioptimus-launches-h-optimus-1","quarantined_nonpublic_or_access_ambiguous","Dataset access is not established as a versioned downloadable public benchmark in the official report; retained audit-only."
"hoptimus1_official_report","published:2025-04-01","a46ad75f2194ac2700eedfde6cef0edde5b56ff59438fa724cf53e4adc997bf3","Table 2|model=H-optimus-1|task=ER-BC|dataset=impress","H-optimus-1","h-optimus-1","hoptimus1report2025.er_bc.impress.abmil_auc","impress","slide_biomarker_or_classification","auroc",".836","standard_deviation=.007","cls_token","Frozen CLS-token features; ten ABMIL heads; training-step selection by five-fold cross-validation; AUROC.","https://www.bioptimus.com/news/bioptimus-launches-h-optimus-1","quarantined_nonpublic_or_access_ambiguous","Dataset access is not established as a versioned downloadable public benchmark in the official report; retained audit-only."
"hoptimus1_official_report","published:2025-04-01","a46ad75f2194ac2700eedfde6cef0edde5b56ff59438fa724cf53e4adc997bf3","Table 2|model=H-optimus-1|task=ER-BC|dataset=bcnb","H-optimus-1","h-optimus-1","hoptimus1report2025.er_bc.bcnb.abmil_auc","bcnb","slide_biomarker_or_classification","auroc",".903","standard_deviation=.005","cls_token","Frozen CLS-token features; ten ABMIL heads; training-step selection by five-fold cross-validation; AUROC.","https://www.bioptimus.com/news/bioptimus-launches-h-optimus-1","quarantined_nonpublic_or_access_ambiguous","Dataset access is not established as a versioned downloadable public benchmark in the official report; retained audit-only."
"hoptimus1_official_report","published:2025-04-01","a46ad75f2194ac2700eedfde6cef0edde5b56ff59438fa724cf53e4adc997bf3","Table 2|model=H-optimus-1|task=PR-BC|dataset=impress","H-optimus-1","h-optimus-1","hoptimus1report2025.pr_bc.impress.abmil_auc","impress","slide_biomarker_or_classification","auroc",".831","standard_deviation=.014","cls_token","Frozen CLS-token features; ten ABMIL heads; training-step selection by five-fold cross-validation; AUROC.","https://www.bioptimus.com/news/bioptimus-launches-h-optimus-1","quarantined_nonpublic_or_access_ambiguous","Dataset access is not established as a versioned downloadable public benchmark in the official report; retained audit-only."
"hoptimus1_official_report","published:2025-04-01","a46ad75f2194ac2700eedfde6cef0edde5b56ff59438fa724cf53e4adc997bf3","Table 2|model=H-optimus-1|task=PR-BC|dataset=bcnb","H-optimus-1","h-optimus-1","hoptimus1report2025.pr_bc.bcnb.abmil_auc","bcnb","slide_biomarker_or_classification","auroc",".854","standard_deviation=.008","cls_token","Frozen CLS-token features; ten ABMIL heads; training-step selection by five-fold cross-validation; AUROC.","https://www.bioptimus.com/news/bioptimus-launches-h-optimus-1","quarantined_nonpublic_or_access_ambiguous","Dataset access is not established as a versioned downloadable public benchmark in the official report; retained audit-only."
"hoptimus1_official_report","published:2025-04-01","a46ad75f2194ac2700eedfde6cef0edde5b56ff59438fa724cf53e4adc997bf3","Table 2|model=UNI2-h|task=META-BC|dataset=camelyon16_test","UNI2-h","uni2-h","hoptimus1report2025.meta_bc.camelyon16_test.abmil_auc","camelyon16_test","slide_biomarker_or_classification","auroc",".996","standard_deviation=.003","cls_token","Frozen CLS-token features; ten ABMIL heads; training-step selection by five-fold cross-validation; AUROC.","https://www.bioptimus.com/news/bioptimus-launches-h-optimus-1","accepted_public_leaf","Dataset access is not established as a versioned downloadable public benchmark in the official report; retained audit-only."
"hoptimus1_official_report","published:2025-04-01","a46ad75f2194ac2700eedfde6cef0edde5b56ff59438fa724cf53e4adc997bf3","Table 2|model=UNI2-h|task=META-BC|dataset=sln_breast","UNI2-h","uni2-h","hoptimus1report2025.meta_bc.sln_breast.abmil_auc","sln_breast","slide_biomarker_or_classification","auroc",".984","standard_deviation=.002","cls_token","Frozen CLS-token features; ten ABMIL heads; training-step selection by five-fold cross-validation; AUROC.","https://www.bioptimus.com/news/bioptimus-launches-h-optimus-1","quarantined_nonpublic_or_access_ambiguous","Dataset access is not established as a versioned downloadable public benchmark in the official report; retained audit-only."
"hoptimus1_official_report","published:2025-04-01","a46ad75f2194ac2700eedfde6cef0edde5b56ff59438fa724cf53e4adc997bf3","Table 2|model=UNI2-h|task=MSI-GC|dataset=tcga_stad_test","UNI2-h","uni2-h","hoptimus1report2025.msi_gc.tcga_stad_test.abmil_auc","tcga_stad_test","slide_biomarker_or_classification","auroc",".903","standard_deviation=.004","cls_token","Frozen CLS-token features; ten ABMIL heads; training-step selection by five-fold cross-validation; AUROC.","https://www.bioptimus.com/news/bioptimus-launches-h-optimus-1","accepted_public_leaf","Dataset access is not established as a versioned downloadable public benchmark in the official report; retained audit-only."
"hoptimus1_official_report","published:2025-04-01","a46ad75f2194ac2700eedfde6cef0edde5b56ff59438fa724cf53e4adc997bf3","Table 2|model=UNI2-h|task=MSI-CRC|dataset=paip2020","UNI2-h","uni2-h","hoptimus1report2025.msi_crc.paip2020.abmil_auc","paip2020","slide_biomarker_or_classification","auroc",".971","standard_deviation=.001","cls_token","Frozen CLS-token features; ten ABMIL heads; training-step selection by five-fold cross-validation; AUROC.","https://www.bioptimus.com/news/bioptimus-launches-h-optimus-1","accepted_public_leaf","Dataset access is not established as a versioned downloadable public benchmark in the official report; retained audit-only."
"hoptimus1_official_report","published:2025-04-01","a46ad75f2194ac2700eedfde6cef0edde5b56ff59438fa724cf53e4adc997bf3","Table 2|model=UNI2-h|task=MSI-CRC|dataset=fr_crc_bio","UNI2-h","uni2-h","hoptimus1report2025.msi_crc.fr_crc_bio.abmil_auc","fr_crc_bio","slide_biomarker_or_classification","auroc",".894","standard_deviation=.003","cls_token","Frozen CLS-token features; ten ABMIL heads; training-step selection by five-fold cross-validation; AUROC.","https://www.bioptimus.com/news/bioptimus-launches-h-optimus-1","quarantined_nonpublic_or_access_ambiguous","Official report explicitly labels FR-CRC-Bio internal."
"hoptimus1_official_report","published:2025-04-01","a46ad75f2194ac2700eedfde6cef0edde5b56ff59438fa724cf53e4adc997bf3","Table 2|model=UNI2-h|task=MSI-CRC|dataset=cptac_coad","UNI2-h","uni2-h","hoptimus1report2025.msi_crc.cptac_coad.abmil_auc","cptac_coad","slide_biomarker_or_classification","auroc",".953","standard_deviation=.003","cls_token","Frozen CLS-token features; ten ABMIL heads; training-step selection by five-fold cross-validation; AUROC.","https://www.bioptimus.com/news/bioptimus-launches-h-optimus-1","accepted_public_leaf","Dataset access is not established as a versioned downloadable public benchmark in the official report; retained audit-only."
"hoptimus1_official_report","published:2025-04-01","a46ad75f2194ac2700eedfde6cef0edde5b56ff59438fa724cf53e4adc997bf3","Table 2|model=UNI2-h|task=MSI-CRC|dataset=surgen","UNI2-h","uni2-h","hoptimus1report2025.msi_crc.surgen.abmil_auc","surgen","slide_biomarker_or_classification","auroc",".899","standard_deviation=.002","cls_token","Frozen CLS-token features; ten ABMIL heads; training-step selection by five-fold cross-validation; AUROC.","https://www.bioptimus.com/news/bioptimus-launches-h-optimus-1","quarantined_nonpublic_or_access_ambiguous","Dataset access is not established as a versioned downloadable public benchmark in the official report; retained audit-only."
"hoptimus1_official_report","published:2025-04-01","a46ad75f2194ac2700eedfde6cef0edde5b56ff59438fa724cf53e4adc997bf3","Table 2|model=UNI2-h|task=KRAS-CRC|dataset=cptac_coad","UNI2-h","uni2-h","hoptimus1report2025.kras_crc.cptac_coad.abmil_auc","cptac_coad","slide_biomarker_or_classification","auroc",".649","standard_deviation=.008","cls_token","Frozen CLS-token features; ten ABMIL heads; training-step selection by five-fold cross-validation; AUROC.","https://www.bioptimus.com/news/bioptimus-launches-h-optimus-1","accepted_public_leaf","Dataset access is not established as a versioned downloadable public benchmark in the official report; retained audit-only."
"hoptimus1_official_report","published:2025-04-01","a46ad75f2194ac2700eedfde6cef0edde5b56ff59438fa724cf53e4adc997bf3","Table 2|model=UNI2-h|task=KRAS-CRC|dataset=surgen","UNI2-h","uni2-h","hoptimus1report2025.kras_crc.surgen.abmil_auc","surgen","slide_biomarker_or_classification","auroc",".675","standard_deviation=.009","cls_token","Frozen CLS-token features; ten ABMIL heads; training-step selection by five-fold cross-validation; AUROC.","https://www.bioptimus.com/news/bioptimus-launches-h-optimus-1","quarantined_nonpublic_or_access_ambiguous","Dataset access is not established as a versioned downloadable public benchmark in the official report; retained audit-only."
"hoptimus1_official_report","published:2025-04-01","a46ad75f2194ac2700eedfde6cef0edde5b56ff59438fa724cf53e4adc997bf3","Table 2|model=UNI2-h|task=BRAF-CRC|dataset=cptac_coad","UNI2-h","uni2-h","hoptimus1report2025.braf_crc.cptac_coad.abmil_auc","cptac_coad","slide_biomarker_or_classification","auroc",".758","standard_deviation=.007","cls_token","Frozen CLS-token features; ten ABMIL heads; training-step selection by five-fold cross-validation; AUROC.","https://www.bioptimus.com/news/bioptimus-launches-h-optimus-1","accepted_public_leaf","Dataset access is not established as a versioned downloadable public benchmark in the official report; retained audit-only."
"hoptimus1_official_report","published:2025-04-01","a46ad75f2194ac2700eedfde6cef0edde5b56ff59438fa724cf53e4adc997bf3","Table 2|model=UNI2-h|task=BRAF-CRC|dataset=surgen","UNI2-h","uni2-h","hoptimus1report2025.braf_crc.surgen.abmil_auc","surgen","slide_biomarker_or_classification","auroc",".827","standard_deviation=.010","cls_token","Frozen CLS-token features; ten ABMIL heads; training-step selection by five-fold cross-validation; AUROC.","https://www.bioptimus.com/news/bioptimus-launches-h-optimus-1","quarantined_nonpublic_or_access_ambiguous","Dataset access is not established as a versioned downloadable public benchmark in the official report; retained audit-only."
"hoptimus1_official_report","published:2025-04-01","a46ad75f2194ac2700eedfde6cef0edde5b56ff59438fa724cf53e4adc997bf3","Table 2|model=UNI2-h|task=HER2-BC|dataset=yale_her2","UNI2-h","uni2-h","hoptimus1report2025.her2_bc.yale_her2.abmil_auc","yale_her2","slide_biomarker_or_classification","auroc",".870","standard_deviation=.004","cls_token","Frozen CLS-token features; ten ABMIL heads; training-step selection by five-fold cross-validation; AUROC.","https://www.bioptimus.com/news/bioptimus-launches-h-optimus-1","quarantined_nonpublic_or_access_ambiguous","Dataset access is not established as a versioned downloadable public benchmark in the official report; retained audit-only."
"hoptimus1_official_report","published:2025-04-01","a46ad75f2194ac2700eedfde6cef0edde5b56ff59438fa724cf53e4adc997bf3","Table 2|model=UNI2-h|task=HER2-BC|dataset=impress","UNI2-h","uni2-h","hoptimus1report2025.her2_bc.impress.abmil_auc","impress","slide_biomarker_or_classification","auroc",".853","standard_deviation=.008","cls_token","Frozen CLS-token features; ten ABMIL heads; training-step selection by five-fold cross-validation; AUROC.","https://www.bioptimus.com/news/bioptimus-launches-h-optimus-1","quarantined_nonpublic_or_access_ambiguous","Dataset access is not established as a versioned downloadable public benchmark in the official report; retained audit-only."
"hoptimus1_official_report","published:2025-04-01","a46ad75f2194ac2700eedfde6cef0edde5b56ff59438fa724cf53e4adc997bf3","Table 2|model=UNI2-h|task=HER2-BC|dataset=bcnb","UNI2-h","uni2-h","hoptimus1report2025.her2_bc.bcnb.abmil_auc","bcnb","slide_biomarker_or_classification","auroc",".674","standard_deviation=.008","cls_token","Frozen CLS-token features; ten ABMIL heads; training-step selection by five-fold cross-validation; AUROC.","https://www.bioptimus.com/news/bioptimus-launches-h-optimus-1","quarantined_nonpublic_or_access_ambiguous","Dataset access is not established as a versioned downloadable public benchmark in the official report; retained audit-only."
"hoptimus1_official_report","published:2025-04-01","a46ad75f2194ac2700eedfde6cef0edde5b56ff59438fa724cf53e4adc997bf3","Table 2|model=UNI2-h|task=ER-BC|dataset=impress","UNI2-h","uni2-h","hoptimus1report2025.er_bc.impress.abmil_auc","impress","slide_biomarker_or_classification","auroc",".835","standard_deviation=.005","cls_token","Frozen CLS-token features; ten ABMIL heads; training-step selection by five-fold cross-validation; AUROC.","https://www.bioptimus.com/news/bioptimus-launches-h-optimus-1","quarantined_nonpublic_or_access_ambiguous","Dataset access is not established as a versioned downloadable public benchmark in the official report; retained audit-only."
"hoptimus1_official_report","published:2025-04-01","a46ad75f2194ac2700eedfde6cef0edde5b56ff59438fa724cf53e4adc997bf3","Table 2|model=UNI2-h|task=ER-BC|dataset=bcnb","UNI2-h","uni2-h","hoptimus1report2025.er_bc.bcnb.abmil_auc","bcnb","slide_biomarker_or_classification","auroc",".902","standard_deviation=.002","cls_token","Frozen CLS-token features; ten ABMIL heads; training-step selection by five-fold cross-validation; AUROC.","https://www.bioptimus.com/news/bioptimus-launches-h-optimus-1","quarantined_nonpublic_or_access_ambiguous","Dataset access is not established as a versioned downloadable public benchmark in the official report; retained audit-only."
"hoptimus1_official_report","published:2025-04-01","a46ad75f2194ac2700eedfde6cef0edde5b56ff59438fa724cf53e4adc997bf3","Table 2|model=UNI2-h|task=PR-BC|dataset=impress","UNI2-h","uni2-h","hoptimus1report2025.pr_bc.impress.abmil_auc","impress","slide_biomarker_or_classification","auroc",".830","standard_deviation=.005","cls_token","Frozen CLS-token features; ten ABMIL heads; training-step selection by five-fold cross-validation; AUROC.","https://www.bioptimus.com/news/bioptimus-launches-h-optimus-1","quarantined_nonpublic_or_access_ambiguous","Dataset access is not established as a versioned downloadable public benchmark in the official report; retained audit-only."
"hoptimus1_official_report","published:2025-04-01","a46ad75f2194ac2700eedfde6cef0edde5b56ff59438fa724cf53e4adc997bf3","Table 2|model=UNI2-h|task=PR-BC|dataset=bcnb","UNI2-h","uni2-h","hoptimus1report2025.pr_bc.bcnb.abmil_auc","bcnb","slide_biomarker_or_classification","auroc",".853","standard_deviation=.002","cls_token","Frozen CLS-token features; ten ABMIL heads; training-step selection by five-fold cross-validation; AUROC.","https://www.bioptimus.com/news/bioptimus-launches-h-optimus-1","quarantined_nonpublic_or_access_ambiguous","Dataset access is not established as a versioned downloadable public benchmark in the official report; retained audit-only."
"hoptimus1_official_report","published:2025-04-01","a46ad75f2194ac2700eedfde6cef0edde5b56ff59438fa724cf53e4adc997bf3","Table 2|model=Virchow2|task=META-BC|dataset=camelyon16_test","Virchow2","virchow-2","hoptimus1report2025.meta_bc.camelyon16_test.abmil_auc","camelyon16_test","slide_biomarker_or_classification","auroc",".976","standard_deviation=.002","cls_token","Frozen CLS-token features; ten ABMIL heads; training-step selection by five-fold cross-validation; AUROC.","https://www.bioptimus.com/news/bioptimus-launches-h-optimus-1","accepted_public_leaf","Dataset access is not established as a versioned downloadable public benchmark in the official report; retained audit-only."
"hoptimus1_official_report","published:2025-04-01","a46ad75f2194ac2700eedfde6cef0edde5b56ff59438fa724cf53e4adc997bf3","Table 2|model=Virchow2|task=META-BC|dataset=sln_breast","Virchow2","virchow-2","hoptimus1report2025.meta_bc.sln_breast.abmil_auc","sln_breast","slide_biomarker_or_classification","auroc",".985","standard_deviation=.002","cls_token","Frozen CLS-token features; ten ABMIL heads; training-step selection by five-fold cross-validation; AUROC.","https://www.bioptimus.com/news/bioptimus-launches-h-optimus-1","quarantined_nonpublic_or_access_ambiguous","Dataset access is not established as a versioned downloadable public benchmark in the official report; retained audit-only."
"hoptimus1_official_report","published:2025-04-01","a46ad75f2194ac2700eedfde6cef0edde5b56ff59438fa724cf53e4adc997bf3","Table 2|model=Virchow2|task=MSI-GC|dataset=tcga_stad_test","Virchow2","virchow-2","hoptimus1report2025.msi_gc.tcga_stad_test.abmil_auc","tcga_stad_test","slide_biomarker_or_classification","auroc",".923","standard_deviation=.014","cls_token","Frozen CLS-token features; ten ABMIL heads; training-step selection by five-fold cross-validation; AUROC.","https://www.bioptimus.com/news/bioptimus-launches-h-optimus-1","accepted_public_leaf","Dataset access is not established as a versioned downloadable public benchmark in the official report; retained audit-only."
"hoptimus1_official_report","published:2025-04-01","a46ad75f2194ac2700eedfde6cef0edde5b56ff59438fa724cf53e4adc997bf3","Table 2|model=Virchow2|task=MSI-CRC|dataset=paip2020","Virchow2","virchow-2","hoptimus1report2025.msi_crc.paip2020.abmil_auc","paip2020","slide_biomarker_or_classification","auroc",".988","standard_deviation=.002","cls_token","Frozen CLS-token features; ten ABMIL heads; training-step selection by five-fold cross-validation; AUROC.","https://www.bioptimus.com/news/bioptimus-launches-h-optimus-1","accepted_public_leaf","Dataset access is not established as a versioned downloadable public benchmark in the official report; retained audit-only."
"hoptimus1_official_report","published:2025-04-01","a46ad75f2194ac2700eedfde6cef0edde5b56ff59438fa724cf53e4adc997bf3","Table 2|model=Virchow2|task=MSI-CRC|dataset=fr_crc_bio","Virchow2","virchow-2","hoptimus1report2025.msi_crc.fr_crc_bio.abmil_auc","fr_crc_bio","slide_biomarker_or_classification","auroc",".887","standard_deviation=.003","cls_token","Frozen CLS-token features; ten ABMIL heads; training-step selection by five-fold cross-validation; AUROC.","https://www.bioptimus.com/news/bioptimus-launches-h-optimus-1","quarantined_nonpublic_or_access_ambiguous","Official report explicitly labels FR-CRC-Bio internal."
"hoptimus1_official_report","published:2025-04-01","a46ad75f2194ac2700eedfde6cef0edde5b56ff59438fa724cf53e4adc997bf3","Table 2|model=Virchow2|task=MSI-CRC|dataset=cptac_coad","Virchow2","virchow-2","hoptimus1report2025.msi_crc.cptac_coad.abmil_auc","cptac_coad","slide_biomarker_or_classification","auroc",".959","standard_deviation=.004","cls_token","Frozen CLS-token features; ten ABMIL heads; training-step selection by five-fold cross-validation; AUROC.","https://www.bioptimus.com/news/bioptimus-launches-h-optimus-1","accepted_public_leaf","Dataset access is not established as a versioned downloadable public benchmark in the official report; retained audit-only."
"hoptimus1_official_report","published:2025-04-01","a46ad75f2194ac2700eedfde6cef0edde5b56ff59438fa724cf53e4adc997bf3","Table 2|model=Virchow2|task=MSI-CRC|dataset=surgen","Virchow2","virchow-2","hoptimus1report2025.msi_crc.surgen.abmil_auc","surgen","slide_biomarker_or_classification","auroc",".896","standard_deviation=.003","cls_token","Frozen CLS-token features; ten ABMIL heads; training-step selection by five-fold cross-validation; AUROC.","https://www.bioptimus.com/news/bioptimus-launches-h-optimus-1","quarantined_nonpublic_or_access_ambiguous","Dataset access is not established as a versioned downloadable public benchmark in the official report; retained audit-only."
"hoptimus1_official_report","published:2025-04-01","a46ad75f2194ac2700eedfde6cef0edde5b56ff59438fa724cf53e4adc997bf3","Table 2|model=Virchow2|task=KRAS-CRC|dataset=cptac_coad","Virchow2","virchow-2","hoptimus1report2025.kras_crc.cptac_coad.abmil_auc","cptac_coad","slide_biomarker_or_classification","auroc",".706","standard_deviation=.006","cls_token","Frozen CLS-token features; ten ABMIL heads; training-step selection by five-fold cross-validation; AUROC.","https://www.bioptimus.com/news/bioptimus-launches-h-optimus-1","accepted_public_leaf","Dataset access is not established as a versioned downloadable public benchmark in the official report; retained audit-only."
"hoptimus1_official_report","published:2025-04-01","a46ad75f2194ac2700eedfde6cef0edde5b56ff59438fa724cf53e4adc997bf3","Table 2|model=Virchow2|task=KRAS-CRC|dataset=surgen","Virchow2","virchow-2","hoptimus1report2025.kras_crc.surgen.abmil_auc","surgen","slide_biomarker_or_classification","auroc",".654","standard_deviation=.005","cls_token","Frozen CLS-token features; ten ABMIL heads; training-step selection by five-fold cross-validation; AUROC.","https://www.bioptimus.com/news/bioptimus-launches-h-optimus-1","quarantined_nonpublic_or_access_ambiguous","Dataset access is not established as a versioned downloadable public benchmark in the official report; retained audit-only."
"hoptimus1_official_report","published:2025-04-01","a46ad75f2194ac2700eedfde6cef0edde5b56ff59438fa724cf53e4adc997bf3","Table 2|model=Virchow2|task=BRAF-CRC|dataset=cptac_coad","Virchow2","virchow-2","hoptimus1report2025.braf_crc.cptac_coad.abmil_auc","cptac_coad","slide_biomarker_or_classification","auroc",".800","standard_deviation=.011","cls_token","Frozen CLS-token features; ten ABMIL heads; training-step selection by five-fold cross-validation; AUROC.","https://www.bioptimus.com/news/bioptimus-launches-h-optimus-1","accepted_public_leaf","Dataset access is not established as a versioned downloadable public benchmark in the official report; retained audit-only."
"hoptimus1_official_report","published:2025-04-01","a46ad75f2194ac2700eedfde6cef0edde5b56ff59438fa724cf53e4adc997bf3","Table 2|model=Virchow2|task=BRAF-CRC|dataset=surgen","Virchow2","virchow-2","hoptimus1report2025.braf_crc.surgen.abmil_auc","surgen","slide_biomarker_or_classification","auroc",".760","standard_deviation=.023","cls_token","Frozen CLS-token features; ten ABMIL heads; training-step selection by five-fold cross-validation; AUROC.","https://www.bioptimus.com/news/bioptimus-launches-h-optimus-1","quarantined_nonpublic_or_access_ambiguous","Dataset access is not established as a versioned downloadable public benchmark in the official report; retained audit-only."
"hoptimus1_official_report","published:2025-04-01","a46ad75f2194ac2700eedfde6cef0edde5b56ff59438fa724cf53e4adc997bf3","Table 2|model=Virchow2|task=HER2-BC|dataset=yale_her2","Virchow2","virchow-2","hoptimus1report2025.her2_bc.yale_her2.abmil_auc","yale_her2","slide_biomarker_or_classification","auroc",".826","standard_deviation=.016","cls_token","Frozen CLS-token features; ten ABMIL heads; training-step selection by five-fold cross-validation; AUROC.","https://www.bioptimus.com/news/bioptimus-launches-h-optimus-1","quarantined_nonpublic_or_access_ambiguous","Dataset access is not established as a versioned downloadable public benchmark in the official report; retained audit-only."
"hoptimus1_official_report","published:2025-04-01","a46ad75f2194ac2700eedfde6cef0edde5b56ff59438fa724cf53e4adc997bf3","Table 2|model=Virchow2|task=HER2-BC|dataset=impress","Virchow2","virchow-2","hoptimus1report2025.her2_bc.impress.abmil_auc","impress","slide_biomarker_or_classification","auroc",".810","standard_deviation=.041","cls_token","Frozen CLS-token features; ten ABMIL heads; training-step selection by five-fold cross-validation; AUROC.","https://www.bioptimus.com/news/bioptimus-launches-h-optimus-1","quarantined_nonpublic_or_access_ambiguous","Dataset access is not established as a versioned downloadable public benchmark in the official report; retained audit-only."
"hoptimus1_official_report","published:2025-04-01","a46ad75f2194ac2700eedfde6cef0edde5b56ff59438fa724cf53e4adc997bf3","Table 2|model=Virchow2|task=HER2-BC|dataset=bcnb","Virchow2","virchow-2","hoptimus1report2025.her2_bc.bcnb.abmil_auc","bcnb","slide_biomarker_or_classification","auroc",".692","standard_deviation=.004","cls_token","Frozen CLS-token features; ten ABMIL heads; training-step selection by five-fold cross-validation; AUROC.","https://www.bioptimus.com/news/bioptimus-launches-h-optimus-1","quarantined_nonpublic_or_access_ambiguous","Dataset access is not established as a versioned downloadable public benchmark in the official report; retained audit-only."
"hoptimus1_official_report","published:2025-04-01","a46ad75f2194ac2700eedfde6cef0edde5b56ff59438fa724cf53e4adc997bf3","Table 2|model=Virchow2|task=ER-BC|dataset=impress","Virchow2","virchow-2","hoptimus1report2025.er_bc.impress.abmil_auc","impress","slide_biomarker_or_classification","auroc",".834","standard_deviation=.008","cls_token","Frozen CLS-token features; ten ABMIL heads; training-step selection by five-fold cross-validation; AUROC.","https://www.bioptimus.com/news/bioptimus-launches-h-optimus-1","quarantined_nonpublic_or_access_ambiguous","Dataset access is not established as a versioned downloadable public benchmark in the official report; retained audit-only."
"hoptimus1_official_report","published:2025-04-01","a46ad75f2194ac2700eedfde6cef0edde5b56ff59438fa724cf53e4adc997bf3","Table 2|model=Virchow2|task=ER-BC|dataset=bcnb","Virchow2","virchow-2","hoptimus1report2025.er_bc.bcnb.abmil_auc","bcnb","slide_biomarker_or_classification","auroc",".847","standard_deviation=.008","cls_token","Frozen CLS-token features; ten ABMIL heads; training-step selection by five-fold cross-validation; AUROC.","https://www.bioptimus.com/news/bioptimus-launches-h-optimus-1","quarantined_nonpublic_or_access_ambiguous","Dataset access is not established as a versioned downloadable public benchmark in the official report; retained audit-only."
"hoptimus1_official_report","published:2025-04-01","a46ad75f2194ac2700eedfde6cef0edde5b56ff59438fa724cf53e4adc997bf3","Table 2|model=Virchow2|task=PR-BC|dataset=impress","Virchow2","virchow-2","hoptimus1report2025.pr_bc.impress.abmil_auc","impress","slide_biomarker_or_classification","auroc",".834","standard_deviation=.009","cls_token","Frozen CLS-token features; ten ABMIL heads; training-step selection by five-fold cross-validation; AUROC.","https://www.bioptimus.com/news/bioptimus-launches-h-optimus-1","quarantined_nonpublic_or_access_ambiguous","Dataset access is not established as a versioned downloadable public benchmark in the official report; retained audit-only."
"hoptimus1_official_report","published:2025-04-01","a46ad75f2194ac2700eedfde6cef0edde5b56ff59438fa724cf53e4adc997bf3","Table 2|model=Virchow2|task=PR-BC|dataset=bcnb","Virchow2","virchow-2","hoptimus1report2025.pr_bc.bcnb.abmil_auc","bcnb","slide_biomarker_or_classification","auroc",".803","standard_deviation=.010","cls_token","Frozen CLS-token features; ten ABMIL heads; training-step selection by five-fold cross-validation; AUROC.","https://www.bioptimus.com/news/bioptimus-launches-h-optimus-1","quarantined_nonpublic_or_access_ambiguous","Dataset access is not established as a versioned downloadable public benchmark in the official report; retained audit-only."
"hoptimus1_official_report","published:2025-04-01","a46ad75f2194ac2700eedfde6cef0edde5b56ff59438fa724cf53e4adc997bf3","Table 2|model=H-optimus-0|task=META-BC|dataset=camelyon16_test","H-optimus-0","h-optimus-0","hoptimus1report2025.meta_bc.camelyon16_test.abmil_auc","camelyon16_test","slide_biomarker_or_classification","auroc",".998","standard_deviation=.001","cls_token","Frozen CLS-token features; ten ABMIL heads; training-step selection by five-fold cross-validation; AUROC.","https://www.bioptimus.com/news/bioptimus-launches-h-optimus-1","accepted_public_leaf","Dataset access is not established as a versioned downloadable public benchmark in the official report; retained audit-only."
"hoptimus1_official_report","published:2025-04-01","a46ad75f2194ac2700eedfde6cef0edde5b56ff59438fa724cf53e4adc997bf3","Table 2|model=H-optimus-0|task=META-BC|dataset=sln_breast","H-optimus-0","h-optimus-0","hoptimus1report2025.meta_bc.sln_breast.abmil_auc","sln_breast","slide_biomarker_or_classification","auroc",".953","standard_deviation=.002","cls_token","Frozen CLS-token features; ten ABMIL heads; training-step selection by five-fold cross-validation; AUROC.","https://www.bioptimus.com/news/bioptimus-launches-h-optimus-1","quarantined_nonpublic_or_access_ambiguous","Dataset access is not established as a versioned downloadable public benchmark in the official report; retained audit-only."
"hoptimus1_official_report","published:2025-04-01","a46ad75f2194ac2700eedfde6cef0edde5b56ff59438fa724cf53e4adc997bf3","Table 2|model=H-optimus-0|task=MSI-GC|dataset=tcga_stad_test","H-optimus-0","h-optimus-0","hoptimus1report2025.msi_gc.tcga_stad_test.abmil_auc","tcga_stad_test","slide_biomarker_or_classification","auroc",".899","standard_deviation=.006","cls_token","Frozen CLS-token features; ten ABMIL heads; training-step selection by five-fold cross-validation; AUROC.","https://www.bioptimus.com/news/bioptimus-launches-h-optimus-1","accepted_public_leaf","Dataset access is not established as a versioned downloadable public benchmark in the official report; retained audit-only."
"hoptimus1_official_report","published:2025-04-01","a46ad75f2194ac2700eedfde6cef0edde5b56ff59438fa724cf53e4adc997bf3","Table 2|model=H-optimus-0|task=MSI-CRC|dataset=paip2020","H-optimus-0","h-optimus-0","hoptimus1report2025.msi_crc.paip2020.abmil_auc","paip2020","slide_biomarker_or_classification","auroc",".974","standard_deviation=.002","cls_token","Frozen CLS-token features; ten ABMIL heads; training-step selection by five-fold cross-validation; AUROC.","https://www.bioptimus.com/news/bioptimus-launches-h-optimus-1","accepted_public_leaf","Dataset access is not established as a versioned downloadable public benchmark in the official report; retained audit-only."
"hoptimus1_official_report","published:2025-04-01","a46ad75f2194ac2700eedfde6cef0edde5b56ff59438fa724cf53e4adc997bf3","Table 2|model=H-optimus-0|task=MSI-CRC|dataset=fr_crc_bio","H-optimus-0","h-optimus-0","hoptimus1report2025.msi_crc.fr_crc_bio.abmil_auc","fr_crc_bio","slide_biomarker_or_classification","auroc",".888","standard_deviation=.009","cls_token","Frozen CLS-token features; ten ABMIL heads; training-step selection by five-fold cross-validation; AUROC.","https://www.bioptimus.com/news/bioptimus-launches-h-optimus-1","quarantined_nonpublic_or_access_ambiguous","Official report explicitly labels FR-CRC-Bio internal."
"hoptimus1_official_report","published:2025-04-01","a46ad75f2194ac2700eedfde6cef0edde5b56ff59438fa724cf53e4adc997bf3","Table 2|model=H-optimus-0|task=MSI-CRC|dataset=cptac_coad","H-optimus-0","h-optimus-0","hoptimus1report2025.msi_crc.cptac_coad.abmil_auc","cptac_coad","slide_biomarker_or_classification","auroc",".923","standard_deviation=.010","cls_token","Frozen CLS-token features; ten ABMIL heads; training-step selection by five-fold cross-validation; AUROC.","https://www.bioptimus.com/news/bioptimus-launches-h-optimus-1","accepted_public_leaf","Dataset access is not established as a versioned downloadable public benchmark in the official report; retained audit-only."
"hoptimus1_official_report","published:2025-04-01","a46ad75f2194ac2700eedfde6cef0edde5b56ff59438fa724cf53e4adc997bf3","Table 2|model=H-optimus-0|task=MSI-CRC|dataset=surgen","H-optimus-0","h-optimus-0","hoptimus1report2025.msi_crc.surgen.abmil_auc","surgen","slide_biomarker_or_classification","auroc",".903","standard_deviation=.013","cls_token","Frozen CLS-token features; ten ABMIL heads; training-step selection by five-fold cross-validation; AUROC.","https://www.bioptimus.com/news/bioptimus-launches-h-optimus-1","quarantined_nonpublic_or_access_ambiguous","Dataset access is not established as a versioned downloadable public benchmark in the official report; retained audit-only."
"hoptimus1_official_report","published:2025-04-01","a46ad75f2194ac2700eedfde6cef0edde5b56ff59438fa724cf53e4adc997bf3","Table 2|model=H-optimus-0|task=KRAS-CRC|dataset=cptac_coad","H-optimus-0","h-optimus-0","hoptimus1report2025.kras_crc.cptac_coad.abmil_auc","cptac_coad","slide_biomarker_or_classification","auroc",".592","standard_deviation=.010","cls_token","Frozen CLS-token features; ten ABMIL heads; training-step selection by five-fold cross-validation; AUROC.","https://www.bioptimus.com/news/bioptimus-launches-h-optimus-1","accepted_public_leaf","Dataset access is not established as a versioned downloadable public benchmark in the official report; retained audit-only."
"hoptimus1_official_report","published:2025-04-01","a46ad75f2194ac2700eedfde6cef0edde5b56ff59438fa724cf53e4adc997bf3","Table 2|model=H-optimus-0|task=KRAS-CRC|dataset=surgen","H-optimus-0","h-optimus-0","hoptimus1report2025.kras_crc.surgen.abmil_auc","surgen","slide_biomarker_or_classification","auroc",".662","standard_deviation=.002","cls_token","Frozen CLS-token features; ten ABMIL heads; training-step selection by five-fold cross-validation; AUROC.","https://www.bioptimus.com/news/bioptimus-launches-h-optimus-1","quarantined_nonpublic_or_access_ambiguous","Dataset access is not established as a versioned downloadable public benchmark in the official report; retained audit-only."
"hoptimus1_official_report","published:2025-04-01","a46ad75f2194ac2700eedfde6cef0edde5b56ff59438fa724cf53e4adc997bf3","Table 2|model=H-optimus-0|task=BRAF-CRC|dataset=cptac_coad","H-optimus-0","h-optimus-0","hoptimus1report2025.braf_crc.cptac_coad.abmil_auc","cptac_coad","slide_biomarker_or_classification","auroc",".693","standard_deviation=.021","cls_token","Frozen CLS-token features; ten ABMIL heads; training-step selection by five-fold cross-validation; AUROC.","https://www.bioptimus.com/news/bioptimus-launches-h-optimus-1","accepted_public_leaf","Dataset access is not established as a versioned downloadable public benchmark in the official report; retained audit-only."
"hoptimus1_official_report","published:2025-04-01","a46ad75f2194ac2700eedfde6cef0edde5b56ff59438fa724cf53e4adc997bf3","Table 2|model=H-optimus-0|task=BRAF-CRC|dataset=surgen","H-optimus-0","h-optimus-0","hoptimus1report2025.braf_crc.surgen.abmil_auc","surgen","slide_biomarker_or_classification","auroc",".786","standard_deviation=.007","cls_token","Frozen CLS-token features; ten ABMIL heads; training-step selection by five-fold cross-validation; AUROC.","https://www.bioptimus.com/news/bioptimus-launches-h-optimus-1","quarantined_nonpublic_or_access_ambiguous","Dataset access is not established as a versioned downloadable public benchmark in the official report; retained audit-only."
"hoptimus1_official_report","published:2025-04-01","a46ad75f2194ac2700eedfde6cef0edde5b56ff59438fa724cf53e4adc997bf3","Table 2|model=H-optimus-0|task=HER2-BC|dataset=yale_her2","H-optimus-0","h-optimus-0","hoptimus1report2025.her2_bc.yale_her2.abmil_auc","yale_her2","slide_biomarker_or_classification","auroc",".899","standard_deviation=.009","cls_token","Frozen CLS-token features; ten ABMIL heads; training-step selection by five-fold cross-validation; AUROC.","https://www.bioptimus.com/news/bioptimus-launches-h-optimus-1","quarantined_nonpublic_or_access_ambiguous","Dataset access is not established as a versioned downloadable public benchmark in the official report; retained audit-only."
"hoptimus1_official_report","published:2025-04-01","a46ad75f2194ac2700eedfde6cef0edde5b56ff59438fa724cf53e4adc997bf3","Table 2|model=H-optimus-0|task=HER2-BC|dataset=impress","H-optimus-0","h-optimus-0","hoptimus1report2025.her2_bc.impress.abmil_auc","impress","slide_biomarker_or_classification","auroc",".888","standard_deviation=.020","cls_token","Frozen CLS-token features; ten ABMIL heads; training-step selection by five-fold cross-validation; AUROC.","https://www.bioptimus.com/news/bioptimus-launches-h-optimus-1","quarantined_nonpublic_or_access_ambiguous","Dataset access is not established as a versioned downloadable public benchmark in the official report; retained audit-only."
"hoptimus1_official_report","published:2025-04-01","a46ad75f2194ac2700eedfde6cef0edde5b56ff59438fa724cf53e4adc997bf3","Table 2|model=H-optimus-0|task=HER2-BC|dataset=bcnb","H-optimus-0","h-optimus-0","hoptimus1report2025.her2_bc.bcnb.abmil_auc","bcnb","slide_biomarker_or_classification","auroc",".656","standard_deviation=.005","cls_token","Frozen CLS-token features; ten ABMIL heads; training-step selection by five-fold cross-validation; AUROC.","https://www.bioptimus.com/news/bioptimus-launches-h-optimus-1","quarantined_nonpublic_or_access_ambiguous","Dataset access is not established as a versioned downloadable public benchmark in the official report; retained audit-only."
"hoptimus1_official_report","published:2025-04-01","a46ad75f2194ac2700eedfde6cef0edde5b56ff59438fa724cf53e4adc997bf3","Table 2|model=H-optimus-0|task=ER-BC|dataset=impress","H-optimus-0","h-optimus-0","hoptimus1report2025.er_bc.impress.abmil_auc","impress","slide_biomarker_or_classification","auroc",".834","standard_deviation=.012","cls_token","Frozen CLS-token features; ten ABMIL heads; training-step selection by five-fold cross-validation; AUROC.","https://www.bioptimus.com/news/bioptimus-launches-h-optimus-1","quarantined_nonpublic_or_access_ambiguous","Dataset access is not established as a versioned downloadable public benchmark in the official report; retained audit-only."
"hoptimus1_official_report","published:2025-04-01","a46ad75f2194ac2700eedfde6cef0edde5b56ff59438fa724cf53e4adc997bf3","Table 2|model=H-optimus-0|task=ER-BC|dataset=bcnb","H-optimus-0","h-optimus-0","hoptimus1report2025.er_bc.bcnb.abmil_auc","bcnb","slide_biomarker_or_classification","auroc",".854","standard_deviation=.007","cls_token","Frozen CLS-token features; ten ABMIL heads; training-step selection by five-fold cross-validation; AUROC.","https://www.bioptimus.com/news/bioptimus-launches-h-optimus-1","quarantined_nonpublic_or_access_ambiguous","Dataset access is not established as a versioned downloadable public benchmark in the official report; retained audit-only."
"hoptimus1_official_report","published:2025-04-01","a46ad75f2194ac2700eedfde6cef0edde5b56ff59438fa724cf53e4adc997bf3","Table 2|model=H-optimus-0|task=PR-BC|dataset=impress","H-optimus-0","h-optimus-0","hoptimus1report2025.pr_bc.impress.abmil_auc","impress","slide_biomarker_or_classification","auroc",".867","standard_deviation=.004","cls_token","Frozen CLS-token features; ten ABMIL heads; training-step selection by five-fold cross-validation; AUROC.","https://www.bioptimus.com/news/bioptimus-launches-h-optimus-1","quarantined_nonpublic_or_access_ambiguous","Dataset access is not established as a versioned downloadable public benchmark in the official report; retained audit-only."
"hoptimus1_official_report","published:2025-04-01","a46ad75f2194ac2700eedfde6cef0edde5b56ff59438fa724cf53e4adc997bf3","Table 2|model=H-optimus-0|task=PR-BC|dataset=bcnb","H-optimus-0","h-optimus-0","hoptimus1report2025.pr_bc.bcnb.abmil_auc","bcnb","slide_biomarker_or_classification","auroc",".769","standard_deviation=.022","cls_token","Frozen CLS-token features; ten ABMIL heads; training-step selection by five-fold cross-validation; AUROC.","https://www.bioptimus.com/news/bioptimus-launches-h-optimus-1","quarantined_nonpublic_or_access_ambiguous","Dataset access is not established as a versioned downloadable public benchmark in the official report; retained audit-only."
"hoptimus1_official_report","published:2025-04-01","a46ad75f2194ac2700eedfde6cef0edde5b56ff59438fa724cf53e4adc997bf3","Table 2|model=UNI|task=META-BC|dataset=camelyon16_test","UNI","uni","hoptimus1report2025.meta_bc.camelyon16_test.abmil_auc","camelyon16_test","slide_biomarker_or_classification","auroc",".981","standard_deviation=.006","cls_token","Frozen CLS-token features; ten ABMIL heads; training-step selection by five-fold cross-validation; AUROC.","https://www.bioptimus.com/news/bioptimus-launches-h-optimus-1","accepted_public_leaf","Dataset access is not established as a versioned downloadable public benchmark in the official report; retained audit-only."
"hoptimus1_official_report","published:2025-04-01","a46ad75f2194ac2700eedfde6cef0edde5b56ff59438fa724cf53e4adc997bf3","Table 2|model=UNI|task=META-BC|dataset=sln_breast","UNI","uni","hoptimus1report2025.meta_bc.sln_breast.abmil_auc","sln_breast","slide_biomarker_or_classification","auroc",".963","standard_deviation=.005","cls_token","Frozen CLS-token features; ten ABMIL heads; training-step selection by five-fold cross-validation; AUROC.","https://www.bioptimus.com/news/bioptimus-launches-h-optimus-1","quarantined_nonpublic_or_access_ambiguous","Dataset access is not established as a versioned downloadable public benchmark in the official report; retained audit-only."
"hoptimus1_official_report","published:2025-04-01","a46ad75f2194ac2700eedfde6cef0edde5b56ff59438fa724cf53e4adc997bf3","Table 2|model=UNI|task=MSI-GC|dataset=tcga_stad_test","UNI","uni","hoptimus1report2025.msi_gc.tcga_stad_test.abmil_auc","tcga_stad_test","slide_biomarker_or_classification","auroc",".907","standard_deviation=.008","cls_token","Frozen CLS-token features; ten ABMIL heads; training-step selection by five-fold cross-validation; AUROC.","https://www.bioptimus.com/news/bioptimus-launches-h-optimus-1","accepted_public_leaf","Dataset access is not established as a versioned downloadable public benchmark in the official report; retained audit-only."
"hoptimus1_official_report","published:2025-04-01","a46ad75f2194ac2700eedfde6cef0edde5b56ff59438fa724cf53e4adc997bf3","Table 2|model=UNI|task=MSI-CRC|dataset=paip2020","UNI","uni","hoptimus1report2025.msi_crc.paip2020.abmil_auc","paip2020","slide_biomarker_or_classification","auroc",".966","standard_deviation=.003","cls_token","Frozen CLS-token features; ten ABMIL heads; training-step selection by five-fold cross-validation; AUROC.","https://www.bioptimus.com/news/bioptimus-launches-h-optimus-1","accepted_public_leaf","Dataset access is not established as a versioned downloadable public benchmark in the official report; retained audit-only."
"hoptimus1_official_report","published:2025-04-01","a46ad75f2194ac2700eedfde6cef0edde5b56ff59438fa724cf53e4adc997bf3","Table 2|model=UNI|task=MSI-CRC|dataset=fr_crc_bio","UNI","uni","hoptimus1report2025.msi_crc.fr_crc_bio.abmil_auc","fr_crc_bio","slide_biomarker_or_classification","auroc",".829","standard_deviation=.005","cls_token","Frozen CLS-token features; ten ABMIL heads; training-step selection by five-fold cross-validation; AUROC.","https://www.bioptimus.com/news/bioptimus-launches-h-optimus-1","quarantined_nonpublic_or_access_ambiguous","Official report explicitly labels FR-CRC-Bio internal."
"hoptimus1_official_report","published:2025-04-01","a46ad75f2194ac2700eedfde6cef0edde5b56ff59438fa724cf53e4adc997bf3","Table 2|model=UNI|task=MSI-CRC|dataset=cptac_coad","UNI","uni","hoptimus1report2025.msi_crc.cptac_coad.abmil_auc","cptac_coad","slide_biomarker_or_classification","auroc",".928","standard_deviation=.004","cls_token","Frozen CLS-token features; ten ABMIL heads; training-step selection by five-fold cross-validation; AUROC.","https://www.bioptimus.com/news/bioptimus-launches-h-optimus-1","accepted_public_leaf","Dataset access is not established as a versioned downloadable public benchmark in the official report; retained audit-only."
"hoptimus1_official_report","published:2025-04-01","a46ad75f2194ac2700eedfde6cef0edde5b56ff59438fa724cf53e4adc997bf3","Table 2|model=UNI|task=MSI-CRC|dataset=surgen","UNI","uni","hoptimus1report2025.msi_crc.surgen.abmil_auc","surgen","slide_biomarker_or_classification","auroc",".857","standard_deviation=.006","cls_token","Frozen CLS-token features; ten ABMIL heads; training-step selection by five-fold cross-validation; AUROC.","https://www.bioptimus.com/news/bioptimus-launches-h-optimus-1","quarantined_nonpublic_or_access_ambiguous","Dataset access is not established as a versioned downloadable public benchmark in the official report; retained audit-only."
"hoptimus1_official_report","published:2025-04-01","a46ad75f2194ac2700eedfde6cef0edde5b56ff59438fa724cf53e4adc997bf3","Table 2|model=UNI|task=KRAS-CRC|dataset=cptac_coad","UNI","uni","hoptimus1report2025.kras_crc.cptac_coad.abmil_auc","cptac_coad","slide_biomarker_or_classification","auroc",".687","standard_deviation=.010","cls_token","Frozen CLS-token features; ten ABMIL heads; training-step selection by five-fold cross-validation; AUROC.","https://www.bioptimus.com/news/bioptimus-launches-h-optimus-1","accepted_public_leaf","Dataset access is not established as a versioned downloadable public benchmark in the official report; retained audit-only."
"hoptimus1_official_report","published:2025-04-01","a46ad75f2194ac2700eedfde6cef0edde5b56ff59438fa724cf53e4adc997bf3","Table 2|model=UNI|task=KRAS-CRC|dataset=surgen","UNI","uni","hoptimus1report2025.kras_crc.surgen.abmil_auc","surgen","slide_biomarker_or_classification","auroc",".664","standard_deviation=.004","cls_token","Frozen CLS-token features; ten ABMIL heads; training-step selection by five-fold cross-validation; AUROC.","https://www.bioptimus.com/news/bioptimus-launches-h-optimus-1","quarantined_nonpublic_or_access_ambiguous","Dataset access is not established as a versioned downloadable public benchmark in the official report; retained audit-only."
"hoptimus1_official_report","published:2025-04-01","a46ad75f2194ac2700eedfde6cef0edde5b56ff59438fa724cf53e4adc997bf3","Table 2|model=UNI|task=BRAF-CRC|dataset=cptac_coad","UNI","uni","hoptimus1report2025.braf_crc.cptac_coad.abmil_auc","cptac_coad","slide_biomarker_or_classification","auroc",".766","standard_deviation=.015","cls_token","Frozen CLS-token features; ten ABMIL heads; training-step selection by five-fold cross-validation; AUROC.","https://www.bioptimus.com/news/bioptimus-launches-h-optimus-1","accepted_public_leaf","Dataset access is not established as a versioned downloadable public benchmark in the official report; retained audit-only."
"hoptimus1_official_report","published:2025-04-01","a46ad75f2194ac2700eedfde6cef0edde5b56ff59438fa724cf53e4adc997bf3","Table 2|model=UNI|task=BRAF-CRC|dataset=surgen","UNI","uni","hoptimus1report2025.braf_crc.surgen.abmil_auc","surgen","slide_biomarker_or_classification","auroc",".799","standard_deviation=.013","cls_token","Frozen CLS-token features; ten ABMIL heads; training-step selection by five-fold cross-validation; AUROC.","https://www.bioptimus.com/news/bioptimus-launches-h-optimus-1","quarantined_nonpublic_or_access_ambiguous","Dataset access is not established as a versioned downloadable public benchmark in the official report; retained audit-only."
"hoptimus1_official_report","published:2025-04-01","a46ad75f2194ac2700eedfde6cef0edde5b56ff59438fa724cf53e4adc997bf3","Table 2|model=UNI|task=HER2-BC|dataset=yale_her2","UNI","uni","hoptimus1report2025.her2_bc.yale_her2.abmil_auc","yale_her2","slide_biomarker_or_classification","auroc",".825","standard_deviation=.013","cls_token","Frozen CLS-token features; ten ABMIL heads; training-step selection by five-fold cross-validation; AUROC.","https://www.bioptimus.com/news/bioptimus-launches-h-optimus-1","quarantined_nonpublic_or_access_ambiguous","Dataset access is not established as a versioned downloadable public benchmark in the official report; retained audit-only."
"hoptimus1_official_report","published:2025-04-01","a46ad75f2194ac2700eedfde6cef0edde5b56ff59438fa724cf53e4adc997bf3","Table 2|model=UNI|task=HER2-BC|dataset=impress","UNI","uni","hoptimus1report2025.her2_bc.impress.abmil_auc","impress","slide_biomarker_or_classification","auroc",".745","standard_deviation=.033","cls_token","Frozen CLS-token features; ten ABMIL heads; training-step selection by five-fold cross-validation; AUROC.","https://www.bioptimus.com/news/bioptimus-launches-h-optimus-1","quarantined_nonpublic_or_access_ambiguous","Dataset access is not established as a versioned downloadable public benchmark in the official report; retained audit-only."
"hoptimus1_official_report","published:2025-04-01","a46ad75f2194ac2700eedfde6cef0edde5b56ff59438fa724cf53e4adc997bf3","Table 2|model=UNI|task=HER2-BC|dataset=bcnb","UNI","uni","hoptimus1report2025.her2_bc.bcnb.abmil_auc","bcnb","slide_biomarker_or_classification","auroc",".677","standard_deviation=.008","cls_token","Frozen CLS-token features; ten ABMIL heads; training-step selection by five-fold cross-validation; AUROC.","https://www.bioptimus.com/news/bioptimus-launches-h-optimus-1","quarantined_nonpublic_or_access_ambiguous","Dataset access is not established as a versioned downloadable public benchmark in the official report; retained audit-only."
"hoptimus1_official_report","published:2025-04-01","a46ad75f2194ac2700eedfde6cef0edde5b56ff59438fa724cf53e4adc997bf3","Table 2|model=UNI|task=ER-BC|dataset=impress","UNI","uni","hoptimus1report2025.er_bc.impress.abmil_auc","impress","slide_biomarker_or_classification","auroc",".824","standard_deviation=.008","cls_token","Frozen CLS-token features; ten ABMIL heads; training-step selection by five-fold cross-validation; AUROC.","https://www.bioptimus.com/news/bioptimus-launches-h-optimus-1","quarantined_nonpublic_or_access_ambiguous","Dataset access is not established as a versioned downloadable public benchmark in the official report; retained audit-only."
"hoptimus1_official_report","published:2025-04-01","a46ad75f2194ac2700eedfde6cef0edde5b56ff59438fa724cf53e4adc997bf3","Table 2|model=UNI|task=ER-BC|dataset=bcnb","UNI","uni","hoptimus1report2025.er_bc.bcnb.abmil_auc","bcnb","slide_biomarker_or_classification","auroc",".861","standard_deviation=.003","cls_token","Frozen CLS-token features; ten ABMIL heads; training-step selection by five-fold cross-validation; AUROC.","https://www.bioptimus.com/news/bioptimus-launches-h-optimus-1","quarantined_nonpublic_or_access_ambiguous","Dataset access is not established as a versioned downloadable public benchmark in the official report; retained audit-only."
"hoptimus1_official_report","published:2025-04-01","a46ad75f2194ac2700eedfde6cef0edde5b56ff59438fa724cf53e4adc997bf3","Table 2|model=UNI|task=PR-BC|dataset=impress","UNI","uni","hoptimus1report2025.pr_bc.impress.abmil_auc","impress","slide_biomarker_or_classification","auroc",".761","standard_deviation=.034","cls_token","Frozen CLS-token features; ten ABMIL heads; training-step selection by five-fold cross-validation; AUROC.","https://www.bioptimus.com/news/bioptimus-launches-h-optimus-1","quarantined_nonpublic_or_access_ambiguous","Dataset access is not established as a versioned downloadable public benchmark in the official report; retained audit-only."
"hoptimus1_official_report","published:2025-04-01","a46ad75f2194ac2700eedfde6cef0edde5b56ff59438fa724cf53e4adc997bf3","Table 2|model=UNI|task=PR-BC|dataset=bcnb","UNI","uni","hoptimus1report2025.pr_bc.bcnb.abmil_auc","bcnb","slide_biomarker_or_classification","auroc",".777","standard_deviation=.029","cls_token","Frozen CLS-token features; ten ABMIL heads; training-step selection by five-fold cross-validation; AUROC.","https://www.bioptimus.com/news/bioptimus-launches-h-optimus-1","quarantined_nonpublic_or_access_ambiguous","Dataset access is not established as a versioned downloadable public benchmark in the official report; retained audit-only."
"hoptimus1_official_report","published:2025-04-01","a46ad75f2194ac2700eedfde6cef0edde5b56ff59438fa724cf53e4adc997bf3","Table 2|model=H-optimus-1|row=Average","H-optimus-1","h-optimus-1","hoptimus1report2025.slide.aggregate.mean","aggregate","aggregate","mean_auroc",".856","not_reported","cls_token","Reported mean across slide-level cohorts.","https://www.bioptimus.com/news/bioptimus-launches-h-optimus-1","excluded_derived_aggregate","Derived mean is not an independent task."
"hoptimus1_official_report","published:2025-04-01","a46ad75f2194ac2700eedfde6cef0edde5b56ff59438fa724cf53e4adc997bf3","Table 2|model=UNI2-h|row=Average","UNI2-h","uni2-h","hoptimus1report2025.slide.aggregate.mean","aggregate","aggregate","mean_auroc",".851","not_reported","cls_token","Reported mean across slide-level cohorts.","https://www.bioptimus.com/news/bioptimus-launches-h-optimus-1","excluded_derived_aggregate","Derived mean is not an independent task."
"hoptimus1_official_report","published:2025-04-01","a46ad75f2194ac2700eedfde6cef0edde5b56ff59438fa724cf53e4adc997bf3","Table 2|model=Virchow2|row=Average","Virchow2","virchow-2","hoptimus1report2025.slide.aggregate.mean","aggregate","aggregate","mean_auroc",".843","not_reported","cls_token","Reported mean across slide-level cohorts.","https://www.bioptimus.com/news/bioptimus-launches-h-optimus-1","excluded_derived_aggregate","Derived mean is not an independent task."
"hoptimus1_official_report","published:2025-04-01","a46ad75f2194ac2700eedfde6cef0edde5b56ff59438fa724cf53e4adc997bf3","Table 2|model=H-optimus-0|row=Average","H-optimus-0","h-optimus-0","hoptimus1report2025.slide.aggregate.mean","aggregate","aggregate","mean_auroc",".835","not_reported","cls_token","Reported mean across slide-level cohorts.","https://www.bioptimus.com/news/bioptimus-launches-h-optimus-1","excluded_derived_aggregate","Derived mean is not an independent task."
"hoptimus1_official_report","published:2025-04-01","a46ad75f2194ac2700eedfde6cef0edde5b56ff59438fa724cf53e4adc997bf3","Table 2|model=UNI|row=Average","UNI","uni","hoptimus1report2025.slide.aggregate.mean","aggregate","aggregate","mean_auroc",".823","not_reported","cls_token","Reported mean across slide-level cohorts.","https://www.bioptimus.com/news/bioptimus-launches-h-optimus-1","excluded_derived_aggregate","Derived mean is not an independent task."
"hoptimus1_official_report","published:2025-04-01","a46ad75f2194ac2700eedfde6cef0edde5b56ff59438fa724cf53e4adc997bf3","Table 3|model=H-optimus-1|column=mhist","H-optimus-1","h-optimus-1","hoptimus1report2025.mhist.linear_probe_top1","mhist","tile_classification","top1_accuracy",".835","standard_deviation=.001","cls_token","Frozen CLS-token features; linear probing with repeated cross-validation; top-1 accuracy.","https://www.bioptimus.com/news/bioptimus-launches-h-optimus-1","accepted_public_leaf","Public tile benchmark leaf cell under the report-version protocol."
"hoptimus1_official_report","published:2025-04-01","a46ad75f2194ac2700eedfde6cef0edde5b56ff59438fa724cf53e4adc997bf3","Table 3|model=H-optimus-1|column=tcga_uniform","H-optimus-1","h-optimus-1","hoptimus1report2025.tcga_uniform.linear_probe_top1","tcga_uniform","tile_classification","top1_accuracy",".851","standard_deviation=.000","cls_token","Frozen CLS-token features; linear probing with repeated cross-validation; top-1 accuracy.","https://www.bioptimus.com/news/bioptimus-launches-h-optimus-1","accepted_public_leaf","Public tile benchmark leaf cell under the report-version protocol."
"hoptimus1_official_report","published:2025-04-01","a46ad75f2194ac2700eedfde6cef0edde5b56ff59438fa724cf53e4adc997bf3","Table 3|model=H-optimus-1|column=cam17_wilds","H-optimus-1","h-optimus-1","hoptimus1report2025.cam17_wilds.linear_probe_top1","cam17_wilds","tile_classification","top1_accuracy",".991","standard_deviation=.000","cls_token","Frozen CLS-token features; linear probing with repeated cross-validation; top-1 accuracy.","https://www.bioptimus.com/news/bioptimus-launches-h-optimus-1","accepted_public_leaf","Public tile benchmark leaf cell under the report-version protocol."
"hoptimus1_official_report","published:2025-04-01","a46ad75f2194ac2700eedfde6cef0edde5b56ff59438fa724cf53e4adc997bf3","Table 3|model=H-optimus-1|column=crc_no_norm","H-optimus-1","h-optimus-1","hoptimus1report2025.crc_no_norm.linear_probe_top1","crc_no_norm","tile_classification","top1_accuracy",".956","standard_deviation=.002","cls_token","Frozen CLS-token features; linear probing with repeated cross-validation; top-1 accuracy.","https://www.bioptimus.com/news/bioptimus-launches-h-optimus-1","accepted_public_leaf","Public tile benchmark leaf cell under the report-version protocol."
"hoptimus1_official_report","published:2025-04-01","a46ad75f2194ac2700eedfde6cef0edde5b56ff59438fa724cf53e4adc997bf3","Table 3|model=UNI2-h|column=mhist","UNI2-h","uni2-h","hoptimus1report2025.mhist.linear_probe_top1","mhist","tile_classification","top1_accuracy",".826","standard_deviation=.001","cls_token","Frozen CLS-token features; linear probing with repeated cross-validation; top-1 accuracy.","https://www.bioptimus.com/news/bioptimus-launches-h-optimus-1","accepted_public_leaf","Public tile benchmark leaf cell under the report-version protocol."
"hoptimus1_official_report","published:2025-04-01","a46ad75f2194ac2700eedfde6cef0edde5b56ff59438fa724cf53e4adc997bf3","Table 3|model=UNI2-h|column=tcga_uniform","UNI2-h","uni2-h","hoptimus1report2025.tcga_uniform.linear_probe_top1","tcga_uniform","tile_classification","top1_accuracy",".831","standard_deviation=.000","cls_token","Frozen CLS-token features; linear probing with repeated cross-validation; top-1 accuracy.","https://www.bioptimus.com/news/bioptimus-launches-h-optimus-1","accepted_public_leaf","Public tile benchmark leaf cell under the report-version protocol."
"hoptimus1_official_report","published:2025-04-01","a46ad75f2194ac2700eedfde6cef0edde5b56ff59438fa724cf53e4adc997bf3","Table 3|model=UNI2-h|column=cam17_wilds","UNI2-h","uni2-h","hoptimus1report2025.cam17_wilds.linear_probe_top1","cam17_wilds","tile_classification","top1_accuracy",".988","standard_deviation=.000","cls_token","Frozen CLS-token features; linear probing with repeated cross-validation; top-1 accuracy.","https://www.bioptimus.com/news/bioptimus-launches-h-optimus-1","accepted_public_leaf","Public tile benchmark leaf cell under the report-version protocol."
"hoptimus1_official_report","published:2025-04-01","a46ad75f2194ac2700eedfde6cef0edde5b56ff59438fa724cf53e4adc997bf3","Table 3|model=UNI2-h|column=crc_no_norm","UNI2-h","uni2-h","hoptimus1report2025.crc_no_norm.linear_probe_top1","crc_no_norm","tile_classification","top1_accuracy",".969","standard_deviation=.001","cls_token","Frozen CLS-token features; linear probing with repeated cross-validation; top-1 accuracy.","https://www.bioptimus.com/news/bioptimus-launches-h-optimus-1","accepted_public_leaf","Public tile benchmark leaf cell under the report-version protocol."
"hoptimus1_official_report","published:2025-04-01","a46ad75f2194ac2700eedfde6cef0edde5b56ff59438fa724cf53e4adc997bf3","Table 3|model=Virchow2|column=mhist","Virchow2","virchow-2","hoptimus1report2025.mhist.linear_probe_top1","mhist","tile_classification","top1_accuracy",".851","standard_deviation=.001","cls_token","Frozen CLS-token features; linear probing with repeated cross-validation; top-1 accuracy.","https://www.bioptimus.com/news/bioptimus-launches-h-optimus-1","accepted_public_leaf","Public tile benchmark leaf cell under the report-version protocol."
"hoptimus1_official_report","published:2025-04-01","a46ad75f2194ac2700eedfde6cef0edde5b56ff59438fa724cf53e4adc997bf3","Table 3|model=Virchow2|column=tcga_uniform","Virchow2","virchow-2","hoptimus1report2025.tcga_uniform.linear_probe_top1","tcga_uniform","tile_classification","top1_accuracy",".830","standard_deviation=.000","cls_token","Frozen CLS-token features; linear probing with repeated cross-validation; top-1 accuracy.","https://www.bioptimus.com/news/bioptimus-launches-h-optimus-1","accepted_public_leaf","Public tile benchmark leaf cell under the report-version protocol."
"hoptimus1_official_report","published:2025-04-01","a46ad75f2194ac2700eedfde6cef0edde5b56ff59438fa724cf53e4adc997bf3","Table 3|model=Virchow2|column=cam17_wilds","Virchow2","virchow-2","hoptimus1report2025.cam17_wilds.linear_probe_top1","cam17_wilds","tile_classification","top1_accuracy",".986","standard_deviation=.001","cls_token","Frozen CLS-token features; linear probing with repeated cross-validation; top-1 accuracy.","https://www.bioptimus.com/news/bioptimus-launches-h-optimus-1","accepted_public_leaf","Public tile benchmark leaf cell under the report-version protocol."
"hoptimus1_official_report","published:2025-04-01","a46ad75f2194ac2700eedfde6cef0edde5b56ff59438fa724cf53e4adc997bf3","Table 3|model=Virchow2|column=crc_no_norm","Virchow2","virchow-2","hoptimus1report2025.crc_no_norm.linear_probe_top1","crc_no_norm","tile_classification","top1_accuracy",".933","standard_deviation=.011","cls_token","Frozen CLS-token features; linear probing with repeated cross-validation; top-1 accuracy.","https://www.bioptimus.com/news/bioptimus-launches-h-optimus-1","accepted_public_leaf","Public tile benchmark leaf cell under the report-version protocol."
"hoptimus1_official_report","published:2025-04-01","a46ad75f2194ac2700eedfde6cef0edde5b56ff59438fa724cf53e4adc997bf3","Table 3|model=H-optimus-0|column=mhist","H-optimus-0","h-optimus-0","hoptimus1report2025.mhist.linear_probe_top1","mhist","tile_classification","top1_accuracy",".848","standard_deviation=.001","cls_token","Frozen CLS-token features; linear probing with repeated cross-validation; top-1 accuracy.","https://www.bioptimus.com/news/bioptimus-launches-h-optimus-1","accepted_public_leaf","Public tile benchmark leaf cell under the report-version protocol."
"hoptimus1_official_report","published:2025-04-01","a46ad75f2194ac2700eedfde6cef0edde5b56ff59438fa724cf53e4adc997bf3","Table 3|model=H-optimus-0|column=tcga_uniform","H-optimus-0","h-optimus-0","hoptimus1report2025.tcga_uniform.linear_probe_top1","tcga_uniform","tile_classification","top1_accuracy",".835","standard_deviation=.001","cls_token","Frozen CLS-token features; linear probing with repeated cross-validation; top-1 accuracy.","https://www.bioptimus.com/news/bioptimus-launches-h-optimus-1","accepted_public_leaf","Public tile benchmark leaf cell under the report-version protocol."
"hoptimus1_official_report","published:2025-04-01","a46ad75f2194ac2700eedfde6cef0edde5b56ff59438fa724cf53e4adc997bf3","Table 3|model=H-optimus-0|column=cam17_wilds","H-optimus-0","h-optimus-0","hoptimus1report2025.cam17_wilds.linear_probe_top1","cam17_wilds","tile_classification","top1_accuracy",".986","standard_deviation=.001","cls_token","Frozen CLS-token features; linear probing with repeated cross-validation; top-1 accuracy.","https://www.bioptimus.com/news/bioptimus-launches-h-optimus-1","accepted_public_leaf","Public tile benchmark leaf cell under the report-version protocol."
"hoptimus1_official_report","published:2025-04-01","a46ad75f2194ac2700eedfde6cef0edde5b56ff59438fa724cf53e4adc997bf3","Table 3|model=H-optimus-0|column=crc_no_norm","H-optimus-0","h-optimus-0","hoptimus1report2025.crc_no_norm.linear_probe_top1","crc_no_norm","tile_classification","top1_accuracy",".945","standard_deviation=.012","cls_token","Frozen CLS-token features; linear probing with repeated cross-validation; top-1 accuracy.","https://www.bioptimus.com/news/bioptimus-launches-h-optimus-1","accepted_public_leaf","Public tile benchmark leaf cell under the report-version protocol."
"hoptimus1_official_report","published:2025-04-01","a46ad75f2194ac2700eedfde6cef0edde5b56ff59438fa724cf53e4adc997bf3","Table 3|model=UNI|column=mhist","UNI","uni","hoptimus1report2025.mhist.linear_probe_top1","mhist","tile_classification","top1_accuracy",".840","standard_deviation=.002","cls_token","Frozen CLS-token features; linear probing with repeated cross-validation; top-1 accuracy.","https://www.bioptimus.com/news/bioptimus-launches-h-optimus-1","accepted_public_leaf","Public tile benchmark leaf cell under the report-version protocol."
"hoptimus1_official_report","published:2025-04-01","a46ad75f2194ac2700eedfde6cef0edde5b56ff59438fa724cf53e4adc997bf3","Table 3|model=UNI|column=tcga_uniform","UNI","uni","hoptimus1report2025.tcga_uniform.linear_probe_top1","tcga_uniform","tile_classification","top1_accuracy",".805","standard_deviation=.001","cls_token","Frozen CLS-token features; linear probing with repeated cross-validation; top-1 accuracy.","https://www.bioptimus.com/news/bioptimus-launches-h-optimus-1","accepted_public_leaf","Public tile benchmark leaf cell under the report-version protocol."
"hoptimus1_official_report","published:2025-04-01","a46ad75f2194ac2700eedfde6cef0edde5b56ff59438fa724cf53e4adc997bf3","Table 3|model=UNI|column=cam17_wilds","UNI","uni","hoptimus1report2025.cam17_wilds.linear_probe_top1","cam17_wilds","tile_classification","top1_accuracy",".980","standard_deviation=.001","cls_token","Frozen CLS-token features; linear probing with repeated cross-validation; top-1 accuracy.","https://www.bioptimus.com/news/bioptimus-launches-h-optimus-1","accepted_public_leaf","Public tile benchmark leaf cell under the report-version protocol."
"hoptimus1_official_report","published:2025-04-01","a46ad75f2194ac2700eedfde6cef0edde5b56ff59438fa724cf53e4adc997bf3","Table 3|model=UNI|column=crc_no_norm","UNI","uni","hoptimus1report2025.crc_no_norm.linear_probe_top1","crc_no_norm","tile_classification","top1_accuracy",".906","standard_deviation=.015","cls_token","Frozen CLS-token features; linear probing with repeated cross-validation; top-1 accuracy.","https://www.bioptimus.com/news/bioptimus-launches-h-optimus-1","accepted_public_leaf","Public tile benchmark leaf cell under the report-version protocol."
"hoptimus1_official_report","published:2025-04-01","a46ad75f2194ac2700eedfde6cef0edde5b56ff59438fa724cf53e4adc997bf3","Table 3|model=H-optimus-1|column=Average","H-optimus-1","h-optimus-1","hoptimus1report2025.tile.aggregate.mean","aggregate","aggregate","mean_top1_accuracy",".908","not_reported","cls_token","Reported mean across four tile tasks.","https://www.bioptimus.com/news/bioptimus-launches-h-optimus-1","excluded_derived_aggregate","Derived mean is not an independent task."
"hoptimus1_official_report","published:2025-04-01","a46ad75f2194ac2700eedfde6cef0edde5b56ff59438fa724cf53e4adc997bf3","Table 3|model=UNI2-h|column=Average","UNI2-h","uni2-h","hoptimus1report2025.tile.aggregate.mean","aggregate","aggregate","mean_top1_accuracy",".904","not_reported","cls_token","Reported mean across four tile tasks.","https://www.bioptimus.com/news/bioptimus-launches-h-optimus-1","excluded_derived_aggregate","Derived mean is not an independent task."
"hoptimus1_official_report","published:2025-04-01","a46ad75f2194ac2700eedfde6cef0edde5b56ff59438fa724cf53e4adc997bf3","Table 3|model=Virchow2|column=Average","Virchow2","virchow-2","hoptimus1report2025.tile.aggregate.mean","aggregate","aggregate","mean_top1_accuracy",".900","not_reported","cls_token","Reported mean across four tile tasks.","https://www.bioptimus.com/news/bioptimus-launches-h-optimus-1","excluded_derived_aggregate","Derived mean is not an independent task."
"hoptimus1_official_report","published:2025-04-01","a46ad75f2194ac2700eedfde6cef0edde5b56ff59438fa724cf53e4adc997bf3","Table 3|model=H-optimus-0|column=Average","H-optimus-0","h-optimus-0","hoptimus1report2025.tile.aggregate.mean","aggregate","aggregate","mean_top1_accuracy",".904","not_reported","cls_token","Reported mean across four tile tasks.","https://www.bioptimus.com/news/bioptimus-launches-h-optimus-1","excluded_derived_aggregate","Derived mean is not an independent task."
"hoptimus1_official_report","published:2025-04-01","a46ad75f2194ac2700eedfde6cef0edde5b56ff59438fa724cf53e4adc997bf3","Table 3|model=UNI|column=Average","UNI","uni","hoptimus1report2025.tile.aggregate.mean","aggregate","aggregate","mean_top1_accuracy",".883","not_reported","cls_token","Reported mean across four tile tasks.","https://www.bioptimus.com/news/bioptimus-launches-h-optimus-1","excluded_derived_aggregate","Derived mean is not an independent task."
