"source_id","source_revision","source_sha256","source_locator","model_alias","model_id","evaluation_id","dataset_id","task_family","metric","value","embedding_recipe","protocol","reference_url","disposition","disposition_reason"
"virchow2_arxiv","arxiv:2408.00738","1ee7317aa683b5c948f0c9b6e3fc588fd3a95c7f0a3db39d71511268db1f3fda","sections/methods.tex:Tables ID-results/OOD-results|embedding=cls_mean|model=Virchow2|task=panmsk_20x","Virchow2","virchow-2","virchow2paper2024.cls_mean.panmsk_20x.weighted_f1","panmsk_20x","tile_classification","weighted_f1","0.964","cls_mean","Frozen CLS+Mean embedding; paper linear-probe protocol; weighted F1.","https://arxiv.org/abs/2408.00738","quarantined_internal_cohort","PanMSK is an internal MSKCC in-distribution cohort."
"virchow2_arxiv","arxiv:2408.00738","1ee7317aa683b5c948f0c9b6e3fc588fd3a95c7f0a3db39d71511268db1f3fda","sections/methods.tex:Tables ID-results/OOD-results|embedding=cls_mean|model=Virchow2|task=panmsk_10x","Virchow2","virchow-2","virchow2paper2024.cls_mean.panmsk_10x.weighted_f1","panmsk_10x","tile_classification","weighted_f1","0.966","cls_mean","Frozen CLS+Mean embedding; paper linear-probe protocol; weighted F1.","https://arxiv.org/abs/2408.00738","quarantined_internal_cohort","PanMSK is an internal MSKCC in-distribution cohort."
"virchow2_arxiv","arxiv:2408.00738","1ee7317aa683b5c948f0c9b6e3fc588fd3a95c7f0a3db39d71511268db1f3fda","sections/methods.tex:Tables ID-results/OOD-results|embedding=cls_mean|model=Virchow2|task=panmsk_5x","Virchow2","virchow-2","virchow2paper2024.cls_mean.panmsk_5x.weighted_f1","panmsk_5x","tile_classification","weighted_f1","0.967","cls_mean","Frozen CLS+Mean embedding; paper linear-probe protocol; weighted F1.","https://arxiv.org/abs/2408.00738","quarantined_internal_cohort","PanMSK is an internal MSKCC in-distribution cohort."
"virchow2_arxiv","arxiv:2408.00738","1ee7317aa683b5c948f0c9b6e3fc588fd3a95c7f0a3db39d71511268db1f3fda","sections/methods.tex:Tables ID-results/OOD-results|embedding=cls_mean|model=Virchow2|task=pcam","Virchow2","virchow-2","virchow2paper2024.cls_mean.pcam.weighted_f1","pcam","tile_classification","weighted_f1","0.935","cls_mean","Frozen CLS+Mean embedding; paper linear-probe protocol; weighted F1.","https://arxiv.org/abs/2408.00738","accepted_public_leaf","Paper explicitly identifies the dataset as public; exact embedding recipe retained."
"virchow2_arxiv","arxiv:2408.00738","1ee7317aa683b5c948f0c9b6e3fc588fd3a95c7f0a3db39d71511268db1f3fda","sections/methods.tex:Tables ID-results/OOD-results|embedding=cls_mean|model=Virchow2|task=crc","Virchow2","virchow-2","virchow2paper2024.cls_mean.crc.weighted_f1","crc","tile_classification","weighted_f1","0.974","cls_mean","Frozen CLS+Mean embedding; paper linear-probe protocol; weighted F1.","https://arxiv.org/abs/2408.00738","accepted_public_leaf","Paper explicitly identifies the dataset as public; exact embedding recipe retained."
"virchow2_arxiv","arxiv:2408.00738","1ee7317aa683b5c948f0c9b6e3fc588fd3a95c7f0a3db39d71511268db1f3fda","sections/methods.tex:Tables ID-results/OOD-results|embedding=cls_mean|model=Virchow2|task=crc_no_norm","Virchow2","virchow-2","virchow2paper2024.cls_mean.crc_no_norm.weighted_f1","crc_no_norm","tile_classification","weighted_f1","0.969","cls_mean","Frozen CLS+Mean embedding; paper linear-probe protocol; weighted F1.","https://arxiv.org/abs/2408.00738","accepted_public_leaf","Paper explicitly identifies the dataset as public; exact embedding recipe retained."
"virchow2_arxiv","arxiv:2408.00738","1ee7317aa683b5c948f0c9b6e3fc588fd3a95c7f0a3db39d71511268db1f3fda","sections/methods.tex:Tables ID-results/OOD-results|embedding=cls_mean|model=Virchow2|task=wilds","Virchow2","virchow-2","virchow2paper2024.cls_mean.wilds.weighted_f1","wilds","tile_classification","weighted_f1","0.987","cls_mean","Frozen CLS+Mean embedding; paper linear-probe protocol; weighted F1.","https://arxiv.org/abs/2408.00738","accepted_public_leaf","Paper explicitly identifies the dataset as public; exact embedding recipe retained."
"virchow2_arxiv","arxiv:2408.00738","1ee7317aa683b5c948f0c9b6e3fc588fd3a95c7f0a3db39d71511268db1f3fda","sections/methods.tex:Tables ID-results/OOD-results|embedding=cls_mean|model=Virchow2|task=tils","Virchow2","virchow-2","virchow2paper2024.cls_mean.tils.weighted_f1","tils","tile_classification","weighted_f1","0.948","cls_mean","Frozen CLS+Mean embedding; paper linear-probe protocol; weighted F1.","https://arxiv.org/abs/2408.00738","accepted_public_leaf","Paper explicitly identifies the dataset as public; exact embedding recipe retained."
"virchow2_arxiv","arxiv:2408.00738","1ee7317aa683b5c948f0c9b6e3fc588fd3a95c7f0a3db39d71511268db1f3fda","sections/methods.tex:Tables ID-results/OOD-results|embedding=cls_mean|model=Virchow2|task=mhist","Virchow2","virchow-2","virchow2paper2024.cls_mean.mhist.weighted_f1","mhist","tile_classification","weighted_f1","0.859","cls_mean","Frozen CLS+Mean embedding; paper linear-probe protocol; weighted F1.","https://arxiv.org/abs/2408.00738","accepted_public_leaf","Paper explicitly identifies the dataset as public; exact embedding recipe retained."
"virchow2_arxiv","arxiv:2408.00738","1ee7317aa683b5c948f0c9b6e3fc588fd3a95c7f0a3db39d71511268db1f3fda","sections/methods.tex:Tables ID-results/OOD-results|embedding=cls_mean|model=Virchow2|task=dlbcl","Virchow2","virchow-2","virchow2paper2024.cls_mean.dlbcl.weighted_f1","dlbcl","tile_classification","weighted_f1","0.606","cls_mean","Frozen CLS+Mean embedding; paper linear-probe protocol; weighted F1.","https://arxiv.org/abs/2408.00738","accepted_public_leaf","Paper explicitly identifies the dataset as public; exact embedding recipe retained."
"virchow2_arxiv","arxiv:2408.00738","1ee7317aa683b5c948f0c9b6e3fc588fd3a95c7f0a3db39d71511268db1f3fda","sections/methods.tex:Tables ID-results/OOD-results|embedding=cls_mean|model=Virchow2|task=midog","Virchow2","virchow-2","virchow2paper2024.cls_mean.midog.weighted_f1","midog","tile_classification","weighted_f1","0.804","cls_mean","Frozen CLS+Mean embedding; paper linear-probe protocol; weighted F1.","https://arxiv.org/abs/2408.00738","accepted_public_leaf","Paper explicitly identifies the dataset as public; exact embedding recipe retained."
"virchow2_arxiv","arxiv:2408.00738","1ee7317aa683b5c948f0c9b6e3fc588fd3a95c7f0a3db39d71511268db1f3fda","sections/methods.tex:Tables ID-results/OOD-results|embedding=cls_mean|model=Virchow|task=panmsk_20x","Virchow","virchow","virchow2paper2024.cls_mean.panmsk_20x.weighted_f1","panmsk_20x","tile_classification","weighted_f1","0.950","cls_mean","Frozen CLS+Mean embedding; paper linear-probe protocol; weighted F1.","https://arxiv.org/abs/2408.00738","quarantined_internal_cohort","PanMSK is an internal MSKCC in-distribution cohort."
"virchow2_arxiv","arxiv:2408.00738","1ee7317aa683b5c948f0c9b6e3fc588fd3a95c7f0a3db39d71511268db1f3fda","sections/methods.tex:Tables ID-results/OOD-results|embedding=cls_mean|model=Virchow|task=panmsk_10x","Virchow","virchow","virchow2paper2024.cls_mean.panmsk_10x.weighted_f1","panmsk_10x","tile_classification","weighted_f1","0.948","cls_mean","Frozen CLS+Mean embedding; paper linear-probe protocol; weighted F1.","https://arxiv.org/abs/2408.00738","quarantined_internal_cohort","PanMSK is an internal MSKCC in-distribution cohort."
"virchow2_arxiv","arxiv:2408.00738","1ee7317aa683b5c948f0c9b6e3fc588fd3a95c7f0a3db39d71511268db1f3fda","sections/methods.tex:Tables ID-results/OOD-results|embedding=cls_mean|model=Virchow|task=panmsk_5x","Virchow","virchow","virchow2paper2024.cls_mean.panmsk_5x.weighted_f1","panmsk_5x","tile_classification","weighted_f1","0.933","cls_mean","Frozen CLS+Mean embedding; paper linear-probe protocol; weighted F1.","https://arxiv.org/abs/2408.00738","quarantined_internal_cohort","PanMSK is an internal MSKCC in-distribution cohort."
"virchow2_arxiv","arxiv:2408.00738","1ee7317aa683b5c948f0c9b6e3fc588fd3a95c7f0a3db39d71511268db1f3fda","sections/methods.tex:Tables ID-results/OOD-results|embedding=cls_mean|model=Virchow|task=pcam","Virchow","virchow","virchow2paper2024.cls_mean.pcam.weighted_f1","pcam","tile_classification","weighted_f1","0.933","cls_mean","Frozen CLS+Mean embedding; paper linear-probe protocol; weighted F1.","https://arxiv.org/abs/2408.00738","accepted_public_leaf","Paper explicitly identifies the dataset as public; exact embedding recipe retained."
"virchow2_arxiv","arxiv:2408.00738","1ee7317aa683b5c948f0c9b6e3fc588fd3a95c7f0a3db39d71511268db1f3fda","sections/methods.tex:Tables ID-results/OOD-results|embedding=cls_mean|model=Virchow|task=crc","Virchow","virchow","virchow2paper2024.cls_mean.crc.weighted_f1","crc","tile_classification","weighted_f1","0.973","cls_mean","Frozen CLS+Mean embedding; paper linear-probe protocol; weighted F1.","https://arxiv.org/abs/2408.00738","accepted_public_leaf","Paper explicitly identifies the dataset as public; exact embedding recipe retained."
"virchow2_arxiv","arxiv:2408.00738","1ee7317aa683b5c948f0c9b6e3fc588fd3a95c7f0a3db39d71511268db1f3fda","sections/methods.tex:Tables ID-results/OOD-results|embedding=cls_mean|model=Virchow|task=crc_no_norm","Virchow","virchow","virchow2paper2024.cls_mean.crc_no_norm.weighted_f1","crc_no_norm","tile_classification","weighted_f1","0.968","cls_mean","Frozen CLS+Mean embedding; paper linear-probe protocol; weighted F1.","https://arxiv.org/abs/2408.00738","accepted_public_leaf","Paper explicitly identifies the dataset as public; exact embedding recipe retained."
"virchow2_arxiv","arxiv:2408.00738","1ee7317aa683b5c948f0c9b6e3fc588fd3a95c7f0a3db39d71511268db1f3fda","sections/methods.tex:Tables ID-results/OOD-results|embedding=cls_mean|model=Virchow|task=wilds","Virchow","virchow","virchow2paper2024.cls_mean.wilds.weighted_f1","wilds","tile_classification","weighted_f1","0.971","cls_mean","Frozen CLS+Mean embedding; paper linear-probe protocol; weighted F1.","https://arxiv.org/abs/2408.00738","accepted_public_leaf","Paper explicitly identifies the dataset as public; exact embedding recipe retained."
"virchow2_arxiv","arxiv:2408.00738","1ee7317aa683b5c948f0c9b6e3fc588fd3a95c7f0a3db39d71511268db1f3fda","sections/methods.tex:Tables ID-results/OOD-results|embedding=cls_mean|model=Virchow|task=tils","Virchow","virchow","virchow2paper2024.cls_mean.tils.weighted_f1","tils","tile_classification","weighted_f1","0.949","cls_mean","Frozen CLS+Mean embedding; paper linear-probe protocol; weighted F1.","https://arxiv.org/abs/2408.00738","accepted_public_leaf","Paper explicitly identifies the dataset as public; exact embedding recipe retained."
"virchow2_arxiv","arxiv:2408.00738","1ee7317aa683b5c948f0c9b6e3fc588fd3a95c7f0a3db39d71511268db1f3fda","sections/methods.tex:Tables ID-results/OOD-results|embedding=cls_mean|model=Virchow|task=mhist","Virchow","virchow","virchow2paper2024.cls_mean.mhist.weighted_f1","mhist","tile_classification","weighted_f1","0.836","cls_mean","Frozen CLS+Mean embedding; paper linear-probe protocol; weighted F1.","https://arxiv.org/abs/2408.00738","accepted_public_leaf","Paper explicitly identifies the dataset as public; exact embedding recipe retained."
"virchow2_arxiv","arxiv:2408.00738","1ee7317aa683b5c948f0c9b6e3fc588fd3a95c7f0a3db39d71511268db1f3fda","sections/methods.tex:Tables ID-results/OOD-results|embedding=cls_mean|model=Virchow|task=dlbcl","Virchow","virchow","virchow2paper2024.cls_mean.dlbcl.weighted_f1","dlbcl","tile_classification","weighted_f1","0.602","cls_mean","Frozen CLS+Mean embedding; paper linear-probe protocol; weighted F1.","https://arxiv.org/abs/2408.00738","accepted_public_leaf","Paper explicitly identifies the dataset as public; exact embedding recipe retained."
"virchow2_arxiv","arxiv:2408.00738","1ee7317aa683b5c948f0c9b6e3fc588fd3a95c7f0a3db39d71511268db1f3fda","sections/methods.tex:Tables ID-results/OOD-results|embedding=cls_mean|model=Virchow|task=midog","Virchow","virchow","virchow2paper2024.cls_mean.midog.weighted_f1","midog","tile_classification","weighted_f1","0.787","cls_mean","Frozen CLS+Mean embedding; paper linear-probe protocol; weighted F1.","https://arxiv.org/abs/2408.00738","accepted_public_leaf","Paper explicitly identifies the dataset as public; exact embedding recipe retained."
"virchow2_arxiv","arxiv:2408.00738","1ee7317aa683b5c948f0c9b6e3fc588fd3a95c7f0a3db39d71511268db1f3fda","sections/methods.tex:Tables ID-results/OOD-results|embedding=cls_mean|model=H-optimus-0|task=panmsk_20x","H-optimus-0","h-optimus-0","virchow2paper2024.cls_mean.panmsk_20x.weighted_f1","panmsk_20x","tile_classification","weighted_f1","0.957","cls_mean","Frozen CLS+Mean embedding; paper linear-probe protocol; weighted F1.","https://arxiv.org/abs/2408.00738","quarantined_internal_cohort","PanMSK is an internal MSKCC in-distribution cohort."
"virchow2_arxiv","arxiv:2408.00738","1ee7317aa683b5c948f0c9b6e3fc588fd3a95c7f0a3db39d71511268db1f3fda","sections/methods.tex:Tables ID-results/OOD-results|embedding=cls_mean|model=H-optimus-0|task=panmsk_10x","H-optimus-0","h-optimus-0","virchow2paper2024.cls_mean.panmsk_10x.weighted_f1","panmsk_10x","tile_classification","weighted_f1","0.953","cls_mean","Frozen CLS+Mean embedding; paper linear-probe protocol; weighted F1.","https://arxiv.org/abs/2408.00738","quarantined_internal_cohort","PanMSK is an internal MSKCC in-distribution cohort."
"virchow2_arxiv","arxiv:2408.00738","1ee7317aa683b5c948f0c9b6e3fc588fd3a95c7f0a3db39d71511268db1f3fda","sections/methods.tex:Tables ID-results/OOD-results|embedding=cls_mean|model=H-optimus-0|task=panmsk_5x","H-optimus-0","h-optimus-0","virchow2paper2024.cls_mean.panmsk_5x.weighted_f1","panmsk_5x","tile_classification","weighted_f1","0.938","cls_mean","Frozen CLS+Mean embedding; paper linear-probe protocol; weighted F1.","https://arxiv.org/abs/2408.00738","quarantined_internal_cohort","PanMSK is an internal MSKCC in-distribution cohort."
"virchow2_arxiv","arxiv:2408.00738","1ee7317aa683b5c948f0c9b6e3fc588fd3a95c7f0a3db39d71511268db1f3fda","sections/methods.tex:Tables ID-results/OOD-results|embedding=cls_mean|model=H-optimus-0|task=pcam","H-optimus-0","h-optimus-0","virchow2paper2024.cls_mean.pcam.weighted_f1","pcam","tile_classification","weighted_f1","0.937","cls_mean","Frozen CLS+Mean embedding; paper linear-probe protocol; weighted F1.","https://arxiv.org/abs/2408.00738","accepted_public_leaf","Paper explicitly identifies the dataset as public; exact embedding recipe retained."
"virchow2_arxiv","arxiv:2408.00738","1ee7317aa683b5c948f0c9b6e3fc588fd3a95c7f0a3db39d71511268db1f3fda","sections/methods.tex:Tables ID-results/OOD-results|embedding=cls_mean|model=H-optimus-0|task=crc","H-optimus-0","h-optimus-0","virchow2paper2024.cls_mean.crc.weighted_f1","crc","tile_classification","weighted_f1","0.969","cls_mean","Frozen CLS+Mean embedding; paper linear-probe protocol; weighted F1.","https://arxiv.org/abs/2408.00738","accepted_public_leaf","Paper explicitly identifies the dataset as public; exact embedding recipe retained."
"virchow2_arxiv","arxiv:2408.00738","1ee7317aa683b5c948f0c9b6e3fc588fd3a95c7f0a3db39d71511268db1f3fda","sections/methods.tex:Tables ID-results/OOD-results|embedding=cls_mean|model=H-optimus-0|task=crc_no_norm","H-optimus-0","h-optimus-0","virchow2paper2024.cls_mean.crc_no_norm.weighted_f1","crc_no_norm","tile_classification","weighted_f1","0.926","cls_mean","Frozen CLS+Mean embedding; paper linear-probe protocol; weighted F1.","https://arxiv.org/abs/2408.00738","accepted_public_leaf","Paper explicitly identifies the dataset as public; exact embedding recipe retained."
"virchow2_arxiv","arxiv:2408.00738","1ee7317aa683b5c948f0c9b6e3fc588fd3a95c7f0a3db39d71511268db1f3fda","sections/methods.tex:Tables ID-results/OOD-results|embedding=cls_mean|model=H-optimus-0|task=wilds","H-optimus-0","h-optimus-0","virchow2paper2024.cls_mean.wilds.weighted_f1","wilds","tile_classification","weighted_f1","0.986","cls_mean","Frozen CLS+Mean embedding; paper linear-probe protocol; weighted F1.","https://arxiv.org/abs/2408.00738","accepted_public_leaf","Paper explicitly identifies the dataset as public; exact embedding recipe retained."
"virchow2_arxiv","arxiv:2408.00738","1ee7317aa683b5c948f0c9b6e3fc588fd3a95c7f0a3db39d71511268db1f3fda","sections/methods.tex:Tables ID-results/OOD-results|embedding=cls_mean|model=H-optimus-0|task=tils","H-optimus-0","h-optimus-0","virchow2paper2024.cls_mean.tils.weighted_f1","tils","tile_classification","weighted_f1","0.949","cls_mean","Frozen CLS+Mean embedding; paper linear-probe protocol; weighted F1.","https://arxiv.org/abs/2408.00738","accepted_public_leaf","Paper explicitly identifies the dataset as public; exact embedding recipe retained."
"virchow2_arxiv","arxiv:2408.00738","1ee7317aa683b5c948f0c9b6e3fc588fd3a95c7f0a3db39d71511268db1f3fda","sections/methods.tex:Tables ID-results/OOD-results|embedding=cls_mean|model=H-optimus-0|task=mhist","H-optimus-0","h-optimus-0","virchow2paper2024.cls_mean.mhist.weighted_f1","mhist","tile_classification","weighted_f1","0.846","cls_mean","Frozen CLS+Mean embedding; paper linear-probe protocol; weighted F1.","https://arxiv.org/abs/2408.00738","accepted_public_leaf","Paper explicitly identifies the dataset as public; exact embedding recipe retained."
"virchow2_arxiv","arxiv:2408.00738","1ee7317aa683b5c948f0c9b6e3fc588fd3a95c7f0a3db39d71511268db1f3fda","sections/methods.tex:Tables ID-results/OOD-results|embedding=cls_mean|model=H-optimus-0|task=dlbcl","H-optimus-0","h-optimus-0","virchow2paper2024.cls_mean.dlbcl.weighted_f1","dlbcl","tile_classification","weighted_f1","0.591","cls_mean","Frozen CLS+Mean embedding; paper linear-probe protocol; weighted F1.","https://arxiv.org/abs/2408.00738","accepted_public_leaf","Paper explicitly identifies the dataset as public; exact embedding recipe retained."
"virchow2_arxiv","arxiv:2408.00738","1ee7317aa683b5c948f0c9b6e3fc588fd3a95c7f0a3db39d71511268db1f3fda","sections/methods.tex:Tables ID-results/OOD-results|embedding=cls_mean|model=H-optimus-0|task=midog","H-optimus-0","h-optimus-0","virchow2paper2024.cls_mean.midog.weighted_f1","midog","tile_classification","weighted_f1","0.796","cls_mean","Frozen CLS+Mean embedding; paper linear-probe protocol; weighted F1.","https://arxiv.org/abs/2408.00738","accepted_public_leaf","Paper explicitly identifies the dataset as public; exact embedding recipe retained."
"virchow2_arxiv","arxiv:2408.00738","1ee7317aa683b5c948f0c9b6e3fc588fd3a95c7f0a3db39d71511268db1f3fda","sections/methods.tex:Tables ID-results/OOD-results|embedding=cls_mean|model=UNI|task=panmsk_20x","UNI","uni","virchow2paper2024.cls_mean.panmsk_20x.weighted_f1","panmsk_20x","tile_classification","weighted_f1","0.944","cls_mean","Frozen CLS+Mean embedding; paper linear-probe protocol; weighted F1.","https://arxiv.org/abs/2408.00738","quarantined_internal_cohort","PanMSK is an internal MSKCC in-distribution cohort."
"virchow2_arxiv","arxiv:2408.00738","1ee7317aa683b5c948f0c9b6e3fc588fd3a95c7f0a3db39d71511268db1f3fda","sections/methods.tex:Tables ID-results/OOD-results|embedding=cls_mean|model=UNI|task=panmsk_10x","UNI","uni","virchow2paper2024.cls_mean.panmsk_10x.weighted_f1","panmsk_10x","tile_classification","weighted_f1","0.948","cls_mean","Frozen CLS+Mean embedding; paper linear-probe protocol; weighted F1.","https://arxiv.org/abs/2408.00738","quarantined_internal_cohort","PanMSK is an internal MSKCC in-distribution cohort."
"virchow2_arxiv","arxiv:2408.00738","1ee7317aa683b5c948f0c9b6e3fc588fd3a95c7f0a3db39d71511268db1f3fda","sections/methods.tex:Tables ID-results/OOD-results|embedding=cls_mean|model=UNI|task=panmsk_5x","UNI","uni","virchow2paper2024.cls_mean.panmsk_5x.weighted_f1","panmsk_5x","tile_classification","weighted_f1","0.938","cls_mean","Frozen CLS+Mean embedding; paper linear-probe protocol; weighted F1.","https://arxiv.org/abs/2408.00738","quarantined_internal_cohort","PanMSK is an internal MSKCC in-distribution cohort."
"virchow2_arxiv","arxiv:2408.00738","1ee7317aa683b5c948f0c9b6e3fc588fd3a95c7f0a3db39d71511268db1f3fda","sections/methods.tex:Tables ID-results/OOD-results|embedding=cls_mean|model=UNI|task=pcam","UNI","uni","virchow2paper2024.cls_mean.pcam.weighted_f1","pcam","tile_classification","weighted_f1","0.935","cls_mean","Frozen CLS+Mean embedding; paper linear-probe protocol; weighted F1.","https://arxiv.org/abs/2408.00738","accepted_public_leaf","Paper explicitly identifies the dataset as public; exact embedding recipe retained."
"virchow2_arxiv","arxiv:2408.00738","1ee7317aa683b5c948f0c9b6e3fc588fd3a95c7f0a3db39d71511268db1f3fda","sections/methods.tex:Tables ID-results/OOD-results|embedding=cls_mean|model=UNI|task=crc","UNI","uni","virchow2paper2024.cls_mean.crc.weighted_f1","crc","tile_classification","weighted_f1","0.967","cls_mean","Frozen CLS+Mean embedding; paper linear-probe protocol; weighted F1.","https://arxiv.org/abs/2408.00738","accepted_public_leaf","Paper explicitly identifies the dataset as public; exact embedding recipe retained."
"virchow2_arxiv","arxiv:2408.00738","1ee7317aa683b5c948f0c9b6e3fc588fd3a95c7f0a3db39d71511268db1f3fda","sections/methods.tex:Tables ID-results/OOD-results|embedding=cls_mean|model=UNI|task=crc_no_norm","UNI","uni","virchow2paper2024.cls_mean.crc_no_norm.weighted_f1","crc_no_norm","tile_classification","weighted_f1","0.954","cls_mean","Frozen CLS+Mean embedding; paper linear-probe protocol; weighted F1.","https://arxiv.org/abs/2408.00738","accepted_public_leaf","Paper explicitly identifies the dataset as public; exact embedding recipe retained."
"virchow2_arxiv","arxiv:2408.00738","1ee7317aa683b5c948f0c9b6e3fc588fd3a95c7f0a3db39d71511268db1f3fda","sections/methods.tex:Tables ID-results/OOD-results|embedding=cls_mean|model=UNI|task=wilds","UNI","uni","virchow2paper2024.cls_mean.wilds.weighted_f1","wilds","tile_classification","weighted_f1","0.983","cls_mean","Frozen CLS+Mean embedding; paper linear-probe protocol; weighted F1.","https://arxiv.org/abs/2408.00738","accepted_public_leaf","Paper explicitly identifies the dataset as public; exact embedding recipe retained."
"virchow2_arxiv","arxiv:2408.00738","1ee7317aa683b5c948f0c9b6e3fc588fd3a95c7f0a3db39d71511268db1f3fda","sections/methods.tex:Tables ID-results/OOD-results|embedding=cls_mean|model=UNI|task=tils","UNI","uni","virchow2paper2024.cls_mean.tils.weighted_f1","tils","tile_classification","weighted_f1","0.946","cls_mean","Frozen CLS+Mean embedding; paper linear-probe protocol; weighted F1.","https://arxiv.org/abs/2408.00738","accepted_public_leaf","Paper explicitly identifies the dataset as public; exact embedding recipe retained."
"virchow2_arxiv","arxiv:2408.00738","1ee7317aa683b5c948f0c9b6e3fc588fd3a95c7f0a3db39d71511268db1f3fda","sections/methods.tex:Tables ID-results/OOD-results|embedding=cls_mean|model=UNI|task=mhist","UNI","uni","virchow2paper2024.cls_mean.mhist.weighted_f1","mhist","tile_classification","weighted_f1","0.848","cls_mean","Frozen CLS+Mean embedding; paper linear-probe protocol; weighted F1.","https://arxiv.org/abs/2408.00738","accepted_public_leaf","Paper explicitly identifies the dataset as public; exact embedding recipe retained."
"virchow2_arxiv","arxiv:2408.00738","1ee7317aa683b5c948f0c9b6e3fc588fd3a95c7f0a3db39d71511268db1f3fda","sections/methods.tex:Tables ID-results/OOD-results|embedding=cls_mean|model=UNI|task=dlbcl","UNI","uni","virchow2paper2024.cls_mean.dlbcl.weighted_f1","dlbcl","tile_classification","weighted_f1","0.584","cls_mean","Frozen CLS+Mean embedding; paper linear-probe protocol; weighted F1.","https://arxiv.org/abs/2408.00738","accepted_public_leaf","Paper explicitly identifies the dataset as public; exact embedding recipe retained."
"virchow2_arxiv","arxiv:2408.00738","1ee7317aa683b5c948f0c9b6e3fc588fd3a95c7f0a3db39d71511268db1f3fda","sections/methods.tex:Tables ID-results/OOD-results|embedding=cls_mean|model=UNI|task=midog","UNI","uni","virchow2paper2024.cls_mean.midog.weighted_f1","midog","tile_classification","weighted_f1","0.759","cls_mean","Frozen CLS+Mean embedding; paper linear-probe protocol; weighted F1.","https://arxiv.org/abs/2408.00738","accepted_public_leaf","Paper explicitly identifies the dataset as public; exact embedding recipe retained."
"virchow2_arxiv","arxiv:2408.00738","1ee7317aa683b5c948f0c9b6e3fc588fd3a95c7f0a3db39d71511268db1f3fda","sections/methods.tex:Tables ID-results/OOD-results|embedding=cls_only|model=Virchow2|task=panmsk_20x","Virchow2","virchow-2","virchow2paper2024.cls_only.panmsk_20x.weighted_f1","panmsk_20x","tile_classification","weighted_f1","0.964","cls_only","Frozen CLS-only embedding; paper linear-probe protocol; weighted F1.","https://arxiv.org/abs/2408.00738","quarantined_internal_cohort","PanMSK is an internal MSKCC in-distribution cohort."
"virchow2_arxiv","arxiv:2408.00738","1ee7317aa683b5c948f0c9b6e3fc588fd3a95c7f0a3db39d71511268db1f3fda","sections/methods.tex:Tables ID-results/OOD-results|embedding=cls_only|model=Virchow2|task=panmsk_10x","Virchow2","virchow-2","virchow2paper2024.cls_only.panmsk_10x.weighted_f1","panmsk_10x","tile_classification","weighted_f1","0.967","cls_only","Frozen CLS-only embedding; paper linear-probe protocol; weighted F1.","https://arxiv.org/abs/2408.00738","quarantined_internal_cohort","PanMSK is an internal MSKCC in-distribution cohort."
"virchow2_arxiv","arxiv:2408.00738","1ee7317aa683b5c948f0c9b6e3fc588fd3a95c7f0a3db39d71511268db1f3fda","sections/methods.tex:Tables ID-results/OOD-results|embedding=cls_only|model=Virchow2|task=panmsk_5x","Virchow2","virchow-2","virchow2paper2024.cls_only.panmsk_5x.weighted_f1","panmsk_5x","tile_classification","weighted_f1","0.968","cls_only","Frozen CLS-only embedding; paper linear-probe protocol; weighted F1.","https://arxiv.org/abs/2408.00738","quarantined_internal_cohort","PanMSK is an internal MSKCC in-distribution cohort."
"virchow2_arxiv","arxiv:2408.00738","1ee7317aa683b5c948f0c9b6e3fc588fd3a95c7f0a3db39d71511268db1f3fda","sections/methods.tex:Tables ID-results/OOD-results|embedding=cls_only|model=Virchow2|task=pcam","Virchow2","virchow-2","virchow2paper2024.cls_only.pcam.weighted_f1","pcam","tile_classification","weighted_f1","0.935","cls_only","Frozen CLS-only embedding; paper linear-probe protocol; weighted F1.","https://arxiv.org/abs/2408.00738","accepted_public_leaf","Paper explicitly identifies the dataset as public; exact embedding recipe retained."
"virchow2_arxiv","arxiv:2408.00738","1ee7317aa683b5c948f0c9b6e3fc588fd3a95c7f0a3db39d71511268db1f3fda","sections/methods.tex:Tables ID-results/OOD-results|embedding=cls_only|model=Virchow2|task=crc","Virchow2","virchow-2","virchow2paper2024.cls_only.crc.weighted_f1","crc","tile_classification","weighted_f1","0.976","cls_only","Frozen CLS-only embedding; paper linear-probe protocol; weighted F1.","https://arxiv.org/abs/2408.00738","accepted_public_leaf","Paper explicitly identifies the dataset as public; exact embedding recipe retained."
"virchow2_arxiv","arxiv:2408.00738","1ee7317aa683b5c948f0c9b6e3fc588fd3a95c7f0a3db39d71511268db1f3fda","sections/methods.tex:Tables ID-results/OOD-results|embedding=cls_only|model=Virchow2|task=crc_no_norm","Virchow2","virchow-2","virchow2paper2024.cls_only.crc_no_norm.weighted_f1","crc_no_norm","tile_classification","weighted_f1","0.971","cls_only","Frozen CLS-only embedding; paper linear-probe protocol; weighted F1.","https://arxiv.org/abs/2408.00738","accepted_public_leaf","Paper explicitly identifies the dataset as public; exact embedding recipe retained."
"virchow2_arxiv","arxiv:2408.00738","1ee7317aa683b5c948f0c9b6e3fc588fd3a95c7f0a3db39d71511268db1f3fda","sections/methods.tex:Tables ID-results/OOD-results|embedding=cls_only|model=Virchow2|task=wilds","Virchow2","virchow-2","virchow2paper2024.cls_only.wilds.weighted_f1","wilds","tile_classification","weighted_f1","0.985","cls_only","Frozen CLS-only embedding; paper linear-probe protocol; weighted F1.","https://arxiv.org/abs/2408.00738","accepted_public_leaf","Paper explicitly identifies the dataset as public; exact embedding recipe retained."
"virchow2_arxiv","arxiv:2408.00738","1ee7317aa683b5c948f0c9b6e3fc588fd3a95c7f0a3db39d71511268db1f3fda","sections/methods.tex:Tables ID-results/OOD-results|embedding=cls_only|model=Virchow2|task=tils","Virchow2","virchow-2","virchow2paper2024.cls_only.tils.weighted_f1","tils","tile_classification","weighted_f1","0.947","cls_only","Frozen CLS-only embedding; paper linear-probe protocol; weighted F1.","https://arxiv.org/abs/2408.00738","accepted_public_leaf","Paper explicitly identifies the dataset as public; exact embedding recipe retained."
"virchow2_arxiv","arxiv:2408.00738","1ee7317aa683b5c948f0c9b6e3fc588fd3a95c7f0a3db39d71511268db1f3fda","sections/methods.tex:Tables ID-results/OOD-results|embedding=cls_only|model=Virchow2|task=mhist","Virchow2","virchow-2","virchow2paper2024.cls_only.mhist.weighted_f1","mhist","tile_classification","weighted_f1","0.860","cls_only","Frozen CLS-only embedding; paper linear-probe protocol; weighted F1.","https://arxiv.org/abs/2408.00738","accepted_public_leaf","Paper explicitly identifies the dataset as public; exact embedding recipe retained."
"virchow2_arxiv","arxiv:2408.00738","1ee7317aa683b5c948f0c9b6e3fc588fd3a95c7f0a3db39d71511268db1f3fda","sections/methods.tex:Tables ID-results/OOD-results|embedding=cls_only|model=Virchow2|task=dlbcl","Virchow2","virchow-2","virchow2paper2024.cls_only.dlbcl.weighted_f1","dlbcl","tile_classification","weighted_f1","0.615","cls_only","Frozen CLS-only embedding; paper linear-probe protocol; weighted F1.","https://arxiv.org/abs/2408.00738","accepted_public_leaf","Paper explicitly identifies the dataset as public; exact embedding recipe retained."
"virchow2_arxiv","arxiv:2408.00738","1ee7317aa683b5c948f0c9b6e3fc588fd3a95c7f0a3db39d71511268db1f3fda","sections/methods.tex:Tables ID-results/OOD-results|embedding=cls_only|model=Virchow2|task=midog","Virchow2","virchow-2","virchow2paper2024.cls_only.midog.weighted_f1","midog","tile_classification","weighted_f1","0.800","cls_only","Frozen CLS-only embedding; paper linear-probe protocol; weighted F1.","https://arxiv.org/abs/2408.00738","accepted_public_leaf","Paper explicitly identifies the dataset as public; exact embedding recipe retained."
"virchow2_arxiv","arxiv:2408.00738","1ee7317aa683b5c948f0c9b6e3fc588fd3a95c7f0a3db39d71511268db1f3fda","sections/methods.tex:Tables ID-results/OOD-results|embedding=cls_only|model=Virchow|task=panmsk_20x","Virchow","virchow","virchow2paper2024.cls_only.panmsk_20x.weighted_f1","panmsk_20x","tile_classification","weighted_f1","0.950","cls_only","Frozen CLS-only embedding; paper linear-probe protocol; weighted F1.","https://arxiv.org/abs/2408.00738","quarantined_internal_cohort","PanMSK is an internal MSKCC in-distribution cohort."
"virchow2_arxiv","arxiv:2408.00738","1ee7317aa683b5c948f0c9b6e3fc588fd3a95c7f0a3db39d71511268db1f3fda","sections/methods.tex:Tables ID-results/OOD-results|embedding=cls_only|model=Virchow|task=panmsk_10x","Virchow","virchow","virchow2paper2024.cls_only.panmsk_10x.weighted_f1","panmsk_10x","tile_classification","weighted_f1","0.949","cls_only","Frozen CLS-only embedding; paper linear-probe protocol; weighted F1.","https://arxiv.org/abs/2408.00738","quarantined_internal_cohort","PanMSK is an internal MSKCC in-distribution cohort."
"virchow2_arxiv","arxiv:2408.00738","1ee7317aa683b5c948f0c9b6e3fc588fd3a95c7f0a3db39d71511268db1f3fda","sections/methods.tex:Tables ID-results/OOD-results|embedding=cls_only|model=Virchow|task=panmsk_5x","Virchow","virchow","virchow2paper2024.cls_only.panmsk_5x.weighted_f1","panmsk_5x","tile_classification","weighted_f1","0.924","cls_only","Frozen CLS-only embedding; paper linear-probe protocol; weighted F1.","https://arxiv.org/abs/2408.00738","quarantined_internal_cohort","PanMSK is an internal MSKCC in-distribution cohort."
"virchow2_arxiv","arxiv:2408.00738","1ee7317aa683b5c948f0c9b6e3fc588fd3a95c7f0a3db39d71511268db1f3fda","sections/methods.tex:Tables ID-results/OOD-results|embedding=cls_only|model=Virchow|task=pcam","Virchow","virchow","virchow2paper2024.cls_only.pcam.weighted_f1","pcam","tile_classification","weighted_f1","0.934","cls_only","Frozen CLS-only embedding; paper linear-probe protocol; weighted F1.","https://arxiv.org/abs/2408.00738","accepted_public_leaf","Paper explicitly identifies the dataset as public; exact embedding recipe retained."
"virchow2_arxiv","arxiv:2408.00738","1ee7317aa683b5c948f0c9b6e3fc588fd3a95c7f0a3db39d71511268db1f3fda","sections/methods.tex:Tables ID-results/OOD-results|embedding=cls_only|model=Virchow|task=crc","Virchow","virchow","virchow2paper2024.cls_only.crc.weighted_f1","crc","tile_classification","weighted_f1","0.970","cls_only","Frozen CLS-only embedding; paper linear-probe protocol; weighted F1.","https://arxiv.org/abs/2408.00738","accepted_public_leaf","Paper explicitly identifies the dataset as public; exact embedding recipe retained."
"virchow2_arxiv","arxiv:2408.00738","1ee7317aa683b5c948f0c9b6e3fc588fd3a95c7f0a3db39d71511268db1f3fda","sections/methods.tex:Tables ID-results/OOD-results|embedding=cls_only|model=Virchow|task=crc_no_norm","Virchow","virchow","virchow2paper2024.cls_only.crc_no_norm.weighted_f1","crc_no_norm","tile_classification","weighted_f1","0.932","cls_only","Frozen CLS-only embedding; paper linear-probe protocol; weighted F1.","https://arxiv.org/abs/2408.00738","accepted_public_leaf","Paper explicitly identifies the dataset as public; exact embedding recipe retained."
"virchow2_arxiv","arxiv:2408.00738","1ee7317aa683b5c948f0c9b6e3fc588fd3a95c7f0a3db39d71511268db1f3fda","sections/methods.tex:Tables ID-results/OOD-results|embedding=cls_only|model=Virchow|task=wilds","Virchow","virchow","virchow2paper2024.cls_only.wilds.weighted_f1","wilds","tile_classification","weighted_f1","0.966","cls_only","Frozen CLS-only embedding; paper linear-probe protocol; weighted F1.","https://arxiv.org/abs/2408.00738","accepted_public_leaf","Paper explicitly identifies the dataset as public; exact embedding recipe retained."
"virchow2_arxiv","arxiv:2408.00738","1ee7317aa683b5c948f0c9b6e3fc588fd3a95c7f0a3db39d71511268db1f3fda","sections/methods.tex:Tables ID-results/OOD-results|embedding=cls_only|model=Virchow|task=tils","Virchow","virchow","virchow2paper2024.cls_only.tils.weighted_f1","tils","tile_classification","weighted_f1","0.948","cls_only","Frozen CLS-only embedding; paper linear-probe protocol; weighted F1.","https://arxiv.org/abs/2408.00738","accepted_public_leaf","Paper explicitly identifies the dataset as public; exact embedding recipe retained."
"virchow2_arxiv","arxiv:2408.00738","1ee7317aa683b5c948f0c9b6e3fc588fd3a95c7f0a3db39d71511268db1f3fda","sections/methods.tex:Tables ID-results/OOD-results|embedding=cls_only|model=Virchow|task=mhist","Virchow","virchow","virchow2paper2024.cls_only.mhist.weighted_f1","mhist","tile_classification","weighted_f1","0.836","cls_only","Frozen CLS-only embedding; paper linear-probe protocol; weighted F1.","https://arxiv.org/abs/2408.00738","accepted_public_leaf","Paper explicitly identifies the dataset as public; exact embedding recipe retained."
"virchow2_arxiv","arxiv:2408.00738","1ee7317aa683b5c948f0c9b6e3fc588fd3a95c7f0a3db39d71511268db1f3fda","sections/methods.tex:Tables ID-results/OOD-results|embedding=cls_only|model=Virchow|task=dlbcl","Virchow","virchow","virchow2paper2024.cls_only.dlbcl.weighted_f1","dlbcl","tile_classification","weighted_f1","0.591","cls_only","Frozen CLS-only embedding; paper linear-probe protocol; weighted F1.","https://arxiv.org/abs/2408.00738","accepted_public_leaf","Paper explicitly identifies the dataset as public; exact embedding recipe retained."
"virchow2_arxiv","arxiv:2408.00738","1ee7317aa683b5c948f0c9b6e3fc588fd3a95c7f0a3db39d71511268db1f3fda","sections/methods.tex:Tables ID-results/OOD-results|embedding=cls_only|model=Virchow|task=midog","Virchow","virchow","virchow2paper2024.cls_only.midog.weighted_f1","midog","tile_classification","weighted_f1","0.760","cls_only","Frozen CLS-only embedding; paper linear-probe protocol; weighted F1.","https://arxiv.org/abs/2408.00738","accepted_public_leaf","Paper explicitly identifies the dataset as public; exact embedding recipe retained."
"virchow2_arxiv","arxiv:2408.00738","1ee7317aa683b5c948f0c9b6e3fc588fd3a95c7f0a3db39d71511268db1f3fda","sections/methods.tex:Tables ID-results/OOD-results|embedding=cls_only|model=H-optimus-0|task=panmsk_20x","H-optimus-0","h-optimus-0","virchow2paper2024.cls_only.panmsk_20x.weighted_f1","panmsk_20x","tile_classification","weighted_f1","0.952","cls_only","Frozen CLS-only embedding; paper linear-probe protocol; weighted F1.","https://arxiv.org/abs/2408.00738","quarantined_internal_cohort","PanMSK is an internal MSKCC in-distribution cohort."
"virchow2_arxiv","arxiv:2408.00738","1ee7317aa683b5c948f0c9b6e3fc588fd3a95c7f0a3db39d71511268db1f3fda","sections/methods.tex:Tables ID-results/OOD-results|embedding=cls_only|model=H-optimus-0|task=panmsk_10x","H-optimus-0","h-optimus-0","virchow2paper2024.cls_only.panmsk_10x.weighted_f1","panmsk_10x","tile_classification","weighted_f1","0.947","cls_only","Frozen CLS-only embedding; paper linear-probe protocol; weighted F1.","https://arxiv.org/abs/2408.00738","quarantined_internal_cohort","PanMSK is an internal MSKCC in-distribution cohort."
"virchow2_arxiv","arxiv:2408.00738","1ee7317aa683b5c948f0c9b6e3fc588fd3a95c7f0a3db39d71511268db1f3fda","sections/methods.tex:Tables ID-results/OOD-results|embedding=cls_only|model=H-optimus-0|task=panmsk_5x","H-optimus-0","h-optimus-0","virchow2paper2024.cls_only.panmsk_5x.weighted_f1","panmsk_5x","tile_classification","weighted_f1","0.934","cls_only","Frozen CLS-only embedding; paper linear-probe protocol; weighted F1.","https://arxiv.org/abs/2408.00738","quarantined_internal_cohort","PanMSK is an internal MSKCC in-distribution cohort."
"virchow2_arxiv","arxiv:2408.00738","1ee7317aa683b5c948f0c9b6e3fc588fd3a95c7f0a3db39d71511268db1f3fda","sections/methods.tex:Tables ID-results/OOD-results|embedding=cls_only|model=H-optimus-0|task=pcam","H-optimus-0","h-optimus-0","virchow2paper2024.cls_only.pcam.weighted_f1","pcam","tile_classification","weighted_f1","0.937","cls_only","Frozen CLS-only embedding; paper linear-probe protocol; weighted F1.","https://arxiv.org/abs/2408.00738","accepted_public_leaf","Paper explicitly identifies the dataset as public; exact embedding recipe retained."
"virchow2_arxiv","arxiv:2408.00738","1ee7317aa683b5c948f0c9b6e3fc588fd3a95c7f0a3db39d71511268db1f3fda","sections/methods.tex:Tables ID-results/OOD-results|embedding=cls_only|model=H-optimus-0|task=crc","H-optimus-0","h-optimus-0","virchow2paper2024.cls_only.crc.weighted_f1","crc","tile_classification","weighted_f1","0.963","cls_only","Frozen CLS-only embedding; paper linear-probe protocol; weighted F1.","https://arxiv.org/abs/2408.00738","accepted_public_leaf","Paper explicitly identifies the dataset as public; exact embedding recipe retained."
"virchow2_arxiv","arxiv:2408.00738","1ee7317aa683b5c948f0c9b6e3fc588fd3a95c7f0a3db39d71511268db1f3fda","sections/methods.tex:Tables ID-results/OOD-results|embedding=cls_only|model=H-optimus-0|task=crc_no_norm","H-optimus-0","h-optimus-0","virchow2paper2024.cls_only.crc_no_norm.weighted_f1","crc_no_norm","tile_classification","weighted_f1","0.943","cls_only","Frozen CLS-only embedding; paper linear-probe protocol; weighted F1.","https://arxiv.org/abs/2408.00738","accepted_public_leaf","Paper explicitly identifies the dataset as public; exact embedding recipe retained."
"virchow2_arxiv","arxiv:2408.00738","1ee7317aa683b5c948f0c9b6e3fc588fd3a95c7f0a3db39d71511268db1f3fda","sections/methods.tex:Tables ID-results/OOD-results|embedding=cls_only|model=H-optimus-0|task=wilds","H-optimus-0","h-optimus-0","virchow2paper2024.cls_only.wilds.weighted_f1","wilds","tile_classification","weighted_f1","0.986","cls_only","Frozen CLS-only embedding; paper linear-probe protocol; weighted F1.","https://arxiv.org/abs/2408.00738","accepted_public_leaf","Paper explicitly identifies the dataset as public; exact embedding recipe retained."
"virchow2_arxiv","arxiv:2408.00738","1ee7317aa683b5c948f0c9b6e3fc588fd3a95c7f0a3db39d71511268db1f3fda","sections/methods.tex:Tables ID-results/OOD-results|embedding=cls_only|model=H-optimus-0|task=tils","H-optimus-0","h-optimus-0","virchow2paper2024.cls_only.tils.weighted_f1","tils","tile_classification","weighted_f1","0.949","cls_only","Frozen CLS-only embedding; paper linear-probe protocol; weighted F1.","https://arxiv.org/abs/2408.00738","accepted_public_leaf","Paper explicitly identifies the dataset as public; exact embedding recipe retained."
"virchow2_arxiv","arxiv:2408.00738","1ee7317aa683b5c948f0c9b6e3fc588fd3a95c7f0a3db39d71511268db1f3fda","sections/methods.tex:Tables ID-results/OOD-results|embedding=cls_only|model=H-optimus-0|task=mhist","H-optimus-0","h-optimus-0","virchow2paper2024.cls_only.mhist.weighted_f1","mhist","tile_classification","weighted_f1","0.848","cls_only","Frozen CLS-only embedding; paper linear-probe protocol; weighted F1.","https://arxiv.org/abs/2408.00738","accepted_public_leaf","Paper explicitly identifies the dataset as public; exact embedding recipe retained."
"virchow2_arxiv","arxiv:2408.00738","1ee7317aa683b5c948f0c9b6e3fc588fd3a95c7f0a3db39d71511268db1f3fda","sections/methods.tex:Tables ID-results/OOD-results|embedding=cls_only|model=H-optimus-0|task=dlbcl","H-optimus-0","h-optimus-0","virchow2paper2024.cls_only.dlbcl.weighted_f1","dlbcl","tile_classification","weighted_f1","0.582","cls_only","Frozen CLS-only embedding; paper linear-probe protocol; weighted F1.","https://arxiv.org/abs/2408.00738","accepted_public_leaf","Paper explicitly identifies the dataset as public; exact embedding recipe retained."
"virchow2_arxiv","arxiv:2408.00738","1ee7317aa683b5c948f0c9b6e3fc588fd3a95c7f0a3db39d71511268db1f3fda","sections/methods.tex:Tables ID-results/OOD-results|embedding=cls_only|model=H-optimus-0|task=midog","H-optimus-0","h-optimus-0","virchow2paper2024.cls_only.midog.weighted_f1","midog","tile_classification","weighted_f1","0.781","cls_only","Frozen CLS-only embedding; paper linear-probe protocol; weighted F1.","https://arxiv.org/abs/2408.00738","accepted_public_leaf","Paper explicitly identifies the dataset as public; exact embedding recipe retained."
"virchow2_arxiv","arxiv:2408.00738","1ee7317aa683b5c948f0c9b6e3fc588fd3a95c7f0a3db39d71511268db1f3fda","sections/methods.tex:Tables ID-results/OOD-results|embedding=cls_only|model=UNI|task=panmsk_20x","UNI","uni","virchow2paper2024.cls_only.panmsk_20x.weighted_f1","panmsk_20x","tile_classification","weighted_f1","0.943","cls_only","Frozen CLS-only embedding; paper linear-probe protocol; weighted F1.","https://arxiv.org/abs/2408.00738","quarantined_internal_cohort","PanMSK is an internal MSKCC in-distribution cohort."
"virchow2_arxiv","arxiv:2408.00738","1ee7317aa683b5c948f0c9b6e3fc588fd3a95c7f0a3db39d71511268db1f3fda","sections/methods.tex:Tables ID-results/OOD-results|embedding=cls_only|model=UNI|task=panmsk_10x","UNI","uni","virchow2paper2024.cls_only.panmsk_10x.weighted_f1","panmsk_10x","tile_classification","weighted_f1","0.950","cls_only","Frozen CLS-only embedding; paper linear-probe protocol; weighted F1.","https://arxiv.org/abs/2408.00738","quarantined_internal_cohort","PanMSK is an internal MSKCC in-distribution cohort."
"virchow2_arxiv","arxiv:2408.00738","1ee7317aa683b5c948f0c9b6e3fc588fd3a95c7f0a3db39d71511268db1f3fda","sections/methods.tex:Tables ID-results/OOD-results|embedding=cls_only|model=UNI|task=panmsk_5x","UNI","uni","virchow2paper2024.cls_only.panmsk_5x.weighted_f1","panmsk_5x","tile_classification","weighted_f1","0.936","cls_only","Frozen CLS-only embedding; paper linear-probe protocol; weighted F1.","https://arxiv.org/abs/2408.00738","quarantined_internal_cohort","PanMSK is an internal MSKCC in-distribution cohort."
"virchow2_arxiv","arxiv:2408.00738","1ee7317aa683b5c948f0c9b6e3fc588fd3a95c7f0a3db39d71511268db1f3fda","sections/methods.tex:Tables ID-results/OOD-results|embedding=cls_only|model=UNI|task=pcam","UNI","uni","virchow2paper2024.cls_only.pcam.weighted_f1","pcam","tile_classification","weighted_f1","0.934","cls_only","Frozen CLS-only embedding; paper linear-probe protocol; weighted F1.","https://arxiv.org/abs/2408.00738","accepted_public_leaf","Paper explicitly identifies the dataset as public; exact embedding recipe retained."
"virchow2_arxiv","arxiv:2408.00738","1ee7317aa683b5c948f0c9b6e3fc588fd3a95c7f0a3db39d71511268db1f3fda","sections/methods.tex:Tables ID-results/OOD-results|embedding=cls_only|model=UNI|task=crc","UNI","uni","virchow2paper2024.cls_only.crc.weighted_f1","crc","tile_classification","weighted_f1","0.963","cls_only","Frozen CLS-only embedding; paper linear-probe protocol; weighted F1.","https://arxiv.org/abs/2408.00738","accepted_public_leaf","Paper explicitly identifies the dataset as public; exact embedding recipe retained."
"virchow2_arxiv","arxiv:2408.00738","1ee7317aa683b5c948f0c9b6e3fc588fd3a95c7f0a3db39d71511268db1f3fda","sections/methods.tex:Tables ID-results/OOD-results|embedding=cls_only|model=UNI|task=crc_no_norm","UNI","uni","virchow2paper2024.cls_only.crc_no_norm.weighted_f1","crc_no_norm","tile_classification","weighted_f1","0.943","cls_only","Frozen CLS-only embedding; paper linear-probe protocol; weighted F1.","https://arxiv.org/abs/2408.00738","accepted_public_leaf","Paper explicitly identifies the dataset as public; exact embedding recipe retained."
"virchow2_arxiv","arxiv:2408.00738","1ee7317aa683b5c948f0c9b6e3fc588fd3a95c7f0a3db39d71511268db1f3fda","sections/methods.tex:Tables ID-results/OOD-results|embedding=cls_only|model=UNI|task=wilds","UNI","uni","virchow2paper2024.cls_only.wilds.weighted_f1","wilds","tile_classification","weighted_f1","0.983","cls_only","Frozen CLS-only embedding; paper linear-probe protocol; weighted F1.","https://arxiv.org/abs/2408.00738","accepted_public_leaf","Paper explicitly identifies the dataset as public; exact embedding recipe retained."
"virchow2_arxiv","arxiv:2408.00738","1ee7317aa683b5c948f0c9b6e3fc588fd3a95c7f0a3db39d71511268db1f3fda","sections/methods.tex:Tables ID-results/OOD-results|embedding=cls_only|model=UNI|task=tils","UNI","uni","virchow2paper2024.cls_only.tils.weighted_f1","tils","tile_classification","weighted_f1","0.945","cls_only","Frozen CLS-only embedding; paper linear-probe protocol; weighted F1.","https://arxiv.org/abs/2408.00738","accepted_public_leaf","Paper explicitly identifies the dataset as public; exact embedding recipe retained."
"virchow2_arxiv","arxiv:2408.00738","1ee7317aa683b5c948f0c9b6e3fc588fd3a95c7f0a3db39d71511268db1f3fda","sections/methods.tex:Tables ID-results/OOD-results|embedding=cls_only|model=UNI|task=mhist","UNI","uni","virchow2paper2024.cls_only.mhist.weighted_f1","mhist","tile_classification","weighted_f1","0.845","cls_only","Frozen CLS-only embedding; paper linear-probe protocol; weighted F1.","https://arxiv.org/abs/2408.00738","accepted_public_leaf","Paper explicitly identifies the dataset as public; exact embedding recipe retained."
"virchow2_arxiv","arxiv:2408.00738","1ee7317aa683b5c948f0c9b6e3fc588fd3a95c7f0a3db39d71511268db1f3fda","sections/methods.tex:Tables ID-results/OOD-results|embedding=cls_only|model=UNI|task=dlbcl","UNI","uni","virchow2paper2024.cls_only.dlbcl.weighted_f1","dlbcl","tile_classification","weighted_f1","0.565","cls_only","Frozen CLS-only embedding; paper linear-probe protocol; weighted F1.","https://arxiv.org/abs/2408.00738","accepted_public_leaf","Paper explicitly identifies the dataset as public; exact embedding recipe retained."
"virchow2_arxiv","arxiv:2408.00738","1ee7317aa683b5c948f0c9b6e3fc588fd3a95c7f0a3db39d71511268db1f3fda","sections/methods.tex:Tables ID-results/OOD-results|embedding=cls_only|model=UNI|task=midog","UNI","uni","virchow2paper2024.cls_only.midog.weighted_f1","midog","tile_classification","weighted_f1","0.748","cls_only","Frozen CLS-only embedding; paper linear-probe protocol; weighted F1.","https://arxiv.org/abs/2408.00738","accepted_public_leaf","Paper explicitly identifies the dataset as public; exact embedding recipe retained."
"virchow2_arxiv","arxiv:2408.00738","1ee7317aa683b5c948f0c9b6e3fc588fd3a95c7f0a3db39d71511268db1f3fda","sections/methods.tex:Tables ID-results|embedding=cls_mean|model=Virchow2|column=Average","Virchow2","virchow-2","virchow2paper2024.cls_mean.id.aggregate.mean","aggregate","aggregate","mean_weighted_f1","0.966","cls_mean","Reported convenience average.","https://arxiv.org/abs/2408.00738","excluded_derived_aggregate","Derived average is not an independent task."
"virchow2_arxiv","arxiv:2408.00738","1ee7317aa683b5c948f0c9b6e3fc588fd3a95c7f0a3db39d71511268db1f3fda","sections/methods.tex:Tables OOD-results|embedding=cls_mean|model=Virchow2|column=Average","Virchow2","virchow-2","virchow2paper2024.cls_mean.ood.aggregate.mean","aggregate","aggregate","mean_weighted_f1","0.885","cls_mean","Reported convenience average.","https://arxiv.org/abs/2408.00738","excluded_derived_aggregate","Derived average is not an independent task."
"virchow2_arxiv","arxiv:2408.00738","1ee7317aa683b5c948f0c9b6e3fc588fd3a95c7f0a3db39d71511268db1f3fda","sections/methods.tex:Tables ID-results|embedding=cls_mean|model=Virchow|column=Average","Virchow","virchow","virchow2paper2024.cls_mean.id.aggregate.mean","aggregate","aggregate","mean_weighted_f1","0.944","cls_mean","Reported convenience average.","https://arxiv.org/abs/2408.00738","excluded_derived_aggregate","Derived average is not an independent task."
"virchow2_arxiv","arxiv:2408.00738","1ee7317aa683b5c948f0c9b6e3fc588fd3a95c7f0a3db39d71511268db1f3fda","sections/methods.tex:Tables OOD-results|embedding=cls_mean|model=Virchow|column=Average","Virchow","virchow","virchow2paper2024.cls_mean.ood.aggregate.mean","aggregate","aggregate","mean_weighted_f1","0.877","cls_mean","Reported convenience average.","https://arxiv.org/abs/2408.00738","excluded_derived_aggregate","Derived average is not an independent task."
"virchow2_arxiv","arxiv:2408.00738","1ee7317aa683b5c948f0c9b6e3fc588fd3a95c7f0a3db39d71511268db1f3fda","sections/methods.tex:Tables ID-results|embedding=cls_mean|model=H-optimus-0|column=Average","H-optimus-0","h-optimus-0","virchow2paper2024.cls_mean.id.aggregate.mean","aggregate","aggregate","mean_weighted_f1","0.950","cls_mean","Reported convenience average.","https://arxiv.org/abs/2408.00738","excluded_derived_aggregate","Derived average is not an independent task."
"virchow2_arxiv","arxiv:2408.00738","1ee7317aa683b5c948f0c9b6e3fc588fd3a95c7f0a3db39d71511268db1f3fda","sections/methods.tex:Tables OOD-results|embedding=cls_mean|model=H-optimus-0|column=Average","H-optimus-0","h-optimus-0","virchow2paper2024.cls_mean.ood.aggregate.mean","aggregate","aggregate","mean_weighted_f1","0.875","cls_mean","Reported convenience average.","https://arxiv.org/abs/2408.00738","excluded_derived_aggregate","Derived average is not an independent task."
"virchow2_arxiv","arxiv:2408.00738","1ee7317aa683b5c948f0c9b6e3fc588fd3a95c7f0a3db39d71511268db1f3fda","sections/methods.tex:Tables ID-results|embedding=cls_mean|model=UNI|column=Average","UNI","uni","virchow2paper2024.cls_mean.id.aggregate.mean","aggregate","aggregate","mean_weighted_f1","0.943","cls_mean","Reported convenience average.","https://arxiv.org/abs/2408.00738","excluded_derived_aggregate","Derived average is not an independent task."
"virchow2_arxiv","arxiv:2408.00738","1ee7317aa683b5c948f0c9b6e3fc588fd3a95c7f0a3db39d71511268db1f3fda","sections/methods.tex:Tables OOD-results|embedding=cls_mean|model=UNI|column=Average","UNI","uni","virchow2paper2024.cls_mean.ood.aggregate.mean","aggregate","aggregate","mean_weighted_f1","0.872","cls_mean","Reported convenience average.","https://arxiv.org/abs/2408.00738","excluded_derived_aggregate","Derived average is not an independent task."
"virchow2_arxiv","arxiv:2408.00738","1ee7317aa683b5c948f0c9b6e3fc588fd3a95c7f0a3db39d71511268db1f3fda","sections/methods.tex:Tables ID-results|embedding=cls_only|model=Virchow2|column=Average","Virchow2","virchow-2","virchow2paper2024.cls_only.id.aggregate.mean","aggregate","aggregate","mean_weighted_f1","0.966","cls_only","Reported convenience average.","https://arxiv.org/abs/2408.00738","excluded_derived_aggregate","Derived average is not an independent task."
"virchow2_arxiv","arxiv:2408.00738","1ee7317aa683b5c948f0c9b6e3fc588fd3a95c7f0a3db39d71511268db1f3fda","sections/methods.tex:Tables OOD-results|embedding=cls_only|model=Virchow2|column=Average","Virchow2","virchow-2","virchow2paper2024.cls_only.ood.aggregate.mean","aggregate","aggregate","mean_weighted_f1","0.886","cls_only","Reported convenience average.","https://arxiv.org/abs/2408.00738","excluded_derived_aggregate","Derived average is not an independent task."
"virchow2_arxiv","arxiv:2408.00738","1ee7317aa683b5c948f0c9b6e3fc588fd3a95c7f0a3db39d71511268db1f3fda","sections/methods.tex:Tables ID-results|embedding=cls_only|model=Virchow|column=Average","Virchow","virchow","virchow2paper2024.cls_only.id.aggregate.mean","aggregate","aggregate","mean_weighted_f1","0.941","cls_only","Reported convenience average.","https://arxiv.org/abs/2408.00738","excluded_derived_aggregate","Derived average is not an independent task."
"virchow2_arxiv","arxiv:2408.00738","1ee7317aa683b5c948f0c9b6e3fc588fd3a95c7f0a3db39d71511268db1f3fda","sections/methods.tex:Tables OOD-results|embedding=cls_only|model=Virchow|column=Average","Virchow","virchow","virchow2paper2024.cls_only.ood.aggregate.mean","aggregate","aggregate","mean_weighted_f1","0.867","cls_only","Reported convenience average.","https://arxiv.org/abs/2408.00738","excluded_derived_aggregate","Derived average is not an independent task."
"virchow2_arxiv","arxiv:2408.00738","1ee7317aa683b5c948f0c9b6e3fc588fd3a95c7f0a3db39d71511268db1f3fda","sections/methods.tex:Tables ID-results|embedding=cls_only|model=H-optimus-0|column=Average","H-optimus-0","h-optimus-0","virchow2paper2024.cls_only.id.aggregate.mean","aggregate","aggregate","mean_weighted_f1","0.944","cls_only","Reported convenience average.","https://arxiv.org/abs/2408.00738","excluded_derived_aggregate","Derived average is not an independent task."
"virchow2_arxiv","arxiv:2408.00738","1ee7317aa683b5c948f0c9b6e3fc588fd3a95c7f0a3db39d71511268db1f3fda","sections/methods.tex:Tables OOD-results|embedding=cls_only|model=H-optimus-0|column=Average","H-optimus-0","h-optimus-0","virchow2paper2024.cls_only.ood.aggregate.mean","aggregate","aggregate","mean_weighted_f1","0.874","cls_only","Reported convenience average.","https://arxiv.org/abs/2408.00738","excluded_derived_aggregate","Derived average is not an independent task."
"virchow2_arxiv","arxiv:2408.00738","1ee7317aa683b5c948f0c9b6e3fc588fd3a95c7f0a3db39d71511268db1f3fda","sections/methods.tex:Tables ID-results|embedding=cls_only|model=UNI|column=Average","UNI","uni","virchow2paper2024.cls_only.id.aggregate.mean","aggregate","aggregate","mean_weighted_f1","0.943","cls_only","Reported convenience average.","https://arxiv.org/abs/2408.00738","excluded_derived_aggregate","Derived average is not an independent task."
"virchow2_arxiv","arxiv:2408.00738","1ee7317aa683b5c948f0c9b6e3fc588fd3a95c7f0a3db39d71511268db1f3fda","sections/methods.tex:Tables OOD-results|embedding=cls_only|model=UNI|column=Average","UNI","uni","virchow2paper2024.cls_only.ood.aggregate.mean","aggregate","aggregate","mean_weighted_f1","0.866","cls_only","Reported convenience average.","https://arxiv.org/abs/2408.00738","excluded_derived_aggregate","Derived average is not an independent task."
"virchow2_arxiv","arxiv:2408.00738","1ee7317aa683b5c948f0c9b6e3fc588fd3a95c7f0a3db39d71511268db1f3fda","sections/methods.tex:Table hest_st|embedding=cls_mean|model=Virchow2|task=idc","Virchow2","virchow-2","hest.virchow2paper2024.cls_mean.idc.random_forest","idc","spatial_transcriptomics","pearson_r","0.539","cls_mean","HEST random-forest protocol with frozen CLS+Mean embedding; not interchangeable with ridge/PCA HEST.","https://arxiv.org/abs/2408.00738","accepted_public_leaf","Public HEST leaf under an exact random-forest and embedding-recipe protocol."
"virchow2_arxiv","arxiv:2408.00738","1ee7317aa683b5c948f0c9b6e3fc588fd3a95c7f0a3db39d71511268db1f3fda","sections/methods.tex:Table hest_st|embedding=cls_mean|model=Virchow2|task=prad","Virchow2","virchow-2","hest.virchow2paper2024.cls_mean.prad.random_forest","prad","spatial_transcriptomics","pearson_r","0.382","cls_mean","HEST random-forest protocol with frozen CLS+Mean embedding; not interchangeable with ridge/PCA HEST.","https://arxiv.org/abs/2408.00738","accepted_public_leaf","Public HEST leaf under an exact random-forest and embedding-recipe protocol."
"virchow2_arxiv","arxiv:2408.00738","1ee7317aa683b5c948f0c9b6e3fc588fd3a95c7f0a3db39d71511268db1f3fda","sections/methods.tex:Table hest_st|embedding=cls_mean|model=Virchow2|task=paad","Virchow2","virchow-2","hest.virchow2paper2024.cls_mean.paad.random_forest","paad","spatial_transcriptomics","pearson_r","0.425","cls_mean","HEST random-forest protocol with frozen CLS+Mean embedding; not interchangeable with ridge/PCA HEST.","https://arxiv.org/abs/2408.00738","accepted_public_leaf","Public HEST leaf under an exact random-forest and embedding-recipe protocol."
"virchow2_arxiv","arxiv:2408.00738","1ee7317aa683b5c948f0c9b6e3fc588fd3a95c7f0a3db39d71511268db1f3fda","sections/methods.tex:Table hest_st|embedding=cls_mean|model=Virchow2|task=skcm","Virchow2","virchow-2","hest.virchow2paper2024.cls_mean.skcm.random_forest","skcm","spatial_transcriptomics","pearson_r","0.617","cls_mean","HEST random-forest protocol with frozen CLS+Mean embedding; not interchangeable with ridge/PCA HEST.","https://arxiv.org/abs/2408.00738","accepted_public_leaf","Public HEST leaf under an exact random-forest and embedding-recipe protocol."
"virchow2_arxiv","arxiv:2408.00738","1ee7317aa683b5c948f0c9b6e3fc588fd3a95c7f0a3db39d71511268db1f3fda","sections/methods.tex:Table hest_st|embedding=cls_mean|model=Virchow2|task=coad","Virchow2","virchow-2","hest.virchow2paper2024.cls_mean.coad.random_forest","coad","spatial_transcriptomics","pearson_r","0.127","cls_mean","HEST random-forest protocol with frozen CLS+Mean embedding; not interchangeable with ridge/PCA HEST.","https://arxiv.org/abs/2408.00738","accepted_public_leaf","Public HEST leaf under an exact random-forest and embedding-recipe protocol."
"virchow2_arxiv","arxiv:2408.00738","1ee7317aa683b5c948f0c9b6e3fc588fd3a95c7f0a3db39d71511268db1f3fda","sections/methods.tex:Table hest_st|embedding=cls_mean|model=Virchow2|task=read","Virchow2","virchow-2","hest.virchow2paper2024.cls_mean.read.random_forest","read","spatial_transcriptomics","pearson_r","0.168","cls_mean","HEST random-forest protocol with frozen CLS+Mean embedding; not interchangeable with ridge/PCA HEST.","https://arxiv.org/abs/2408.00738","accepted_public_leaf","Public HEST leaf under an exact random-forest and embedding-recipe protocol."
"virchow2_arxiv","arxiv:2408.00738","1ee7317aa683b5c948f0c9b6e3fc588fd3a95c7f0a3db39d71511268db1f3fda","sections/methods.tex:Table hest_st|embedding=cls_mean|model=Virchow2|task=ccrcc","Virchow2","virchow-2","hest.virchow2paper2024.cls_mean.ccrcc.random_forest","ccrcc","spatial_transcriptomics","pearson_r","0.226","cls_mean","HEST random-forest protocol with frozen CLS+Mean embedding; not interchangeable with ridge/PCA HEST.","https://arxiv.org/abs/2408.00738","accepted_public_leaf","Public HEST leaf under an exact random-forest and embedding-recipe protocol."
"virchow2_arxiv","arxiv:2408.00738","1ee7317aa683b5c948f0c9b6e3fc588fd3a95c7f0a3db39d71511268db1f3fda","sections/methods.tex:Table hest_st|embedding=cls_mean|model=Virchow2|task=hcc","Virchow2","virchow-2","hest.virchow2paper2024.cls_mean.hcc.random_forest","hcc","spatial_transcriptomics","pearson_r","0.056","cls_mean","HEST random-forest protocol with frozen CLS+Mean embedding; not interchangeable with ridge/PCA HEST.","https://arxiv.org/abs/2408.00738","accepted_public_leaf","Public HEST leaf under an exact random-forest and embedding-recipe protocol."
"virchow2_arxiv","arxiv:2408.00738","1ee7317aa683b5c948f0c9b6e3fc588fd3a95c7f0a3db39d71511268db1f3fda","sections/methods.tex:Table hest_st|embedding=cls_mean|model=Virchow2|task=lung","Virchow2","virchow-2","hest.virchow2paper2024.cls_mean.lung.random_forest","lung","spatial_transcriptomics","pearson_r","0.586","cls_mean","HEST random-forest protocol with frozen CLS+Mean embedding; not interchangeable with ridge/PCA HEST.","https://arxiv.org/abs/2408.00738","accepted_public_leaf","Public HEST leaf under an exact random-forest and embedding-recipe protocol."
"virchow2_arxiv","arxiv:2408.00738","1ee7317aa683b5c948f0c9b6e3fc588fd3a95c7f0a3db39d71511268db1f3fda","sections/methods.tex:Table hest_st|embedding=cls_mean|model=Virchow2|task=lymph_idc","Virchow2","virchow-2","hest.virchow2paper2024.cls_mean.lymph_idc.random_forest","lymph_idc","spatial_transcriptomics","pearson_r","0.273","cls_mean","HEST random-forest protocol with frozen CLS+Mean embedding; not interchangeable with ridge/PCA HEST.","https://arxiv.org/abs/2408.00738","accepted_public_leaf","Public HEST leaf under an exact random-forest and embedding-recipe protocol."
"virchow2_arxiv","arxiv:2408.00738","1ee7317aa683b5c948f0c9b6e3fc588fd3a95c7f0a3db39d71511268db1f3fda","sections/methods.tex:Table hest_st|embedding=cls_mean|model=Virchow2|column=Avg","Virchow2","virchow-2","hest.virchow2paper2024.cls_mean.aggregate.mean","aggregate","aggregate","mean_pearson_r","0.340","cls_mean","Reported HEST random-forest average.","https://arxiv.org/abs/2408.00738","excluded_derived_aggregate","Derived average is not an independent task."
"virchow2_arxiv","arxiv:2408.00738","1ee7317aa683b5c948f0c9b6e3fc588fd3a95c7f0a3db39d71511268db1f3fda","sections/methods.tex:Table hest_st|embedding=cls_mean|model=Virchow|task=idc","Virchow","virchow","hest.virchow2paper2024.cls_mean.idc.random_forest","idc","spatial_transcriptomics","pearson_r","0.545","cls_mean","HEST random-forest protocol with frozen CLS+Mean embedding; not interchangeable with ridge/PCA HEST.","https://arxiv.org/abs/2408.00738","accepted_public_leaf","Public HEST leaf under an exact random-forest and embedding-recipe protocol."
"virchow2_arxiv","arxiv:2408.00738","1ee7317aa683b5c948f0c9b6e3fc588fd3a95c7f0a3db39d71511268db1f3fda","sections/methods.tex:Table hest_st|embedding=cls_mean|model=Virchow|task=prad","Virchow","virchow","hest.virchow2paper2024.cls_mean.prad.random_forest","prad","spatial_transcriptomics","pearson_r","0.372","cls_mean","HEST random-forest protocol with frozen CLS+Mean embedding; not interchangeable with ridge/PCA HEST.","https://arxiv.org/abs/2408.00738","accepted_public_leaf","Public HEST leaf under an exact random-forest and embedding-recipe protocol."
"virchow2_arxiv","arxiv:2408.00738","1ee7317aa683b5c948f0c9b6e3fc588fd3a95c7f0a3db39d71511268db1f3fda","sections/methods.tex:Table hest_st|embedding=cls_mean|model=Virchow|task=paad","Virchow","virchow","hest.virchow2paper2024.cls_mean.paad.random_forest","paad","spatial_transcriptomics","pearson_r","0.465","cls_mean","HEST random-forest protocol with frozen CLS+Mean embedding; not interchangeable with ridge/PCA HEST.","https://arxiv.org/abs/2408.00738","accepted_public_leaf","Public HEST leaf under an exact random-forest and embedding-recipe protocol."
"virchow2_arxiv","arxiv:2408.00738","1ee7317aa683b5c948f0c9b6e3fc588fd3a95c7f0a3db39d71511268db1f3fda","sections/methods.tex:Table hest_st|embedding=cls_mean|model=Virchow|task=skcm","Virchow","virchow","hest.virchow2paper2024.cls_mean.skcm.random_forest","skcm","spatial_transcriptomics","pearson_r","0.624","cls_mean","HEST random-forest protocol with frozen CLS+Mean embedding; not interchangeable with ridge/PCA HEST.","https://arxiv.org/abs/2408.00738","accepted_public_leaf","Public HEST leaf under an exact random-forest and embedding-recipe protocol."
"virchow2_arxiv","arxiv:2408.00738","1ee7317aa683b5c948f0c9b6e3fc588fd3a95c7f0a3db39d71511268db1f3fda","sections/methods.tex:Table hest_st|embedding=cls_mean|model=Virchow|task=coad","Virchow","virchow","hest.virchow2paper2024.cls_mean.coad.random_forest","coad","spatial_transcriptomics","pearson_r","0.159","cls_mean","HEST random-forest protocol with frozen CLS+Mean embedding; not interchangeable with ridge/PCA HEST.","https://arxiv.org/abs/2408.00738","accepted_public_leaf","Public HEST leaf under an exact random-forest and embedding-recipe protocol."
"virchow2_arxiv","arxiv:2408.00738","1ee7317aa683b5c948f0c9b6e3fc588fd3a95c7f0a3db39d71511268db1f3fda","sections/methods.tex:Table hest_st|embedding=cls_mean|model=Virchow|task=read","Virchow","virchow","hest.virchow2paper2024.cls_mean.read.random_forest","read","spatial_transcriptomics","pearson_r","0.133","cls_mean","HEST random-forest protocol with frozen CLS+Mean embedding; not interchangeable with ridge/PCA HEST.","https://arxiv.org/abs/2408.00738","accepted_public_leaf","Public HEST leaf under an exact random-forest and embedding-recipe protocol."
"virchow2_arxiv","arxiv:2408.00738","1ee7317aa683b5c948f0c9b6e3fc588fd3a95c7f0a3db39d71511268db1f3fda","sections/methods.tex:Table hest_st|embedding=cls_mean|model=Virchow|task=ccrcc","Virchow","virchow","hest.virchow2paper2024.cls_mean.ccrcc.random_forest","ccrcc","spatial_transcriptomics","pearson_r","0.211","cls_mean","HEST random-forest protocol with frozen CLS+Mean embedding; not interchangeable with ridge/PCA HEST.","https://arxiv.org/abs/2408.00738","accepted_public_leaf","Public HEST leaf under an exact random-forest and embedding-recipe protocol."
"virchow2_arxiv","arxiv:2408.00738","1ee7317aa683b5c948f0c9b6e3fc588fd3a95c7f0a3db39d71511268db1f3fda","sections/methods.tex:Table hest_st|embedding=cls_mean|model=Virchow|task=hcc","Virchow","virchow","hest.virchow2paper2024.cls_mean.hcc.random_forest","hcc","spatial_transcriptomics","pearson_r","0.065","cls_mean","HEST random-forest protocol with frozen CLS+Mean embedding; not interchangeable with ridge/PCA HEST.","https://arxiv.org/abs/2408.00738","accepted_public_leaf","Public HEST leaf under an exact random-forest and embedding-recipe protocol."
"virchow2_arxiv","arxiv:2408.00738","1ee7317aa683b5c948f0c9b6e3fc588fd3a95c7f0a3db39d71511268db1f3fda","sections/methods.tex:Table hest_st|embedding=cls_mean|model=Virchow|task=lung","Virchow","virchow","hest.virchow2paper2024.cls_mean.lung.random_forest","lung","spatial_transcriptomics","pearson_r","0.601","cls_mean","HEST random-forest protocol with frozen CLS+Mean embedding; not interchangeable with ridge/PCA HEST.","https://arxiv.org/abs/2408.00738","accepted_public_leaf","Public HEST leaf under an exact random-forest and embedding-recipe protocol."
"virchow2_arxiv","arxiv:2408.00738","1ee7317aa683b5c948f0c9b6e3fc588fd3a95c7f0a3db39d71511268db1f3fda","sections/methods.tex:Table hest_st|embedding=cls_mean|model=Virchow|task=lymph_idc","Virchow","virchow","hest.virchow2paper2024.cls_mean.lymph_idc.random_forest","lymph_idc","spatial_transcriptomics","pearson_r","0.269","cls_mean","HEST random-forest protocol with frozen CLS+Mean embedding; not interchangeable with ridge/PCA HEST.","https://arxiv.org/abs/2408.00738","accepted_public_leaf","Public HEST leaf under an exact random-forest and embedding-recipe protocol."
"virchow2_arxiv","arxiv:2408.00738","1ee7317aa683b5c948f0c9b6e3fc588fd3a95c7f0a3db39d71511268db1f3fda","sections/methods.tex:Table hest_st|embedding=cls_mean|model=Virchow|column=Avg","Virchow","virchow","hest.virchow2paper2024.cls_mean.aggregate.mean","aggregate","aggregate","mean_pearson_r","0.344","cls_mean","Reported HEST random-forest average.","https://arxiv.org/abs/2408.00738","excluded_derived_aggregate","Derived average is not an independent task."
"virchow2_arxiv","arxiv:2408.00738","1ee7317aa683b5c948f0c9b6e3fc588fd3a95c7f0a3db39d71511268db1f3fda","sections/methods.tex:Table hest_st|embedding=cls_mean|model=H-optimus-0|task=idc","H-optimus-0","h-optimus-0","hest.virchow2paper2024.cls_mean.idc.random_forest","idc","spatial_transcriptomics","pearson_r","0.555","cls_mean","HEST random-forest protocol with frozen CLS+Mean embedding; not interchangeable with ridge/PCA HEST.","https://arxiv.org/abs/2408.00738","accepted_public_leaf","Public HEST leaf under an exact random-forest and embedding-recipe protocol."
"virchow2_arxiv","arxiv:2408.00738","1ee7317aa683b5c948f0c9b6e3fc588fd3a95c7f0a3db39d71511268db1f3fda","sections/methods.tex:Table hest_st|embedding=cls_mean|model=H-optimus-0|task=prad","H-optimus-0","h-optimus-0","hest.virchow2paper2024.cls_mean.prad.random_forest","prad","spatial_transcriptomics","pearson_r","0.388","cls_mean","HEST random-forest protocol with frozen CLS+Mean embedding; not interchangeable with ridge/PCA HEST.","https://arxiv.org/abs/2408.00738","accepted_public_leaf","Public HEST leaf under an exact random-forest and embedding-recipe protocol."
"virchow2_arxiv","arxiv:2408.00738","1ee7317aa683b5c948f0c9b6e3fc588fd3a95c7f0a3db39d71511268db1f3fda","sections/methods.tex:Table hest_st|embedding=cls_mean|model=H-optimus-0|task=paad","H-optimus-0","h-optimus-0","hest.virchow2paper2024.cls_mean.paad.random_forest","paad","spatial_transcriptomics","pearson_r","0.469","cls_mean","HEST random-forest protocol with frozen CLS+Mean embedding; not interchangeable with ridge/PCA HEST.","https://arxiv.org/abs/2408.00738","accepted_public_leaf","Public HEST leaf under an exact random-forest and embedding-recipe protocol."
"virchow2_arxiv","arxiv:2408.00738","1ee7317aa683b5c948f0c9b6e3fc588fd3a95c7f0a3db39d71511268db1f3fda","sections/methods.tex:Table hest_st|embedding=cls_mean|model=H-optimus-0|task=skcm","H-optimus-0","h-optimus-0","hest.virchow2paper2024.cls_mean.skcm.random_forest","skcm","spatial_transcriptomics","pearson_r","0.650","cls_mean","HEST random-forest protocol with frozen CLS+Mean embedding; not interchangeable with ridge/PCA HEST.","https://arxiv.org/abs/2408.00738","accepted_public_leaf","Public HEST leaf under an exact random-forest and embedding-recipe protocol."
"virchow2_arxiv","arxiv:2408.00738","1ee7317aa683b5c948f0c9b6e3fc588fd3a95c7f0a3db39d71511268db1f3fda","sections/methods.tex:Table hest_st|embedding=cls_mean|model=H-optimus-0|task=coad","H-optimus-0","h-optimus-0","hest.virchow2paper2024.cls_mean.coad.random_forest","coad","spatial_transcriptomics","pearson_r","0.158","cls_mean","HEST random-forest protocol with frozen CLS+Mean embedding; not interchangeable with ridge/PCA HEST.","https://arxiv.org/abs/2408.00738","accepted_public_leaf","Public HEST leaf under an exact random-forest and embedding-recipe protocol."
"virchow2_arxiv","arxiv:2408.00738","1ee7317aa683b5c948f0c9b6e3fc588fd3a95c7f0a3db39d71511268db1f3fda","sections/methods.tex:Table hest_st|embedding=cls_mean|model=H-optimus-0|task=read","H-optimus-0","h-optimus-0","hest.virchow2paper2024.cls_mean.read.random_forest","read","spatial_transcriptomics","pearson_r","0.161","cls_mean","HEST random-forest protocol with frozen CLS+Mean embedding; not interchangeable with ridge/PCA HEST.","https://arxiv.org/abs/2408.00738","accepted_public_leaf","Public HEST leaf under an exact random-forest and embedding-recipe protocol."
"virchow2_arxiv","arxiv:2408.00738","1ee7317aa683b5c948f0c9b6e3fc588fd3a95c7f0a3db39d71511268db1f3fda","sections/methods.tex:Table hest_st|embedding=cls_mean|model=H-optimus-0|task=ccrcc","H-optimus-0","h-optimus-0","hest.virchow2paper2024.cls_mean.ccrcc.random_forest","ccrcc","spatial_transcriptomics","pearson_r","0.222","cls_mean","HEST random-forest protocol with frozen CLS+Mean embedding; not interchangeable with ridge/PCA HEST.","https://arxiv.org/abs/2408.00738","accepted_public_leaf","Public HEST leaf under an exact random-forest and embedding-recipe protocol."
"virchow2_arxiv","arxiv:2408.00738","1ee7317aa683b5c948f0c9b6e3fc588fd3a95c7f0a3db39d71511268db1f3fda","sections/methods.tex:Table hest_st|embedding=cls_mean|model=H-optimus-0|task=hcc","H-optimus-0","h-optimus-0","hest.virchow2paper2024.cls_mean.hcc.random_forest","hcc","spatial_transcriptomics","pearson_r","0.062","cls_mean","HEST random-forest protocol with frozen CLS+Mean embedding; not interchangeable with ridge/PCA HEST.","https://arxiv.org/abs/2408.00738","accepted_public_leaf","Public HEST leaf under an exact random-forest and embedding-recipe protocol."
"virchow2_arxiv","arxiv:2408.00738","1ee7317aa683b5c948f0c9b6e3fc588fd3a95c7f0a3db39d71511268db1f3fda","sections/methods.tex:Table hest_st|embedding=cls_mean|model=H-optimus-0|task=lung","H-optimus-0","h-optimus-0","hest.virchow2paper2024.cls_mean.lung.random_forest","lung","spatial_transcriptomics","pearson_r","0.596","cls_mean","HEST random-forest protocol with frozen CLS+Mean embedding; not interchangeable with ridge/PCA HEST.","https://arxiv.org/abs/2408.00738","accepted_public_leaf","Public HEST leaf under an exact random-forest and embedding-recipe protocol."
"virchow2_arxiv","arxiv:2408.00738","1ee7317aa683b5c948f0c9b6e3fc588fd3a95c7f0a3db39d71511268db1f3fda","sections/methods.tex:Table hest_st|embedding=cls_mean|model=H-optimus-0|task=lymph_idc","H-optimus-0","h-optimus-0","hest.virchow2paper2024.cls_mean.lymph_idc.random_forest","lymph_idc","spatial_transcriptomics","pearson_r","0.278","cls_mean","HEST random-forest protocol with frozen CLS+Mean embedding; not interchangeable with ridge/PCA HEST.","https://arxiv.org/abs/2408.00738","accepted_public_leaf","Public HEST leaf under an exact random-forest and embedding-recipe protocol."
"virchow2_arxiv","arxiv:2408.00738","1ee7317aa683b5c948f0c9b6e3fc588fd3a95c7f0a3db39d71511268db1f3fda","sections/methods.tex:Table hest_st|embedding=cls_mean|model=H-optimus-0|column=Avg","H-optimus-0","h-optimus-0","hest.virchow2paper2024.cls_mean.aggregate.mean","aggregate","aggregate","mean_pearson_r","0.354","cls_mean","Reported HEST random-forest average.","https://arxiv.org/abs/2408.00738","excluded_derived_aggregate","Derived average is not an independent task."
"virchow2_arxiv","arxiv:2408.00738","1ee7317aa683b5c948f0c9b6e3fc588fd3a95c7f0a3db39d71511268db1f3fda","sections/methods.tex:Table hest_st|embedding=cls_mean|model=UNI|task=idc","UNI","uni","hest.virchow2paper2024.cls_mean.idc.random_forest","idc","spatial_transcriptomics","pearson_r","0.531","cls_mean","HEST random-forest protocol with frozen CLS+Mean embedding; not interchangeable with ridge/PCA HEST.","https://arxiv.org/abs/2408.00738","accepted_public_leaf","Public HEST leaf under an exact random-forest and embedding-recipe protocol."
"virchow2_arxiv","arxiv:2408.00738","1ee7317aa683b5c948f0c9b6e3fc588fd3a95c7f0a3db39d71511268db1f3fda","sections/methods.tex:Table hest_st|embedding=cls_mean|model=UNI|task=prad","UNI","uni","hest.virchow2paper2024.cls_mean.prad.random_forest","prad","spatial_transcriptomics","pearson_r","0.391","cls_mean","HEST random-forest protocol with frozen CLS+Mean embedding; not interchangeable with ridge/PCA HEST.","https://arxiv.org/abs/2408.00738","accepted_public_leaf","Public HEST leaf under an exact random-forest and embedding-recipe protocol."
"virchow2_arxiv","arxiv:2408.00738","1ee7317aa683b5c948f0c9b6e3fc588fd3a95c7f0a3db39d71511268db1f3fda","sections/methods.tex:Table hest_st|embedding=cls_mean|model=UNI|task=paad","UNI","uni","hest.virchow2paper2024.cls_mean.paad.random_forest","paad","spatial_transcriptomics","pearson_r","0.444","cls_mean","HEST random-forest protocol with frozen CLS+Mean embedding; not interchangeable with ridge/PCA HEST.","https://arxiv.org/abs/2408.00738","accepted_public_leaf","Public HEST leaf under an exact random-forest and embedding-recipe protocol."
"virchow2_arxiv","arxiv:2408.00738","1ee7317aa683b5c948f0c9b6e3fc588fd3a95c7f0a3db39d71511268db1f3fda","sections/methods.tex:Table hest_st|embedding=cls_mean|model=UNI|task=skcm","UNI","uni","hest.virchow2paper2024.cls_mean.skcm.random_forest","skcm","spatial_transcriptomics","pearson_r","0.630","cls_mean","HEST random-forest protocol with frozen CLS+Mean embedding; not interchangeable with ridge/PCA HEST.","https://arxiv.org/abs/2408.00738","accepted_public_leaf","Public HEST leaf under an exact random-forest and embedding-recipe protocol."
"virchow2_arxiv","arxiv:2408.00738","1ee7317aa683b5c948f0c9b6e3fc588fd3a95c7f0a3db39d71511268db1f3fda","sections/methods.tex:Table hest_st|embedding=cls_mean|model=UNI|task=coad","UNI","uni","hest.virchow2paper2024.cls_mean.coad.random_forest","coad","spatial_transcriptomics","pearson_r","0.149","cls_mean","HEST random-forest protocol with frozen CLS+Mean embedding; not interchangeable with ridge/PCA HEST.","https://arxiv.org/abs/2408.00738","accepted_public_leaf","Public HEST leaf under an exact random-forest and embedding-recipe protocol."
"virchow2_arxiv","arxiv:2408.00738","1ee7317aa683b5c948f0c9b6e3fc588fd3a95c7f0a3db39d71511268db1f3fda","sections/methods.tex:Table hest_st|embedding=cls_mean|model=UNI|task=read","UNI","uni","hest.virchow2paper2024.cls_mean.read.random_forest","read","spatial_transcriptomics","pearson_r","0.131","cls_mean","HEST random-forest protocol with frozen CLS+Mean embedding; not interchangeable with ridge/PCA HEST.","https://arxiv.org/abs/2408.00738","accepted_public_leaf","Public HEST leaf under an exact random-forest and embedding-recipe protocol."
"virchow2_arxiv","arxiv:2408.00738","1ee7317aa683b5c948f0c9b6e3fc588fd3a95c7f0a3db39d71511268db1f3fda","sections/methods.tex:Table hest_st|embedding=cls_mean|model=UNI|task=ccrcc","UNI","uni","hest.virchow2paper2024.cls_mean.ccrcc.random_forest","ccrcc","spatial_transcriptomics","pearson_r","0.183","cls_mean","HEST random-forest protocol with frozen CLS+Mean embedding; not interchangeable with ridge/PCA HEST.","https://arxiv.org/abs/2408.00738","accepted_public_leaf","Public HEST leaf under an exact random-forest and embedding-recipe protocol."
"virchow2_arxiv","arxiv:2408.00738","1ee7317aa683b5c948f0c9b6e3fc588fd3a95c7f0a3db39d71511268db1f3fda","sections/methods.tex:Table hest_st|embedding=cls_mean|model=UNI|task=hcc","UNI","uni","hest.virchow2paper2024.cls_mean.hcc.random_forest","hcc","spatial_transcriptomics","pearson_r","0.046","cls_mean","HEST random-forest protocol with frozen CLS+Mean embedding; not interchangeable with ridge/PCA HEST.","https://arxiv.org/abs/2408.00738","accepted_public_leaf","Public HEST leaf under an exact random-forest and embedding-recipe protocol."
"virchow2_arxiv","arxiv:2408.00738","1ee7317aa683b5c948f0c9b6e3fc588fd3a95c7f0a3db39d71511268db1f3fda","sections/methods.tex:Table hest_st|embedding=cls_mean|model=UNI|task=lung","UNI","uni","hest.virchow2paper2024.cls_mean.lung.random_forest","lung","spatial_transcriptomics","pearson_r","0.571","cls_mean","HEST random-forest protocol with frozen CLS+Mean embedding; not interchangeable with ridge/PCA HEST.","https://arxiv.org/abs/2408.00738","accepted_public_leaf","Public HEST leaf under an exact random-forest and embedding-recipe protocol."
"virchow2_arxiv","arxiv:2408.00738","1ee7317aa683b5c948f0c9b6e3fc588fd3a95c7f0a3db39d71511268db1f3fda","sections/methods.tex:Table hest_st|embedding=cls_mean|model=UNI|task=lymph_idc","UNI","uni","hest.virchow2paper2024.cls_mean.lymph_idc.random_forest","lymph_idc","spatial_transcriptomics","pearson_r","0.265","cls_mean","HEST random-forest protocol with frozen CLS+Mean embedding; not interchangeable with ridge/PCA HEST.","https://arxiv.org/abs/2408.00738","accepted_public_leaf","Public HEST leaf under an exact random-forest and embedding-recipe protocol."
"virchow2_arxiv","arxiv:2408.00738","1ee7317aa683b5c948f0c9b6e3fc588fd3a95c7f0a3db39d71511268db1f3fda","sections/methods.tex:Table hest_st|embedding=cls_mean|model=UNI|column=Avg","UNI","uni","hest.virchow2paper2024.cls_mean.aggregate.mean","aggregate","aggregate","mean_pearson_r","0.334","cls_mean","Reported HEST random-forest average.","https://arxiv.org/abs/2408.00738","excluded_derived_aggregate","Derived average is not an independent task."
"virchow2_arxiv","arxiv:2408.00738","1ee7317aa683b5c948f0c9b6e3fc588fd3a95c7f0a3db39d71511268db1f3fda","sections/methods.tex:Table hest_st|embedding=cls_only|model=Virchow2|task=idc","Virchow2","virchow-2","hest.virchow2paper2024.cls_only.idc.random_forest","idc","spatial_transcriptomics","pearson_r","0.563","cls_only","HEST random-forest protocol with frozen CLS-only embedding; not interchangeable with ridge/PCA HEST.","https://arxiv.org/abs/2408.00738","accepted_public_leaf","Public HEST leaf under an exact random-forest and embedding-recipe protocol."
"virchow2_arxiv","arxiv:2408.00738","1ee7317aa683b5c948f0c9b6e3fc588fd3a95c7f0a3db39d71511268db1f3fda","sections/methods.tex:Table hest_st|embedding=cls_only|model=Virchow2|task=prad","Virchow2","virchow-2","hest.virchow2paper2024.cls_only.prad.random_forest","prad","spatial_transcriptomics","pearson_r","0.379","cls_only","HEST random-forest protocol with frozen CLS-only embedding; not interchangeable with ridge/PCA HEST.","https://arxiv.org/abs/2408.00738","accepted_public_leaf","Public HEST leaf under an exact random-forest and embedding-recipe protocol."
"virchow2_arxiv","arxiv:2408.00738","1ee7317aa683b5c948f0c9b6e3fc588fd3a95c7f0a3db39d71511268db1f3fda","sections/methods.tex:Table hest_st|embedding=cls_only|model=Virchow2|task=paad","Virchow2","virchow-2","hest.virchow2paper2024.cls_only.paad.random_forest","paad","spatial_transcriptomics","pearson_r","0.402","cls_only","HEST random-forest protocol with frozen CLS-only embedding; not interchangeable with ridge/PCA HEST.","https://arxiv.org/abs/2408.00738","accepted_public_leaf","Public HEST leaf under an exact random-forest and embedding-recipe protocol."
"virchow2_arxiv","arxiv:2408.00738","1ee7317aa683b5c948f0c9b6e3fc588fd3a95c7f0a3db39d71511268db1f3fda","sections/methods.tex:Table hest_st|embedding=cls_only|model=Virchow2|task=skcm","Virchow2","virchow-2","hest.virchow2paper2024.cls_only.skcm.random_forest","skcm","spatial_transcriptomics","pearson_r","0.631","cls_only","HEST random-forest protocol with frozen CLS-only embedding; not interchangeable with ridge/PCA HEST.","https://arxiv.org/abs/2408.00738","accepted_public_leaf","Public HEST leaf under an exact random-forest and embedding-recipe protocol."
"virchow2_arxiv","arxiv:2408.00738","1ee7317aa683b5c948f0c9b6e3fc588fd3a95c7f0a3db39d71511268db1f3fda","sections/methods.tex:Table hest_st|embedding=cls_only|model=Virchow2|task=coad","Virchow2","virchow-2","hest.virchow2paper2024.cls_only.coad.random_forest","coad","spatial_transcriptomics","pearson_r","0.143","cls_only","HEST random-forest protocol with frozen CLS-only embedding; not interchangeable with ridge/PCA HEST.","https://arxiv.org/abs/2408.00738","accepted_public_leaf","Public HEST leaf under an exact random-forest and embedding-recipe protocol."
"virchow2_arxiv","arxiv:2408.00738","1ee7317aa683b5c948f0c9b6e3fc588fd3a95c7f0a3db39d71511268db1f3fda","sections/methods.tex:Table hest_st|embedding=cls_only|model=Virchow2|task=read","Virchow2","virchow-2","hest.virchow2paper2024.cls_only.read.random_forest","read","spatial_transcriptomics","pearson_r","0.169","cls_only","HEST random-forest protocol with frozen CLS-only embedding; not interchangeable with ridge/PCA HEST.","https://arxiv.org/abs/2408.00738","accepted_public_leaf","Public HEST leaf under an exact random-forest and embedding-recipe protocol."
"virchow2_arxiv","arxiv:2408.00738","1ee7317aa683b5c948f0c9b6e3fc588fd3a95c7f0a3db39d71511268db1f3fda","sections/methods.tex:Table hest_st|embedding=cls_only|model=Virchow2|task=ccrcc","Virchow2","virchow-2","hest.virchow2paper2024.cls_only.ccrcc.random_forest","ccrcc","spatial_transcriptomics","pearson_r","0.224","cls_only","HEST random-forest protocol with frozen CLS-only embedding; not interchangeable with ridge/PCA HEST.","https://arxiv.org/abs/2408.00738","accepted_public_leaf","Public HEST leaf under an exact random-forest and embedding-recipe protocol."
"virchow2_arxiv","arxiv:2408.00738","1ee7317aa683b5c948f0c9b6e3fc588fd3a95c7f0a3db39d71511268db1f3fda","sections/methods.tex:Table hest_st|embedding=cls_only|model=Virchow2|task=hcc","Virchow2","virchow-2","hest.virchow2paper2024.cls_only.hcc.random_forest","hcc","spatial_transcriptomics","pearson_r","0.060","cls_only","HEST random-forest protocol with frozen CLS-only embedding; not interchangeable with ridge/PCA HEST.","https://arxiv.org/abs/2408.00738","accepted_public_leaf","Public HEST leaf under an exact random-forest and embedding-recipe protocol."
"virchow2_arxiv","arxiv:2408.00738","1ee7317aa683b5c948f0c9b6e3fc588fd3a95c7f0a3db39d71511268db1f3fda","sections/methods.tex:Table hest_st|embedding=cls_only|model=Virchow2|task=lung","Virchow2","virchow-2","hest.virchow2paper2024.cls_only.lung.random_forest","lung","spatial_transcriptomics","pearson_r","0.591","cls_only","HEST random-forest protocol with frozen CLS-only embedding; not interchangeable with ridge/PCA HEST.","https://arxiv.org/abs/2408.00738","accepted_public_leaf","Public HEST leaf under an exact random-forest and embedding-recipe protocol."
"virchow2_arxiv","arxiv:2408.00738","1ee7317aa683b5c948f0c9b6e3fc588fd3a95c7f0a3db39d71511268db1f3fda","sections/methods.tex:Table hest_st|embedding=cls_only|model=Virchow2|task=lymph_idc","Virchow2","virchow-2","hest.virchow2paper2024.cls_only.lymph_idc.random_forest","lymph_idc","spatial_transcriptomics","pearson_r","0.275","cls_only","HEST random-forest protocol with frozen CLS-only embedding; not interchangeable with ridge/PCA HEST.","https://arxiv.org/abs/2408.00738","accepted_public_leaf","Public HEST leaf under an exact random-forest and embedding-recipe protocol."
"virchow2_arxiv","arxiv:2408.00738","1ee7317aa683b5c948f0c9b6e3fc588fd3a95c7f0a3db39d71511268db1f3fda","sections/methods.tex:Table hest_st|embedding=cls_only|model=Virchow2|column=Avg","Virchow2","virchow-2","hest.virchow2paper2024.cls_only.aggregate.mean","aggregate","aggregate","mean_pearson_r","0.344","cls_only","Reported HEST random-forest average.","https://arxiv.org/abs/2408.00738","excluded_derived_aggregate","Derived average is not an independent task."
"virchow2_arxiv","arxiv:2408.00738","1ee7317aa683b5c948f0c9b6e3fc588fd3a95c7f0a3db39d71511268db1f3fda","sections/methods.tex:Table hest_st|embedding=cls_only|model=Virchow|task=idc","Virchow","virchow","hest.virchow2paper2024.cls_only.idc.random_forest","idc","spatial_transcriptomics","pearson_r","0.529","cls_only","HEST random-forest protocol with frozen CLS-only embedding; not interchangeable with ridge/PCA HEST.","https://arxiv.org/abs/2408.00738","accepted_public_leaf","Public HEST leaf under an exact random-forest and embedding-recipe protocol."
"virchow2_arxiv","arxiv:2408.00738","1ee7317aa683b5c948f0c9b6e3fc588fd3a95c7f0a3db39d71511268db1f3fda","sections/methods.tex:Table hest_st|embedding=cls_only|model=Virchow|task=prad","Virchow","virchow","hest.virchow2paper2024.cls_only.prad.random_forest","prad","spatial_transcriptomics","pearson_r","0.364","cls_only","HEST random-forest protocol with frozen CLS-only embedding; not interchangeable with ridge/PCA HEST.","https://arxiv.org/abs/2408.00738","accepted_public_leaf","Public HEST leaf under an exact random-forest and embedding-recipe protocol."
"virchow2_arxiv","arxiv:2408.00738","1ee7317aa683b5c948f0c9b6e3fc588fd3a95c7f0a3db39d71511268db1f3fda","sections/methods.tex:Table hest_st|embedding=cls_only|model=Virchow|task=paad","Virchow","virchow","hest.virchow2paper2024.cls_only.paad.random_forest","paad","spatial_transcriptomics","pearson_r","0.431","cls_only","HEST random-forest protocol with frozen CLS-only embedding; not interchangeable with ridge/PCA HEST.","https://arxiv.org/abs/2408.00738","accepted_public_leaf","Public HEST leaf under an exact random-forest and embedding-recipe protocol."
"virchow2_arxiv","arxiv:2408.00738","1ee7317aa683b5c948f0c9b6e3fc588fd3a95c7f0a3db39d71511268db1f3fda","sections/methods.tex:Table hest_st|embedding=cls_only|model=Virchow|task=skcm","Virchow","virchow","hest.virchow2paper2024.cls_only.skcm.random_forest","skcm","spatial_transcriptomics","pearson_r","0.612","cls_only","HEST random-forest protocol with frozen CLS-only embedding; not interchangeable with ridge/PCA HEST.","https://arxiv.org/abs/2408.00738","accepted_public_leaf","Public HEST leaf under an exact random-forest and embedding-recipe protocol."
"virchow2_arxiv","arxiv:2408.00738","1ee7317aa683b5c948f0c9b6e3fc588fd3a95c7f0a3db39d71511268db1f3fda","sections/methods.tex:Table hest_st|embedding=cls_only|model=Virchow|task=coad","Virchow","virchow","hest.virchow2paper2024.cls_only.coad.random_forest","coad","spatial_transcriptomics","pearson_r","0.150","cls_only","HEST random-forest protocol with frozen CLS-only embedding; not interchangeable with ridge/PCA HEST.","https://arxiv.org/abs/2408.00738","accepted_public_leaf","Public HEST leaf under an exact random-forest and embedding-recipe protocol."
"virchow2_arxiv","arxiv:2408.00738","1ee7317aa683b5c948f0c9b6e3fc588fd3a95c7f0a3db39d71511268db1f3fda","sections/methods.tex:Table hest_st|embedding=cls_only|model=Virchow|task=read","Virchow","virchow","hest.virchow2paper2024.cls_only.read.random_forest","read","spatial_transcriptomics","pearson_r","0.120","cls_only","HEST random-forest protocol with frozen CLS-only embedding; not interchangeable with ridge/PCA HEST.","https://arxiv.org/abs/2408.00738","accepted_public_leaf","Public HEST leaf under an exact random-forest and embedding-recipe protocol."
"virchow2_arxiv","arxiv:2408.00738","1ee7317aa683b5c948f0c9b6e3fc588fd3a95c7f0a3db39d71511268db1f3fda","sections/methods.tex:Table hest_st|embedding=cls_only|model=Virchow|task=ccrcc","Virchow","virchow","hest.virchow2paper2024.cls_only.ccrcc.random_forest","ccrcc","spatial_transcriptomics","pearson_r","0.205","cls_only","HEST random-forest protocol with frozen CLS-only embedding; not interchangeable with ridge/PCA HEST.","https://arxiv.org/abs/2408.00738","accepted_public_leaf","Public HEST leaf under an exact random-forest and embedding-recipe protocol."
"virchow2_arxiv","arxiv:2408.00738","1ee7317aa683b5c948f0c9b6e3fc588fd3a95c7f0a3db39d71511268db1f3fda","sections/methods.tex:Table hest_st|embedding=cls_only|model=Virchow|task=hcc","Virchow","virchow","hest.virchow2paper2024.cls_only.hcc.random_forest","hcc","spatial_transcriptomics","pearson_r","0.065","cls_only","HEST random-forest protocol with frozen CLS-only embedding; not interchangeable with ridge/PCA HEST.","https://arxiv.org/abs/2408.00738","accepted_public_leaf","Public HEST leaf under an exact random-forest and embedding-recipe protocol."
"virchow2_arxiv","arxiv:2408.00738","1ee7317aa683b5c948f0c9b6e3fc588fd3a95c7f0a3db39d71511268db1f3fda","sections/methods.tex:Table hest_st|embedding=cls_only|model=Virchow|task=lung","Virchow","virchow","hest.virchow2paper2024.cls_only.lung.random_forest","lung","spatial_transcriptomics","pearson_r","0.584","cls_only","HEST random-forest protocol with frozen CLS-only embedding; not interchangeable with ridge/PCA HEST.","https://arxiv.org/abs/2408.00738","accepted_public_leaf","Public HEST leaf under an exact random-forest and embedding-recipe protocol."
"virchow2_arxiv","arxiv:2408.00738","1ee7317aa683b5c948f0c9b6e3fc588fd3a95c7f0a3db39d71511268db1f3fda","sections/methods.tex:Table hest_st|embedding=cls_only|model=Virchow|task=lymph_idc","Virchow","virchow","hest.virchow2paper2024.cls_only.lymph_idc.random_forest","lymph_idc","spatial_transcriptomics","pearson_r","0.274","cls_only","HEST random-forest protocol with frozen CLS-only embedding; not interchangeable with ridge/PCA HEST.","https://arxiv.org/abs/2408.00738","accepted_public_leaf","Public HEST leaf under an exact random-forest and embedding-recipe protocol."
"virchow2_arxiv","arxiv:2408.00738","1ee7317aa683b5c948f0c9b6e3fc588fd3a95c7f0a3db39d71511268db1f3fda","sections/methods.tex:Table hest_st|embedding=cls_only|model=Virchow|column=Avg","Virchow","virchow","hest.virchow2paper2024.cls_only.aggregate.mean","aggregate","aggregate","mean_pearson_r","0.334","cls_only","Reported HEST random-forest average.","https://arxiv.org/abs/2408.00738","excluded_derived_aggregate","Derived average is not an independent task."
"virchow2_arxiv","arxiv:2408.00738","1ee7317aa683b5c948f0c9b6e3fc588fd3a95c7f0a3db39d71511268db1f3fda","sections/methods.tex:Table hest_st|embedding=cls_only|model=H-optimus-0|task=idc","H-optimus-0","h-optimus-0","hest.virchow2paper2024.cls_only.idc.random_forest","idc","spatial_transcriptomics","pearson_r","0.536","cls_only","HEST random-forest protocol with frozen CLS-only embedding; not interchangeable with ridge/PCA HEST.","https://arxiv.org/abs/2408.00738","accepted_public_leaf","Public HEST leaf under an exact random-forest and embedding-recipe protocol."
"virchow2_arxiv","arxiv:2408.00738","1ee7317aa683b5c948f0c9b6e3fc588fd3a95c7f0a3db39d71511268db1f3fda","sections/methods.tex:Table hest_st|embedding=cls_only|model=H-optimus-0|task=prad","H-optimus-0","h-optimus-0","hest.virchow2paper2024.cls_only.prad.random_forest","prad","spatial_transcriptomics","pearson_r","0.378","cls_only","HEST random-forest protocol with frozen CLS-only embedding; not interchangeable with ridge/PCA HEST.","https://arxiv.org/abs/2408.00738","accepted_public_leaf","Public HEST leaf under an exact random-forest and embedding-recipe protocol."
"virchow2_arxiv","arxiv:2408.00738","1ee7317aa683b5c948f0c9b6e3fc588fd3a95c7f0a3db39d71511268db1f3fda","sections/methods.tex:Table hest_st|embedding=cls_only|model=H-optimus-0|task=paad","H-optimus-0","h-optimus-0","hest.virchow2paper2024.cls_only.paad.random_forest","paad","spatial_transcriptomics","pearson_r","0.446","cls_only","HEST random-forest protocol with frozen CLS-only embedding; not interchangeable with ridge/PCA HEST.","https://arxiv.org/abs/2408.00738","accepted_public_leaf","Public HEST leaf under an exact random-forest and embedding-recipe protocol."
"virchow2_arxiv","arxiv:2408.00738","1ee7317aa683b5c948f0c9b6e3fc588fd3a95c7f0a3db39d71511268db1f3fda","sections/methods.tex:Table hest_st|embedding=cls_only|model=H-optimus-0|task=skcm","H-optimus-0","h-optimus-0","hest.virchow2paper2024.cls_only.skcm.random_forest","skcm","spatial_transcriptomics","pearson_r","0.649","cls_only","HEST random-forest protocol with frozen CLS-only embedding; not interchangeable with ridge/PCA HEST.","https://arxiv.org/abs/2408.00738","accepted_public_leaf","Public HEST leaf under an exact random-forest and embedding-recipe protocol."
"virchow2_arxiv","arxiv:2408.00738","1ee7317aa683b5c948f0c9b6e3fc588fd3a95c7f0a3db39d71511268db1f3fda","sections/methods.tex:Table hest_st|embedding=cls_only|model=H-optimus-0|task=coad","H-optimus-0","h-optimus-0","hest.virchow2paper2024.cls_only.coad.random_forest","coad","spatial_transcriptomics","pearson_r","0.159","cls_only","HEST random-forest protocol with frozen CLS-only embedding; not interchangeable with ridge/PCA HEST.","https://arxiv.org/abs/2408.00738","accepted_public_leaf","Public HEST leaf under an exact random-forest and embedding-recipe protocol."
"virchow2_arxiv","arxiv:2408.00738","1ee7317aa683b5c948f0c9b6e3fc588fd3a95c7f0a3db39d71511268db1f3fda","sections/methods.tex:Table hest_st|embedding=cls_only|model=H-optimus-0|task=read","H-optimus-0","h-optimus-0","hest.virchow2paper2024.cls_only.read.random_forest","read","spatial_transcriptomics","pearson_r","0.160","cls_only","HEST random-forest protocol with frozen CLS-only embedding; not interchangeable with ridge/PCA HEST.","https://arxiv.org/abs/2408.00738","accepted_public_leaf","Public HEST leaf under an exact random-forest and embedding-recipe protocol."
"virchow2_arxiv","arxiv:2408.00738","1ee7317aa683b5c948f0c9b6e3fc588fd3a95c7f0a3db39d71511268db1f3fda","sections/methods.tex:Table hest_st|embedding=cls_only|model=H-optimus-0|task=ccrcc","H-optimus-0","h-optimus-0","hest.virchow2paper2024.cls_only.ccrcc.random_forest","ccrcc","spatial_transcriptomics","pearson_r","0.210","cls_only","HEST random-forest protocol with frozen CLS-only embedding; not interchangeable with ridge/PCA HEST.","https://arxiv.org/abs/2408.00738","accepted_public_leaf","Public HEST leaf under an exact random-forest and embedding-recipe protocol."
"virchow2_arxiv","arxiv:2408.00738","1ee7317aa683b5c948f0c9b6e3fc588fd3a95c7f0a3db39d71511268db1f3fda","sections/methods.tex:Table hest_st|embedding=cls_only|model=H-optimus-0|task=hcc","H-optimus-0","h-optimus-0","hest.virchow2paper2024.cls_only.hcc.random_forest","hcc","spatial_transcriptomics","pearson_r","0.068","cls_only","HEST random-forest protocol with frozen CLS-only embedding; not interchangeable with ridge/PCA HEST.","https://arxiv.org/abs/2408.00738","accepted_public_leaf","Public HEST leaf under an exact random-forest and embedding-recipe protocol."
"virchow2_arxiv","arxiv:2408.00738","1ee7317aa683b5c948f0c9b6e3fc588fd3a95c7f0a3db39d71511268db1f3fda","sections/methods.tex:Table hest_st|embedding=cls_only|model=H-optimus-0|task=lung","H-optimus-0","h-optimus-0","hest.virchow2paper2024.cls_only.lung.random_forest","lung","spatial_transcriptomics","pearson_r","0.591","cls_only","HEST random-forest protocol with frozen CLS-only embedding; not interchangeable with ridge/PCA HEST.","https://arxiv.org/abs/2408.00738","accepted_public_leaf","Public HEST leaf under an exact random-forest and embedding-recipe protocol."
"virchow2_arxiv","arxiv:2408.00738","1ee7317aa683b5c948f0c9b6e3fc588fd3a95c7f0a3db39d71511268db1f3fda","sections/methods.tex:Table hest_st|embedding=cls_only|model=H-optimus-0|task=lymph_idc","H-optimus-0","h-optimus-0","hest.virchow2paper2024.cls_only.lymph_idc.random_forest","lymph_idc","spatial_transcriptomics","pearson_r","0.271","cls_only","HEST random-forest protocol with frozen CLS-only embedding; not interchangeable with ridge/PCA HEST.","https://arxiv.org/abs/2408.00738","accepted_public_leaf","Public HEST leaf under an exact random-forest and embedding-recipe protocol."
"virchow2_arxiv","arxiv:2408.00738","1ee7317aa683b5c948f0c9b6e3fc588fd3a95c7f0a3db39d71511268db1f3fda","sections/methods.tex:Table hest_st|embedding=cls_only|model=H-optimus-0|column=Avg","H-optimus-0","h-optimus-0","hest.virchow2paper2024.cls_only.aggregate.mean","aggregate","aggregate","mean_pearson_r","0.347","cls_only","Reported HEST random-forest average.","https://arxiv.org/abs/2408.00738","excluded_derived_aggregate","Derived average is not an independent task."
"virchow2_arxiv","arxiv:2408.00738","1ee7317aa683b5c948f0c9b6e3fc588fd3a95c7f0a3db39d71511268db1f3fda","sections/methods.tex:Table hest_st|embedding=cls_only|model=UNI|task=idc","UNI","uni","hest.virchow2paper2024.cls_only.idc.random_forest","idc","spatial_transcriptomics","pearson_r","0.498","cls_only","HEST random-forest protocol with frozen CLS-only embedding; not interchangeable with ridge/PCA HEST.","https://arxiv.org/abs/2408.00738","accepted_public_leaf","Public HEST leaf under an exact random-forest and embedding-recipe protocol."
"virchow2_arxiv","arxiv:2408.00738","1ee7317aa683b5c948f0c9b6e3fc588fd3a95c7f0a3db39d71511268db1f3fda","sections/methods.tex:Table hest_st|embedding=cls_only|model=UNI|task=prad","UNI","uni","hest.virchow2paper2024.cls_only.prad.random_forest","prad","spatial_transcriptomics","pearson_r","0.371","cls_only","HEST random-forest protocol with frozen CLS-only embedding; not interchangeable with ridge/PCA HEST.","https://arxiv.org/abs/2408.00738","accepted_public_leaf","Public HEST leaf under an exact random-forest and embedding-recipe protocol."
"virchow2_arxiv","arxiv:2408.00738","1ee7317aa683b5c948f0c9b6e3fc588fd3a95c7f0a3db39d71511268db1f3fda","sections/methods.tex:Table hest_st|embedding=cls_only|model=UNI|task=paad","UNI","uni","hest.virchow2paper2024.cls_only.paad.random_forest","paad","spatial_transcriptomics","pearson_r","0.437","cls_only","HEST random-forest protocol with frozen CLS-only embedding; not interchangeable with ridge/PCA HEST.","https://arxiv.org/abs/2408.00738","accepted_public_leaf","Public HEST leaf under an exact random-forest and embedding-recipe protocol."
"virchow2_arxiv","arxiv:2408.00738","1ee7317aa683b5c948f0c9b6e3fc588fd3a95c7f0a3db39d71511268db1f3fda","sections/methods.tex:Table hest_st|embedding=cls_only|model=UNI|task=skcm","UNI","uni","hest.virchow2paper2024.cls_only.skcm.random_forest","skcm","spatial_transcriptomics","pearson_r","0.637","cls_only","HEST random-forest protocol with frozen CLS-only embedding; not interchangeable with ridge/PCA HEST.","https://arxiv.org/abs/2408.00738","accepted_public_leaf","Public HEST leaf under an exact random-forest and embedding-recipe protocol."
"virchow2_arxiv","arxiv:2408.00738","1ee7317aa683b5c948f0c9b6e3fc588fd3a95c7f0a3db39d71511268db1f3fda","sections/methods.tex:Table hest_st|embedding=cls_only|model=UNI|task=coad","UNI","uni","hest.virchow2paper2024.cls_only.coad.random_forest","coad","spatial_transcriptomics","pearson_r","0.142","cls_only","HEST random-forest protocol with frozen CLS-only embedding; not interchangeable with ridge/PCA HEST.","https://arxiv.org/abs/2408.00738","accepted_public_leaf","Public HEST leaf under an exact random-forest and embedding-recipe protocol."
"virchow2_arxiv","arxiv:2408.00738","1ee7317aa683b5c948f0c9b6e3fc588fd3a95c7f0a3db39d71511268db1f3fda","sections/methods.tex:Table hest_st|embedding=cls_only|model=UNI|task=read","UNI","uni","hest.virchow2paper2024.cls_only.read.random_forest","read","spatial_transcriptomics","pearson_r","0.160","cls_only","HEST random-forest protocol with frozen CLS-only embedding; not interchangeable with ridge/PCA HEST.","https://arxiv.org/abs/2408.00738","accepted_public_leaf","Public HEST leaf under an exact random-forest and embedding-recipe protocol."
"virchow2_arxiv","arxiv:2408.00738","1ee7317aa683b5c948f0c9b6e3fc588fd3a95c7f0a3db39d71511268db1f3fda","sections/methods.tex:Table hest_st|embedding=cls_only|model=UNI|task=ccrcc","UNI","uni","hest.virchow2paper2024.cls_only.ccrcc.random_forest","ccrcc","spatial_transcriptomics","pearson_r","0.178","cls_only","HEST random-forest protocol with frozen CLS-only embedding; not interchangeable with ridge/PCA HEST.","https://arxiv.org/abs/2408.00738","accepted_public_leaf","Public HEST leaf under an exact random-forest and embedding-recipe protocol."
"virchow2_arxiv","arxiv:2408.00738","1ee7317aa683b5c948f0c9b6e3fc588fd3a95c7f0a3db39d71511268db1f3fda","sections/methods.tex:Table hest_st|embedding=cls_only|model=UNI|task=hcc","UNI","uni","hest.virchow2paper2024.cls_only.hcc.random_forest","hcc","spatial_transcriptomics","pearson_r","0.052","cls_only","HEST random-forest protocol with frozen CLS-only embedding; not interchangeable with ridge/PCA HEST.","https://arxiv.org/abs/2408.00738","accepted_public_leaf","Public HEST leaf under an exact random-forest and embedding-recipe protocol."
"virchow2_arxiv","arxiv:2408.00738","1ee7317aa683b5c948f0c9b6e3fc588fd3a95c7f0a3db39d71511268db1f3fda","sections/methods.tex:Table hest_st|embedding=cls_only|model=UNI|task=lung","UNI","uni","hest.virchow2paper2024.cls_only.lung.random_forest","lung","spatial_transcriptomics","pearson_r","0.565","cls_only","HEST random-forest protocol with frozen CLS-only embedding; not interchangeable with ridge/PCA HEST.","https://arxiv.org/abs/2408.00738","accepted_public_leaf","Public HEST leaf under an exact random-forest and embedding-recipe protocol."
"virchow2_arxiv","arxiv:2408.00738","1ee7317aa683b5c948f0c9b6e3fc588fd3a95c7f0a3db39d71511268db1f3fda","sections/methods.tex:Table hest_st|embedding=cls_only|model=UNI|task=lymph_idc","UNI","uni","hest.virchow2paper2024.cls_only.lymph_idc.random_forest","lymph_idc","spatial_transcriptomics","pearson_r","0.261","cls_only","HEST random-forest protocol with frozen CLS-only embedding; not interchangeable with ridge/PCA HEST.","https://arxiv.org/abs/2408.00738","accepted_public_leaf","Public HEST leaf under an exact random-forest and embedding-recipe protocol."
"virchow2_arxiv","arxiv:2408.00738","1ee7317aa683b5c948f0c9b6e3fc588fd3a95c7f0a3db39d71511268db1f3fda","sections/methods.tex:Table hest_st|embedding=cls_only|model=UNI|column=Avg","UNI","uni","hest.virchow2paper2024.cls_only.aggregate.mean","aggregate","aggregate","mean_pearson_r","0.330","cls_only","Reported HEST random-forest average.","https://arxiv.org/abs/2408.00738","excluded_derived_aggregate","Derived average is not an independent task."
