source_id,source_revision,source_sha256,source_locator,model_alias,model_id,evaluation_id,dataset_id,task_family,metric,value,uncertainty,embedding_recipe,protocol,reference_url,disposition,disposition_reason
uni_arxiv,arxiv:2308.15474,26da25ced22b205570f480c3a562af31ed74bdaf679455f30cbcaa5dfdad4e60,tables/tables_patch_retrieval.tex:11|tab:aggc-retrieval|setting=default setting|metric=retrieval_accuracy_at_1,UNI,uni,unipaper2023.aggc_retrieval.default.retrieval_accuracy_at_1,aggc,prad_tissue_5class,retrieval_accuracy_at_1,0.663,"0.662, 0.665",frozen_uni_features,image_retrieval on aggc; paper table tab:aggc-retrieval; row setting: default setting.,https://arxiv.org/abs/2308.15474,accepted_public_leaf,Public dataset leaf under the exact frozen-feature protocol reported by the paper.
uni_arxiv,arxiv:2308.15474,26da25ced22b205570f480c3a562af31ed74bdaf679455f30cbcaa5dfdad4e60,tables/tables_patch_retrieval.tex:11|tab:aggc-retrieval|setting=default setting|metric=retrieval_accuracy_at_3,UNI,uni,unipaper2023.aggc_retrieval.default.retrieval_accuracy_at_3,aggc,prad_tissue_5class,retrieval_accuracy_at_3,0.828,"0.827, 0.829",frozen_uni_features,image_retrieval on aggc; paper table tab:aggc-retrieval; row setting: default setting.,https://arxiv.org/abs/2308.15474,accepted_public_leaf,Public dataset leaf under the exact frozen-feature protocol reported by the paper.
uni_arxiv,arxiv:2308.15474,26da25ced22b205570f480c3a562af31ed74bdaf679455f30cbcaa5dfdad4e60,tables/tables_patch_retrieval.tex:11|tab:aggc-retrieval|setting=default setting|metric=retrieval_accuracy_at_5,UNI,uni,unipaper2023.aggc_retrieval.default.retrieval_accuracy_at_5,aggc,prad_tissue_5class,retrieval_accuracy_at_5,0.875,"0.873, 0.876",frozen_uni_features,image_retrieval on aggc; paper table tab:aggc-retrieval; row setting: default setting.,https://arxiv.org/abs/2308.15474,accepted_public_leaf,Public dataset leaf under the exact frozen-feature protocol reported by the paper.
uni_arxiv,arxiv:2308.15474,26da25ced22b205570f480c3a562af31ed74bdaf679455f30cbcaa5dfdad4e60,tables/tables_patch_retrieval.tex:11|tab:aggc-retrieval|setting=default setting|metric=retrieval_majority_vote_accuracy_at_5,UNI,uni,unipaper2023.aggc_retrieval.default.retrieval_majority_vote_accuracy_at_5,aggc,prad_tissue_5class,retrieval_majority_vote_accuracy_at_5,0.712,"0.710, 0.713",frozen_uni_features,image_retrieval on aggc; paper table tab:aggc-retrieval; row setting: default setting.,https://arxiv.org/abs/2308.15474,accepted_public_leaf,Public dataset leaf under the exact frozen-feature protocol reported by the paper.
uni_arxiv,arxiv:2308.15474,26da25ced22b205570f480c3a562af31ed74bdaf679455f30cbcaa5dfdad4e60,tables/tables_patch_retrieval.tex:27|tab:crc-retrieval|setting=default setting|metric=retrieval_accuracy_at_1,UNI,uni,unipaper2023.crc_retrieval.default.retrieval_accuracy_at_1,crc100k,crc_tissue_9class,retrieval_accuracy_at_1,0.913,"0.907, 0.919",frozen_uni_features,image_retrieval on crc100k; paper table tab:crc-retrieval; row setting: default setting.,https://arxiv.org/abs/2308.15474,accepted_public_leaf,Public dataset leaf under the exact frozen-feature protocol reported by the paper.
uni_arxiv,arxiv:2308.15474,26da25ced22b205570f480c3a562af31ed74bdaf679455f30cbcaa5dfdad4e60,tables/tables_patch_retrieval.tex:27|tab:crc-retrieval|setting=default setting|metric=retrieval_accuracy_at_3,UNI,uni,unipaper2023.crc_retrieval.default.retrieval_accuracy_at_3,crc100k,crc_tissue_9class,retrieval_accuracy_at_3,0.953,"0.948, 0.958",frozen_uni_features,image_retrieval on crc100k; paper table tab:crc-retrieval; row setting: default setting.,https://arxiv.org/abs/2308.15474,accepted_public_leaf,Public dataset leaf under the exact frozen-feature protocol reported by the paper.
uni_arxiv,arxiv:2308.15474,26da25ced22b205570f480c3a562af31ed74bdaf679455f30cbcaa5dfdad4e60,tables/tables_patch_retrieval.tex:27|tab:crc-retrieval|setting=default setting|metric=retrieval_accuracy_at_5,UNI,uni,unipaper2023.crc_retrieval.default.retrieval_accuracy_at_5,crc100k,crc_tissue_9class,retrieval_accuracy_at_5,0.964,"0.960, 0.969",frozen_uni_features,image_retrieval on crc100k; paper table tab:crc-retrieval; row setting: default setting.,https://arxiv.org/abs/2308.15474,accepted_public_leaf,Public dataset leaf under the exact frozen-feature protocol reported by the paper.
uni_arxiv,arxiv:2308.15474,26da25ced22b205570f480c3a562af31ed74bdaf679455f30cbcaa5dfdad4e60,tables/tables_patch_retrieval.tex:27|tab:crc-retrieval|setting=default setting|metric=retrieval_majority_vote_accuracy_at_5,UNI,uni,unipaper2023.crc_retrieval.default.retrieval_majority_vote_accuracy_at_5,crc100k,crc_tissue_9class,retrieval_majority_vote_accuracy_at_5,0.931,"0.926, 0.937",frozen_uni_features,image_retrieval on crc100k; paper table tab:crc-retrieval; row setting: default setting.,https://arxiv.org/abs/2308.15474,accepted_public_leaf,Public dataset leaf under the exact frozen-feature protocol reported by the paper.
uni_arxiv,arxiv:2308.15474,26da25ced22b205570f480c3a562af31ed74bdaf679455f30cbcaa5dfdad4e60,tables/tables_patch_retrieval.tex:43|tab:esca-retrieval|setting=default setting|metric=retrieval_accuracy_at_1,UNI,uni,unipaper2023.esca_retrieval.default.retrieval_accuracy_at_1,ukk_wns_tcga_cha_esca,esca_subtyping_11class,retrieval_accuracy_at_1,0.911,"0.910, 0.912",frozen_uni_features,image_retrieval on ukk_wns_tcga_cha_esca; paper table tab:esca-retrieval; row setting: default setting.,https://arxiv.org/abs/2308.15474,accepted_public_leaf,Public dataset leaf under the exact frozen-feature protocol reported by the paper.
uni_arxiv,arxiv:2308.15474,26da25ced22b205570f480c3a562af31ed74bdaf679455f30cbcaa5dfdad4e60,tables/tables_patch_retrieval.tex:43|tab:esca-retrieval|setting=default setting|metric=retrieval_accuracy_at_3,UNI,uni,unipaper2023.esca_retrieval.default.retrieval_accuracy_at_3,ukk_wns_tcga_cha_esca,esca_subtyping_11class,retrieval_accuracy_at_3,0.960,"0.959, 0.961",frozen_uni_features,image_retrieval on ukk_wns_tcga_cha_esca; paper table tab:esca-retrieval; row setting: default setting.,https://arxiv.org/abs/2308.15474,accepted_public_leaf,Public dataset leaf under the exact frozen-feature protocol reported by the paper.
uni_arxiv,arxiv:2308.15474,26da25ced22b205570f480c3a562af31ed74bdaf679455f30cbcaa5dfdad4e60,tables/tables_patch_retrieval.tex:43|tab:esca-retrieval|setting=default setting|metric=retrieval_accuracy_at_5,UNI,uni,unipaper2023.esca_retrieval.default.retrieval_accuracy_at_5,ukk_wns_tcga_cha_esca,esca_subtyping_11class,retrieval_accuracy_at_5,0.971,"0.971, 0.972",frozen_uni_features,image_retrieval on ukk_wns_tcga_cha_esca; paper table tab:esca-retrieval; row setting: default setting.,https://arxiv.org/abs/2308.15474,accepted_public_leaf,Public dataset leaf under the exact frozen-feature protocol reported by the paper.
uni_arxiv,arxiv:2308.15474,26da25ced22b205570f480c3a562af31ed74bdaf679455f30cbcaa5dfdad4e60,tables/tables_patch_retrieval.tex:43|tab:esca-retrieval|setting=default setting|metric=retrieval_majority_vote_accuracy_at_5,UNI,uni,unipaper2023.esca_retrieval.default.retrieval_majority_vote_accuracy_at_5,ukk_wns_tcga_cha_esca,esca_subtyping_11class,retrieval_majority_vote_accuracy_at_5,0.929,"0.928, 0.930",frozen_uni_features,image_retrieval on ukk_wns_tcga_cha_esca; paper table tab:esca-retrieval; row setting: default setting.,https://arxiv.org/abs/2308.15474,accepted_public_leaf,Public dataset leaf under the exact frozen-feature protocol reported by the paper.
uni_arxiv,arxiv:2308.15474,26da25ced22b205570f480c3a562af31ed74bdaf679455f30cbcaa5dfdad4e60,tables/tables_patch_retrieval.tex:61|tab:huncrc-retrieval|setting=default setting|metric=retrieval_accuracy_at_1,UNI,uni,unipaper2023.huncrc_retrieval.default.retrieval_accuracy_at_1,huncrc,crc_tissue_9class,retrieval_accuracy_at_1,0.793,"0.788, 0.798",frozen_uni_features,image_retrieval on huncrc; paper table tab:huncrc-retrieval; row setting: default setting.,https://arxiv.org/abs/2308.15474,accepted_public_leaf,Public dataset leaf under the exact frozen-feature protocol reported by the paper.
uni_arxiv,arxiv:2308.15474,26da25ced22b205570f480c3a562af31ed74bdaf679455f30cbcaa5dfdad4e60,tables/tables_patch_retrieval.tex:61|tab:huncrc-retrieval|setting=default setting|metric=retrieval_accuracy_at_3,UNI,uni,unipaper2023.huncrc_retrieval.default.retrieval_accuracy_at_3,huncrc,crc_tissue_9class,retrieval_accuracy_at_3,0.901,"0.897, 0.905",frozen_uni_features,image_retrieval on huncrc; paper table tab:huncrc-retrieval; row setting: default setting.,https://arxiv.org/abs/2308.15474,accepted_public_leaf,Public dataset leaf under the exact frozen-feature protocol reported by the paper.
uni_arxiv,arxiv:2308.15474,26da25ced22b205570f480c3a562af31ed74bdaf679455f30cbcaa5dfdad4e60,tables/tables_patch_retrieval.tex:61|tab:huncrc-retrieval|setting=default setting|metric=retrieval_accuracy_at_5,UNI,uni,unipaper2023.huncrc_retrieval.default.retrieval_accuracy_at_5,huncrc,crc_tissue_9class,retrieval_accuracy_at_5,0.928,"0.925, 0.931",frozen_uni_features,image_retrieval on huncrc; paper table tab:huncrc-retrieval; row setting: default setting.,https://arxiv.org/abs/2308.15474,accepted_public_leaf,Public dataset leaf under the exact frozen-feature protocol reported by the paper.
uni_arxiv,arxiv:2308.15474,26da25ced22b205570f480c3a562af31ed74bdaf679455f30cbcaa5dfdad4e60,tables/tables_patch_retrieval.tex:61|tab:huncrc-retrieval|setting=default setting|metric=retrieval_majority_vote_accuracy_at_5,UNI,uni,unipaper2023.huncrc_retrieval.default.retrieval_majority_vote_accuracy_at_5,huncrc,crc_tissue_9class,retrieval_majority_vote_accuracy_at_5,0.830,"0.825, 0.835",frozen_uni_features,image_retrieval on huncrc; paper table tab:huncrc-retrieval; row setting: default setting.,https://arxiv.org/abs/2308.15474,accepted_public_leaf,Public dataset leaf under the exact frozen-feature protocol reported by the paper.
uni_arxiv,arxiv:2308.15474,26da25ced22b205570f480c3a562af31ed74bdaf679455f30cbcaa5dfdad4e60,tables/tables_patch_retrieval.tex:79|tab:tcga-uniform-retrieval|setting=\xmark|metric=retrieval_accuracy_at_1,UNI,uni,unipaper2023.tcga_uniform_retrieval.without.retrieval_accuracy_at_1,tcga_uniform,pan_cancer_tissue_32class,retrieval_accuracy_at_1,0.666,"0.663, 0.671",frozen_uni_features,image_retrieval on tcga_uniform; paper table tab:tcga-uniform-retrieval; row setting: \xmark.,https://arxiv.org/abs/2308.15474,accepted_public_leaf,Public dataset leaf under the exact frozen-feature protocol reported by the paper.
uni_arxiv,arxiv:2308.15474,26da25ced22b205570f480c3a562af31ed74bdaf679455f30cbcaa5dfdad4e60,tables/tables_patch_retrieval.tex:79|tab:tcga-uniform-retrieval|setting=\xmark|metric=retrieval_accuracy_at_3,UNI,uni,unipaper2023.tcga_uniform_retrieval.without.retrieval_accuracy_at_3,tcga_uniform,pan_cancer_tissue_32class,retrieval_accuracy_at_3,0.780,"0.777, 0.784",frozen_uni_features,image_retrieval on tcga_uniform; paper table tab:tcga-uniform-retrieval; row setting: \xmark.,https://arxiv.org/abs/2308.15474,accepted_public_leaf,Public dataset leaf under the exact frozen-feature protocol reported by the paper.
uni_arxiv,arxiv:2308.15474,26da25ced22b205570f480c3a562af31ed74bdaf679455f30cbcaa5dfdad4e60,tables/tables_patch_retrieval.tex:79|tab:tcga-uniform-retrieval|setting=\xmark|metric=retrieval_accuracy_at_5,UNI,uni,unipaper2023.tcga_uniform_retrieval.without.retrieval_accuracy_at_5,tcga_uniform,pan_cancer_tissue_32class,retrieval_accuracy_at_5,0.825,"0.822, 0.828",frozen_uni_features,image_retrieval on tcga_uniform; paper table tab:tcga-uniform-retrieval; row setting: \xmark.,https://arxiv.org/abs/2308.15474,accepted_public_leaf,Public dataset leaf under the exact frozen-feature protocol reported by the paper.
uni_arxiv,arxiv:2308.15474,26da25ced22b205570f480c3a562af31ed74bdaf679455f30cbcaa5dfdad4e60,tables/tables_patch_retrieval.tex:79|tab:tcga-uniform-retrieval|setting=\xmark|metric=retrieval_majority_vote_accuracy_at_5,UNI,uni,unipaper2023.tcga_uniform_retrieval.without.retrieval_majority_vote_accuracy_at_5,tcga_uniform,pan_cancer_tissue_32class,retrieval_majority_vote_accuracy_at_5,0.712,"0.708, 0.716",frozen_uni_features,image_retrieval on tcga_uniform; paper table tab:tcga-uniform-retrieval; row setting: \xmark.,https://arxiv.org/abs/2308.15474,accepted_public_leaf,Public dataset leaf under the exact frozen-feature protocol reported by the paper.
uni_arxiv,arxiv:2308.15474,26da25ced22b205570f480c3a562af31ed74bdaf679455f30cbcaa5dfdad4e60,tables/tables_patch_retrieval.tex:84|tab:tcga-uniform-retrieval|setting=\checkmark|metric=retrieval_accuracy_at_1,UNI,uni,unipaper2023.tcga_uniform_retrieval.with.retrieval_accuracy_at_1,tcga_uniform,pan_cancer_tissue_32class,retrieval_accuracy_at_1,0.613,"0.609, 0.617",frozen_uni_features,image_retrieval on tcga_uniform; paper table tab:tcga-uniform-retrieval; row setting: \checkmark.,https://arxiv.org/abs/2308.15474,accepted_public_leaf,Public dataset leaf under the exact frozen-feature protocol reported by the paper.
uni_arxiv,arxiv:2308.15474,26da25ced22b205570f480c3a562af31ed74bdaf679455f30cbcaa5dfdad4e60,tables/tables_patch_retrieval.tex:84|tab:tcga-uniform-retrieval|setting=\checkmark|metric=retrieval_accuracy_at_3,UNI,uni,unipaper2023.tcga_uniform_retrieval.with.retrieval_accuracy_at_3,tcga_uniform,pan_cancer_tissue_32class,retrieval_accuracy_at_3,0.748,"0.745, 0.752",frozen_uni_features,image_retrieval on tcga_uniform; paper table tab:tcga-uniform-retrieval; row setting: \checkmark.,https://arxiv.org/abs/2308.15474,accepted_public_leaf,Public dataset leaf under the exact frozen-feature protocol reported by the paper.
uni_arxiv,arxiv:2308.15474,26da25ced22b205570f480c3a562af31ed74bdaf679455f30cbcaa5dfdad4e60,tables/tables_patch_retrieval.tex:84|tab:tcga-uniform-retrieval|setting=\checkmark|metric=retrieval_accuracy_at_5,UNI,uni,unipaper2023.tcga_uniform_retrieval.with.retrieval_accuracy_at_5,tcga_uniform,pan_cancer_tissue_32class,retrieval_accuracy_at_5,0.803,"0.800, 0.806",frozen_uni_features,image_retrieval on tcga_uniform; paper table tab:tcga-uniform-retrieval; row setting: \checkmark.,https://arxiv.org/abs/2308.15474,accepted_public_leaf,Public dataset leaf under the exact frozen-feature protocol reported by the paper.
uni_arxiv,arxiv:2308.15474,26da25ced22b205570f480c3a562af31ed74bdaf679455f30cbcaa5dfdad4e60,tables/tables_patch_retrieval.tex:84|tab:tcga-uniform-retrieval|setting=\checkmark|metric=retrieval_majority_vote_accuracy_at_5,UNI,uni,unipaper2023.tcga_uniform_retrieval.with.retrieval_majority_vote_accuracy_at_5,tcga_uniform,pan_cancer_tissue_32class,retrieval_majority_vote_accuracy_at_5,0.672,"0.668, 0.676",frozen_uni_features,image_retrieval on tcga_uniform; paper table tab:tcga-uniform-retrieval; row setting: \checkmark.,https://arxiv.org/abs/2308.15474,accepted_public_leaf,Public dataset leaf under the exact frozen-feature protocol reported by the paper.
uni_arxiv,arxiv:2308.15474,26da25ced22b205570f480c3a562af31ed74bdaf679455f30cbcaa5dfdad4e60,tables/tables_patch_retrieval.tex:101|tab:unitopatho-retrieval|setting=default setting|metric=retrieval_accuracy_at_1,UNI,uni,unipaper2023.unitopatho_retrieval.default.retrieval_accuracy_at_1,unitopatho,crc_polyp_6class,retrieval_accuracy_at_1,0.504,"0.483, 0.524",frozen_uni_features,image_retrieval on unitopatho; paper table tab:unitopatho-retrieval; row setting: default setting.,https://arxiv.org/abs/2308.15474,accepted_public_leaf,Public dataset leaf under the exact frozen-feature protocol reported by the paper.
uni_arxiv,arxiv:2308.15474,26da25ced22b205570f480c3a562af31ed74bdaf679455f30cbcaa5dfdad4e60,tables/tables_patch_retrieval.tex:101|tab:unitopatho-retrieval|setting=default setting|metric=retrieval_accuracy_at_3,UNI,uni,unipaper2023.unitopatho_retrieval.default.retrieval_accuracy_at_3,unitopatho,crc_polyp_6class,retrieval_accuracy_at_3,0.671,"0.652, 0.689",frozen_uni_features,image_retrieval on unitopatho; paper table tab:unitopatho-retrieval; row setting: default setting.,https://arxiv.org/abs/2308.15474,accepted_public_leaf,Public dataset leaf under the exact frozen-feature protocol reported by the paper.
uni_arxiv,arxiv:2308.15474,26da25ced22b205570f480c3a562af31ed74bdaf679455f30cbcaa5dfdad4e60,tables/tables_patch_retrieval.tex:101|tab:unitopatho-retrieval|setting=default setting|metric=retrieval_accuracy_at_5,UNI,uni,unipaper2023.unitopatho_retrieval.default.retrieval_accuracy_at_5,unitopatho,crc_polyp_6class,retrieval_accuracy_at_5,0.736,"0.718, 0.753",frozen_uni_features,image_retrieval on unitopatho; paper table tab:unitopatho-retrieval; row setting: default setting.,https://arxiv.org/abs/2308.15474,accepted_public_leaf,Public dataset leaf under the exact frozen-feature protocol reported by the paper.
uni_arxiv,arxiv:2308.15474,26da25ced22b205570f480c3a562af31ed74bdaf679455f30cbcaa5dfdad4e60,tables/tables_patch_retrieval.tex:101|tab:unitopatho-retrieval|setting=default setting|metric=retrieval_majority_vote_accuracy_at_5,UNI,uni,unipaper2023.unitopatho_retrieval.default.retrieval_majority_vote_accuracy_at_5,unitopatho,crc_polyp_6class,retrieval_majority_vote_accuracy_at_5,0.556,"0.536, 0.575",frozen_uni_features,image_retrieval on unitopatho; paper table tab:unitopatho-retrieval; row setting: default setting.,https://arxiv.org/abs/2308.15474,accepted_public_leaf,Public dataset leaf under the exact frozen-feature protocol reported by the paper.
uni_arxiv,arxiv:2308.15474,26da25ced22b205570f480c3a562af31ed74bdaf679455f30cbcaa5dfdad4e60,tables/tables_patch_seg.tex:10|tab:patch-level-seg|setting=Endothelium|metric=dice,UNI,uni,unipaper2023.patch_level_seg.endothelium.dice,segpath,cell_type_segmentation,dice,0.696,0.686-0.703,finetuned_uni_encoder,mask2former_finetune on segpath; paper table tab:patch-level-seg; row setting: Endothelium.,https://arxiv.org/abs/2308.15474,quarantined_finetuned,Paper explicitly fine-tunes every pretrained encoder with Mask2Former; retained outside the frozen-feature compression matrix.
uni_arxiv,arxiv:2308.15474,26da25ced22b205570f480c3a562af31ed74bdaf679455f30cbcaa5dfdad4e60,tables/tables_patch_seg.tex:10|tab:patch-level-seg|setting=Endothelium|metric=precision,UNI,uni,unipaper2023.patch_level_seg.endothelium.precision,segpath,cell_type_segmentation,precision,0.718,0.707-0.726,finetuned_uni_encoder,mask2former_finetune on segpath; paper table tab:patch-level-seg; row setting: Endothelium.,https://arxiv.org/abs/2308.15474,quarantined_finetuned,Paper explicitly fine-tunes every pretrained encoder with Mask2Former; retained outside the frozen-feature compression matrix.
uni_arxiv,arxiv:2308.15474,26da25ced22b205570f480c3a562af31ed74bdaf679455f30cbcaa5dfdad4e60,tables/tables_patch_seg.tex:10|tab:patch-level-seg|setting=Endothelium|metric=recall,UNI,uni,unipaper2023.patch_level_seg.endothelium.recall,segpath,cell_type_segmentation,recall,0.709,0.700-0.716,finetuned_uni_encoder,mask2former_finetune on segpath; paper table tab:patch-level-seg; row setting: Endothelium.,https://arxiv.org/abs/2308.15474,quarantined_finetuned,Paper explicitly fine-tunes every pretrained encoder with Mask2Former; retained outside the frozen-feature compression matrix.
uni_arxiv,arxiv:2308.15474,26da25ced22b205570f480c3a562af31ed74bdaf679455f30cbcaa5dfdad4e60,tables/tables_patch_seg.tex:15|tab:patch-level-seg|setting=Epithelium|metric=dice,UNI,uni,unipaper2023.patch_level_seg.epithelium.dice,segpath,cell_type_segmentation,dice,0.827,0.823-0.830,finetuned_uni_encoder,mask2former_finetune on segpath; paper table tab:patch-level-seg; row setting: Epithelium.,https://arxiv.org/abs/2308.15474,quarantined_finetuned,Paper explicitly fine-tunes every pretrained encoder with Mask2Former; retained outside the frozen-feature compression matrix.
uni_arxiv,arxiv:2308.15474,26da25ced22b205570f480c3a562af31ed74bdaf679455f30cbcaa5dfdad4e60,tables/tables_patch_seg.tex:15|tab:patch-level-seg|setting=Epithelium|metric=precision,UNI,uni,unipaper2023.patch_level_seg.epithelium.precision,segpath,cell_type_segmentation,precision,0.849,0.847-0.851,finetuned_uni_encoder,mask2former_finetune on segpath; paper table tab:patch-level-seg; row setting: Epithelium.,https://arxiv.org/abs/2308.15474,quarantined_finetuned,Paper explicitly fine-tunes every pretrained encoder with Mask2Former; retained outside the frozen-feature compression matrix.
uni_arxiv,arxiv:2308.15474,26da25ced22b205570f480c3a562af31ed74bdaf679455f30cbcaa5dfdad4e60,tables/tables_patch_seg.tex:15|tab:patch-level-seg|setting=Epithelium|metric=recall,UNI,uni,unipaper2023.patch_level_seg.epithelium.recall,segpath,cell_type_segmentation,recall,0.834,0.831-0.838,finetuned_uni_encoder,mask2former_finetune on segpath; paper table tab:patch-level-seg; row setting: Epithelium.,https://arxiv.org/abs/2308.15474,quarantined_finetuned,Paper explicitly fine-tunes every pretrained encoder with Mask2Former; retained outside the frozen-feature compression matrix.
uni_arxiv,arxiv:2308.15474,26da25ced22b205570f480c3a562af31ed74bdaf679455f30cbcaa5dfdad4e60,tables/tables_patch_seg.tex:20|tab:patch-level-seg|setting=Leukocyte|metric=dice,UNI,uni,unipaper2023.patch_level_seg.leukocyte.dice,segpath,cell_type_segmentation,dice,0.706,0.705-0.709,finetuned_uni_encoder,mask2former_finetune on segpath; paper table tab:patch-level-seg; row setting: Leukocyte.,https://arxiv.org/abs/2308.15474,quarantined_finetuned,Paper explicitly fine-tunes every pretrained encoder with Mask2Former; retained outside the frozen-feature compression matrix.
uni_arxiv,arxiv:2308.15474,26da25ced22b205570f480c3a562af31ed74bdaf679455f30cbcaa5dfdad4e60,tables/tables_patch_seg.tex:20|tab:patch-level-seg|setting=Leukocyte|metric=precision,UNI,uni,unipaper2023.patch_level_seg.leukocyte.precision,segpath,cell_type_segmentation,precision,0.736,0.734-0.737,finetuned_uni_encoder,mask2former_finetune on segpath; paper table tab:patch-level-seg; row setting: Leukocyte.,https://arxiv.org/abs/2308.15474,quarantined_finetuned,Paper explicitly fine-tunes every pretrained encoder with Mask2Former; retained outside the frozen-feature compression matrix.
uni_arxiv,arxiv:2308.15474,26da25ced22b205570f480c3a562af31ed74bdaf679455f30cbcaa5dfdad4e60,tables/tables_patch_seg.tex:20|tab:patch-level-seg|setting=Leukocyte|metric=recall,UNI,uni,unipaper2023.patch_level_seg.leukocyte.recall,segpath,cell_type_segmentation,recall,0.713,0.712-0.716,finetuned_uni_encoder,mask2former_finetune on segpath; paper table tab:patch-level-seg; row setting: Leukocyte.,https://arxiv.org/abs/2308.15474,quarantined_finetuned,Paper explicitly fine-tunes every pretrained encoder with Mask2Former; retained outside the frozen-feature compression matrix.
uni_arxiv,arxiv:2308.15474,26da25ced22b205570f480c3a562af31ed74bdaf679455f30cbcaa5dfdad4e60,tables/tables_patch_seg.tex:25|tab:patch-level-seg|setting=Lymphocyte|metric=dice,UNI,uni,unipaper2023.patch_level_seg.lymphocyte.dice,segpath,cell_type_segmentation,dice,0.651,0.647-0.658,finetuned_uni_encoder,mask2former_finetune on segpath; paper table tab:patch-level-seg; row setting: Lymphocyte.,https://arxiv.org/abs/2308.15474,quarantined_finetuned,Paper explicitly fine-tunes every pretrained encoder with Mask2Former; retained outside the frozen-feature compression matrix.
uni_arxiv,arxiv:2308.15474,26da25ced22b205570f480c3a562af31ed74bdaf679455f30cbcaa5dfdad4e60,tables/tables_patch_seg.tex:25|tab:patch-level-seg|setting=Lymphocyte|metric=precision,UNI,uni,unipaper2023.patch_level_seg.lymphocyte.precision,segpath,cell_type_segmentation,precision,0.686,0.680-0.693,finetuned_uni_encoder,mask2former_finetune on segpath; paper table tab:patch-level-seg; row setting: Lymphocyte.,https://arxiv.org/abs/2308.15474,quarantined_finetuned,Paper explicitly fine-tunes every pretrained encoder with Mask2Former; retained outside the frozen-feature compression matrix.
uni_arxiv,arxiv:2308.15474,26da25ced22b205570f480c3a562af31ed74bdaf679455f30cbcaa5dfdad4e60,tables/tables_patch_seg.tex:25|tab:patch-level-seg|setting=Lymphocyte|metric=recall,UNI,uni,unipaper2023.patch_level_seg.lymphocyte.recall,segpath,cell_type_segmentation,recall,0.665,0.657-0.673,finetuned_uni_encoder,mask2former_finetune on segpath; paper table tab:patch-level-seg; row setting: Lymphocyte.,https://arxiv.org/abs/2308.15474,quarantined_finetuned,Paper explicitly fine-tunes every pretrained encoder with Mask2Former; retained outside the frozen-feature compression matrix.
uni_arxiv,arxiv:2308.15474,26da25ced22b205570f480c3a562af31ed74bdaf679455f30cbcaa5dfdad4e60,tables/tables_patch_seg.tex:30|tab:patch-level-seg|setting=Smooth Muscle|metric=dice,UNI,uni,unipaper2023.patch_level_seg.smooth_muscle.dice,segpath,cell_type_segmentation,dice,0.690,0.685-0.694,finetuned_uni_encoder,mask2former_finetune on segpath; paper table tab:patch-level-seg; row setting: Smooth Muscle.,https://arxiv.org/abs/2308.15474,quarantined_finetuned,Paper explicitly fine-tunes every pretrained encoder with Mask2Former; retained outside the frozen-feature compression matrix.
uni_arxiv,arxiv:2308.15474,26da25ced22b205570f480c3a562af31ed74bdaf679455f30cbcaa5dfdad4e60,tables/tables_patch_seg.tex:30|tab:patch-level-seg|setting=Smooth Muscle|metric=precision,UNI,uni,unipaper2023.patch_level_seg.smooth_muscle.precision,segpath,cell_type_segmentation,precision,0.736,0.731-0.740,finetuned_uni_encoder,mask2former_finetune on segpath; paper table tab:patch-level-seg; row setting: Smooth Muscle.,https://arxiv.org/abs/2308.15474,quarantined_finetuned,Paper explicitly fine-tunes every pretrained encoder with Mask2Former; retained outside the frozen-feature compression matrix.
uni_arxiv,arxiv:2308.15474,26da25ced22b205570f480c3a562af31ed74bdaf679455f30cbcaa5dfdad4e60,tables/tables_patch_seg.tex:30|tab:patch-level-seg|setting=Smooth Muscle|metric=recall,UNI,uni,unipaper2023.patch_level_seg.smooth_muscle.recall,segpath,cell_type_segmentation,recall,0.704,0.700-0.708,finetuned_uni_encoder,mask2former_finetune on segpath; paper table tab:patch-level-seg; row setting: Smooth Muscle.,https://arxiv.org/abs/2308.15474,quarantined_finetuned,Paper explicitly fine-tunes every pretrained encoder with Mask2Former; retained outside the frozen-feature compression matrix.
uni_arxiv,arxiv:2308.15474,26da25ced22b205570f480c3a562af31ed74bdaf679455f30cbcaa5dfdad4e60,tables/tables_patch_seg.tex:35|tab:patch-level-seg|setting=Myeloid Cell|metric=dice,UNI,uni,unipaper2023.patch_level_seg.myeloid_cell.dice,segpath,cell_type_segmentation,dice,0.656,0.655-0.662,finetuned_uni_encoder,mask2former_finetune on segpath; paper table tab:patch-level-seg; row setting: Myeloid Cell.,https://arxiv.org/abs/2308.15474,quarantined_finetuned,Paper explicitly fine-tunes every pretrained encoder with Mask2Former; retained outside the frozen-feature compression matrix.
uni_arxiv,arxiv:2308.15474,26da25ced22b205570f480c3a562af31ed74bdaf679455f30cbcaa5dfdad4e60,tables/tables_patch_seg.tex:35|tab:patch-level-seg|setting=Myeloid Cell|metric=precision,UNI,uni,unipaper2023.patch_level_seg.myeloid_cell.precision,segpath,cell_type_segmentation,precision,0.726,0.724-0.730,finetuned_uni_encoder,mask2former_finetune on segpath; paper table tab:patch-level-seg; row setting: Myeloid Cell.,https://arxiv.org/abs/2308.15474,quarantined_finetuned,Paper explicitly fine-tunes every pretrained encoder with Mask2Former; retained outside the frozen-feature compression matrix.
uni_arxiv,arxiv:2308.15474,26da25ced22b205570f480c3a562af31ed74bdaf679455f30cbcaa5dfdad4e60,tables/tables_patch_seg.tex:35|tab:patch-level-seg|setting=Myeloid Cell|metric=recall,UNI,uni,unipaper2023.patch_level_seg.myeloid_cell.recall,segpath,cell_type_segmentation,recall,0.637,0.634-0.643,finetuned_uni_encoder,mask2former_finetune on segpath; paper table tab:patch-level-seg; row setting: Myeloid Cell.,https://arxiv.org/abs/2308.15474,quarantined_finetuned,Paper explicitly fine-tunes every pretrained encoder with Mask2Former; retained outside the frozen-feature compression matrix.
uni_arxiv,arxiv:2308.15474,26da25ced22b205570f480c3a562af31ed74bdaf679455f30cbcaa5dfdad4e60,tables/tables_patch_seg.tex:40|tab:patch-level-seg|setting=Plasma Cell|metric=dice,UNI,uni,unipaper2023.patch_level_seg.plasma_cell.dice,segpath,cell_type_segmentation,dice,0.737,0.730-0.743,finetuned_uni_encoder,mask2former_finetune on segpath; paper table tab:patch-level-seg; row setting: Plasma Cell.,https://arxiv.org/abs/2308.15474,quarantined_finetuned,Paper explicitly fine-tunes every pretrained encoder with Mask2Former; retained outside the frozen-feature compression matrix.
uni_arxiv,arxiv:2308.15474,26da25ced22b205570f480c3a562af31ed74bdaf679455f30cbcaa5dfdad4e60,tables/tables_patch_seg.tex:40|tab:patch-level-seg|setting=Plasma Cell|metric=precision,UNI,uni,unipaper2023.patch_level_seg.plasma_cell.precision,segpath,cell_type_segmentation,precision,0.788,0.778-0.794,finetuned_uni_encoder,mask2former_finetune on segpath; paper table tab:patch-level-seg; row setting: Plasma Cell.,https://arxiv.org/abs/2308.15474,quarantined_finetuned,Paper explicitly fine-tunes every pretrained encoder with Mask2Former; retained outside the frozen-feature compression matrix.
uni_arxiv,arxiv:2308.15474,26da25ced22b205570f480c3a562af31ed74bdaf679455f30cbcaa5dfdad4e60,tables/tables_patch_seg.tex:40|tab:patch-level-seg|setting=Plasma Cell|metric=recall,UNI,uni,unipaper2023.patch_level_seg.plasma_cell.recall,segpath,cell_type_segmentation,recall,0.728,0.722-0.732,finetuned_uni_encoder,mask2former_finetune on segpath; paper table tab:patch-level-seg; row setting: Plasma Cell.,https://arxiv.org/abs/2308.15474,quarantined_finetuned,Paper explicitly fine-tunes every pretrained encoder with Mask2Former; retained outside the frozen-feature compression matrix.
uni_arxiv,arxiv:2308.15474,26da25ced22b205570f480c3a562af31ed74bdaf679455f30cbcaa5dfdad4e60,tables/tables_patch_seg.tex:45|tab:patch-level-seg|setting=RBC|metric=dice,UNI,uni,unipaper2023.patch_level_seg.rbc.dice,segpath,cell_type_segmentation,dice,0.803,0.800-0.808,finetuned_uni_encoder,mask2former_finetune on segpath; paper table tab:patch-level-seg; row setting: RBC.,https://arxiv.org/abs/2308.15474,quarantined_finetuned,Paper explicitly fine-tunes every pretrained encoder with Mask2Former; retained outside the frozen-feature compression matrix.
uni_arxiv,arxiv:2308.15474,26da25ced22b205570f480c3a562af31ed74bdaf679455f30cbcaa5dfdad4e60,tables/tables_patch_seg.tex:45|tab:patch-level-seg|setting=RBC|metric=precision,UNI,uni,unipaper2023.patch_level_seg.rbc.precision,segpath,cell_type_segmentation,precision,0.839,0.837-0.843,finetuned_uni_encoder,mask2former_finetune on segpath; paper table tab:patch-level-seg; row setting: RBC.,https://arxiv.org/abs/2308.15474,quarantined_finetuned,Paper explicitly fine-tunes every pretrained encoder with Mask2Former; retained outside the frozen-feature compression matrix.
uni_arxiv,arxiv:2308.15474,26da25ced22b205570f480c3a562af31ed74bdaf679455f30cbcaa5dfdad4e60,tables/tables_patch_seg.tex:45|tab:patch-level-seg|setting=RBC|metric=recall,UNI,uni,unipaper2023.patch_level_seg.rbc.recall,segpath,cell_type_segmentation,recall,0.810,0.804-0.817,finetuned_uni_encoder,mask2former_finetune on segpath; paper table tab:patch-level-seg; row setting: RBC.,https://arxiv.org/abs/2308.15474,quarantined_finetuned,Paper explicitly fine-tunes every pretrained encoder with Mask2Former; retained outside the frozen-feature compression matrix.
uni_arxiv,arxiv:2308.15474,26da25ced22b205570f480c3a562af31ed74bdaf679455f30cbcaa5dfdad4e60,tables/tables_patch_seg.tex:50|tab:patch-level-seg|setting=Average|metric=dice,UNI,uni,unipaper2023.patch_level_seg.average.dice,segpath,cell_type_segmentation,dice,0.721,not_reported,frozen_uni_features,mask2former_finetune on segpath; paper table tab:patch-level-seg; row setting: Average.,https://arxiv.org/abs/2308.15474,excluded_derived_aggregate,"Average over eight cell-type tasks is derived, not an independent evaluation leaf."
uni_arxiv,arxiv:2308.15474,26da25ced22b205570f480c3a562af31ed74bdaf679455f30cbcaa5dfdad4e60,tables/tables_patch_seg.tex:50|tab:patch-level-seg|setting=Average|metric=precision,UNI,uni,unipaper2023.patch_level_seg.average.precision,segpath,cell_type_segmentation,precision,0.760,not_reported,frozen_uni_features,mask2former_finetune on segpath; paper table tab:patch-level-seg; row setting: Average.,https://arxiv.org/abs/2308.15474,excluded_derived_aggregate,"Average over eight cell-type tasks is derived, not an independent evaluation leaf."
uni_arxiv,arxiv:2308.15474,26da25ced22b205570f480c3a562af31ed74bdaf679455f30cbcaa5dfdad4e60,tables/tables_patch_seg.tex:50|tab:patch-level-seg|setting=Average|metric=recall,UNI,uni,unipaper2023.patch_level_seg.average.recall,segpath,cell_type_segmentation,recall,0.725,not_reported,frozen_uni_features,mask2former_finetune on segpath; paper table tab:patch-level-seg; row setting: Average.,https://arxiv.org/abs/2308.15474,excluded_derived_aggregate,"Average over eight cell-type tasks is derived, not an independent evaluation leaf."
uni_arxiv,arxiv:2308.15474,26da25ced22b205570f480c3a562af31ed74bdaf679455f30cbcaa5dfdad4e60,tables/tables_patch_sup.tex:10|tab:patch-crc100k-lin|setting=default setting|metric=balanced_accuracy,UNI,uni,unipaper2023.patch_crc100k_lin.default.balanced_accuracy,crc100k,crc_tissue_9class,balanced_accuracy,0.874,0.866-0.881,frozen_uni_features,linear_probe on crc100k; paper table tab:patch-crc100k-lin; row setting: default setting.,https://arxiv.org/abs/2308.15474,accepted_public_leaf,Public dataset leaf under the exact frozen-feature protocol reported by the paper.
uni_arxiv,arxiv:2308.15474,26da25ced22b205570f480c3a562af31ed74bdaf679455f30cbcaa5dfdad4e60,tables/tables_patch_sup.tex:10|tab:patch-crc100k-lin|setting=default setting|metric=weighted_f1,UNI,uni,unipaper2023.patch_crc100k_lin.default.weighted_f1,crc100k,crc_tissue_9class,weighted_f1,0.875,0.868-0.882,frozen_uni_features,linear_probe on crc100k; paper table tab:patch-crc100k-lin; row setting: default setting.,https://arxiv.org/abs/2308.15474,accepted_public_leaf,Public dataset leaf under the exact frozen-feature protocol reported by the paper.
uni_arxiv,arxiv:2308.15474,26da25ced22b205570f480c3a562af31ed74bdaf679455f30cbcaa5dfdad4e60,tables/tables_patch_sup.tex:10|tab:patch-crc100k-lin|setting=default setting|metric=auroc,UNI,uni,unipaper2023.patch_crc100k_lin.default.auroc,crc100k,crc_tissue_9class,auroc,0.990,0.988-0.991,frozen_uni_features,linear_probe on crc100k; paper table tab:patch-crc100k-lin; row setting: default setting.,https://arxiv.org/abs/2308.15474,accepted_public_leaf,Public dataset leaf under the exact frozen-feature protocol reported by the paper.
uni_arxiv,arxiv:2308.15474,26da25ced22b205570f480c3a562af31ed74bdaf679455f30cbcaa5dfdad4e60,tables/tables_patch_sup.tex:26|tab:patch-crc100k-knn|setting=default setting|metric=one_nn_balanced_accuracy,UNI,uni,unipaper2023.patch_crc100k_knn.default.one_nn_balanced_accuracy,crc100k,crc_tissue_9class,one_nn_balanced_accuracy,0.899,0.892-0.905,frozen_uni_features,knn on crc100k; paper table tab:patch-crc100k-knn; row setting: default setting.,https://arxiv.org/abs/2308.15474,accepted_public_leaf,Public dataset leaf under the exact frozen-feature protocol reported by the paper.
uni_arxiv,arxiv:2308.15474,26da25ced22b205570f480c3a562af31ed74bdaf679455f30cbcaa5dfdad4e60,tables/tables_patch_sup.tex:26|tab:patch-crc100k-knn|setting=default setting|metric=one_nn_weighted_f1,UNI,uni,unipaper2023.patch_crc100k_knn.default.one_nn_weighted_f1,crc100k,crc_tissue_9class,one_nn_weighted_f1,0.912,0.906-0.919,frozen_uni_features,knn on crc100k; paper table tab:patch-crc100k-knn; row setting: default setting.,https://arxiv.org/abs/2308.15474,accepted_public_leaf,Public dataset leaf under the exact frozen-feature protocol reported by the paper.
uni_arxiv,arxiv:2308.15474,26da25ced22b205570f480c3a562af31ed74bdaf679455f30cbcaa5dfdad4e60,tables/tables_patch_sup.tex:26|tab:patch-crc100k-knn|setting=default setting|metric=twenty_nn_balanced_accuracy,UNI,uni,unipaper2023.patch_crc100k_knn.default.twenty_nn_balanced_accuracy,crc100k,crc_tissue_9class,twenty_nn_balanced_accuracy,0.924,0.917-0.931,frozen_uni_features,knn on crc100k; paper table tab:patch-crc100k-knn; row setting: default setting.,https://arxiv.org/abs/2308.15474,accepted_public_leaf,Public dataset leaf under the exact frozen-feature protocol reported by the paper.
uni_arxiv,arxiv:2308.15474,26da25ced22b205570f480c3a562af31ed74bdaf679455f30cbcaa5dfdad4e60,tables/tables_patch_sup.tex:26|tab:patch-crc100k-knn|setting=default setting|metric=twenty_nn_weighted_f1,UNI,uni,unipaper2023.patch_crc100k_knn.default.twenty_nn_weighted_f1,crc100k,crc_tissue_9class,twenty_nn_weighted_f1,0.945,0.940-0.950,frozen_uni_features,knn on crc100k; paper table tab:patch-crc100k-knn; row setting: default setting.,https://arxiv.org/abs/2308.15474,accepted_public_leaf,Public dataset leaf under the exact frozen-feature protocol reported by the paper.
uni_arxiv,arxiv:2308.15474,26da25ced22b205570f480c3a562af31ed74bdaf679455f30cbcaa5dfdad4e60,tables/tables_patch_sup.tex:42|tab:patch-ccrcc-lin|setting=default setting|metric=balanced_accuracy,UNI,uni,unipaper2023.patch_ccrcc_lin.default.balanced_accuracy,tcga_hel_ccrcc,ccrcc_tissue_3class,balanced_accuracy,0.890,0.883-0.898,frozen_uni_features,linear_probe on tcga_hel_ccrcc; paper table tab:patch-ccrcc-lin; row setting: default setting.,https://arxiv.org/abs/2308.15474,accepted_public_leaf,Public dataset leaf under the exact frozen-feature protocol reported by the paper.
uni_arxiv,arxiv:2308.15474,26da25ced22b205570f480c3a562af31ed74bdaf679455f30cbcaa5dfdad4e60,tables/tables_patch_sup.tex:42|tab:patch-ccrcc-lin|setting=default setting|metric=weighted_f1,UNI,uni,unipaper2023.patch_ccrcc_lin.default.weighted_f1,tcga_hel_ccrcc,ccrcc_tissue_3class,weighted_f1,0.880,0.871-0.888,frozen_uni_features,linear_probe on tcga_hel_ccrcc; paper table tab:patch-ccrcc-lin; row setting: default setting.,https://arxiv.org/abs/2308.15474,accepted_public_leaf,Public dataset leaf under the exact frozen-feature protocol reported by the paper.
uni_arxiv,arxiv:2308.15474,26da25ced22b205570f480c3a562af31ed74bdaf679455f30cbcaa5dfdad4e60,tables/tables_patch_sup.tex:42|tab:patch-ccrcc-lin|setting=default setting|metric=auroc,UNI,uni,unipaper2023.patch_ccrcc_lin.default.auroc,tcga_hel_ccrcc,ccrcc_tissue_3class,auroc,0.979,0.977-0.981,frozen_uni_features,linear_probe on tcga_hel_ccrcc; paper table tab:patch-ccrcc-lin; row setting: default setting.,https://arxiv.org/abs/2308.15474,accepted_public_leaf,Public dataset leaf under the exact frozen-feature protocol reported by the paper.
uni_arxiv,arxiv:2308.15474,26da25ced22b205570f480c3a562af31ed74bdaf679455f30cbcaa5dfdad4e60,tables/tables_patch_sup.tex:58|tab:patch-ccrcc-knn|setting=default setting|metric=one_nn_balanced_accuracy,UNI,uni,unipaper2023.patch_ccrcc_knn.default.one_nn_balanced_accuracy,tcga_hel_ccrcc,ccrcc_tissue_3class,one_nn_balanced_accuracy,0.801,0.790-0.810,frozen_uni_features,knn on tcga_hel_ccrcc; paper table tab:patch-ccrcc-knn; row setting: default setting.,https://arxiv.org/abs/2308.15474,accepted_public_leaf,Public dataset leaf under the exact frozen-feature protocol reported by the paper.
uni_arxiv,arxiv:2308.15474,26da25ced22b205570f480c3a562af31ed74bdaf679455f30cbcaa5dfdad4e60,tables/tables_patch_sup.tex:58|tab:patch-ccrcc-knn|setting=default setting|metric=one_nn_weighted_f1,UNI,uni,unipaper2023.patch_ccrcc_knn.default.one_nn_weighted_f1,tcga_hel_ccrcc,ccrcc_tissue_3class,one_nn_weighted_f1,0.801,0.791-0.811,frozen_uni_features,knn on tcga_hel_ccrcc; paper table tab:patch-ccrcc-knn; row setting: default setting.,https://arxiv.org/abs/2308.15474,accepted_public_leaf,Public dataset leaf under the exact frozen-feature protocol reported by the paper.
uni_arxiv,arxiv:2308.15474,26da25ced22b205570f480c3a562af31ed74bdaf679455f30cbcaa5dfdad4e60,tables/tables_patch_sup.tex:58|tab:patch-ccrcc-knn|setting=default setting|metric=twenty_nn_balanced_accuracy,UNI,uni,unipaper2023.patch_ccrcc_knn.default.twenty_nn_balanced_accuracy,tcga_hel_ccrcc,ccrcc_tissue_3class,twenty_nn_balanced_accuracy,0.866,0.857-0.875,frozen_uni_features,knn on tcga_hel_ccrcc; paper table tab:patch-ccrcc-knn; row setting: default setting.,https://arxiv.org/abs/2308.15474,accepted_public_leaf,Public dataset leaf under the exact frozen-feature protocol reported by the paper.
uni_arxiv,arxiv:2308.15474,26da25ced22b205570f480c3a562af31ed74bdaf679455f30cbcaa5dfdad4e60,tables/tables_patch_sup.tex:58|tab:patch-ccrcc-knn|setting=default setting|metric=twenty_nn_weighted_f1,UNI,uni,unipaper2023.patch_ccrcc_knn.default.twenty_nn_weighted_f1,tcga_hel_ccrcc,ccrcc_tissue_3class,twenty_nn_weighted_f1,0.860,0.851-0.868,frozen_uni_features,knn on tcga_hel_ccrcc; paper table tab:patch-ccrcc-knn; row setting: default setting.,https://arxiv.org/abs/2308.15474,accepted_public_leaf,Public dataset leaf under the exact frozen-feature protocol reported by the paper.
uni_arxiv,arxiv:2308.15474,26da25ced22b205570f480c3a562af31ed74bdaf679455f30cbcaa5dfdad4e60,tables/tables_patch_sup.tex:74|tab:patch-bach-lin|setting=224|metric=balanced_accuracy,UNI,uni,unipaper2023.patch_bach_lin.224.balanced_accuracy,bach,brca_subtyping_4class,balanced_accuracy,0.925,0.856-0.976,frozen_uni_features,linear_probe on bach; paper table tab:patch-bach-lin; row setting: 224.,https://arxiv.org/abs/2308.15474,accepted_public_leaf,Public dataset leaf under the exact frozen-feature protocol reported by the paper.
uni_arxiv,arxiv:2308.15474,26da25ced22b205570f480c3a562af31ed74bdaf679455f30cbcaa5dfdad4e60,tables/tables_patch_sup.tex:74|tab:patch-bach-lin|setting=224|metric=weighted_f1,UNI,uni,unipaper2023.patch_bach_lin.224.weighted_f1,bach,brca_subtyping_4class,weighted_f1,0.926,0.866-0.975,frozen_uni_features,linear_probe on bach; paper table tab:patch-bach-lin; row setting: 224.,https://arxiv.org/abs/2308.15474,accepted_public_leaf,Public dataset leaf under the exact frozen-feature protocol reported by the paper.
uni_arxiv,arxiv:2308.15474,26da25ced22b205570f480c3a562af31ed74bdaf679455f30cbcaa5dfdad4e60,tables/tables_patch_sup.tex:74|tab:patch-bach-lin|setting=224|metric=auroc,UNI,uni,unipaper2023.patch_bach_lin.224.auroc,bach,brca_subtyping_4class,auroc,0.994,0.983-1.000,frozen_uni_features,linear_probe on bach; paper table tab:patch-bach-lin; row setting: 224.,https://arxiv.org/abs/2308.15474,accepted_public_leaf,Public dataset leaf under the exact frozen-feature protocol reported by the paper.
uni_arxiv,arxiv:2308.15474,26da25ced22b205570f480c3a562af31ed74bdaf679455f30cbcaa5dfdad4e60,tables/tables_patch_sup.tex:79|tab:patch-bach-lin|setting=448|metric=balanced_accuracy,UNI,uni,unipaper2023.patch_bach_lin.448.balanced_accuracy,bach,brca_subtyping_4class,balanced_accuracy,0.950,0.898-0.989,frozen_uni_features,linear_probe on bach; paper table tab:patch-bach-lin; row setting: 448.,https://arxiv.org/abs/2308.15474,accepted_public_leaf,Public dataset leaf under the exact frozen-feature protocol reported by the paper.
uni_arxiv,arxiv:2308.15474,26da25ced22b205570f480c3a562af31ed74bdaf679455f30cbcaa5dfdad4e60,tables/tables_patch_sup.tex:79|tab:patch-bach-lin|setting=448|metric=weighted_f1,UNI,uni,unipaper2023.patch_bach_lin.448.weighted_f1,bach,brca_subtyping_4class,weighted_f1,0.950,0.901-0.988,frozen_uni_features,linear_probe on bach; paper table tab:patch-bach-lin; row setting: 448.,https://arxiv.org/abs/2308.15474,accepted_public_leaf,Public dataset leaf under the exact frozen-feature protocol reported by the paper.
uni_arxiv,arxiv:2308.15474,26da25ced22b205570f480c3a562af31ed74bdaf679455f30cbcaa5dfdad4e60,tables/tables_patch_sup.tex:79|tab:patch-bach-lin|setting=448|metric=auroc,UNI,uni,unipaper2023.patch_bach_lin.448.auroc,bach,brca_subtyping_4class,auroc,0.998,0.995-1.000,frozen_uni_features,linear_probe on bach; paper table tab:patch-bach-lin; row setting: 448.,https://arxiv.org/abs/2308.15474,accepted_public_leaf,Public dataset leaf under the exact frozen-feature protocol reported by the paper.
uni_arxiv,arxiv:2308.15474,26da25ced22b205570f480c3a562af31ed74bdaf679455f30cbcaa5dfdad4e60,tables/tables_patch_sup.tex:84|tab:patch-bach-lin|setting=896|metric=balanced_accuracy,UNI,uni,unipaper2023.patch_bach_lin.896.balanced_accuracy,bach,brca_subtyping_4class,balanced_accuracy,0.925,0.858-0.976,frozen_uni_features,linear_probe on bach; paper table tab:patch-bach-lin; row setting: 896.,https://arxiv.org/abs/2308.15474,accepted_public_leaf,Public dataset leaf under the exact frozen-feature protocol reported by the paper.
uni_arxiv,arxiv:2308.15474,26da25ced22b205570f480c3a562af31ed74bdaf679455f30cbcaa5dfdad4e60,tables/tables_patch_sup.tex:84|tab:patch-bach-lin|setting=896|metric=weighted_f1,UNI,uni,unipaper2023.patch_bach_lin.896.weighted_f1,bach,brca_subtyping_4class,weighted_f1,0.926,0.862-0.975,frozen_uni_features,linear_probe on bach; paper table tab:patch-bach-lin; row setting: 896.,https://arxiv.org/abs/2308.15474,accepted_public_leaf,Public dataset leaf under the exact frozen-feature protocol reported by the paper.
uni_arxiv,arxiv:2308.15474,26da25ced22b205570f480c3a562af31ed74bdaf679455f30cbcaa5dfdad4e60,tables/tables_patch_sup.tex:84|tab:patch-bach-lin|setting=896|metric=auroc,UNI,uni,unipaper2023.patch_bach_lin.896.auroc,bach,brca_subtyping_4class,auroc,0.996,0.990-1.000,frozen_uni_features,linear_probe on bach; paper table tab:patch-bach-lin; row setting: 896.,https://arxiv.org/abs/2308.15474,accepted_public_leaf,Public dataset leaf under the exact frozen-feature protocol reported by the paper.
uni_arxiv,arxiv:2308.15474,26da25ced22b205570f480c3a562af31ed74bdaf679455f30cbcaa5dfdad4e60,tables/tables_patch_sup.tex:89|tab:patch-bach-lin|setting=1344|metric=balanced_accuracy,UNI,uni,unipaper2023.patch_bach_lin.1344.balanced_accuracy,bach,brca_subtyping_4class,balanced_accuracy,0.900,0.829-0.960,frozen_uni_features,linear_probe on bach; paper table tab:patch-bach-lin; row setting: 1344.,https://arxiv.org/abs/2308.15474,accepted_public_leaf,Public dataset leaf under the exact frozen-feature protocol reported by the paper.
uni_arxiv,arxiv:2308.15474,26da25ced22b205570f480c3a562af31ed74bdaf679455f30cbcaa5dfdad4e60,tables/tables_patch_sup.tex:89|tab:patch-bach-lin|setting=1344|metric=weighted_f1,UNI,uni,unipaper2023.patch_bach_lin.1344.weighted_f1,bach,brca_subtyping_4class,weighted_f1,0.901,0.829-0.962,frozen_uni_features,linear_probe on bach; paper table tab:patch-bach-lin; row setting: 1344.,https://arxiv.org/abs/2308.15474,accepted_public_leaf,Public dataset leaf under the exact frozen-feature protocol reported by the paper.
uni_arxiv,arxiv:2308.15474,26da25ced22b205570f480c3a562af31ed74bdaf679455f30cbcaa5dfdad4e60,tables/tables_patch_sup.tex:89|tab:patch-bach-lin|setting=1344|metric=auroc,UNI,uni,unipaper2023.patch_bach_lin.1344.auroc,bach,brca_subtyping_4class,auroc,0.987,0.970-0.997,frozen_uni_features,linear_probe on bach; paper table tab:patch-bach-lin; row setting: 1344.,https://arxiv.org/abs/2308.15474,accepted_public_leaf,Public dataset leaf under the exact frozen-feature protocol reported by the paper.
uni_arxiv,arxiv:2308.15474,26da25ced22b205570f480c3a562af31ed74bdaf679455f30cbcaa5dfdad4e60,tables/tables_patch_sup.tex:105|tab:patch-bach-knn|setting=224|metric=one_nn_balanced_accuracy,UNI,uni,unipaper2023.patch_bach_knn.224.one_nn_balanced_accuracy,bach,brca_subtyping_4class,one_nn_balanced_accuracy,0.812,0.725-0.896,frozen_uni_features,knn on bach; paper table tab:patch-bach-knn; row setting: 224.,https://arxiv.org/abs/2308.15474,accepted_public_leaf,Public dataset leaf under the exact frozen-feature protocol reported by the paper.
uni_arxiv,arxiv:2308.15474,26da25ced22b205570f480c3a562af31ed74bdaf679455f30cbcaa5dfdad4e60,tables/tables_patch_sup.tex:105|tab:patch-bach-knn|setting=224|metric=one_nn_weighted_f1,UNI,uni,unipaper2023.patch_bach_knn.224.one_nn_weighted_f1,bach,brca_subtyping_4class,one_nn_weighted_f1,0.813,0.723-0.897,frozen_uni_features,knn on bach; paper table tab:patch-bach-knn; row setting: 224.,https://arxiv.org/abs/2308.15474,accepted_public_leaf,Public dataset leaf under the exact frozen-feature protocol reported by the paper.
uni_arxiv,arxiv:2308.15474,26da25ced22b205570f480c3a562af31ed74bdaf679455f30cbcaa5dfdad4e60,tables/tables_patch_sup.tex:105|tab:patch-bach-knn|setting=224|metric=twenty_nn_balanced_accuracy,UNI,uni,unipaper2023.patch_bach_knn.224.twenty_nn_balanced_accuracy,bach,brca_subtyping_4class,twenty_nn_balanced_accuracy,0.900,0.825-0.962,frozen_uni_features,knn on bach; paper table tab:patch-bach-knn; row setting: 224.,https://arxiv.org/abs/2308.15474,accepted_public_leaf,Public dataset leaf under the exact frozen-feature protocol reported by the paper.
uni_arxiv,arxiv:2308.15474,26da25ced22b205570f480c3a562af31ed74bdaf679455f30cbcaa5dfdad4e60,tables/tables_patch_sup.tex:105|tab:patch-bach-knn|setting=224|metric=twenty_nn_weighted_f1,UNI,uni,unipaper2023.patch_bach_knn.224.twenty_nn_weighted_f1,bach,brca_subtyping_4class,twenty_nn_weighted_f1,0.902,0.830-0.962,frozen_uni_features,knn on bach; paper table tab:patch-bach-knn; row setting: 224.,https://arxiv.org/abs/2308.15474,accepted_public_leaf,Public dataset leaf under the exact frozen-feature protocol reported by the paper.
uni_arxiv,arxiv:2308.15474,26da25ced22b205570f480c3a562af31ed74bdaf679455f30cbcaa5dfdad4e60,tables/tables_patch_sup.tex:110|tab:patch-bach-knn|setting=448|metric=one_nn_balanced_accuracy,UNI,uni,unipaper2023.patch_bach_knn.448.one_nn_balanced_accuracy,bach,brca_subtyping_4class,one_nn_balanced_accuracy,0.887,0.812-0.948,frozen_uni_features,knn on bach; paper table tab:patch-bach-knn; row setting: 448.,https://arxiv.org/abs/2308.15474,accepted_public_leaf,Public dataset leaf under the exact frozen-feature protocol reported by the paper.
uni_arxiv,arxiv:2308.15474,26da25ced22b205570f480c3a562af31ed74bdaf679455f30cbcaa5dfdad4e60,tables/tables_patch_sup.tex:110|tab:patch-bach-knn|setting=448|metric=one_nn_weighted_f1,UNI,uni,unipaper2023.patch_bach_knn.448.one_nn_weighted_f1,bach,brca_subtyping_4class,one_nn_weighted_f1,0.888,0.813-0.950,frozen_uni_features,knn on bach; paper table tab:patch-bach-knn; row setting: 448.,https://arxiv.org/abs/2308.15474,accepted_public_leaf,Public dataset leaf under the exact frozen-feature protocol reported by the paper.
uni_arxiv,arxiv:2308.15474,26da25ced22b205570f480c3a562af31ed74bdaf679455f30cbcaa5dfdad4e60,tables/tables_patch_sup.tex:110|tab:patch-bach-knn|setting=448|metric=twenty_nn_balanced_accuracy,UNI,uni,unipaper2023.patch_bach_knn.448.twenty_nn_balanced_accuracy,bach,brca_subtyping_4class,twenty_nn_balanced_accuracy,0.912,0.841-0.965,frozen_uni_features,knn on bach; paper table tab:patch-bach-knn; row setting: 448.,https://arxiv.org/abs/2308.15474,accepted_public_leaf,Public dataset leaf under the exact frozen-feature protocol reported by the paper.
uni_arxiv,arxiv:2308.15474,26da25ced22b205570f480c3a562af31ed74bdaf679455f30cbcaa5dfdad4e60,tables/tables_patch_sup.tex:110|tab:patch-bach-knn|setting=448|metric=twenty_nn_weighted_f1,UNI,uni,unipaper2023.patch_bach_knn.448.twenty_nn_weighted_f1,bach,brca_subtyping_4class,twenty_nn_weighted_f1,0.912,0.838-0.963,frozen_uni_features,knn on bach; paper table tab:patch-bach-knn; row setting: 448.,https://arxiv.org/abs/2308.15474,accepted_public_leaf,Public dataset leaf under the exact frozen-feature protocol reported by the paper.
uni_arxiv,arxiv:2308.15474,26da25ced22b205570f480c3a562af31ed74bdaf679455f30cbcaa5dfdad4e60,tables/tables_patch_sup.tex:115|tab:patch-bach-knn|setting=896|metric=one_nn_balanced_accuracy,UNI,uni,unipaper2023.patch_bach_knn.896.one_nn_balanced_accuracy,bach,brca_subtyping_4class,one_nn_balanced_accuracy,0.850,0.768-0.925,frozen_uni_features,knn on bach; paper table tab:patch-bach-knn; row setting: 896.,https://arxiv.org/abs/2308.15474,accepted_public_leaf,Public dataset leaf under the exact frozen-feature protocol reported by the paper.
uni_arxiv,arxiv:2308.15474,26da25ced22b205570f480c3a562af31ed74bdaf679455f30cbcaa5dfdad4e60,tables/tables_patch_sup.tex:115|tab:patch-bach-knn|setting=896|metric=one_nn_weighted_f1,UNI,uni,unipaper2023.patch_bach_knn.896.one_nn_weighted_f1,bach,brca_subtyping_4class,one_nn_weighted_f1,0.849,0.766-0.925,frozen_uni_features,knn on bach; paper table tab:patch-bach-knn; row setting: 896.,https://arxiv.org/abs/2308.15474,accepted_public_leaf,Public dataset leaf under the exact frozen-feature protocol reported by the paper.
uni_arxiv,arxiv:2308.15474,26da25ced22b205570f480c3a562af31ed74bdaf679455f30cbcaa5dfdad4e60,tables/tables_patch_sup.tex:115|tab:patch-bach-knn|setting=896|metric=twenty_nn_balanced_accuracy,UNI,uni,unipaper2023.patch_bach_knn.896.twenty_nn_balanced_accuracy,bach,brca_subtyping_4class,twenty_nn_balanced_accuracy,0.887,0.813-0.950,frozen_uni_features,knn on bach; paper table tab:patch-bach-knn; row setting: 896.,https://arxiv.org/abs/2308.15474,accepted_public_leaf,Public dataset leaf under the exact frozen-feature protocol reported by the paper.
uni_arxiv,arxiv:2308.15474,26da25ced22b205570f480c3a562af31ed74bdaf679455f30cbcaa5dfdad4e60,tables/tables_patch_sup.tex:115|tab:patch-bach-knn|setting=896|metric=twenty_nn_weighted_f1,UNI,uni,unipaper2023.patch_bach_knn.896.twenty_nn_weighted_f1,bach,brca_subtyping_4class,twenty_nn_weighted_f1,0.885,0.806-0.950,frozen_uni_features,knn on bach; paper table tab:patch-bach-knn; row setting: 896.,https://arxiv.org/abs/2308.15474,accepted_public_leaf,Public dataset leaf under the exact frozen-feature protocol reported by the paper.
uni_arxiv,arxiv:2308.15474,26da25ced22b205570f480c3a562af31ed74bdaf679455f30cbcaa5dfdad4e60,tables/tables_patch_sup.tex:120|tab:patch-bach-knn|setting=1344|metric=one_nn_balanced_accuracy,UNI,uni,unipaper2023.patch_bach_knn.1344.one_nn_balanced_accuracy,bach,brca_subtyping_4class,one_nn_balanced_accuracy,0.812,0.722-0.892,frozen_uni_features,knn on bach; paper table tab:patch-bach-knn; row setting: 1344.,https://arxiv.org/abs/2308.15474,accepted_public_leaf,Public dataset leaf under the exact frozen-feature protocol reported by the paper.
uni_arxiv,arxiv:2308.15474,26da25ced22b205570f480c3a562af31ed74bdaf679455f30cbcaa5dfdad4e60,tables/tables_patch_sup.tex:120|tab:patch-bach-knn|setting=1344|metric=one_nn_weighted_f1,UNI,uni,unipaper2023.patch_bach_knn.1344.one_nn_weighted_f1,bach,brca_subtyping_4class,one_nn_weighted_f1,0.808,0.710-0.889,frozen_uni_features,knn on bach; paper table tab:patch-bach-knn; row setting: 1344.,https://arxiv.org/abs/2308.15474,accepted_public_leaf,Public dataset leaf under the exact frozen-feature protocol reported by the paper.
uni_arxiv,arxiv:2308.15474,26da25ced22b205570f480c3a562af31ed74bdaf679455f30cbcaa5dfdad4e60,tables/tables_patch_sup.tex:120|tab:patch-bach-knn|setting=1344|metric=twenty_nn_balanced_accuracy,UNI,uni,unipaper2023.patch_bach_knn.1344.twenty_nn_balanced_accuracy,bach,brca_subtyping_4class,twenty_nn_balanced_accuracy,0.837,0.749-0.914,frozen_uni_features,knn on bach; paper table tab:patch-bach-knn; row setting: 1344.,https://arxiv.org/abs/2308.15474,accepted_public_leaf,Public dataset leaf under the exact frozen-feature protocol reported by the paper.
uni_arxiv,arxiv:2308.15474,26da25ced22b205570f480c3a562af31ed74bdaf679455f30cbcaa5dfdad4e60,tables/tables_patch_sup.tex:120|tab:patch-bach-knn|setting=1344|metric=twenty_nn_weighted_f1,UNI,uni,unipaper2023.patch_bach_knn.1344.twenty_nn_weighted_f1,bach,brca_subtyping_4class,twenty_nn_weighted_f1,0.836,0.750-0.913,frozen_uni_features,knn on bach; paper table tab:patch-bach-knn; row setting: 1344.,https://arxiv.org/abs/2308.15474,accepted_public_leaf,Public dataset leaf under the exact frozen-feature protocol reported by the paper.
uni_arxiv,arxiv:2308.15474,26da25ced22b205570f480c3a562af31ed74bdaf679455f30cbcaa5dfdad4e60,tables/tables_patch_sup.tex:141|tab:patch-hun-lin|setting=default setting|metric=balanced_accuracy,UNI,uni,unipaper2023.patch_hun_lin.default.balanced_accuracy,huncrc,crc_tissue_9class,balanced_accuracy,0.465,0.449-0.481,frozen_uni_features,linear_probe on huncrc; paper table tab:patch-hun-lin; row setting: default setting.,https://arxiv.org/abs/2308.15474,accepted_public_leaf,Public dataset leaf under the exact frozen-feature protocol reported by the paper.
uni_arxiv,arxiv:2308.15474,26da25ced22b205570f480c3a562af31ed74bdaf679455f30cbcaa5dfdad4e60,tables/tables_patch_sup.tex:141|tab:patch-hun-lin|setting=default setting|metric=weighted_f1,UNI,uni,unipaper2023.patch_hun_lin.default.weighted_f1,huncrc,crc_tissue_9class,weighted_f1,0.844,0.838-0.848,frozen_uni_features,linear_probe on huncrc; paper table tab:patch-hun-lin; row setting: default setting.,https://arxiv.org/abs/2308.15474,accepted_public_leaf,Public dataset leaf under the exact frozen-feature protocol reported by the paper.
uni_arxiv,arxiv:2308.15474,26da25ced22b205570f480c3a562af31ed74bdaf679455f30cbcaa5dfdad4e60,tables/tables_patch_sup.tex:141|tab:patch-hun-lin|setting=default setting|metric=auroc,UNI,uni,unipaper2023.patch_hun_lin.default.auroc,huncrc,crc_tissue_9class,auroc,0.888,0.879-0.896,frozen_uni_features,linear_probe on huncrc; paper table tab:patch-hun-lin; row setting: default setting.,https://arxiv.org/abs/2308.15474,accepted_public_leaf,Public dataset leaf under the exact frozen-feature protocol reported by the paper.
uni_arxiv,arxiv:2308.15474,26da25ced22b205570f480c3a562af31ed74bdaf679455f30cbcaa5dfdad4e60,tables/tables_patch_sup.tex:162|tab:patch-huncrc-knn|setting=default setting|metric=one_nn_balanced_accuracy,UNI,uni,unipaper2023.patch_huncrc_knn.default.one_nn_balanced_accuracy,huncrc,crc_tissue_9class,one_nn_balanced_accuracy,0.470,0.451-0.492,frozen_uni_features,knn on huncrc; paper table tab:patch-huncrc-knn; row setting: default setting.,https://arxiv.org/abs/2308.15474,accepted_public_leaf,Public dataset leaf under the exact frozen-feature protocol reported by the paper.
uni_arxiv,arxiv:2308.15474,26da25ced22b205570f480c3a562af31ed74bdaf679455f30cbcaa5dfdad4e60,tables/tables_patch_sup.tex:162|tab:patch-huncrc-knn|setting=default setting|metric=one_nn_weighted_f1,UNI,uni,unipaper2023.patch_huncrc_knn.default.one_nn_weighted_f1,huncrc,crc_tissue_9class,one_nn_weighted_f1,0.747,0.741-0.752,frozen_uni_features,knn on huncrc; paper table tab:patch-huncrc-knn; row setting: default setting.,https://arxiv.org/abs/2308.15474,accepted_public_leaf,Public dataset leaf under the exact frozen-feature protocol reported by the paper.
uni_arxiv,arxiv:2308.15474,26da25ced22b205570f480c3a562af31ed74bdaf679455f30cbcaa5dfdad4e60,tables/tables_patch_sup.tex:162|tab:patch-huncrc-knn|setting=default setting|metric=twenty_nn_balanced_accuracy,UNI,uni,unipaper2023.patch_huncrc_knn.default.twenty_nn_balanced_accuracy,huncrc,crc_tissue_9class,twenty_nn_balanced_accuracy,0.448,0.434-0.461,frozen_uni_features,knn on huncrc; paper table tab:patch-huncrc-knn; row setting: default setting.,https://arxiv.org/abs/2308.15474,accepted_public_leaf,Public dataset leaf under the exact frozen-feature protocol reported by the paper.
uni_arxiv,arxiv:2308.15474,26da25ced22b205570f480c3a562af31ed74bdaf679455f30cbcaa5dfdad4e60,tables/tables_patch_sup.tex:162|tab:patch-huncrc-knn|setting=default setting|metric=twenty_nn_weighted_f1,UNI,uni,unipaper2023.patch_huncrc_knn.default.twenty_nn_weighted_f1,huncrc,crc_tissue_9class,twenty_nn_weighted_f1,0.831,0.826-0.836,frozen_uni_features,knn on huncrc; paper table tab:patch-huncrc-knn; row setting: default setting.,https://arxiv.org/abs/2308.15474,accepted_public_leaf,Public dataset leaf under the exact frozen-feature protocol reported by the paper.
uni_arxiv,arxiv:2308.15474,26da25ced22b205570f480c3a562af31ed74bdaf679455f30cbcaa5dfdad4e60,tables/tables_patch_sup.tex:178|tab:patch-esca-lin|setting=default setting|metric=balanced_accuracy,UNI,uni,unipaper2023.patch_esca_lin.default.balanced_accuracy,ukk_wns_tcga_cha_esca,esca_subtyping_11class,balanced_accuracy,0.829,0.823-0.834,frozen_uni_features,linear_probe on ukk_wns_tcga_cha_esca; paper table tab:patch-esca-lin; row setting: default setting.,https://arxiv.org/abs/2308.15474,accepted_public_leaf,Public dataset leaf under the exact frozen-feature protocol reported by the paper.
uni_arxiv,arxiv:2308.15474,26da25ced22b205570f480c3a562af31ed74bdaf679455f30cbcaa5dfdad4e60,tables/tables_patch_sup.tex:178|tab:patch-esca-lin|setting=default setting|metric=weighted_f1,UNI,uni,unipaper2023.patch_esca_lin.default.weighted_f1,ukk_wns_tcga_cha_esca,esca_subtyping_11class,weighted_f1,0.942,0.941-0.943,frozen_uni_features,linear_probe on ukk_wns_tcga_cha_esca; paper table tab:patch-esca-lin; row setting: default setting.,https://arxiv.org/abs/2308.15474,accepted_public_leaf,Public dataset leaf under the exact frozen-feature protocol reported by the paper.
uni_arxiv,arxiv:2308.15474,26da25ced22b205570f480c3a562af31ed74bdaf679455f30cbcaa5dfdad4e60,tables/tables_patch_sup.tex:178|tab:patch-esca-lin|setting=default setting|metric=auroc,UNI,uni,unipaper2023.patch_esca_lin.default.auroc,ukk_wns_tcga_cha_esca,esca_subtyping_11class,auroc,0.971,0.970-0.973,frozen_uni_features,linear_probe on ukk_wns_tcga_cha_esca; paper table tab:patch-esca-lin; row setting: default setting.,https://arxiv.org/abs/2308.15474,accepted_public_leaf,Public dataset leaf under the exact frozen-feature protocol reported by the paper.
uni_arxiv,arxiv:2308.15474,26da25ced22b205570f480c3a562af31ed74bdaf679455f30cbcaa5dfdad4e60,tables/tables_patch_sup.tex:194|tab:patch-esca-knn|setting=default setting|metric=one_nn_balanced_accuracy,UNI,uni,unipaper2023.patch_esca_knn.default.one_nn_balanced_accuracy,ukk_wns_tcga_cha_esca,esca_subtyping_11class,one_nn_balanced_accuracy,0.835,0.830-0.840,frozen_uni_features,knn on ukk_wns_tcga_cha_esca; paper table tab:patch-esca-knn; row setting: default setting.,https://arxiv.org/abs/2308.15474,accepted_public_leaf,Public dataset leaf under the exact frozen-feature protocol reported by the paper.
uni_arxiv,arxiv:2308.15474,26da25ced22b205570f480c3a562af31ed74bdaf679455f30cbcaa5dfdad4e60,tables/tables_patch_sup.tex:194|tab:patch-esca-knn|setting=default setting|metric=one_nn_weighted_f1,UNI,uni,unipaper2023.patch_esca_knn.default.one_nn_weighted_f1,ukk_wns_tcga_cha_esca,esca_subtyping_11class,one_nn_weighted_f1,0.904,0.903-0.905,frozen_uni_features,knn on ukk_wns_tcga_cha_esca; paper table tab:patch-esca-knn; row setting: default setting.,https://arxiv.org/abs/2308.15474,accepted_public_leaf,Public dataset leaf under the exact frozen-feature protocol reported by the paper.
uni_arxiv,arxiv:2308.15474,26da25ced22b205570f480c3a562af31ed74bdaf679455f30cbcaa5dfdad4e60,tables/tables_patch_sup.tex:194|tab:patch-esca-knn|setting=default setting|metric=twenty_nn_balanced_accuracy,UNI,uni,unipaper2023.patch_esca_knn.default.twenty_nn_balanced_accuracy,ukk_wns_tcga_cha_esca,esca_subtyping_11class,twenty_nn_balanced_accuracy,0.836,0.832-0.840,frozen_uni_features,knn on ukk_wns_tcga_cha_esca; paper table tab:patch-esca-knn; row setting: default setting.,https://arxiv.org/abs/2308.15474,accepted_public_leaf,Public dataset leaf under the exact frozen-feature protocol reported by the paper.
uni_arxiv,arxiv:2308.15474,26da25ced22b205570f480c3a562af31ed74bdaf679455f30cbcaa5dfdad4e60,tables/tables_patch_sup.tex:194|tab:patch-esca-knn|setting=default setting|metric=twenty_nn_weighted_f1,UNI,uni,unipaper2023.patch_esca_knn.default.twenty_nn_weighted_f1,ukk_wns_tcga_cha_esca,esca_subtyping_11class,twenty_nn_weighted_f1,0.947,0.946-0.948,frozen_uni_features,knn on ukk_wns_tcga_cha_esca; paper table tab:patch-esca-knn; row setting: default setting.,https://arxiv.org/abs/2308.15474,accepted_public_leaf,Public dataset leaf under the exact frozen-feature protocol reported by the paper.
uni_arxiv,arxiv:2308.15474,26da25ced22b205570f480c3a562af31ed74bdaf679455f30cbcaa5dfdad4e60,tables/tables_patch_sup.tex:210|tab:patch-unitopatho-lin|setting=224|metric=balanced_accuracy,UNI,uni,unipaper2023.patch_unitopatho_lin.224.balanced_accuracy,unitopatho,crc_polyp_6class,balanced_accuracy,0.504,0.483-0.526,frozen_uni_features,linear_probe on unitopatho; paper table tab:patch-unitopatho-lin; row setting: 224.,https://arxiv.org/abs/2308.15474,accepted_public_leaf,Public dataset leaf under the exact frozen-feature protocol reported by the paper.
uni_arxiv,arxiv:2308.15474,26da25ced22b205570f480c3a562af31ed74bdaf679455f30cbcaa5dfdad4e60,tables/tables_patch_sup.tex:210|tab:patch-unitopatho-lin|setting=224|metric=weighted_f1,UNI,uni,unipaper2023.patch_unitopatho_lin.224.weighted_f1,unitopatho,crc_polyp_6class,weighted_f1,0.533,0.511-0.554,frozen_uni_features,linear_probe on unitopatho; paper table tab:patch-unitopatho-lin; row setting: 224.,https://arxiv.org/abs/2308.15474,accepted_public_leaf,Public dataset leaf under the exact frozen-feature protocol reported by the paper.
uni_arxiv,arxiv:2308.15474,26da25ced22b205570f480c3a562af31ed74bdaf679455f30cbcaa5dfdad4e60,tables/tables_patch_sup.tex:210|tab:patch-unitopatho-lin|setting=224|metric=auroc,UNI,uni,unipaper2023.patch_unitopatho_lin.224.auroc,unitopatho,crc_polyp_6class,auroc,0.825,0.814-0.835,frozen_uni_features,linear_probe on unitopatho; paper table tab:patch-unitopatho-lin; row setting: 224.,https://arxiv.org/abs/2308.15474,accepted_public_leaf,Public dataset leaf under the exact frozen-feature protocol reported by the paper.
uni_arxiv,arxiv:2308.15474,26da25ced22b205570f480c3a562af31ed74bdaf679455f30cbcaa5dfdad4e60,tables/tables_patch_sup.tex:215|tab:patch-unitopatho-lin|setting=448|metric=balanced_accuracy,UNI,uni,unipaper2023.patch_unitopatho_lin.448.balanced_accuracy,unitopatho,crc_polyp_6class,balanced_accuracy,0.514,0.491-0.535,frozen_uni_features,linear_probe on unitopatho; paper table tab:patch-unitopatho-lin; row setting: 448.,https://arxiv.org/abs/2308.15474,accepted_public_leaf,Public dataset leaf under the exact frozen-feature protocol reported by the paper.
uni_arxiv,arxiv:2308.15474,26da25ced22b205570f480c3a562af31ed74bdaf679455f30cbcaa5dfdad4e60,tables/tables_patch_sup.tex:215|tab:patch-unitopatho-lin|setting=448|metric=weighted_f1,UNI,uni,unipaper2023.patch_unitopatho_lin.448.weighted_f1,unitopatho,crc_polyp_6class,weighted_f1,0.565,0.543-0.588,frozen_uni_features,linear_probe on unitopatho; paper table tab:patch-unitopatho-lin; row setting: 448.,https://arxiv.org/abs/2308.15474,accepted_public_leaf,Public dataset leaf under the exact frozen-feature protocol reported by the paper.
uni_arxiv,arxiv:2308.15474,26da25ced22b205570f480c3a562af31ed74bdaf679455f30cbcaa5dfdad4e60,tables/tables_patch_sup.tex:215|tab:patch-unitopatho-lin|setting=448|metric=auroc,UNI,uni,unipaper2023.patch_unitopatho_lin.448.auroc,unitopatho,crc_polyp_6class,auroc,0.836,0.824-0.847,frozen_uni_features,linear_probe on unitopatho; paper table tab:patch-unitopatho-lin; row setting: 448.,https://arxiv.org/abs/2308.15474,accepted_public_leaf,Public dataset leaf under the exact frozen-feature protocol reported by the paper.
uni_arxiv,arxiv:2308.15474,26da25ced22b205570f480c3a562af31ed74bdaf679455f30cbcaa5dfdad4e60,tables/tables_patch_sup.tex:220|tab:patch-unitopatho-lin|setting=896|metric=balanced_accuracy,UNI,uni,unipaper2023.patch_unitopatho_lin.896.balanced_accuracy,unitopatho,crc_polyp_6class,balanced_accuracy,0.530,0.507-0.552,frozen_uni_features,linear_probe on unitopatho; paper table tab:patch-unitopatho-lin; row setting: 896.,https://arxiv.org/abs/2308.15474,accepted_public_leaf,Public dataset leaf under the exact frozen-feature protocol reported by the paper.
uni_arxiv,arxiv:2308.15474,26da25ced22b205570f480c3a562af31ed74bdaf679455f30cbcaa5dfdad4e60,tables/tables_patch_sup.tex:220|tab:patch-unitopatho-lin|setting=896|metric=weighted_f1,UNI,uni,unipaper2023.patch_unitopatho_lin.896.weighted_f1,unitopatho,crc_polyp_6class,weighted_f1,0.589,0.568-0.609,frozen_uni_features,linear_probe on unitopatho; paper table tab:patch-unitopatho-lin; row setting: 896.,https://arxiv.org/abs/2308.15474,accepted_public_leaf,Public dataset leaf under the exact frozen-feature protocol reported by the paper.
uni_arxiv,arxiv:2308.15474,26da25ced22b205570f480c3a562af31ed74bdaf679455f30cbcaa5dfdad4e60,tables/tables_patch_sup.tex:220|tab:patch-unitopatho-lin|setting=896|metric=auroc,UNI,uni,unipaper2023.patch_unitopatho_lin.896.auroc,unitopatho,crc_polyp_6class,auroc,0.853,0.842-0.863,frozen_uni_features,linear_probe on unitopatho; paper table tab:patch-unitopatho-lin; row setting: 896.,https://arxiv.org/abs/2308.15474,accepted_public_leaf,Public dataset leaf under the exact frozen-feature protocol reported by the paper.
uni_arxiv,arxiv:2308.15474,26da25ced22b205570f480c3a562af31ed74bdaf679455f30cbcaa5dfdad4e60,tables/tables_patch_sup.tex:225|tab:patch-unitopatho-lin|setting=1792|metric=balanced_accuracy,UNI,uni,unipaper2023.patch_unitopatho_lin.1792.balanced_accuracy,unitopatho,crc_polyp_6class,balanced_accuracy,0.528,0.507-0.549,frozen_uni_features,linear_probe on unitopatho; paper table tab:patch-unitopatho-lin; row setting: 1792.,https://arxiv.org/abs/2308.15474,accepted_public_leaf,Public dataset leaf under the exact frozen-feature protocol reported by the paper.
uni_arxiv,arxiv:2308.15474,26da25ced22b205570f480c3a562af31ed74bdaf679455f30cbcaa5dfdad4e60,tables/tables_patch_sup.tex:225|tab:patch-unitopatho-lin|setting=1792|metric=weighted_f1,UNI,uni,unipaper2023.patch_unitopatho_lin.1792.weighted_f1,unitopatho,crc_polyp_6class,weighted_f1,0.572,0.550-0.591,frozen_uni_features,linear_probe on unitopatho; paper table tab:patch-unitopatho-lin; row setting: 1792.,https://arxiv.org/abs/2308.15474,accepted_public_leaf,Public dataset leaf under the exact frozen-feature protocol reported by the paper.
uni_arxiv,arxiv:2308.15474,26da25ced22b205570f480c3a562af31ed74bdaf679455f30cbcaa5dfdad4e60,tables/tables_patch_sup.tex:225|tab:patch-unitopatho-lin|setting=1792|metric=auroc,UNI,uni,unipaper2023.patch_unitopatho_lin.1792.auroc,unitopatho,crc_polyp_6class,auroc,0.856,0.845-0.866,frozen_uni_features,linear_probe on unitopatho; paper table tab:patch-unitopatho-lin; row setting: 1792.,https://arxiv.org/abs/2308.15474,accepted_public_leaf,Public dataset leaf under the exact frozen-feature protocol reported by the paper.
uni_arxiv,arxiv:2308.15474,26da25ced22b205570f480c3a562af31ed74bdaf679455f30cbcaa5dfdad4e60,tables/tables_patch_sup.tex:241|tab:patch-unitopatho-knn|setting=224|metric=one_nn_balanced_accuracy,UNI,uni,unipaper2023.patch_unitopatho_knn.224.one_nn_balanced_accuracy,unitopatho,crc_polyp_6class,one_nn_balanced_accuracy,0.533,0.508-0.554,frozen_uni_features,knn on unitopatho; paper table tab:patch-unitopatho-knn; row setting: 224.,https://arxiv.org/abs/2308.15474,accepted_public_leaf,Public dataset leaf under the exact frozen-feature protocol reported by the paper.
uni_arxiv,arxiv:2308.15474,26da25ced22b205570f480c3a562af31ed74bdaf679455f30cbcaa5dfdad4e60,tables/tables_patch_sup.tex:241|tab:patch-unitopatho-knn|setting=224|metric=one_nn_weighted_f1,UNI,uni,unipaper2023.patch_unitopatho_knn.224.one_nn_weighted_f1,unitopatho,crc_polyp_6class,one_nn_weighted_f1,0.429,0.408-0.451,frozen_uni_features,knn on unitopatho; paper table tab:patch-unitopatho-knn; row setting: 224.,https://arxiv.org/abs/2308.15474,accepted_public_leaf,Public dataset leaf under the exact frozen-feature protocol reported by the paper.
uni_arxiv,arxiv:2308.15474,26da25ced22b205570f480c3a562af31ed74bdaf679455f30cbcaa5dfdad4e60,tables/tables_patch_sup.tex:241|tab:patch-unitopatho-knn|setting=224|metric=twenty_nn_balanced_accuracy,UNI,uni,unipaper2023.patch_unitopatho_knn.224.twenty_nn_balanced_accuracy,unitopatho,crc_polyp_6class,twenty_nn_balanced_accuracy,0.425,0.405-0.445,frozen_uni_features,knn on unitopatho; paper table tab:patch-unitopatho-knn; row setting: 224.,https://arxiv.org/abs/2308.15474,accepted_public_leaf,Public dataset leaf under the exact frozen-feature protocol reported by the paper.
uni_arxiv,arxiv:2308.15474,26da25ced22b205570f480c3a562af31ed74bdaf679455f30cbcaa5dfdad4e60,tables/tables_patch_sup.tex:241|tab:patch-unitopatho-knn|setting=224|metric=twenty_nn_weighted_f1,UNI,uni,unipaper2023.patch_unitopatho_knn.224.twenty_nn_weighted_f1,unitopatho,crc_polyp_6class,twenty_nn_weighted_f1,0.476,0.455-0.497,frozen_uni_features,knn on unitopatho; paper table tab:patch-unitopatho-knn; row setting: 224.,https://arxiv.org/abs/2308.15474,accepted_public_leaf,Public dataset leaf under the exact frozen-feature protocol reported by the paper.
uni_arxiv,arxiv:2308.15474,26da25ced22b205570f480c3a562af31ed74bdaf679455f30cbcaa5dfdad4e60,tables/tables_patch_sup.tex:246|tab:patch-unitopatho-knn|setting=448|metric=one_nn_balanced_accuracy,UNI,uni,unipaper2023.patch_unitopatho_knn.448.one_nn_balanced_accuracy,unitopatho,crc_polyp_6class,one_nn_balanced_accuracy,0.602,0.577-0.627,frozen_uni_features,knn on unitopatho; paper table tab:patch-unitopatho-knn; row setting: 448.,https://arxiv.org/abs/2308.15474,accepted_public_leaf,Public dataset leaf under the exact frozen-feature protocol reported by the paper.
uni_arxiv,arxiv:2308.15474,26da25ced22b205570f480c3a562af31ed74bdaf679455f30cbcaa5dfdad4e60,tables/tables_patch_sup.tex:246|tab:patch-unitopatho-knn|setting=448|metric=one_nn_weighted_f1,UNI,uni,unipaper2023.patch_unitopatho_knn.448.one_nn_weighted_f1,unitopatho,crc_polyp_6class,one_nn_weighted_f1,0.550,0.530-0.571,frozen_uni_features,knn on unitopatho; paper table tab:patch-unitopatho-knn; row setting: 448.,https://arxiv.org/abs/2308.15474,accepted_public_leaf,Public dataset leaf under the exact frozen-feature protocol reported by the paper.
uni_arxiv,arxiv:2308.15474,26da25ced22b205570f480c3a562af31ed74bdaf679455f30cbcaa5dfdad4e60,tables/tables_patch_sup.tex:246|tab:patch-unitopatho-knn|setting=448|metric=twenty_nn_balanced_accuracy,UNI,uni,unipaper2023.patch_unitopatho_knn.448.twenty_nn_balanced_accuracy,unitopatho,crc_polyp_6class,twenty_nn_balanced_accuracy,0.458,0.438-0.480,frozen_uni_features,knn on unitopatho; paper table tab:patch-unitopatho-knn; row setting: 448.,https://arxiv.org/abs/2308.15474,accepted_public_leaf,Public dataset leaf under the exact frozen-feature protocol reported by the paper.
uni_arxiv,arxiv:2308.15474,26da25ced22b205570f480c3a562af31ed74bdaf679455f30cbcaa5dfdad4e60,tables/tables_patch_sup.tex:246|tab:patch-unitopatho-knn|setting=448|metric=twenty_nn_weighted_f1,UNI,uni,unipaper2023.patch_unitopatho_knn.448.twenty_nn_weighted_f1,unitopatho,crc_polyp_6class,twenty_nn_weighted_f1,0.503,0.482-0.523,frozen_uni_features,knn on unitopatho; paper table tab:patch-unitopatho-knn; row setting: 448.,https://arxiv.org/abs/2308.15474,accepted_public_leaf,Public dataset leaf under the exact frozen-feature protocol reported by the paper.
uni_arxiv,arxiv:2308.15474,26da25ced22b205570f480c3a562af31ed74bdaf679455f30cbcaa5dfdad4e60,tables/tables_patch_sup.tex:251|tab:patch-unitopatho-knn|setting=896|metric=one_nn_balanced_accuracy,UNI,uni,unipaper2023.patch_unitopatho_knn.896.one_nn_balanced_accuracy,unitopatho,crc_polyp_6class,one_nn_balanced_accuracy,0.619,0.597-0.641,frozen_uni_features,knn on unitopatho; paper table tab:patch-unitopatho-knn; row setting: 896.,https://arxiv.org/abs/2308.15474,accepted_public_leaf,Public dataset leaf under the exact frozen-feature protocol reported by the paper.
uni_arxiv,arxiv:2308.15474,26da25ced22b205570f480c3a562af31ed74bdaf679455f30cbcaa5dfdad4e60,tables/tables_patch_sup.tex:251|tab:patch-unitopatho-knn|setting=896|metric=one_nn_weighted_f1,UNI,uni,unipaper2023.patch_unitopatho_knn.896.one_nn_weighted_f1,unitopatho,crc_polyp_6class,one_nn_weighted_f1,0.543,0.523-0.565,frozen_uni_features,knn on unitopatho; paper table tab:patch-unitopatho-knn; row setting: 896.,https://arxiv.org/abs/2308.15474,accepted_public_leaf,Public dataset leaf under the exact frozen-feature protocol reported by the paper.
uni_arxiv,arxiv:2308.15474,26da25ced22b205570f480c3a562af31ed74bdaf679455f30cbcaa5dfdad4e60,tables/tables_patch_sup.tex:251|tab:patch-unitopatho-knn|setting=896|metric=twenty_nn_balanced_accuracy,UNI,uni,unipaper2023.patch_unitopatho_knn.896.twenty_nn_balanced_accuracy,unitopatho,crc_polyp_6class,twenty_nn_balanced_accuracy,0.471,0.451-0.491,frozen_uni_features,knn on unitopatho; paper table tab:patch-unitopatho-knn; row setting: 896.,https://arxiv.org/abs/2308.15474,accepted_public_leaf,Public dataset leaf under the exact frozen-feature protocol reported by the paper.
uni_arxiv,arxiv:2308.15474,26da25ced22b205570f480c3a562af31ed74bdaf679455f30cbcaa5dfdad4e60,tables/tables_patch_sup.tex:251|tab:patch-unitopatho-knn|setting=896|metric=twenty_nn_weighted_f1,UNI,uni,unipaper2023.patch_unitopatho_knn.896.twenty_nn_weighted_f1,unitopatho,crc_polyp_6class,twenty_nn_weighted_f1,0.508,0.486-0.529,frozen_uni_features,knn on unitopatho; paper table tab:patch-unitopatho-knn; row setting: 896.,https://arxiv.org/abs/2308.15474,accepted_public_leaf,Public dataset leaf under the exact frozen-feature protocol reported by the paper.
uni_arxiv,arxiv:2308.15474,26da25ced22b205570f480c3a562af31ed74bdaf679455f30cbcaa5dfdad4e60,tables/tables_patch_sup.tex:256|tab:patch-unitopatho-knn|setting=1792|metric=one_nn_balanced_accuracy,UNI,uni,unipaper2023.patch_unitopatho_knn.1792.one_nn_balanced_accuracy,unitopatho,crc_polyp_6class,one_nn_balanced_accuracy,0.616,0.594-0.639,frozen_uni_features,knn on unitopatho; paper table tab:patch-unitopatho-knn; row setting: 1792.,https://arxiv.org/abs/2308.15474,accepted_public_leaf,Public dataset leaf under the exact frozen-feature protocol reported by the paper.
uni_arxiv,arxiv:2308.15474,26da25ced22b205570f480c3a562af31ed74bdaf679455f30cbcaa5dfdad4e60,tables/tables_patch_sup.tex:256|tab:patch-unitopatho-knn|setting=1792|metric=one_nn_weighted_f1,UNI,uni,unipaper2023.patch_unitopatho_knn.1792.one_nn_weighted_f1,unitopatho,crc_polyp_6class,one_nn_weighted_f1,0.568,0.549-0.587,frozen_uni_features,knn on unitopatho; paper table tab:patch-unitopatho-knn; row setting: 1792.,https://arxiv.org/abs/2308.15474,accepted_public_leaf,Public dataset leaf under the exact frozen-feature protocol reported by the paper.
uni_arxiv,arxiv:2308.15474,26da25ced22b205570f480c3a562af31ed74bdaf679455f30cbcaa5dfdad4e60,tables/tables_patch_sup.tex:256|tab:patch-unitopatho-knn|setting=1792|metric=twenty_nn_balanced_accuracy,UNI,uni,unipaper2023.patch_unitopatho_knn.1792.twenty_nn_balanced_accuracy,unitopatho,crc_polyp_6class,twenty_nn_balanced_accuracy,0.476,0.456-0.498,frozen_uni_features,knn on unitopatho; paper table tab:patch-unitopatho-knn; row setting: 1792.,https://arxiv.org/abs/2308.15474,accepted_public_leaf,Public dataset leaf under the exact frozen-feature protocol reported by the paper.
uni_arxiv,arxiv:2308.15474,26da25ced22b205570f480c3a562af31ed74bdaf679455f30cbcaa5dfdad4e60,tables/tables_patch_sup.tex:256|tab:patch-unitopatho-knn|setting=1792|metric=twenty_nn_weighted_f1,UNI,uni,unipaper2023.patch_unitopatho_knn.1792.twenty_nn_weighted_f1,unitopatho,crc_polyp_6class,twenty_nn_weighted_f1,0.529,0.506-0.549,frozen_uni_features,knn on unitopatho; paper table tab:patch-unitopatho-knn; row setting: 1792.,https://arxiv.org/abs/2308.15474,accepted_public_leaf,Public dataset leaf under the exact frozen-feature protocol reported by the paper.
uni_arxiv,arxiv:2308.15474,26da25ced22b205570f480c3a562af31ed74bdaf679455f30cbcaa5dfdad4e60,tables/tables_patch_sup.tex:273|tab:patch-aggc-lin|setting=default setting|metric=balanced_accuracy,UNI,uni,unipaper2023.patch_aggc_lin.default.balanced_accuracy,aggc,prad_tissue_5class,balanced_accuracy,0.658,0.656-0.660,frozen_uni_features,linear_probe on aggc; paper table tab:patch-aggc-lin; row setting: default setting.,https://arxiv.org/abs/2308.15474,accepted_public_leaf,Public dataset leaf under the exact frozen-feature protocol reported by the paper.
uni_arxiv,arxiv:2308.15474,26da25ced22b205570f480c3a562af31ed74bdaf679455f30cbcaa5dfdad4e60,tables/tables_patch_sup.tex:273|tab:patch-aggc-lin|setting=default setting|metric=weighted_kappa,UNI,uni,unipaper2023.patch_aggc_lin.default.weighted_kappa,aggc,prad_tissue_5class,weighted_kappa,0.797,0.796-0.799,frozen_uni_features,linear_probe on aggc; paper table tab:patch-aggc-lin; row setting: default setting.,https://arxiv.org/abs/2308.15474,accepted_public_leaf,Public dataset leaf under the exact frozen-feature protocol reported by the paper.
uni_arxiv,arxiv:2308.15474,26da25ced22b205570f480c3a562af31ed74bdaf679455f30cbcaa5dfdad4e60,tables/tables_patch_sup.tex:273|tab:patch-aggc-lin|setting=default setting|metric=weighted_f1,UNI,uni,unipaper2023.patch_aggc_lin.default.weighted_f1,aggc,prad_tissue_5class,weighted_f1,0.743,0.741-0.744,frozen_uni_features,linear_probe on aggc; paper table tab:patch-aggc-lin; row setting: default setting.,https://arxiv.org/abs/2308.15474,accepted_public_leaf,Public dataset leaf under the exact frozen-feature protocol reported by the paper.
uni_arxiv,arxiv:2308.15474,26da25ced22b205570f480c3a562af31ed74bdaf679455f30cbcaa5dfdad4e60,tables/tables_patch_sup.tex:273|tab:patch-aggc-lin|setting=default setting|metric=auroc,UNI,uni,unipaper2023.patch_aggc_lin.default.auroc,aggc,prad_tissue_5class,auroc,0.922,0.922-0.923,frozen_uni_features,linear_probe on aggc; paper table tab:patch-aggc-lin; row setting: default setting.,https://arxiv.org/abs/2308.15474,accepted_public_leaf,Public dataset leaf under the exact frozen-feature protocol reported by the paper.
uni_arxiv,arxiv:2308.15474,26da25ced22b205570f480c3a562af31ed74bdaf679455f30cbcaa5dfdad4e60,tables/tables_patch_sup.tex:289|tab:patch-aggc-knn|setting=default setting|metric=one_nn_balanced_accuracy,UNI,uni,unipaper2023.patch_aggc_knn.default.one_nn_balanced_accuracy,aggc,prad_tissue_5class,one_nn_balanced_accuracy,0.738,0.736-0.740,frozen_uni_features,knn on aggc; paper table tab:patch-aggc-knn; row setting: default setting.,https://arxiv.org/abs/2308.15474,accepted_public_leaf,Public dataset leaf under the exact frozen-feature protocol reported by the paper.
uni_arxiv,arxiv:2308.15474,26da25ced22b205570f480c3a562af31ed74bdaf679455f30cbcaa5dfdad4e60,tables/tables_patch_sup.tex:289|tab:patch-aggc-knn|setting=default setting|metric=one_nn_weighted_f1,UNI,uni,unipaper2023.patch_aggc_knn.default.one_nn_weighted_f1,aggc,prad_tissue_5class,one_nn_weighted_f1,0.697,0.696-0.699,frozen_uni_features,knn on aggc; paper table tab:patch-aggc-knn; row setting: default setting.,https://arxiv.org/abs/2308.15474,accepted_public_leaf,Public dataset leaf under the exact frozen-feature protocol reported by the paper.
uni_arxiv,arxiv:2308.15474,26da25ced22b205570f480c3a562af31ed74bdaf679455f30cbcaa5dfdad4e60,tables/tables_patch_sup.tex:289|tab:patch-aggc-knn|setting=default setting|metric=twenty_nn_balanced_accuracy,UNI,uni,unipaper2023.patch_aggc_knn.default.twenty_nn_balanced_accuracy,aggc,prad_tissue_5class,twenty_nn_balanced_accuracy,0.655,0.653-0.656,frozen_uni_features,knn on aggc; paper table tab:patch-aggc-knn; row setting: default setting.,https://arxiv.org/abs/2308.15474,accepted_public_leaf,Public dataset leaf under the exact frozen-feature protocol reported by the paper.
uni_arxiv,arxiv:2308.15474,26da25ced22b205570f480c3a562af31ed74bdaf679455f30cbcaa5dfdad4e60,tables/tables_patch_sup.tex:289|tab:patch-aggc-knn|setting=default setting|metric=twenty_nn_weighted_f1,UNI,uni,unipaper2023.patch_aggc_knn.default.twenty_nn_weighted_f1,aggc,prad_tissue_5class,twenty_nn_weighted_f1,0.714,0.712-0.715,frozen_uni_features,knn on aggc; paper table tab:patch-aggc-knn; row setting: default setting.,https://arxiv.org/abs/2308.15474,accepted_public_leaf,Public dataset leaf under the exact frozen-feature protocol reported by the paper.
uni_arxiv,arxiv:2308.15474,26da25ced22b205570f480c3a562af31ed74bdaf679455f30cbcaa5dfdad4e60,tables/tables_patch_sup.tex:305|tab:patch-msi-lin|setting=\xmark|metric=balanced_accuracy,UNI,uni,unipaper2023.patch_msi_lin.without.balanced_accuracy,tcga_msi,crc_msi_2class,balanced_accuracy,0.716,0.708-0.723,frozen_uni_features,linear_probe on tcga_msi; paper table tab:patch-msi-lin; row setting: \xmark.,https://arxiv.org/abs/2308.15474,accepted_public_leaf,Public dataset leaf under the exact frozen-feature protocol reported by the paper.
uni_arxiv,arxiv:2308.15474,26da25ced22b205570f480c3a562af31ed74bdaf679455f30cbcaa5dfdad4e60,tables/tables_patch_sup.tex:305|tab:patch-msi-lin|setting=\xmark|metric=weighted_f1,UNI,uni,unipaper2023.patch_msi_lin.without.weighted_f1,tcga_msi,crc_msi_2class,weighted_f1,0.813,0.809-0.817,frozen_uni_features,linear_probe on tcga_msi; paper table tab:patch-msi-lin; row setting: \xmark.,https://arxiv.org/abs/2308.15474,accepted_public_leaf,Public dataset leaf under the exact frozen-feature protocol reported by the paper.
uni_arxiv,arxiv:2308.15474,26da25ced22b205570f480c3a562af31ed74bdaf679455f30cbcaa5dfdad4e60,tables/tables_patch_sup.tex:305|tab:patch-msi-lin|setting=\xmark|metric=auroc,UNI,uni,unipaper2023.patch_msi_lin.without.auroc,tcga_msi,crc_msi_2class,auroc,0.797,0.791-0.804,frozen_uni_features,linear_probe on tcga_msi; paper table tab:patch-msi-lin; row setting: \xmark.,https://arxiv.org/abs/2308.15474,accepted_public_leaf,Public dataset leaf under the exact frozen-feature protocol reported by the paper.
uni_arxiv,arxiv:2308.15474,26da25ced22b205570f480c3a562af31ed74bdaf679455f30cbcaa5dfdad4e60,tables/tables_patch_sup.tex:310|tab:patch-msi-lin|setting=\checkmark|metric=balanced_accuracy,UNI,uni,unipaper2023.patch_msi_lin.with.balanced_accuracy,tcga_msi,crc_msi_2class,balanced_accuracy,0.715,0.708-0.722,frozen_uni_features,linear_probe on tcga_msi; paper table tab:patch-msi-lin; row setting: \checkmark.,https://arxiv.org/abs/2308.15474,accepted_public_leaf,Public dataset leaf under the exact frozen-feature protocol reported by the paper.
uni_arxiv,arxiv:2308.15474,26da25ced22b205570f480c3a562af31ed74bdaf679455f30cbcaa5dfdad4e60,tables/tables_patch_sup.tex:310|tab:patch-msi-lin|setting=\checkmark|metric=weighted_f1,UNI,uni,unipaper2023.patch_msi_lin.with.weighted_f1,tcga_msi,crc_msi_2class,weighted_f1,0.805,0.801-0.809,frozen_uni_features,linear_probe on tcga_msi; paper table tab:patch-msi-lin; row setting: \checkmark.,https://arxiv.org/abs/2308.15474,accepted_public_leaf,Public dataset leaf under the exact frozen-feature protocol reported by the paper.
uni_arxiv,arxiv:2308.15474,26da25ced22b205570f480c3a562af31ed74bdaf679455f30cbcaa5dfdad4e60,tables/tables_patch_sup.tex:310|tab:patch-msi-lin|setting=\checkmark|metric=auroc,UNI,uni,unipaper2023.patch_msi_lin.with.auroc,tcga_msi,crc_msi_2class,auroc,0.794,0.788-0.801,frozen_uni_features,linear_probe on tcga_msi; paper table tab:patch-msi-lin; row setting: \checkmark.,https://arxiv.org/abs/2308.15474,accepted_public_leaf,Public dataset leaf under the exact frozen-feature protocol reported by the paper.
uni_arxiv,arxiv:2308.15474,26da25ced22b205570f480c3a562af31ed74bdaf679455f30cbcaa5dfdad4e60,tables/tables_patch_sup.tex:332|tab:patch-msi-knn|setting=\xmark|metric=one_nn_balanced_accuracy,UNI,uni,unipaper2023.patch_msi_knn.without.one_nn_balanced_accuracy,tcga_msi,crc_msi_2class,one_nn_balanced_accuracy,0.682,0.675-0.688,frozen_uni_features,knn on tcga_msi; paper table tab:patch-msi-knn; row setting: \xmark.,https://arxiv.org/abs/2308.15474,accepted_public_leaf,Public dataset leaf under the exact frozen-feature protocol reported by the paper.
uni_arxiv,arxiv:2308.15474,26da25ced22b205570f480c3a562af31ed74bdaf679455f30cbcaa5dfdad4e60,tables/tables_patch_sup.tex:332|tab:patch-msi-knn|setting=\xmark|metric=one_nn_weighted_f1,UNI,uni,unipaper2023.patch_msi_knn.without.one_nn_weighted_f1,tcga_msi,crc_msi_2class,one_nn_weighted_f1,0.726,0.722-0.731,frozen_uni_features,knn on tcga_msi; paper table tab:patch-msi-knn; row setting: \xmark.,https://arxiv.org/abs/2308.15474,accepted_public_leaf,Public dataset leaf under the exact frozen-feature protocol reported by the paper.
uni_arxiv,arxiv:2308.15474,26da25ced22b205570f480c3a562af31ed74bdaf679455f30cbcaa5dfdad4e60,tables/tables_patch_sup.tex:332|tab:patch-msi-knn|setting=\xmark|metric=twenty_nn_balanced_accuracy,UNI,uni,unipaper2023.patch_msi_knn.without.twenty_nn_balanced_accuracy,tcga_msi,crc_msi_2class,twenty_nn_balanced_accuracy,0.694,0.687-0.700,frozen_uni_features,knn on tcga_msi; paper table tab:patch-msi-knn; row setting: \xmark.,https://arxiv.org/abs/2308.15474,accepted_public_leaf,Public dataset leaf under the exact frozen-feature protocol reported by the paper.
uni_arxiv,arxiv:2308.15474,26da25ced22b205570f480c3a562af31ed74bdaf679455f30cbcaa5dfdad4e60,tables/tables_patch_sup.tex:332|tab:patch-msi-knn|setting=\xmark|metric=twenty_nn_weighted_f1,UNI,uni,unipaper2023.patch_msi_knn.without.twenty_nn_weighted_f1,tcga_msi,crc_msi_2class,twenty_nn_weighted_f1,0.769,0.765-0.773,frozen_uni_features,knn on tcga_msi; paper table tab:patch-msi-knn; row setting: \xmark.,https://arxiv.org/abs/2308.15474,accepted_public_leaf,Public dataset leaf under the exact frozen-feature protocol reported by the paper.
uni_arxiv,arxiv:2308.15474,26da25ced22b205570f480c3a562af31ed74bdaf679455f30cbcaa5dfdad4e60,tables/tables_patch_sup.tex:337|tab:patch-msi-knn|setting=\checkmark|metric=one_nn_balanced_accuracy,UNI,uni,unipaper2023.patch_msi_knn.with.one_nn_balanced_accuracy,tcga_msi,crc_msi_2class,one_nn_balanced_accuracy,0.683,0.676-0.690,frozen_uni_features,knn on tcga_msi; paper table tab:patch-msi-knn; row setting: \checkmark.,https://arxiv.org/abs/2308.15474,accepted_public_leaf,Public dataset leaf under the exact frozen-feature protocol reported by the paper.
uni_arxiv,arxiv:2308.15474,26da25ced22b205570f480c3a562af31ed74bdaf679455f30cbcaa5dfdad4e60,tables/tables_patch_sup.tex:337|tab:patch-msi-knn|setting=\checkmark|metric=one_nn_weighted_f1,UNI,uni,unipaper2023.patch_msi_knn.with.one_nn_weighted_f1,tcga_msi,crc_msi_2class,one_nn_weighted_f1,0.723,0.718-0.727,frozen_uni_features,knn on tcga_msi; paper table tab:patch-msi-knn; row setting: \checkmark.,https://arxiv.org/abs/2308.15474,accepted_public_leaf,Public dataset leaf under the exact frozen-feature protocol reported by the paper.
uni_arxiv,arxiv:2308.15474,26da25ced22b205570f480c3a562af31ed74bdaf679455f30cbcaa5dfdad4e60,tables/tables_patch_sup.tex:337|tab:patch-msi-knn|setting=\checkmark|metric=twenty_nn_balanced_accuracy,UNI,uni,unipaper2023.patch_msi_knn.with.twenty_nn_balanced_accuracy,tcga_msi,crc_msi_2class,twenty_nn_balanced_accuracy,0.683,0.676-0.690,frozen_uni_features,knn on tcga_msi; paper table tab:patch-msi-knn; row setting: \checkmark.,https://arxiv.org/abs/2308.15474,accepted_public_leaf,Public dataset leaf under the exact frozen-feature protocol reported by the paper.
uni_arxiv,arxiv:2308.15474,26da25ced22b205570f480c3a562af31ed74bdaf679455f30cbcaa5dfdad4e60,tables/tables_patch_sup.tex:337|tab:patch-msi-knn|setting=\checkmark|metric=twenty_nn_weighted_f1,UNI,uni,unipaper2023.patch_msi_knn.with.twenty_nn_weighted_f1,tcga_msi,crc_msi_2class,twenty_nn_weighted_f1,0.755,0.751-0.759,frozen_uni_features,knn on tcga_msi; paper table tab:patch-msi-knn; row setting: \checkmark.,https://arxiv.org/abs/2308.15474,accepted_public_leaf,Public dataset leaf under the exact frozen-feature protocol reported by the paper.
uni_arxiv,arxiv:2308.15474,26da25ced22b205570f480c3a562af31ed74bdaf679455f30cbcaa5dfdad4e60,tables/tables_patch_sup.tex:353|tab:patch-tcga-uniform-lin|setting=\xmark|metric=balanced_accuracy,UNI,uni,unipaper2023.patch_tcga_uniform_lin.without.balanced_accuracy,tcga_uniform,pan_cancer_tissue_32class,balanced_accuracy,0.685,0.680-0.690,frozen_uni_features,linear_probe on tcga_uniform; paper table tab:patch-tcga-uniform-lin; row setting: \xmark.,https://arxiv.org/abs/2308.15474,accepted_public_leaf,Public dataset leaf under the exact frozen-feature protocol reported by the paper.
uni_arxiv,arxiv:2308.15474,26da25ced22b205570f480c3a562af31ed74bdaf679455f30cbcaa5dfdad4e60,tables/tables_patch_sup.tex:353|tab:patch-tcga-uniform-lin|setting=\xmark|metric=weighted_f1,UNI,uni,unipaper2023.patch_tcga_uniform_lin.without.weighted_f1,tcga_uniform,pan_cancer_tissue_32class,weighted_f1,0.744,0.741-0.748,frozen_uni_features,linear_probe on tcga_uniform; paper table tab:patch-tcga-uniform-lin; row setting: \xmark.,https://arxiv.org/abs/2308.15474,accepted_public_leaf,Public dataset leaf under the exact frozen-feature protocol reported by the paper.
uni_arxiv,arxiv:2308.15474,26da25ced22b205570f480c3a562af31ed74bdaf679455f30cbcaa5dfdad4e60,tables/tables_patch_sup.tex:353|tab:patch-tcga-uniform-lin|setting=\xmark|metric=auroc,UNI,uni,unipaper2023.patch_tcga_uniform_lin.without.auroc,tcga_uniform,pan_cancer_tissue_32class,auroc,0.978,0.978-0.979,frozen_uni_features,linear_probe on tcga_uniform; paper table tab:patch-tcga-uniform-lin; row setting: \xmark.,https://arxiv.org/abs/2308.15474,accepted_public_leaf,Public dataset leaf under the exact frozen-feature protocol reported by the paper.
uni_arxiv,arxiv:2308.15474,26da25ced22b205570f480c3a562af31ed74bdaf679455f30cbcaa5dfdad4e60,tables/tables_patch_sup.tex:358|tab:patch-tcga-uniform-lin|setting=\checkmark|metric=balanced_accuracy,UNI,uni,unipaper2023.patch_tcga_uniform_lin.with.balanced_accuracy,tcga_uniform,pan_cancer_tissue_32class,balanced_accuracy,0.657,0.652-0.662,frozen_uni_features,linear_probe on tcga_uniform; paper table tab:patch-tcga-uniform-lin; row setting: \checkmark.,https://arxiv.org/abs/2308.15474,accepted_public_leaf,Public dataset leaf under the exact frozen-feature protocol reported by the paper.
uni_arxiv,arxiv:2308.15474,26da25ced22b205570f480c3a562af31ed74bdaf679455f30cbcaa5dfdad4e60,tables/tables_patch_sup.tex:358|tab:patch-tcga-uniform-lin|setting=\checkmark|metric=weighted_f1,UNI,uni,unipaper2023.patch_tcga_uniform_lin.with.weighted_f1,tcga_uniform,pan_cancer_tissue_32class,weighted_f1,0.718,0.714-0.721,frozen_uni_features,linear_probe on tcga_uniform; paper table tab:patch-tcga-uniform-lin; row setting: \checkmark.,https://arxiv.org/abs/2308.15474,accepted_public_leaf,Public dataset leaf under the exact frozen-feature protocol reported by the paper.
uni_arxiv,arxiv:2308.15474,26da25ced22b205570f480c3a562af31ed74bdaf679455f30cbcaa5dfdad4e60,tables/tables_patch_sup.tex:358|tab:patch-tcga-uniform-lin|setting=\checkmark|metric=auroc,UNI,uni,unipaper2023.patch_tcga_uniform_lin.with.auroc,tcga_uniform,pan_cancer_tissue_32class,auroc,0.975,0.974-0.976,frozen_uni_features,linear_probe on tcga_uniform; paper table tab:patch-tcga-uniform-lin; row setting: \checkmark.,https://arxiv.org/abs/2308.15474,accepted_public_leaf,Public dataset leaf under the exact frozen-feature protocol reported by the paper.
uni_arxiv,arxiv:2308.15474,26da25ced22b205570f480c3a562af31ed74bdaf679455f30cbcaa5dfdad4e60,tables/tables_patch_sup.tex:374|tab:patch-tcga-uniform-knn|setting=\xmark|metric=one_nn_balanced_accuracy,UNI,uni,unipaper2023.patch_tcga_uniform_knn.without.one_nn_balanced_accuracy,tcga_uniform,pan_cancer_tissue_32class,one_nn_balanced_accuracy,0.641,0.636-0.646,frozen_uni_features,knn on tcga_uniform; paper table tab:patch-tcga-uniform-knn; row setting: \xmark.,https://arxiv.org/abs/2308.15474,accepted_public_leaf,Public dataset leaf under the exact frozen-feature protocol reported by the paper.
uni_arxiv,arxiv:2308.15474,26da25ced22b205570f480c3a562af31ed74bdaf679455f30cbcaa5dfdad4e60,tables/tables_patch_sup.tex:374|tab:patch-tcga-uniform-knn|setting=\xmark|metric=one_nn_weighted_f1,UNI,uni,unipaper2023.patch_tcga_uniform_knn.without.one_nn_weighted_f1,tcga_uniform,pan_cancer_tissue_32class,one_nn_weighted_f1,0.675,0.671-0.679,frozen_uni_features,knn on tcga_uniform; paper table tab:patch-tcga-uniform-knn; row setting: \xmark.,https://arxiv.org/abs/2308.15474,accepted_public_leaf,Public dataset leaf under the exact frozen-feature protocol reported by the paper.
uni_arxiv,arxiv:2308.15474,26da25ced22b205570f480c3a562af31ed74bdaf679455f30cbcaa5dfdad4e60,tables/tables_patch_sup.tex:374|tab:patch-tcga-uniform-knn|setting=\xmark|metric=twenty_nn_balanced_accuracy,UNI,uni,unipaper2023.patch_tcga_uniform_knn.without.twenty_nn_balanced_accuracy,tcga_uniform,pan_cancer_tissue_32class,twenty_nn_balanced_accuracy,0.645,0.640-0.649,frozen_uni_features,knn on tcga_uniform; paper table tab:patch-tcga-uniform-knn; row setting: \xmark.,https://arxiv.org/abs/2308.15474,accepted_public_leaf,Public dataset leaf under the exact frozen-feature protocol reported by the paper.
uni_arxiv,arxiv:2308.15474,26da25ced22b205570f480c3a562af31ed74bdaf679455f30cbcaa5dfdad4e60,tables/tables_patch_sup.tex:374|tab:patch-tcga-uniform-knn|setting=\xmark|metric=twenty_nn_weighted_f1,UNI,uni,unipaper2023.patch_tcga_uniform_knn.without.twenty_nn_weighted_f1,tcga_uniform,pan_cancer_tissue_32class,twenty_nn_weighted_f1,0.707,0.703-0.711,frozen_uni_features,knn on tcga_uniform; paper table tab:patch-tcga-uniform-knn; row setting: \xmark.,https://arxiv.org/abs/2308.15474,accepted_public_leaf,Public dataset leaf under the exact frozen-feature protocol reported by the paper.
uni_arxiv,arxiv:2308.15474,26da25ced22b205570f480c3a562af31ed74bdaf679455f30cbcaa5dfdad4e60,tables/tables_patch_sup.tex:379|tab:patch-tcga-uniform-knn|setting=\checkmark|metric=one_nn_balanced_accuracy,UNI,uni,unipaper2023.patch_tcga_uniform_knn.with.one_nn_balanced_accuracy,tcga_uniform,pan_cancer_tissue_32class,one_nn_balanced_accuracy,0.591,0.586-0.597,frozen_uni_features,knn on tcga_uniform; paper table tab:patch-tcga-uniform-knn; row setting: \checkmark.,https://arxiv.org/abs/2308.15474,accepted_public_leaf,Public dataset leaf under the exact frozen-feature protocol reported by the paper.
uni_arxiv,arxiv:2308.15474,26da25ced22b205570f480c3a562af31ed74bdaf679455f30cbcaa5dfdad4e60,tables/tables_patch_sup.tex:379|tab:patch-tcga-uniform-knn|setting=\checkmark|metric=one_nn_weighted_f1,UNI,uni,unipaper2023.patch_tcga_uniform_knn.with.one_nn_weighted_f1,tcga_uniform,pan_cancer_tissue_32class,one_nn_weighted_f1,0.611,0.607-0.615,frozen_uni_features,knn on tcga_uniform; paper table tab:patch-tcga-uniform-knn; row setting: \checkmark.,https://arxiv.org/abs/2308.15474,accepted_public_leaf,Public dataset leaf under the exact frozen-feature protocol reported by the paper.
uni_arxiv,arxiv:2308.15474,26da25ced22b205570f480c3a562af31ed74bdaf679455f30cbcaa5dfdad4e60,tables/tables_patch_sup.tex:379|tab:patch-tcga-uniform-knn|setting=\checkmark|metric=twenty_nn_balanced_accuracy,UNI,uni,unipaper2023.patch_tcga_uniform_knn.with.twenty_nn_balanced_accuracy,tcga_uniform,pan_cancer_tissue_32class,twenty_nn_balanced_accuracy,0.595,0.590-0.600,frozen_uni_features,knn on tcga_uniform; paper table tab:patch-tcga-uniform-knn; row setting: \checkmark.,https://arxiv.org/abs/2308.15474,accepted_public_leaf,Public dataset leaf under the exact frozen-feature protocol reported by the paper.
uni_arxiv,arxiv:2308.15474,26da25ced22b205570f480c3a562af31ed74bdaf679455f30cbcaa5dfdad4e60,tables/tables_patch_sup.tex:379|tab:patch-tcga-uniform-knn|setting=\checkmark|metric=twenty_nn_weighted_f1,UNI,uni,unipaper2023.patch_tcga_uniform_knn.with.twenty_nn_weighted_f1,tcga_uniform,pan_cancer_tissue_32class,twenty_nn_weighted_f1,0.663,0.660-0.667,frozen_uni_features,knn on tcga_uniform; paper table tab:patch-tcga-uniform-knn; row setting: \checkmark.,https://arxiv.org/abs/2308.15474,accepted_public_leaf,Public dataset leaf under the exact frozen-feature protocol reported by the paper.
uni_arxiv,arxiv:2308.15474,26da25ced22b205570f480c3a562af31ed74bdaf679455f30cbcaa5dfdad4e60,tables/tables_patch_sup.tex:395|tab:patch-tcga-tils-lin|setting=\xmark|metric=balanced_accuracy,UNI,uni,unipaper2023.patch_tcga_tils_lin.without.balanced_accuracy,tcga_tils,til_detection_2class,balanced_accuracy,0.887,0.883-0.891,frozen_uni_features,linear_probe on tcga_tils; paper table tab:patch-tcga-tils-lin; row setting: \xmark.,https://arxiv.org/abs/2308.15474,accepted_public_leaf,Public dataset leaf under the exact frozen-feature protocol reported by the paper.
uni_arxiv,arxiv:2308.15474,26da25ced22b205570f480c3a562af31ed74bdaf679455f30cbcaa5dfdad4e60,tables/tables_patch_sup.tex:395|tab:patch-tcga-tils-lin|setting=\xmark|metric=weighted_f1,UNI,uni,unipaper2023.patch_tcga_tils_lin.without.weighted_f1,tcga_tils,til_detection_2class,weighted_f1,0.944,0.942-0.946,frozen_uni_features,linear_probe on tcga_tils; paper table tab:patch-tcga-tils-lin; row setting: \xmark.,https://arxiv.org/abs/2308.15474,accepted_public_leaf,Public dataset leaf under the exact frozen-feature protocol reported by the paper.
uni_arxiv,arxiv:2308.15474,26da25ced22b205570f480c3a562af31ed74bdaf679455f30cbcaa5dfdad4e60,tables/tables_patch_sup.tex:395|tab:patch-tcga-tils-lin|setting=\xmark|metric=auroc,UNI,uni,unipaper2023.patch_tcga_tils_lin.without.auroc,tcga_tils,til_detection_2class,auroc,0.979,0.977-0.980,frozen_uni_features,linear_probe on tcga_tils; paper table tab:patch-tcga-tils-lin; row setting: \xmark.,https://arxiv.org/abs/2308.15474,accepted_public_leaf,Public dataset leaf under the exact frozen-feature protocol reported by the paper.
uni_arxiv,arxiv:2308.15474,26da25ced22b205570f480c3a562af31ed74bdaf679455f30cbcaa5dfdad4e60,tables/tables_patch_sup.tex:400|tab:patch-tcga-tils-lin|setting=\checkmark|metric=balanced_accuracy,UNI,uni,unipaper2023.patch_tcga_tils_lin.with.balanced_accuracy,tcga_tils,til_detection_2class,balanced_accuracy,0.870,0.865-0.874,frozen_uni_features,linear_probe on tcga_tils; paper table tab:patch-tcga-tils-lin; row setting: \checkmark.,https://arxiv.org/abs/2308.15474,accepted_public_leaf,Public dataset leaf under the exact frozen-feature protocol reported by the paper.
uni_arxiv,arxiv:2308.15474,26da25ced22b205570f480c3a562af31ed74bdaf679455f30cbcaa5dfdad4e60,tables/tables_patch_sup.tex:400|tab:patch-tcga-tils-lin|setting=\checkmark|metric=weighted_f1,UNI,uni,unipaper2023.patch_tcga_tils_lin.with.weighted_f1,tcga_tils,til_detection_2class,weighted_f1,0.938,0.936-0.940,frozen_uni_features,linear_probe on tcga_tils; paper table tab:patch-tcga-tils-lin; row setting: \checkmark.,https://arxiv.org/abs/2308.15474,accepted_public_leaf,Public dataset leaf under the exact frozen-feature protocol reported by the paper.
uni_arxiv,arxiv:2308.15474,26da25ced22b205570f480c3a562af31ed74bdaf679455f30cbcaa5dfdad4e60,tables/tables_patch_sup.tex:400|tab:patch-tcga-tils-lin|setting=\checkmark|metric=auroc,UNI,uni,unipaper2023.patch_tcga_tils_lin.with.auroc,tcga_tils,til_detection_2class,auroc,0.975,0.974-0.977,frozen_uni_features,linear_probe on tcga_tils; paper table tab:patch-tcga-tils-lin; row setting: \checkmark.,https://arxiv.org/abs/2308.15474,accepted_public_leaf,Public dataset leaf under the exact frozen-feature protocol reported by the paper.
uni_arxiv,arxiv:2308.15474,26da25ced22b205570f480c3a562af31ed74bdaf679455f30cbcaa5dfdad4e60,tables/tables_patch_sup.tex:416|tab:patch-tcga-tils-knn|setting=\xmark|metric=one_nn_balanced_accuracy,UNI,uni,unipaper2023.patch_tcga_tils_knn.without.one_nn_balanced_accuracy,tcga_tils,til_detection_2class,one_nn_balanced_accuracy,0.886,0.883-0.890,frozen_uni_features,knn on tcga_tils; paper table tab:patch-tcga-tils-knn; row setting: \xmark.,https://arxiv.org/abs/2308.15474,accepted_public_leaf,Public dataset leaf under the exact frozen-feature protocol reported by the paper.
uni_arxiv,arxiv:2308.15474,26da25ced22b205570f480c3a562af31ed74bdaf679455f30cbcaa5dfdad4e60,tables/tables_patch_sup.tex:416|tab:patch-tcga-tils-knn|setting=\xmark|metric=one_nn_weighted_f1,UNI,uni,unipaper2023.patch_tcga_tils_knn.without.one_nn_weighted_f1,tcga_tils,til_detection_2class,one_nn_weighted_f1,0.931,0.929-0.933,frozen_uni_features,knn on tcga_tils; paper table tab:patch-tcga-tils-knn; row setting: \xmark.,https://arxiv.org/abs/2308.15474,accepted_public_leaf,Public dataset leaf under the exact frozen-feature protocol reported by the paper.
uni_arxiv,arxiv:2308.15474,26da25ced22b205570f480c3a562af31ed74bdaf679455f30cbcaa5dfdad4e60,tables/tables_patch_sup.tex:416|tab:patch-tcga-tils-knn|setting=\xmark|metric=twenty_nn_balanced_accuracy,UNI,uni,unipaper2023.patch_tcga_tils_knn.without.twenty_nn_balanced_accuracy,tcga_tils,til_detection_2class,twenty_nn_balanced_accuracy,0.865,0.861-0.870,frozen_uni_features,knn on tcga_tils; paper table tab:patch-tcga-tils-knn; row setting: \xmark.,https://arxiv.org/abs/2308.15474,accepted_public_leaf,Public dataset leaf under the exact frozen-feature protocol reported by the paper.
uni_arxiv,arxiv:2308.15474,26da25ced22b205570f480c3a562af31ed74bdaf679455f30cbcaa5dfdad4e60,tables/tables_patch_sup.tex:416|tab:patch-tcga-tils-knn|setting=\xmark|metric=twenty_nn_weighted_f1,UNI,uni,unipaper2023.patch_tcga_tils_knn.without.twenty_nn_weighted_f1,tcga_tils,til_detection_2class,twenty_nn_weighted_f1,0.935,0.933-0.937,frozen_uni_features,knn on tcga_tils; paper table tab:patch-tcga-tils-knn; row setting: \xmark.,https://arxiv.org/abs/2308.15474,accepted_public_leaf,Public dataset leaf under the exact frozen-feature protocol reported by the paper.
uni_arxiv,arxiv:2308.15474,26da25ced22b205570f480c3a562af31ed74bdaf679455f30cbcaa5dfdad4e60,tables/tables_patch_sup.tex:421|tab:patch-tcga-tils-knn|setting=\checkmark|metric=one_nn_balanced_accuracy,UNI,uni,unipaper2023.patch_tcga_tils_knn.with.one_nn_balanced_accuracy,tcga_tils,til_detection_2class,one_nn_balanced_accuracy,0.865,0.861-0.868,frozen_uni_features,knn on tcga_tils; paper table tab:patch-tcga-tils-knn; row setting: \checkmark.,https://arxiv.org/abs/2308.15474,accepted_public_leaf,Public dataset leaf under the exact frozen-feature protocol reported by the paper.
uni_arxiv,arxiv:2308.15474,26da25ced22b205570f480c3a562af31ed74bdaf679455f30cbcaa5dfdad4e60,tables/tables_patch_sup.tex:421|tab:patch-tcga-tils-knn|setting=\checkmark|metric=one_nn_weighted_f1,UNI,uni,unipaper2023.patch_tcga_tils_knn.with.one_nn_weighted_f1,tcga_tils,til_detection_2class,one_nn_weighted_f1,0.907,0.904-0.909,frozen_uni_features,knn on tcga_tils; paper table tab:patch-tcga-tils-knn; row setting: \checkmark.,https://arxiv.org/abs/2308.15474,accepted_public_leaf,Public dataset leaf under the exact frozen-feature protocol reported by the paper.
uni_arxiv,arxiv:2308.15474,26da25ced22b205570f480c3a562af31ed74bdaf679455f30cbcaa5dfdad4e60,tables/tables_patch_sup.tex:421|tab:patch-tcga-tils-knn|setting=\checkmark|metric=twenty_nn_balanced_accuracy,UNI,uni,unipaper2023.patch_tcga_tils_knn.with.twenty_nn_balanced_accuracy,tcga_tils,til_detection_2class,twenty_nn_balanced_accuracy,0.855,0.851-0.859,frozen_uni_features,knn on tcga_tils; paper table tab:patch-tcga-tils-knn; row setting: \checkmark.,https://arxiv.org/abs/2308.15474,accepted_public_leaf,Public dataset leaf under the exact frozen-feature protocol reported by the paper.
uni_arxiv,arxiv:2308.15474,26da25ced22b205570f480c3a562af31ed74bdaf679455f30cbcaa5dfdad4e60,tables/tables_patch_sup.tex:421|tab:patch-tcga-tils-knn|setting=\checkmark|metric=twenty_nn_weighted_f1,UNI,uni,unipaper2023.patch_tcga_tils_knn.with.twenty_nn_weighted_f1,tcga_tils,til_detection_2class,twenty_nn_weighted_f1,0.931,0.928-0.933,frozen_uni_features,knn on tcga_tils; paper table tab:patch-tcga-tils-knn; row setting: \checkmark.,https://arxiv.org/abs/2308.15474,accepted_public_leaf,Public dataset leaf under the exact frozen-feature protocol reported by the paper.
uni_arxiv,arxiv:2308.15474,26da25ced22b205570f480c3a562af31ed74bdaf679455f30cbcaa5dfdad4e60,tables/tables_slide_op.tex:12|tab:ot-43-compare|setting=\checkmark|metric=top1_accuracy,UNI,uni,unipaper2023.ot_43_compare.with.top1_accuracy,bwh_ot43,cancer_type_43class,top1_accuracy,0.720,0.698-0.741,frozen_uni_features,abmil on bwh_ot43; paper table tab:ot-43-compare; row setting: \checkmark.,https://arxiv.org/abs/2308.15474,quarantined_internal_cohort,The paper explicitly identifies OT-43 as in-house BWH data.
uni_arxiv,arxiv:2308.15474,26da25ced22b205570f480c3a562af31ed74bdaf679455f30cbcaa5dfdad4e60,tables/tables_slide_op.tex:12|tab:ot-43-compare|setting=\checkmark|metric=top3_accuracy,UNI,uni,unipaper2023.ot_43_compare.with.top3_accuracy,bwh_ot43,cancer_type_43class,top3_accuracy,0.890,0.874-0.906,frozen_uni_features,abmil on bwh_ot43; paper table tab:ot-43-compare; row setting: \checkmark.,https://arxiv.org/abs/2308.15474,quarantined_internal_cohort,The paper explicitly identifies OT-43 as in-house BWH data.
uni_arxiv,arxiv:2308.15474,26da25ced22b205570f480c3a562af31ed74bdaf679455f30cbcaa5dfdad4e60,tables/tables_slide_op.tex:12|tab:ot-43-compare|setting=\checkmark|metric=top5_accuracy,UNI,uni,unipaper2023.ot_43_compare.with.top5_accuracy,bwh_ot43,cancer_type_43class,top5_accuracy,0.935,0.924-0.947,frozen_uni_features,abmil on bwh_ot43; paper table tab:ot-43-compare; row setting: \checkmark.,https://arxiv.org/abs/2308.15474,quarantined_internal_cohort,The paper explicitly identifies OT-43 as in-house BWH data.
uni_arxiv,arxiv:2308.15474,26da25ced22b205570f480c3a562af31ed74bdaf679455f30cbcaa5dfdad4e60,tables/tables_slide_op.tex:12|tab:ot-43-compare|setting=\checkmark|metric=weighted_f1,UNI,uni,unipaper2023.ot_43_compare.with.weighted_f1,bwh_ot43,cancer_type_43class,weighted_f1,0.719,0.695-0.741,frozen_uni_features,abmil on bwh_ot43; paper table tab:ot-43-compare; row setting: \checkmark.,https://arxiv.org/abs/2308.15474,quarantined_internal_cohort,The paper explicitly identifies OT-43 as in-house BWH data.
uni_arxiv,arxiv:2308.15474,26da25ced22b205570f480c3a562af31ed74bdaf679455f30cbcaa5dfdad4e60,tables/tables_slide_op.tex:12|tab:ot-43-compare|setting=\checkmark|metric=auroc,UNI,uni,unipaper2023.ot_43_compare.with.auroc,bwh_ot43,cancer_type_43class,auroc,0.976,0.972-0.981,frozen_uni_features,abmil on bwh_ot43; paper table tab:ot-43-compare; row setting: \checkmark.,https://arxiv.org/abs/2308.15474,quarantined_internal_cohort,The paper explicitly identifies OT-43 as in-house BWH data.
uni_arxiv,arxiv:2308.15474,26da25ced22b205570f480c3a562af31ed74bdaf679455f30cbcaa5dfdad4e60,tables/tables_slide_op.tex:17|tab:ot-43-compare|setting=\xmark|metric=top1_accuracy,UNI,uni,unipaper2023.ot_43_compare.without.top1_accuracy,bwh_ot43,cancer_type_43class,top1_accuracy,0.731,0.709-0.752,frozen_uni_features,abmil on bwh_ot43; paper table tab:ot-43-compare; row setting: \xmark.,https://arxiv.org/abs/2308.15474,quarantined_internal_cohort,The paper explicitly identifies OT-43 as in-house BWH data.
uni_arxiv,arxiv:2308.15474,26da25ced22b205570f480c3a562af31ed74bdaf679455f30cbcaa5dfdad4e60,tables/tables_slide_op.tex:17|tab:ot-43-compare|setting=\xmark|metric=top3_accuracy,UNI,uni,unipaper2023.ot_43_compare.without.top3_accuracy,bwh_ot43,cancer_type_43class,top3_accuracy,0.894,0.879-0.910,frozen_uni_features,abmil on bwh_ot43; paper table tab:ot-43-compare; row setting: \xmark.,https://arxiv.org/abs/2308.15474,quarantined_internal_cohort,The paper explicitly identifies OT-43 as in-house BWH data.
uni_arxiv,arxiv:2308.15474,26da25ced22b205570f480c3a562af31ed74bdaf679455f30cbcaa5dfdad4e60,tables/tables_slide_op.tex:17|tab:ot-43-compare|setting=\xmark|metric=top5_accuracy,UNI,uni,unipaper2023.ot_43_compare.without.top5_accuracy,bwh_ot43,cancer_type_43class,top5_accuracy,0.938,0.926-0.949,frozen_uni_features,abmil on bwh_ot43; paper table tab:ot-43-compare; row setting: \xmark.,https://arxiv.org/abs/2308.15474,quarantined_internal_cohort,The paper explicitly identifies OT-43 as in-house BWH data.
uni_arxiv,arxiv:2308.15474,26da25ced22b205570f480c3a562af31ed74bdaf679455f30cbcaa5dfdad4e60,tables/tables_slide_op.tex:17|tab:ot-43-compare|setting=\xmark|metric=weighted_f1,UNI,uni,unipaper2023.ot_43_compare.without.weighted_f1,bwh_ot43,cancer_type_43class,weighted_f1,0.729,0.706-0.750,frozen_uni_features,abmil on bwh_ot43; paper table tab:ot-43-compare; row setting: \xmark.,https://arxiv.org/abs/2308.15474,quarantined_internal_cohort,The paper explicitly identifies OT-43 as in-house BWH data.
uni_arxiv,arxiv:2308.15474,26da25ced22b205570f480c3a562af31ed74bdaf679455f30cbcaa5dfdad4e60,tables/tables_slide_op.tex:17|tab:ot-43-compare|setting=\xmark|metric=auroc,UNI,uni,unipaper2023.ot_43_compare.without.auroc,bwh_ot43,cancer_type_43class,auroc,0.976,0.971-0.981,frozen_uni_features,abmil on bwh_ot43; paper table tab:ot-43-compare; row setting: \xmark.,https://arxiv.org/abs/2308.15474,quarantined_internal_cohort,The paper explicitly identifies OT-43 as in-house BWH data.
uni_arxiv,arxiv:2308.15474,26da25ced22b205570f480c3a562af31ed74bdaf679455f30cbcaa5dfdad4e60,tables/tables_slide_op.tex:62|tab:ot-108-compare|setting=\checkmark|metric=top1_accuracy,UNI,uni,unipaper2023.ot_108_compare.with.top1_accuracy,bwh_ot108,oncotree_108class,top1_accuracy,0.525,0.501-0.549,frozen_uni_features,abmil on bwh_ot108; paper table tab:ot-108-compare; row setting: \checkmark.,https://arxiv.org/abs/2308.15474,quarantined_internal_cohort,The paper explicitly identifies OT-108 as in-house BWH data.
uni_arxiv,arxiv:2308.15474,26da25ced22b205570f480c3a562af31ed74bdaf679455f30cbcaa5dfdad4e60,tables/tables_slide_op.tex:62|tab:ot-108-compare|setting=\checkmark|metric=top3_accuracy,UNI,uni,unipaper2023.ot_108_compare.with.top3_accuracy,bwh_ot108,oncotree_108class,top3_accuracy,0.751,0.728-0.772,frozen_uni_features,abmil on bwh_ot108; paper table tab:ot-108-compare; row setting: \checkmark.,https://arxiv.org/abs/2308.15474,quarantined_internal_cohort,The paper explicitly identifies OT-108 as in-house BWH data.
uni_arxiv,arxiv:2308.15474,26da25ced22b205570f480c3a562af31ed74bdaf679455f30cbcaa5dfdad4e60,tables/tables_slide_op.tex:62|tab:ot-108-compare|setting=\checkmark|metric=top5_accuracy,UNI,uni,unipaper2023.ot_108_compare.with.top5_accuracy,bwh_ot108,oncotree_108class,top5_accuracy,0.829,0.812-0.847,frozen_uni_features,abmil on bwh_ot108; paper table tab:ot-108-compare; row setting: \checkmark.,https://arxiv.org/abs/2308.15474,quarantined_internal_cohort,The paper explicitly identifies OT-108 as in-house BWH data.
uni_arxiv,arxiv:2308.15474,26da25ced22b205570f480c3a562af31ed74bdaf679455f30cbcaa5dfdad4e60,tables/tables_slide_op.tex:62|tab:ot-108-compare|setting=\checkmark|metric=weighted_f1,UNI,uni,unipaper2023.ot_108_compare.with.weighted_f1,bwh_ot108,oncotree_108class,weighted_f1,0.509,0.483-0.534,frozen_uni_features,abmil on bwh_ot108; paper table tab:ot-108-compare; row setting: \checkmark.,https://arxiv.org/abs/2308.15474,quarantined_internal_cohort,The paper explicitly identifies OT-108 as in-house BWH data.
uni_arxiv,arxiv:2308.15474,26da25ced22b205570f480c3a562af31ed74bdaf679455f30cbcaa5dfdad4e60,tables/tables_slide_op.tex:62|tab:ot-108-compare|setting=\checkmark|metric=auroc,UNI,uni,unipaper2023.ot_108_compare.with.auroc,bwh_ot108,oncotree_108class,auroc,0.971,0.967-0.975,frozen_uni_features,abmil on bwh_ot108; paper table tab:ot-108-compare; row setting: \checkmark.,https://arxiv.org/abs/2308.15474,quarantined_internal_cohort,The paper explicitly identifies OT-108 as in-house BWH data.
uni_arxiv,arxiv:2308.15474,26da25ced22b205570f480c3a562af31ed74bdaf679455f30cbcaa5dfdad4e60,tables/tables_slide_op.tex:67|tab:ot-108-compare|setting=\xmark|metric=top1_accuracy,UNI,uni,unipaper2023.ot_108_compare.without.top1_accuracy,bwh_ot108,oncotree_108class,top1_accuracy,0.538,0.514-0.562,frozen_uni_features,abmil on bwh_ot108; paper table tab:ot-108-compare; row setting: \xmark.,https://arxiv.org/abs/2308.15474,quarantined_internal_cohort,The paper explicitly identifies OT-108 as in-house BWH data.
uni_arxiv,arxiv:2308.15474,26da25ced22b205570f480c3a562af31ed74bdaf679455f30cbcaa5dfdad4e60,tables/tables_slide_op.tex:67|tab:ot-108-compare|setting=\xmark|metric=top3_accuracy,UNI,uni,unipaper2023.ot_108_compare.without.top3_accuracy,bwh_ot108,oncotree_108class,top3_accuracy,0.759,0.738-0.781,frozen_uni_features,abmil on bwh_ot108; paper table tab:ot-108-compare; row setting: \xmark.,https://arxiv.org/abs/2308.15474,quarantined_internal_cohort,The paper explicitly identifies OT-108 as in-house BWH data.
uni_arxiv,arxiv:2308.15474,26da25ced22b205570f480c3a562af31ed74bdaf679455f30cbcaa5dfdad4e60,tables/tables_slide_op.tex:67|tab:ot-108-compare|setting=\xmark|metric=top5_accuracy,UNI,uni,unipaper2023.ot_108_compare.without.top5_accuracy,bwh_ot108,oncotree_108class,top5_accuracy,0.843,0.826-0.860,frozen_uni_features,abmil on bwh_ot108; paper table tab:ot-108-compare; row setting: \xmark.,https://arxiv.org/abs/2308.15474,quarantined_internal_cohort,The paper explicitly identifies OT-108 as in-house BWH data.
uni_arxiv,arxiv:2308.15474,26da25ced22b205570f480c3a562af31ed74bdaf679455f30cbcaa5dfdad4e60,tables/tables_slide_op.tex:67|tab:ot-108-compare|setting=\xmark|metric=weighted_f1,UNI,uni,unipaper2023.ot_108_compare.without.weighted_f1,bwh_ot108,oncotree_108class,weighted_f1,0.522,0.498-0.548,frozen_uni_features,abmil on bwh_ot108; paper table tab:ot-108-compare; row setting: \xmark.,https://arxiv.org/abs/2308.15474,quarantined_internal_cohort,The paper explicitly identifies OT-108 as in-house BWH data.
uni_arxiv,arxiv:2308.15474,26da25ced22b205570f480c3a562af31ed74bdaf679455f30cbcaa5dfdad4e60,tables/tables_slide_op.tex:67|tab:ot-108-compare|setting=\xmark|metric=auroc,UNI,uni,unipaper2023.ot_108_compare.without.auroc,bwh_ot108,oncotree_108class,auroc,0.972,0.968-0.976,frozen_uni_features,abmil on bwh_ot108; paper table tab:ot-108-compare; row setting: \xmark.,https://arxiv.org/abs/2308.15474,quarantined_internal_cohort,The paper explicitly identifies OT-108 as in-house BWH data.
uni_arxiv,arxiv:2308.15474,26da25ced22b205570f480c3a562af31ed74bdaf679455f30cbcaa5dfdad4e60,"tables/tables_slide_proto.tex:10|tab:proto-nsclc|setting=TCGA, 5|metric=balanced_accuracy",UNI,uni,unipaper2023.proto_nsclc.tcga.5.balanced_accuracy,tcga_cptac_nsclc_tcga,nsclc_subtyping_2class,balanced_accuracy,0.908,0.847-0.960,frozen_uni_features,"mi_simpleshot on tcga_cptac_nsclc_tcga; paper table tab:proto-nsclc; row setting: TCGA, 5.",https://arxiv.org/abs/2308.15474,accepted_public_leaf,Public dataset leaf under the exact frozen-feature protocol reported by the paper.
uni_arxiv,arxiv:2308.15474,26da25ced22b205570f480c3a562af31ed74bdaf679455f30cbcaa5dfdad4e60,"tables/tables_slide_proto.tex:10|tab:proto-nsclc|setting=TCGA, 5|metric=weighted_f1",UNI,uni,unipaper2023.proto_nsclc.tcga.5.weighted_f1,tcga_cptac_nsclc_tcga,nsclc_subtyping_2class,weighted_f1,0.908,0.847-0.959,frozen_uni_features,"mi_simpleshot on tcga_cptac_nsclc_tcga; paper table tab:proto-nsclc; row setting: TCGA, 5.",https://arxiv.org/abs/2308.15474,accepted_public_leaf,Public dataset leaf under the exact frozen-feature protocol reported by the paper.
uni_arxiv,arxiv:2308.15474,26da25ced22b205570f480c3a562af31ed74bdaf679455f30cbcaa5dfdad4e60,"tables/tables_slide_proto.tex:15|tab:proto-nsclc|setting=TCGA, 50|metric=balanced_accuracy",UNI,uni,unipaper2023.proto_nsclc.tcga.50.balanced_accuracy,tcga_cptac_nsclc_tcga,nsclc_subtyping_2class,balanced_accuracy,0.918,0.863-0.970,frozen_uni_features,"mi_simpleshot on tcga_cptac_nsclc_tcga; paper table tab:proto-nsclc; row setting: TCGA, 50.",https://arxiv.org/abs/2308.15474,accepted_public_leaf,Public dataset leaf under the exact frozen-feature protocol reported by the paper.
uni_arxiv,arxiv:2308.15474,26da25ced22b205570f480c3a562af31ed74bdaf679455f30cbcaa5dfdad4e60,"tables/tables_slide_proto.tex:15|tab:proto-nsclc|setting=TCGA, 50|metric=weighted_f1",UNI,uni,unipaper2023.proto_nsclc.tcga.50.weighted_f1,tcga_cptac_nsclc_tcga,nsclc_subtyping_2class,weighted_f1,0.918,0.867-0.969,frozen_uni_features,"mi_simpleshot on tcga_cptac_nsclc_tcga; paper table tab:proto-nsclc; row setting: TCGA, 50.",https://arxiv.org/abs/2308.15474,accepted_public_leaf,Public dataset leaf under the exact frozen-feature protocol reported by the paper.
uni_arxiv,arxiv:2308.15474,26da25ced22b205570f480c3a562af31ed74bdaf679455f30cbcaa5dfdad4e60,"tables/tables_slide_proto.tex:20|tab:proto-nsclc|setting=CPTAC, 5|metric=balanced_accuracy",UNI,uni,unipaper2023.proto_nsclc.cptac.5.balanced_accuracy,tcga_cptac_nsclc_cptac,nsclc_subtyping_2class,balanced_accuracy,0.902,0.882-0.918,frozen_uni_features,"mi_simpleshot on tcga_cptac_nsclc_cptac; paper table tab:proto-nsclc; row setting: CPTAC, 5.",https://arxiv.org/abs/2308.15474,accepted_public_leaf,Public dataset leaf under the exact frozen-feature protocol reported by the paper.
uni_arxiv,arxiv:2308.15474,26da25ced22b205570f480c3a562af31ed74bdaf679455f30cbcaa5dfdad4e60,"tables/tables_slide_proto.tex:20|tab:proto-nsclc|setting=CPTAC, 5|metric=weighted_f1",UNI,uni,unipaper2023.proto_nsclc.cptac.5.weighted_f1,tcga_cptac_nsclc_cptac,nsclc_subtyping_2class,weighted_f1,0.902,0.883-0.919,frozen_uni_features,"mi_simpleshot on tcga_cptac_nsclc_cptac; paper table tab:proto-nsclc; row setting: CPTAC, 5.",https://arxiv.org/abs/2308.15474,accepted_public_leaf,Public dataset leaf under the exact frozen-feature protocol reported by the paper.
uni_arxiv,arxiv:2308.15474,26da25ced22b205570f480c3a562af31ed74bdaf679455f30cbcaa5dfdad4e60,"tables/tables_slide_proto.tex:25|tab:proto-nsclc|setting=CPTAC, 50|metric=balanced_accuracy",UNI,uni,unipaper2023.proto_nsclc.cptac.50.balanced_accuracy,tcga_cptac_nsclc_cptac,nsclc_subtyping_2class,balanced_accuracy,0.901,0.882-0.918,frozen_uni_features,"mi_simpleshot on tcga_cptac_nsclc_cptac; paper table tab:proto-nsclc; row setting: CPTAC, 50.",https://arxiv.org/abs/2308.15474,accepted_public_leaf,Public dataset leaf under the exact frozen-feature protocol reported by the paper.
uni_arxiv,arxiv:2308.15474,26da25ced22b205570f480c3a562af31ed74bdaf679455f30cbcaa5dfdad4e60,"tables/tables_slide_proto.tex:25|tab:proto-nsclc|setting=CPTAC, 50|metric=weighted_f1",UNI,uni,unipaper2023.proto_nsclc.cptac.50.weighted_f1,tcga_cptac_nsclc_cptac,nsclc_subtyping_2class,weighted_f1,0.901,0.883-0.918,frozen_uni_features,"mi_simpleshot on tcga_cptac_nsclc_cptac; paper table tab:proto-nsclc; row setting: CPTAC, 50.",https://arxiv.org/abs/2308.15474,accepted_public_leaf,Public dataset leaf under the exact frozen-feature protocol reported by the paper.
uni_arxiv,arxiv:2308.15474,26da25ced22b205570f480c3a562af31ed74bdaf679455f30cbcaa5dfdad4e60,"tables/tables_slide_proto.tex:46|tab:proto-rcc|setting=TCGA, 5|metric=balanced_accuracy",UNI,uni,unipaper2023.proto_rcc.tcga.5.balanced_accuracy,tcga_cptac_dhmc_rcc_tcga,rcc_subtyping_3class,balanced_accuracy,0.928,0.886-0.964,frozen_uni_features,"mi_simpleshot on tcga_cptac_dhmc_rcc_tcga; paper table tab:proto-rcc; row setting: TCGA, 5.",https://arxiv.org/abs/2308.15474,accepted_public_leaf,Public dataset leaf under the exact frozen-feature protocol reported by the paper.
uni_arxiv,arxiv:2308.15474,26da25ced22b205570f480c3a562af31ed74bdaf679455f30cbcaa5dfdad4e60,"tables/tables_slide_proto.tex:46|tab:proto-rcc|setting=TCGA, 5|metric=weighted_f1",UNI,uni,unipaper2023.proto_rcc.tcga.5.weighted_f1,tcga_cptac_dhmc_rcc_tcga,rcc_subtyping_3class,weighted_f1,0.888,0.827-0.940,frozen_uni_features,"mi_simpleshot on tcga_cptac_dhmc_rcc_tcga; paper table tab:proto-rcc; row setting: TCGA, 5.",https://arxiv.org/abs/2308.15474,accepted_public_leaf,Public dataset leaf under the exact frozen-feature protocol reported by the paper.
uni_arxiv,arxiv:2308.15474,26da25ced22b205570f480c3a562af31ed74bdaf679455f30cbcaa5dfdad4e60,"tables/tables_slide_proto.tex:51|tab:proto-rcc|setting=TCGA, 50|metric=balanced_accuracy",UNI,uni,unipaper2023.proto_rcc.tcga.50.balanced_accuracy,tcga_cptac_dhmc_rcc_tcga,rcc_subtyping_3class,balanced_accuracy,0.938,0.903-0.969,frozen_uni_features,"mi_simpleshot on tcga_cptac_dhmc_rcc_tcga; paper table tab:proto-rcc; row setting: TCGA, 50.",https://arxiv.org/abs/2308.15474,accepted_public_leaf,Public dataset leaf under the exact frozen-feature protocol reported by the paper.
uni_arxiv,arxiv:2308.15474,26da25ced22b205570f480c3a562af31ed74bdaf679455f30cbcaa5dfdad4e60,"tables/tables_slide_proto.tex:51|tab:proto-rcc|setting=TCGA, 50|metric=weighted_f1",UNI,uni,unipaper2023.proto_rcc.tcga.50.weighted_f1,tcga_cptac_dhmc_rcc_tcga,rcc_subtyping_3class,weighted_f1,0.897,0.837-0.949,frozen_uni_features,"mi_simpleshot on tcga_cptac_dhmc_rcc_tcga; paper table tab:proto-rcc; row setting: TCGA, 50.",https://arxiv.org/abs/2308.15474,accepted_public_leaf,Public dataset leaf under the exact frozen-feature protocol reported by the paper.
uni_arxiv,arxiv:2308.15474,26da25ced22b205570f480c3a562af31ed74bdaf679455f30cbcaa5dfdad4e60,"tables/tables_slide_proto.tex:56|tab:proto-rcc|setting=CPTAC, 5|metric=balanced_accuracy",UNI,uni,unipaper2023.proto_rcc.cptac.5.balanced_accuracy,tcga_cptac_dhmc_rcc_cptac,rcc_subtyping_3class,balanced_accuracy,0.952,0.940-0.961,frozen_uni_features,"mi_simpleshot on tcga_cptac_dhmc_rcc_cptac; paper table tab:proto-rcc; row setting: CPTAC, 5.",https://arxiv.org/abs/2308.15474,accepted_public_leaf,Public dataset leaf under the exact frozen-feature protocol reported by the paper.
uni_arxiv,arxiv:2308.15474,26da25ced22b205570f480c3a562af31ed74bdaf679455f30cbcaa5dfdad4e60,"tables/tables_slide_proto.tex:56|tab:proto-rcc|setting=CPTAC, 5|metric=weighted_f1",UNI,uni,unipaper2023.proto_rcc.cptac.5.weighted_f1,tcga_cptac_dhmc_rcc_cptac,rcc_subtyping_3class,weighted_f1,0.896,0.878-0.914,frozen_uni_features,"mi_simpleshot on tcga_cptac_dhmc_rcc_cptac; paper table tab:proto-rcc; row setting: CPTAC, 5.",https://arxiv.org/abs/2308.15474,accepted_public_leaf,Public dataset leaf under the exact frozen-feature protocol reported by the paper.
uni_arxiv,arxiv:2308.15474,26da25ced22b205570f480c3a562af31ed74bdaf679455f30cbcaa5dfdad4e60,"tables/tables_slide_proto.tex:61|tab:proto-rcc|setting=CPTAC, 50|metric=balanced_accuracy",UNI,uni,unipaper2023.proto_rcc.cptac.50.balanced_accuracy,tcga_cptac_dhmc_rcc_cptac,rcc_subtyping_3class,balanced_accuracy,0.957,0.946-0.967,frozen_uni_features,"mi_simpleshot on tcga_cptac_dhmc_rcc_cptac; paper table tab:proto-rcc; row setting: CPTAC, 50.",https://arxiv.org/abs/2308.15474,accepted_public_leaf,Public dataset leaf under the exact frozen-feature protocol reported by the paper.
uni_arxiv,arxiv:2308.15474,26da25ced22b205570f480c3a562af31ed74bdaf679455f30cbcaa5dfdad4e60,"tables/tables_slide_proto.tex:61|tab:proto-rcc|setting=CPTAC, 50|metric=weighted_f1",UNI,uni,unipaper2023.proto_rcc.cptac.50.weighted_f1,tcga_cptac_dhmc_rcc_cptac,rcc_subtyping_3class,weighted_f1,0.909,0.892-0.925,frozen_uni_features,"mi_simpleshot on tcga_cptac_dhmc_rcc_cptac; paper table tab:proto-rcc; row setting: CPTAC, 50.",https://arxiv.org/abs/2308.15474,accepted_public_leaf,Public dataset leaf under the exact frozen-feature protocol reported by the paper.
uni_arxiv,arxiv:2308.15474,26da25ced22b205570f480c3a562af31ed74bdaf679455f30cbcaa5dfdad4e60,tables/tables_slide_sup.tex:10|tab:slide-c16|setting=default setting|metric=balanced_accuracy,UNI,uni,unipaper2023.slide_c16.default.balanced_accuracy,camelyon16,breast_metastasis_2class,balanced_accuracy,0.957,0.911-0.991,frozen_uni_features,abmil on camelyon16; paper table tab:slide-c16; row setting: default setting.,https://arxiv.org/abs/2308.15474,accepted_public_leaf,Public dataset leaf under the exact frozen-feature protocol reported by the paper.
uni_arxiv,arxiv:2308.15474,26da25ced22b205570f480c3a562af31ed74bdaf679455f30cbcaa5dfdad4e60,tables/tables_slide_sup.tex:10|tab:slide-c16|setting=default setting|metric=weighted_f1,UNI,uni,unipaper2023.slide_c16.default.weighted_f1,camelyon16,breast_metastasis_2class,weighted_f1,0.961,0.922-0.992,frozen_uni_features,abmil on camelyon16; paper table tab:slide-c16; row setting: default setting.,https://arxiv.org/abs/2308.15474,accepted_public_leaf,Public dataset leaf under the exact frozen-feature protocol reported by the paper.
uni_arxiv,arxiv:2308.15474,26da25ced22b205570f480c3a562af31ed74bdaf679455f30cbcaa5dfdad4e60,tables/tables_slide_sup.tex:10|tab:slide-c16|setting=default setting|metric=auroc,UNI,uni,unipaper2023.slide_c16.default.auroc,camelyon16,breast_metastasis_2class,auroc,0.975,0.937-1.000,frozen_uni_features,abmil on camelyon16; paper table tab:slide-c16; row setting: default setting.,https://arxiv.org/abs/2308.15474,accepted_public_leaf,Public dataset leaf under the exact frozen-feature protocol reported by the paper.
uni_arxiv,arxiv:2308.15474,26da25ced22b205570f480c3a562af31ed74bdaf679455f30cbcaa5dfdad4e60,tables/tables_slide_sup.tex:26|tab:slide-nsclc|setting=TCGA|metric=balanced_accuracy,UNI,uni,unipaper2023.slide_nsclc.tcga.balanced_accuracy,tcga_cptac_nsclc_tcga,nsclc_subtyping_2class,balanced_accuracy,0.969,0.932-1.000,frozen_uni_features,abmil on tcga_cptac_nsclc_tcga; paper table tab:slide-nsclc; row setting: TCGA.,https://arxiv.org/abs/2308.15474,accepted_public_leaf,Public dataset leaf under the exact frozen-feature protocol reported by the paper.
uni_arxiv,arxiv:2308.15474,26da25ced22b205570f480c3a562af31ed74bdaf679455f30cbcaa5dfdad4e60,tables/tables_slide_sup.tex:26|tab:slide-nsclc|setting=TCGA|metric=weighted_f1,UNI,uni,unipaper2023.slide_nsclc.tcga.weighted_f1,tcga_cptac_nsclc_tcga,nsclc_subtyping_2class,weighted_f1,0.969,0.929-1.000,frozen_uni_features,abmil on tcga_cptac_nsclc_tcga; paper table tab:slide-nsclc; row setting: TCGA.,https://arxiv.org/abs/2308.15474,accepted_public_leaf,Public dataset leaf under the exact frozen-feature protocol reported by the paper.
uni_arxiv,arxiv:2308.15474,26da25ced22b205570f480c3a562af31ed74bdaf679455f30cbcaa5dfdad4e60,tables/tables_slide_sup.tex:26|tab:slide-nsclc|setting=TCGA|metric=auroc,UNI,uni,unipaper2023.slide_nsclc.tcga.auroc,tcga_cptac_nsclc_tcga,nsclc_subtyping_2class,auroc,0.997,0.989-1.000,frozen_uni_features,abmil on tcga_cptac_nsclc_tcga; paper table tab:slide-nsclc; row setting: TCGA.,https://arxiv.org/abs/2308.15474,accepted_public_leaf,Public dataset leaf under the exact frozen-feature protocol reported by the paper.
uni_arxiv,arxiv:2308.15474,26da25ced22b205570f480c3a562af31ed74bdaf679455f30cbcaa5dfdad4e60,tables/tables_slide_sup.tex:31|tab:slide-nsclc|setting=CPTAC|metric=balanced_accuracy,UNI,uni,unipaper2023.slide_nsclc.cptac.balanced_accuracy,tcga_cptac_nsclc_cptac,nsclc_subtyping_2class,balanced_accuracy,0.889,0.870-0.908,frozen_uni_features,abmil on tcga_cptac_nsclc_cptac; paper table tab:slide-nsclc; row setting: CPTAC.,https://arxiv.org/abs/2308.15474,accepted_public_leaf,Public dataset leaf under the exact frozen-feature protocol reported by the paper.
uni_arxiv,arxiv:2308.15474,26da25ced22b205570f480c3a562af31ed74bdaf679455f30cbcaa5dfdad4e60,tables/tables_slide_sup.tex:31|tab:slide-nsclc|setting=CPTAC|metric=weighted_f1,UNI,uni,unipaper2023.slide_nsclc.cptac.weighted_f1,tcga_cptac_nsclc_cptac,nsclc_subtyping_2class,weighted_f1,0.891,0.872-0.909,frozen_uni_features,abmil on tcga_cptac_nsclc_cptac; paper table tab:slide-nsclc; row setting: CPTAC.,https://arxiv.org/abs/2308.15474,accepted_public_leaf,Public dataset leaf under the exact frozen-feature protocol reported by the paper.
uni_arxiv,arxiv:2308.15474,26da25ced22b205570f480c3a562af31ed74bdaf679455f30cbcaa5dfdad4e60,tables/tables_slide_sup.tex:31|tab:slide-nsclc|setting=CPTAC|metric=auroc,UNI,uni,unipaper2023.slide_nsclc.cptac.auroc,tcga_cptac_nsclc_cptac,nsclc_subtyping_2class,auroc,0.958,0.946-0.969,frozen_uni_features,abmil on tcga_cptac_nsclc_cptac; paper table tab:slide-nsclc; row setting: CPTAC.,https://arxiv.org/abs/2308.15474,accepted_public_leaf,Public dataset leaf under the exact frozen-feature protocol reported by the paper.
uni_arxiv,arxiv:2308.15474,26da25ced22b205570f480c3a562af31ed74bdaf679455f30cbcaa5dfdad4e60,tables/tables_slide_sup.tex:53|tab:slide-rcc|setting=TCGA|metric=balanced_accuracy,UNI,uni,unipaper2023.slide_rcc.tcga.balanced_accuracy,tcga_cptac_dhmc_rcc_tcga,rcc_subtyping_3class,balanced_accuracy,0.947,0.875-0.994,frozen_uni_features,abmil on tcga_cptac_dhmc_rcc_tcga; paper table tab:slide-rcc; row setting: TCGA.,https://arxiv.org/abs/2308.15474,accepted_public_leaf,Public dataset leaf under the exact frozen-feature protocol reported by the paper.
uni_arxiv,arxiv:2308.15474,26da25ced22b205570f480c3a562af31ed74bdaf679455f30cbcaa5dfdad4e60,tables/tables_slide_sup.tex:53|tab:slide-rcc|setting=TCGA|metric=weighted_f1,UNI,uni,unipaper2023.slide_rcc.tcga.weighted_f1,tcga_cptac_dhmc_rcc_tcga,rcc_subtyping_3class,weighted_f1,0.959,0.918-0.990,frozen_uni_features,abmil on tcga_cptac_dhmc_rcc_tcga; paper table tab:slide-rcc; row setting: TCGA.,https://arxiv.org/abs/2308.15474,accepted_public_leaf,Public dataset leaf under the exact frozen-feature protocol reported by the paper.
uni_arxiv,arxiv:2308.15474,26da25ced22b205570f480c3a562af31ed74bdaf679455f30cbcaa5dfdad4e60,tables/tables_slide_sup.tex:53|tab:slide-rcc|setting=TCGA|metric=auroc,UNI,uni,unipaper2023.slide_rcc.tcga.auroc,tcga_cptac_dhmc_rcc_tcga,rcc_subtyping_3class,auroc,0.994,0.984-1.000,frozen_uni_features,abmil on tcga_cptac_dhmc_rcc_tcga; paper table tab:slide-rcc; row setting: TCGA.,https://arxiv.org/abs/2308.15474,accepted_public_leaf,Public dataset leaf under the exact frozen-feature protocol reported by the paper.
uni_arxiv,arxiv:2308.15474,26da25ced22b205570f480c3a562af31ed74bdaf679455f30cbcaa5dfdad4e60,tables/tables_slide_sup.tex:58|tab:slide-rcc|setting=CPTAC-DHMC|metric=balanced_accuracy,UNI,uni,unipaper2023.slide_rcc.cptac_dhmc.balanced_accuracy,tcga_cptac_dhmc_rcc_cptac_dhmc,rcc_subtyping_3class,balanced_accuracy,0.963,0.930-0.987,frozen_uni_features,abmil on tcga_cptac_dhmc_rcc_cptac_dhmc; paper table tab:slide-rcc; row setting: CPTAC-DHMC.,https://arxiv.org/abs/2308.15474,accepted_public_leaf,Public dataset leaf under the exact frozen-feature protocol reported by the paper.
uni_arxiv,arxiv:2308.15474,26da25ced22b205570f480c3a562af31ed74bdaf679455f30cbcaa5dfdad4e60,tables/tables_slide_sup.tex:58|tab:slide-rcc|setting=CPTAC-DHMC|metric=weighted_f1,UNI,uni,unipaper2023.slide_rcc.cptac_dhmc.weighted_f1,tcga_cptac_dhmc_rcc_cptac_dhmc,rcc_subtyping_3class,weighted_f1,0.971,0.960-0.981,frozen_uni_features,abmil on tcga_cptac_dhmc_rcc_cptac_dhmc; paper table tab:slide-rcc; row setting: CPTAC-DHMC.,https://arxiv.org/abs/2308.15474,accepted_public_leaf,Public dataset leaf under the exact frozen-feature protocol reported by the paper.
uni_arxiv,arxiv:2308.15474,26da25ced22b205570f480c3a562af31ed74bdaf679455f30cbcaa5dfdad4e60,tables/tables_slide_sup.tex:58|tab:slide-rcc|setting=CPTAC-DHMC|metric=auroc,UNI,uni,unipaper2023.slide_rcc.cptac_dhmc.auroc,tcga_cptac_dhmc_rcc_cptac_dhmc,rcc_subtyping_3class,auroc,0.993,0.985-0.998,frozen_uni_features,abmil on tcga_cptac_dhmc_rcc_cptac_dhmc; paper table tab:slide-rcc; row setting: CPTAC-DHMC.,https://arxiv.org/abs/2308.15474,accepted_public_leaf,Public dataset leaf under the exact frozen-feature protocol reported by the paper.
uni_arxiv,arxiv:2308.15474,26da25ced22b205570f480c3a562af31ed74bdaf679455f30cbcaa5dfdad4e60,tables/tables_slide_sup.tex:74|tab:slide-dhmc|setting=default setting|metric=balanced_accuracy,UNI,uni,unipaper2023.slide_dhmc.default.balanced_accuracy,dhmc_kidney,rcc_subtyping_5class,balanced_accuracy,0.919,0.852-0.968,frozen_uni_features,abmil on dhmc_kidney; paper table tab:slide-dhmc; row setting: default setting.,https://arxiv.org/abs/2308.15474,accepted_public_leaf,Public dataset leaf under the exact frozen-feature protocol reported by the paper.
uni_arxiv,arxiv:2308.15474,26da25ced22b205570f480c3a562af31ed74bdaf679455f30cbcaa5dfdad4e60,tables/tables_slide_sup.tex:74|tab:slide-dhmc|setting=default setting|metric=weighted_f1,UNI,uni,unipaper2023.slide_dhmc.default.weighted_f1,dhmc_kidney,rcc_subtyping_5class,weighted_f1,0.926,0.882-0.966,frozen_uni_features,abmil on dhmc_kidney; paper table tab:slide-dhmc; row setting: default setting.,https://arxiv.org/abs/2308.15474,accepted_public_leaf,Public dataset leaf under the exact frozen-feature protocol reported by the paper.
uni_arxiv,arxiv:2308.15474,26da25ced22b205570f480c3a562af31ed74bdaf679455f30cbcaa5dfdad4e60,tables/tables_slide_sup.tex:74|tab:slide-dhmc|setting=default setting|metric=auroc,UNI,uni,unipaper2023.slide_dhmc.default.auroc,dhmc_kidney,rcc_subtyping_5class,auroc,0.993,0.983-0.999,frozen_uni_features,abmil on dhmc_kidney; paper table tab:slide-dhmc; row setting: default setting.,https://arxiv.org/abs/2308.15474,accepted_public_leaf,Public dataset leaf under the exact frozen-feature protocol reported by the paper.
uni_arxiv,arxiv:2308.15474,26da25ced22b205570f480c3a562af31ed74bdaf679455f30cbcaa5dfdad4e60,tables/tables_slide_sup.tex:90|tab:slide-huncrc|setting=default setting|metric=balanced_accuracy,UNI,uni,unipaper2023.slide_huncrc.default.balanced_accuracy,huncrc,crc_screening_4class,balanced_accuracy,0.643,0.549-0.725,frozen_uni_features,abmil on huncrc; paper table tab:slide-huncrc; row setting: default setting.,https://arxiv.org/abs/2308.15474,accepted_public_leaf,Public dataset leaf under the exact frozen-feature protocol reported by the paper.
uni_arxiv,arxiv:2308.15474,26da25ced22b205570f480c3a562af31ed74bdaf679455f30cbcaa5dfdad4e60,tables/tables_slide_sup.tex:90|tab:slide-huncrc|setting=default setting|metric=weighted_f1,UNI,uni,unipaper2023.slide_huncrc.default.weighted_f1,huncrc,crc_screening_4class,weighted_f1,0.824,0.706-0.931,frozen_uni_features,abmil on huncrc; paper table tab:slide-huncrc; row setting: default setting.,https://arxiv.org/abs/2308.15474,accepted_public_leaf,Public dataset leaf under the exact frozen-feature protocol reported by the paper.
uni_arxiv,arxiv:2308.15474,26da25ced22b205570f480c3a562af31ed74bdaf679455f30cbcaa5dfdad4e60,tables/tables_slide_sup.tex:90|tab:slide-huncrc|setting=default setting|metric=auroc,UNI,uni,unipaper2023.slide_huncrc.default.auroc,huncrc,crc_screening_4class,auroc,0.957,0.908-0.987,frozen_uni_features,abmil on huncrc; paper table tab:slide-huncrc; row setting: default setting.,https://arxiv.org/abs/2308.15474,accepted_public_leaf,Public dataset leaf under the exact frozen-feature protocol reported by the paper.
uni_arxiv,arxiv:2308.15474,26da25ced22b205570f480c3a562af31ed74bdaf679455f30cbcaa5dfdad4e60,tables/tables_slide_sup.tex:106|tab:slide-bracs-c|setting=default setting|metric=balanced_accuracy,UNI,uni,unipaper2023.slide_bracs_c.default.balanced_accuracy,bracs,brca_coarse_3class,balanced_accuracy,0.687,0.617-0.760,frozen_uni_features,abmil on bracs; paper table tab:slide-bracs-c; row setting: default setting.,https://arxiv.org/abs/2308.15474,accepted_public_leaf,Public dataset leaf under the exact frozen-feature protocol reported by the paper.
uni_arxiv,arxiv:2308.15474,26da25ced22b205570f480c3a562af31ed74bdaf679455f30cbcaa5dfdad4e60,tables/tables_slide_sup.tex:106|tab:slide-bracs-c|setting=default setting|metric=weighted_f1,UNI,uni,unipaper2023.slide_bracs_c.default.weighted_f1,bracs,brca_coarse_3class,weighted_f1,0.691,0.562-0.800,frozen_uni_features,abmil on bracs; paper table tab:slide-bracs-c; row setting: default setting.,https://arxiv.org/abs/2308.15474,accepted_public_leaf,Public dataset leaf under the exact frozen-feature protocol reported by the paper.
uni_arxiv,arxiv:2308.15474,26da25ced22b205570f480c3a562af31ed74bdaf679455f30cbcaa5dfdad4e60,tables/tables_slide_sup.tex:106|tab:slide-bracs-c|setting=default setting|metric=auroc,UNI,uni,unipaper2023.slide_bracs_c.default.auroc,bracs,brca_coarse_3class,auroc,0.887,0.833-0.936,frozen_uni_features,abmil on bracs; paper table tab:slide-bracs-c; row setting: default setting.,https://arxiv.org/abs/2308.15474,accepted_public_leaf,Public dataset leaf under the exact frozen-feature protocol reported by the paper.
uni_arxiv,arxiv:2308.15474,26da25ced22b205570f480c3a562af31ed74bdaf679455f30cbcaa5dfdad4e60,tables/tables_slide_sup.tex:122|tab:slide-bracs-f|setting=default setting|metric=balanced_accuracy,UNI,uni,unipaper2023.slide_bracs_f.default.balanced_accuracy,bracs,brca_fine_7class,balanced_accuracy,0.468,0.393-0.550,frozen_uni_features,abmil on bracs; paper table tab:slide-bracs-f; row setting: default setting.,https://arxiv.org/abs/2308.15474,accepted_public_leaf,Public dataset leaf under the exact frozen-feature protocol reported by the paper.
uni_arxiv,arxiv:2308.15474,26da25ced22b205570f480c3a562af31ed74bdaf679455f30cbcaa5dfdad4e60,tables/tables_slide_sup.tex:122|tab:slide-bracs-f|setting=default setting|metric=weighted_f1,UNI,uni,unipaper2023.slide_bracs_f.default.weighted_f1,bracs,brca_fine_7class,weighted_f1,0.486,0.366-0.592,frozen_uni_features,abmil on bracs; paper table tab:slide-bracs-f; row setting: default setting.,https://arxiv.org/abs/2308.15474,accepted_public_leaf,Public dataset leaf under the exact frozen-feature protocol reported by the paper.
uni_arxiv,arxiv:2308.15474,26da25ced22b205570f480c3a562af31ed74bdaf679455f30cbcaa5dfdad4e60,tables/tables_slide_sup.tex:122|tab:slide-bracs-f|setting=default setting|metric=auroc,UNI,uni,unipaper2023.slide_bracs_f.default.auroc,bracs,brca_fine_7class,auroc,0.837,0.794-0.879,frozen_uni_features,abmil on bracs; paper table tab:slide-bracs-f; row setting: default setting.,https://arxiv.org/abs/2308.15474,accepted_public_leaf,Public dataset leaf under the exact frozen-feature protocol reported by the paper.
uni_arxiv,arxiv:2308.15474,26da25ced22b205570f480c3a562af31ed74bdaf679455f30cbcaa5dfdad4e60,tables/tables_slide_sup.tex:140|tab:slide-idh|setting=TCGA|metric=balanced_accuracy,UNI,uni,unipaper2023.slide_idh.tcga.balanced_accuracy,tcga_ebrains_tcga,idh1_mutation_2class,balanced_accuracy,0.808,0.760-0.855,frozen_uni_features,abmil on tcga_ebrains_tcga; paper table tab:slide-idh; row setting: TCGA.,https://arxiv.org/abs/2308.15474,accepted_public_leaf,Public dataset leaf under the exact frozen-feature protocol reported by the paper.
uni_arxiv,arxiv:2308.15474,26da25ced22b205570f480c3a562af31ed74bdaf679455f30cbcaa5dfdad4e60,tables/tables_slide_sup.tex:140|tab:slide-idh|setting=TCGA|metric=weighted_f1,UNI,uni,unipaper2023.slide_idh.tcga.weighted_f1,tcga_ebrains_tcga,idh1_mutation_2class,weighted_f1,0.831,0.794-0.867,frozen_uni_features,abmil on tcga_ebrains_tcga; paper table tab:slide-idh; row setting: TCGA.,https://arxiv.org/abs/2308.15474,accepted_public_leaf,Public dataset leaf under the exact frozen-feature protocol reported by the paper.
uni_arxiv,arxiv:2308.15474,26da25ced22b205570f480c3a562af31ed74bdaf679455f30cbcaa5dfdad4e60,tables/tables_slide_sup.tex:140|tab:slide-idh|setting=TCGA|metric=auroc,UNI,uni,unipaper2023.slide_idh.tcga.auroc,tcga_ebrains_tcga,idh1_mutation_2class,auroc,0.925,0.898-0.949,frozen_uni_features,abmil on tcga_ebrains_tcga; paper table tab:slide-idh; row setting: TCGA.,https://arxiv.org/abs/2308.15474,accepted_public_leaf,Public dataset leaf under the exact frozen-feature protocol reported by the paper.
uni_arxiv,arxiv:2308.15474,26da25ced22b205570f480c3a562af31ed74bdaf679455f30cbcaa5dfdad4e60,tables/tables_slide_sup.tex:145|tab:slide-idh|setting=EBRAINS|metric=balanced_accuracy,UNI,uni,unipaper2023.slide_idh.ebrains.balanced_accuracy,tcga_ebrains_ebrains,idh1_mutation_2class,balanced_accuracy,0.856,0.836-0.878,frozen_uni_features,abmil on tcga_ebrains_ebrains; paper table tab:slide-idh; row setting: EBRAINS.,https://arxiv.org/abs/2308.15474,accepted_public_leaf,Public dataset leaf under the exact frozen-feature protocol reported by the paper.
uni_arxiv,arxiv:2308.15474,26da25ced22b205570f480c3a562af31ed74bdaf679455f30cbcaa5dfdad4e60,tables/tables_slide_sup.tex:145|tab:slide-idh|setting=EBRAINS|metric=weighted_f1,UNI,uni,unipaper2023.slide_idh.ebrains.weighted_f1,tcga_ebrains_ebrains,idh1_mutation_2class,weighted_f1,0.841,0.820-0.864,frozen_uni_features,abmil on tcga_ebrains_ebrains; paper table tab:slide-idh; row setting: EBRAINS.,https://arxiv.org/abs/2308.15474,accepted_public_leaf,Public dataset leaf under the exact frozen-feature protocol reported by the paper.
uni_arxiv,arxiv:2308.15474,26da25ced22b205570f480c3a562af31ed74bdaf679455f30cbcaa5dfdad4e60,tables/tables_slide_sup.tex:145|tab:slide-idh|setting=EBRAINS|metric=auroc,UNI,uni,unipaper2023.slide_idh.ebrains.auroc,tcga_ebrains_ebrains,idh1_mutation_2class,auroc,0.941,0.925-0.955,frozen_uni_features,abmil on tcga_ebrains_ebrains; paper table tab:slide-idh; row setting: EBRAINS.,https://arxiv.org/abs/2308.15474,accepted_public_leaf,Public dataset leaf under the exact frozen-feature protocol reported by the paper.
uni_arxiv,arxiv:2308.15474,26da25ced22b205570f480c3a562af31ed74bdaf679455f30cbcaa5dfdad4e60,tables/tables_slide_sup.tex:161|tab:slide-molsub|setting=TCGA|metric=balanced_accuracy,UNI,uni,unipaper2023.slide_molsub.tcga.balanced_accuracy,tcga_ebrains_tcga,gbmlgg_histomolecular_5class,balanced_accuracy,0.673,0.616-0.732,frozen_uni_features,abmil on tcga_ebrains_tcga; paper table tab:slide-molsub; row setting: TCGA.,https://arxiv.org/abs/2308.15474,accepted_public_leaf,Public dataset leaf under the exact frozen-feature protocol reported by the paper.
uni_arxiv,arxiv:2308.15474,26da25ced22b205570f480c3a562af31ed74bdaf679455f30cbcaa5dfdad4e60,tables/tables_slide_sup.tex:161|tab:slide-molsub|setting=TCGA|metric=weighted_f1,UNI,uni,unipaper2023.slide_molsub.tcga.weighted_f1,tcga_ebrains_tcga,gbmlgg_histomolecular_5class,weighted_f1,0.794,0.751-0.838,frozen_uni_features,abmil on tcga_ebrains_tcga; paper table tab:slide-molsub; row setting: TCGA.,https://arxiv.org/abs/2308.15474,accepted_public_leaf,Public dataset leaf under the exact frozen-feature protocol reported by the paper.
uni_arxiv,arxiv:2308.15474,26da25ced22b205570f480c3a562af31ed74bdaf679455f30cbcaa5dfdad4e60,tables/tables_slide_sup.tex:161|tab:slide-molsub|setting=TCGA|metric=auroc,UNI,uni,unipaper2023.slide_molsub.tcga.auroc,tcga_ebrains_tcga,gbmlgg_histomolecular_5class,auroc,0.910,0.880-0.939,frozen_uni_features,abmil on tcga_ebrains_tcga; paper table tab:slide-molsub; row setting: TCGA.,https://arxiv.org/abs/2308.15474,accepted_public_leaf,Public dataset leaf under the exact frozen-feature protocol reported by the paper.
uni_arxiv,arxiv:2308.15474,26da25ced22b205570f480c3a562af31ed74bdaf679455f30cbcaa5dfdad4e60,tables/tables_slide_sup.tex:166|tab:slide-molsub|setting=EBRAINS|metric=balanced_accuracy,UNI,uni,unipaper2023.slide_molsub.ebrains.balanced_accuracy,tcga_ebrains_ebrains,gbmlgg_histomolecular_5class,balanced_accuracy,0.562,0.535-0.594,frozen_uni_features,abmil on tcga_ebrains_ebrains; paper table tab:slide-molsub; row setting: EBRAINS.,https://arxiv.org/abs/2308.15474,accepted_public_leaf,Public dataset leaf under the exact frozen-feature protocol reported by the paper.
uni_arxiv,arxiv:2308.15474,26da25ced22b205570f480c3a562af31ed74bdaf679455f30cbcaa5dfdad4e60,tables/tables_slide_sup.tex:166|tab:slide-molsub|setting=EBRAINS|metric=weighted_f1,UNI,uni,unipaper2023.slide_molsub.ebrains.weighted_f1,tcga_ebrains_ebrains,gbmlgg_histomolecular_5class,weighted_f1,0.728,0.702-0.755,frozen_uni_features,abmil on tcga_ebrains_ebrains; paper table tab:slide-molsub; row setting: EBRAINS.,https://arxiv.org/abs/2308.15474,accepted_public_leaf,Public dataset leaf under the exact frozen-feature protocol reported by the paper.
uni_arxiv,arxiv:2308.15474,26da25ced22b205570f480c3a562af31ed74bdaf679455f30cbcaa5dfdad4e60,tables/tables_slide_sup.tex:166|tab:slide-molsub|setting=EBRAINS|metric=auroc,UNI,uni,unipaper2023.slide_molsub.ebrains.auroc,tcga_ebrains_ebrains,gbmlgg_histomolecular_5class,auroc,0.868,0.848-0.887,frozen_uni_features,abmil on tcga_ebrains_ebrains; paper table tab:slide-molsub; row setting: EBRAINS.,https://arxiv.org/abs/2308.15474,accepted_public_leaf,Public dataset leaf under the exact frozen-feature protocol reported by the paper.
uni_arxiv,arxiv:2308.15474,26da25ced22b205570f480c3a562af31ed74bdaf679455f30cbcaa5dfdad4e60,tables/tables_slide_sup.tex:183|tab:slide-ebrains-c|setting=default setting|metric=balanced_accuracy,UNI,uni,unipaper2023.slide_ebrains_c.default.balanced_accuracy,ebrains,brain_tumor_12class,balanced_accuracy,0.883,0.838-0.924,frozen_uni_features,abmil on ebrains; paper table tab:slide-ebrains-c; row setting: default setting.,https://arxiv.org/abs/2308.15474,accepted_public_leaf,Public dataset leaf under the exact frozen-feature protocol reported by the paper.
uni_arxiv,arxiv:2308.15474,26da25ced22b205570f480c3a562af31ed74bdaf679455f30cbcaa5dfdad4e60,tables/tables_slide_sup.tex:183|tab:slide-ebrains-c|setting=default setting|metric=weighted_f1,UNI,uni,unipaper2023.slide_ebrains_c.default.weighted_f1,ebrains,brain_tumor_12class,weighted_f1,0.926,0.902-0.947,frozen_uni_features,abmil on ebrains; paper table tab:slide-ebrains-c; row setting: default setting.,https://arxiv.org/abs/2308.15474,accepted_public_leaf,Public dataset leaf under the exact frozen-feature protocol reported by the paper.
uni_arxiv,arxiv:2308.15474,26da25ced22b205570f480c3a562af31ed74bdaf679455f30cbcaa5dfdad4e60,tables/tables_slide_sup.tex:183|tab:slide-ebrains-c|setting=default setting|metric=auroc,UNI,uni,unipaper2023.slide_ebrains_c.default.auroc,ebrains,brain_tumor_12class,auroc,0.996,0.994-0.998,frozen_uni_features,abmil on ebrains; paper table tab:slide-ebrains-c; row setting: default setting.,https://arxiv.org/abs/2308.15474,accepted_public_leaf,Public dataset leaf under the exact frozen-feature protocol reported by the paper.
uni_arxiv,arxiv:2308.15474,26da25ced22b205570f480c3a562af31ed74bdaf679455f30cbcaa5dfdad4e60,tables/tables_slide_sup.tex:199|tab:slide-ebrains-f|setting=default setting|metric=balanced_accuracy,UNI,uni,unipaper2023.slide_ebrains_f.default.balanced_accuracy,ebrains,brain_tumor_30class,balanced_accuracy,0.675,0.633-0.715,frozen_uni_features,abmil on ebrains; paper table tab:slide-ebrains-f; row setting: default setting.,https://arxiv.org/abs/2308.15474,accepted_public_leaf,Public dataset leaf under the exact frozen-feature protocol reported by the paper.
uni_arxiv,arxiv:2308.15474,26da25ced22b205570f480c3a562af31ed74bdaf679455f30cbcaa5dfdad4e60,tables/tables_slide_sup.tex:199|tab:slide-ebrains-f|setting=default setting|metric=weighted_f1,UNI,uni,unipaper2023.slide_ebrains_f.default.weighted_f1,ebrains,brain_tumor_30class,weighted_f1,0.746,0.704-0.783,frozen_uni_features,abmil on ebrains; paper table tab:slide-ebrains-f; row setting: default setting.,https://arxiv.org/abs/2308.15474,accepted_public_leaf,Public dataset leaf under the exact frozen-feature protocol reported by the paper.
uni_arxiv,arxiv:2308.15474,26da25ced22b205570f480c3a562af31ed74bdaf679455f30cbcaa5dfdad4e60,tables/tables_slide_sup.tex:199|tab:slide-ebrains-f|setting=default setting|metric=auroc,UNI,uni,unipaper2023.slide_ebrains_f.default.auroc,ebrains,brain_tumor_30class,auroc,0.976,0.969-0.982,frozen_uni_features,abmil on ebrains; paper table tab:slide-ebrains-f; row setting: default setting.,https://arxiv.org/abs/2308.15474,accepted_public_leaf,Public dataset leaf under the exact frozen-feature protocol reported by the paper.
uni_arxiv,arxiv:2308.15474,26da25ced22b205570f480c3a562af31ed74bdaf679455f30cbcaa5dfdad4e60,tables/tables_slide_sup.tex:215|tab:slide-panda|setting=default setting|metric=balanced_accuracy,UNI,uni,unipaper2023.slide_panda.default.balanced_accuracy,panda,isup_grading_6class,balanced_accuracy,0.757,0.726-0.785,frozen_uni_features,abmil on panda; paper table tab:slide-panda; row setting: default setting.,https://arxiv.org/abs/2308.15474,accepted_public_leaf,Public dataset leaf under the exact frozen-feature protocol reported by the paper.
uni_arxiv,arxiv:2308.15474,26da25ced22b205570f480c3a562af31ed74bdaf679455f30cbcaa5dfdad4e60,tables/tables_slide_sup.tex:215|tab:slide-panda|setting=default setting|metric=weighted_kappa,UNI,uni,unipaper2023.slide_panda.default.weighted_kappa,panda,isup_grading_6class,weighted_kappa,0.946,0.933-0.957,frozen_uni_features,abmil on panda; paper table tab:slide-panda; row setting: default setting.,https://arxiv.org/abs/2308.15474,accepted_public_leaf,Public dataset leaf under the exact frozen-feature protocol reported by the paper.
uni_arxiv,arxiv:2308.15474,26da25ced22b205570f480c3a562af31ed74bdaf679455f30cbcaa5dfdad4e60,tables/tables_slide_sup.tex:215|tab:slide-panda|setting=default setting|metric=weighted_f1,UNI,uni,unipaper2023.slide_panda.default.weighted_f1,panda,isup_grading_6class,weighted_f1,0.809,0.783-0.834,frozen_uni_features,abmil on panda; paper table tab:slide-panda; row setting: default setting.,https://arxiv.org/abs/2308.15474,accepted_public_leaf,Public dataset leaf under the exact frozen-feature protocol reported by the paper.
uni_arxiv,arxiv:2308.15474,26da25ced22b205570f480c3a562af31ed74bdaf679455f30cbcaa5dfdad4e60,tables/tables_slide_sup.tex:215|tab:slide-panda|setting=default setting|metric=auroc,UNI,uni,unipaper2023.slide_panda.default.auroc,panda,isup_grading_6class,auroc,0.956,0.947-0.963,frozen_uni_features,abmil on panda; paper table tab:slide-panda; row setting: default setting.,https://arxiv.org/abs/2308.15474,accepted_public_leaf,Public dataset leaf under the exact frozen-feature protocol reported by the paper.
uni_arxiv,arxiv:2308.15474,26da25ced22b205570f480c3a562af31ed74bdaf679455f30cbcaa5dfdad4e60,tables/tables_slide_sup.tex:231|tab:slide-emb|setting=default setting|metric=balanced_accuracy,UNI,uni,unipaper2023.slide_emb.default.balanced_accuracy,bwh_endomyocardial,allograft_rejection_2class,balanced_accuracy,0.896,0.864-0.927,frozen_uni_features,abmil on bwh_endomyocardial; paper table tab:slide-emb; row setting: default setting.,https://arxiv.org/abs/2308.15474,quarantined_internal_cohort,The paper explicitly identifies the BWH cohort as in-house.
uni_arxiv,arxiv:2308.15474,26da25ced22b205570f480c3a562af31ed74bdaf679455f30cbcaa5dfdad4e60,tables/tables_slide_sup.tex:231|tab:slide-emb|setting=default setting|metric=weighted_f1,UNI,uni,unipaper2023.slide_emb.default.weighted_f1,bwh_endomyocardial,allograft_rejection_2class,weighted_f1,0.894,0.862-0.925,frozen_uni_features,abmil on bwh_endomyocardial; paper table tab:slide-emb; row setting: default setting.,https://arxiv.org/abs/2308.15474,quarantined_internal_cohort,The paper explicitly identifies the BWH cohort as in-house.
uni_arxiv,arxiv:2308.15474,26da25ced22b205570f480c3a562af31ed74bdaf679455f30cbcaa5dfdad4e60,tables/tables_slide_sup.tex:231|tab:slide-emb|setting=default setting|metric=auroc,UNI,uni,unipaper2023.slide_emb.default.auroc,bwh_endomyocardial,allograft_rejection_2class,auroc,0.962,0.944-0.979,frozen_uni_features,abmil on bwh_endomyocardial; paper table tab:slide-emb; row setting: default setting.,https://arxiv.org/abs/2308.15474,quarantined_internal_cohort,The paper explicitly identifies the BWH cohort as in-house.
