model_id,reported_model_alias,model_revision,evaluation_id,value,normalized_score,suite_id,metric,reference_url,source_locator,extraction_date,review_status,uncertainty,lineage,audit_status
h-optimus-1,H-Optimus-1,not_reported,hest.idc.gene_expression,0.6024,80.12,hest,pearson_r,https://github.com/mahmoodlab/HEST/blob/3ddb5eaf5bd2a8133e0c0e8015816489a3d99dc3/README.md,table=HEST-Benchmark results|table_date=2026-04-03|model_row=H-Optimus-1|task_column=IDC,2026-08-05,machine_parsed_single_source,not_reported,hest@3ddb5eaf5bd2a8133e0c0e8015816489a3d99dc3:README.md -> parse_hest_scores -> scores.csv,parsed_primary_source
h-optimus-1,H-Optimus-1,not_reported,hest.prad.gene_expression,0.3781,68.905,hest,pearson_r,https://github.com/mahmoodlab/HEST/blob/3ddb5eaf5bd2a8133e0c0e8015816489a3d99dc3/README.md,table=HEST-Benchmark results|table_date=2026-04-03|model_row=H-Optimus-1|task_column=PRAD,2026-08-05,machine_parsed_single_source,not_reported,hest@3ddb5eaf5bd2a8133e0c0e8015816489a3d99dc3:README.md -> parse_hest_scores -> scores.csv,parsed_primary_source
h-optimus-1,H-Optimus-1,not_reported,hest.paad.gene_expression,0.4964,74.82,hest,pearson_r,https://github.com/mahmoodlab/HEST/blob/3ddb5eaf5bd2a8133e0c0e8015816489a3d99dc3/README.md,table=HEST-Benchmark results|table_date=2026-04-03|model_row=H-Optimus-1|task_column=PAAD,2026-08-05,machine_parsed_single_source,not_reported,hest@3ddb5eaf5bd2a8133e0c0e8015816489a3d99dc3:README.md -> parse_hest_scores -> scores.csv,parsed_primary_source
h-optimus-1,H-Optimus-1,not_reported,hest.skcm.gene_expression,0.6589,82.945,hest,pearson_r,https://github.com/mahmoodlab/HEST/blob/3ddb5eaf5bd2a8133e0c0e8015816489a3d99dc3/README.md,table=HEST-Benchmark results|table_date=2026-04-03|model_row=H-Optimus-1|task_column=SKCM,2026-08-05,machine_parsed_single_source,not_reported,hest@3ddb5eaf5bd2a8133e0c0e8015816489a3d99dc3:README.md -> parse_hest_scores -> scores.csv,parsed_primary_source
h-optimus-1,H-Optimus-1,not_reported,hest.coad.gene_expression,0.3195,65.975,hest,pearson_r,https://github.com/mahmoodlab/HEST/blob/3ddb5eaf5bd2a8133e0c0e8015816489a3d99dc3/README.md,table=HEST-Benchmark results|table_date=2026-04-03|model_row=H-Optimus-1|task_column=COAD,2026-08-05,machine_parsed_single_source,not_reported,hest@3ddb5eaf5bd2a8133e0c0e8015816489a3d99dc3:README.md -> parse_hest_scores -> scores.csv,parsed_primary_source
h-optimus-1,H-Optimus-1,not_reported,hest.read.gene_expression,0.2421,62.105,hest,pearson_r,https://github.com/mahmoodlab/HEST/blob/3ddb5eaf5bd2a8133e0c0e8015816489a3d99dc3/README.md,table=HEST-Benchmark results|table_date=2026-04-03|model_row=H-Optimus-1|task_column=READ,2026-08-05,machine_parsed_single_source,not_reported,hest@3ddb5eaf5bd2a8133e0c0e8015816489a3d99dc3:README.md -> parse_hest_scores -> scores.csv,parsed_primary_source
h-optimus-1,H-Optimus-1,not_reported,hest.ccrcc.gene_expression,0.2533,62.665,hest,pearson_r,https://github.com/mahmoodlab/HEST/blob/3ddb5eaf5bd2a8133e0c0e8015816489a3d99dc3/README.md,table=HEST-Benchmark results|table_date=2026-04-03|model_row=H-Optimus-1|task_column=CCRCC,2026-08-05,machine_parsed_single_source,not_reported,hest@3ddb5eaf5bd2a8133e0c0e8015816489a3d99dc3:README.md -> parse_hest_scores -> scores.csv,parsed_primary_source
h-optimus-1,H-Optimus-1,not_reported,hest.lung.gene_expression,0.5779,78.895,hest,pearson_r,https://github.com/mahmoodlab/HEST/blob/3ddb5eaf5bd2a8133e0c0e8015816489a3d99dc3/README.md,table=HEST-Benchmark results|table_date=2026-04-03|model_row=H-Optimus-1|task_column=LUNG,2026-08-05,machine_parsed_single_source,not_reported,hest@3ddb5eaf5bd2a8133e0c0e8015816489a3d99dc3:README.md -> parse_hest_scores -> scores.csv,parsed_primary_source
h-optimus-1,H-Optimus-1,not_reported,hest.lymph_idc.gene_expression,0.2774,63.87,hest,pearson_r,https://github.com/mahmoodlab/HEST/blob/3ddb5eaf5bd2a8133e0c0e8015816489a3d99dc3/README.md,table=HEST-Benchmark results|table_date=2026-04-03|model_row=H-Optimus-1|task_column=LYMPH_IDC,2026-08-05,machine_parsed_single_source,not_reported,hest@3ddb5eaf5bd2a8133e0c0e8015816489a3d99dc3:README.md -> parse_hest_scores -> scores.csv,parsed_primary_source
genbio-pathfm,GenBio-PathFM,not_reported,hest.idc.gene_expression,0.5872,79.36,hest,pearson_r,https://github.com/mahmoodlab/HEST/blob/3ddb5eaf5bd2a8133e0c0e8015816489a3d99dc3/README.md,table=HEST-Benchmark results|table_date=2026-04-03|model_row=GenBio-PathFM|task_column=IDC,2026-08-05,machine_parsed_single_source,not_reported,hest@3ddb5eaf5bd2a8133e0c0e8015816489a3d99dc3:README.md -> parse_hest_scores -> scores.csv,parsed_primary_source
genbio-pathfm,GenBio-PathFM,not_reported,hest.prad.gene_expression,0.3913,69.565,hest,pearson_r,https://github.com/mahmoodlab/HEST/blob/3ddb5eaf5bd2a8133e0c0e8015816489a3d99dc3/README.md,table=HEST-Benchmark results|table_date=2026-04-03|model_row=GenBio-PathFM|task_column=PRAD,2026-08-05,machine_parsed_single_source,not_reported,hest@3ddb5eaf5bd2a8133e0c0e8015816489a3d99dc3:README.md -> parse_hest_scores -> scores.csv,parsed_primary_source
genbio-pathfm,GenBio-PathFM,not_reported,hest.paad.gene_expression,0.4959,74.795,hest,pearson_r,https://github.com/mahmoodlab/HEST/blob/3ddb5eaf5bd2a8133e0c0e8015816489a3d99dc3/README.md,table=HEST-Benchmark results|table_date=2026-04-03|model_row=GenBio-PathFM|task_column=PAAD,2026-08-05,machine_parsed_single_source,not_reported,hest@3ddb5eaf5bd2a8133e0c0e8015816489a3d99dc3:README.md -> parse_hest_scores -> scores.csv,parsed_primary_source
genbio-pathfm,GenBio-PathFM,not_reported,hest.skcm.gene_expression,0.6715,83.575,hest,pearson_r,https://github.com/mahmoodlab/HEST/blob/3ddb5eaf5bd2a8133e0c0e8015816489a3d99dc3/README.md,table=HEST-Benchmark results|table_date=2026-04-03|model_row=GenBio-PathFM|task_column=SKCM,2026-08-05,machine_parsed_single_source,not_reported,hest@3ddb5eaf5bd2a8133e0c0e8015816489a3d99dc3:README.md -> parse_hest_scores -> scores.csv,parsed_primary_source
genbio-pathfm,GenBio-PathFM,not_reported,hest.coad.gene_expression,0.3284,66.42,hest,pearson_r,https://github.com/mahmoodlab/HEST/blob/3ddb5eaf5bd2a8133e0c0e8015816489a3d99dc3/README.md,table=HEST-Benchmark results|table_date=2026-04-03|model_row=GenBio-PathFM|task_column=COAD,2026-08-05,machine_parsed_single_source,not_reported,hest@3ddb5eaf5bd2a8133e0c0e8015816489a3d99dc3:README.md -> parse_hest_scores -> scores.csv,parsed_primary_source
genbio-pathfm,GenBio-PathFM,not_reported,hest.read.gene_expression,0.1785,58.925,hest,pearson_r,https://github.com/mahmoodlab/HEST/blob/3ddb5eaf5bd2a8133e0c0e8015816489a3d99dc3/README.md,table=HEST-Benchmark results|table_date=2026-04-03|model_row=GenBio-PathFM|task_column=READ,2026-08-05,machine_parsed_single_source,not_reported,hest@3ddb5eaf5bd2a8133e0c0e8015816489a3d99dc3:README.md -> parse_hest_scores -> scores.csv,parsed_primary_source
genbio-pathfm,GenBio-PathFM,not_reported,hest.ccrcc.gene_expression,0.2615,63.075,hest,pearson_r,https://github.com/mahmoodlab/HEST/blob/3ddb5eaf5bd2a8133e0c0e8015816489a3d99dc3/README.md,table=HEST-Benchmark results|table_date=2026-04-03|model_row=GenBio-PathFM|task_column=CCRCC,2026-08-05,machine_parsed_single_source,not_reported,hest@3ddb5eaf5bd2a8133e0c0e8015816489a3d99dc3:README.md -> parse_hest_scores -> scores.csv,parsed_primary_source
genbio-pathfm,GenBio-PathFM,not_reported,hest.lung.gene_expression,0.5787,78.935,hest,pearson_r,https://github.com/mahmoodlab/HEST/blob/3ddb5eaf5bd2a8133e0c0e8015816489a3d99dc3/README.md,table=HEST-Benchmark results|table_date=2026-04-03|model_row=GenBio-PathFM|task_column=LUNG,2026-08-05,machine_parsed_single_source,not_reported,hest@3ddb5eaf5bd2a8133e0c0e8015816489a3d99dc3:README.md -> parse_hest_scores -> scores.csv,parsed_primary_source
genbio-pathfm,GenBio-PathFM,not_reported,hest.lymph_idc.gene_expression,0.2842,64.21,hest,pearson_r,https://github.com/mahmoodlab/HEST/blob/3ddb5eaf5bd2a8133e0c0e8015816489a3d99dc3/README.md,table=HEST-Benchmark results|table_date=2026-04-03|model_row=GenBio-PathFM|task_column=LYMPH_IDC,2026-08-05,machine_parsed_single_source,not_reported,hest@3ddb5eaf5bd2a8133e0c0e8015816489a3d99dc3:README.md -> parse_hest_scores -> scores.csv,parsed_primary_source
h-optimus-0,H-Optimus-0,not_reported,hest.idc.gene_expression,0.5976,79.88,hest,pearson_r,https://github.com/mahmoodlab/HEST/blob/3ddb5eaf5bd2a8133e0c0e8015816489a3d99dc3/README.md,table=HEST-Benchmark results|table_date=2026-04-03|model_row=H-Optimus-0|task_column=IDC,2026-08-05,machine_parsed_single_source,not_reported,hest@3ddb5eaf5bd2a8133e0c0e8015816489a3d99dc3:README.md -> parse_hest_scores -> scores.csv,parsed_primary_source
h-optimus-0,H-Optimus-0,not_reported,hest.prad.gene_expression,0.3848,69.24,hest,pearson_r,https://github.com/mahmoodlab/HEST/blob/3ddb5eaf5bd2a8133e0c0e8015816489a3d99dc3/README.md,table=HEST-Benchmark results|table_date=2026-04-03|model_row=H-Optimus-0|task_column=PRAD,2026-08-05,machine_parsed_single_source,not_reported,hest@3ddb5eaf5bd2a8133e0c0e8015816489a3d99dc3:README.md -> parse_hest_scores -> scores.csv,parsed_primary_source
h-optimus-0,H-Optimus-0,not_reported,hest.paad.gene_expression,0.4911,74.555,hest,pearson_r,https://github.com/mahmoodlab/HEST/blob/3ddb5eaf5bd2a8133e0c0e8015816489a3d99dc3/README.md,table=HEST-Benchmark results|table_date=2026-04-03|model_row=H-Optimus-0|task_column=PAAD,2026-08-05,machine_parsed_single_source,not_reported,hest@3ddb5eaf5bd2a8133e0c0e8015816489a3d99dc3:README.md -> parse_hest_scores -> scores.csv,parsed_primary_source
h-optimus-0,H-Optimus-0,not_reported,hest.skcm.gene_expression,0.6454,82.27,hest,pearson_r,https://github.com/mahmoodlab/HEST/blob/3ddb5eaf5bd2a8133e0c0e8015816489a3d99dc3/README.md,table=HEST-Benchmark results|table_date=2026-04-03|model_row=H-Optimus-0|task_column=SKCM,2026-08-05,machine_parsed_single_source,not_reported,hest@3ddb5eaf5bd2a8133e0c0e8015816489a3d99dc3:README.md -> parse_hest_scores -> scores.csv,parsed_primary_source
h-optimus-0,H-Optimus-0,not_reported,hest.coad.gene_expression,0.3086,65.43,hest,pearson_r,https://github.com/mahmoodlab/HEST/blob/3ddb5eaf5bd2a8133e0c0e8015816489a3d99dc3/README.md,table=HEST-Benchmark results|table_date=2026-04-03|model_row=H-Optimus-0|task_column=COAD,2026-08-05,machine_parsed_single_source,not_reported,hest@3ddb5eaf5bd2a8133e0c0e8015816489a3d99dc3:README.md -> parse_hest_scores -> scores.csv,parsed_primary_source
h-optimus-0,H-Optimus-0,not_reported,hest.read.gene_expression,0.2216,61.08,hest,pearson_r,https://github.com/mahmoodlab/HEST/blob/3ddb5eaf5bd2a8133e0c0e8015816489a3d99dc3/README.md,table=HEST-Benchmark results|table_date=2026-04-03|model_row=H-Optimus-0|task_column=READ,2026-08-05,machine_parsed_single_source,not_reported,hest@3ddb5eaf5bd2a8133e0c0e8015816489a3d99dc3:README.md -> parse_hest_scores -> scores.csv,parsed_primary_source
h-optimus-0,H-Optimus-0,not_reported,hest.ccrcc.gene_expression,0.2676,63.38,hest,pearson_r,https://github.com/mahmoodlab/HEST/blob/3ddb5eaf5bd2a8133e0c0e8015816489a3d99dc3/README.md,table=HEST-Benchmark results|table_date=2026-04-03|model_row=H-Optimus-0|task_column=CCRCC,2026-08-05,machine_parsed_single_source,not_reported,hest@3ddb5eaf5bd2a8133e0c0e8015816489a3d99dc3:README.md -> parse_hest_scores -> scores.csv,parsed_primary_source
h-optimus-0,H-Optimus-0,not_reported,hest.lung.gene_expression,0.559,77.95,hest,pearson_r,https://github.com/mahmoodlab/HEST/blob/3ddb5eaf5bd2a8133e0c0e8015816489a3d99dc3/README.md,table=HEST-Benchmark results|table_date=2026-04-03|model_row=H-Optimus-0|task_column=LUNG,2026-08-05,machine_parsed_single_source,not_reported,hest@3ddb5eaf5bd2a8133e0c0e8015816489a3d99dc3:README.md -> parse_hest_scores -> scores.csv,parsed_primary_source
h-optimus-0,H-Optimus-0,not_reported,hest.lymph_idc.gene_expression,0.2591,62.955,hest,pearson_r,https://github.com/mahmoodlab/HEST/blob/3ddb5eaf5bd2a8133e0c0e8015816489a3d99dc3/README.md,table=HEST-Benchmark results|table_date=2026-04-03|model_row=H-Optimus-0|task_column=LYMPH_IDC,2026-08-05,machine_parsed_single_source,not_reported,hest@3ddb5eaf5bd2a8133e0c0e8015816489a3d99dc3:README.md -> parse_hest_scores -> scores.csv,parsed_primary_source
uni2-h,UNI2-h,not_reported,hest.idc.gene_expression,0.5898,79.49,hest,pearson_r,https://github.com/mahmoodlab/HEST/blob/3ddb5eaf5bd2a8133e0c0e8015816489a3d99dc3/README.md,table=HEST-Benchmark results|table_date=2026-04-03|model_row=UNI2-h|task_column=IDC,2026-08-05,machine_parsed_single_source,not_reported,hest@3ddb5eaf5bd2a8133e0c0e8015816489a3d99dc3:README.md -> parse_hest_scores -> scores.csv,parsed_primary_source
uni2-h,UNI2-h,not_reported,hest.prad.gene_expression,0.3569,67.845,hest,pearson_r,https://github.com/mahmoodlab/HEST/blob/3ddb5eaf5bd2a8133e0c0e8015816489a3d99dc3/README.md,table=HEST-Benchmark results|table_date=2026-04-03|model_row=UNI2-h|task_column=PRAD,2026-08-05,machine_parsed_single_source,not_reported,hest@3ddb5eaf5bd2a8133e0c0e8015816489a3d99dc3:README.md -> parse_hest_scores -> scores.csv,parsed_primary_source
uni2-h,UNI2-h,not_reported,hest.paad.gene_expression,0.5001,75.005,hest,pearson_r,https://github.com/mahmoodlab/HEST/blob/3ddb5eaf5bd2a8133e0c0e8015816489a3d99dc3/README.md,table=HEST-Benchmark results|table_date=2026-04-03|model_row=UNI2-h|task_column=PAAD,2026-08-05,machine_parsed_single_source,not_reported,hest@3ddb5eaf5bd2a8133e0c0e8015816489a3d99dc3:README.md -> parse_hest_scores -> scores.csv,parsed_primary_source
uni2-h,UNI2-h,not_reported,hest.skcm.gene_expression,0.6606,83.03,hest,pearson_r,https://github.com/mahmoodlab/HEST/blob/3ddb5eaf5bd2a8133e0c0e8015816489a3d99dc3/README.md,table=HEST-Benchmark results|table_date=2026-04-03|model_row=UNI2-h|task_column=SKCM,2026-08-05,machine_parsed_single_source,not_reported,hest@3ddb5eaf5bd2a8133e0c0e8015816489a3d99dc3:README.md -> parse_hest_scores -> scores.csv,parsed_primary_source
uni2-h,UNI2-h,not_reported,hest.coad.gene_expression,0.3015,65.075,hest,pearson_r,https://github.com/mahmoodlab/HEST/blob/3ddb5eaf5bd2a8133e0c0e8015816489a3d99dc3/README.md,table=HEST-Benchmark results|table_date=2026-04-03|model_row=UNI2-h|task_column=COAD,2026-08-05,machine_parsed_single_source,not_reported,hest@3ddb5eaf5bd2a8133e0c0e8015816489a3d99dc3:README.md -> parse_hest_scores -> scores.csv,parsed_primary_source
uni2-h,UNI2-h,not_reported,hest.read.gene_expression,0.2223,61.115,hest,pearson_r,https://github.com/mahmoodlab/HEST/blob/3ddb5eaf5bd2a8133e0c0e8015816489a3d99dc3/README.md,table=HEST-Benchmark results|table_date=2026-04-03|model_row=UNI2-h|task_column=READ,2026-08-05,machine_parsed_single_source,not_reported,hest@3ddb5eaf5bd2a8133e0c0e8015816489a3d99dc3:README.md -> parse_hest_scores -> scores.csv,parsed_primary_source
uni2-h,UNI2-h,not_reported,hest.ccrcc.gene_expression,0.264,63.2,hest,pearson_r,https://github.com/mahmoodlab/HEST/blob/3ddb5eaf5bd2a8133e0c0e8015816489a3d99dc3/README.md,table=HEST-Benchmark results|table_date=2026-04-03|model_row=UNI2-h|task_column=CCRCC,2026-08-05,machine_parsed_single_source,not_reported,hest@3ddb5eaf5bd2a8133e0c0e8015816489a3d99dc3:README.md -> parse_hest_scores -> scores.csv,parsed_primary_source
uni2-h,UNI2-h,not_reported,hest.lung.gene_expression,0.5587,77.935,hest,pearson_r,https://github.com/mahmoodlab/HEST/blob/3ddb5eaf5bd2a8133e0c0e8015816489a3d99dc3/README.md,table=HEST-Benchmark results|table_date=2026-04-03|model_row=UNI2-h|task_column=LUNG,2026-08-05,machine_parsed_single_source,not_reported,hest@3ddb5eaf5bd2a8133e0c0e8015816489a3d99dc3:README.md -> parse_hest_scores -> scores.csv,parsed_primary_source
uni2-h,UNI2-h,not_reported,hest.lymph_idc.gene_expression,0.2727,63.635,hest,pearson_r,https://github.com/mahmoodlab/HEST/blob/3ddb5eaf5bd2a8133e0c0e8015816489a3d99dc3/README.md,table=HEST-Benchmark results|table_date=2026-04-03|model_row=UNI2-h|task_column=LYMPH_IDC,2026-08-05,machine_parsed_single_source,not_reported,hest@3ddb5eaf5bd2a8133e0c0e8015816489a3d99dc3:README.md -> parse_hest_scores -> scores.csv,parsed_primary_source
virchow,Virchow,not_reported,hest.idc.gene_expression,0.5846,79.23,hest,pearson_r,https://github.com/mahmoodlab/HEST/blob/3ddb5eaf5bd2a8133e0c0e8015816489a3d99dc3/README.md,table=HEST-Benchmark results|table_date=2026-04-03|model_row=Virchow|task_column=IDC,2026-08-05,machine_parsed_single_source,not_reported,hest@3ddb5eaf5bd2a8133e0c0e8015816489a3d99dc3:README.md -> parse_hest_scores -> scores.csv,parsed_primary_source
virchow,Virchow,not_reported,hest.prad.gene_expression,0.3378,66.89,hest,pearson_r,https://github.com/mahmoodlab/HEST/blob/3ddb5eaf5bd2a8133e0c0e8015816489a3d99dc3/README.md,table=HEST-Benchmark results|table_date=2026-04-03|model_row=Virchow|task_column=PRAD,2026-08-05,machine_parsed_single_source,not_reported,hest@3ddb5eaf5bd2a8133e0c0e8015816489a3d99dc3:README.md -> parse_hest_scores -> scores.csv,parsed_primary_source
virchow,Virchow,not_reported,hest.paad.gene_expression,0.5159,75.795,hest,pearson_r,https://github.com/mahmoodlab/HEST/blob/3ddb5eaf5bd2a8133e0c0e8015816489a3d99dc3/README.md,table=HEST-Benchmark results|table_date=2026-04-03|model_row=Virchow|task_column=PAAD,2026-08-05,machine_parsed_single_source,not_reported,hest@3ddb5eaf5bd2a8133e0c0e8015816489a3d99dc3:README.md -> parse_hest_scores -> scores.csv,parsed_primary_source
virchow,Virchow,not_reported,hest.skcm.gene_expression,0.6243,81.215,hest,pearson_r,https://github.com/mahmoodlab/HEST/blob/3ddb5eaf5bd2a8133e0c0e8015816489a3d99dc3/README.md,table=HEST-Benchmark results|table_date=2026-04-03|model_row=Virchow|task_column=SKCM,2026-08-05,machine_parsed_single_source,not_reported,hest@3ddb5eaf5bd2a8133e0c0e8015816489a3d99dc3:README.md -> parse_hest_scores -> scores.csv,parsed_primary_source
virchow,Virchow,not_reported,hest.coad.gene_expression,0.3079,65.395,hest,pearson_r,https://github.com/mahmoodlab/HEST/blob/3ddb5eaf5bd2a8133e0c0e8015816489a3d99dc3/README.md,table=HEST-Benchmark results|table_date=2026-04-03|model_row=Virchow|task_column=COAD,2026-08-05,machine_parsed_single_source,not_reported,hest@3ddb5eaf5bd2a8133e0c0e8015816489a3d99dc3:README.md -> parse_hest_scores -> scores.csv,parsed_primary_source
virchow,Virchow,not_reported,hest.read.gene_expression,0.1981,59.905,hest,pearson_r,https://github.com/mahmoodlab/HEST/blob/3ddb5eaf5bd2a8133e0c0e8015816489a3d99dc3/README.md,table=HEST-Benchmark results|table_date=2026-04-03|model_row=Virchow|task_column=READ,2026-08-05,machine_parsed_single_source,not_reported,hest@3ddb5eaf5bd2a8133e0c0e8015816489a3d99dc3:README.md -> parse_hest_scores -> scores.csv,parsed_primary_source
virchow,Virchow,not_reported,hest.ccrcc.gene_expression,0.2586,62.93,hest,pearson_r,https://github.com/mahmoodlab/HEST/blob/3ddb5eaf5bd2a8133e0c0e8015816489a3d99dc3/README.md,table=HEST-Benchmark results|table_date=2026-04-03|model_row=Virchow|task_column=CCRCC,2026-08-05,machine_parsed_single_source,not_reported,hest@3ddb5eaf5bd2a8133e0c0e8015816489a3d99dc3:README.md -> parse_hest_scores -> scores.csv,parsed_primary_source
virchow,Virchow,not_reported,hest.lung.gene_expression,0.5664,78.32,hest,pearson_r,https://github.com/mahmoodlab/HEST/blob/3ddb5eaf5bd2a8133e0c0e8015816489a3d99dc3/README.md,table=HEST-Benchmark results|table_date=2026-04-03|model_row=Virchow|task_column=LUNG,2026-08-05,machine_parsed_single_source,not_reported,hest@3ddb5eaf5bd2a8133e0c0e8015816489a3d99dc3:README.md -> parse_hest_scores -> scores.csv,parsed_primary_source
virchow,Virchow,not_reported,hest.lymph_idc.gene_expression,0.261,63.05,hest,pearson_r,https://github.com/mahmoodlab/HEST/blob/3ddb5eaf5bd2a8133e0c0e8015816489a3d99dc3/README.md,table=HEST-Benchmark results|table_date=2026-04-03|model_row=Virchow|task_column=LYMPH_IDC,2026-08-05,machine_parsed_single_source,not_reported,hest@3ddb5eaf5bd2a8133e0c0e8015816489a3d99dc3:README.md -> parse_hest_scores -> scores.csv,parsed_primary_source
virchow-2,Virchow2,not_reported,hest.idc.gene_expression,0.5971,79.855,hest,pearson_r,https://github.com/mahmoodlab/HEST/blob/3ddb5eaf5bd2a8133e0c0e8015816489a3d99dc3/README.md,table=HEST-Benchmark results|table_date=2026-04-03|model_row=Virchow2|task_column=IDC,2026-08-05,machine_parsed_single_source,not_reported,hest@3ddb5eaf5bd2a8133e0c0e8015816489a3d99dc3:README.md -> parse_hest_scores -> scores.csv,parsed_primary_source
virchow-2,Virchow2,not_reported,hest.prad.gene_expression,0.3529,67.645,hest,pearson_r,https://github.com/mahmoodlab/HEST/blob/3ddb5eaf5bd2a8133e0c0e8015816489a3d99dc3/README.md,table=HEST-Benchmark results|table_date=2026-04-03|model_row=Virchow2|task_column=PRAD,2026-08-05,machine_parsed_single_source,not_reported,hest@3ddb5eaf5bd2a8133e0c0e8015816489a3d99dc3:README.md -> parse_hest_scores -> scores.csv,parsed_primary_source
virchow-2,Virchow2,not_reported,hest.paad.gene_expression,0.4779,73.895,hest,pearson_r,https://github.com/mahmoodlab/HEST/blob/3ddb5eaf5bd2a8133e0c0e8015816489a3d99dc3/README.md,table=HEST-Benchmark results|table_date=2026-04-03|model_row=Virchow2|task_column=PAAD,2026-08-05,machine_parsed_single_source,not_reported,hest@3ddb5eaf5bd2a8133e0c0e8015816489a3d99dc3:README.md -> parse_hest_scores -> scores.csv,parsed_primary_source
virchow-2,Virchow2,not_reported,hest.skcm.gene_expression,0.6402,82.01,hest,pearson_r,https://github.com/mahmoodlab/HEST/blob/3ddb5eaf5bd2a8133e0c0e8015816489a3d99dc3/README.md,table=HEST-Benchmark results|table_date=2026-04-03|model_row=Virchow2|task_column=SKCM,2026-08-05,machine_parsed_single_source,not_reported,hest@3ddb5eaf5bd2a8133e0c0e8015816489a3d99dc3:README.md -> parse_hest_scores -> scores.csv,parsed_primary_source
virchow-2,Virchow2,not_reported,hest.coad.gene_expression,0.2581,62.905,hest,pearson_r,https://github.com/mahmoodlab/HEST/blob/3ddb5eaf5bd2a8133e0c0e8015816489a3d99dc3/README.md,table=HEST-Benchmark results|table_date=2026-04-03|model_row=Virchow2|task_column=COAD,2026-08-05,machine_parsed_single_source,not_reported,hest@3ddb5eaf5bd2a8133e0c0e8015816489a3d99dc3:README.md -> parse_hest_scores -> scores.csv,parsed_primary_source
virchow-2,Virchow2,not_reported,hest.read.gene_expression,0.2074,60.37,hest,pearson_r,https://github.com/mahmoodlab/HEST/blob/3ddb5eaf5bd2a8133e0c0e8015816489a3d99dc3/README.md,table=HEST-Benchmark results|table_date=2026-04-03|model_row=Virchow2|task_column=READ,2026-08-05,machine_parsed_single_source,not_reported,hest@3ddb5eaf5bd2a8133e0c0e8015816489a3d99dc3:README.md -> parse_hest_scores -> scores.csv,parsed_primary_source
virchow-2,Virchow2,not_reported,hest.ccrcc.gene_expression,0.2719,63.595,hest,pearson_r,https://github.com/mahmoodlab/HEST/blob/3ddb5eaf5bd2a8133e0c0e8015816489a3d99dc3/README.md,table=HEST-Benchmark results|table_date=2026-04-03|model_row=Virchow2|task_column=CCRCC,2026-08-05,machine_parsed_single_source,not_reported,hest@3ddb5eaf5bd2a8133e0c0e8015816489a3d99dc3:README.md -> parse_hest_scores -> scores.csv,parsed_primary_source
virchow-2,Virchow2,not_reported,hest.lung.gene_expression,0.5685,78.425,hest,pearson_r,https://github.com/mahmoodlab/HEST/blob/3ddb5eaf5bd2a8133e0c0e8015816489a3d99dc3/README.md,table=HEST-Benchmark results|table_date=2026-04-03|model_row=Virchow2|task_column=LUNG,2026-08-05,machine_parsed_single_source,not_reported,hest@3ddb5eaf5bd2a8133e0c0e8015816489a3d99dc3:README.md -> parse_hest_scores -> scores.csv,parsed_primary_source
virchow-2,Virchow2,not_reported,hest.lymph_idc.gene_expression,0.2568,62.84,hest,pearson_r,https://github.com/mahmoodlab/HEST/blob/3ddb5eaf5bd2a8133e0c0e8015816489a3d99dc3/README.md,table=HEST-Benchmark results|table_date=2026-04-03|model_row=Virchow2|task_column=LYMPH_IDC,2026-08-05,machine_parsed_single_source,not_reported,hest@3ddb5eaf5bd2a8133e0c0e8015816489a3d99dc3:README.md -> parse_hest_scores -> scores.csv,parsed_primary_source
midnight,Midnight-12k,not_reported,hest.idc.gene_expression,0.5823,79.115,hest,pearson_r,https://github.com/mahmoodlab/HEST/blob/3ddb5eaf5bd2a8133e0c0e8015816489a3d99dc3/README.md,table=HEST-Benchmark results|table_date=2026-04-03|model_row=Midnight-12k|task_column=IDC,2026-08-05,machine_parsed_single_source,not_reported,hest@3ddb5eaf5bd2a8133e0c0e8015816489a3d99dc3:README.md -> parse_hest_scores -> scores.csv,parsed_primary_source
midnight,Midnight-12k,not_reported,hest.prad.gene_expression,0.337,66.85,hest,pearson_r,https://github.com/mahmoodlab/HEST/blob/3ddb5eaf5bd2a8133e0c0e8015816489a3d99dc3/README.md,table=HEST-Benchmark results|table_date=2026-04-03|model_row=Midnight-12k|task_column=PRAD,2026-08-05,machine_parsed_single_source,not_reported,hest@3ddb5eaf5bd2a8133e0c0e8015816489a3d99dc3:README.md -> parse_hest_scores -> scores.csv,parsed_primary_source
midnight,Midnight-12k,not_reported,hest.paad.gene_expression,0.49,74.5,hest,pearson_r,https://github.com/mahmoodlab/HEST/blob/3ddb5eaf5bd2a8133e0c0e8015816489a3d99dc3/README.md,table=HEST-Benchmark results|table_date=2026-04-03|model_row=Midnight-12k|task_column=PAAD,2026-08-05,machine_parsed_single_source,not_reported,hest@3ddb5eaf5bd2a8133e0c0e8015816489a3d99dc3:README.md -> parse_hest_scores -> scores.csv,parsed_primary_source
midnight,Midnight-12k,not_reported,hest.skcm.gene_expression,0.636,81.8,hest,pearson_r,https://github.com/mahmoodlab/HEST/blob/3ddb5eaf5bd2a8133e0c0e8015816489a3d99dc3/README.md,table=HEST-Benchmark results|table_date=2026-04-03|model_row=Midnight-12k|task_column=SKCM,2026-08-05,machine_parsed_single_source,not_reported,hest@3ddb5eaf5bd2a8133e0c0e8015816489a3d99dc3:README.md -> parse_hest_scores -> scores.csv,parsed_primary_source
midnight,Midnight-12k,not_reported,hest.coad.gene_expression,0.2908,64.54,hest,pearson_r,https://github.com/mahmoodlab/HEST/blob/3ddb5eaf5bd2a8133e0c0e8015816489a3d99dc3/README.md,table=HEST-Benchmark results|table_date=2026-04-03|model_row=Midnight-12k|task_column=COAD,2026-08-05,machine_parsed_single_source,not_reported,hest@3ddb5eaf5bd2a8133e0c0e8015816489a3d99dc3:README.md -> parse_hest_scores -> scores.csv,parsed_primary_source
midnight,Midnight-12k,not_reported,hest.read.gene_expression,0.1856,59.28,hest,pearson_r,https://github.com/mahmoodlab/HEST/blob/3ddb5eaf5bd2a8133e0c0e8015816489a3d99dc3/README.md,table=HEST-Benchmark results|table_date=2026-04-03|model_row=Midnight-12k|task_column=READ,2026-08-05,machine_parsed_single_source,not_reported,hest@3ddb5eaf5bd2a8133e0c0e8015816489a3d99dc3:README.md -> parse_hest_scores -> scores.csv,parsed_primary_source
midnight,Midnight-12k,not_reported,hest.ccrcc.gene_expression,0.2132,60.66,hest,pearson_r,https://github.com/mahmoodlab/HEST/blob/3ddb5eaf5bd2a8133e0c0e8015816489a3d99dc3/README.md,table=HEST-Benchmark results|table_date=2026-04-03|model_row=Midnight-12k|task_column=CCRCC,2026-08-05,machine_parsed_single_source,not_reported,hest@3ddb5eaf5bd2a8133e0c0e8015816489a3d99dc3:README.md -> parse_hest_scores -> scores.csv,parsed_primary_source
midnight,Midnight-12k,not_reported,hest.lung.gene_expression,0.5577,77.885,hest,pearson_r,https://github.com/mahmoodlab/HEST/blob/3ddb5eaf5bd2a8133e0c0e8015816489a3d99dc3/README.md,table=HEST-Benchmark results|table_date=2026-04-03|model_row=Midnight-12k|task_column=LUNG,2026-08-05,machine_parsed_single_source,not_reported,hest@3ddb5eaf5bd2a8133e0c0e8015816489a3d99dc3:README.md -> parse_hest_scores -> scores.csv,parsed_primary_source
midnight,Midnight-12k,not_reported,hest.lymph_idc.gene_expression,0.2642,63.21,hest,pearson_r,https://github.com/mahmoodlab/HEST/blob/3ddb5eaf5bd2a8133e0c0e8015816489a3d99dc3/README.md,table=HEST-Benchmark results|table_date=2026-04-03|model_row=Midnight-12k|task_column=LYMPH_IDC,2026-08-05,machine_parsed_single_source,not_reported,hest@3ddb5eaf5bd2a8133e0c0e8015816489a3d99dc3:README.md -> parse_hest_scores -> scores.csv,parsed_primary_source
h0-mini,H0-mini,not_reported,hest.idc.gene_expression,0.5862,79.31,hest,pearson_r,https://github.com/mahmoodlab/HEST/blob/3ddb5eaf5bd2a8133e0c0e8015816489a3d99dc3/README.md,table=HEST-Benchmark results|table_date=2026-04-03|model_row=H0-mini|task_column=IDC,2026-08-05,machine_parsed_single_source,not_reported,hest@3ddb5eaf5bd2a8133e0c0e8015816489a3d99dc3:README.md -> parse_hest_scores -> scores.csv,parsed_primary_source
h0-mini,H0-mini,not_reported,hest.prad.gene_expression,0.3687,68.435,hest,pearson_r,https://github.com/mahmoodlab/HEST/blob/3ddb5eaf5bd2a8133e0c0e8015816489a3d99dc3/README.md,table=HEST-Benchmark results|table_date=2026-04-03|model_row=H0-mini|task_column=PRAD,2026-08-05,machine_parsed_single_source,not_reported,hest@3ddb5eaf5bd2a8133e0c0e8015816489a3d99dc3:README.md -> parse_hest_scores -> scores.csv,parsed_primary_source
h0-mini,H0-mini,not_reported,hest.paad.gene_expression,0.4919,74.595,hest,pearson_r,https://github.com/mahmoodlab/HEST/blob/3ddb5eaf5bd2a8133e0c0e8015816489a3d99dc3/README.md,table=HEST-Benchmark results|table_date=2026-04-03|model_row=H0-mini|task_column=PAAD,2026-08-05,machine_parsed_single_source,not_reported,hest@3ddb5eaf5bd2a8133e0c0e8015816489a3d99dc3:README.md -> parse_hest_scores -> scores.csv,parsed_primary_source
h0-mini,H0-mini,not_reported,hest.skcm.gene_expression,0.6012,80.06,hest,pearson_r,https://github.com/mahmoodlab/HEST/blob/3ddb5eaf5bd2a8133e0c0e8015816489a3d99dc3/README.md,table=HEST-Benchmark results|table_date=2026-04-03|model_row=H0-mini|task_column=SKCM,2026-08-05,machine_parsed_single_source,not_reported,hest@3ddb5eaf5bd2a8133e0c0e8015816489a3d99dc3:README.md -> parse_hest_scores -> scores.csv,parsed_primary_source
h0-mini,H0-mini,not_reported,hest.coad.gene_expression,0.2494,62.47,hest,pearson_r,https://github.com/mahmoodlab/HEST/blob/3ddb5eaf5bd2a8133e0c0e8015816489a3d99dc3/README.md,table=HEST-Benchmark results|table_date=2026-04-03|model_row=H0-mini|task_column=COAD,2026-08-05,machine_parsed_single_source,not_reported,hest@3ddb5eaf5bd2a8133e0c0e8015816489a3d99dc3:README.md -> parse_hest_scores -> scores.csv,parsed_primary_source
h0-mini,H0-mini,not_reported,hest.read.gene_expression,0.1863,59.315,hest,pearson_r,https://github.com/mahmoodlab/HEST/blob/3ddb5eaf5bd2a8133e0c0e8015816489a3d99dc3/README.md,table=HEST-Benchmark results|table_date=2026-04-03|model_row=H0-mini|task_column=READ,2026-08-05,machine_parsed_single_source,not_reported,hest@3ddb5eaf5bd2a8133e0c0e8015816489a3d99dc3:README.md -> parse_hest_scores -> scores.csv,parsed_primary_source
h0-mini,H0-mini,not_reported,hest.ccrcc.gene_expression,0.267,63.35,hest,pearson_r,https://github.com/mahmoodlab/HEST/blob/3ddb5eaf5bd2a8133e0c0e8015816489a3d99dc3/README.md,table=HEST-Benchmark results|table_date=2026-04-03|model_row=H0-mini|task_column=CCRCC,2026-08-05,machine_parsed_single_source,not_reported,hest@3ddb5eaf5bd2a8133e0c0e8015816489a3d99dc3:README.md -> parse_hest_scores -> scores.csv,parsed_primary_source
h0-mini,H0-mini,not_reported,hest.lung.gene_expression,0.5482,77.41,hest,pearson_r,https://github.com/mahmoodlab/HEST/blob/3ddb5eaf5bd2a8133e0c0e8015816489a3d99dc3/README.md,table=HEST-Benchmark results|table_date=2026-04-03|model_row=H0-mini|task_column=LUNG,2026-08-05,machine_parsed_single_source,not_reported,hest@3ddb5eaf5bd2a8133e0c0e8015816489a3d99dc3:README.md -> parse_hest_scores -> scores.csv,parsed_primary_source
h0-mini,H0-mini,not_reported,hest.lymph_idc.gene_expression,0.2629,63.145,hest,pearson_r,https://github.com/mahmoodlab/HEST/blob/3ddb5eaf5bd2a8133e0c0e8015816489a3d99dc3/README.md,table=HEST-Benchmark results|table_date=2026-04-03|model_row=H0-mini|task_column=LYMPH_IDC,2026-08-05,machine_parsed_single_source,not_reported,hest@3ddb5eaf5bd2a8133e0c0e8015816489a3d99dc3:README.md -> parse_hest_scores -> scores.csv,parsed_primary_source
openmidnight,OpenMidnight,not_reported,hest.idc.gene_expression,0.587,79.35,hest,pearson_r,https://github.com/mahmoodlab/HEST/blob/3ddb5eaf5bd2a8133e0c0e8015816489a3d99dc3/README.md,table=HEST-Benchmark results|table_date=2026-04-03|model_row=OpenMidnight|task_column=IDC,2026-08-05,machine_parsed_single_source,not_reported,hest@3ddb5eaf5bd2a8133e0c0e8015816489a3d99dc3:README.md -> parse_hest_scores -> scores.csv,parsed_primary_source
openmidnight,OpenMidnight,not_reported,hest.prad.gene_expression,0.359,67.95,hest,pearson_r,https://github.com/mahmoodlab/HEST/blob/3ddb5eaf5bd2a8133e0c0e8015816489a3d99dc3/README.md,table=HEST-Benchmark results|table_date=2026-04-03|model_row=OpenMidnight|task_column=PRAD,2026-08-05,machine_parsed_single_source,not_reported,hest@3ddb5eaf5bd2a8133e0c0e8015816489a3d99dc3:README.md -> parse_hest_scores -> scores.csv,parsed_primary_source
openmidnight,OpenMidnight,not_reported,hest.paad.gene_expression,0.4731,73.655,hest,pearson_r,https://github.com/mahmoodlab/HEST/blob/3ddb5eaf5bd2a8133e0c0e8015816489a3d99dc3/README.md,table=HEST-Benchmark results|table_date=2026-04-03|model_row=OpenMidnight|task_column=PAAD,2026-08-05,machine_parsed_single_source,not_reported,hest@3ddb5eaf5bd2a8133e0c0e8015816489a3d99dc3:README.md -> parse_hest_scores -> scores.csv,parsed_primary_source
openmidnight,OpenMidnight,not_reported,hest.skcm.gene_expression,0.5941,79.705,hest,pearson_r,https://github.com/mahmoodlab/HEST/blob/3ddb5eaf5bd2a8133e0c0e8015816489a3d99dc3/README.md,table=HEST-Benchmark results|table_date=2026-04-03|model_row=OpenMidnight|task_column=SKCM,2026-08-05,machine_parsed_single_source,not_reported,hest@3ddb5eaf5bd2a8133e0c0e8015816489a3d99dc3:README.md -> parse_hest_scores -> scores.csv,parsed_primary_source
openmidnight,OpenMidnight,not_reported,hest.coad.gene_expression,0.2728,63.64,hest,pearson_r,https://github.com/mahmoodlab/HEST/blob/3ddb5eaf5bd2a8133e0c0e8015816489a3d99dc3/README.md,table=HEST-Benchmark results|table_date=2026-04-03|model_row=OpenMidnight|task_column=COAD,2026-08-05,machine_parsed_single_source,not_reported,hest@3ddb5eaf5bd2a8133e0c0e8015816489a3d99dc3:README.md -> parse_hest_scores -> scores.csv,parsed_primary_source
openmidnight,OpenMidnight,not_reported,hest.read.gene_expression,0.1762,58.81,hest,pearson_r,https://github.com/mahmoodlab/HEST/blob/3ddb5eaf5bd2a8133e0c0e8015816489a3d99dc3/README.md,table=HEST-Benchmark results|table_date=2026-04-03|model_row=OpenMidnight|task_column=READ,2026-08-05,machine_parsed_single_source,not_reported,hest@3ddb5eaf5bd2a8133e0c0e8015816489a3d99dc3:README.md -> parse_hest_scores -> scores.csv,parsed_primary_source
openmidnight,OpenMidnight,not_reported,hest.ccrcc.gene_expression,0.2458,62.29,hest,pearson_r,https://github.com/mahmoodlab/HEST/blob/3ddb5eaf5bd2a8133e0c0e8015816489a3d99dc3/README.md,table=HEST-Benchmark results|table_date=2026-04-03|model_row=OpenMidnight|task_column=CCRCC,2026-08-05,machine_parsed_single_source,not_reported,hest@3ddb5eaf5bd2a8133e0c0e8015816489a3d99dc3:README.md -> parse_hest_scores -> scores.csv,parsed_primary_source
openmidnight,OpenMidnight,not_reported,hest.lung.gene_expression,0.5534,77.67,hest,pearson_r,https://github.com/mahmoodlab/HEST/blob/3ddb5eaf5bd2a8133e0c0e8015816489a3d99dc3/README.md,table=HEST-Benchmark results|table_date=2026-04-03|model_row=OpenMidnight|task_column=LUNG,2026-08-05,machine_parsed_single_source,not_reported,hest@3ddb5eaf5bd2a8133e0c0e8015816489a3d99dc3:README.md -> parse_hest_scores -> scores.csv,parsed_primary_source
openmidnight,OpenMidnight,not_reported,hest.lymph_idc.gene_expression,0.2598,62.99,hest,pearson_r,https://github.com/mahmoodlab/HEST/blob/3ddb5eaf5bd2a8133e0c0e8015816489a3d99dc3/README.md,table=HEST-Benchmark results|table_date=2026-04-03|model_row=OpenMidnight|task_column=LYMPH_IDC,2026-08-05,machine_parsed_single_source,not_reported,hest@3ddb5eaf5bd2a8133e0c0e8015816489a3d99dc3:README.md -> parse_hest_scores -> scores.csv,parsed_primary_source
hibou-l,Hibou-L,not_reported,hest.idc.gene_expression,0.5701,78.505,hest,pearson_r,https://github.com/mahmoodlab/HEST/blob/3ddb5eaf5bd2a8133e0c0e8015816489a3d99dc3/README.md,table=HEST-Benchmark results|table_date=2026-04-03|model_row=Hibou-L|task_column=IDC,2026-08-05,machine_parsed_single_source,not_reported,hest@3ddb5eaf5bd2a8133e0c0e8015816489a3d99dc3:README.md -> parse_hest_scores -> scores.csv,parsed_primary_source
hibou-l,Hibou-L,not_reported,hest.prad.gene_expression,0.2945,64.725,hest,pearson_r,https://github.com/mahmoodlab/HEST/blob/3ddb5eaf5bd2a8133e0c0e8015816489a3d99dc3/README.md,table=HEST-Benchmark results|table_date=2026-04-03|model_row=Hibou-L|task_column=PRAD,2026-08-05,machine_parsed_single_source,not_reported,hest@3ddb5eaf5bd2a8133e0c0e8015816489a3d99dc3:README.md -> parse_hest_scores -> scores.csv,parsed_primary_source
hibou-l,Hibou-L,not_reported,hest.paad.gene_expression,0.4674,73.37,hest,pearson_r,https://github.com/mahmoodlab/HEST/blob/3ddb5eaf5bd2a8133e0c0e8015816489a3d99dc3/README.md,table=HEST-Benchmark results|table_date=2026-04-03|model_row=Hibou-L|task_column=PAAD,2026-08-05,machine_parsed_single_source,not_reported,hest@3ddb5eaf5bd2a8133e0c0e8015816489a3d99dc3:README.md -> parse_hest_scores -> scores.csv,parsed_primary_source
hibou-l,Hibou-L,not_reported,hest.skcm.gene_expression,0.5817,79.085,hest,pearson_r,https://github.com/mahmoodlab/HEST/blob/3ddb5eaf5bd2a8133e0c0e8015816489a3d99dc3/README.md,table=HEST-Benchmark results|table_date=2026-04-03|model_row=Hibou-L|task_column=SKCM,2026-08-05,machine_parsed_single_source,not_reported,hest@3ddb5eaf5bd2a8133e0c0e8015816489a3d99dc3:README.md -> parse_hest_scores -> scores.csv,parsed_primary_source
hibou-l,Hibou-L,not_reported,hest.coad.gene_expression,0.304,65.2,hest,pearson_r,https://github.com/mahmoodlab/HEST/blob/3ddb5eaf5bd2a8133e0c0e8015816489a3d99dc3/README.md,table=HEST-Benchmark results|table_date=2026-04-03|model_row=Hibou-L|task_column=COAD,2026-08-05,machine_parsed_single_source,not_reported,hest@3ddb5eaf5bd2a8133e0c0e8015816489a3d99dc3:README.md -> parse_hest_scores -> scores.csv,parsed_primary_source
hibou-l,Hibou-L,not_reported,hest.read.gene_expression,0.1902,59.51,hest,pearson_r,https://github.com/mahmoodlab/HEST/blob/3ddb5eaf5bd2a8133e0c0e8015816489a3d99dc3/README.md,table=HEST-Benchmark results|table_date=2026-04-03|model_row=Hibou-L|task_column=READ,2026-08-05,machine_parsed_single_source,not_reported,hest@3ddb5eaf5bd2a8133e0c0e8015816489a3d99dc3:README.md -> parse_hest_scores -> scores.csv,parsed_primary_source
hibou-l,Hibou-L,not_reported,hest.ccrcc.gene_expression,0.2657,63.285,hest,pearson_r,https://github.com/mahmoodlab/HEST/blob/3ddb5eaf5bd2a8133e0c0e8015816489a3d99dc3/README.md,table=HEST-Benchmark results|table_date=2026-04-03|model_row=Hibou-L|task_column=CCRCC,2026-08-05,machine_parsed_single_source,not_reported,hest@3ddb5eaf5bd2a8133e0c0e8015816489a3d99dc3:README.md -> parse_hest_scores -> scores.csv,parsed_primary_source
hibou-l,Hibou-L,not_reported,hest.lung.gene_expression,0.5762,78.81,hest,pearson_r,https://github.com/mahmoodlab/HEST/blob/3ddb5eaf5bd2a8133e0c0e8015816489a3d99dc3/README.md,table=HEST-Benchmark results|table_date=2026-04-03|model_row=Hibou-L|task_column=LUNG,2026-08-05,machine_parsed_single_source,not_reported,hest@3ddb5eaf5bd2a8133e0c0e8015816489a3d99dc3:README.md -> parse_hest_scores -> scores.csv,parsed_primary_source
hibou-l,Hibou-L,not_reported,hest.lymph_idc.gene_expression,0.2432,62.16,hest,pearson_r,https://github.com/mahmoodlab/HEST/blob/3ddb5eaf5bd2a8133e0c0e8015816489a3d99dc3/README.md,table=HEST-Benchmark results|table_date=2026-04-03|model_row=Hibou-L|task_column=LYMPH_IDC,2026-08-05,machine_parsed_single_source,not_reported,hest@3ddb5eaf5bd2a8133e0c0e8015816489a3d99dc3:README.md -> parse_hest_scores -> scores.csv,parsed_primary_source
prov-gigapath,GigaPath,not_reported,hest.idc.gene_expression,0.5515,77.575,hest,pearson_r,https://github.com/mahmoodlab/HEST/blob/3ddb5eaf5bd2a8133e0c0e8015816489a3d99dc3/README.md,table=HEST-Benchmark results|table_date=2026-04-03|model_row=GigaPath|task_column=IDC,2026-08-05,machine_parsed_single_source,not_reported,hest@3ddb5eaf5bd2a8133e0c0e8015816489a3d99dc3:README.md -> parse_hest_scores -> scores.csv,parsed_primary_source
prov-gigapath,GigaPath,not_reported,hest.prad.gene_expression,0.3699,68.495,hest,pearson_r,https://github.com/mahmoodlab/HEST/blob/3ddb5eaf5bd2a8133e0c0e8015816489a3d99dc3/README.md,table=HEST-Benchmark results|table_date=2026-04-03|model_row=GigaPath|task_column=PRAD,2026-08-05,machine_parsed_single_source,not_reported,hest@3ddb5eaf5bd2a8133e0c0e8015816489a3d99dc3:README.md -> parse_hest_scores -> scores.csv,parsed_primary_source
prov-gigapath,GigaPath,not_reported,hest.paad.gene_expression,0.4746,73.73,hest,pearson_r,https://github.com/mahmoodlab/HEST/blob/3ddb5eaf5bd2a8133e0c0e8015816489a3d99dc3/README.md,table=HEST-Benchmark results|table_date=2026-04-03|model_row=GigaPath|task_column=PAAD,2026-08-05,machine_parsed_single_source,not_reported,hest@3ddb5eaf5bd2a8133e0c0e8015816489a3d99dc3:README.md -> parse_hest_scores -> scores.csv,parsed_primary_source
prov-gigapath,GigaPath,not_reported,hest.skcm.gene_expression,0.5619,78.095,hest,pearson_r,https://github.com/mahmoodlab/HEST/blob/3ddb5eaf5bd2a8133e0c0e8015816489a3d99dc3/README.md,table=HEST-Benchmark results|table_date=2026-04-03|model_row=GigaPath|task_column=SKCM,2026-08-05,machine_parsed_single_source,not_reported,hest@3ddb5eaf5bd2a8133e0c0e8015816489a3d99dc3:README.md -> parse_hest_scores -> scores.csv,parsed_primary_source
prov-gigapath,GigaPath,not_reported,hest.coad.gene_expression,0.2992,64.96,hest,pearson_r,https://github.com/mahmoodlab/HEST/blob/3ddb5eaf5bd2a8133e0c0e8015816489a3d99dc3/README.md,table=HEST-Benchmark results|table_date=2026-04-03|model_row=GigaPath|task_column=COAD,2026-08-05,machine_parsed_single_source,not_reported,hest@3ddb5eaf5bd2a8133e0c0e8015816489a3d99dc3:README.md -> parse_hest_scores -> scores.csv,parsed_primary_source
prov-gigapath,GigaPath,not_reported,hest.read.gene_expression,0.1961,59.805,hest,pearson_r,https://github.com/mahmoodlab/HEST/blob/3ddb5eaf5bd2a8133e0c0e8015816489a3d99dc3/README.md,table=HEST-Benchmark results|table_date=2026-04-03|model_row=GigaPath|task_column=READ,2026-08-05,machine_parsed_single_source,not_reported,hest@3ddb5eaf5bd2a8133e0c0e8015816489a3d99dc3:README.md -> parse_hest_scores -> scores.csv,parsed_primary_source
prov-gigapath,GigaPath,not_reported,hest.ccrcc.gene_expression,0.243,62.15,hest,pearson_r,https://github.com/mahmoodlab/HEST/blob/3ddb5eaf5bd2a8133e0c0e8015816489a3d99dc3/README.md,table=HEST-Benchmark results|table_date=2026-04-03|model_row=GigaPath|task_column=CCRCC,2026-08-05,machine_parsed_single_source,not_reported,hest@3ddb5eaf5bd2a8133e0c0e8015816489a3d99dc3:README.md -> parse_hest_scores -> scores.csv,parsed_primary_source
prov-gigapath,GigaPath,not_reported,hest.lung.gene_expression,0.5412,77.06,hest,pearson_r,https://github.com/mahmoodlab/HEST/blob/3ddb5eaf5bd2a8133e0c0e8015816489a3d99dc3/README.md,table=HEST-Benchmark results|table_date=2026-04-03|model_row=GigaPath|task_column=LUNG,2026-08-05,machine_parsed_single_source,not_reported,hest@3ddb5eaf5bd2a8133e0c0e8015816489a3d99dc3:README.md -> parse_hest_scores -> scores.csv,parsed_primary_source
prov-gigapath,GigaPath,not_reported,hest.lymph_idc.gene_expression,0.25,62.5,hest,pearson_r,https://github.com/mahmoodlab/HEST/blob/3ddb5eaf5bd2a8133e0c0e8015816489a3d99dc3/README.md,table=HEST-Benchmark results|table_date=2026-04-03|model_row=GigaPath|task_column=LYMPH_IDC,2026-08-05,machine_parsed_single_source,not_reported,hest@3ddb5eaf5bd2a8133e0c0e8015816489a3d99dc3:README.md -> parse_hest_scores -> scores.csv,parsed_primary_source
uni,UNI,not_reported,hest.idc.gene_expression,0.589,79.45,hest,pearson_r,https://github.com/mahmoodlab/HEST/blob/3ddb5eaf5bd2a8133e0c0e8015816489a3d99dc3/README.md,table=HEST-Benchmark results|table_date=2026-04-03|model_row=UNI|task_column=IDC,2026-08-05,machine_parsed_single_source,not_reported,hest@3ddb5eaf5bd2a8133e0c0e8015816489a3d99dc3:README.md -> parse_hest_scores -> scores.csv,parsed_primary_source
uni,UNI,not_reported,hest.prad.gene_expression,0.2943,64.715,hest,pearson_r,https://github.com/mahmoodlab/HEST/blob/3ddb5eaf5bd2a8133e0c0e8015816489a3d99dc3/README.md,table=HEST-Benchmark results|table_date=2026-04-03|model_row=UNI|task_column=PRAD,2026-08-05,machine_parsed_single_source,not_reported,hest@3ddb5eaf5bd2a8133e0c0e8015816489a3d99dc3:README.md -> parse_hest_scores -> scores.csv,parsed_primary_source
uni,UNI,not_reported,hest.paad.gene_expression,0.4807,74.035,hest,pearson_r,https://github.com/mahmoodlab/HEST/blob/3ddb5eaf5bd2a8133e0c0e8015816489a3d99dc3/README.md,table=HEST-Benchmark results|table_date=2026-04-03|model_row=UNI|task_column=PAAD,2026-08-05,machine_parsed_single_source,not_reported,hest@3ddb5eaf5bd2a8133e0c0e8015816489a3d99dc3:README.md -> parse_hest_scores -> scores.csv,parsed_primary_source
uni,UNI,not_reported,hest.skcm.gene_expression,0.6346,81.73,hest,pearson_r,https://github.com/mahmoodlab/HEST/blob/3ddb5eaf5bd2a8133e0c0e8015816489a3d99dc3/README.md,table=HEST-Benchmark results|table_date=2026-04-03|model_row=UNI|task_column=SKCM,2026-08-05,machine_parsed_single_source,not_reported,hest@3ddb5eaf5bd2a8133e0c0e8015816489a3d99dc3:README.md -> parse_hest_scores -> scores.csv,parsed_primary_source
uni,UNI,not_reported,hest.coad.gene_expression,0.2614,63.07,hest,pearson_r,https://github.com/mahmoodlab/HEST/blob/3ddb5eaf5bd2a8133e0c0e8015816489a3d99dc3/README.md,table=HEST-Benchmark results|table_date=2026-04-03|model_row=UNI|task_column=COAD,2026-08-05,machine_parsed_single_source,not_reported,hest@3ddb5eaf5bd2a8133e0c0e8015816489a3d99dc3:README.md -> parse_hest_scores -> scores.csv,parsed_primary_source
uni,UNI,not_reported,hest.read.gene_expression,0.1836,59.18,hest,pearson_r,https://github.com/mahmoodlab/HEST/blob/3ddb5eaf5bd2a8133e0c0e8015816489a3d99dc3/README.md,table=HEST-Benchmark results|table_date=2026-04-03|model_row=UNI|task_column=READ,2026-08-05,machine_parsed_single_source,not_reported,hest@3ddb5eaf5bd2a8133e0c0e8015816489a3d99dc3:README.md -> parse_hest_scores -> scores.csv,parsed_primary_source
uni,UNI,not_reported,hest.ccrcc.gene_expression,0.24,62,hest,pearson_r,https://github.com/mahmoodlab/HEST/blob/3ddb5eaf5bd2a8133e0c0e8015816489a3d99dc3/README.md,table=HEST-Benchmark results|table_date=2026-04-03|model_row=UNI|task_column=CCRCC,2026-08-05,machine_parsed_single_source,not_reported,hest@3ddb5eaf5bd2a8133e0c0e8015816489a3d99dc3:README.md -> parse_hest_scores -> scores.csv,parsed_primary_source
uni,UNI,not_reported,hest.lung.gene_expression,0.5464,77.32,hest,pearson_r,https://github.com/mahmoodlab/HEST/blob/3ddb5eaf5bd2a8133e0c0e8015816489a3d99dc3/README.md,table=HEST-Benchmark results|table_date=2026-04-03|model_row=UNI|task_column=LUNG,2026-08-05,machine_parsed_single_source,not_reported,hest@3ddb5eaf5bd2a8133e0c0e8015816489a3d99dc3:README.md -> parse_hest_scores -> scores.csv,parsed_primary_source
uni,UNI,not_reported,hest.lymph_idc.gene_expression,0.2559,62.795,hest,pearson_r,https://github.com/mahmoodlab/HEST/blob/3ddb5eaf5bd2a8133e0c0e8015816489a3d99dc3/README.md,table=HEST-Benchmark results|table_date=2026-04-03|model_row=UNI|task_column=LYMPH_IDC,2026-08-05,machine_parsed_single_source,not_reported,hest@3ddb5eaf5bd2a8133e0c0e8015816489a3d99dc3:README.md -> parse_hest_scores -> scores.csv,parsed_primary_source
conch-1.5,CONCH v1.5,not_reported,hest.idc.gene_expression,0.544,77.2,hest,pearson_r,https://github.com/mahmoodlab/HEST/blob/3ddb5eaf5bd2a8133e0c0e8015816489a3d99dc3/README.md,table=HEST-Benchmark results|table_date=2026-04-03|model_row=CONCH v1.5|task_column=IDC,2026-08-05,machine_parsed_single_source,not_reported,hest@3ddb5eaf5bd2a8133e0c0e8015816489a3d99dc3:README.md -> parse_hest_scores -> scores.csv,parsed_primary_source
conch-1.5,CONCH v1.5,not_reported,hest.prad.gene_expression,0.3808,69.04,hest,pearson_r,https://github.com/mahmoodlab/HEST/blob/3ddb5eaf5bd2a8133e0c0e8015816489a3d99dc3/README.md,table=HEST-Benchmark results|table_date=2026-04-03|model_row=CONCH v1.5|task_column=PRAD,2026-08-05,machine_parsed_single_source,not_reported,hest@3ddb5eaf5bd2a8133e0c0e8015816489a3d99dc3:README.md -> parse_hest_scores -> scores.csv,parsed_primary_source
conch-1.5,CONCH v1.5,not_reported,hest.paad.gene_expression,0.457,72.85,hest,pearson_r,https://github.com/mahmoodlab/HEST/blob/3ddb5eaf5bd2a8133e0c0e8015816489a3d99dc3/README.md,table=HEST-Benchmark results|table_date=2026-04-03|model_row=CONCH v1.5|task_column=PAAD,2026-08-05,machine_parsed_single_source,not_reported,hest@3ddb5eaf5bd2a8133e0c0e8015816489a3d99dc3:README.md -> parse_hest_scores -> scores.csv,parsed_primary_source
conch-1.5,CONCH v1.5,not_reported,hest.skcm.gene_expression,0.5517,77.585,hest,pearson_r,https://github.com/mahmoodlab/HEST/blob/3ddb5eaf5bd2a8133e0c0e8015816489a3d99dc3/README.md,table=HEST-Benchmark results|table_date=2026-04-03|model_row=CONCH v1.5|task_column=SKCM,2026-08-05,machine_parsed_single_source,not_reported,hest@3ddb5eaf5bd2a8133e0c0e8015816489a3d99dc3:README.md -> parse_hest_scores -> scores.csv,parsed_primary_source
conch-1.5,CONCH v1.5,not_reported,hest.coad.gene_expression,0.2802,64.01,hest,pearson_r,https://github.com/mahmoodlab/HEST/blob/3ddb5eaf5bd2a8133e0c0e8015816489a3d99dc3/README.md,table=HEST-Benchmark results|table_date=2026-04-03|model_row=CONCH v1.5|task_column=COAD,2026-08-05,machine_parsed_single_source,not_reported,hest@3ddb5eaf5bd2a8133e0c0e8015816489a3d99dc3:README.md -> parse_hest_scores -> scores.csv,parsed_primary_source
conch-1.5,CONCH v1.5,not_reported,hest.read.gene_expression,0.16,58,hest,pearson_r,https://github.com/mahmoodlab/HEST/blob/3ddb5eaf5bd2a8133e0c0e8015816489a3d99dc3/README.md,table=HEST-Benchmark results|table_date=2026-04-03|model_row=CONCH v1.5|task_column=READ,2026-08-05,machine_parsed_single_source,not_reported,hest@3ddb5eaf5bd2a8133e0c0e8015816489a3d99dc3:README.md -> parse_hest_scores -> scores.csv,parsed_primary_source
conch-1.5,CONCH v1.5,not_reported,hest.ccrcc.gene_expression,0.2176,60.88,hest,pearson_r,https://github.com/mahmoodlab/HEST/blob/3ddb5eaf5bd2a8133e0c0e8015816489a3d99dc3/README.md,table=HEST-Benchmark results|table_date=2026-04-03|model_row=CONCH v1.5|task_column=CCRCC,2026-08-05,machine_parsed_single_source,not_reported,hest@3ddb5eaf5bd2a8133e0c0e8015816489a3d99dc3:README.md -> parse_hest_scores -> scores.csv,parsed_primary_source
conch-1.5,CONCH v1.5,not_reported,hest.lung.gene_expression,0.5513,77.565,hest,pearson_r,https://github.com/mahmoodlab/HEST/blob/3ddb5eaf5bd2a8133e0c0e8015816489a3d99dc3/README.md,table=HEST-Benchmark results|table_date=2026-04-03|model_row=CONCH v1.5|task_column=LUNG,2026-08-05,machine_parsed_single_source,not_reported,hest@3ddb5eaf5bd2a8133e0c0e8015816489a3d99dc3:README.md -> parse_hest_scores -> scores.csv,parsed_primary_source
conch-1.5,CONCH v1.5,not_reported,hest.lymph_idc.gene_expression,0.2699,63.495,hest,pearson_r,https://github.com/mahmoodlab/HEST/blob/3ddb5eaf5bd2a8133e0c0e8015816489a3d99dc3/README.md,table=HEST-Benchmark results|table_date=2026-04-03|model_row=CONCH v1.5|task_column=LYMPH_IDC,2026-08-05,machine_parsed_single_source,not_reported,hest@3ddb5eaf5bd2a8133e0c0e8015816489a3d99dc3:README.md -> parse_hest_scores -> scores.csv,parsed_primary_source
gpfm,GPFM,not_reported,hest.idc.gene_expression,0.566,78.3,hest,pearson_r,https://github.com/mahmoodlab/HEST/blob/3ddb5eaf5bd2a8133e0c0e8015816489a3d99dc3/README.md,table=HEST-Benchmark results|table_date=2026-04-03|model_row=GPFM|task_column=IDC,2026-08-05,machine_parsed_single_source,not_reported,hest@3ddb5eaf5bd2a8133e0c0e8015816489a3d99dc3:README.md -> parse_hest_scores -> scores.csv,parsed_primary_source
gpfm,GPFM,not_reported,hest.prad.gene_expression,0.3423,67.115,hest,pearson_r,https://github.com/mahmoodlab/HEST/blob/3ddb5eaf5bd2a8133e0c0e8015816489a3d99dc3/README.md,table=HEST-Benchmark results|table_date=2026-04-03|model_row=GPFM|task_column=PRAD,2026-08-05,machine_parsed_single_source,not_reported,hest@3ddb5eaf5bd2a8133e0c0e8015816489a3d99dc3:README.md -> parse_hest_scores -> scores.csv,parsed_primary_source
gpfm,GPFM,not_reported,hest.paad.gene_expression,0.4601,73.005,hest,pearson_r,https://github.com/mahmoodlab/HEST/blob/3ddb5eaf5bd2a8133e0c0e8015816489a3d99dc3/README.md,table=HEST-Benchmark results|table_date=2026-04-03|model_row=GPFM|task_column=PAAD,2026-08-05,machine_parsed_single_source,not_reported,hest@3ddb5eaf5bd2a8133e0c0e8015816489a3d99dc3:README.md -> parse_hest_scores -> scores.csv,parsed_primary_source
gpfm,GPFM,not_reported,hest.skcm.gene_expression,0.5891,79.455,hest,pearson_r,https://github.com/mahmoodlab/HEST/blob/3ddb5eaf5bd2a8133e0c0e8015816489a3d99dc3/README.md,table=HEST-Benchmark results|table_date=2026-04-03|model_row=GPFM|task_column=SKCM,2026-08-05,machine_parsed_single_source,not_reported,hest@3ddb5eaf5bd2a8133e0c0e8015816489a3d99dc3:README.md -> parse_hest_scores -> scores.csv,parsed_primary_source
gpfm,GPFM,not_reported,hest.coad.gene_expression,0.248,62.4,hest,pearson_r,https://github.com/mahmoodlab/HEST/blob/3ddb5eaf5bd2a8133e0c0e8015816489a3d99dc3/README.md,table=HEST-Benchmark results|table_date=2026-04-03|model_row=GPFM|task_column=COAD,2026-08-05,machine_parsed_single_source,not_reported,hest@3ddb5eaf5bd2a8133e0c0e8015816489a3d99dc3:README.md -> parse_hest_scores -> scores.csv,parsed_primary_source
gpfm,GPFM,not_reported,hest.read.gene_expression,0.1646,58.23,hest,pearson_r,https://github.com/mahmoodlab/HEST/blob/3ddb5eaf5bd2a8133e0c0e8015816489a3d99dc3/README.md,table=HEST-Benchmark results|table_date=2026-04-03|model_row=GPFM|task_column=READ,2026-08-05,machine_parsed_single_source,not_reported,hest@3ddb5eaf5bd2a8133e0c0e8015816489a3d99dc3:README.md -> parse_hest_scores -> scores.csv,parsed_primary_source
gpfm,GPFM,not_reported,hest.ccrcc.gene_expression,0.2591,62.955,hest,pearson_r,https://github.com/mahmoodlab/HEST/blob/3ddb5eaf5bd2a8133e0c0e8015816489a3d99dc3/README.md,table=HEST-Benchmark results|table_date=2026-04-03|model_row=GPFM|task_column=CCRCC,2026-08-05,machine_parsed_single_source,not_reported,hest@3ddb5eaf5bd2a8133e0c0e8015816489a3d99dc3:README.md -> parse_hest_scores -> scores.csv,parsed_primary_source
gpfm,GPFM,not_reported,hest.lung.gene_expression,0.5472,77.36,hest,pearson_r,https://github.com/mahmoodlab/HEST/blob/3ddb5eaf5bd2a8133e0c0e8015816489a3d99dc3/README.md,table=HEST-Benchmark results|table_date=2026-04-03|model_row=GPFM|task_column=LUNG,2026-08-05,machine_parsed_single_source,not_reported,hest@3ddb5eaf5bd2a8133e0c0e8015816489a3d99dc3:README.md -> parse_hest_scores -> scores.csv,parsed_primary_source
gpfm,GPFM,not_reported,hest.lymph_idc.gene_expression,0.2371,61.855,hest,pearson_r,https://github.com/mahmoodlab/HEST/blob/3ddb5eaf5bd2a8133e0c0e8015816489a3d99dc3/README.md,table=HEST-Benchmark results|table_date=2026-04-03|model_row=GPFM|task_column=LYMPH_IDC,2026-08-05,machine_parsed_single_source,not_reported,hest@3ddb5eaf5bd2a8133e0c0e8015816489a3d99dc3:README.md -> parse_hest_scores -> scores.csv,parsed_primary_source
phikon-v2,Phikon-v2,not_reported,hest.idc.gene_expression,0.5408,77.04,hest,pearson_r,https://github.com/mahmoodlab/HEST/blob/3ddb5eaf5bd2a8133e0c0e8015816489a3d99dc3/README.md,table=HEST-Benchmark results|table_date=2026-04-03|model_row=Phikon-v2|task_column=IDC,2026-08-05,machine_parsed_single_source,not_reported,hest@3ddb5eaf5bd2a8133e0c0e8015816489a3d99dc3:README.md -> parse_hest_scores -> scores.csv,parsed_primary_source
phikon-v2,Phikon-v2,not_reported,hest.prad.gene_expression,0.3545,67.725,hest,pearson_r,https://github.com/mahmoodlab/HEST/blob/3ddb5eaf5bd2a8133e0c0e8015816489a3d99dc3/README.md,table=HEST-Benchmark results|table_date=2026-04-03|model_row=Phikon-v2|task_column=PRAD,2026-08-05,machine_parsed_single_source,not_reported,hest@3ddb5eaf5bd2a8133e0c0e8015816489a3d99dc3:README.md -> parse_hest_scores -> scores.csv,parsed_primary_source
phikon-v2,Phikon-v2,not_reported,hest.paad.gene_expression,0.4455,72.275,hest,pearson_r,https://github.com/mahmoodlab/HEST/blob/3ddb5eaf5bd2a8133e0c0e8015816489a3d99dc3/README.md,table=HEST-Benchmark results|table_date=2026-04-03|model_row=Phikon-v2|task_column=PAAD,2026-08-05,machine_parsed_single_source,not_reported,hest@3ddb5eaf5bd2a8133e0c0e8015816489a3d99dc3:README.md -> parse_hest_scores -> scores.csv,parsed_primary_source
phikon-v2,Phikon-v2,not_reported,hest.skcm.gene_expression,0.5554,77.77,hest,pearson_r,https://github.com/mahmoodlab/HEST/blob/3ddb5eaf5bd2a8133e0c0e8015816489a3d99dc3/README.md,table=HEST-Benchmark results|table_date=2026-04-03|model_row=Phikon-v2|task_column=SKCM,2026-08-05,machine_parsed_single_source,not_reported,hest@3ddb5eaf5bd2a8133e0c0e8015816489a3d99dc3:README.md -> parse_hest_scores -> scores.csv,parsed_primary_source
phikon-v2,Phikon-v2,not_reported,hest.coad.gene_expression,0.25,62.5,hest,pearson_r,https://github.com/mahmoodlab/HEST/blob/3ddb5eaf5bd2a8133e0c0e8015816489a3d99dc3/README.md,table=HEST-Benchmark results|table_date=2026-04-03|model_row=Phikon-v2|task_column=COAD,2026-08-05,machine_parsed_single_source,not_reported,hest@3ddb5eaf5bd2a8133e0c0e8015816489a3d99dc3:README.md -> parse_hest_scores -> scores.csv,parsed_primary_source
phikon-v2,Phikon-v2,not_reported,hest.read.gene_expression,0.1749,58.745,hest,pearson_r,https://github.com/mahmoodlab/HEST/blob/3ddb5eaf5bd2a8133e0c0e8015816489a3d99dc3/README.md,table=HEST-Benchmark results|table_date=2026-04-03|model_row=Phikon-v2|task_column=READ,2026-08-05,machine_parsed_single_source,not_reported,hest@3ddb5eaf5bd2a8133e0c0e8015816489a3d99dc3:README.md -> parse_hest_scores -> scores.csv,parsed_primary_source
phikon-v2,Phikon-v2,not_reported,hest.ccrcc.gene_expression,0.2659,63.295,hest,pearson_r,https://github.com/mahmoodlab/HEST/blob/3ddb5eaf5bd2a8133e0c0e8015816489a3d99dc3/README.md,table=HEST-Benchmark results|table_date=2026-04-03|model_row=Phikon-v2|task_column=CCRCC,2026-08-05,machine_parsed_single_source,not_reported,hest@3ddb5eaf5bd2a8133e0c0e8015816489a3d99dc3:README.md -> parse_hest_scores -> scores.csv,parsed_primary_source
phikon-v2,Phikon-v2,not_reported,hest.lung.gene_expression,0.5419,77.095,hest,pearson_r,https://github.com/mahmoodlab/HEST/blob/3ddb5eaf5bd2a8133e0c0e8015816489a3d99dc3/README.md,table=HEST-Benchmark results|table_date=2026-04-03|model_row=Phikon-v2|task_column=LUNG,2026-08-05,machine_parsed_single_source,not_reported,hest@3ddb5eaf5bd2a8133e0c0e8015816489a3d99dc3:README.md -> parse_hest_scores -> scores.csv,parsed_primary_source
phikon-v2,Phikon-v2,not_reported,hest.lymph_idc.gene_expression,0.2437,62.185,hest,pearson_r,https://github.com/mahmoodlab/HEST/blob/3ddb5eaf5bd2a8133e0c0e8015816489a3d99dc3/README.md,table=HEST-Benchmark results|table_date=2026-04-03|model_row=Phikon-v2|task_column=LYMPH_IDC,2026-08-05,machine_parsed_single_source,not_reported,hest@3ddb5eaf5bd2a8133e0c0e8015816489a3d99dc3:README.md -> parse_hest_scores -> scores.csv,parsed_primary_source
kaiko-vit-b-8,Kaiko ViT-B/8,not_reported,hest.idc.gene_expression,0.5599,77.995,hest,pearson_r,https://github.com/mahmoodlab/HEST/blob/3ddb5eaf5bd2a8133e0c0e8015816489a3d99dc3/README.md,table=HEST-Benchmark results|table_date=2026-04-03|model_row=Kaiko ViT-B/8|task_column=IDC,2026-08-05,machine_parsed_single_source,not_reported,hest@3ddb5eaf5bd2a8133e0c0e8015816489a3d99dc3:README.md -> parse_hest_scores -> scores.csv,parsed_primary_source
kaiko-vit-b-8,Kaiko ViT-B/8,not_reported,hest.prad.gene_expression,0.3611,68.055,hest,pearson_r,https://github.com/mahmoodlab/HEST/blob/3ddb5eaf5bd2a8133e0c0e8015816489a3d99dc3/README.md,table=HEST-Benchmark results|table_date=2026-04-03|model_row=Kaiko ViT-B/8|task_column=PRAD,2026-08-05,machine_parsed_single_source,not_reported,hest@3ddb5eaf5bd2a8133e0c0e8015816489a3d99dc3:README.md -> parse_hest_scores -> scores.csv,parsed_primary_source
kaiko-vit-b-8,Kaiko ViT-B/8,not_reported,hest.paad.gene_expression,0.4601,73.005,hest,pearson_r,https://github.com/mahmoodlab/HEST/blob/3ddb5eaf5bd2a8133e0c0e8015816489a3d99dc3/README.md,table=HEST-Benchmark results|table_date=2026-04-03|model_row=Kaiko ViT-B/8|task_column=PAAD,2026-08-05,machine_parsed_single_source,not_reported,hest@3ddb5eaf5bd2a8133e0c0e8015816489a3d99dc3:README.md -> parse_hest_scores -> scores.csv,parsed_primary_source
kaiko-vit-b-8,Kaiko ViT-B/8,not_reported,hest.skcm.gene_expression,0.5725,78.625,hest,pearson_r,https://github.com/mahmoodlab/HEST/blob/3ddb5eaf5bd2a8133e0c0e8015816489a3d99dc3/README.md,table=HEST-Benchmark results|table_date=2026-04-03|model_row=Kaiko ViT-B/8|task_column=SKCM,2026-08-05,machine_parsed_single_source,not_reported,hest@3ddb5eaf5bd2a8133e0c0e8015816489a3d99dc3:README.md -> parse_hest_scores -> scores.csv,parsed_primary_source
kaiko-vit-b-8,Kaiko ViT-B/8,not_reported,hest.coad.gene_expression,0.2683,63.415,hest,pearson_r,https://github.com/mahmoodlab/HEST/blob/3ddb5eaf5bd2a8133e0c0e8015816489a3d99dc3/README.md,table=HEST-Benchmark results|table_date=2026-04-03|model_row=Kaiko ViT-B/8|task_column=COAD,2026-08-05,machine_parsed_single_source,not_reported,hest@3ddb5eaf5bd2a8133e0c0e8015816489a3d99dc3:README.md -> parse_hest_scores -> scores.csv,parsed_primary_source
kaiko-vit-b-8,Kaiko ViT-B/8,not_reported,hest.read.gene_expression,0.1623,58.115,hest,pearson_r,https://github.com/mahmoodlab/HEST/blob/3ddb5eaf5bd2a8133e0c0e8015816489a3d99dc3/README.md,table=HEST-Benchmark results|table_date=2026-04-03|model_row=Kaiko ViT-B/8|task_column=READ,2026-08-05,machine_parsed_single_source,not_reported,hest@3ddb5eaf5bd2a8133e0c0e8015816489a3d99dc3:README.md -> parse_hest_scores -> scores.csv,parsed_primary_source
kaiko-vit-b-8,Kaiko ViT-B/8,not_reported,hest.ccrcc.gene_expression,0.2313,61.565,hest,pearson_r,https://github.com/mahmoodlab/HEST/blob/3ddb5eaf5bd2a8133e0c0e8015816489a3d99dc3/README.md,table=HEST-Benchmark results|table_date=2026-04-03|model_row=Kaiko ViT-B/8|task_column=CCRCC,2026-08-05,machine_parsed_single_source,not_reported,hest@3ddb5eaf5bd2a8133e0c0e8015816489a3d99dc3:README.md -> parse_hest_scores -> scores.csv,parsed_primary_source
kaiko-vit-b-8,Kaiko ViT-B/8,not_reported,hest.lung.gene_expression,0.5183,75.915,hest,pearson_r,https://github.com/mahmoodlab/HEST/blob/3ddb5eaf5bd2a8133e0c0e8015816489a3d99dc3/README.md,table=HEST-Benchmark results|table_date=2026-04-03|model_row=Kaiko ViT-B/8|task_column=LUNG,2026-08-05,machine_parsed_single_source,not_reported,hest@3ddb5eaf5bd2a8133e0c0e8015816489a3d99dc3:README.md -> parse_hest_scores -> scores.csv,parsed_primary_source
kaiko-vit-b-8,Kaiko ViT-B/8,not_reported,hest.lymph_idc.gene_expression,0.2273,61.365,hest,pearson_r,https://github.com/mahmoodlab/HEST/blob/3ddb5eaf5bd2a8133e0c0e8015816489a3d99dc3/README.md,table=HEST-Benchmark results|table_date=2026-04-03|model_row=Kaiko ViT-B/8|task_column=LYMPH_IDC,2026-08-05,machine_parsed_single_source,not_reported,hest@3ddb5eaf5bd2a8133e0c0e8015816489a3d99dc3:README.md -> parse_hest_scores -> scores.csv,parsed_primary_source
conch,CONCH v1,not_reported,hest.idc.gene_expression,0.5363,76.815,hest,pearson_r,https://github.com/mahmoodlab/HEST/blob/3ddb5eaf5bd2a8133e0c0e8015816489a3d99dc3/README.md,table=HEST-Benchmark results|table_date=2026-04-03|model_row=CONCH v1|task_column=IDC,2026-08-05,machine_parsed_single_source,not_reported,hest@3ddb5eaf5bd2a8133e0c0e8015816489a3d99dc3:README.md -> parse_hest_scores -> scores.csv,parsed_primary_source
conch,CONCH v1,not_reported,hest.prad.gene_expression,0.3548,67.74,hest,pearson_r,https://github.com/mahmoodlab/HEST/blob/3ddb5eaf5bd2a8133e0c0e8015816489a3d99dc3/README.md,table=HEST-Benchmark results|table_date=2026-04-03|model_row=CONCH v1|task_column=PRAD,2026-08-05,machine_parsed_single_source,not_reported,hest@3ddb5eaf5bd2a8133e0c0e8015816489a3d99dc3:README.md -> parse_hest_scores -> scores.csv,parsed_primary_source
conch,CONCH v1,not_reported,hest.paad.gene_expression,0.4468,72.34,hest,pearson_r,https://github.com/mahmoodlab/HEST/blob/3ddb5eaf5bd2a8133e0c0e8015816489a3d99dc3/README.md,table=HEST-Benchmark results|table_date=2026-04-03|model_row=CONCH v1|task_column=PAAD,2026-08-05,machine_parsed_single_source,not_reported,hest@3ddb5eaf5bd2a8133e0c0e8015816489a3d99dc3:README.md -> parse_hest_scores -> scores.csv,parsed_primary_source
conch,CONCH v1,not_reported,hest.skcm.gene_expression,0.5787,78.935,hest,pearson_r,https://github.com/mahmoodlab/HEST/blob/3ddb5eaf5bd2a8133e0c0e8015816489a3d99dc3/README.md,table=HEST-Benchmark results|table_date=2026-04-03|model_row=CONCH v1|task_column=SKCM,2026-08-05,machine_parsed_single_source,not_reported,hest@3ddb5eaf5bd2a8133e0c0e8015816489a3d99dc3:README.md -> parse_hest_scores -> scores.csv,parsed_primary_source
conch,CONCH v1,not_reported,hest.coad.gene_expression,0.2489,62.445,hest,pearson_r,https://github.com/mahmoodlab/HEST/blob/3ddb5eaf5bd2a8133e0c0e8015816489a3d99dc3/README.md,table=HEST-Benchmark results|table_date=2026-04-03|model_row=CONCH v1|task_column=COAD,2026-08-05,machine_parsed_single_source,not_reported,hest@3ddb5eaf5bd2a8133e0c0e8015816489a3d99dc3:README.md -> parse_hest_scores -> scores.csv,parsed_primary_source
conch,CONCH v1,not_reported,hest.read.gene_expression,0.1602,58.01,hest,pearson_r,https://github.com/mahmoodlab/HEST/blob/3ddb5eaf5bd2a8133e0c0e8015816489a3d99dc3/README.md,table=HEST-Benchmark results|table_date=2026-04-03|model_row=CONCH v1|task_column=READ,2026-08-05,machine_parsed_single_source,not_reported,hest@3ddb5eaf5bd2a8133e0c0e8015816489a3d99dc3:README.md -> parse_hest_scores -> scores.csv,parsed_primary_source
conch,CONCH v1,not_reported,hest.ccrcc.gene_expression,0.218,60.9,hest,pearson_r,https://github.com/mahmoodlab/HEST/blob/3ddb5eaf5bd2a8133e0c0e8015816489a3d99dc3/README.md,table=HEST-Benchmark results|table_date=2026-04-03|model_row=CONCH v1|task_column=CCRCC,2026-08-05,machine_parsed_single_source,not_reported,hest@3ddb5eaf5bd2a8133e0c0e8015816489a3d99dc3:README.md -> parse_hest_scores -> scores.csv,parsed_primary_source
conch,CONCH v1,not_reported,hest.lung.gene_expression,0.5322,76.61,hest,pearson_r,https://github.com/mahmoodlab/HEST/blob/3ddb5eaf5bd2a8133e0c0e8015816489a3d99dc3/README.md,table=HEST-Benchmark results|table_date=2026-04-03|model_row=CONCH v1|task_column=LUNG,2026-08-05,machine_parsed_single_source,not_reported,hest@3ddb5eaf5bd2a8133e0c0e8015816489a3d99dc3:README.md -> parse_hest_scores -> scores.csv,parsed_primary_source
conch,CONCH v1,not_reported,hest.lymph_idc.gene_expression,0.2507,62.535,hest,pearson_r,https://github.com/mahmoodlab/HEST/blob/3ddb5eaf5bd2a8133e0c0e8015816489a3d99dc3/README.md,table=HEST-Benchmark results|table_date=2026-04-03|model_row=CONCH v1|task_column=LYMPH_IDC,2026-08-05,machine_parsed_single_source,not_reported,hest@3ddb5eaf5bd2a8133e0c0e8015816489a3d99dc3:README.md -> parse_hest_scores -> scores.csv,parsed_primary_source
lunit-vit-s-8,Lunit ViT-S/8,not_reported,hest.idc.gene_expression,0.5449,77.245,hest,pearson_r,https://github.com/mahmoodlab/HEST/blob/3ddb5eaf5bd2a8133e0c0e8015816489a3d99dc3/README.md,table=HEST-Benchmark results|table_date=2026-04-03|model_row=Lunit ViT-S/8|task_column=IDC,2026-08-05,machine_parsed_single_source,not_reported,hest@3ddb5eaf5bd2a8133e0c0e8015816489a3d99dc3:README.md -> parse_hest_scores -> scores.csv,parsed_primary_source
lunit-vit-s-8,Lunit ViT-S/8,not_reported,hest.prad.gene_expression,0.2829,64.145,hest,pearson_r,https://github.com/mahmoodlab/HEST/blob/3ddb5eaf5bd2a8133e0c0e8015816489a3d99dc3/README.md,table=HEST-Benchmark results|table_date=2026-04-03|model_row=Lunit ViT-S/8|task_column=PRAD,2026-08-05,machine_parsed_single_source,not_reported,hest@3ddb5eaf5bd2a8133e0c0e8015816489a3d99dc3:README.md -> parse_hest_scores -> scores.csv,parsed_primary_source
lunit-vit-s-8,Lunit ViT-S/8,not_reported,hest.paad.gene_expression,0.4267,71.335,hest,pearson_r,https://github.com/mahmoodlab/HEST/blob/3ddb5eaf5bd2a8133e0c0e8015816489a3d99dc3/README.md,table=HEST-Benchmark results|table_date=2026-04-03|model_row=Lunit ViT-S/8|task_column=PAAD,2026-08-05,machine_parsed_single_source,not_reported,hest@3ddb5eaf5bd2a8133e0c0e8015816489a3d99dc3:README.md -> parse_hest_scores -> scores.csv,parsed_primary_source
lunit-vit-s-8,Lunit ViT-S/8,not_reported,hest.skcm.gene_expression,0.5738,78.69,hest,pearson_r,https://github.com/mahmoodlab/HEST/blob/3ddb5eaf5bd2a8133e0c0e8015816489a3d99dc3/README.md,table=HEST-Benchmark results|table_date=2026-04-03|model_row=Lunit ViT-S/8|task_column=SKCM,2026-08-05,machine_parsed_single_source,not_reported,hest@3ddb5eaf5bd2a8133e0c0e8015816489a3d99dc3:README.md -> parse_hest_scores -> scores.csv,parsed_primary_source
lunit-vit-s-8,Lunit ViT-S/8,not_reported,hest.coad.gene_expression,0.2826,64.13,hest,pearson_r,https://github.com/mahmoodlab/HEST/blob/3ddb5eaf5bd2a8133e0c0e8015816489a3d99dc3/README.md,table=HEST-Benchmark results|table_date=2026-04-03|model_row=Lunit ViT-S/8|task_column=COAD,2026-08-05,machine_parsed_single_source,not_reported,hest@3ddb5eaf5bd2a8133e0c0e8015816489a3d99dc3:README.md -> parse_hest_scores -> scores.csv,parsed_primary_source
lunit-vit-s-8,Lunit ViT-S/8,not_reported,hest.read.gene_expression,0.161,58.05,hest,pearson_r,https://github.com/mahmoodlab/HEST/blob/3ddb5eaf5bd2a8133e0c0e8015816489a3d99dc3/README.md,table=HEST-Benchmark results|table_date=2026-04-03|model_row=Lunit ViT-S/8|task_column=READ,2026-08-05,machine_parsed_single_source,not_reported,hest@3ddb5eaf5bd2a8133e0c0e8015816489a3d99dc3:README.md -> parse_hest_scores -> scores.csv,parsed_primary_source
lunit-vit-s-8,Lunit ViT-S/8,not_reported,hest.ccrcc.gene_expression,0.2463,62.315,hest,pearson_r,https://github.com/mahmoodlab/HEST/blob/3ddb5eaf5bd2a8133e0c0e8015816489a3d99dc3/README.md,table=HEST-Benchmark results|table_date=2026-04-03|model_row=Lunit ViT-S/8|task_column=CCRCC,2026-08-05,machine_parsed_single_source,not_reported,hest@3ddb5eaf5bd2a8133e0c0e8015816489a3d99dc3:README.md -> parse_hest_scores -> scores.csv,parsed_primary_source
lunit-vit-s-8,Lunit ViT-S/8,not_reported,hest.lung.gene_expression,0.5415,77.075,hest,pearson_r,https://github.com/mahmoodlab/HEST/blob/3ddb5eaf5bd2a8133e0c0e8015816489a3d99dc3/README.md,table=HEST-Benchmark results|table_date=2026-04-03|model_row=Lunit ViT-S/8|task_column=LUNG,2026-08-05,machine_parsed_single_source,not_reported,hest@3ddb5eaf5bd2a8133e0c0e8015816489a3d99dc3:README.md -> parse_hest_scores -> scores.csv,parsed_primary_source
lunit-vit-s-8,Lunit ViT-S/8,not_reported,hest.lymph_idc.gene_expression,0.2506,62.53,hest,pearson_r,https://github.com/mahmoodlab/HEST/blob/3ddb5eaf5bd2a8133e0c0e8015816489a3d99dc3/README.md,table=HEST-Benchmark results|table_date=2026-04-03|model_row=Lunit ViT-S/8|task_column=LYMPH_IDC,2026-08-05,machine_parsed_single_source,not_reported,hest@3ddb5eaf5bd2a8133e0c0e8015816489a3d99dc3:README.md -> parse_hest_scores -> scores.csv,parsed_primary_source
phikon,Phikon,not_reported,hest.idc.gene_expression,0.5327,76.635,hest,pearson_r,https://github.com/mahmoodlab/HEST/blob/3ddb5eaf5bd2a8133e0c0e8015816489a3d99dc3/README.md,table=HEST-Benchmark results|table_date=2026-04-03|model_row=Phikon|task_column=IDC,2026-08-05,machine_parsed_single_source,not_reported,hest@3ddb5eaf5bd2a8133e0c0e8015816489a3d99dc3:README.md -> parse_hest_scores -> scores.csv,parsed_primary_source
phikon,Phikon,not_reported,hest.prad.gene_expression,0.342,67.1,hest,pearson_r,https://github.com/mahmoodlab/HEST/blob/3ddb5eaf5bd2a8133e0c0e8015816489a3d99dc3/README.md,table=HEST-Benchmark results|table_date=2026-04-03|model_row=Phikon|task_column=PRAD,2026-08-05,machine_parsed_single_source,not_reported,hest@3ddb5eaf5bd2a8133e0c0e8015816489a3d99dc3:README.md -> parse_hest_scores -> scores.csv,parsed_primary_source
phikon,Phikon,not_reported,hest.paad.gene_expression,0.4425,72.125,hest,pearson_r,https://github.com/mahmoodlab/HEST/blob/3ddb5eaf5bd2a8133e0c0e8015816489a3d99dc3/README.md,table=HEST-Benchmark results|table_date=2026-04-03|model_row=Phikon|task_column=PAAD,2026-08-05,machine_parsed_single_source,not_reported,hest@3ddb5eaf5bd2a8133e0c0e8015816489a3d99dc3:README.md -> parse_hest_scores -> scores.csv,parsed_primary_source
phikon,Phikon,not_reported,hest.skcm.gene_expression,0.5355,76.775,hest,pearson_r,https://github.com/mahmoodlab/HEST/blob/3ddb5eaf5bd2a8133e0c0e8015816489a3d99dc3/README.md,table=HEST-Benchmark results|table_date=2026-04-03|model_row=Phikon|task_column=SKCM,2026-08-05,machine_parsed_single_source,not_reported,hest@3ddb5eaf5bd2a8133e0c0e8015816489a3d99dc3:README.md -> parse_hest_scores -> scores.csv,parsed_primary_source
phikon,Phikon,not_reported,hest.coad.gene_expression,0.2623,63.115,hest,pearson_r,https://github.com/mahmoodlab/HEST/blob/3ddb5eaf5bd2a8133e0c0e8015816489a3d99dc3/README.md,table=HEST-Benchmark results|table_date=2026-04-03|model_row=Phikon|task_column=COAD,2026-08-05,machine_parsed_single_source,not_reported,hest@3ddb5eaf5bd2a8133e0c0e8015816489a3d99dc3:README.md -> parse_hest_scores -> scores.csv,parsed_primary_source
phikon,Phikon,not_reported,hest.read.gene_expression,0.1532,57.66,hest,pearson_r,https://github.com/mahmoodlab/HEST/blob/3ddb5eaf5bd2a8133e0c0e8015816489a3d99dc3/README.md,table=HEST-Benchmark results|table_date=2026-04-03|model_row=Phikon|task_column=READ,2026-08-05,machine_parsed_single_source,not_reported,hest@3ddb5eaf5bd2a8133e0c0e8015816489a3d99dc3:README.md -> parse_hest_scores -> scores.csv,parsed_primary_source
phikon,Phikon,not_reported,hest.ccrcc.gene_expression,0.2423,62.115,hest,pearson_r,https://github.com/mahmoodlab/HEST/blob/3ddb5eaf5bd2a8133e0c0e8015816489a3d99dc3/README.md,table=HEST-Benchmark results|table_date=2026-04-03|model_row=Phikon|task_column=CCRCC,2026-08-05,machine_parsed_single_source,not_reported,hest@3ddb5eaf5bd2a8133e0c0e8015816489a3d99dc3:README.md -> parse_hest_scores -> scores.csv,parsed_primary_source
phikon,Phikon,not_reported,hest.lung.gene_expression,0.5466,77.33,hest,pearson_r,https://github.com/mahmoodlab/HEST/blob/3ddb5eaf5bd2a8133e0c0e8015816489a3d99dc3/README.md,table=HEST-Benchmark results|table_date=2026-04-03|model_row=Phikon|task_column=LUNG,2026-08-05,machine_parsed_single_source,not_reported,hest@3ddb5eaf5bd2a8133e0c0e8015816489a3d99dc3:README.md -> parse_hest_scores -> scores.csv,parsed_primary_source
phikon,Phikon,not_reported,hest.lymph_idc.gene_expression,0.2373,61.865,hest,pearson_r,https://github.com/mahmoodlab/HEST/blob/3ddb5eaf5bd2a8133e0c0e8015816489a3d99dc3/README.md,table=HEST-Benchmark results|table_date=2026-04-03|model_row=Phikon|task_column=LYMPH_IDC,2026-08-05,machine_parsed_single_source,not_reported,hest@3ddb5eaf5bd2a8133e0c0e8015816489a3d99dc3:README.md -> parse_hest_scores -> scores.csv,parsed_primary_source
kaiko-vit-b-16,Kaiko ViT-B/16,not_reported,hest.idc.gene_expression,0.5352,76.76,hest,pearson_r,https://github.com/mahmoodlab/HEST/blob/3ddb5eaf5bd2a8133e0c0e8015816489a3d99dc3/README.md,table=HEST-Benchmark results|table_date=2026-04-03|model_row=Kaiko ViT-B/16|task_column=IDC,2026-08-05,machine_parsed_single_source,not_reported,hest@3ddb5eaf5bd2a8133e0c0e8015816489a3d99dc3:README.md -> parse_hest_scores -> scores.csv,parsed_primary_source
kaiko-vit-b-16,Kaiko ViT-B/16,not_reported,hest.prad.gene_expression,0.3275,66.375,hest,pearson_r,https://github.com/mahmoodlab/HEST/blob/3ddb5eaf5bd2a8133e0c0e8015816489a3d99dc3/README.md,table=HEST-Benchmark results|table_date=2026-04-03|model_row=Kaiko ViT-B/16|task_column=PRAD,2026-08-05,machine_parsed_single_source,not_reported,hest@3ddb5eaf5bd2a8133e0c0e8015816489a3d99dc3:README.md -> parse_hest_scores -> scores.csv,parsed_primary_source
kaiko-vit-b-16,Kaiko ViT-B/16,not_reported,hest.paad.gene_expression,0.4524,72.62,hest,pearson_r,https://github.com/mahmoodlab/HEST/blob/3ddb5eaf5bd2a8133e0c0e8015816489a3d99dc3/README.md,table=HEST-Benchmark results|table_date=2026-04-03|model_row=Kaiko ViT-B/16|task_column=PAAD,2026-08-05,machine_parsed_single_source,not_reported,hest@3ddb5eaf5bd2a8133e0c0e8015816489a3d99dc3:README.md -> parse_hest_scores -> scores.csv,parsed_primary_source
kaiko-vit-b-16,Kaiko ViT-B/16,not_reported,hest.skcm.gene_expression,0.5502,77.51,hest,pearson_r,https://github.com/mahmoodlab/HEST/blob/3ddb5eaf5bd2a8133e0c0e8015816489a3d99dc3/README.md,table=HEST-Benchmark results|table_date=2026-04-03|model_row=Kaiko ViT-B/16|task_column=SKCM,2026-08-05,machine_parsed_single_source,not_reported,hest@3ddb5eaf5bd2a8133e0c0e8015816489a3d99dc3:README.md -> parse_hest_scores -> scores.csv,parsed_primary_source
kaiko-vit-b-16,Kaiko ViT-B/16,not_reported,hest.coad.gene_expression,0.2812,64.06,hest,pearson_r,https://github.com/mahmoodlab/HEST/blob/3ddb5eaf5bd2a8133e0c0e8015816489a3d99dc3/README.md,table=HEST-Benchmark results|table_date=2026-04-03|model_row=Kaiko ViT-B/16|task_column=COAD,2026-08-05,machine_parsed_single_source,not_reported,hest@3ddb5eaf5bd2a8133e0c0e8015816489a3d99dc3:README.md -> parse_hest_scores -> scores.csv,parsed_primary_source
kaiko-vit-b-16,Kaiko ViT-B/16,not_reported,hest.read.gene_expression,0.1525,57.625,hest,pearson_r,https://github.com/mahmoodlab/HEST/blob/3ddb5eaf5bd2a8133e0c0e8015816489a3d99dc3/README.md,table=HEST-Benchmark results|table_date=2026-04-03|model_row=Kaiko ViT-B/16|task_column=READ,2026-08-05,machine_parsed_single_source,not_reported,hest@3ddb5eaf5bd2a8133e0c0e8015816489a3d99dc3:README.md -> parse_hest_scores -> scores.csv,parsed_primary_source
kaiko-vit-b-16,Kaiko ViT-B/16,not_reported,hest.ccrcc.gene_expression,0.2291,61.455,hest,pearson_r,https://github.com/mahmoodlab/HEST/blob/3ddb5eaf5bd2a8133e0c0e8015816489a3d99dc3/README.md,table=HEST-Benchmark results|table_date=2026-04-03|model_row=Kaiko ViT-B/16|task_column=CCRCC,2026-08-05,machine_parsed_single_source,not_reported,hest@3ddb5eaf5bd2a8133e0c0e8015816489a3d99dc3:README.md -> parse_hest_scores -> scores.csv,parsed_primary_source
kaiko-vit-b-16,Kaiko ViT-B/16,not_reported,hest.lung.gene_expression,0.5156,75.78,hest,pearson_r,https://github.com/mahmoodlab/HEST/blob/3ddb5eaf5bd2a8133e0c0e8015816489a3d99dc3/README.md,table=HEST-Benchmark results|table_date=2026-04-03|model_row=Kaiko ViT-B/16|task_column=LUNG,2026-08-05,machine_parsed_single_source,not_reported,hest@3ddb5eaf5bd2a8133e0c0e8015816489a3d99dc3:README.md -> parse_hest_scores -> scores.csv,parsed_primary_source
kaiko-vit-b-16,Kaiko ViT-B/16,not_reported,hest.lymph_idc.gene_expression,0.2365,61.825,hest,pearson_r,https://github.com/mahmoodlab/HEST/blob/3ddb5eaf5bd2a8133e0c0e8015816489a3d99dc3/README.md,table=HEST-Benchmark results|table_date=2026-04-03|model_row=Kaiko ViT-B/16|task_column=LYMPH_IDC,2026-08-05,machine_parsed_single_source,not_reported,hest@3ddb5eaf5bd2a8133e0c0e8015816489a3d99dc3:README.md -> parse_hest_scores -> scores.csv,parsed_primary_source
kaiko-vit-l-14,Kaiko ViT-L/14,not_reported,hest.idc.gene_expression,0.5535,77.675,hest,pearson_r,https://github.com/mahmoodlab/HEST/blob/3ddb5eaf5bd2a8133e0c0e8015816489a3d99dc3/README.md,table=HEST-Benchmark results|table_date=2026-04-03|model_row=Kaiko ViT-L/14|task_column=IDC,2026-08-05,machine_parsed_single_source,not_reported,hest@3ddb5eaf5bd2a8133e0c0e8015816489a3d99dc3:README.md -> parse_hest_scores -> scores.csv,parsed_primary_source
kaiko-vit-l-14,Kaiko ViT-L/14,not_reported,hest.prad.gene_expression,0.347,67.35,hest,pearson_r,https://github.com/mahmoodlab/HEST/blob/3ddb5eaf5bd2a8133e0c0e8015816489a3d99dc3/README.md,table=HEST-Benchmark results|table_date=2026-04-03|model_row=Kaiko ViT-L/14|task_column=PRAD,2026-08-05,machine_parsed_single_source,not_reported,hest@3ddb5eaf5bd2a8133e0c0e8015816489a3d99dc3:README.md -> parse_hest_scores -> scores.csv,parsed_primary_source
kaiko-vit-l-14,Kaiko ViT-L/14,not_reported,hest.paad.gene_expression,0.4372,71.86,hest,pearson_r,https://github.com/mahmoodlab/HEST/blob/3ddb5eaf5bd2a8133e0c0e8015816489a3d99dc3/README.md,table=HEST-Benchmark results|table_date=2026-04-03|model_row=Kaiko ViT-L/14|task_column=PAAD,2026-08-05,machine_parsed_single_source,not_reported,hest@3ddb5eaf5bd2a8133e0c0e8015816489a3d99dc3:README.md -> parse_hest_scores -> scores.csv,parsed_primary_source
kaiko-vit-l-14,Kaiko ViT-L/14,not_reported,hest.skcm.gene_expression,0.5533,77.665,hest,pearson_r,https://github.com/mahmoodlab/HEST/blob/3ddb5eaf5bd2a8133e0c0e8015816489a3d99dc3/README.md,table=HEST-Benchmark results|table_date=2026-04-03|model_row=Kaiko ViT-L/14|task_column=SKCM,2026-08-05,machine_parsed_single_source,not_reported,hest@3ddb5eaf5bd2a8133e0c0e8015816489a3d99dc3:README.md -> parse_hest_scores -> scores.csv,parsed_primary_source
kaiko-vit-l-14,Kaiko ViT-L/14,not_reported,hest.coad.gene_expression,0.2535,62.675,hest,pearson_r,https://github.com/mahmoodlab/HEST/blob/3ddb5eaf5bd2a8133e0c0e8015816489a3d99dc3/README.md,table=HEST-Benchmark results|table_date=2026-04-03|model_row=Kaiko ViT-L/14|task_column=COAD,2026-08-05,machine_parsed_single_source,not_reported,hest@3ddb5eaf5bd2a8133e0c0e8015816489a3d99dc3:README.md -> parse_hest_scores -> scores.csv,parsed_primary_source
kaiko-vit-l-14,Kaiko ViT-L/14,not_reported,hest.read.gene_expression,0.1472,57.36,hest,pearson_r,https://github.com/mahmoodlab/HEST/blob/3ddb5eaf5bd2a8133e0c0e8015816489a3d99dc3/README.md,table=HEST-Benchmark results|table_date=2026-04-03|model_row=Kaiko ViT-L/14|task_column=READ,2026-08-05,machine_parsed_single_source,not_reported,hest@3ddb5eaf5bd2a8133e0c0e8015816489a3d99dc3:README.md -> parse_hest_scores -> scores.csv,parsed_primary_source
kaiko-vit-l-14,Kaiko ViT-L/14,not_reported,hest.ccrcc.gene_expression,0.2194,60.97,hest,pearson_r,https://github.com/mahmoodlab/HEST/blob/3ddb5eaf5bd2a8133e0c0e8015816489a3d99dc3/README.md,table=HEST-Benchmark results|table_date=2026-04-03|model_row=Kaiko ViT-L/14|task_column=CCRCC,2026-08-05,machine_parsed_single_source,not_reported,hest@3ddb5eaf5bd2a8133e0c0e8015816489a3d99dc3:README.md -> parse_hest_scores -> scores.csv,parsed_primary_source
kaiko-vit-l-14,Kaiko ViT-L/14,not_reported,hest.lung.gene_expression,0.5379,76.895,hest,pearson_r,https://github.com/mahmoodlab/HEST/blob/3ddb5eaf5bd2a8133e0c0e8015816489a3d99dc3/README.md,table=HEST-Benchmark results|table_date=2026-04-03|model_row=Kaiko ViT-L/14|task_column=LUNG,2026-08-05,machine_parsed_single_source,not_reported,hest@3ddb5eaf5bd2a8133e0c0e8015816489a3d99dc3:README.md -> parse_hest_scores -> scores.csv,parsed_primary_source
kaiko-vit-l-14,Kaiko ViT-L/14,not_reported,hest.lymph_idc.gene_expression,0.2283,61.415,hest,pearson_r,https://github.com/mahmoodlab/HEST/blob/3ddb5eaf5bd2a8133e0c0e8015816489a3d99dc3/README.md,table=HEST-Benchmark results|table_date=2026-04-03|model_row=Kaiko ViT-L/14|task_column=LYMPH_IDC,2026-08-05,machine_parsed_single_source,not_reported,hest@3ddb5eaf5bd2a8133e0c0e8015816489a3d99dc3:README.md -> parse_hest_scores -> scores.csv,parsed_primary_source
kaiko-vit-s-8,Kaiko ViT-S/8,not_reported,hest.idc.gene_expression,0.5304,76.52,hest,pearson_r,https://github.com/mahmoodlab/HEST/blob/3ddb5eaf5bd2a8133e0c0e8015816489a3d99dc3/README.md,table=HEST-Benchmark results|table_date=2026-04-03|model_row=Kaiko ViT-S/8|task_column=IDC,2026-08-05,machine_parsed_single_source,not_reported,hest@3ddb5eaf5bd2a8133e0c0e8015816489a3d99dc3:README.md -> parse_hest_scores -> scores.csv,parsed_primary_source
kaiko-vit-s-8,Kaiko ViT-S/8,not_reported,hest.prad.gene_expression,0.334,66.7,hest,pearson_r,https://github.com/mahmoodlab/HEST/blob/3ddb5eaf5bd2a8133e0c0e8015816489a3d99dc3/README.md,table=HEST-Benchmark results|table_date=2026-04-03|model_row=Kaiko ViT-S/8|task_column=PRAD,2026-08-05,machine_parsed_single_source,not_reported,hest@3ddb5eaf5bd2a8133e0c0e8015816489a3d99dc3:README.md -> parse_hest_scores -> scores.csv,parsed_primary_source
kaiko-vit-s-8,Kaiko ViT-S/8,not_reported,hest.paad.gene_expression,0.4181,70.905,hest,pearson_r,https://github.com/mahmoodlab/HEST/blob/3ddb5eaf5bd2a8133e0c0e8015816489a3d99dc3/README.md,table=HEST-Benchmark results|table_date=2026-04-03|model_row=Kaiko ViT-S/8|task_column=PAAD,2026-08-05,machine_parsed_single_source,not_reported,hest@3ddb5eaf5bd2a8133e0c0e8015816489a3d99dc3:README.md -> parse_hest_scores -> scores.csv,parsed_primary_source
kaiko-vit-s-8,Kaiko ViT-S/8,not_reported,hest.skcm.gene_expression,0.5174,75.87,hest,pearson_r,https://github.com/mahmoodlab/HEST/blob/3ddb5eaf5bd2a8133e0c0e8015816489a3d99dc3/README.md,table=HEST-Benchmark results|table_date=2026-04-03|model_row=Kaiko ViT-S/8|task_column=SKCM,2026-08-05,machine_parsed_single_source,not_reported,hest@3ddb5eaf5bd2a8133e0c0e8015816489a3d99dc3:README.md -> parse_hest_scores -> scores.csv,parsed_primary_source
kaiko-vit-s-8,Kaiko ViT-S/8,not_reported,hest.coad.gene_expression,0.2281,61.405,hest,pearson_r,https://github.com/mahmoodlab/HEST/blob/3ddb5eaf5bd2a8133e0c0e8015816489a3d99dc3/README.md,table=HEST-Benchmark results|table_date=2026-04-03|model_row=Kaiko ViT-S/8|task_column=COAD,2026-08-05,machine_parsed_single_source,not_reported,hest@3ddb5eaf5bd2a8133e0c0e8015816489a3d99dc3:README.md -> parse_hest_scores -> scores.csv,parsed_primary_source
kaiko-vit-s-8,Kaiko ViT-S/8,not_reported,hest.read.gene_expression,0.1469,57.345,hest,pearson_r,https://github.com/mahmoodlab/HEST/blob/3ddb5eaf5bd2a8133e0c0e8015816489a3d99dc3/README.md,table=HEST-Benchmark results|table_date=2026-04-03|model_row=Kaiko ViT-S/8|task_column=READ,2026-08-05,machine_parsed_single_source,not_reported,hest@3ddb5eaf5bd2a8133e0c0e8015816489a3d99dc3:README.md -> parse_hest_scores -> scores.csv,parsed_primary_source
kaiko-vit-s-8,Kaiko ViT-S/8,not_reported,hest.ccrcc.gene_expression,0.2346,61.73,hest,pearson_r,https://github.com/mahmoodlab/HEST/blob/3ddb5eaf5bd2a8133e0c0e8015816489a3d99dc3/README.md,table=HEST-Benchmark results|table_date=2026-04-03|model_row=Kaiko ViT-S/8|task_column=CCRCC,2026-08-05,machine_parsed_single_source,not_reported,hest@3ddb5eaf5bd2a8133e0c0e8015816489a3d99dc3:README.md -> parse_hest_scores -> scores.csv,parsed_primary_source
kaiko-vit-s-8,Kaiko ViT-S/8,not_reported,hest.lung.gene_expression,0.5053,75.265,hest,pearson_r,https://github.com/mahmoodlab/HEST/blob/3ddb5eaf5bd2a8133e0c0e8015816489a3d99dc3/README.md,table=HEST-Benchmark results|table_date=2026-04-03|model_row=Kaiko ViT-S/8|task_column=LUNG,2026-08-05,machine_parsed_single_source,not_reported,hest@3ddb5eaf5bd2a8133e0c0e8015816489a3d99dc3:README.md -> parse_hest_scores -> scores.csv,parsed_primary_source
kaiko-vit-s-8,Kaiko ViT-S/8,not_reported,hest.lymph_idc.gene_expression,0.2463,62.315,hest,pearson_r,https://github.com/mahmoodlab/HEST/blob/3ddb5eaf5bd2a8133e0c0e8015816489a3d99dc3/README.md,table=HEST-Benchmark results|table_date=2026-04-03|model_row=Kaiko ViT-S/8|task_column=LYMPH_IDC,2026-08-05,machine_parsed_single_source,not_reported,hest@3ddb5eaf5bd2a8133e0c0e8015816489a3d99dc3:README.md -> parse_hest_scores -> scores.csv,parsed_primary_source
kaiko-vit-s-16,Kaiko ViT-S/16,not_reported,hest.idc.gene_expression,0.5333,76.665,hest,pearson_r,https://github.com/mahmoodlab/HEST/blob/3ddb5eaf5bd2a8133e0c0e8015816489a3d99dc3/README.md,table=HEST-Benchmark results|table_date=2026-04-03|model_row=Kaiko ViT-S/16|task_column=IDC,2026-08-05,machine_parsed_single_source,not_reported,hest@3ddb5eaf5bd2a8133e0c0e8015816489a3d99dc3:README.md -> parse_hest_scores -> scores.csv,parsed_primary_source
kaiko-vit-s-16,Kaiko ViT-S/16,not_reported,hest.prad.gene_expression,0.3483,67.415,hest,pearson_r,https://github.com/mahmoodlab/HEST/blob/3ddb5eaf5bd2a8133e0c0e8015816489a3d99dc3/README.md,table=HEST-Benchmark results|table_date=2026-04-03|model_row=Kaiko ViT-S/16|task_column=PRAD,2026-08-05,machine_parsed_single_source,not_reported,hest@3ddb5eaf5bd2a8133e0c0e8015816489a3d99dc3:README.md -> parse_hest_scores -> scores.csv,parsed_primary_source
kaiko-vit-s-16,Kaiko ViT-S/16,not_reported,hest.paad.gene_expression,0.4409,72.045,hest,pearson_r,https://github.com/mahmoodlab/HEST/blob/3ddb5eaf5bd2a8133e0c0e8015816489a3d99dc3/README.md,table=HEST-Benchmark results|table_date=2026-04-03|model_row=Kaiko ViT-S/16|task_column=PAAD,2026-08-05,machine_parsed_single_source,not_reported,hest@3ddb5eaf5bd2a8133e0c0e8015816489a3d99dc3:README.md -> parse_hest_scores -> scores.csv,parsed_primary_source
kaiko-vit-s-16,Kaiko ViT-S/16,not_reported,hest.skcm.gene_expression,0.5449,77.245,hest,pearson_r,https://github.com/mahmoodlab/HEST/blob/3ddb5eaf5bd2a8133e0c0e8015816489a3d99dc3/README.md,table=HEST-Benchmark results|table_date=2026-04-03|model_row=Kaiko ViT-S/16|task_column=SKCM,2026-08-05,machine_parsed_single_source,not_reported,hest@3ddb5eaf5bd2a8133e0c0e8015816489a3d99dc3:README.md -> parse_hest_scores -> scores.csv,parsed_primary_source
kaiko-vit-s-16,Kaiko ViT-S/16,not_reported,hest.coad.gene_expression,0.2057,60.285,hest,pearson_r,https://github.com/mahmoodlab/HEST/blob/3ddb5eaf5bd2a8133e0c0e8015816489a3d99dc3/README.md,table=HEST-Benchmark results|table_date=2026-04-03|model_row=Kaiko ViT-S/16|task_column=COAD,2026-08-05,machine_parsed_single_source,not_reported,hest@3ddb5eaf5bd2a8133e0c0e8015816489a3d99dc3:README.md -> parse_hest_scores -> scores.csv,parsed_primary_source
kaiko-vit-s-16,Kaiko ViT-S/16,not_reported,hest.read.gene_expression,0.1328,56.64,hest,pearson_r,https://github.com/mahmoodlab/HEST/blob/3ddb5eaf5bd2a8133e0c0e8015816489a3d99dc3/README.md,table=HEST-Benchmark results|table_date=2026-04-03|model_row=Kaiko ViT-S/16|task_column=READ,2026-08-05,machine_parsed_single_source,not_reported,hest@3ddb5eaf5bd2a8133e0c0e8015816489a3d99dc3:README.md -> parse_hest_scores -> scores.csv,parsed_primary_source
kaiko-vit-s-16,Kaiko ViT-S/16,not_reported,hest.ccrcc.gene_expression,0.2099,60.495,hest,pearson_r,https://github.com/mahmoodlab/HEST/blob/3ddb5eaf5bd2a8133e0c0e8015816489a3d99dc3/README.md,table=HEST-Benchmark results|table_date=2026-04-03|model_row=Kaiko ViT-S/16|task_column=CCRCC,2026-08-05,machine_parsed_single_source,not_reported,hest@3ddb5eaf5bd2a8133e0c0e8015816489a3d99dc3:README.md -> parse_hest_scores -> scores.csv,parsed_primary_source
kaiko-vit-s-16,Kaiko ViT-S/16,not_reported,hest.lung.gene_expression,0.503,75.15,hest,pearson_r,https://github.com/mahmoodlab/HEST/blob/3ddb5eaf5bd2a8133e0c0e8015816489a3d99dc3/README.md,table=HEST-Benchmark results|table_date=2026-04-03|model_row=Kaiko ViT-S/16|task_column=LUNG,2026-08-05,machine_parsed_single_source,not_reported,hest@3ddb5eaf5bd2a8133e0c0e8015816489a3d99dc3:README.md -> parse_hest_scores -> scores.csv,parsed_primary_source
kaiko-vit-s-16,Kaiko ViT-S/16,not_reported,hest.lymph_idc.gene_expression,0.2249,61.245,hest,pearson_r,https://github.com/mahmoodlab/HEST/blob/3ddb5eaf5bd2a8133e0c0e8015816489a3d99dc3/README.md,table=HEST-Benchmark results|table_date=2026-04-03|model_row=Kaiko ViT-S/16|task_column=LYMPH_IDC,2026-08-05,machine_parsed_single_source,not_reported,hest@3ddb5eaf5bd2a8133e0c0e8015816489a3d99dc3:README.md -> parse_hest_scores -> scores.csv,parsed_primary_source
ctranspath,CTransPath,not_reported,hest.idc.gene_expression,0.4993,74.965,hest,pearson_r,https://github.com/mahmoodlab/HEST/blob/3ddb5eaf5bd2a8133e0c0e8015816489a3d99dc3/README.md,table=HEST-Benchmark results|table_date=2026-04-03|model_row=CTransPath|task_column=IDC,2026-08-05,machine_parsed_single_source,not_reported,hest@3ddb5eaf5bd2a8133e0c0e8015816489a3d99dc3:README.md -> parse_hest_scores -> scores.csv,parsed_primary_source
ctranspath,CTransPath,not_reported,hest.prad.gene_expression,0.3551,67.755,hest,pearson_r,https://github.com/mahmoodlab/HEST/blob/3ddb5eaf5bd2a8133e0c0e8015816489a3d99dc3/README.md,table=HEST-Benchmark results|table_date=2026-04-03|model_row=CTransPath|task_column=PRAD,2026-08-05,machine_parsed_single_source,not_reported,hest@3ddb5eaf5bd2a8133e0c0e8015816489a3d99dc3:README.md -> parse_hest_scores -> scores.csv,parsed_primary_source
ctranspath,CTransPath,not_reported,hest.paad.gene_expression,0.4314,71.57,hest,pearson_r,https://github.com/mahmoodlab/HEST/blob/3ddb5eaf5bd2a8133e0c0e8015816489a3d99dc3/README.md,table=HEST-Benchmark results|table_date=2026-04-03|model_row=CTransPath|task_column=PAAD,2026-08-05,machine_parsed_single_source,not_reported,hest@3ddb5eaf5bd2a8133e0c0e8015816489a3d99dc3:README.md -> parse_hest_scores -> scores.csv,parsed_primary_source
ctranspath,CTransPath,not_reported,hest.skcm.gene_expression,0.5097,75.485,hest,pearson_r,https://github.com/mahmoodlab/HEST/blob/3ddb5eaf5bd2a8133e0c0e8015816489a3d99dc3/README.md,table=HEST-Benchmark results|table_date=2026-04-03|model_row=CTransPath|task_column=SKCM,2026-08-05,machine_parsed_single_source,not_reported,hest@3ddb5eaf5bd2a8133e0c0e8015816489a3d99dc3:README.md -> parse_hest_scores -> scores.csv,parsed_primary_source
ctranspath,CTransPath,not_reported,hest.coad.gene_expression,0.2382,61.91,hest,pearson_r,https://github.com/mahmoodlab/HEST/blob/3ddb5eaf5bd2a8133e0c0e8015816489a3d99dc3/README.md,table=HEST-Benchmark results|table_date=2026-04-03|model_row=CTransPath|task_column=COAD,2026-08-05,machine_parsed_single_source,not_reported,hest@3ddb5eaf5bd2a8133e0c0e8015816489a3d99dc3:README.md -> parse_hest_scores -> scores.csv,parsed_primary_source
ctranspath,CTransPath,not_reported,hest.read.gene_expression,0.0968,54.84,hest,pearson_r,https://github.com/mahmoodlab/HEST/blob/3ddb5eaf5bd2a8133e0c0e8015816489a3d99dc3/README.md,table=HEST-Benchmark results|table_date=2026-04-03|model_row=CTransPath|task_column=READ,2026-08-05,machine_parsed_single_source,not_reported,hest@3ddb5eaf5bd2a8133e0c0e8015816489a3d99dc3:README.md -> parse_hest_scores -> scores.csv,parsed_primary_source
ctranspath,CTransPath,not_reported,hest.ccrcc.gene_expression,0.2362,61.81,hest,pearson_r,https://github.com/mahmoodlab/HEST/blob/3ddb5eaf5bd2a8133e0c0e8015816489a3d99dc3/README.md,table=HEST-Benchmark results|table_date=2026-04-03|model_row=CTransPath|task_column=CCRCC,2026-08-05,machine_parsed_single_source,not_reported,hest@3ddb5eaf5bd2a8133e0c0e8015816489a3d99dc3:README.md -> parse_hest_scores -> scores.csv,parsed_primary_source
ctranspath,CTransPath,not_reported,hest.lung.gene_expression,0.5137,75.685,hest,pearson_r,https://github.com/mahmoodlab/HEST/blob/3ddb5eaf5bd2a8133e0c0e8015816489a3d99dc3/README.md,table=HEST-Benchmark results|table_date=2026-04-03|model_row=CTransPath|task_column=LUNG,2026-08-05,machine_parsed_single_source,not_reported,hest@3ddb5eaf5bd2a8133e0c0e8015816489a3d99dc3:README.md -> parse_hest_scores -> scores.csv,parsed_primary_source
ctranspath,CTransPath,not_reported,hest.lymph_idc.gene_expression,0.2409,62.045,hest,pearson_r,https://github.com/mahmoodlab/HEST/blob/3ddb5eaf5bd2a8133e0c0e8015816489a3d99dc3/README.md,table=HEST-Benchmark results|table_date=2026-04-03|model_row=CTransPath|task_column=LYMPH_IDC,2026-08-05,machine_parsed_single_source,not_reported,hest@3ddb5eaf5bd2a8133e0c0e8015816489a3d99dc3:README.md -> parse_hest_scores -> scores.csv,parsed_primary_source
musk,MUSK,not_reported,hest.idc.gene_expression,0.5248,76.24,hest,pearson_r,https://github.com/mahmoodlab/HEST/blob/3ddb5eaf5bd2a8133e0c0e8015816489a3d99dc3/README.md,table=HEST-Benchmark results|table_date=2026-04-03|model_row=MUSK|task_column=IDC,2026-08-05,machine_parsed_single_source,not_reported,hest@3ddb5eaf5bd2a8133e0c0e8015816489a3d99dc3:README.md -> parse_hest_scores -> scores.csv,parsed_primary_source
musk,MUSK,not_reported,hest.prad.gene_expression,0.343,67.15,hest,pearson_r,https://github.com/mahmoodlab/HEST/blob/3ddb5eaf5bd2a8133e0c0e8015816489a3d99dc3/README.md,table=HEST-Benchmark results|table_date=2026-04-03|model_row=MUSK|task_column=PRAD,2026-08-05,machine_parsed_single_source,not_reported,hest@3ddb5eaf5bd2a8133e0c0e8015816489a3d99dc3:README.md -> parse_hest_scores -> scores.csv,parsed_primary_source
musk,MUSK,not_reported,hest.paad.gene_expression,0.4277,71.385,hest,pearson_r,https://github.com/mahmoodlab/HEST/blob/3ddb5eaf5bd2a8133e0c0e8015816489a3d99dc3/README.md,table=HEST-Benchmark results|table_date=2026-04-03|model_row=MUSK|task_column=PAAD,2026-08-05,machine_parsed_single_source,not_reported,hest@3ddb5eaf5bd2a8133e0c0e8015816489a3d99dc3:README.md -> parse_hest_scores -> scores.csv,parsed_primary_source
musk,MUSK,not_reported,hest.skcm.gene_expression,0.5233,76.165,hest,pearson_r,https://github.com/mahmoodlab/HEST/blob/3ddb5eaf5bd2a8133e0c0e8015816489a3d99dc3/README.md,table=HEST-Benchmark results|table_date=2026-04-03|model_row=MUSK|task_column=SKCM,2026-08-05,machine_parsed_single_source,not_reported,hest@3ddb5eaf5bd2a8133e0c0e8015816489a3d99dc3:README.md -> parse_hest_scores -> scores.csv,parsed_primary_source
musk,MUSK,not_reported,hest.coad.gene_expression,0.2365,61.825,hest,pearson_r,https://github.com/mahmoodlab/HEST/blob/3ddb5eaf5bd2a8133e0c0e8015816489a3d99dc3/README.md,table=HEST-Benchmark results|table_date=2026-04-03|model_row=MUSK|task_column=COAD,2026-08-05,machine_parsed_single_source,not_reported,hest@3ddb5eaf5bd2a8133e0c0e8015816489a3d99dc3:README.md -> parse_hest_scores -> scores.csv,parsed_primary_source
musk,MUSK,not_reported,hest.read.gene_expression,0.111,55.55,hest,pearson_r,https://github.com/mahmoodlab/HEST/blob/3ddb5eaf5bd2a8133e0c0e8015816489a3d99dc3/README.md,table=HEST-Benchmark results|table_date=2026-04-03|model_row=MUSK|task_column=READ,2026-08-05,machine_parsed_single_source,not_reported,hest@3ddb5eaf5bd2a8133e0c0e8015816489a3d99dc3:README.md -> parse_hest_scores -> scores.csv,parsed_primary_source
musk,MUSK,not_reported,hest.ccrcc.gene_expression,0.1825,59.125,hest,pearson_r,https://github.com/mahmoodlab/HEST/blob/3ddb5eaf5bd2a8133e0c0e8015816489a3d99dc3/README.md,table=HEST-Benchmark results|table_date=2026-04-03|model_row=MUSK|task_column=CCRCC,2026-08-05,machine_parsed_single_source,not_reported,hest@3ddb5eaf5bd2a8133e0c0e8015816489a3d99dc3:README.md -> parse_hest_scores -> scores.csv,parsed_primary_source
musk,MUSK,not_reported,hest.lung.gene_expression,0.5171,75.855,hest,pearson_r,https://github.com/mahmoodlab/HEST/blob/3ddb5eaf5bd2a8133e0c0e8015816489a3d99dc3/README.md,table=HEST-Benchmark results|table_date=2026-04-03|model_row=MUSK|task_column=LUNG,2026-08-05,machine_parsed_single_source,not_reported,hest@3ddb5eaf5bd2a8133e0c0e8015816489a3d99dc3:README.md -> parse_hest_scores -> scores.csv,parsed_primary_source
musk,MUSK,not_reported,hest.lymph_idc.gene_expression,0.2545,62.725,hest,pearson_r,https://github.com/mahmoodlab/HEST/blob/3ddb5eaf5bd2a8133e0c0e8015816489a3d99dc3/README.md,table=HEST-Benchmark results|table_date=2026-04-03|model_row=MUSK|task_column=LYMPH_IDC,2026-08-05,machine_parsed_single_source,not_reported,hest@3ddb5eaf5bd2a8133e0c0e8015816489a3d99dc3:README.md -> parse_hest_scores -> scores.csv,parsed_primary_source
resnet50,ResNet50,not_reported,hest.idc.gene_expression,0.4739,73.695,hest,pearson_r,https://github.com/mahmoodlab/HEST/blob/3ddb5eaf5bd2a8133e0c0e8015816489a3d99dc3/README.md,table=HEST-Benchmark results|table_date=2026-04-03|model_row=ResNet50|task_column=IDC,2026-08-05,machine_parsed_single_source,not_reported,hest@3ddb5eaf5bd2a8133e0c0e8015816489a3d99dc3:README.md -> parse_hest_scores -> scores.csv,parsed_primary_source
resnet50,ResNet50,not_reported,hest.prad.gene_expression,0.3044,65.22,hest,pearson_r,https://github.com/mahmoodlab/HEST/blob/3ddb5eaf5bd2a8133e0c0e8015816489a3d99dc3/README.md,table=HEST-Benchmark results|table_date=2026-04-03|model_row=ResNet50|task_column=PRAD,2026-08-05,machine_parsed_single_source,not_reported,hest@3ddb5eaf5bd2a8133e0c0e8015816489a3d99dc3:README.md -> parse_hest_scores -> scores.csv,parsed_primary_source
resnet50,ResNet50,not_reported,hest.paad.gene_expression,0.388,69.4,hest,pearson_r,https://github.com/mahmoodlab/HEST/blob/3ddb5eaf5bd2a8133e0c0e8015816489a3d99dc3/README.md,table=HEST-Benchmark results|table_date=2026-04-03|model_row=ResNet50|task_column=PAAD,2026-08-05,machine_parsed_single_source,not_reported,hest@3ddb5eaf5bd2a8133e0c0e8015816489a3d99dc3:README.md -> parse_hest_scores -> scores.csv,parsed_primary_source
resnet50,ResNet50,not_reported,hest.skcm.gene_expression,0.4821,74.105,hest,pearson_r,https://github.com/mahmoodlab/HEST/blob/3ddb5eaf5bd2a8133e0c0e8015816489a3d99dc3/README.md,table=HEST-Benchmark results|table_date=2026-04-03|model_row=ResNet50|task_column=SKCM,2026-08-05,machine_parsed_single_source,not_reported,hest@3ddb5eaf5bd2a8133e0c0e8015816489a3d99dc3:README.md -> parse_hest_scores -> scores.csv,parsed_primary_source
resnet50,ResNet50,not_reported,hest.coad.gene_expression,0.25,62.5,hest,pearson_r,https://github.com/mahmoodlab/HEST/blob/3ddb5eaf5bd2a8133e0c0e8015816489a3d99dc3/README.md,table=HEST-Benchmark results|table_date=2026-04-03|model_row=ResNet50|task_column=COAD,2026-08-05,machine_parsed_single_source,not_reported,hest@3ddb5eaf5bd2a8133e0c0e8015816489a3d99dc3:README.md -> parse_hest_scores -> scores.csv,parsed_primary_source
resnet50,ResNet50,not_reported,hest.read.gene_expression,0.0783,53.915,hest,pearson_r,https://github.com/mahmoodlab/HEST/blob/3ddb5eaf5bd2a8133e0c0e8015816489a3d99dc3/README.md,table=HEST-Benchmark results|table_date=2026-04-03|model_row=ResNet50|task_column=READ,2026-08-05,machine_parsed_single_source,not_reported,hest@3ddb5eaf5bd2a8133e0c0e8015816489a3d99dc3:README.md -> parse_hest_scores -> scores.csv,parsed_primary_source
resnet50,ResNet50,not_reported,hest.ccrcc.gene_expression,0.2252,61.26,hest,pearson_r,https://github.com/mahmoodlab/HEST/blob/3ddb5eaf5bd2a8133e0c0e8015816489a3d99dc3/README.md,table=HEST-Benchmark results|table_date=2026-04-03|model_row=ResNet50|task_column=CCRCC,2026-08-05,machine_parsed_single_source,not_reported,hest@3ddb5eaf5bd2a8133e0c0e8015816489a3d99dc3:README.md -> parse_hest_scores -> scores.csv,parsed_primary_source
resnet50,ResNet50,not_reported,hest.lung.gene_expression,0.4949,74.745,hest,pearson_r,https://github.com/mahmoodlab/HEST/blob/3ddb5eaf5bd2a8133e0c0e8015816489a3d99dc3/README.md,table=HEST-Benchmark results|table_date=2026-04-03|model_row=ResNet50|task_column=LUNG,2026-08-05,machine_parsed_single_source,not_reported,hest@3ddb5eaf5bd2a8133e0c0e8015816489a3d99dc3:README.md -> parse_hest_scores -> scores.csv,parsed_primary_source
resnet50,ResNet50,not_reported,hest.lymph_idc.gene_expression,0.2305,61.525,hest,pearson_r,https://github.com/mahmoodlab/HEST/blob/3ddb5eaf5bd2a8133e0c0e8015816489a3d99dc3/README.md,table=HEST-Benchmark results|table_date=2026-04-03|model_row=ResNet50|task_column=LYMPH_IDC,2026-08-05,machine_parsed_single_source,not_reported,hest@3ddb5eaf5bd2a8133e0c0e8015816489a3d99dc3:README.md -> parse_hest_scores -> scores.csv,parsed_primary_source
hibou-b,HIBOU-B,not_reported,thunder.bach.linear_probing,65.6,65.6,thunder,f1,https://github.com/MICS-Lab/thunder/blob/3d1cc9513fb2cfd8c4afb0d7bb9f5c4f6b69117f/docs/leaderboards.md,table=perDatasetLinearTable|table_update=2026-04-08|model_row=HIBOU-B|task_column=bach,2026-08-05,machine_parsed_single_source,not_reported,thunder@3d1cc9513fb2cfd8c4afb0d7bb9f5c4f6b69117f:docs/leaderboards.md -> parse_thunder_scores -> scores.csv,parsed_primary_source
hibou-b,HIBOU-B,not_reported,thunder.bracs.linear_probing,61.7,61.7,thunder,f1,https://github.com/MICS-Lab/thunder/blob/3d1cc9513fb2cfd8c4afb0d7bb9f5c4f6b69117f/docs/leaderboards.md,table=perDatasetLinearTable|table_update=2026-04-08|model_row=HIBOU-B|task_column=bracs,2026-08-05,machine_parsed_single_source,not_reported,thunder@3d1cc9513fb2cfd8c4afb0d7bb9f5c4f6b69117f:docs/leaderboards.md -> parse_thunder_scores -> scores.csv,parsed_primary_source
hibou-b,HIBOU-B,not_reported,thunder.break_his.linear_probing,59.6,59.6,thunder,f1,https://github.com/MICS-Lab/thunder/blob/3d1cc9513fb2cfd8c4afb0d7bb9f5c4f6b69117f/docs/leaderboards.md,table=perDatasetLinearTable|table_update=2026-04-08|model_row=HIBOU-B|task_column=break_his,2026-08-05,machine_parsed_single_source,not_reported,thunder@3d1cc9513fb2cfd8c4afb0d7bb9f5c4f6b69117f:docs/leaderboards.md -> parse_thunder_scores -> scores.csv,parsed_primary_source
hibou-b,HIBOU-B,not_reported,thunder.ccrcc.linear_probing,84.3,84.3,thunder,f1,https://github.com/MICS-Lab/thunder/blob/3d1cc9513fb2cfd8c4afb0d7bb9f5c4f6b69117f/docs/leaderboards.md,table=perDatasetLinearTable|table_update=2026-04-08|model_row=HIBOU-B|task_column=ccrcc,2026-08-05,machine_parsed_single_source,not_reported,thunder@3d1cc9513fb2cfd8c4afb0d7bb9f5c4f6b69117f:docs/leaderboards.md -> parse_thunder_scores -> scores.csv,parsed_primary_source
hibou-b,HIBOU-B,not_reported,thunder.crc.linear_probing,93.9,93.9,thunder,f1,https://github.com/MICS-Lab/thunder/blob/3d1cc9513fb2cfd8c4afb0d7bb9f5c4f6b69117f/docs/leaderboards.md,table=perDatasetLinearTable|table_update=2026-04-08|model_row=HIBOU-B|task_column=crc,2026-08-05,machine_parsed_single_source,not_reported,thunder@3d1cc9513fb2cfd8c4afb0d7bb9f5c4f6b69117f:docs/leaderboards.md -> parse_thunder_scores -> scores.csv,parsed_primary_source
hibou-b,HIBOU-B,not_reported,thunder.esca.linear_probing,77.5,77.5,thunder,f1,https://github.com/MICS-Lab/thunder/blob/3d1cc9513fb2cfd8c4afb0d7bb9f5c4f6b69117f/docs/leaderboards.md,table=perDatasetLinearTable|table_update=2026-04-08|model_row=HIBOU-B|task_column=esca,2026-08-05,machine_parsed_single_source,not_reported,thunder@3d1cc9513fb2cfd8c4afb0d7bb9f5c4f6b69117f:docs/leaderboards.md -> parse_thunder_scores -> scores.csv,parsed_primary_source
hibou-b,HIBOU-B,not_reported,thunder.mhist.linear_probing,76.5,76.5,thunder,f1,https://github.com/MICS-Lab/thunder/blob/3d1cc9513fb2cfd8c4afb0d7bb9f5c4f6b69117f/docs/leaderboards.md,table=perDatasetLinearTable|table_update=2026-04-08|model_row=HIBOU-B|task_column=mhist,2026-08-05,machine_parsed_single_source,not_reported,thunder@3d1cc9513fb2cfd8c4afb0d7bb9f5c4f6b69117f:docs/leaderboards.md -> parse_thunder_scores -> scores.csv,parsed_primary_source
hibou-b,HIBOU-B,not_reported,thunder.patch_camelyon.linear_probing,93.4,93.4,thunder,f1,https://github.com/MICS-Lab/thunder/blob/3d1cc9513fb2cfd8c4afb0d7bb9f5c4f6b69117f/docs/leaderboards.md,table=perDatasetLinearTable|table_update=2026-04-08|model_row=HIBOU-B|task_column=patch_camelyon,2026-08-05,machine_parsed_single_source,not_reported,thunder@3d1cc9513fb2cfd8c4afb0d7bb9f5c4f6b69117f:docs/leaderboards.md -> parse_thunder_scores -> scores.csv,parsed_primary_source
hibou-b,HIBOU-B,not_reported,thunder.tcga_crc_msi.linear_probing,66.2,66.2,thunder,f1,https://github.com/MICS-Lab/thunder/blob/3d1cc9513fb2cfd8c4afb0d7bb9f5c4f6b69117f/docs/leaderboards.md,table=perDatasetLinearTable|table_update=2026-04-08|model_row=HIBOU-B|task_column=tcga_crc_msi,2026-08-05,machine_parsed_single_source,not_reported,thunder@3d1cc9513fb2cfd8c4afb0d7bb9f5c4f6b69117f:docs/leaderboards.md -> parse_thunder_scores -> scores.csv,parsed_primary_source
hibou-b,HIBOU-B,not_reported,thunder.tcga_tils.linear_probing,89.6,89.6,thunder,f1,https://github.com/MICS-Lab/thunder/blob/3d1cc9513fb2cfd8c4afb0d7bb9f5c4f6b69117f/docs/leaderboards.md,table=perDatasetLinearTable|table_update=2026-04-08|model_row=HIBOU-B|task_column=tcga_tils,2026-08-05,machine_parsed_single_source,not_reported,thunder@3d1cc9513fb2cfd8c4afb0d7bb9f5c4f6b69117f:docs/leaderboards.md -> parse_thunder_scores -> scores.csv,parsed_primary_source
hibou-b,HIBOU-B,not_reported,thunder.tcga_uniform.linear_probing,70.2,70.2,thunder,f1,https://github.com/MICS-Lab/thunder/blob/3d1cc9513fb2cfd8c4afb0d7bb9f5c4f6b69117f/docs/leaderboards.md,table=perDatasetLinearTable|table_update=2026-04-08|model_row=HIBOU-B|task_column=tcga_uniform,2026-08-05,machine_parsed_single_source,not_reported,thunder@3d1cc9513fb2cfd8c4afb0d7bb9f5c4f6b69117f:docs/leaderboards.md -> parse_thunder_scores -> scores.csv,parsed_primary_source
hibou-b,HIBOU-B,not_reported,thunder.wilds.linear_probing,97.1,97.1,thunder,f1,https://github.com/MICS-Lab/thunder/blob/3d1cc9513fb2cfd8c4afb0d7bb9f5c4f6b69117f/docs/leaderboards.md,table=perDatasetLinearTable|table_update=2026-04-08|model_row=HIBOU-B|task_column=wilds,2026-08-05,machine_parsed_single_source,not_reported,thunder@3d1cc9513fb2cfd8c4afb0d7bb9f5c4f6b69117f:docs/leaderboards.md -> parse_thunder_scores -> scores.csv,parsed_primary_source
hibou-b,HIBOU-B,not_reported,thunder.spider_breast.linear_probing,86.6,86.6,thunder,f1,https://github.com/MICS-Lab/thunder/blob/3d1cc9513fb2cfd8c4afb0d7bb9f5c4f6b69117f/docs/leaderboards.md,table=perDatasetLinearTable|table_update=2026-04-08|model_row=HIBOU-B|task_column=spider_breast,2026-08-05,machine_parsed_single_source,not_reported,thunder@3d1cc9513fb2cfd8c4afb0d7bb9f5c4f6b69117f:docs/leaderboards.md -> parse_thunder_scores -> scores.csv,parsed_primary_source
hibou-b,HIBOU-B,not_reported,thunder.spider_colorectal.linear_probing,90.7,90.7,thunder,f1,https://github.com/MICS-Lab/thunder/blob/3d1cc9513fb2cfd8c4afb0d7bb9f5c4f6b69117f/docs/leaderboards.md,table=perDatasetLinearTable|table_update=2026-04-08|model_row=HIBOU-B|task_column=spider_colorectal,2026-08-05,machine_parsed_single_source,not_reported,thunder@3d1cc9513fb2cfd8c4afb0d7bb9f5c4f6b69117f:docs/leaderboards.md -> parse_thunder_scores -> scores.csv,parsed_primary_source
hibou-b,HIBOU-B,not_reported,thunder.spider_skin.linear_probing,91.1,91.1,thunder,f1,https://github.com/MICS-Lab/thunder/blob/3d1cc9513fb2cfd8c4afb0d7bb9f5c4f6b69117f/docs/leaderboards.md,table=perDatasetLinearTable|table_update=2026-04-08|model_row=HIBOU-B|task_column=spider_skin,2026-08-05,machine_parsed_single_source,not_reported,thunder@3d1cc9513fb2cfd8c4afb0d7bb9f5c4f6b69117f:docs/leaderboards.md -> parse_thunder_scores -> scores.csv,parsed_primary_source
hibou-b,HIBOU-B,not_reported,thunder.spider_thorax.linear_probing,94.5,94.5,thunder,f1,https://github.com/MICS-Lab/thunder/blob/3d1cc9513fb2cfd8c4afb0d7bb9f5c4f6b69117f/docs/leaderboards.md,table=perDatasetLinearTable|table_update=2026-04-08|model_row=HIBOU-B|task_column=spider_thorax,2026-08-05,machine_parsed_single_source,not_reported,thunder@3d1cc9513fb2cfd8c4afb0d7bb9f5c4f6b69117f:docs/leaderboards.md -> parse_thunder_scores -> scores.csv,parsed_primary_source
hibou-l,HIBOU-L,not_reported,thunder.bach.linear_probing,76.5,76.5,thunder,f1,https://github.com/MICS-Lab/thunder/blob/3d1cc9513fb2cfd8c4afb0d7bb9f5c4f6b69117f/docs/leaderboards.md,table=perDatasetLinearTable|table_update=2026-04-08|model_row=HIBOU-L|task_column=bach,2026-08-05,machine_parsed_single_source,not_reported,thunder@3d1cc9513fb2cfd8c4afb0d7bb9f5c4f6b69117f:docs/leaderboards.md -> parse_thunder_scores -> scores.csv,parsed_primary_source
hibou-l,HIBOU-L,not_reported,thunder.bracs.linear_probing,62.7,62.7,thunder,f1,https://github.com/MICS-Lab/thunder/blob/3d1cc9513fb2cfd8c4afb0d7bb9f5c4f6b69117f/docs/leaderboards.md,table=perDatasetLinearTable|table_update=2026-04-08|model_row=HIBOU-L|task_column=bracs,2026-08-05,machine_parsed_single_source,not_reported,thunder@3d1cc9513fb2cfd8c4afb0d7bb9f5c4f6b69117f:docs/leaderboards.md -> parse_thunder_scores -> scores.csv,parsed_primary_source
hibou-l,HIBOU-L,not_reported,thunder.break_his.linear_probing,69.4,69.4,thunder,f1,https://github.com/MICS-Lab/thunder/blob/3d1cc9513fb2cfd8c4afb0d7bb9f5c4f6b69117f/docs/leaderboards.md,table=perDatasetLinearTable|table_update=2026-04-08|model_row=HIBOU-L|task_column=break_his,2026-08-05,machine_parsed_single_source,not_reported,thunder@3d1cc9513fb2cfd8c4afb0d7bb9f5c4f6b69117f:docs/leaderboards.md -> parse_thunder_scores -> scores.csv,parsed_primary_source
hibou-l,HIBOU-L,not_reported,thunder.ccrcc.linear_probing,88.4,88.4,thunder,f1,https://github.com/MICS-Lab/thunder/blob/3d1cc9513fb2cfd8c4afb0d7bb9f5c4f6b69117f/docs/leaderboards.md,table=perDatasetLinearTable|table_update=2026-04-08|model_row=HIBOU-L|task_column=ccrcc,2026-08-05,machine_parsed_single_source,not_reported,thunder@3d1cc9513fb2cfd8c4afb0d7bb9f5c4f6b69117f:docs/leaderboards.md -> parse_thunder_scores -> scores.csv,parsed_primary_source
hibou-l,HIBOU-L,not_reported,thunder.crc.linear_probing,93,93,thunder,f1,https://github.com/MICS-Lab/thunder/blob/3d1cc9513fb2cfd8c4afb0d7bb9f5c4f6b69117f/docs/leaderboards.md,table=perDatasetLinearTable|table_update=2026-04-08|model_row=HIBOU-L|task_column=crc,2026-08-05,machine_parsed_single_source,not_reported,thunder@3d1cc9513fb2cfd8c4afb0d7bb9f5c4f6b69117f:docs/leaderboards.md -> parse_thunder_scores -> scores.csv,parsed_primary_source
hibou-l,HIBOU-L,not_reported,thunder.esca.linear_probing,77.5,77.5,thunder,f1,https://github.com/MICS-Lab/thunder/blob/3d1cc9513fb2cfd8c4afb0d7bb9f5c4f6b69117f/docs/leaderboards.md,table=perDatasetLinearTable|table_update=2026-04-08|model_row=HIBOU-L|task_column=esca,2026-08-05,machine_parsed_single_source,not_reported,thunder@3d1cc9513fb2cfd8c4afb0d7bb9f5c4f6b69117f:docs/leaderboards.md -> parse_thunder_scores -> scores.csv,parsed_primary_source
hibou-l,HIBOU-L,not_reported,thunder.mhist.linear_probing,81.3,81.3,thunder,f1,https://github.com/MICS-Lab/thunder/blob/3d1cc9513fb2cfd8c4afb0d7bb9f5c4f6b69117f/docs/leaderboards.md,table=perDatasetLinearTable|table_update=2026-04-08|model_row=HIBOU-L|task_column=mhist,2026-08-05,machine_parsed_single_source,not_reported,thunder@3d1cc9513fb2cfd8c4afb0d7bb9f5c4f6b69117f:docs/leaderboards.md -> parse_thunder_scores -> scores.csv,parsed_primary_source
hibou-l,HIBOU-L,not_reported,thunder.patch_camelyon.linear_probing,93.3,93.3,thunder,f1,https://github.com/MICS-Lab/thunder/blob/3d1cc9513fb2cfd8c4afb0d7bb9f5c4f6b69117f/docs/leaderboards.md,table=perDatasetLinearTable|table_update=2026-04-08|model_row=HIBOU-L|task_column=patch_camelyon,2026-08-05,machine_parsed_single_source,not_reported,thunder@3d1cc9513fb2cfd8c4afb0d7bb9f5c4f6b69117f:docs/leaderboards.md -> parse_thunder_scores -> scores.csv,parsed_primary_source
hibou-l,HIBOU-L,not_reported,thunder.tcga_crc_msi.linear_probing,68.1,68.1,thunder,f1,https://github.com/MICS-Lab/thunder/blob/3d1cc9513fb2cfd8c4afb0d7bb9f5c4f6b69117f/docs/leaderboards.md,table=perDatasetLinearTable|table_update=2026-04-08|model_row=HIBOU-L|task_column=tcga_crc_msi,2026-08-05,machine_parsed_single_source,not_reported,thunder@3d1cc9513fb2cfd8c4afb0d7bb9f5c4f6b69117f:docs/leaderboards.md -> parse_thunder_scores -> scores.csv,parsed_primary_source
hibou-l,HIBOU-L,not_reported,thunder.tcga_tils.linear_probing,90.3,90.3,thunder,f1,https://github.com/MICS-Lab/thunder/blob/3d1cc9513fb2cfd8c4afb0d7bb9f5c4f6b69117f/docs/leaderboards.md,table=perDatasetLinearTable|table_update=2026-04-08|model_row=HIBOU-L|task_column=tcga_tils,2026-08-05,machine_parsed_single_source,not_reported,thunder@3d1cc9513fb2cfd8c4afb0d7bb9f5c4f6b69117f:docs/leaderboards.md -> parse_thunder_scores -> scores.csv,parsed_primary_source
hibou-l,HIBOU-L,not_reported,thunder.tcga_uniform.linear_probing,75.2,75.2,thunder,f1,https://github.com/MICS-Lab/thunder/blob/3d1cc9513fb2cfd8c4afb0d7bb9f5c4f6b69117f/docs/leaderboards.md,table=perDatasetLinearTable|table_update=2026-04-08|model_row=HIBOU-L|task_column=tcga_uniform,2026-08-05,machine_parsed_single_source,not_reported,thunder@3d1cc9513fb2cfd8c4afb0d7bb9f5c4f6b69117f:docs/leaderboards.md -> parse_thunder_scores -> scores.csv,parsed_primary_source
hibou-l,HIBOU-L,not_reported,thunder.wilds.linear_probing,98.1,98.1,thunder,f1,https://github.com/MICS-Lab/thunder/blob/3d1cc9513fb2cfd8c4afb0d7bb9f5c4f6b69117f/docs/leaderboards.md,table=perDatasetLinearTable|table_update=2026-04-08|model_row=HIBOU-L|task_column=wilds,2026-08-05,machine_parsed_single_source,not_reported,thunder@3d1cc9513fb2cfd8c4afb0d7bb9f5c4f6b69117f:docs/leaderboards.md -> parse_thunder_scores -> scores.csv,parsed_primary_source
hibou-l,HIBOU-L,not_reported,thunder.spider_breast.linear_probing,88,88,thunder,f1,https://github.com/MICS-Lab/thunder/blob/3d1cc9513fb2cfd8c4afb0d7bb9f5c4f6b69117f/docs/leaderboards.md,table=perDatasetLinearTable|table_update=2026-04-08|model_row=HIBOU-L|task_column=spider_breast,2026-08-05,machine_parsed_single_source,not_reported,thunder@3d1cc9513fb2cfd8c4afb0d7bb9f5c4f6b69117f:docs/leaderboards.md -> parse_thunder_scores -> scores.csv,parsed_primary_source
hibou-l,HIBOU-L,not_reported,thunder.spider_colorectal.linear_probing,89.8,89.8,thunder,f1,https://github.com/MICS-Lab/thunder/blob/3d1cc9513fb2cfd8c4afb0d7bb9f5c4f6b69117f/docs/leaderboards.md,table=perDatasetLinearTable|table_update=2026-04-08|model_row=HIBOU-L|task_column=spider_colorectal,2026-08-05,machine_parsed_single_source,not_reported,thunder@3d1cc9513fb2cfd8c4afb0d7bb9f5c4f6b69117f:docs/leaderboards.md -> parse_thunder_scores -> scores.csv,parsed_primary_source
hibou-l,HIBOU-L,not_reported,thunder.spider_skin.linear_probing,93.3,93.3,thunder,f1,https://github.com/MICS-Lab/thunder/blob/3d1cc9513fb2cfd8c4afb0d7bb9f5c4f6b69117f/docs/leaderboards.md,table=perDatasetLinearTable|table_update=2026-04-08|model_row=HIBOU-L|task_column=spider_skin,2026-08-05,machine_parsed_single_source,not_reported,thunder@3d1cc9513fb2cfd8c4afb0d7bb9f5c4f6b69117f:docs/leaderboards.md -> parse_thunder_scores -> scores.csv,parsed_primary_source
hibou-l,HIBOU-L,not_reported,thunder.spider_thorax.linear_probing,94.1,94.1,thunder,f1,https://github.com/MICS-Lab/thunder/blob/3d1cc9513fb2cfd8c4afb0d7bb9f5c4f6b69117f/docs/leaderboards.md,table=perDatasetLinearTable|table_update=2026-04-08|model_row=HIBOU-L|task_column=spider_thorax,2026-08-05,machine_parsed_single_source,not_reported,thunder@3d1cc9513fb2cfd8c4afb0d7bb9f5c4f6b69117f:docs/leaderboards.md -> parse_thunder_scores -> scores.csv,parsed_primary_source
h-optimus-0,H-OPT-0,not_reported,thunder.bach.linear_probing,69.7,69.7,thunder,f1,https://github.com/MICS-Lab/thunder/blob/3d1cc9513fb2cfd8c4afb0d7bb9f5c4f6b69117f/docs/leaderboards.md,table=perDatasetLinearTable|table_update=2026-04-08|model_row=H-OPT-0|task_column=bach,2026-08-05,machine_parsed_single_source,not_reported,thunder@3d1cc9513fb2cfd8c4afb0d7bb9f5c4f6b69117f:docs/leaderboards.md -> parse_thunder_scores -> scores.csv,parsed_primary_source
h-optimus-0,H-OPT-0,not_reported,thunder.bracs.linear_probing,61.1,61.1,thunder,f1,https://github.com/MICS-Lab/thunder/blob/3d1cc9513fb2cfd8c4afb0d7bb9f5c4f6b69117f/docs/leaderboards.md,table=perDatasetLinearTable|table_update=2026-04-08|model_row=H-OPT-0|task_column=bracs,2026-08-05,machine_parsed_single_source,not_reported,thunder@3d1cc9513fb2cfd8c4afb0d7bb9f5c4f6b69117f:docs/leaderboards.md -> parse_thunder_scores -> scores.csv,parsed_primary_source
h-optimus-0,H-OPT-0,not_reported,thunder.break_his.linear_probing,66,66,thunder,f1,https://github.com/MICS-Lab/thunder/blob/3d1cc9513fb2cfd8c4afb0d7bb9f5c4f6b69117f/docs/leaderboards.md,table=perDatasetLinearTable|table_update=2026-04-08|model_row=H-OPT-0|task_column=break_his,2026-08-05,machine_parsed_single_source,not_reported,thunder@3d1cc9513fb2cfd8c4afb0d7bb9f5c4f6b69117f:docs/leaderboards.md -> parse_thunder_scores -> scores.csv,parsed_primary_source
h-optimus-0,H-OPT-0,not_reported,thunder.ccrcc.linear_probing,90.8,90.8,thunder,f1,https://github.com/MICS-Lab/thunder/blob/3d1cc9513fb2cfd8c4afb0d7bb9f5c4f6b69117f/docs/leaderboards.md,table=perDatasetLinearTable|table_update=2026-04-08|model_row=H-OPT-0|task_column=ccrcc,2026-08-05,machine_parsed_single_source,not_reported,thunder@3d1cc9513fb2cfd8c4afb0d7bb9f5c4f6b69117f:docs/leaderboards.md -> parse_thunder_scores -> scores.csv,parsed_primary_source
h-optimus-0,H-OPT-0,not_reported,thunder.crc.linear_probing,93.5,93.5,thunder,f1,https://github.com/MICS-Lab/thunder/blob/3d1cc9513fb2cfd8c4afb0d7bb9f5c4f6b69117f/docs/leaderboards.md,table=perDatasetLinearTable|table_update=2026-04-08|model_row=H-OPT-0|task_column=crc,2026-08-05,machine_parsed_single_source,not_reported,thunder@3d1cc9513fb2cfd8c4afb0d7bb9f5c4f6b69117f:docs/leaderboards.md -> parse_thunder_scores -> scores.csv,parsed_primary_source
h-optimus-0,H-OPT-0,not_reported,thunder.esca.linear_probing,83.5,83.5,thunder,f1,https://github.com/MICS-Lab/thunder/blob/3d1cc9513fb2cfd8c4afb0d7bb9f5c4f6b69117f/docs/leaderboards.md,table=perDatasetLinearTable|table_update=2026-04-08|model_row=H-OPT-0|task_column=esca,2026-08-05,machine_parsed_single_source,not_reported,thunder@3d1cc9513fb2cfd8c4afb0d7bb9f5c4f6b69117f:docs/leaderboards.md -> parse_thunder_scores -> scores.csv,parsed_primary_source
h-optimus-0,H-OPT-0,not_reported,thunder.mhist.linear_probing,82.8,82.8,thunder,f1,https://github.com/MICS-Lab/thunder/blob/3d1cc9513fb2cfd8c4afb0d7bb9f5c4f6b69117f/docs/leaderboards.md,table=perDatasetLinearTable|table_update=2026-04-08|model_row=H-OPT-0|task_column=mhist,2026-08-05,machine_parsed_single_source,not_reported,thunder@3d1cc9513fb2cfd8c4afb0d7bb9f5c4f6b69117f:docs/leaderboards.md -> parse_thunder_scores -> scores.csv,parsed_primary_source
h-optimus-0,H-OPT-0,not_reported,thunder.patch_camelyon.linear_probing,93,93,thunder,f1,https://github.com/MICS-Lab/thunder/blob/3d1cc9513fb2cfd8c4afb0d7bb9f5c4f6b69117f/docs/leaderboards.md,table=perDatasetLinearTable|table_update=2026-04-08|model_row=H-OPT-0|task_column=patch_camelyon,2026-08-05,machine_parsed_single_source,not_reported,thunder@3d1cc9513fb2cfd8c4afb0d7bb9f5c4f6b69117f:docs/leaderboards.md -> parse_thunder_scores -> scores.csv,parsed_primary_source
h-optimus-0,H-OPT-0,not_reported,thunder.tcga_crc_msi.linear_probing,67.3,67.3,thunder,f1,https://github.com/MICS-Lab/thunder/blob/3d1cc9513fb2cfd8c4afb0d7bb9f5c4f6b69117f/docs/leaderboards.md,table=perDatasetLinearTable|table_update=2026-04-08|model_row=H-OPT-0|task_column=tcga_crc_msi,2026-08-05,machine_parsed_single_source,not_reported,thunder@3d1cc9513fb2cfd8c4afb0d7bb9f5c4f6b69117f:docs/leaderboards.md -> parse_thunder_scores -> scores.csv,parsed_primary_source
h-optimus-0,H-OPT-0,not_reported,thunder.tcga_tils.linear_probing,91,91,thunder,f1,https://github.com/MICS-Lab/thunder/blob/3d1cc9513fb2cfd8c4afb0d7bb9f5c4f6b69117f/docs/leaderboards.md,table=perDatasetLinearTable|table_update=2026-04-08|model_row=H-OPT-0|task_column=tcga_tils,2026-08-05,machine_parsed_single_source,not_reported,thunder@3d1cc9513fb2cfd8c4afb0d7bb9f5c4f6b69117f:docs/leaderboards.md -> parse_thunder_scores -> scores.csv,parsed_primary_source
h-optimus-0,H-OPT-0,not_reported,thunder.tcga_uniform.linear_probing,79.3,79.3,thunder,f1,https://github.com/MICS-Lab/thunder/blob/3d1cc9513fb2cfd8c4afb0d7bb9f5c4f6b69117f/docs/leaderboards.md,table=perDatasetLinearTable|table_update=2026-04-08|model_row=H-OPT-0|task_column=tcga_uniform,2026-08-05,machine_parsed_single_source,not_reported,thunder@3d1cc9513fb2cfd8c4afb0d7bb9f5c4f6b69117f:docs/leaderboards.md -> parse_thunder_scores -> scores.csv,parsed_primary_source
h-optimus-0,H-OPT-0,not_reported,thunder.wilds.linear_probing,98.7,98.7,thunder,f1,https://github.com/MICS-Lab/thunder/blob/3d1cc9513fb2cfd8c4afb0d7bb9f5c4f6b69117f/docs/leaderboards.md,table=perDatasetLinearTable|table_update=2026-04-08|model_row=H-OPT-0|task_column=wilds,2026-08-05,machine_parsed_single_source,not_reported,thunder@3d1cc9513fb2cfd8c4afb0d7bb9f5c4f6b69117f:docs/leaderboards.md -> parse_thunder_scores -> scores.csv,parsed_primary_source
h-optimus-0,H-OPT-0,not_reported,thunder.spider_breast.linear_probing,87.2,87.2,thunder,f1,https://github.com/MICS-Lab/thunder/blob/3d1cc9513fb2cfd8c4afb0d7bb9f5c4f6b69117f/docs/leaderboards.md,table=perDatasetLinearTable|table_update=2026-04-08|model_row=H-OPT-0|task_column=spider_breast,2026-08-05,machine_parsed_single_source,not_reported,thunder@3d1cc9513fb2cfd8c4afb0d7bb9f5c4f6b69117f:docs/leaderboards.md -> parse_thunder_scores -> scores.csv,parsed_primary_source
h-optimus-0,H-OPT-0,not_reported,thunder.spider_colorectal.linear_probing,89.9,89.9,thunder,f1,https://github.com/MICS-Lab/thunder/blob/3d1cc9513fb2cfd8c4afb0d7bb9f5c4f6b69117f/docs/leaderboards.md,table=perDatasetLinearTable|table_update=2026-04-08|model_row=H-OPT-0|task_column=spider_colorectal,2026-08-05,machine_parsed_single_source,not_reported,thunder@3d1cc9513fb2cfd8c4afb0d7bb9f5c4f6b69117f:docs/leaderboards.md -> parse_thunder_scores -> scores.csv,parsed_primary_source
h-optimus-0,H-OPT-0,not_reported,thunder.spider_skin.linear_probing,91.9,91.9,thunder,f1,https://github.com/MICS-Lab/thunder/blob/3d1cc9513fb2cfd8c4afb0d7bb9f5c4f6b69117f/docs/leaderboards.md,table=perDatasetLinearTable|table_update=2026-04-08|model_row=H-OPT-0|task_column=spider_skin,2026-08-05,machine_parsed_single_source,not_reported,thunder@3d1cc9513fb2cfd8c4afb0d7bb9f5c4f6b69117f:docs/leaderboards.md -> parse_thunder_scores -> scores.csv,parsed_primary_source
h-optimus-0,H-OPT-0,not_reported,thunder.spider_thorax.linear_probing,94.4,94.4,thunder,f1,https://github.com/MICS-Lab/thunder/blob/3d1cc9513fb2cfd8c4afb0d7bb9f5c4f6b69117f/docs/leaderboards.md,table=perDatasetLinearTable|table_update=2026-04-08|model_row=H-OPT-0|task_column=spider_thorax,2026-08-05,machine_parsed_single_source,not_reported,thunder@3d1cc9513fb2cfd8c4afb0d7bb9f5c4f6b69117f:docs/leaderboards.md -> parse_thunder_scores -> scores.csv,parsed_primary_source
h0-mini,H0-mini,not_reported,thunder.bach.linear_probing,71.3,71.3,thunder,f1,https://github.com/MICS-Lab/thunder/blob/3d1cc9513fb2cfd8c4afb0d7bb9f5c4f6b69117f/docs/leaderboards.md,table=perDatasetLinearTable|table_update=2026-04-08|model_row=H0-mini|task_column=bach,2026-08-05,machine_parsed_single_source,not_reported,thunder@3d1cc9513fb2cfd8c4afb0d7bb9f5c4f6b69117f:docs/leaderboards.md -> parse_thunder_scores -> scores.csv,parsed_primary_source
h0-mini,H0-mini,not_reported,thunder.bracs.linear_probing,60.7,60.7,thunder,f1,https://github.com/MICS-Lab/thunder/blob/3d1cc9513fb2cfd8c4afb0d7bb9f5c4f6b69117f/docs/leaderboards.md,table=perDatasetLinearTable|table_update=2026-04-08|model_row=H0-mini|task_column=bracs,2026-08-05,machine_parsed_single_source,not_reported,thunder@3d1cc9513fb2cfd8c4afb0d7bb9f5c4f6b69117f:docs/leaderboards.md -> parse_thunder_scores -> scores.csv,parsed_primary_source
h0-mini,H0-mini,not_reported,thunder.break_his.linear_probing,69,69,thunder,f1,https://github.com/MICS-Lab/thunder/blob/3d1cc9513fb2cfd8c4afb0d7bb9f5c4f6b69117f/docs/leaderboards.md,table=perDatasetLinearTable|table_update=2026-04-08|model_row=H0-mini|task_column=break_his,2026-08-05,machine_parsed_single_source,not_reported,thunder@3d1cc9513fb2cfd8c4afb0d7bb9f5c4f6b69117f:docs/leaderboards.md -> parse_thunder_scores -> scores.csv,parsed_primary_source
h0-mini,H0-mini,not_reported,thunder.ccrcc.linear_probing,90.2,90.2,thunder,f1,https://github.com/MICS-Lab/thunder/blob/3d1cc9513fb2cfd8c4afb0d7bb9f5c4f6b69117f/docs/leaderboards.md,table=perDatasetLinearTable|table_update=2026-04-08|model_row=H0-mini|task_column=ccrcc,2026-08-05,machine_parsed_single_source,not_reported,thunder@3d1cc9513fb2cfd8c4afb0d7bb9f5c4f6b69117f:docs/leaderboards.md -> parse_thunder_scores -> scores.csv,parsed_primary_source
h0-mini,H0-mini,not_reported,thunder.crc.linear_probing,95.8,95.8,thunder,f1,https://github.com/MICS-Lab/thunder/blob/3d1cc9513fb2cfd8c4afb0d7bb9f5c4f6b69117f/docs/leaderboards.md,table=perDatasetLinearTable|table_update=2026-04-08|model_row=H0-mini|task_column=crc,2026-08-05,machine_parsed_single_source,not_reported,thunder@3d1cc9513fb2cfd8c4afb0d7bb9f5c4f6b69117f:docs/leaderboards.md -> parse_thunder_scores -> scores.csv,parsed_primary_source
h0-mini,H0-mini,not_reported,thunder.esca.linear_probing,84.4,84.4,thunder,f1,https://github.com/MICS-Lab/thunder/blob/3d1cc9513fb2cfd8c4afb0d7bb9f5c4f6b69117f/docs/leaderboards.md,table=perDatasetLinearTable|table_update=2026-04-08|model_row=H0-mini|task_column=esca,2026-08-05,machine_parsed_single_source,not_reported,thunder@3d1cc9513fb2cfd8c4afb0d7bb9f5c4f6b69117f:docs/leaderboards.md -> parse_thunder_scores -> scores.csv,parsed_primary_source
h0-mini,H0-mini,not_reported,thunder.mhist.linear_probing,79.9,79.9,thunder,f1,https://github.com/MICS-Lab/thunder/blob/3d1cc9513fb2cfd8c4afb0d7bb9f5c4f6b69117f/docs/leaderboards.md,table=perDatasetLinearTable|table_update=2026-04-08|model_row=H0-mini|task_column=mhist,2026-08-05,machine_parsed_single_source,not_reported,thunder@3d1cc9513fb2cfd8c4afb0d7bb9f5c4f6b69117f:docs/leaderboards.md -> parse_thunder_scores -> scores.csv,parsed_primary_source
h0-mini,H0-mini,not_reported,thunder.patch_camelyon.linear_probing,94.3,94.3,thunder,f1,https://github.com/MICS-Lab/thunder/blob/3d1cc9513fb2cfd8c4afb0d7bb9f5c4f6b69117f/docs/leaderboards.md,table=perDatasetLinearTable|table_update=2026-04-08|model_row=H0-mini|task_column=patch_camelyon,2026-08-05,machine_parsed_single_source,not_reported,thunder@3d1cc9513fb2cfd8c4afb0d7bb9f5c4f6b69117f:docs/leaderboards.md -> parse_thunder_scores -> scores.csv,parsed_primary_source
h0-mini,H0-mini,not_reported,thunder.tcga_crc_msi.linear_probing,66.5,66.5,thunder,f1,https://github.com/MICS-Lab/thunder/blob/3d1cc9513fb2cfd8c4afb0d7bb9f5c4f6b69117f/docs/leaderboards.md,table=perDatasetLinearTable|table_update=2026-04-08|model_row=H0-mini|task_column=tcga_crc_msi,2026-08-05,machine_parsed_single_source,not_reported,thunder@3d1cc9513fb2cfd8c4afb0d7bb9f5c4f6b69117f:docs/leaderboards.md -> parse_thunder_scores -> scores.csv,parsed_primary_source
h0-mini,H0-mini,not_reported,thunder.tcga_tils.linear_probing,91.7,91.7,thunder,f1,https://github.com/MICS-Lab/thunder/blob/3d1cc9513fb2cfd8c4afb0d7bb9f5c4f6b69117f/docs/leaderboards.md,table=perDatasetLinearTable|table_update=2026-04-08|model_row=H0-mini|task_column=tcga_tils,2026-08-05,machine_parsed_single_source,not_reported,thunder@3d1cc9513fb2cfd8c4afb0d7bb9f5c4f6b69117f:docs/leaderboards.md -> parse_thunder_scores -> scores.csv,parsed_primary_source
h0-mini,H0-mini,not_reported,thunder.tcga_uniform.linear_probing,78.2,78.2,thunder,f1,https://github.com/MICS-Lab/thunder/blob/3d1cc9513fb2cfd8c4afb0d7bb9f5c4f6b69117f/docs/leaderboards.md,table=perDatasetLinearTable|table_update=2026-04-08|model_row=H0-mini|task_column=tcga_uniform,2026-08-05,machine_parsed_single_source,not_reported,thunder@3d1cc9513fb2cfd8c4afb0d7bb9f5c4f6b69117f:docs/leaderboards.md -> parse_thunder_scores -> scores.csv,parsed_primary_source
h0-mini,H0-mini,not_reported,thunder.wilds.linear_probing,98.2,98.2,thunder,f1,https://github.com/MICS-Lab/thunder/blob/3d1cc9513fb2cfd8c4afb0d7bb9f5c4f6b69117f/docs/leaderboards.md,table=perDatasetLinearTable|table_update=2026-04-08|model_row=H0-mini|task_column=wilds,2026-08-05,machine_parsed_single_source,not_reported,thunder@3d1cc9513fb2cfd8c4afb0d7bb9f5c4f6b69117f:docs/leaderboards.md -> parse_thunder_scores -> scores.csv,parsed_primary_source
h0-mini,H0-mini,not_reported,thunder.spider_breast.linear_probing,86,86,thunder,f1,https://github.com/MICS-Lab/thunder/blob/3d1cc9513fb2cfd8c4afb0d7bb9f5c4f6b69117f/docs/leaderboards.md,table=perDatasetLinearTable|table_update=2026-04-08|model_row=H0-mini|task_column=spider_breast,2026-08-05,machine_parsed_single_source,not_reported,thunder@3d1cc9513fb2cfd8c4afb0d7bb9f5c4f6b69117f:docs/leaderboards.md -> parse_thunder_scores -> scores.csv,parsed_primary_source
h0-mini,H0-mini,not_reported,thunder.spider_colorectal.linear_probing,90.2,90.2,thunder,f1,https://github.com/MICS-Lab/thunder/blob/3d1cc9513fb2cfd8c4afb0d7bb9f5c4f6b69117f/docs/leaderboards.md,table=perDatasetLinearTable|table_update=2026-04-08|model_row=H0-mini|task_column=spider_colorectal,2026-08-05,machine_parsed_single_source,not_reported,thunder@3d1cc9513fb2cfd8c4afb0d7bb9f5c4f6b69117f:docs/leaderboards.md -> parse_thunder_scores -> scores.csv,parsed_primary_source
h0-mini,H0-mini,not_reported,thunder.spider_skin.linear_probing,90.4,90.4,thunder,f1,https://github.com/MICS-Lab/thunder/blob/3d1cc9513fb2cfd8c4afb0d7bb9f5c4f6b69117f/docs/leaderboards.md,table=perDatasetLinearTable|table_update=2026-04-08|model_row=H0-mini|task_column=spider_skin,2026-08-05,machine_parsed_single_source,not_reported,thunder@3d1cc9513fb2cfd8c4afb0d7bb9f5c4f6b69117f:docs/leaderboards.md -> parse_thunder_scores -> scores.csv,parsed_primary_source
h0-mini,H0-mini,not_reported,thunder.spider_thorax.linear_probing,93.4,93.4,thunder,f1,https://github.com/MICS-Lab/thunder/blob/3d1cc9513fb2cfd8c4afb0d7bb9f5c4f6b69117f/docs/leaderboards.md,table=perDatasetLinearTable|table_update=2026-04-08|model_row=H0-mini|task_column=spider_thorax,2026-08-05,machine_parsed_single_source,not_reported,thunder@3d1cc9513fb2cfd8c4afb0d7bb9f5c4f6b69117f:docs/leaderboards.md -> parse_thunder_scores -> scores.csv,parsed_primary_source
h-optimus-1,H-OPT-1,not_reported,thunder.bach.linear_probing,72.5,72.5,thunder,f1,https://github.com/MICS-Lab/thunder/blob/3d1cc9513fb2cfd8c4afb0d7bb9f5c4f6b69117f/docs/leaderboards.md,table=perDatasetLinearTable|table_update=2026-04-08|model_row=H-OPT-1|task_column=bach,2026-08-05,machine_parsed_single_source,not_reported,thunder@3d1cc9513fb2cfd8c4afb0d7bb9f5c4f6b69117f:docs/leaderboards.md -> parse_thunder_scores -> scores.csv,parsed_primary_source
h-optimus-1,H-OPT-1,not_reported,thunder.bracs.linear_probing,64.3,64.3,thunder,f1,https://github.com/MICS-Lab/thunder/blob/3d1cc9513fb2cfd8c4afb0d7bb9f5c4f6b69117f/docs/leaderboards.md,table=perDatasetLinearTable|table_update=2026-04-08|model_row=H-OPT-1|task_column=bracs,2026-08-05,machine_parsed_single_source,not_reported,thunder@3d1cc9513fb2cfd8c4afb0d7bb9f5c4f6b69117f:docs/leaderboards.md -> parse_thunder_scores -> scores.csv,parsed_primary_source
h-optimus-1,H-OPT-1,not_reported,thunder.break_his.linear_probing,76,76,thunder,f1,https://github.com/MICS-Lab/thunder/blob/3d1cc9513fb2cfd8c4afb0d7bb9f5c4f6b69117f/docs/leaderboards.md,table=perDatasetLinearTable|table_update=2026-04-08|model_row=H-OPT-1|task_column=break_his,2026-08-05,machine_parsed_single_source,not_reported,thunder@3d1cc9513fb2cfd8c4afb0d7bb9f5c4f6b69117f:docs/leaderboards.md -> parse_thunder_scores -> scores.csv,parsed_primary_source
h-optimus-1,H-OPT-1,not_reported,thunder.ccrcc.linear_probing,91.7,91.7,thunder,f1,https://github.com/MICS-Lab/thunder/blob/3d1cc9513fb2cfd8c4afb0d7bb9f5c4f6b69117f/docs/leaderboards.md,table=perDatasetLinearTable|table_update=2026-04-08|model_row=H-OPT-1|task_column=ccrcc,2026-08-05,machine_parsed_single_source,not_reported,thunder@3d1cc9513fb2cfd8c4afb0d7bb9f5c4f6b69117f:docs/leaderboards.md -> parse_thunder_scores -> scores.csv,parsed_primary_source
h-optimus-1,H-OPT-1,not_reported,thunder.crc.linear_probing,94.6,94.6,thunder,f1,https://github.com/MICS-Lab/thunder/blob/3d1cc9513fb2cfd8c4afb0d7bb9f5c4f6b69117f/docs/leaderboards.md,table=perDatasetLinearTable|table_update=2026-04-08|model_row=H-OPT-1|task_column=crc,2026-08-05,machine_parsed_single_source,not_reported,thunder@3d1cc9513fb2cfd8c4afb0d7bb9f5c4f6b69117f:docs/leaderboards.md -> parse_thunder_scores -> scores.csv,parsed_primary_source
h-optimus-1,H-OPT-1,not_reported,thunder.esca.linear_probing,87.1,87.1,thunder,f1,https://github.com/MICS-Lab/thunder/blob/3d1cc9513fb2cfd8c4afb0d7bb9f5c4f6b69117f/docs/leaderboards.md,table=perDatasetLinearTable|table_update=2026-04-08|model_row=H-OPT-1|task_column=esca,2026-08-05,machine_parsed_single_source,not_reported,thunder@3d1cc9513fb2cfd8c4afb0d7bb9f5c4f6b69117f:docs/leaderboards.md -> parse_thunder_scores -> scores.csv,parsed_primary_source
h-optimus-1,H-OPT-1,not_reported,thunder.mhist.linear_probing,82,82,thunder,f1,https://github.com/MICS-Lab/thunder/blob/3d1cc9513fb2cfd8c4afb0d7bb9f5c4f6b69117f/docs/leaderboards.md,table=perDatasetLinearTable|table_update=2026-04-08|model_row=H-OPT-1|task_column=mhist,2026-08-05,machine_parsed_single_source,not_reported,thunder@3d1cc9513fb2cfd8c4afb0d7bb9f5c4f6b69117f:docs/leaderboards.md -> parse_thunder_scores -> scores.csv,parsed_primary_source
h-optimus-1,H-OPT-1,not_reported,thunder.patch_camelyon.linear_probing,93.3,93.3,thunder,f1,https://github.com/MICS-Lab/thunder/blob/3d1cc9513fb2cfd8c4afb0d7bb9f5c4f6b69117f/docs/leaderboards.md,table=perDatasetLinearTable|table_update=2026-04-08|model_row=H-OPT-1|task_column=patch_camelyon,2026-08-05,machine_parsed_single_source,not_reported,thunder@3d1cc9513fb2cfd8c4afb0d7bb9f5c4f6b69117f:docs/leaderboards.md -> parse_thunder_scores -> scores.csv,parsed_primary_source
h-optimus-1,H-OPT-1,not_reported,thunder.tcga_crc_msi.linear_probing,67.9,67.9,thunder,f1,https://github.com/MICS-Lab/thunder/blob/3d1cc9513fb2cfd8c4afb0d7bb9f5c4f6b69117f/docs/leaderboards.md,table=perDatasetLinearTable|table_update=2026-04-08|model_row=H-OPT-1|task_column=tcga_crc_msi,2026-08-05,machine_parsed_single_source,not_reported,thunder@3d1cc9513fb2cfd8c4afb0d7bb9f5c4f6b69117f:docs/leaderboards.md -> parse_thunder_scores -> scores.csv,parsed_primary_source
h-optimus-1,H-OPT-1,not_reported,thunder.tcga_tils.linear_probing,91,91,thunder,f1,https://github.com/MICS-Lab/thunder/blob/3d1cc9513fb2cfd8c4afb0d7bb9f5c4f6b69117f/docs/leaderboards.md,table=perDatasetLinearTable|table_update=2026-04-08|model_row=H-OPT-1|task_column=tcga_tils,2026-08-05,machine_parsed_single_source,not_reported,thunder@3d1cc9513fb2cfd8c4afb0d7bb9f5c4f6b69117f:docs/leaderboards.md -> parse_thunder_scores -> scores.csv,parsed_primary_source
h-optimus-1,H-OPT-1,not_reported,thunder.tcga_uniform.linear_probing,81,81,thunder,f1,https://github.com/MICS-Lab/thunder/blob/3d1cc9513fb2cfd8c4afb0d7bb9f5c4f6b69117f/docs/leaderboards.md,table=perDatasetLinearTable|table_update=2026-04-08|model_row=H-OPT-1|task_column=tcga_uniform,2026-08-05,machine_parsed_single_source,not_reported,thunder@3d1cc9513fb2cfd8c4afb0d7bb9f5c4f6b69117f:docs/leaderboards.md -> parse_thunder_scores -> scores.csv,parsed_primary_source
h-optimus-1,H-OPT-1,not_reported,thunder.wilds.linear_probing,98.2,98.2,thunder,f1,https://github.com/MICS-Lab/thunder/blob/3d1cc9513fb2cfd8c4afb0d7bb9f5c4f6b69117f/docs/leaderboards.md,table=perDatasetLinearTable|table_update=2026-04-08|model_row=H-OPT-1|task_column=wilds,2026-08-05,machine_parsed_single_source,not_reported,thunder@3d1cc9513fb2cfd8c4afb0d7bb9f5c4f6b69117f:docs/leaderboards.md -> parse_thunder_scores -> scores.csv,parsed_primary_source
h-optimus-1,H-OPT-1,not_reported,thunder.spider_breast.linear_probing,86.1,86.1,thunder,f1,https://github.com/MICS-Lab/thunder/blob/3d1cc9513fb2cfd8c4afb0d7bb9f5c4f6b69117f/docs/leaderboards.md,table=perDatasetLinearTable|table_update=2026-04-08|model_row=H-OPT-1|task_column=spider_breast,2026-08-05,machine_parsed_single_source,not_reported,thunder@3d1cc9513fb2cfd8c4afb0d7bb9f5c4f6b69117f:docs/leaderboards.md -> parse_thunder_scores -> scores.csv,parsed_primary_source
h-optimus-1,H-OPT-1,not_reported,thunder.spider_colorectal.linear_probing,90.3,90.3,thunder,f1,https://github.com/MICS-Lab/thunder/blob/3d1cc9513fb2cfd8c4afb0d7bb9f5c4f6b69117f/docs/leaderboards.md,table=perDatasetLinearTable|table_update=2026-04-08|model_row=H-OPT-1|task_column=spider_colorectal,2026-08-05,machine_parsed_single_source,not_reported,thunder@3d1cc9513fb2cfd8c4afb0d7bb9f5c4f6b69117f:docs/leaderboards.md -> parse_thunder_scores -> scores.csv,parsed_primary_source
h-optimus-1,H-OPT-1,not_reported,thunder.spider_skin.linear_probing,92.3,92.3,thunder,f1,https://github.com/MICS-Lab/thunder/blob/3d1cc9513fb2cfd8c4afb0d7bb9f5c4f6b69117f/docs/leaderboards.md,table=perDatasetLinearTable|table_update=2026-04-08|model_row=H-OPT-1|task_column=spider_skin,2026-08-05,machine_parsed_single_source,not_reported,thunder@3d1cc9513fb2cfd8c4afb0d7bb9f5c4f6b69117f:docs/leaderboards.md -> parse_thunder_scores -> scores.csv,parsed_primary_source
h-optimus-1,H-OPT-1,not_reported,thunder.spider_thorax.linear_probing,93.6,93.6,thunder,f1,https://github.com/MICS-Lab/thunder/blob/3d1cc9513fb2cfd8c4afb0d7bb9f5c4f6b69117f/docs/leaderboards.md,table=perDatasetLinearTable|table_update=2026-04-08|model_row=H-OPT-1|task_column=spider_thorax,2026-08-05,machine_parsed_single_source,not_reported,thunder@3d1cc9513fb2cfd8c4afb0d7bb9f5c4f6b69117f:docs/leaderboards.md -> parse_thunder_scores -> scores.csv,parsed_primary_source
kaiko-vit-s-unspecified-patch,KAIKO-S,not_reported,thunder.bach.linear_probing,72.6,72.6,thunder,f1,https://github.com/MICS-Lab/thunder/blob/3d1cc9513fb2cfd8c4afb0d7bb9f5c4f6b69117f/docs/leaderboards.md,table=perDatasetLinearTable|table_update=2026-04-08|model_row=KAIKO-S|task_column=bach,2026-08-05,machine_parsed_single_source,not_reported,thunder@3d1cc9513fb2cfd8c4afb0d7bb9f5c4f6b69117f:docs/leaderboards.md -> parse_thunder_scores -> scores.csv,parsed_primary_source
kaiko-vit-s-unspecified-patch,KAIKO-S,not_reported,thunder.bracs.linear_probing,61.5,61.5,thunder,f1,https://github.com/MICS-Lab/thunder/blob/3d1cc9513fb2cfd8c4afb0d7bb9f5c4f6b69117f/docs/leaderboards.md,table=perDatasetLinearTable|table_update=2026-04-08|model_row=KAIKO-S|task_column=bracs,2026-08-05,machine_parsed_single_source,not_reported,thunder@3d1cc9513fb2cfd8c4afb0d7bb9f5c4f6b69117f:docs/leaderboards.md -> parse_thunder_scores -> scores.csv,parsed_primary_source
kaiko-vit-s-unspecified-patch,KAIKO-S,not_reported,thunder.break_his.linear_probing,69.4,69.4,thunder,f1,https://github.com/MICS-Lab/thunder/blob/3d1cc9513fb2cfd8c4afb0d7bb9f5c4f6b69117f/docs/leaderboards.md,table=perDatasetLinearTable|table_update=2026-04-08|model_row=KAIKO-S|task_column=break_his,2026-08-05,machine_parsed_single_source,not_reported,thunder@3d1cc9513fb2cfd8c4afb0d7bb9f5c4f6b69117f:docs/leaderboards.md -> parse_thunder_scores -> scores.csv,parsed_primary_source
kaiko-vit-s-unspecified-patch,KAIKO-S,not_reported,thunder.ccrcc.linear_probing,84.9,84.9,thunder,f1,https://github.com/MICS-Lab/thunder/blob/3d1cc9513fb2cfd8c4afb0d7bb9f5c4f6b69117f/docs/leaderboards.md,table=perDatasetLinearTable|table_update=2026-04-08|model_row=KAIKO-S|task_column=ccrcc,2026-08-05,machine_parsed_single_source,not_reported,thunder@3d1cc9513fb2cfd8c4afb0d7bb9f5c4f6b69117f:docs/leaderboards.md -> parse_thunder_scores -> scores.csv,parsed_primary_source
kaiko-vit-s-unspecified-patch,KAIKO-S,not_reported,thunder.crc.linear_probing,92.3,92.3,thunder,f1,https://github.com/MICS-Lab/thunder/blob/3d1cc9513fb2cfd8c4afb0d7bb9f5c4f6b69117f/docs/leaderboards.md,table=perDatasetLinearTable|table_update=2026-04-08|model_row=KAIKO-S|task_column=crc,2026-08-05,machine_parsed_single_source,not_reported,thunder@3d1cc9513fb2cfd8c4afb0d7bb9f5c4f6b69117f:docs/leaderboards.md -> parse_thunder_scores -> scores.csv,parsed_primary_source
kaiko-vit-s-unspecified-patch,KAIKO-S,not_reported,thunder.esca.linear_probing,76.8,76.8,thunder,f1,https://github.com/MICS-Lab/thunder/blob/3d1cc9513fb2cfd8c4afb0d7bb9f5c4f6b69117f/docs/leaderboards.md,table=perDatasetLinearTable|table_update=2026-04-08|model_row=KAIKO-S|task_column=esca,2026-08-05,machine_parsed_single_source,not_reported,thunder@3d1cc9513fb2cfd8c4afb0d7bb9f5c4f6b69117f:docs/leaderboards.md -> parse_thunder_scores -> scores.csv,parsed_primary_source
kaiko-vit-s-unspecified-patch,KAIKO-S,not_reported,thunder.mhist.linear_probing,81.4,81.4,thunder,f1,https://github.com/MICS-Lab/thunder/blob/3d1cc9513fb2cfd8c4afb0d7bb9f5c4f6b69117f/docs/leaderboards.md,table=perDatasetLinearTable|table_update=2026-04-08|model_row=KAIKO-S|task_column=mhist,2026-08-05,machine_parsed_single_source,not_reported,thunder@3d1cc9513fb2cfd8c4afb0d7bb9f5c4f6b69117f:docs/leaderboards.md -> parse_thunder_scores -> scores.csv,parsed_primary_source
kaiko-vit-s-unspecified-patch,KAIKO-S,not_reported,thunder.patch_camelyon.linear_probing,90.4,90.4,thunder,f1,https://github.com/MICS-Lab/thunder/blob/3d1cc9513fb2cfd8c4afb0d7bb9f5c4f6b69117f/docs/leaderboards.md,table=perDatasetLinearTable|table_update=2026-04-08|model_row=KAIKO-S|task_column=patch_camelyon,2026-08-05,machine_parsed_single_source,not_reported,thunder@3d1cc9513fb2cfd8c4afb0d7bb9f5c4f6b69117f:docs/leaderboards.md -> parse_thunder_scores -> scores.csv,parsed_primary_source
kaiko-vit-s-unspecified-patch,KAIKO-S,not_reported,thunder.tcga_crc_msi.linear_probing,62.6,62.6,thunder,f1,https://github.com/MICS-Lab/thunder/blob/3d1cc9513fb2cfd8c4afb0d7bb9f5c4f6b69117f/docs/leaderboards.md,table=perDatasetLinearTable|table_update=2026-04-08|model_row=KAIKO-S|task_column=tcga_crc_msi,2026-08-05,machine_parsed_single_source,not_reported,thunder@3d1cc9513fb2cfd8c4afb0d7bb9f5c4f6b69117f:docs/leaderboards.md -> parse_thunder_scores -> scores.csv,parsed_primary_source
kaiko-vit-s-unspecified-patch,KAIKO-S,not_reported,thunder.tcga_tils.linear_probing,90.1,90.1,thunder,f1,https://github.com/MICS-Lab/thunder/blob/3d1cc9513fb2cfd8c4afb0d7bb9f5c4f6b69117f/docs/leaderboards.md,table=perDatasetLinearTable|table_update=2026-04-08|model_row=KAIKO-S|task_column=tcga_tils,2026-08-05,machine_parsed_single_source,not_reported,thunder@3d1cc9513fb2cfd8c4afb0d7bb9f5c4f6b69117f:docs/leaderboards.md -> parse_thunder_scores -> scores.csv,parsed_primary_source
kaiko-vit-s-unspecified-patch,KAIKO-S,not_reported,thunder.tcga_uniform.linear_probing,75.7,75.7,thunder,f1,https://github.com/MICS-Lab/thunder/blob/3d1cc9513fb2cfd8c4afb0d7bb9f5c4f6b69117f/docs/leaderboards.md,table=perDatasetLinearTable|table_update=2026-04-08|model_row=KAIKO-S|task_column=tcga_uniform,2026-08-05,machine_parsed_single_source,not_reported,thunder@3d1cc9513fb2cfd8c4afb0d7bb9f5c4f6b69117f:docs/leaderboards.md -> parse_thunder_scores -> scores.csv,parsed_primary_source
kaiko-vit-s-unspecified-patch,KAIKO-S,not_reported,thunder.wilds.linear_probing,95.9,95.9,thunder,f1,https://github.com/MICS-Lab/thunder/blob/3d1cc9513fb2cfd8c4afb0d7bb9f5c4f6b69117f/docs/leaderboards.md,table=perDatasetLinearTable|table_update=2026-04-08|model_row=KAIKO-S|task_column=wilds,2026-08-05,machine_parsed_single_source,not_reported,thunder@3d1cc9513fb2cfd8c4afb0d7bb9f5c4f6b69117f:docs/leaderboards.md -> parse_thunder_scores -> scores.csv,parsed_primary_source
kaiko-vit-s-unspecified-patch,KAIKO-S,not_reported,thunder.spider_breast.linear_probing,83.1,83.1,thunder,f1,https://github.com/MICS-Lab/thunder/blob/3d1cc9513fb2cfd8c4afb0d7bb9f5c4f6b69117f/docs/leaderboards.md,table=perDatasetLinearTable|table_update=2026-04-08|model_row=KAIKO-S|task_column=spider_breast,2026-08-05,machine_parsed_single_source,not_reported,thunder@3d1cc9513fb2cfd8c4afb0d7bb9f5c4f6b69117f:docs/leaderboards.md -> parse_thunder_scores -> scores.csv,parsed_primary_source
kaiko-vit-s-unspecified-patch,KAIKO-S,not_reported,thunder.spider_colorectal.linear_probing,88.4,88.4,thunder,f1,https://github.com/MICS-Lab/thunder/blob/3d1cc9513fb2cfd8c4afb0d7bb9f5c4f6b69117f/docs/leaderboards.md,table=perDatasetLinearTable|table_update=2026-04-08|model_row=KAIKO-S|task_column=spider_colorectal,2026-08-05,machine_parsed_single_source,not_reported,thunder@3d1cc9513fb2cfd8c4afb0d7bb9f5c4f6b69117f:docs/leaderboards.md -> parse_thunder_scores -> scores.csv,parsed_primary_source
kaiko-vit-s-unspecified-patch,KAIKO-S,not_reported,thunder.spider_skin.linear_probing,88.6,88.6,thunder,f1,https://github.com/MICS-Lab/thunder/blob/3d1cc9513fb2cfd8c4afb0d7bb9f5c4f6b69117f/docs/leaderboards.md,table=perDatasetLinearTable|table_update=2026-04-08|model_row=KAIKO-S|task_column=spider_skin,2026-08-05,machine_parsed_single_source,not_reported,thunder@3d1cc9513fb2cfd8c4afb0d7bb9f5c4f6b69117f:docs/leaderboards.md -> parse_thunder_scores -> scores.csv,parsed_primary_source
kaiko-vit-s-unspecified-patch,KAIKO-S,not_reported,thunder.spider_thorax.linear_probing,93.1,93.1,thunder,f1,https://github.com/MICS-Lab/thunder/blob/3d1cc9513fb2cfd8c4afb0d7bb9f5c4f6b69117f/docs/leaderboards.md,table=perDatasetLinearTable|table_update=2026-04-08|model_row=KAIKO-S|task_column=spider_thorax,2026-08-05,machine_parsed_single_source,not_reported,thunder@3d1cc9513fb2cfd8c4afb0d7bb9f5c4f6b69117f:docs/leaderboards.md -> parse_thunder_scores -> scores.csv,parsed_primary_source
kaiko-vit-b-unspecified-patch,KAIKO-B,not_reported,thunder.bach.linear_probing,69.6,69.6,thunder,f1,https://github.com/MICS-Lab/thunder/blob/3d1cc9513fb2cfd8c4afb0d7bb9f5c4f6b69117f/docs/leaderboards.md,table=perDatasetLinearTable|table_update=2026-04-08|model_row=KAIKO-B|task_column=bach,2026-08-05,machine_parsed_single_source,not_reported,thunder@3d1cc9513fb2cfd8c4afb0d7bb9f5c4f6b69117f:docs/leaderboards.md -> parse_thunder_scores -> scores.csv,parsed_primary_source
kaiko-vit-b-unspecified-patch,KAIKO-B,not_reported,thunder.bracs.linear_probing,59.4,59.4,thunder,f1,https://github.com/MICS-Lab/thunder/blob/3d1cc9513fb2cfd8c4afb0d7bb9f5c4f6b69117f/docs/leaderboards.md,table=perDatasetLinearTable|table_update=2026-04-08|model_row=KAIKO-B|task_column=bracs,2026-08-05,machine_parsed_single_source,not_reported,thunder@3d1cc9513fb2cfd8c4afb0d7bb9f5c4f6b69117f:docs/leaderboards.md -> parse_thunder_scores -> scores.csv,parsed_primary_source
kaiko-vit-b-unspecified-patch,KAIKO-B,not_reported,thunder.break_his.linear_probing,67.2,67.2,thunder,f1,https://github.com/MICS-Lab/thunder/blob/3d1cc9513fb2cfd8c4afb0d7bb9f5c4f6b69117f/docs/leaderboards.md,table=perDatasetLinearTable|table_update=2026-04-08|model_row=KAIKO-B|task_column=break_his,2026-08-05,machine_parsed_single_source,not_reported,thunder@3d1cc9513fb2cfd8c4afb0d7bb9f5c4f6b69117f:docs/leaderboards.md -> parse_thunder_scores -> scores.csv,parsed_primary_source
kaiko-vit-b-unspecified-patch,KAIKO-B,not_reported,thunder.ccrcc.linear_probing,81.7,81.7,thunder,f1,https://github.com/MICS-Lab/thunder/blob/3d1cc9513fb2cfd8c4afb0d7bb9f5c4f6b69117f/docs/leaderboards.md,table=perDatasetLinearTable|table_update=2026-04-08|model_row=KAIKO-B|task_column=ccrcc,2026-08-05,machine_parsed_single_source,not_reported,thunder@3d1cc9513fb2cfd8c4afb0d7bb9f5c4f6b69117f:docs/leaderboards.md -> parse_thunder_scores -> scores.csv,parsed_primary_source
kaiko-vit-b-unspecified-patch,KAIKO-B,not_reported,thunder.crc.linear_probing,94.5,94.5,thunder,f1,https://github.com/MICS-Lab/thunder/blob/3d1cc9513fb2cfd8c4afb0d7bb9f5c4f6b69117f/docs/leaderboards.md,table=perDatasetLinearTable|table_update=2026-04-08|model_row=KAIKO-B|task_column=crc,2026-08-05,machine_parsed_single_source,not_reported,thunder@3d1cc9513fb2cfd8c4afb0d7bb9f5c4f6b69117f:docs/leaderboards.md -> parse_thunder_scores -> scores.csv,parsed_primary_source
kaiko-vit-b-unspecified-patch,KAIKO-B,not_reported,thunder.esca.linear_probing,78.5,78.5,thunder,f1,https://github.com/MICS-Lab/thunder/blob/3d1cc9513fb2cfd8c4afb0d7bb9f5c4f6b69117f/docs/leaderboards.md,table=perDatasetLinearTable|table_update=2026-04-08|model_row=KAIKO-B|task_column=esca,2026-08-05,machine_parsed_single_source,not_reported,thunder@3d1cc9513fb2cfd8c4afb0d7bb9f5c4f6b69117f:docs/leaderboards.md -> parse_thunder_scores -> scores.csv,parsed_primary_source
kaiko-vit-b-unspecified-patch,KAIKO-B,not_reported,thunder.mhist.linear_probing,78.3,78.3,thunder,f1,https://github.com/MICS-Lab/thunder/blob/3d1cc9513fb2cfd8c4afb0d7bb9f5c4f6b69117f/docs/leaderboards.md,table=perDatasetLinearTable|table_update=2026-04-08|model_row=KAIKO-B|task_column=mhist,2026-08-05,machine_parsed_single_source,not_reported,thunder@3d1cc9513fb2cfd8c4afb0d7bb9f5c4f6b69117f:docs/leaderboards.md -> parse_thunder_scores -> scores.csv,parsed_primary_source
kaiko-vit-b-unspecified-patch,KAIKO-B,not_reported,thunder.patch_camelyon.linear_probing,90.4,90.4,thunder,f1,https://github.com/MICS-Lab/thunder/blob/3d1cc9513fb2cfd8c4afb0d7bb9f5c4f6b69117f/docs/leaderboards.md,table=perDatasetLinearTable|table_update=2026-04-08|model_row=KAIKO-B|task_column=patch_camelyon,2026-08-05,machine_parsed_single_source,not_reported,thunder@3d1cc9513fb2cfd8c4afb0d7bb9f5c4f6b69117f:docs/leaderboards.md -> parse_thunder_scores -> scores.csv,parsed_primary_source
kaiko-vit-b-unspecified-patch,KAIKO-B,not_reported,thunder.tcga_crc_msi.linear_probing,67,67,thunder,f1,https://github.com/MICS-Lab/thunder/blob/3d1cc9513fb2cfd8c4afb0d7bb9f5c4f6b69117f/docs/leaderboards.md,table=perDatasetLinearTable|table_update=2026-04-08|model_row=KAIKO-B|task_column=tcga_crc_msi,2026-08-05,machine_parsed_single_source,not_reported,thunder@3d1cc9513fb2cfd8c4afb0d7bb9f5c4f6b69117f:docs/leaderboards.md -> parse_thunder_scores -> scores.csv,parsed_primary_source
kaiko-vit-b-unspecified-patch,KAIKO-B,not_reported,thunder.tcga_tils.linear_probing,90.2,90.2,thunder,f1,https://github.com/MICS-Lab/thunder/blob/3d1cc9513fb2cfd8c4afb0d7bb9f5c4f6b69117f/docs/leaderboards.md,table=perDatasetLinearTable|table_update=2026-04-08|model_row=KAIKO-B|task_column=tcga_tils,2026-08-05,machine_parsed_single_source,not_reported,thunder@3d1cc9513fb2cfd8c4afb0d7bb9f5c4f6b69117f:docs/leaderboards.md -> parse_thunder_scores -> scores.csv,parsed_primary_source
kaiko-vit-b-unspecified-patch,KAIKO-B,not_reported,thunder.tcga_uniform.linear_probing,79.1,79.1,thunder,f1,https://github.com/MICS-Lab/thunder/blob/3d1cc9513fb2cfd8c4afb0d7bb9f5c4f6b69117f/docs/leaderboards.md,table=perDatasetLinearTable|table_update=2026-04-08|model_row=KAIKO-B|task_column=tcga_uniform,2026-08-05,machine_parsed_single_source,not_reported,thunder@3d1cc9513fb2cfd8c4afb0d7bb9f5c4f6b69117f:docs/leaderboards.md -> parse_thunder_scores -> scores.csv,parsed_primary_source
kaiko-vit-b-unspecified-patch,KAIKO-B,not_reported,thunder.wilds.linear_probing,95.6,95.6,thunder,f1,https://github.com/MICS-Lab/thunder/blob/3d1cc9513fb2cfd8c4afb0d7bb9f5c4f6b69117f/docs/leaderboards.md,table=perDatasetLinearTable|table_update=2026-04-08|model_row=KAIKO-B|task_column=wilds,2026-08-05,machine_parsed_single_source,not_reported,thunder@3d1cc9513fb2cfd8c4afb0d7bb9f5c4f6b69117f:docs/leaderboards.md -> parse_thunder_scores -> scores.csv,parsed_primary_source
kaiko-vit-b-unspecified-patch,KAIKO-B,not_reported,thunder.spider_breast.linear_probing,81.9,81.9,thunder,f1,https://github.com/MICS-Lab/thunder/blob/3d1cc9513fb2cfd8c4afb0d7bb9f5c4f6b69117f/docs/leaderboards.md,table=perDatasetLinearTable|table_update=2026-04-08|model_row=KAIKO-B|task_column=spider_breast,2026-08-05,machine_parsed_single_source,not_reported,thunder@3d1cc9513fb2cfd8c4afb0d7bb9f5c4f6b69117f:docs/leaderboards.md -> parse_thunder_scores -> scores.csv,parsed_primary_source
kaiko-vit-b-unspecified-patch,KAIKO-B,not_reported,thunder.spider_colorectal.linear_probing,88.5,88.5,thunder,f1,https://github.com/MICS-Lab/thunder/blob/3d1cc9513fb2cfd8c4afb0d7bb9f5c4f6b69117f/docs/leaderboards.md,table=perDatasetLinearTable|table_update=2026-04-08|model_row=KAIKO-B|task_column=spider_colorectal,2026-08-05,machine_parsed_single_source,not_reported,thunder@3d1cc9513fb2cfd8c4afb0d7bb9f5c4f6b69117f:docs/leaderboards.md -> parse_thunder_scores -> scores.csv,parsed_primary_source
kaiko-vit-b-unspecified-patch,KAIKO-B,not_reported,thunder.spider_skin.linear_probing,87.4,87.4,thunder,f1,https://github.com/MICS-Lab/thunder/blob/3d1cc9513fb2cfd8c4afb0d7bb9f5c4f6b69117f/docs/leaderboards.md,table=perDatasetLinearTable|table_update=2026-04-08|model_row=KAIKO-B|task_column=spider_skin,2026-08-05,machine_parsed_single_source,not_reported,thunder@3d1cc9513fb2cfd8c4afb0d7bb9f5c4f6b69117f:docs/leaderboards.md -> parse_thunder_scores -> scores.csv,parsed_primary_source
kaiko-vit-b-unspecified-patch,KAIKO-B,not_reported,thunder.spider_thorax.linear_probing,93.3,93.3,thunder,f1,https://github.com/MICS-Lab/thunder/blob/3d1cc9513fb2cfd8c4afb0d7bb9f5c4f6b69117f/docs/leaderboards.md,table=perDatasetLinearTable|table_update=2026-04-08|model_row=KAIKO-B|task_column=spider_thorax,2026-08-05,machine_parsed_single_source,not_reported,thunder@3d1cc9513fb2cfd8c4afb0d7bb9f5c4f6b69117f:docs/leaderboards.md -> parse_thunder_scores -> scores.csv,parsed_primary_source
midnight,MIDNIGHT,not_reported,thunder.bach.linear_probing,87.9,87.9,thunder,f1,https://github.com/MICS-Lab/thunder/blob/3d1cc9513fb2cfd8c4afb0d7bb9f5c4f6b69117f/docs/leaderboards.md,table=perDatasetLinearTable|table_update=2026-04-08|model_row=MIDNIGHT|task_column=bach,2026-08-05,machine_parsed_single_source,not_reported,thunder@3d1cc9513fb2cfd8c4afb0d7bb9f5c4f6b69117f:docs/leaderboards.md -> parse_thunder_scores -> scores.csv,parsed_primary_source
midnight,MIDNIGHT,not_reported,thunder.bracs.linear_probing,63.8,63.8,thunder,f1,https://github.com/MICS-Lab/thunder/blob/3d1cc9513fb2cfd8c4afb0d7bb9f5c4f6b69117f/docs/leaderboards.md,table=perDatasetLinearTable|table_update=2026-04-08|model_row=MIDNIGHT|task_column=bracs,2026-08-05,machine_parsed_single_source,not_reported,thunder@3d1cc9513fb2cfd8c4afb0d7bb9f5c4f6b69117f:docs/leaderboards.md -> parse_thunder_scores -> scores.csv,parsed_primary_source
midnight,MIDNIGHT,not_reported,thunder.break_his.linear_probing,56.7,56.7,thunder,f1,https://github.com/MICS-Lab/thunder/blob/3d1cc9513fb2cfd8c4afb0d7bb9f5c4f6b69117f/docs/leaderboards.md,table=perDatasetLinearTable|table_update=2026-04-08|model_row=MIDNIGHT|task_column=break_his,2026-08-05,machine_parsed_single_source,not_reported,thunder@3d1cc9513fb2cfd8c4afb0d7bb9f5c4f6b69117f:docs/leaderboards.md -> parse_thunder_scores -> scores.csv,parsed_primary_source
midnight,MIDNIGHT,not_reported,thunder.ccrcc.linear_probing,90.8,90.8,thunder,f1,https://github.com/MICS-Lab/thunder/blob/3d1cc9513fb2cfd8c4afb0d7bb9f5c4f6b69117f/docs/leaderboards.md,table=perDatasetLinearTable|table_update=2026-04-08|model_row=MIDNIGHT|task_column=ccrcc,2026-08-05,machine_parsed_single_source,not_reported,thunder@3d1cc9513fb2cfd8c4afb0d7bb9f5c4f6b69117f:docs/leaderboards.md -> parse_thunder_scores -> scores.csv,parsed_primary_source
midnight,MIDNIGHT,not_reported,thunder.crc.linear_probing,95.6,95.6,thunder,f1,https://github.com/MICS-Lab/thunder/blob/3d1cc9513fb2cfd8c4afb0d7bb9f5c4f6b69117f/docs/leaderboards.md,table=perDatasetLinearTable|table_update=2026-04-08|model_row=MIDNIGHT|task_column=crc,2026-08-05,machine_parsed_single_source,not_reported,thunder@3d1cc9513fb2cfd8c4afb0d7bb9f5c4f6b69117f:docs/leaderboards.md -> parse_thunder_scores -> scores.csv,parsed_primary_source
midnight,MIDNIGHT,not_reported,thunder.esca.linear_probing,86.2,86.2,thunder,f1,https://github.com/MICS-Lab/thunder/blob/3d1cc9513fb2cfd8c4afb0d7bb9f5c4f6b69117f/docs/leaderboards.md,table=perDatasetLinearTable|table_update=2026-04-08|model_row=MIDNIGHT|task_column=esca,2026-08-05,machine_parsed_single_source,not_reported,thunder@3d1cc9513fb2cfd8c4afb0d7bb9f5c4f6b69117f:docs/leaderboards.md -> parse_thunder_scores -> scores.csv,parsed_primary_source
midnight,MIDNIGHT,not_reported,thunder.mhist.linear_probing,80.2,80.2,thunder,f1,https://github.com/MICS-Lab/thunder/blob/3d1cc9513fb2cfd8c4afb0d7bb9f5c4f6b69117f/docs/leaderboards.md,table=perDatasetLinearTable|table_update=2026-04-08|model_row=MIDNIGHT|task_column=mhist,2026-08-05,machine_parsed_single_source,not_reported,thunder@3d1cc9513fb2cfd8c4afb0d7bb9f5c4f6b69117f:docs/leaderboards.md -> parse_thunder_scores -> scores.csv,parsed_primary_source
midnight,MIDNIGHT,not_reported,thunder.patch_camelyon.linear_probing,93.5,93.5,thunder,f1,https://github.com/MICS-Lab/thunder/blob/3d1cc9513fb2cfd8c4afb0d7bb9f5c4f6b69117f/docs/leaderboards.md,table=perDatasetLinearTable|table_update=2026-04-08|model_row=MIDNIGHT|task_column=patch_camelyon,2026-08-05,machine_parsed_single_source,not_reported,thunder@3d1cc9513fb2cfd8c4afb0d7bb9f5c4f6b69117f:docs/leaderboards.md -> parse_thunder_scores -> scores.csv,parsed_primary_source
midnight,MIDNIGHT,not_reported,thunder.tcga_crc_msi.linear_probing,65.6,65.6,thunder,f1,https://github.com/MICS-Lab/thunder/blob/3d1cc9513fb2cfd8c4afb0d7bb9f5c4f6b69117f/docs/leaderboards.md,table=perDatasetLinearTable|table_update=2026-04-08|model_row=MIDNIGHT|task_column=tcga_crc_msi,2026-08-05,machine_parsed_single_source,not_reported,thunder@3d1cc9513fb2cfd8c4afb0d7bb9f5c4f6b69117f:docs/leaderboards.md -> parse_thunder_scores -> scores.csv,parsed_primary_source
midnight,MIDNIGHT,not_reported,thunder.tcga_tils.linear_probing,91,91,thunder,f1,https://github.com/MICS-Lab/thunder/blob/3d1cc9513fb2cfd8c4afb0d7bb9f5c4f6b69117f/docs/leaderboards.md,table=perDatasetLinearTable|table_update=2026-04-08|model_row=MIDNIGHT|task_column=tcga_tils,2026-08-05,machine_parsed_single_source,not_reported,thunder@3d1cc9513fb2cfd8c4afb0d7bb9f5c4f6b69117f:docs/leaderboards.md -> parse_thunder_scores -> scores.csv,parsed_primary_source
midnight,MIDNIGHT,not_reported,thunder.tcga_uniform.linear_probing,85.2,85.2,thunder,f1,https://github.com/MICS-Lab/thunder/blob/3d1cc9513fb2cfd8c4afb0d7bb9f5c4f6b69117f/docs/leaderboards.md,table=perDatasetLinearTable|table_update=2026-04-08|model_row=MIDNIGHT|task_column=tcga_uniform,2026-08-05,machine_parsed_single_source,not_reported,thunder@3d1cc9513fb2cfd8c4afb0d7bb9f5c4f6b69117f:docs/leaderboards.md -> parse_thunder_scores -> scores.csv,parsed_primary_source
midnight,MIDNIGHT,not_reported,thunder.wilds.linear_probing,98.3,98.3,thunder,f1,https://github.com/MICS-Lab/thunder/blob/3d1cc9513fb2cfd8c4afb0d7bb9f5c4f6b69117f/docs/leaderboards.md,table=perDatasetLinearTable|table_update=2026-04-08|model_row=MIDNIGHT|task_column=wilds,2026-08-05,machine_parsed_single_source,not_reported,thunder@3d1cc9513fb2cfd8c4afb0d7bb9f5c4f6b69117f:docs/leaderboards.md -> parse_thunder_scores -> scores.csv,parsed_primary_source
midnight,MIDNIGHT,not_reported,thunder.spider_breast.linear_probing,86.1,86.1,thunder,f1,https://github.com/MICS-Lab/thunder/blob/3d1cc9513fb2cfd8c4afb0d7bb9f5c4f6b69117f/docs/leaderboards.md,table=perDatasetLinearTable|table_update=2026-04-08|model_row=MIDNIGHT|task_column=spider_breast,2026-08-05,machine_parsed_single_source,not_reported,thunder@3d1cc9513fb2cfd8c4afb0d7bb9f5c4f6b69117f:docs/leaderboards.md -> parse_thunder_scores -> scores.csv,parsed_primary_source
midnight,MIDNIGHT,not_reported,thunder.spider_colorectal.linear_probing,89.6,89.6,thunder,f1,https://github.com/MICS-Lab/thunder/blob/3d1cc9513fb2cfd8c4afb0d7bb9f5c4f6b69117f/docs/leaderboards.md,table=perDatasetLinearTable|table_update=2026-04-08|model_row=MIDNIGHT|task_column=spider_colorectal,2026-08-05,machine_parsed_single_source,not_reported,thunder@3d1cc9513fb2cfd8c4afb0d7bb9f5c4f6b69117f:docs/leaderboards.md -> parse_thunder_scores -> scores.csv,parsed_primary_source
midnight,MIDNIGHT,not_reported,thunder.spider_skin.linear_probing,91,91,thunder,f1,https://github.com/MICS-Lab/thunder/blob/3d1cc9513fb2cfd8c4afb0d7bb9f5c4f6b69117f/docs/leaderboards.md,table=perDatasetLinearTable|table_update=2026-04-08|model_row=MIDNIGHT|task_column=spider_skin,2026-08-05,machine_parsed_single_source,not_reported,thunder@3d1cc9513fb2cfd8c4afb0d7bb9f5c4f6b69117f:docs/leaderboards.md -> parse_thunder_scores -> scores.csv,parsed_primary_source
midnight,MIDNIGHT,not_reported,thunder.spider_thorax.linear_probing,94.4,94.4,thunder,f1,https://github.com/MICS-Lab/thunder/blob/3d1cc9513fb2cfd8c4afb0d7bb9f5c4f6b69117f/docs/leaderboards.md,table=perDatasetLinearTable|table_update=2026-04-08|model_row=MIDNIGHT|task_column=spider_thorax,2026-08-05,machine_parsed_single_source,not_reported,thunder@3d1cc9513fb2cfd8c4afb0d7bb9f5c4f6b69117f:docs/leaderboards.md -> parse_thunder_scores -> scores.csv,parsed_primary_source
openmidnight,O-Midnight,not_reported,thunder.bach.linear_probing,84.6,84.6,thunder,f1,https://github.com/MICS-Lab/thunder/blob/3d1cc9513fb2cfd8c4afb0d7bb9f5c4f6b69117f/docs/leaderboards.md,table=perDatasetLinearTable|table_update=2026-04-08|model_row=O-Midnight|task_column=bach,2026-08-05,machine_parsed_single_source,not_reported,thunder@3d1cc9513fb2cfd8c4afb0d7bb9f5c4f6b69117f:docs/leaderboards.md -> parse_thunder_scores -> scores.csv,parsed_primary_source
openmidnight,O-Midnight,not_reported,thunder.bracs.linear_probing,59.4,59.4,thunder,f1,https://github.com/MICS-Lab/thunder/blob/3d1cc9513fb2cfd8c4afb0d7bb9f5c4f6b69117f/docs/leaderboards.md,table=perDatasetLinearTable|table_update=2026-04-08|model_row=O-Midnight|task_column=bracs,2026-08-05,machine_parsed_single_source,not_reported,thunder@3d1cc9513fb2cfd8c4afb0d7bb9f5c4f6b69117f:docs/leaderboards.md -> parse_thunder_scores -> scores.csv,parsed_primary_source
openmidnight,O-Midnight,not_reported,thunder.break_his.linear_probing,77.3,77.3,thunder,f1,https://github.com/MICS-Lab/thunder/blob/3d1cc9513fb2cfd8c4afb0d7bb9f5c4f6b69117f/docs/leaderboards.md,table=perDatasetLinearTable|table_update=2026-04-08|model_row=O-Midnight|task_column=break_his,2026-08-05,machine_parsed_single_source,not_reported,thunder@3d1cc9513fb2cfd8c4afb0d7bb9f5c4f6b69117f:docs/leaderboards.md -> parse_thunder_scores -> scores.csv,parsed_primary_source
openmidnight,O-Midnight,not_reported,thunder.ccrcc.linear_probing,92,92,thunder,f1,https://github.com/MICS-Lab/thunder/blob/3d1cc9513fb2cfd8c4afb0d7bb9f5c4f6b69117f/docs/leaderboards.md,table=perDatasetLinearTable|table_update=2026-04-08|model_row=O-Midnight|task_column=ccrcc,2026-08-05,machine_parsed_single_source,not_reported,thunder@3d1cc9513fb2cfd8c4afb0d7bb9f5c4f6b69117f:docs/leaderboards.md -> parse_thunder_scores -> scores.csv,parsed_primary_source
openmidnight,O-Midnight,not_reported,thunder.crc.linear_probing,94.2,94.2,thunder,f1,https://github.com/MICS-Lab/thunder/blob/3d1cc9513fb2cfd8c4afb0d7bb9f5c4f6b69117f/docs/leaderboards.md,table=perDatasetLinearTable|table_update=2026-04-08|model_row=O-Midnight|task_column=crc,2026-08-05,machine_parsed_single_source,not_reported,thunder@3d1cc9513fb2cfd8c4afb0d7bb9f5c4f6b69117f:docs/leaderboards.md -> parse_thunder_scores -> scores.csv,parsed_primary_source
openmidnight,O-Midnight,not_reported,thunder.esca.linear_probing,79.8,79.8,thunder,f1,https://github.com/MICS-Lab/thunder/blob/3d1cc9513fb2cfd8c4afb0d7bb9f5c4f6b69117f/docs/leaderboards.md,table=perDatasetLinearTable|table_update=2026-04-08|model_row=O-Midnight|task_column=esca,2026-08-05,machine_parsed_single_source,not_reported,thunder@3d1cc9513fb2cfd8c4afb0d7bb9f5c4f6b69117f:docs/leaderboards.md -> parse_thunder_scores -> scores.csv,parsed_primary_source
openmidnight,O-Midnight,not_reported,thunder.mhist.linear_probing,81.8,81.8,thunder,f1,https://github.com/MICS-Lab/thunder/blob/3d1cc9513fb2cfd8c4afb0d7bb9f5c4f6b69117f/docs/leaderboards.md,table=perDatasetLinearTable|table_update=2026-04-08|model_row=O-Midnight|task_column=mhist,2026-08-05,machine_parsed_single_source,not_reported,thunder@3d1cc9513fb2cfd8c4afb0d7bb9f5c4f6b69117f:docs/leaderboards.md -> parse_thunder_scores -> scores.csv,parsed_primary_source
openmidnight,O-Midnight,not_reported,thunder.patch_camelyon.linear_probing,93.2,93.2,thunder,f1,https://github.com/MICS-Lab/thunder/blob/3d1cc9513fb2cfd8c4afb0d7bb9f5c4f6b69117f/docs/leaderboards.md,table=perDatasetLinearTable|table_update=2026-04-08|model_row=O-Midnight|task_column=patch_camelyon,2026-08-05,machine_parsed_single_source,not_reported,thunder@3d1cc9513fb2cfd8c4afb0d7bb9f5c4f6b69117f:docs/leaderboards.md -> parse_thunder_scores -> scores.csv,parsed_primary_source
openmidnight,O-Midnight,not_reported,thunder.tcga_crc_msi.linear_probing,66.3,66.3,thunder,f1,https://github.com/MICS-Lab/thunder/blob/3d1cc9513fb2cfd8c4afb0d7bb9f5c4f6b69117f/docs/leaderboards.md,table=perDatasetLinearTable|table_update=2026-04-08|model_row=O-Midnight|task_column=tcga_crc_msi,2026-08-05,machine_parsed_single_source,not_reported,thunder@3d1cc9513fb2cfd8c4afb0d7bb9f5c4f6b69117f:docs/leaderboards.md -> parse_thunder_scores -> scores.csv,parsed_primary_source
openmidnight,O-Midnight,not_reported,thunder.tcga_tils.linear_probing,91,91,thunder,f1,https://github.com/MICS-Lab/thunder/blob/3d1cc9513fb2cfd8c4afb0d7bb9f5c4f6b69117f/docs/leaderboards.md,table=perDatasetLinearTable|table_update=2026-04-08|model_row=O-Midnight|task_column=tcga_tils,2026-08-05,machine_parsed_single_source,not_reported,thunder@3d1cc9513fb2cfd8c4afb0d7bb9f5c4f6b69117f:docs/leaderboards.md -> parse_thunder_scores -> scores.csv,parsed_primary_source
openmidnight,O-Midnight,not_reported,thunder.tcga_uniform.linear_probing,82.8,82.8,thunder,f1,https://github.com/MICS-Lab/thunder/blob/3d1cc9513fb2cfd8c4afb0d7bb9f5c4f6b69117f/docs/leaderboards.md,table=perDatasetLinearTable|table_update=2026-04-08|model_row=O-Midnight|task_column=tcga_uniform,2026-08-05,machine_parsed_single_source,not_reported,thunder@3d1cc9513fb2cfd8c4afb0d7bb9f5c4f6b69117f:docs/leaderboards.md -> parse_thunder_scores -> scores.csv,parsed_primary_source
openmidnight,O-Midnight,not_reported,thunder.wilds.linear_probing,96.5,96.5,thunder,f1,https://github.com/MICS-Lab/thunder/blob/3d1cc9513fb2cfd8c4afb0d7bb9f5c4f6b69117f/docs/leaderboards.md,table=perDatasetLinearTable|table_update=2026-04-08|model_row=O-Midnight|task_column=wilds,2026-08-05,machine_parsed_single_source,not_reported,thunder@3d1cc9513fb2cfd8c4afb0d7bb9f5c4f6b69117f:docs/leaderboards.md -> parse_thunder_scores -> scores.csv,parsed_primary_source
openmidnight,O-Midnight,not_reported,thunder.spider_breast.linear_probing,84.5,84.5,thunder,f1,https://github.com/MICS-Lab/thunder/blob/3d1cc9513fb2cfd8c4afb0d7bb9f5c4f6b69117f/docs/leaderboards.md,table=perDatasetLinearTable|table_update=2026-04-08|model_row=O-Midnight|task_column=spider_breast,2026-08-05,machine_parsed_single_source,not_reported,thunder@3d1cc9513fb2cfd8c4afb0d7bb9f5c4f6b69117f:docs/leaderboards.md -> parse_thunder_scores -> scores.csv,parsed_primary_source
openmidnight,O-Midnight,not_reported,thunder.spider_colorectal.linear_probing,88.3,88.3,thunder,f1,https://github.com/MICS-Lab/thunder/blob/3d1cc9513fb2cfd8c4afb0d7bb9f5c4f6b69117f/docs/leaderboards.md,table=perDatasetLinearTable|table_update=2026-04-08|model_row=O-Midnight|task_column=spider_colorectal,2026-08-05,machine_parsed_single_source,not_reported,thunder@3d1cc9513fb2cfd8c4afb0d7bb9f5c4f6b69117f:docs/leaderboards.md -> parse_thunder_scores -> scores.csv,parsed_primary_source
openmidnight,O-Midnight,not_reported,thunder.spider_skin.linear_probing,90.5,90.5,thunder,f1,https://github.com/MICS-Lab/thunder/blob/3d1cc9513fb2cfd8c4afb0d7bb9f5c4f6b69117f/docs/leaderboards.md,table=perDatasetLinearTable|table_update=2026-04-08|model_row=O-Midnight|task_column=spider_skin,2026-08-05,machine_parsed_single_source,not_reported,thunder@3d1cc9513fb2cfd8c4afb0d7bb9f5c4f6b69117f:docs/leaderboards.md -> parse_thunder_scores -> scores.csv,parsed_primary_source
openmidnight,O-Midnight,not_reported,thunder.spider_thorax.linear_probing,93.7,93.7,thunder,f1,https://github.com/MICS-Lab/thunder/blob/3d1cc9513fb2cfd8c4afb0d7bb9f5c4f6b69117f/docs/leaderboards.md,table=perDatasetLinearTable|table_update=2026-04-08|model_row=O-Midnight|task_column=spider_thorax,2026-08-05,machine_parsed_single_source,not_reported,thunder@3d1cc9513fb2cfd8c4afb0d7bb9f5c4f6b69117f:docs/leaderboards.md -> parse_thunder_scores -> scores.csv,parsed_primary_source
genbio-pathfm,GenBio-PFM,not_reported,thunder.bach.linear_probing,78.1,78.1,thunder,f1,https://github.com/MICS-Lab/thunder/blob/3d1cc9513fb2cfd8c4afb0d7bb9f5c4f6b69117f/docs/leaderboards.md,table=perDatasetLinearTable|table_update=2026-04-08|model_row=GenBio-PFM|task_column=bach,2026-08-05,machine_parsed_single_source,not_reported,thunder@3d1cc9513fb2cfd8c4afb0d7bb9f5c4f6b69117f:docs/leaderboards.md -> parse_thunder_scores -> scores.csv,parsed_primary_source
genbio-pathfm,GenBio-PFM,not_reported,thunder.bracs.linear_probing,60.1,60.1,thunder,f1,https://github.com/MICS-Lab/thunder/blob/3d1cc9513fb2cfd8c4afb0d7bb9f5c4f6b69117f/docs/leaderboards.md,table=perDatasetLinearTable|table_update=2026-04-08|model_row=GenBio-PFM|task_column=bracs,2026-08-05,machine_parsed_single_source,not_reported,thunder@3d1cc9513fb2cfd8c4afb0d7bb9f5c4f6b69117f:docs/leaderboards.md -> parse_thunder_scores -> scores.csv,parsed_primary_source
genbio-pathfm,GenBio-PFM,not_reported,thunder.break_his.linear_probing,76.6,76.6,thunder,f1,https://github.com/MICS-Lab/thunder/blob/3d1cc9513fb2cfd8c4afb0d7bb9f5c4f6b69117f/docs/leaderboards.md,table=perDatasetLinearTable|table_update=2026-04-08|model_row=GenBio-PFM|task_column=break_his,2026-08-05,machine_parsed_single_source,not_reported,thunder@3d1cc9513fb2cfd8c4afb0d7bb9f5c4f6b69117f:docs/leaderboards.md -> parse_thunder_scores -> scores.csv,parsed_primary_source
genbio-pathfm,GenBio-PFM,not_reported,thunder.ccrcc.linear_probing,91.6,91.6,thunder,f1,https://github.com/MICS-Lab/thunder/blob/3d1cc9513fb2cfd8c4afb0d7bb9f5c4f6b69117f/docs/leaderboards.md,table=perDatasetLinearTable|table_update=2026-04-08|model_row=GenBio-PFM|task_column=ccrcc,2026-08-05,machine_parsed_single_source,not_reported,thunder@3d1cc9513fb2cfd8c4afb0d7bb9f5c4f6b69117f:docs/leaderboards.md -> parse_thunder_scores -> scores.csv,parsed_primary_source
genbio-pathfm,GenBio-PFM,not_reported,thunder.crc.linear_probing,95.6,95.6,thunder,f1,https://github.com/MICS-Lab/thunder/blob/3d1cc9513fb2cfd8c4afb0d7bb9f5c4f6b69117f/docs/leaderboards.md,table=perDatasetLinearTable|table_update=2026-04-08|model_row=GenBio-PFM|task_column=crc,2026-08-05,machine_parsed_single_source,not_reported,thunder@3d1cc9513fb2cfd8c4afb0d7bb9f5c4f6b69117f:docs/leaderboards.md -> parse_thunder_scores -> scores.csv,parsed_primary_source
genbio-pathfm,GenBio-PFM,not_reported,thunder.esca.linear_probing,84.7,84.7,thunder,f1,https://github.com/MICS-Lab/thunder/blob/3d1cc9513fb2cfd8c4afb0d7bb9f5c4f6b69117f/docs/leaderboards.md,table=perDatasetLinearTable|table_update=2026-04-08|model_row=GenBio-PFM|task_column=esca,2026-08-05,machine_parsed_single_source,not_reported,thunder@3d1cc9513fb2cfd8c4afb0d7bb9f5c4f6b69117f:docs/leaderboards.md -> parse_thunder_scores -> scores.csv,parsed_primary_source
genbio-pathfm,GenBio-PFM,not_reported,thunder.mhist.linear_probing,83.2,83.2,thunder,f1,https://github.com/MICS-Lab/thunder/blob/3d1cc9513fb2cfd8c4afb0d7bb9f5c4f6b69117f/docs/leaderboards.md,table=perDatasetLinearTable|table_update=2026-04-08|model_row=GenBio-PFM|task_column=mhist,2026-08-05,machine_parsed_single_source,not_reported,thunder@3d1cc9513fb2cfd8c4afb0d7bb9f5c4f6b69117f:docs/leaderboards.md -> parse_thunder_scores -> scores.csv,parsed_primary_source
genbio-pathfm,GenBio-PFM,not_reported,thunder.patch_camelyon.linear_probing,93.8,93.8,thunder,f1,https://github.com/MICS-Lab/thunder/blob/3d1cc9513fb2cfd8c4afb0d7bb9f5c4f6b69117f/docs/leaderboards.md,table=perDatasetLinearTable|table_update=2026-04-08|model_row=GenBio-PFM|task_column=patch_camelyon,2026-08-05,machine_parsed_single_source,not_reported,thunder@3d1cc9513fb2cfd8c4afb0d7bb9f5c4f6b69117f:docs/leaderboards.md -> parse_thunder_scores -> scores.csv,parsed_primary_source
genbio-pathfm,GenBio-PFM,not_reported,thunder.tcga_crc_msi.linear_probing,68,68,thunder,f1,https://github.com/MICS-Lab/thunder/blob/3d1cc9513fb2cfd8c4afb0d7bb9f5c4f6b69117f/docs/leaderboards.md,table=perDatasetLinearTable|table_update=2026-04-08|model_row=GenBio-PFM|task_column=tcga_crc_msi,2026-08-05,machine_parsed_single_source,not_reported,thunder@3d1cc9513fb2cfd8c4afb0d7bb9f5c4f6b69117f:docs/leaderboards.md -> parse_thunder_scores -> scores.csv,parsed_primary_source
genbio-pathfm,GenBio-PFM,not_reported,thunder.tcga_tils.linear_probing,90.6,90.6,thunder,f1,https://github.com/MICS-Lab/thunder/blob/3d1cc9513fb2cfd8c4afb0d7bb9f5c4f6b69117f/docs/leaderboards.md,table=perDatasetLinearTable|table_update=2026-04-08|model_row=GenBio-PFM|task_column=tcga_tils,2026-08-05,machine_parsed_single_source,not_reported,thunder@3d1cc9513fb2cfd8c4afb0d7bb9f5c4f6b69117f:docs/leaderboards.md -> parse_thunder_scores -> scores.csv,parsed_primary_source
genbio-pathfm,GenBio-PFM,not_reported,thunder.tcga_uniform.linear_probing,79.9,79.9,thunder,f1,https://github.com/MICS-Lab/thunder/blob/3d1cc9513fb2cfd8c4afb0d7bb9f5c4f6b69117f/docs/leaderboards.md,table=perDatasetLinearTable|table_update=2026-04-08|model_row=GenBio-PFM|task_column=tcga_uniform,2026-08-05,machine_parsed_single_source,not_reported,thunder@3d1cc9513fb2cfd8c4afb0d7bb9f5c4f6b69117f:docs/leaderboards.md -> parse_thunder_scores -> scores.csv,parsed_primary_source
genbio-pathfm,GenBio-PFM,not_reported,thunder.wilds.linear_probing,98.2,98.2,thunder,f1,https://github.com/MICS-Lab/thunder/blob/3d1cc9513fb2cfd8c4afb0d7bb9f5c4f6b69117f/docs/leaderboards.md,table=perDatasetLinearTable|table_update=2026-04-08|model_row=GenBio-PFM|task_column=wilds,2026-08-05,machine_parsed_single_source,not_reported,thunder@3d1cc9513fb2cfd8c4afb0d7bb9f5c4f6b69117f:docs/leaderboards.md -> parse_thunder_scores -> scores.csv,parsed_primary_source
genbio-pathfm,GenBio-PFM,not_reported,thunder.spider_breast.linear_probing,86.2,86.2,thunder,f1,https://github.com/MICS-Lab/thunder/blob/3d1cc9513fb2cfd8c4afb0d7bb9f5c4f6b69117f/docs/leaderboards.md,table=perDatasetLinearTable|table_update=2026-04-08|model_row=GenBio-PFM|task_column=spider_breast,2026-08-05,machine_parsed_single_source,not_reported,thunder@3d1cc9513fb2cfd8c4afb0d7bb9f5c4f6b69117f:docs/leaderboards.md -> parse_thunder_scores -> scores.csv,parsed_primary_source
genbio-pathfm,GenBio-PFM,not_reported,thunder.spider_colorectal.linear_probing,90.5,90.5,thunder,f1,https://github.com/MICS-Lab/thunder/blob/3d1cc9513fb2cfd8c4afb0d7bb9f5c4f6b69117f/docs/leaderboards.md,table=perDatasetLinearTable|table_update=2026-04-08|model_row=GenBio-PFM|task_column=spider_colorectal,2026-08-05,machine_parsed_single_source,not_reported,thunder@3d1cc9513fb2cfd8c4afb0d7bb9f5c4f6b69117f:docs/leaderboards.md -> parse_thunder_scores -> scores.csv,parsed_primary_source
genbio-pathfm,GenBio-PFM,not_reported,thunder.spider_skin.linear_probing,93.5,93.5,thunder,f1,https://github.com/MICS-Lab/thunder/blob/3d1cc9513fb2cfd8c4afb0d7bb9f5c4f6b69117f/docs/leaderboards.md,table=perDatasetLinearTable|table_update=2026-04-08|model_row=GenBio-PFM|task_column=spider_skin,2026-08-05,machine_parsed_single_source,not_reported,thunder@3d1cc9513fb2cfd8c4afb0d7bb9f5c4f6b69117f:docs/leaderboards.md -> parse_thunder_scores -> scores.csv,parsed_primary_source
genbio-pathfm,GenBio-PFM,not_reported,thunder.spider_thorax.linear_probing,94.6,94.6,thunder,f1,https://github.com/MICS-Lab/thunder/blob/3d1cc9513fb2cfd8c4afb0d7bb9f5c4f6b69117f/docs/leaderboards.md,table=perDatasetLinearTable|table_update=2026-04-08|model_row=GenBio-PFM|task_column=spider_thorax,2026-08-05,machine_parsed_single_source,not_reported,thunder@3d1cc9513fb2cfd8c4afb0d7bb9f5c4f6b69117f:docs/leaderboards.md -> parse_thunder_scores -> scores.csv,parsed_primary_source
phikon,PHIKON,not_reported,thunder.bach.linear_probing,69.3,69.3,thunder,f1,https://github.com/MICS-Lab/thunder/blob/3d1cc9513fb2cfd8c4afb0d7bb9f5c4f6b69117f/docs/leaderboards.md,table=perDatasetLinearTable|table_update=2026-04-08|model_row=PHIKON|task_column=bach,2026-08-05,machine_parsed_single_source,not_reported,thunder@3d1cc9513fb2cfd8c4afb0d7bb9f5c4f6b69117f:docs/leaderboards.md -> parse_thunder_scores -> scores.csv,parsed_primary_source
phikon,PHIKON,not_reported,thunder.bracs.linear_probing,56.9,56.9,thunder,f1,https://github.com/MICS-Lab/thunder/blob/3d1cc9513fb2cfd8c4afb0d7bb9f5c4f6b69117f/docs/leaderboards.md,table=perDatasetLinearTable|table_update=2026-04-08|model_row=PHIKON|task_column=bracs,2026-08-05,machine_parsed_single_source,not_reported,thunder@3d1cc9513fb2cfd8c4afb0d7bb9f5c4f6b69117f:docs/leaderboards.md -> parse_thunder_scores -> scores.csv,parsed_primary_source
phikon,PHIKON,not_reported,thunder.break_his.linear_probing,60,60,thunder,f1,https://github.com/MICS-Lab/thunder/blob/3d1cc9513fb2cfd8c4afb0d7bb9f5c4f6b69117f/docs/leaderboards.md,table=perDatasetLinearTable|table_update=2026-04-08|model_row=PHIKON|task_column=break_his,2026-08-05,machine_parsed_single_source,not_reported,thunder@3d1cc9513fb2cfd8c4afb0d7bb9f5c4f6b69117f:docs/leaderboards.md -> parse_thunder_scores -> scores.csv,parsed_primary_source
phikon,PHIKON,not_reported,thunder.ccrcc.linear_probing,89.8,89.8,thunder,f1,https://github.com/MICS-Lab/thunder/blob/3d1cc9513fb2cfd8c4afb0d7bb9f5c4f6b69117f/docs/leaderboards.md,table=perDatasetLinearTable|table_update=2026-04-08|model_row=PHIKON|task_column=ccrcc,2026-08-05,machine_parsed_single_source,not_reported,thunder@3d1cc9513fb2cfd8c4afb0d7bb9f5c4f6b69117f:docs/leaderboards.md -> parse_thunder_scores -> scores.csv,parsed_primary_source
phikon,PHIKON,not_reported,thunder.crc.linear_probing,92.1,92.1,thunder,f1,https://github.com/MICS-Lab/thunder/blob/3d1cc9513fb2cfd8c4afb0d7bb9f5c4f6b69117f/docs/leaderboards.md,table=perDatasetLinearTable|table_update=2026-04-08|model_row=PHIKON|task_column=crc,2026-08-05,machine_parsed_single_source,not_reported,thunder@3d1cc9513fb2cfd8c4afb0d7bb9f5c4f6b69117f:docs/leaderboards.md -> parse_thunder_scores -> scores.csv,parsed_primary_source
phikon,PHIKON,not_reported,thunder.esca.linear_probing,76.7,76.7,thunder,f1,https://github.com/MICS-Lab/thunder/blob/3d1cc9513fb2cfd8c4afb0d7bb9f5c4f6b69117f/docs/leaderboards.md,table=perDatasetLinearTable|table_update=2026-04-08|model_row=PHIKON|task_column=esca,2026-08-05,machine_parsed_single_source,not_reported,thunder@3d1cc9513fb2cfd8c4afb0d7bb9f5c4f6b69117f:docs/leaderboards.md -> parse_thunder_scores -> scores.csv,parsed_primary_source
phikon,PHIKON,not_reported,thunder.mhist.linear_probing,78.1,78.1,thunder,f1,https://github.com/MICS-Lab/thunder/blob/3d1cc9513fb2cfd8c4afb0d7bb9f5c4f6b69117f/docs/leaderboards.md,table=perDatasetLinearTable|table_update=2026-04-08|model_row=PHIKON|task_column=mhist,2026-08-05,machine_parsed_single_source,not_reported,thunder@3d1cc9513fb2cfd8c4afb0d7bb9f5c4f6b69117f:docs/leaderboards.md -> parse_thunder_scores -> scores.csv,parsed_primary_source
phikon,PHIKON,not_reported,thunder.patch_camelyon.linear_probing,90.9,90.9,thunder,f1,https://github.com/MICS-Lab/thunder/blob/3d1cc9513fb2cfd8c4afb0d7bb9f5c4f6b69117f/docs/leaderboards.md,table=perDatasetLinearTable|table_update=2026-04-08|model_row=PHIKON|task_column=patch_camelyon,2026-08-05,machine_parsed_single_source,not_reported,thunder@3d1cc9513fb2cfd8c4afb0d7bb9f5c4f6b69117f:docs/leaderboards.md -> parse_thunder_scores -> scores.csv,parsed_primary_source
phikon,PHIKON,not_reported,thunder.tcga_crc_msi.linear_probing,63.1,63.1,thunder,f1,https://github.com/MICS-Lab/thunder/blob/3d1cc9513fb2cfd8c4afb0d7bb9f5c4f6b69117f/docs/leaderboards.md,table=perDatasetLinearTable|table_update=2026-04-08|model_row=PHIKON|task_column=tcga_crc_msi,2026-08-05,machine_parsed_single_source,not_reported,thunder@3d1cc9513fb2cfd8c4afb0d7bb9f5c4f6b69117f:docs/leaderboards.md -> parse_thunder_scores -> scores.csv,parsed_primary_source
phikon,PHIKON,not_reported,thunder.tcga_tils.linear_probing,90.1,90.1,thunder,f1,https://github.com/MICS-Lab/thunder/blob/3d1cc9513fb2cfd8c4afb0d7bb9f5c4f6b69117f/docs/leaderboards.md,table=perDatasetLinearTable|table_update=2026-04-08|model_row=PHIKON|task_column=tcga_tils,2026-08-05,machine_parsed_single_source,not_reported,thunder@3d1cc9513fb2cfd8c4afb0d7bb9f5c4f6b69117f:docs/leaderboards.md -> parse_thunder_scores -> scores.csv,parsed_primary_source
phikon,PHIKON,not_reported,thunder.tcga_uniform.linear_probing,76.6,76.6,thunder,f1,https://github.com/MICS-Lab/thunder/blob/3d1cc9513fb2cfd8c4afb0d7bb9f5c4f6b69117f/docs/leaderboards.md,table=perDatasetLinearTable|table_update=2026-04-08|model_row=PHIKON|task_column=tcga_uniform,2026-08-05,machine_parsed_single_source,not_reported,thunder@3d1cc9513fb2cfd8c4afb0d7bb9f5c4f6b69117f:docs/leaderboards.md -> parse_thunder_scores -> scores.csv,parsed_primary_source
phikon,PHIKON,not_reported,thunder.wilds.linear_probing,97.8,97.8,thunder,f1,https://github.com/MICS-Lab/thunder/blob/3d1cc9513fb2cfd8c4afb0d7bb9f5c4f6b69117f/docs/leaderboards.md,table=perDatasetLinearTable|table_update=2026-04-08|model_row=PHIKON|task_column=wilds,2026-08-05,machine_parsed_single_source,not_reported,thunder@3d1cc9513fb2cfd8c4afb0d7bb9f5c4f6b69117f:docs/leaderboards.md -> parse_thunder_scores -> scores.csv,parsed_primary_source
phikon,PHIKON,not_reported,thunder.spider_breast.linear_probing,84.9,84.9,thunder,f1,https://github.com/MICS-Lab/thunder/blob/3d1cc9513fb2cfd8c4afb0d7bb9f5c4f6b69117f/docs/leaderboards.md,table=perDatasetLinearTable|table_update=2026-04-08|model_row=PHIKON|task_column=spider_breast,2026-08-05,machine_parsed_single_source,not_reported,thunder@3d1cc9513fb2cfd8c4afb0d7bb9f5c4f6b69117f:docs/leaderboards.md -> parse_thunder_scores -> scores.csv,parsed_primary_source
phikon,PHIKON,not_reported,thunder.spider_colorectal.linear_probing,88.5,88.5,thunder,f1,https://github.com/MICS-Lab/thunder/blob/3d1cc9513fb2cfd8c4afb0d7bb9f5c4f6b69117f/docs/leaderboards.md,table=perDatasetLinearTable|table_update=2026-04-08|model_row=PHIKON|task_column=spider_colorectal,2026-08-05,machine_parsed_single_source,not_reported,thunder@3d1cc9513fb2cfd8c4afb0d7bb9f5c4f6b69117f:docs/leaderboards.md -> parse_thunder_scores -> scores.csv,parsed_primary_source
phikon,PHIKON,not_reported,thunder.spider_skin.linear_probing,87.9,87.9,thunder,f1,https://github.com/MICS-Lab/thunder/blob/3d1cc9513fb2cfd8c4afb0d7bb9f5c4f6b69117f/docs/leaderboards.md,table=perDatasetLinearTable|table_update=2026-04-08|model_row=PHIKON|task_column=spider_skin,2026-08-05,machine_parsed_single_source,not_reported,thunder@3d1cc9513fb2cfd8c4afb0d7bb9f5c4f6b69117f:docs/leaderboards.md -> parse_thunder_scores -> scores.csv,parsed_primary_source
phikon,PHIKON,not_reported,thunder.spider_thorax.linear_probing,92.4,92.4,thunder,f1,https://github.com/MICS-Lab/thunder/blob/3d1cc9513fb2cfd8c4afb0d7bb9f5c4f6b69117f/docs/leaderboards.md,table=perDatasetLinearTable|table_update=2026-04-08|model_row=PHIKON|task_column=spider_thorax,2026-08-05,machine_parsed_single_source,not_reported,thunder@3d1cc9513fb2cfd8c4afb0d7bb9f5c4f6b69117f:docs/leaderboards.md -> parse_thunder_scores -> scores.csv,parsed_primary_source
phikon-v2,PHIKON2,not_reported,thunder.bach.linear_probing,64.7,64.7,thunder,f1,https://github.com/MICS-Lab/thunder/blob/3d1cc9513fb2cfd8c4afb0d7bb9f5c4f6b69117f/docs/leaderboards.md,table=perDatasetLinearTable|table_update=2026-04-08|model_row=PHIKON2|task_column=bach,2026-08-05,machine_parsed_single_source,not_reported,thunder@3d1cc9513fb2cfd8c4afb0d7bb9f5c4f6b69117f:docs/leaderboards.md -> parse_thunder_scores -> scores.csv,parsed_primary_source
phikon-v2,PHIKON2,not_reported,thunder.bracs.linear_probing,58.2,58.2,thunder,f1,https://github.com/MICS-Lab/thunder/blob/3d1cc9513fb2cfd8c4afb0d7bb9f5c4f6b69117f/docs/leaderboards.md,table=perDatasetLinearTable|table_update=2026-04-08|model_row=PHIKON2|task_column=bracs,2026-08-05,machine_parsed_single_source,not_reported,thunder@3d1cc9513fb2cfd8c4afb0d7bb9f5c4f6b69117f:docs/leaderboards.md -> parse_thunder_scores -> scores.csv,parsed_primary_source
phikon-v2,PHIKON2,not_reported,thunder.break_his.linear_probing,53,53,thunder,f1,https://github.com/MICS-Lab/thunder/blob/3d1cc9513fb2cfd8c4afb0d7bb9f5c4f6b69117f/docs/leaderboards.md,table=perDatasetLinearTable|table_update=2026-04-08|model_row=PHIKON2|task_column=break_his,2026-08-05,machine_parsed_single_source,not_reported,thunder@3d1cc9513fb2cfd8c4afb0d7bb9f5c4f6b69117f:docs/leaderboards.md -> parse_thunder_scores -> scores.csv,parsed_primary_source
phikon-v2,PHIKON2,not_reported,thunder.ccrcc.linear_probing,76.7,76.7,thunder,f1,https://github.com/MICS-Lab/thunder/blob/3d1cc9513fb2cfd8c4afb0d7bb9f5c4f6b69117f/docs/leaderboards.md,table=perDatasetLinearTable|table_update=2026-04-08|model_row=PHIKON2|task_column=ccrcc,2026-08-05,machine_parsed_single_source,not_reported,thunder@3d1cc9513fb2cfd8c4afb0d7bb9f5c4f6b69117f:docs/leaderboards.md -> parse_thunder_scores -> scores.csv,parsed_primary_source
phikon-v2,PHIKON2,not_reported,thunder.crc.linear_probing,92,92,thunder,f1,https://github.com/MICS-Lab/thunder/blob/3d1cc9513fb2cfd8c4afb0d7bb9f5c4f6b69117f/docs/leaderboards.md,table=perDatasetLinearTable|table_update=2026-04-08|model_row=PHIKON2|task_column=crc,2026-08-05,machine_parsed_single_source,not_reported,thunder@3d1cc9513fb2cfd8c4afb0d7bb9f5c4f6b69117f:docs/leaderboards.md -> parse_thunder_scores -> scores.csv,parsed_primary_source
phikon-v2,PHIKON2,not_reported,thunder.esca.linear_probing,77.3,77.3,thunder,f1,https://github.com/MICS-Lab/thunder/blob/3d1cc9513fb2cfd8c4afb0d7bb9f5c4f6b69117f/docs/leaderboards.md,table=perDatasetLinearTable|table_update=2026-04-08|model_row=PHIKON2|task_column=esca,2026-08-05,machine_parsed_single_source,not_reported,thunder@3d1cc9513fb2cfd8c4afb0d7bb9f5c4f6b69117f:docs/leaderboards.md -> parse_thunder_scores -> scores.csv,parsed_primary_source
phikon-v2,PHIKON2,not_reported,thunder.mhist.linear_probing,79.2,79.2,thunder,f1,https://github.com/MICS-Lab/thunder/blob/3d1cc9513fb2cfd8c4afb0d7bb9f5c4f6b69117f/docs/leaderboards.md,table=perDatasetLinearTable|table_update=2026-04-08|model_row=PHIKON2|task_column=mhist,2026-08-05,machine_parsed_single_source,not_reported,thunder@3d1cc9513fb2cfd8c4afb0d7bb9f5c4f6b69117f:docs/leaderboards.md -> parse_thunder_scores -> scores.csv,parsed_primary_source
phikon-v2,PHIKON2,not_reported,thunder.patch_camelyon.linear_probing,90.8,90.8,thunder,f1,https://github.com/MICS-Lab/thunder/blob/3d1cc9513fb2cfd8c4afb0d7bb9f5c4f6b69117f/docs/leaderboards.md,table=perDatasetLinearTable|table_update=2026-04-08|model_row=PHIKON2|task_column=patch_camelyon,2026-08-05,machine_parsed_single_source,not_reported,thunder@3d1cc9513fb2cfd8c4afb0d7bb9f5c4f6b69117f:docs/leaderboards.md -> parse_thunder_scores -> scores.csv,parsed_primary_source
phikon-v2,PHIKON2,not_reported,thunder.tcga_crc_msi.linear_probing,61.1,61.1,thunder,f1,https://github.com/MICS-Lab/thunder/blob/3d1cc9513fb2cfd8c4afb0d7bb9f5c4f6b69117f/docs/leaderboards.md,table=perDatasetLinearTable|table_update=2026-04-08|model_row=PHIKON2|task_column=tcga_crc_msi,2026-08-05,machine_parsed_single_source,not_reported,thunder@3d1cc9513fb2cfd8c4afb0d7bb9f5c4f6b69117f:docs/leaderboards.md -> parse_thunder_scores -> scores.csv,parsed_primary_source
phikon-v2,PHIKON2,not_reported,thunder.tcga_tils.linear_probing,91,91,thunder,f1,https://github.com/MICS-Lab/thunder/blob/3d1cc9513fb2cfd8c4afb0d7bb9f5c4f6b69117f/docs/leaderboards.md,table=perDatasetLinearTable|table_update=2026-04-08|model_row=PHIKON2|task_column=tcga_tils,2026-08-05,machine_parsed_single_source,not_reported,thunder@3d1cc9513fb2cfd8c4afb0d7bb9f5c4f6b69117f:docs/leaderboards.md -> parse_thunder_scores -> scores.csv,parsed_primary_source
phikon-v2,PHIKON2,not_reported,thunder.tcga_uniform.linear_probing,77.7,77.7,thunder,f1,https://github.com/MICS-Lab/thunder/blob/3d1cc9513fb2cfd8c4afb0d7bb9f5c4f6b69117f/docs/leaderboards.md,table=perDatasetLinearTable|table_update=2026-04-08|model_row=PHIKON2|task_column=tcga_uniform,2026-08-05,machine_parsed_single_source,not_reported,thunder@3d1cc9513fb2cfd8c4afb0d7bb9f5c4f6b69117f:docs/leaderboards.md -> parse_thunder_scores -> scores.csv,parsed_primary_source
phikon-v2,PHIKON2,not_reported,thunder.wilds.linear_probing,95.8,95.8,thunder,f1,https://github.com/MICS-Lab/thunder/blob/3d1cc9513fb2cfd8c4afb0d7bb9f5c4f6b69117f/docs/leaderboards.md,table=perDatasetLinearTable|table_update=2026-04-08|model_row=PHIKON2|task_column=wilds,2026-08-05,machine_parsed_single_source,not_reported,thunder@3d1cc9513fb2cfd8c4afb0d7bb9f5c4f6b69117f:docs/leaderboards.md -> parse_thunder_scores -> scores.csv,parsed_primary_source
phikon-v2,PHIKON2,not_reported,thunder.spider_breast.linear_probing,86,86,thunder,f1,https://github.com/MICS-Lab/thunder/blob/3d1cc9513fb2cfd8c4afb0d7bb9f5c4f6b69117f/docs/leaderboards.md,table=perDatasetLinearTable|table_update=2026-04-08|model_row=PHIKON2|task_column=spider_breast,2026-08-05,machine_parsed_single_source,not_reported,thunder@3d1cc9513fb2cfd8c4afb0d7bb9f5c4f6b69117f:docs/leaderboards.md -> parse_thunder_scores -> scores.csv,parsed_primary_source
phikon-v2,PHIKON2,not_reported,thunder.spider_colorectal.linear_probing,89.7,89.7,thunder,f1,https://github.com/MICS-Lab/thunder/blob/3d1cc9513fb2cfd8c4afb0d7bb9f5c4f6b69117f/docs/leaderboards.md,table=perDatasetLinearTable|table_update=2026-04-08|model_row=PHIKON2|task_column=spider_colorectal,2026-08-05,machine_parsed_single_source,not_reported,thunder@3d1cc9513fb2cfd8c4afb0d7bb9f5c4f6b69117f:docs/leaderboards.md -> parse_thunder_scores -> scores.csv,parsed_primary_source
phikon-v2,PHIKON2,not_reported,thunder.spider_skin.linear_probing,87.2,87.2,thunder,f1,https://github.com/MICS-Lab/thunder/blob/3d1cc9513fb2cfd8c4afb0d7bb9f5c4f6b69117f/docs/leaderboards.md,table=perDatasetLinearTable|table_update=2026-04-08|model_row=PHIKON2|task_column=spider_skin,2026-08-05,machine_parsed_single_source,not_reported,thunder@3d1cc9513fb2cfd8c4afb0d7bb9f5c4f6b69117f:docs/leaderboards.md -> parse_thunder_scores -> scores.csv,parsed_primary_source
phikon-v2,PHIKON2,not_reported,thunder.spider_thorax.linear_probing,94.7,94.7,thunder,f1,https://github.com/MICS-Lab/thunder/blob/3d1cc9513fb2cfd8c4afb0d7bb9f5c4f6b69117f/docs/leaderboards.md,table=perDatasetLinearTable|table_update=2026-04-08|model_row=PHIKON2|task_column=spider_thorax,2026-08-05,machine_parsed_single_source,not_reported,thunder@3d1cc9513fb2cfd8c4afb0d7bb9f5c4f6b69117f:docs/leaderboards.md -> parse_thunder_scores -> scores.csv,parsed_primary_source
prov-gigapath,GIGAPATH,not_reported,thunder.bach.linear_probing,70.7,70.7,thunder,f1,https://github.com/MICS-Lab/thunder/blob/3d1cc9513fb2cfd8c4afb0d7bb9f5c4f6b69117f/docs/leaderboards.md,table=perDatasetLinearTable|table_update=2026-04-08|model_row=GIGAPATH|task_column=bach,2026-08-05,machine_parsed_single_source,not_reported,thunder@3d1cc9513fb2cfd8c4afb0d7bb9f5c4f6b69117f:docs/leaderboards.md -> parse_thunder_scores -> scores.csv,parsed_primary_source
prov-gigapath,GIGAPATH,not_reported,thunder.bracs.linear_probing,62.7,62.7,thunder,f1,https://github.com/MICS-Lab/thunder/blob/3d1cc9513fb2cfd8c4afb0d7bb9f5c4f6b69117f/docs/leaderboards.md,table=perDatasetLinearTable|table_update=2026-04-08|model_row=GIGAPATH|task_column=bracs,2026-08-05,machine_parsed_single_source,not_reported,thunder@3d1cc9513fb2cfd8c4afb0d7bb9f5c4f6b69117f:docs/leaderboards.md -> parse_thunder_scores -> scores.csv,parsed_primary_source
prov-gigapath,GIGAPATH,not_reported,thunder.break_his.linear_probing,65.4,65.4,thunder,f1,https://github.com/MICS-Lab/thunder/blob/3d1cc9513fb2cfd8c4afb0d7bb9f5c4f6b69117f/docs/leaderboards.md,table=perDatasetLinearTable|table_update=2026-04-08|model_row=GIGAPATH|task_column=break_his,2026-08-05,machine_parsed_single_source,not_reported,thunder@3d1cc9513fb2cfd8c4afb0d7bb9f5c4f6b69117f:docs/leaderboards.md -> parse_thunder_scores -> scores.csv,parsed_primary_source
prov-gigapath,GIGAPATH,not_reported,thunder.ccrcc.linear_probing,88.1,88.1,thunder,f1,https://github.com/MICS-Lab/thunder/blob/3d1cc9513fb2cfd8c4afb0d7bb9f5c4f6b69117f/docs/leaderboards.md,table=perDatasetLinearTable|table_update=2026-04-08|model_row=GIGAPATH|task_column=ccrcc,2026-08-05,machine_parsed_single_source,not_reported,thunder@3d1cc9513fb2cfd8c4afb0d7bb9f5c4f6b69117f:docs/leaderboards.md -> parse_thunder_scores -> scores.csv,parsed_primary_source
prov-gigapath,GIGAPATH,not_reported,thunder.crc.linear_probing,94.7,94.7,thunder,f1,https://github.com/MICS-Lab/thunder/blob/3d1cc9513fb2cfd8c4afb0d7bb9f5c4f6b69117f/docs/leaderboards.md,table=perDatasetLinearTable|table_update=2026-04-08|model_row=GIGAPATH|task_column=crc,2026-08-05,machine_parsed_single_source,not_reported,thunder@3d1cc9513fb2cfd8c4afb0d7bb9f5c4f6b69117f:docs/leaderboards.md -> parse_thunder_scores -> scores.csv,parsed_primary_source
prov-gigapath,GIGAPATH,not_reported,thunder.esca.linear_probing,81.7,81.7,thunder,f1,https://github.com/MICS-Lab/thunder/blob/3d1cc9513fb2cfd8c4afb0d7bb9f5c4f6b69117f/docs/leaderboards.md,table=perDatasetLinearTable|table_update=2026-04-08|model_row=GIGAPATH|task_column=esca,2026-08-05,machine_parsed_single_source,not_reported,thunder@3d1cc9513fb2cfd8c4afb0d7bb9f5c4f6b69117f:docs/leaderboards.md -> parse_thunder_scores -> scores.csv,parsed_primary_source
prov-gigapath,GIGAPATH,not_reported,thunder.mhist.linear_probing,81.7,81.7,thunder,f1,https://github.com/MICS-Lab/thunder/blob/3d1cc9513fb2cfd8c4afb0d7bb9f5c4f6b69117f/docs/leaderboards.md,table=perDatasetLinearTable|table_update=2026-04-08|model_row=GIGAPATH|task_column=mhist,2026-08-05,machine_parsed_single_source,not_reported,thunder@3d1cc9513fb2cfd8c4afb0d7bb9f5c4f6b69117f:docs/leaderboards.md -> parse_thunder_scores -> scores.csv,parsed_primary_source
prov-gigapath,GIGAPATH,not_reported,thunder.patch_camelyon.linear_probing,93.5,93.5,thunder,f1,https://github.com/MICS-Lab/thunder/blob/3d1cc9513fb2cfd8c4afb0d7bb9f5c4f6b69117f/docs/leaderboards.md,table=perDatasetLinearTable|table_update=2026-04-08|model_row=GIGAPATH|task_column=patch_camelyon,2026-08-05,machine_parsed_single_source,not_reported,thunder@3d1cc9513fb2cfd8c4afb0d7bb9f5c4f6b69117f:docs/leaderboards.md -> parse_thunder_scores -> scores.csv,parsed_primary_source
prov-gigapath,GIGAPATH,not_reported,thunder.tcga_crc_msi.linear_probing,68,68,thunder,f1,https://github.com/MICS-Lab/thunder/blob/3d1cc9513fb2cfd8c4afb0d7bb9f5c4f6b69117f/docs/leaderboards.md,table=perDatasetLinearTable|table_update=2026-04-08|model_row=GIGAPATH|task_column=tcga_crc_msi,2026-08-05,machine_parsed_single_source,not_reported,thunder@3d1cc9513fb2cfd8c4afb0d7bb9f5c4f6b69117f:docs/leaderboards.md -> parse_thunder_scores -> scores.csv,parsed_primary_source
prov-gigapath,GIGAPATH,not_reported,thunder.tcga_tils.linear_probing,89.1,89.1,thunder,f1,https://github.com/MICS-Lab/thunder/blob/3d1cc9513fb2cfd8c4afb0d7bb9f5c4f6b69117f/docs/leaderboards.md,table=perDatasetLinearTable|table_update=2026-04-08|model_row=GIGAPATH|task_column=tcga_tils,2026-08-05,machine_parsed_single_source,not_reported,thunder@3d1cc9513fb2cfd8c4afb0d7bb9f5c4f6b69117f:docs/leaderboards.md -> parse_thunder_scores -> scores.csv,parsed_primary_source
prov-gigapath,GIGAPATH,not_reported,thunder.tcga_uniform.linear_probing,74.4,74.4,thunder,f1,https://github.com/MICS-Lab/thunder/blob/3d1cc9513fb2cfd8c4afb0d7bb9f5c4f6b69117f/docs/leaderboards.md,table=perDatasetLinearTable|table_update=2026-04-08|model_row=GIGAPATH|task_column=tcga_uniform,2026-08-05,machine_parsed_single_source,not_reported,thunder@3d1cc9513fb2cfd8c4afb0d7bb9f5c4f6b69117f:docs/leaderboards.md -> parse_thunder_scores -> scores.csv,parsed_primary_source
prov-gigapath,GIGAPATH,not_reported,thunder.wilds.linear_probing,94.8,94.8,thunder,f1,https://github.com/MICS-Lab/thunder/blob/3d1cc9513fb2cfd8c4afb0d7bb9f5c4f6b69117f/docs/leaderboards.md,table=perDatasetLinearTable|table_update=2026-04-08|model_row=GIGAPATH|task_column=wilds,2026-08-05,machine_parsed_single_source,not_reported,thunder@3d1cc9513fb2cfd8c4afb0d7bb9f5c4f6b69117f:docs/leaderboards.md -> parse_thunder_scores -> scores.csv,parsed_primary_source
prov-gigapath,GIGAPATH,not_reported,thunder.spider_breast.linear_probing,85.5,85.5,thunder,f1,https://github.com/MICS-Lab/thunder/blob/3d1cc9513fb2cfd8c4afb0d7bb9f5c4f6b69117f/docs/leaderboards.md,table=perDatasetLinearTable|table_update=2026-04-08|model_row=GIGAPATH|task_column=spider_breast,2026-08-05,machine_parsed_single_source,not_reported,thunder@3d1cc9513fb2cfd8c4afb0d7bb9f5c4f6b69117f:docs/leaderboards.md -> parse_thunder_scores -> scores.csv,parsed_primary_source
prov-gigapath,GIGAPATH,not_reported,thunder.spider_colorectal.linear_probing,90.3,90.3,thunder,f1,https://github.com/MICS-Lab/thunder/blob/3d1cc9513fb2cfd8c4afb0d7bb9f5c4f6b69117f/docs/leaderboards.md,table=perDatasetLinearTable|table_update=2026-04-08|model_row=GIGAPATH|task_column=spider_colorectal,2026-08-05,machine_parsed_single_source,not_reported,thunder@3d1cc9513fb2cfd8c4afb0d7bb9f5c4f6b69117f:docs/leaderboards.md -> parse_thunder_scores -> scores.csv,parsed_primary_source
prov-gigapath,GIGAPATH,not_reported,thunder.spider_skin.linear_probing,91.3,91.3,thunder,f1,https://github.com/MICS-Lab/thunder/blob/3d1cc9513fb2cfd8c4afb0d7bb9f5c4f6b69117f/docs/leaderboards.md,table=perDatasetLinearTable|table_update=2026-04-08|model_row=GIGAPATH|task_column=spider_skin,2026-08-05,machine_parsed_single_source,not_reported,thunder@3d1cc9513fb2cfd8c4afb0d7bb9f5c4f6b69117f:docs/leaderboards.md -> parse_thunder_scores -> scores.csv,parsed_primary_source
prov-gigapath,GIGAPATH,not_reported,thunder.spider_thorax.linear_probing,93.8,93.8,thunder,f1,https://github.com/MICS-Lab/thunder/blob/3d1cc9513fb2cfd8c4afb0d7bb9f5c4f6b69117f/docs/leaderboards.md,table=perDatasetLinearTable|table_update=2026-04-08|model_row=GIGAPATH|task_column=spider_thorax,2026-08-05,machine_parsed_single_source,not_reported,thunder@3d1cc9513fb2cfd8c4afb0d7bb9f5c4f6b69117f:docs/leaderboards.md -> parse_thunder_scores -> scores.csv,parsed_primary_source
uni,UNI,not_reported,thunder.bach.linear_probing,73,73,thunder,f1,https://github.com/MICS-Lab/thunder/blob/3d1cc9513fb2cfd8c4afb0d7bb9f5c4f6b69117f/docs/leaderboards.md,table=perDatasetLinearTable|table_update=2026-04-08|model_row=UNI|task_column=bach,2026-08-05,machine_parsed_single_source,not_reported,thunder@3d1cc9513fb2cfd8c4afb0d7bb9f5c4f6b69117f:docs/leaderboards.md -> parse_thunder_scores -> scores.csv,parsed_primary_source
uni,UNI,not_reported,thunder.bracs.linear_probing,59.4,59.4,thunder,f1,https://github.com/MICS-Lab/thunder/blob/3d1cc9513fb2cfd8c4afb0d7bb9f5c4f6b69117f/docs/leaderboards.md,table=perDatasetLinearTable|table_update=2026-04-08|model_row=UNI|task_column=bracs,2026-08-05,machine_parsed_single_source,not_reported,thunder@3d1cc9513fb2cfd8c4afb0d7bb9f5c4f6b69117f:docs/leaderboards.md -> parse_thunder_scores -> scores.csv,parsed_primary_source
uni,UNI,not_reported,thunder.break_his.linear_probing,70.8,70.8,thunder,f1,https://github.com/MICS-Lab/thunder/blob/3d1cc9513fb2cfd8c4afb0d7bb9f5c4f6b69117f/docs/leaderboards.md,table=perDatasetLinearTable|table_update=2026-04-08|model_row=UNI|task_column=break_his,2026-08-05,machine_parsed_single_source,not_reported,thunder@3d1cc9513fb2cfd8c4afb0d7bb9f5c4f6b69117f:docs/leaderboards.md -> parse_thunder_scores -> scores.csv,parsed_primary_source
uni,UNI,not_reported,thunder.ccrcc.linear_probing,90.7,90.7,thunder,f1,https://github.com/MICS-Lab/thunder/blob/3d1cc9513fb2cfd8c4afb0d7bb9f5c4f6b69117f/docs/leaderboards.md,table=perDatasetLinearTable|table_update=2026-04-08|model_row=UNI|task_column=ccrcc,2026-08-05,machine_parsed_single_source,not_reported,thunder@3d1cc9513fb2cfd8c4afb0d7bb9f5c4f6b69117f:docs/leaderboards.md -> parse_thunder_scores -> scores.csv,parsed_primary_source
uni,UNI,not_reported,thunder.crc.linear_probing,93.1,93.1,thunder,f1,https://github.com/MICS-Lab/thunder/blob/3d1cc9513fb2cfd8c4afb0d7bb9f5c4f6b69117f/docs/leaderboards.md,table=perDatasetLinearTable|table_update=2026-04-08|model_row=UNI|task_column=crc,2026-08-05,machine_parsed_single_source,not_reported,thunder@3d1cc9513fb2cfd8c4afb0d7bb9f5c4f6b69117f:docs/leaderboards.md -> parse_thunder_scores -> scores.csv,parsed_primary_source
uni,UNI,not_reported,thunder.esca.linear_probing,83.4,83.4,thunder,f1,https://github.com/MICS-Lab/thunder/blob/3d1cc9513fb2cfd8c4afb0d7bb9f5c4f6b69117f/docs/leaderboards.md,table=perDatasetLinearTable|table_update=2026-04-08|model_row=UNI|task_column=esca,2026-08-05,machine_parsed_single_source,not_reported,thunder@3d1cc9513fb2cfd8c4afb0d7bb9f5c4f6b69117f:docs/leaderboards.md -> parse_thunder_scores -> scores.csv,parsed_primary_source
uni,UNI,not_reported,thunder.mhist.linear_probing,82.4,82.4,thunder,f1,https://github.com/MICS-Lab/thunder/blob/3d1cc9513fb2cfd8c4afb0d7bb9f5c4f6b69117f/docs/leaderboards.md,table=perDatasetLinearTable|table_update=2026-04-08|model_row=UNI|task_column=mhist,2026-08-05,machine_parsed_single_source,not_reported,thunder@3d1cc9513fb2cfd8c4afb0d7bb9f5c4f6b69117f:docs/leaderboards.md -> parse_thunder_scores -> scores.csv,parsed_primary_source
uni,UNI,not_reported,thunder.patch_camelyon.linear_probing,93.8,93.8,thunder,f1,https://github.com/MICS-Lab/thunder/blob/3d1cc9513fb2cfd8c4afb0d7bb9f5c4f6b69117f/docs/leaderboards.md,table=perDatasetLinearTable|table_update=2026-04-08|model_row=UNI|task_column=patch_camelyon,2026-08-05,machine_parsed_single_source,not_reported,thunder@3d1cc9513fb2cfd8c4afb0d7bb9f5c4f6b69117f:docs/leaderboards.md -> parse_thunder_scores -> scores.csv,parsed_primary_source
uni,UNI,not_reported,thunder.tcga_crc_msi.linear_probing,65.9,65.9,thunder,f1,https://github.com/MICS-Lab/thunder/blob/3d1cc9513fb2cfd8c4afb0d7bb9f5c4f6b69117f/docs/leaderboards.md,table=perDatasetLinearTable|table_update=2026-04-08|model_row=UNI|task_column=tcga_crc_msi,2026-08-05,machine_parsed_single_source,not_reported,thunder@3d1cc9513fb2cfd8c4afb0d7bb9f5c4f6b69117f:docs/leaderboards.md -> parse_thunder_scores -> scores.csv,parsed_primary_source
uni,UNI,not_reported,thunder.tcga_tils.linear_probing,90.1,90.1,thunder,f1,https://github.com/MICS-Lab/thunder/blob/3d1cc9513fb2cfd8c4afb0d7bb9f5c4f6b69117f/docs/leaderboards.md,table=perDatasetLinearTable|table_update=2026-04-08|model_row=UNI|task_column=tcga_tils,2026-08-05,machine_parsed_single_source,not_reported,thunder@3d1cc9513fb2cfd8c4afb0d7bb9f5c4f6b69117f:docs/leaderboards.md -> parse_thunder_scores -> scores.csv,parsed_primary_source
uni,UNI,not_reported,thunder.tcga_uniform.linear_probing,75.3,75.3,thunder,f1,https://github.com/MICS-Lab/thunder/blob/3d1cc9513fb2cfd8c4afb0d7bb9f5c4f6b69117f/docs/leaderboards.md,table=perDatasetLinearTable|table_update=2026-04-08|model_row=UNI|task_column=tcga_uniform,2026-08-05,machine_parsed_single_source,not_reported,thunder@3d1cc9513fb2cfd8c4afb0d7bb9f5c4f6b69117f:docs/leaderboards.md -> parse_thunder_scores -> scores.csv,parsed_primary_source
uni,UNI,not_reported,thunder.wilds.linear_probing,97.2,97.2,thunder,f1,https://github.com/MICS-Lab/thunder/blob/3d1cc9513fb2cfd8c4afb0d7bb9f5c4f6b69117f/docs/leaderboards.md,table=perDatasetLinearTable|table_update=2026-04-08|model_row=UNI|task_column=wilds,2026-08-05,machine_parsed_single_source,not_reported,thunder@3d1cc9513fb2cfd8c4afb0d7bb9f5c4f6b69117f:docs/leaderboards.md -> parse_thunder_scores -> scores.csv,parsed_primary_source
uni,UNI,not_reported,thunder.spider_breast.linear_probing,85.7,85.7,thunder,f1,https://github.com/MICS-Lab/thunder/blob/3d1cc9513fb2cfd8c4afb0d7bb9f5c4f6b69117f/docs/leaderboards.md,table=perDatasetLinearTable|table_update=2026-04-08|model_row=UNI|task_column=spider_breast,2026-08-05,machine_parsed_single_source,not_reported,thunder@3d1cc9513fb2cfd8c4afb0d7bb9f5c4f6b69117f:docs/leaderboards.md -> parse_thunder_scores -> scores.csv,parsed_primary_source
uni,UNI,not_reported,thunder.spider_colorectal.linear_probing,90.4,90.4,thunder,f1,https://github.com/MICS-Lab/thunder/blob/3d1cc9513fb2cfd8c4afb0d7bb9f5c4f6b69117f/docs/leaderboards.md,table=perDatasetLinearTable|table_update=2026-04-08|model_row=UNI|task_column=spider_colorectal,2026-08-05,machine_parsed_single_source,not_reported,thunder@3d1cc9513fb2cfd8c4afb0d7bb9f5c4f6b69117f:docs/leaderboards.md -> parse_thunder_scores -> scores.csv,parsed_primary_source
uni,UNI,not_reported,thunder.spider_skin.linear_probing,91.2,91.2,thunder,f1,https://github.com/MICS-Lab/thunder/blob/3d1cc9513fb2cfd8c4afb0d7bb9f5c4f6b69117f/docs/leaderboards.md,table=perDatasetLinearTable|table_update=2026-04-08|model_row=UNI|task_column=spider_skin,2026-08-05,machine_parsed_single_source,not_reported,thunder@3d1cc9513fb2cfd8c4afb0d7bb9f5c4f6b69117f:docs/leaderboards.md -> parse_thunder_scores -> scores.csv,parsed_primary_source
uni,UNI,not_reported,thunder.spider_thorax.linear_probing,93.9,93.9,thunder,f1,https://github.com/MICS-Lab/thunder/blob/3d1cc9513fb2cfd8c4afb0d7bb9f5c4f6b69117f/docs/leaderboards.md,table=perDatasetLinearTable|table_update=2026-04-08|model_row=UNI|task_column=spider_thorax,2026-08-05,machine_parsed_single_source,not_reported,thunder@3d1cc9513fb2cfd8c4afb0d7bb9f5c4f6b69117f:docs/leaderboards.md -> parse_thunder_scores -> scores.csv,parsed_primary_source
uni2-h,UNI2-H,not_reported,thunder.bach.linear_probing,84.7,84.7,thunder,f1,https://github.com/MICS-Lab/thunder/blob/3d1cc9513fb2cfd8c4afb0d7bb9f5c4f6b69117f/docs/leaderboards.md,table=perDatasetLinearTable|table_update=2026-04-08|model_row=UNI2-H|task_column=bach,2026-08-05,machine_parsed_single_source,not_reported,thunder@3d1cc9513fb2cfd8c4afb0d7bb9f5c4f6b69117f:docs/leaderboards.md -> parse_thunder_scores -> scores.csv,parsed_primary_source
uni2-h,UNI2-H,not_reported,thunder.bracs.linear_probing,65.4,65.4,thunder,f1,https://github.com/MICS-Lab/thunder/blob/3d1cc9513fb2cfd8c4afb0d7bb9f5c4f6b69117f/docs/leaderboards.md,table=perDatasetLinearTable|table_update=2026-04-08|model_row=UNI2-H|task_column=bracs,2026-08-05,machine_parsed_single_source,not_reported,thunder@3d1cc9513fb2cfd8c4afb0d7bb9f5c4f6b69117f:docs/leaderboards.md -> parse_thunder_scores -> scores.csv,parsed_primary_source
uni2-h,UNI2-H,not_reported,thunder.break_his.linear_probing,78.4,78.4,thunder,f1,https://github.com/MICS-Lab/thunder/blob/3d1cc9513fb2cfd8c4afb0d7bb9f5c4f6b69117f/docs/leaderboards.md,table=perDatasetLinearTable|table_update=2026-04-08|model_row=UNI2-H|task_column=break_his,2026-08-05,machine_parsed_single_source,not_reported,thunder@3d1cc9513fb2cfd8c4afb0d7bb9f5c4f6b69117f:docs/leaderboards.md -> parse_thunder_scores -> scores.csv,parsed_primary_source
uni2-h,UNI2-H,not_reported,thunder.ccrcc.linear_probing,89.5,89.5,thunder,f1,https://github.com/MICS-Lab/thunder/blob/3d1cc9513fb2cfd8c4afb0d7bb9f5c4f6b69117f/docs/leaderboards.md,table=perDatasetLinearTable|table_update=2026-04-08|model_row=UNI2-H|task_column=ccrcc,2026-08-05,machine_parsed_single_source,not_reported,thunder@3d1cc9513fb2cfd8c4afb0d7bb9f5c4f6b69117f:docs/leaderboards.md -> parse_thunder_scores -> scores.csv,parsed_primary_source
uni2-h,UNI2-H,not_reported,thunder.crc.linear_probing,93.9,93.9,thunder,f1,https://github.com/MICS-Lab/thunder/blob/3d1cc9513fb2cfd8c4afb0d7bb9f5c4f6b69117f/docs/leaderboards.md,table=perDatasetLinearTable|table_update=2026-04-08|model_row=UNI2-H|task_column=crc,2026-08-05,machine_parsed_single_source,not_reported,thunder@3d1cc9513fb2cfd8c4afb0d7bb9f5c4f6b69117f:docs/leaderboards.md -> parse_thunder_scores -> scores.csv,parsed_primary_source
uni2-h,UNI2-H,not_reported,thunder.esca.linear_probing,86.4,86.4,thunder,f1,https://github.com/MICS-Lab/thunder/blob/3d1cc9513fb2cfd8c4afb0d7bb9f5c4f6b69117f/docs/leaderboards.md,table=perDatasetLinearTable|table_update=2026-04-08|model_row=UNI2-H|task_column=esca,2026-08-05,machine_parsed_single_source,not_reported,thunder@3d1cc9513fb2cfd8c4afb0d7bb9f5c4f6b69117f:docs/leaderboards.md -> parse_thunder_scores -> scores.csv,parsed_primary_source
uni2-h,UNI2-H,not_reported,thunder.mhist.linear_probing,78.6,78.6,thunder,f1,https://github.com/MICS-Lab/thunder/blob/3d1cc9513fb2cfd8c4afb0d7bb9f5c4f6b69117f/docs/leaderboards.md,table=perDatasetLinearTable|table_update=2026-04-08|model_row=UNI2-H|task_column=mhist,2026-08-05,machine_parsed_single_source,not_reported,thunder@3d1cc9513fb2cfd8c4afb0d7bb9f5c4f6b69117f:docs/leaderboards.md -> parse_thunder_scores -> scores.csv,parsed_primary_source
uni2-h,UNI2-H,not_reported,thunder.patch_camelyon.linear_probing,95,95,thunder,f1,https://github.com/MICS-Lab/thunder/blob/3d1cc9513fb2cfd8c4afb0d7bb9f5c4f6b69117f/docs/leaderboards.md,table=perDatasetLinearTable|table_update=2026-04-08|model_row=UNI2-H|task_column=patch_camelyon,2026-08-05,machine_parsed_single_source,not_reported,thunder@3d1cc9513fb2cfd8c4afb0d7bb9f5c4f6b69117f:docs/leaderboards.md -> parse_thunder_scores -> scores.csv,parsed_primary_source
uni2-h,UNI2-H,not_reported,thunder.tcga_crc_msi.linear_probing,66.9,66.9,thunder,f1,https://github.com/MICS-Lab/thunder/blob/3d1cc9513fb2cfd8c4afb0d7bb9f5c4f6b69117f/docs/leaderboards.md,table=perDatasetLinearTable|table_update=2026-04-08|model_row=UNI2-H|task_column=tcga_crc_msi,2026-08-05,machine_parsed_single_source,not_reported,thunder@3d1cc9513fb2cfd8c4afb0d7bb9f5c4f6b69117f:docs/leaderboards.md -> parse_thunder_scores -> scores.csv,parsed_primary_source
uni2-h,UNI2-H,not_reported,thunder.tcga_tils.linear_probing,90.4,90.4,thunder,f1,https://github.com/MICS-Lab/thunder/blob/3d1cc9513fb2cfd8c4afb0d7bb9f5c4f6b69117f/docs/leaderboards.md,table=perDatasetLinearTable|table_update=2026-04-08|model_row=UNI2-H|task_column=tcga_tils,2026-08-05,machine_parsed_single_source,not_reported,thunder@3d1cc9513fb2cfd8c4afb0d7bb9f5c4f6b69117f:docs/leaderboards.md -> parse_thunder_scores -> scores.csv,parsed_primary_source
uni2-h,UNI2-H,not_reported,thunder.tcga_uniform.linear_probing,78.8,78.8,thunder,f1,https://github.com/MICS-Lab/thunder/blob/3d1cc9513fb2cfd8c4afb0d7bb9f5c4f6b69117f/docs/leaderboards.md,table=perDatasetLinearTable|table_update=2026-04-08|model_row=UNI2-H|task_column=tcga_uniform,2026-08-05,machine_parsed_single_source,not_reported,thunder@3d1cc9513fb2cfd8c4afb0d7bb9f5c4f6b69117f:docs/leaderboards.md -> parse_thunder_scores -> scores.csv,parsed_primary_source
uni2-h,UNI2-H,not_reported,thunder.wilds.linear_probing,98.9,98.9,thunder,f1,https://github.com/MICS-Lab/thunder/blob/3d1cc9513fb2cfd8c4afb0d7bb9f5c4f6b69117f/docs/leaderboards.md,table=perDatasetLinearTable|table_update=2026-04-08|model_row=UNI2-H|task_column=wilds,2026-08-05,machine_parsed_single_source,not_reported,thunder@3d1cc9513fb2cfd8c4afb0d7bb9f5c4f6b69117f:docs/leaderboards.md -> parse_thunder_scores -> scores.csv,parsed_primary_source
uni2-h,UNI2-H,not_reported,thunder.spider_breast.linear_probing,86.7,86.7,thunder,f1,https://github.com/MICS-Lab/thunder/blob/3d1cc9513fb2cfd8c4afb0d7bb9f5c4f6b69117f/docs/leaderboards.md,table=perDatasetLinearTable|table_update=2026-04-08|model_row=UNI2-H|task_column=spider_breast,2026-08-05,machine_parsed_single_source,not_reported,thunder@3d1cc9513fb2cfd8c4afb0d7bb9f5c4f6b69117f:docs/leaderboards.md -> parse_thunder_scores -> scores.csv,parsed_primary_source
uni2-h,UNI2-H,not_reported,thunder.spider_colorectal.linear_probing,90.5,90.5,thunder,f1,https://github.com/MICS-Lab/thunder/blob/3d1cc9513fb2cfd8c4afb0d7bb9f5c4f6b69117f/docs/leaderboards.md,table=perDatasetLinearTable|table_update=2026-04-08|model_row=UNI2-H|task_column=spider_colorectal,2026-08-05,machine_parsed_single_source,not_reported,thunder@3d1cc9513fb2cfd8c4afb0d7bb9f5c4f6b69117f:docs/leaderboards.md -> parse_thunder_scores -> scores.csv,parsed_primary_source
uni2-h,UNI2-H,not_reported,thunder.spider_skin.linear_probing,92.5,92.5,thunder,f1,https://github.com/MICS-Lab/thunder/blob/3d1cc9513fb2cfd8c4afb0d7bb9f5c4f6b69117f/docs/leaderboards.md,table=perDatasetLinearTable|table_update=2026-04-08|model_row=UNI2-H|task_column=spider_skin,2026-08-05,machine_parsed_single_source,not_reported,thunder@3d1cc9513fb2cfd8c4afb0d7bb9f5c4f6b69117f:docs/leaderboards.md -> parse_thunder_scores -> scores.csv,parsed_primary_source
uni2-h,UNI2-H,not_reported,thunder.spider_thorax.linear_probing,95.1,95.1,thunder,f1,https://github.com/MICS-Lab/thunder/blob/3d1cc9513fb2cfd8c4afb0d7bb9f5c4f6b69117f/docs/leaderboards.md,table=perDatasetLinearTable|table_update=2026-04-08|model_row=UNI2-H|task_column=spider_thorax,2026-08-05,machine_parsed_single_source,not_reported,thunder@3d1cc9513fb2cfd8c4afb0d7bb9f5c4f6b69117f:docs/leaderboards.md -> parse_thunder_scores -> scores.csv,parsed_primary_source
virchow,VIRCHOW,not_reported,thunder.bach.linear_probing,66.2,66.2,thunder,f1,https://github.com/MICS-Lab/thunder/blob/3d1cc9513fb2cfd8c4afb0d7bb9f5c4f6b69117f/docs/leaderboards.md,table=perDatasetLinearTable|table_update=2026-04-08|model_row=VIRCHOW|task_column=bach,2026-08-05,machine_parsed_single_source,not_reported,thunder@3d1cc9513fb2cfd8c4afb0d7bb9f5c4f6b69117f:docs/leaderboards.md -> parse_thunder_scores -> scores.csv,parsed_primary_source
virchow,VIRCHOW,not_reported,thunder.bracs.linear_probing,59.8,59.8,thunder,f1,https://github.com/MICS-Lab/thunder/blob/3d1cc9513fb2cfd8c4afb0d7bb9f5c4f6b69117f/docs/leaderboards.md,table=perDatasetLinearTable|table_update=2026-04-08|model_row=VIRCHOW|task_column=bracs,2026-08-05,machine_parsed_single_source,not_reported,thunder@3d1cc9513fb2cfd8c4afb0d7bb9f5c4f6b69117f:docs/leaderboards.md -> parse_thunder_scores -> scores.csv,parsed_primary_source
virchow,VIRCHOW,not_reported,thunder.break_his.linear_probing,62.7,62.7,thunder,f1,https://github.com/MICS-Lab/thunder/blob/3d1cc9513fb2cfd8c4afb0d7bb9f5c4f6b69117f/docs/leaderboards.md,table=perDatasetLinearTable|table_update=2026-04-08|model_row=VIRCHOW|task_column=break_his,2026-08-05,machine_parsed_single_source,not_reported,thunder@3d1cc9513fb2cfd8c4afb0d7bb9f5c4f6b69117f:docs/leaderboards.md -> parse_thunder_scores -> scores.csv,parsed_primary_source
virchow,VIRCHOW,not_reported,thunder.ccrcc.linear_probing,91.7,91.7,thunder,f1,https://github.com/MICS-Lab/thunder/blob/3d1cc9513fb2cfd8c4afb0d7bb9f5c4f6b69117f/docs/leaderboards.md,table=perDatasetLinearTable|table_update=2026-04-08|model_row=VIRCHOW|task_column=ccrcc,2026-08-05,machine_parsed_single_source,not_reported,thunder@3d1cc9513fb2cfd8c4afb0d7bb9f5c4f6b69117f:docs/leaderboards.md -> parse_thunder_scores -> scores.csv,parsed_primary_source
virchow,VIRCHOW,not_reported,thunder.crc.linear_probing,93.7,93.7,thunder,f1,https://github.com/MICS-Lab/thunder/blob/3d1cc9513fb2cfd8c4afb0d7bb9f5c4f6b69117f/docs/leaderboards.md,table=perDatasetLinearTable|table_update=2026-04-08|model_row=VIRCHOW|task_column=crc,2026-08-05,machine_parsed_single_source,not_reported,thunder@3d1cc9513fb2cfd8c4afb0d7bb9f5c4f6b69117f:docs/leaderboards.md -> parse_thunder_scores -> scores.csv,parsed_primary_source
virchow,VIRCHOW,not_reported,thunder.esca.linear_probing,84.3,84.3,thunder,f1,https://github.com/MICS-Lab/thunder/blob/3d1cc9513fb2cfd8c4afb0d7bb9f5c4f6b69117f/docs/leaderboards.md,table=perDatasetLinearTable|table_update=2026-04-08|model_row=VIRCHOW|task_column=esca,2026-08-05,machine_parsed_single_source,not_reported,thunder@3d1cc9513fb2cfd8c4afb0d7bb9f5c4f6b69117f:docs/leaderboards.md -> parse_thunder_scores -> scores.csv,parsed_primary_source
virchow,VIRCHOW,not_reported,thunder.mhist.linear_probing,82.3,82.3,thunder,f1,https://github.com/MICS-Lab/thunder/blob/3d1cc9513fb2cfd8c4afb0d7bb9f5c4f6b69117f/docs/leaderboards.md,table=perDatasetLinearTable|table_update=2026-04-08|model_row=VIRCHOW|task_column=mhist,2026-08-05,machine_parsed_single_source,not_reported,thunder@3d1cc9513fb2cfd8c4afb0d7bb9f5c4f6b69117f:docs/leaderboards.md -> parse_thunder_scores -> scores.csv,parsed_primary_source
virchow,VIRCHOW,not_reported,thunder.patch_camelyon.linear_probing,93.6,93.6,thunder,f1,https://github.com/MICS-Lab/thunder/blob/3d1cc9513fb2cfd8c4afb0d7bb9f5c4f6b69117f/docs/leaderboards.md,table=perDatasetLinearTable|table_update=2026-04-08|model_row=VIRCHOW|task_column=patch_camelyon,2026-08-05,machine_parsed_single_source,not_reported,thunder@3d1cc9513fb2cfd8c4afb0d7bb9f5c4f6b69117f:docs/leaderboards.md -> parse_thunder_scores -> scores.csv,parsed_primary_source
virchow,VIRCHOW,not_reported,thunder.tcga_crc_msi.linear_probing,65.5,65.5,thunder,f1,https://github.com/MICS-Lab/thunder/blob/3d1cc9513fb2cfd8c4afb0d7bb9f5c4f6b69117f/docs/leaderboards.md,table=perDatasetLinearTable|table_update=2026-04-08|model_row=VIRCHOW|task_column=tcga_crc_msi,2026-08-05,machine_parsed_single_source,not_reported,thunder@3d1cc9513fb2cfd8c4afb0d7bb9f5c4f6b69117f:docs/leaderboards.md -> parse_thunder_scores -> scores.csv,parsed_primary_source
virchow,VIRCHOW,not_reported,thunder.tcga_tils.linear_probing,90.7,90.7,thunder,f1,https://github.com/MICS-Lab/thunder/blob/3d1cc9513fb2cfd8c4afb0d7bb9f5c4f6b69117f/docs/leaderboards.md,table=perDatasetLinearTable|table_update=2026-04-08|model_row=VIRCHOW|task_column=tcga_tils,2026-08-05,machine_parsed_single_source,not_reported,thunder@3d1cc9513fb2cfd8c4afb0d7bb9f5c4f6b69117f:docs/leaderboards.md -> parse_thunder_scores -> scores.csv,parsed_primary_source
virchow,VIRCHOW,not_reported,thunder.tcga_uniform.linear_probing,74.8,74.8,thunder,f1,https://github.com/MICS-Lab/thunder/blob/3d1cc9513fb2cfd8c4afb0d7bb9f5c4f6b69117f/docs/leaderboards.md,table=perDatasetLinearTable|table_update=2026-04-08|model_row=VIRCHOW|task_column=tcga_uniform,2026-08-05,machine_parsed_single_source,not_reported,thunder@3d1cc9513fb2cfd8c4afb0d7bb9f5c4f6b69117f:docs/leaderboards.md -> parse_thunder_scores -> scores.csv,parsed_primary_source
virchow,VIRCHOW,not_reported,thunder.wilds.linear_probing,97.6,97.6,thunder,f1,https://github.com/MICS-Lab/thunder/blob/3d1cc9513fb2cfd8c4afb0d7bb9f5c4f6b69117f/docs/leaderboards.md,table=perDatasetLinearTable|table_update=2026-04-08|model_row=VIRCHOW|task_column=wilds,2026-08-05,machine_parsed_single_source,not_reported,thunder@3d1cc9513fb2cfd8c4afb0d7bb9f5c4f6b69117f:docs/leaderboards.md -> parse_thunder_scores -> scores.csv,parsed_primary_source
virchow,VIRCHOW,not_reported,thunder.spider_breast.linear_probing,86.2,86.2,thunder,f1,https://github.com/MICS-Lab/thunder/blob/3d1cc9513fb2cfd8c4afb0d7bb9f5c4f6b69117f/docs/leaderboards.md,table=perDatasetLinearTable|table_update=2026-04-08|model_row=VIRCHOW|task_column=spider_breast,2026-08-05,machine_parsed_single_source,not_reported,thunder@3d1cc9513fb2cfd8c4afb0d7bb9f5c4f6b69117f:docs/leaderboards.md -> parse_thunder_scores -> scores.csv,parsed_primary_source
virchow,VIRCHOW,not_reported,thunder.spider_colorectal.linear_probing,90.2,90.2,thunder,f1,https://github.com/MICS-Lab/thunder/blob/3d1cc9513fb2cfd8c4afb0d7bb9f5c4f6b69117f/docs/leaderboards.md,table=perDatasetLinearTable|table_update=2026-04-08|model_row=VIRCHOW|task_column=spider_colorectal,2026-08-05,machine_parsed_single_source,not_reported,thunder@3d1cc9513fb2cfd8c4afb0d7bb9f5c4f6b69117f:docs/leaderboards.md -> parse_thunder_scores -> scores.csv,parsed_primary_source
virchow,VIRCHOW,not_reported,thunder.spider_skin.linear_probing,91.3,91.3,thunder,f1,https://github.com/MICS-Lab/thunder/blob/3d1cc9513fb2cfd8c4afb0d7bb9f5c4f6b69117f/docs/leaderboards.md,table=perDatasetLinearTable|table_update=2026-04-08|model_row=VIRCHOW|task_column=spider_skin,2026-08-05,machine_parsed_single_source,not_reported,thunder@3d1cc9513fb2cfd8c4afb0d7bb9f5c4f6b69117f:docs/leaderboards.md -> parse_thunder_scores -> scores.csv,parsed_primary_source
virchow,VIRCHOW,not_reported,thunder.spider_thorax.linear_probing,94.7,94.7,thunder,f1,https://github.com/MICS-Lab/thunder/blob/3d1cc9513fb2cfd8c4afb0d7bb9f5c4f6b69117f/docs/leaderboards.md,table=perDatasetLinearTable|table_update=2026-04-08|model_row=VIRCHOW|task_column=spider_thorax,2026-08-05,machine_parsed_single_source,not_reported,thunder@3d1cc9513fb2cfd8c4afb0d7bb9f5c4f6b69117f:docs/leaderboards.md -> parse_thunder_scores -> scores.csv,parsed_primary_source
virchow-2,VIRCHOW2,not_reported,thunder.bach.linear_probing,76.5,76.5,thunder,f1,https://github.com/MICS-Lab/thunder/blob/3d1cc9513fb2cfd8c4afb0d7bb9f5c4f6b69117f/docs/leaderboards.md,table=perDatasetLinearTable|table_update=2026-04-08|model_row=VIRCHOW2|task_column=bach,2026-08-05,machine_parsed_single_source,not_reported,thunder@3d1cc9513fb2cfd8c4afb0d7bb9f5c4f6b69117f:docs/leaderboards.md -> parse_thunder_scores -> scores.csv,parsed_primary_source
virchow-2,VIRCHOW2,not_reported,thunder.bracs.linear_probing,62.4,62.4,thunder,f1,https://github.com/MICS-Lab/thunder/blob/3d1cc9513fb2cfd8c4afb0d7bb9f5c4f6b69117f/docs/leaderboards.md,table=perDatasetLinearTable|table_update=2026-04-08|model_row=VIRCHOW2|task_column=bracs,2026-08-05,machine_parsed_single_source,not_reported,thunder@3d1cc9513fb2cfd8c4afb0d7bb9f5c4f6b69117f:docs/leaderboards.md -> parse_thunder_scores -> scores.csv,parsed_primary_source
virchow-2,VIRCHOW2,not_reported,thunder.break_his.linear_probing,72.5,72.5,thunder,f1,https://github.com/MICS-Lab/thunder/blob/3d1cc9513fb2cfd8c4afb0d7bb9f5c4f6b69117f/docs/leaderboards.md,table=perDatasetLinearTable|table_update=2026-04-08|model_row=VIRCHOW2|task_column=break_his,2026-08-05,machine_parsed_single_source,not_reported,thunder@3d1cc9513fb2cfd8c4afb0d7bb9f5c4f6b69117f:docs/leaderboards.md -> parse_thunder_scores -> scores.csv,parsed_primary_source
virchow-2,VIRCHOW2,not_reported,thunder.ccrcc.linear_probing,93.6,93.6,thunder,f1,https://github.com/MICS-Lab/thunder/blob/3d1cc9513fb2cfd8c4afb0d7bb9f5c4f6b69117f/docs/leaderboards.md,table=perDatasetLinearTable|table_update=2026-04-08|model_row=VIRCHOW2|task_column=ccrcc,2026-08-05,machine_parsed_single_source,not_reported,thunder@3d1cc9513fb2cfd8c4afb0d7bb9f5c4f6b69117f:docs/leaderboards.md -> parse_thunder_scores -> scores.csv,parsed_primary_source
virchow-2,VIRCHOW2,not_reported,thunder.crc.linear_probing,93,93,thunder,f1,https://github.com/MICS-Lab/thunder/blob/3d1cc9513fb2cfd8c4afb0d7bb9f5c4f6b69117f/docs/leaderboards.md,table=perDatasetLinearTable|table_update=2026-04-08|model_row=VIRCHOW2|task_column=crc,2026-08-05,machine_parsed_single_source,not_reported,thunder@3d1cc9513fb2cfd8c4afb0d7bb9f5c4f6b69117f:docs/leaderboards.md -> parse_thunder_scores -> scores.csv,parsed_primary_source
virchow-2,VIRCHOW2,not_reported,thunder.esca.linear_probing,88.9,88.9,thunder,f1,https://github.com/MICS-Lab/thunder/blob/3d1cc9513fb2cfd8c4afb0d7bb9f5c4f6b69117f/docs/leaderboards.md,table=perDatasetLinearTable|table_update=2026-04-08|model_row=VIRCHOW2|task_column=esca,2026-08-05,machine_parsed_single_source,not_reported,thunder@3d1cc9513fb2cfd8c4afb0d7bb9f5c4f6b69117f:docs/leaderboards.md -> parse_thunder_scores -> scores.csv,parsed_primary_source
virchow-2,VIRCHOW2,not_reported,thunder.mhist.linear_probing,83.6,83.6,thunder,f1,https://github.com/MICS-Lab/thunder/blob/3d1cc9513fb2cfd8c4afb0d7bb9f5c4f6b69117f/docs/leaderboards.md,table=perDatasetLinearTable|table_update=2026-04-08|model_row=VIRCHOW2|task_column=mhist,2026-08-05,machine_parsed_single_source,not_reported,thunder@3d1cc9513fb2cfd8c4afb0d7bb9f5c4f6b69117f:docs/leaderboards.md -> parse_thunder_scores -> scores.csv,parsed_primary_source
virchow-2,VIRCHOW2,not_reported,thunder.patch_camelyon.linear_probing,92.8,92.8,thunder,f1,https://github.com/MICS-Lab/thunder/blob/3d1cc9513fb2cfd8c4afb0d7bb9f5c4f6b69117f/docs/leaderboards.md,table=perDatasetLinearTable|table_update=2026-04-08|model_row=VIRCHOW2|task_column=patch_camelyon,2026-08-05,machine_parsed_single_source,not_reported,thunder@3d1cc9513fb2cfd8c4afb0d7bb9f5c4f6b69117f:docs/leaderboards.md -> parse_thunder_scores -> scores.csv,parsed_primary_source
virchow-2,VIRCHOW2,not_reported,thunder.tcga_crc_msi.linear_probing,69.6,69.6,thunder,f1,https://github.com/MICS-Lab/thunder/blob/3d1cc9513fb2cfd8c4afb0d7bb9f5c4f6b69117f/docs/leaderboards.md,table=perDatasetLinearTable|table_update=2026-04-08|model_row=VIRCHOW2|task_column=tcga_crc_msi,2026-08-05,machine_parsed_single_source,not_reported,thunder@3d1cc9513fb2cfd8c4afb0d7bb9f5c4f6b69117f:docs/leaderboards.md -> parse_thunder_scores -> scores.csv,parsed_primary_source
virchow-2,VIRCHOW2,not_reported,thunder.tcga_tils.linear_probing,90.9,90.9,thunder,f1,https://github.com/MICS-Lab/thunder/blob/3d1cc9513fb2cfd8c4afb0d7bb9f5c4f6b69117f/docs/leaderboards.md,table=perDatasetLinearTable|table_update=2026-04-08|model_row=VIRCHOW2|task_column=tcga_tils,2026-08-05,machine_parsed_single_source,not_reported,thunder@3d1cc9513fb2cfd8c4afb0d7bb9f5c4f6b69117f:docs/leaderboards.md -> parse_thunder_scores -> scores.csv,parsed_primary_source
virchow-2,VIRCHOW2,not_reported,thunder.tcga_uniform.linear_probing,78.4,78.4,thunder,f1,https://github.com/MICS-Lab/thunder/blob/3d1cc9513fb2cfd8c4afb0d7bb9f5c4f6b69117f/docs/leaderboards.md,table=perDatasetLinearTable|table_update=2026-04-08|model_row=VIRCHOW2|task_column=tcga_uniform,2026-08-05,machine_parsed_single_source,not_reported,thunder@3d1cc9513fb2cfd8c4afb0d7bb9f5c4f6b69117f:docs/leaderboards.md -> parse_thunder_scores -> scores.csv,parsed_primary_source
virchow-2,VIRCHOW2,not_reported,thunder.wilds.linear_probing,90,90,thunder,f1,https://github.com/MICS-Lab/thunder/blob/3d1cc9513fb2cfd8c4afb0d7bb9f5c4f6b69117f/docs/leaderboards.md,table=perDatasetLinearTable|table_update=2026-04-08|model_row=VIRCHOW2|task_column=wilds,2026-08-05,machine_parsed_single_source,not_reported,thunder@3d1cc9513fb2cfd8c4afb0d7bb9f5c4f6b69117f:docs/leaderboards.md -> parse_thunder_scores -> scores.csv,parsed_primary_source
virchow-2,VIRCHOW2,not_reported,thunder.spider_breast.linear_probing,87.2,87.2,thunder,f1,https://github.com/MICS-Lab/thunder/blob/3d1cc9513fb2cfd8c4afb0d7bb9f5c4f6b69117f/docs/leaderboards.md,table=perDatasetLinearTable|table_update=2026-04-08|model_row=VIRCHOW2|task_column=spider_breast,2026-08-05,machine_parsed_single_source,not_reported,thunder@3d1cc9513fb2cfd8c4afb0d7bb9f5c4f6b69117f:docs/leaderboards.md -> parse_thunder_scores -> scores.csv,parsed_primary_source
virchow-2,VIRCHOW2,not_reported,thunder.spider_colorectal.linear_probing,90.8,90.8,thunder,f1,https://github.com/MICS-Lab/thunder/blob/3d1cc9513fb2cfd8c4afb0d7bb9f5c4f6b69117f/docs/leaderboards.md,table=perDatasetLinearTable|table_update=2026-04-08|model_row=VIRCHOW2|task_column=spider_colorectal,2026-08-05,machine_parsed_single_source,not_reported,thunder@3d1cc9513fb2cfd8c4afb0d7bb9f5c4f6b69117f:docs/leaderboards.md -> parse_thunder_scores -> scores.csv,parsed_primary_source
virchow-2,VIRCHOW2,not_reported,thunder.spider_skin.linear_probing,92,92,thunder,f1,https://github.com/MICS-Lab/thunder/blob/3d1cc9513fb2cfd8c4afb0d7bb9f5c4f6b69117f/docs/leaderboards.md,table=perDatasetLinearTable|table_update=2026-04-08|model_row=VIRCHOW2|task_column=spider_skin,2026-08-05,machine_parsed_single_source,not_reported,thunder@3d1cc9513fb2cfd8c4afb0d7bb9f5c4f6b69117f:docs/leaderboards.md -> parse_thunder_scores -> scores.csv,parsed_primary_source
virchow-2,VIRCHOW2,not_reported,thunder.spider_thorax.linear_probing,93.9,93.9,thunder,f1,https://github.com/MICS-Lab/thunder/blob/3d1cc9513fb2cfd8c4afb0d7bb9f5c4f6b69117f/docs/leaderboards.md,table=perDatasetLinearTable|table_update=2026-04-08|model_row=VIRCHOW2|task_column=spider_thorax,2026-08-05,machine_parsed_single_source,not_reported,thunder@3d1cc9513fb2cfd8c4afb0d7bb9f5c4f6b69117f:docs/leaderboards.md -> parse_thunder_scores -> scores.csv,parsed_primary_source
conch,CONCH,not_reported,thunder.bach.linear_probing,84.4,84.4,thunder,f1,https://github.com/MICS-Lab/thunder/blob/3d1cc9513fb2cfd8c4afb0d7bb9f5c4f6b69117f/docs/leaderboards.md,table=perDatasetLinearTable|table_update=2026-04-08|model_row=CONCH|task_column=bach,2026-08-05,machine_parsed_single_source,not_reported,thunder@3d1cc9513fb2cfd8c4afb0d7bb9f5c4f6b69117f:docs/leaderboards.md -> parse_thunder_scores -> scores.csv,parsed_primary_source
conch,CONCH,not_reported,thunder.bracs.linear_probing,60,60,thunder,f1,https://github.com/MICS-Lab/thunder/blob/3d1cc9513fb2cfd8c4afb0d7bb9f5c4f6b69117f/docs/leaderboards.md,table=perDatasetLinearTable|table_update=2026-04-08|model_row=CONCH|task_column=bracs,2026-08-05,machine_parsed_single_source,not_reported,thunder@3d1cc9513fb2cfd8c4afb0d7bb9f5c4f6b69117f:docs/leaderboards.md -> parse_thunder_scores -> scores.csv,parsed_primary_source
conch,CONCH,not_reported,thunder.break_his.linear_probing,68.8,68.8,thunder,f1,https://github.com/MICS-Lab/thunder/blob/3d1cc9513fb2cfd8c4afb0d7bb9f5c4f6b69117f/docs/leaderboards.md,table=perDatasetLinearTable|table_update=2026-04-08|model_row=CONCH|task_column=break_his,2026-08-05,machine_parsed_single_source,not_reported,thunder@3d1cc9513fb2cfd8c4afb0d7bb9f5c4f6b69117f:docs/leaderboards.md -> parse_thunder_scores -> scores.csv,parsed_primary_source
conch,CONCH,not_reported,thunder.ccrcc.linear_probing,88.1,88.1,thunder,f1,https://github.com/MICS-Lab/thunder/blob/3d1cc9513fb2cfd8c4afb0d7bb9f5c4f6b69117f/docs/leaderboards.md,table=perDatasetLinearTable|table_update=2026-04-08|model_row=CONCH|task_column=ccrcc,2026-08-05,machine_parsed_single_source,not_reported,thunder@3d1cc9513fb2cfd8c4afb0d7bb9f5c4f6b69117f:docs/leaderboards.md -> parse_thunder_scores -> scores.csv,parsed_primary_source
conch,CONCH,not_reported,thunder.crc.linear_probing,93.4,93.4,thunder,f1,https://github.com/MICS-Lab/thunder/blob/3d1cc9513fb2cfd8c4afb0d7bb9f5c4f6b69117f/docs/leaderboards.md,table=perDatasetLinearTable|table_update=2026-04-08|model_row=CONCH|task_column=crc,2026-08-05,machine_parsed_single_source,not_reported,thunder@3d1cc9513fb2cfd8c4afb0d7bb9f5c4f6b69117f:docs/leaderboards.md -> parse_thunder_scores -> scores.csv,parsed_primary_source
conch,CONCH,not_reported,thunder.esca.linear_probing,80.1,80.1,thunder,f1,https://github.com/MICS-Lab/thunder/blob/3d1cc9513fb2cfd8c4afb0d7bb9f5c4f6b69117f/docs/leaderboards.md,table=perDatasetLinearTable|table_update=2026-04-08|model_row=CONCH|task_column=esca,2026-08-05,machine_parsed_single_source,not_reported,thunder@3d1cc9513fb2cfd8c4afb0d7bb9f5c4f6b69117f:docs/leaderboards.md -> parse_thunder_scores -> scores.csv,parsed_primary_source
conch,CONCH,not_reported,thunder.mhist.linear_probing,79.7,79.7,thunder,f1,https://github.com/MICS-Lab/thunder/blob/3d1cc9513fb2cfd8c4afb0d7bb9f5c4f6b69117f/docs/leaderboards.md,table=perDatasetLinearTable|table_update=2026-04-08|model_row=CONCH|task_column=mhist,2026-08-05,machine_parsed_single_source,not_reported,thunder@3d1cc9513fb2cfd8c4afb0d7bb9f5c4f6b69117f:docs/leaderboards.md -> parse_thunder_scores -> scores.csv,parsed_primary_source
conch,CONCH,not_reported,thunder.patch_camelyon.linear_probing,90.6,90.6,thunder,f1,https://github.com/MICS-Lab/thunder/blob/3d1cc9513fb2cfd8c4afb0d7bb9f5c4f6b69117f/docs/leaderboards.md,table=perDatasetLinearTable|table_update=2026-04-08|model_row=CONCH|task_column=patch_camelyon,2026-08-05,machine_parsed_single_source,not_reported,thunder@3d1cc9513fb2cfd8c4afb0d7bb9f5c4f6b69117f:docs/leaderboards.md -> parse_thunder_scores -> scores.csv,parsed_primary_source
conch,CONCH,not_reported,thunder.tcga_crc_msi.linear_probing,64.4,64.4,thunder,f1,https://github.com/MICS-Lab/thunder/blob/3d1cc9513fb2cfd8c4afb0d7bb9f5c4f6b69117f/docs/leaderboards.md,table=perDatasetLinearTable|table_update=2026-04-08|model_row=CONCH|task_column=tcga_crc_msi,2026-08-05,machine_parsed_single_source,not_reported,thunder@3d1cc9513fb2cfd8c4afb0d7bb9f5c4f6b69117f:docs/leaderboards.md -> parse_thunder_scores -> scores.csv,parsed_primary_source
conch,CONCH,not_reported,thunder.tcga_tils.linear_probing,88.1,88.1,thunder,f1,https://github.com/MICS-Lab/thunder/blob/3d1cc9513fb2cfd8c4afb0d7bb9f5c4f6b69117f/docs/leaderboards.md,table=perDatasetLinearTable|table_update=2026-04-08|model_row=CONCH|task_column=tcga_tils,2026-08-05,machine_parsed_single_source,not_reported,thunder@3d1cc9513fb2cfd8c4afb0d7bb9f5c4f6b69117f:docs/leaderboards.md -> parse_thunder_scores -> scores.csv,parsed_primary_source
conch,CONCH,not_reported,thunder.tcga_uniform.linear_probing,68,68,thunder,f1,https://github.com/MICS-Lab/thunder/blob/3d1cc9513fb2cfd8c4afb0d7bb9f5c4f6b69117f/docs/leaderboards.md,table=perDatasetLinearTable|table_update=2026-04-08|model_row=CONCH|task_column=tcga_uniform,2026-08-05,machine_parsed_single_source,not_reported,thunder@3d1cc9513fb2cfd8c4afb0d7bb9f5c4f6b69117f:docs/leaderboards.md -> parse_thunder_scores -> scores.csv,parsed_primary_source
conch,CONCH,not_reported,thunder.wilds.linear_probing,97.2,97.2,thunder,f1,https://github.com/MICS-Lab/thunder/blob/3d1cc9513fb2cfd8c4afb0d7bb9f5c4f6b69117f/docs/leaderboards.md,table=perDatasetLinearTable|table_update=2026-04-08|model_row=CONCH|task_column=wilds,2026-08-05,machine_parsed_single_source,not_reported,thunder@3d1cc9513fb2cfd8c4afb0d7bb9f5c4f6b69117f:docs/leaderboards.md -> parse_thunder_scores -> scores.csv,parsed_primary_source
conch,CONCH,not_reported,thunder.spider_breast.linear_probing,82.1,82.1,thunder,f1,https://github.com/MICS-Lab/thunder/blob/3d1cc9513fb2cfd8c4afb0d7bb9f5c4f6b69117f/docs/leaderboards.md,table=perDatasetLinearTable|table_update=2026-04-08|model_row=CONCH|task_column=spider_breast,2026-08-05,machine_parsed_single_source,not_reported,thunder@3d1cc9513fb2cfd8c4afb0d7bb9f5c4f6b69117f:docs/leaderboards.md -> parse_thunder_scores -> scores.csv,parsed_primary_source
conch,CONCH,not_reported,thunder.spider_colorectal.linear_probing,87.9,87.9,thunder,f1,https://github.com/MICS-Lab/thunder/blob/3d1cc9513fb2cfd8c4afb0d7bb9f5c4f6b69117f/docs/leaderboards.md,table=perDatasetLinearTable|table_update=2026-04-08|model_row=CONCH|task_column=spider_colorectal,2026-08-05,machine_parsed_single_source,not_reported,thunder@3d1cc9513fb2cfd8c4afb0d7bb9f5c4f6b69117f:docs/leaderboards.md -> parse_thunder_scores -> scores.csv,parsed_primary_source
conch,CONCH,not_reported,thunder.spider_skin.linear_probing,87.3,87.3,thunder,f1,https://github.com/MICS-Lab/thunder/blob/3d1cc9513fb2cfd8c4afb0d7bb9f5c4f6b69117f/docs/leaderboards.md,table=perDatasetLinearTable|table_update=2026-04-08|model_row=CONCH|task_column=spider_skin,2026-08-05,machine_parsed_single_source,not_reported,thunder@3d1cc9513fb2cfd8c4afb0d7bb9f5c4f6b69117f:docs/leaderboards.md -> parse_thunder_scores -> scores.csv,parsed_primary_source
conch,CONCH,not_reported,thunder.spider_thorax.linear_probing,91,91,thunder,f1,https://github.com/MICS-Lab/thunder/blob/3d1cc9513fb2cfd8c4afb0d7bb9f5c4f6b69117f/docs/leaderboards.md,table=perDatasetLinearTable|table_update=2026-04-08|model_row=CONCH|task_column=spider_thorax,2026-08-05,machine_parsed_single_source,not_reported,thunder@3d1cc9513fb2cfd8c4afb0d7bb9f5c4f6b69117f:docs/leaderboards.md -> parse_thunder_scores -> scores.csv,parsed_primary_source
conch-1.5,CONCH 1.5,not_reported,thunder.bach.linear_probing,76.8,76.8,thunder,f1,https://github.com/MICS-Lab/thunder/blob/3d1cc9513fb2cfd8c4afb0d7bb9f5c4f6b69117f/docs/leaderboards.md,table=perDatasetLinearTable|table_update=2026-04-08|model_row=CONCH 1.5|task_column=bach,2026-08-05,machine_parsed_single_source,not_reported,thunder@3d1cc9513fb2cfd8c4afb0d7bb9f5c4f6b69117f:docs/leaderboards.md -> parse_thunder_scores -> scores.csv,parsed_primary_source
conch-1.5,CONCH 1.5,not_reported,thunder.bracs.linear_probing,62.4,62.4,thunder,f1,https://github.com/MICS-Lab/thunder/blob/3d1cc9513fb2cfd8c4afb0d7bb9f5c4f6b69117f/docs/leaderboards.md,table=perDatasetLinearTable|table_update=2026-04-08|model_row=CONCH 1.5|task_column=bracs,2026-08-05,machine_parsed_single_source,not_reported,thunder@3d1cc9513fb2cfd8c4afb0d7bb9f5c4f6b69117f:docs/leaderboards.md -> parse_thunder_scores -> scores.csv,parsed_primary_source
conch-1.5,CONCH 1.5,not_reported,thunder.break_his.linear_probing,75.3,75.3,thunder,f1,https://github.com/MICS-Lab/thunder/blob/3d1cc9513fb2cfd8c4afb0d7bb9f5c4f6b69117f/docs/leaderboards.md,table=perDatasetLinearTable|table_update=2026-04-08|model_row=CONCH 1.5|task_column=break_his,2026-08-05,machine_parsed_single_source,not_reported,thunder@3d1cc9513fb2cfd8c4afb0d7bb9f5c4f6b69117f:docs/leaderboards.md -> parse_thunder_scores -> scores.csv,parsed_primary_source
conch-1.5,CONCH 1.5,not_reported,thunder.ccrcc.linear_probing,87.4,87.4,thunder,f1,https://github.com/MICS-Lab/thunder/blob/3d1cc9513fb2cfd8c4afb0d7bb9f5c4f6b69117f/docs/leaderboards.md,table=perDatasetLinearTable|table_update=2026-04-08|model_row=CONCH 1.5|task_column=ccrcc,2026-08-05,machine_parsed_single_source,not_reported,thunder@3d1cc9513fb2cfd8c4afb0d7bb9f5c4f6b69117f:docs/leaderboards.md -> parse_thunder_scores -> scores.csv,parsed_primary_source
conch-1.5,CONCH 1.5,not_reported,thunder.crc.linear_probing,93.8,93.8,thunder,f1,https://github.com/MICS-Lab/thunder/blob/3d1cc9513fb2cfd8c4afb0d7bb9f5c4f6b69117f/docs/leaderboards.md,table=perDatasetLinearTable|table_update=2026-04-08|model_row=CONCH 1.5|task_column=crc,2026-08-05,machine_parsed_single_source,not_reported,thunder@3d1cc9513fb2cfd8c4afb0d7bb9f5c4f6b69117f:docs/leaderboards.md -> parse_thunder_scores -> scores.csv,parsed_primary_source
conch-1.5,CONCH 1.5,not_reported,thunder.esca.linear_probing,82.7,82.7,thunder,f1,https://github.com/MICS-Lab/thunder/blob/3d1cc9513fb2cfd8c4afb0d7bb9f5c4f6b69117f/docs/leaderboards.md,table=perDatasetLinearTable|table_update=2026-04-08|model_row=CONCH 1.5|task_column=esca,2026-08-05,machine_parsed_single_source,not_reported,thunder@3d1cc9513fb2cfd8c4afb0d7bb9f5c4f6b69117f:docs/leaderboards.md -> parse_thunder_scores -> scores.csv,parsed_primary_source
conch-1.5,CONCH 1.5,not_reported,thunder.mhist.linear_probing,81.2,81.2,thunder,f1,https://github.com/MICS-Lab/thunder/blob/3d1cc9513fb2cfd8c4afb0d7bb9f5c4f6b69117f/docs/leaderboards.md,table=perDatasetLinearTable|table_update=2026-04-08|model_row=CONCH 1.5|task_column=mhist,2026-08-05,machine_parsed_single_source,not_reported,thunder@3d1cc9513fb2cfd8c4afb0d7bb9f5c4f6b69117f:docs/leaderboards.md -> parse_thunder_scores -> scores.csv,parsed_primary_source
conch-1.5,CONCH 1.5,not_reported,thunder.patch_camelyon.linear_probing,91.4,91.4,thunder,f1,https://github.com/MICS-Lab/thunder/blob/3d1cc9513fb2cfd8c4afb0d7bb9f5c4f6b69117f/docs/leaderboards.md,table=perDatasetLinearTable|table_update=2026-04-08|model_row=CONCH 1.5|task_column=patch_camelyon,2026-08-05,machine_parsed_single_source,not_reported,thunder@3d1cc9513fb2cfd8c4afb0d7bb9f5c4f6b69117f:docs/leaderboards.md -> parse_thunder_scores -> scores.csv,parsed_primary_source
conch-1.5,CONCH 1.5,not_reported,thunder.tcga_crc_msi.linear_probing,62.3,62.3,thunder,f1,https://github.com/MICS-Lab/thunder/blob/3d1cc9513fb2cfd8c4afb0d7bb9f5c4f6b69117f/docs/leaderboards.md,table=perDatasetLinearTable|table_update=2026-04-08|model_row=CONCH 1.5|task_column=tcga_crc_msi,2026-08-05,machine_parsed_single_source,not_reported,thunder@3d1cc9513fb2cfd8c4afb0d7bb9f5c4f6b69117f:docs/leaderboards.md -> parse_thunder_scores -> scores.csv,parsed_primary_source
conch-1.5,CONCH 1.5,not_reported,thunder.tcga_tils.linear_probing,89.9,89.9,thunder,f1,https://github.com/MICS-Lab/thunder/blob/3d1cc9513fb2cfd8c4afb0d7bb9f5c4f6b69117f/docs/leaderboards.md,table=perDatasetLinearTable|table_update=2026-04-08|model_row=CONCH 1.5|task_column=tcga_tils,2026-08-05,machine_parsed_single_source,not_reported,thunder@3d1cc9513fb2cfd8c4afb0d7bb9f5c4f6b69117f:docs/leaderboards.md -> parse_thunder_scores -> scores.csv,parsed_primary_source
conch-1.5,CONCH 1.5,not_reported,thunder.tcga_uniform.linear_probing,69.4,69.4,thunder,f1,https://github.com/MICS-Lab/thunder/blob/3d1cc9513fb2cfd8c4afb0d7bb9f5c4f6b69117f/docs/leaderboards.md,table=perDatasetLinearTable|table_update=2026-04-08|model_row=CONCH 1.5|task_column=tcga_uniform,2026-08-05,machine_parsed_single_source,not_reported,thunder@3d1cc9513fb2cfd8c4afb0d7bb9f5c4f6b69117f:docs/leaderboards.md -> parse_thunder_scores -> scores.csv,parsed_primary_source
conch-1.5,CONCH 1.5,not_reported,thunder.wilds.linear_probing,96.7,96.7,thunder,f1,https://github.com/MICS-Lab/thunder/blob/3d1cc9513fb2cfd8c4afb0d7bb9f5c4f6b69117f/docs/leaderboards.md,table=perDatasetLinearTable|table_update=2026-04-08|model_row=CONCH 1.5|task_column=wilds,2026-08-05,machine_parsed_single_source,not_reported,thunder@3d1cc9513fb2cfd8c4afb0d7bb9f5c4f6b69117f:docs/leaderboards.md -> parse_thunder_scores -> scores.csv,parsed_primary_source
conch-1.5,CONCH 1.5,not_reported,thunder.spider_breast.linear_probing,81.6,81.6,thunder,f1,https://github.com/MICS-Lab/thunder/blob/3d1cc9513fb2cfd8c4afb0d7bb9f5c4f6b69117f/docs/leaderboards.md,table=perDatasetLinearTable|table_update=2026-04-08|model_row=CONCH 1.5|task_column=spider_breast,2026-08-05,machine_parsed_single_source,not_reported,thunder@3d1cc9513fb2cfd8c4afb0d7bb9f5c4f6b69117f:docs/leaderboards.md -> parse_thunder_scores -> scores.csv,parsed_primary_source
conch-1.5,CONCH 1.5,not_reported,thunder.spider_colorectal.linear_probing,87.4,87.4,thunder,f1,https://github.com/MICS-Lab/thunder/blob/3d1cc9513fb2cfd8c4afb0d7bb9f5c4f6b69117f/docs/leaderboards.md,table=perDatasetLinearTable|table_update=2026-04-08|model_row=CONCH 1.5|task_column=spider_colorectal,2026-08-05,machine_parsed_single_source,not_reported,thunder@3d1cc9513fb2cfd8c4afb0d7bb9f5c4f6b69117f:docs/leaderboards.md -> parse_thunder_scores -> scores.csv,parsed_primary_source
conch-1.5,CONCH 1.5,not_reported,thunder.spider_skin.linear_probing,87,87,thunder,f1,https://github.com/MICS-Lab/thunder/blob/3d1cc9513fb2cfd8c4afb0d7bb9f5c4f6b69117f/docs/leaderboards.md,table=perDatasetLinearTable|table_update=2026-04-08|model_row=CONCH 1.5|task_column=spider_skin,2026-08-05,machine_parsed_single_source,not_reported,thunder@3d1cc9513fb2cfd8c4afb0d7bb9f5c4f6b69117f:docs/leaderboards.md -> parse_thunder_scores -> scores.csv,parsed_primary_source
conch-1.5,CONCH 1.5,not_reported,thunder.spider_thorax.linear_probing,92.1,92.1,thunder,f1,https://github.com/MICS-Lab/thunder/blob/3d1cc9513fb2cfd8c4afb0d7bb9f5c4f6b69117f/docs/leaderboards.md,table=perDatasetLinearTable|table_update=2026-04-08|model_row=CONCH 1.5|task_column=spider_thorax,2026-08-05,machine_parsed_single_source,not_reported,thunder@3d1cc9513fb2cfd8c4afb0d7bb9f5c4f6b69117f:docs/leaderboards.md -> parse_thunder_scores -> scores.csv,parsed_primary_source
keep,KEEP,not_reported,thunder.bach.linear_probing,77,77,thunder,f1,https://github.com/MICS-Lab/thunder/blob/3d1cc9513fb2cfd8c4afb0d7bb9f5c4f6b69117f/docs/leaderboards.md,table=perDatasetLinearTable|table_update=2026-04-08|model_row=KEEP|task_column=bach,2026-08-05,machine_parsed_single_source,not_reported,thunder@3d1cc9513fb2cfd8c4afb0d7bb9f5c4f6b69117f:docs/leaderboards.md -> parse_thunder_scores -> scores.csv,parsed_primary_source
keep,KEEP,not_reported,thunder.bracs.linear_probing,62.2,62.2,thunder,f1,https://github.com/MICS-Lab/thunder/blob/3d1cc9513fb2cfd8c4afb0d7bb9f5c4f6b69117f/docs/leaderboards.md,table=perDatasetLinearTable|table_update=2026-04-08|model_row=KEEP|task_column=bracs,2026-08-05,machine_parsed_single_source,not_reported,thunder@3d1cc9513fb2cfd8c4afb0d7bb9f5c4f6b69117f:docs/leaderboards.md -> parse_thunder_scores -> scores.csv,parsed_primary_source
keep,KEEP,not_reported,thunder.break_his.linear_probing,65.9,65.9,thunder,f1,https://github.com/MICS-Lab/thunder/blob/3d1cc9513fb2cfd8c4afb0d7bb9f5c4f6b69117f/docs/leaderboards.md,table=perDatasetLinearTable|table_update=2026-04-08|model_row=KEEP|task_column=break_his,2026-08-05,machine_parsed_single_source,not_reported,thunder@3d1cc9513fb2cfd8c4afb0d7bb9f5c4f6b69117f:docs/leaderboards.md -> parse_thunder_scores -> scores.csv,parsed_primary_source
keep,KEEP,not_reported,thunder.ccrcc.linear_probing,93.2,93.2,thunder,f1,https://github.com/MICS-Lab/thunder/blob/3d1cc9513fb2cfd8c4afb0d7bb9f5c4f6b69117f/docs/leaderboards.md,table=perDatasetLinearTable|table_update=2026-04-08|model_row=KEEP|task_column=ccrcc,2026-08-05,machine_parsed_single_source,not_reported,thunder@3d1cc9513fb2cfd8c4afb0d7bb9f5c4f6b69117f:docs/leaderboards.md -> parse_thunder_scores -> scores.csv,parsed_primary_source
keep,KEEP,not_reported,thunder.crc.linear_probing,94.7,94.7,thunder,f1,https://github.com/MICS-Lab/thunder/blob/3d1cc9513fb2cfd8c4afb0d7bb9f5c4f6b69117f/docs/leaderboards.md,table=perDatasetLinearTable|table_update=2026-04-08|model_row=KEEP|task_column=crc,2026-08-05,machine_parsed_single_source,not_reported,thunder@3d1cc9513fb2cfd8c4afb0d7bb9f5c4f6b69117f:docs/leaderboards.md -> parse_thunder_scores -> scores.csv,parsed_primary_source
keep,KEEP,not_reported,thunder.esca.linear_probing,85.8,85.8,thunder,f1,https://github.com/MICS-Lab/thunder/blob/3d1cc9513fb2cfd8c4afb0d7bb9f5c4f6b69117f/docs/leaderboards.md,table=perDatasetLinearTable|table_update=2026-04-08|model_row=KEEP|task_column=esca,2026-08-05,machine_parsed_single_source,not_reported,thunder@3d1cc9513fb2cfd8c4afb0d7bb9f5c4f6b69117f:docs/leaderboards.md -> parse_thunder_scores -> scores.csv,parsed_primary_source
keep,KEEP,not_reported,thunder.mhist.linear_probing,76.8,76.8,thunder,f1,https://github.com/MICS-Lab/thunder/blob/3d1cc9513fb2cfd8c4afb0d7bb9f5c4f6b69117f/docs/leaderboards.md,table=perDatasetLinearTable|table_update=2026-04-08|model_row=KEEP|task_column=mhist,2026-08-05,machine_parsed_single_source,not_reported,thunder@3d1cc9513fb2cfd8c4afb0d7bb9f5c4f6b69117f:docs/leaderboards.md -> parse_thunder_scores -> scores.csv,parsed_primary_source
keep,KEEP,not_reported,thunder.patch_camelyon.linear_probing,92.6,92.6,thunder,f1,https://github.com/MICS-Lab/thunder/blob/3d1cc9513fb2cfd8c4afb0d7bb9f5c4f6b69117f/docs/leaderboards.md,table=perDatasetLinearTable|table_update=2026-04-08|model_row=KEEP|task_column=patch_camelyon,2026-08-05,machine_parsed_single_source,not_reported,thunder@3d1cc9513fb2cfd8c4afb0d7bb9f5c4f6b69117f:docs/leaderboards.md -> parse_thunder_scores -> scores.csv,parsed_primary_source
keep,KEEP,not_reported,thunder.tcga_crc_msi.linear_probing,64.9,64.9,thunder,f1,https://github.com/MICS-Lab/thunder/blob/3d1cc9513fb2cfd8c4afb0d7bb9f5c4f6b69117f/docs/leaderboards.md,table=perDatasetLinearTable|table_update=2026-04-08|model_row=KEEP|task_column=tcga_crc_msi,2026-08-05,machine_parsed_single_source,not_reported,thunder@3d1cc9513fb2cfd8c4afb0d7bb9f5c4f6b69117f:docs/leaderboards.md -> parse_thunder_scores -> scores.csv,parsed_primary_source
keep,KEEP,not_reported,thunder.tcga_tils.linear_probing,89.9,89.9,thunder,f1,https://github.com/MICS-Lab/thunder/blob/3d1cc9513fb2cfd8c4afb0d7bb9f5c4f6b69117f/docs/leaderboards.md,table=perDatasetLinearTable|table_update=2026-04-08|model_row=KEEP|task_column=tcga_tils,2026-08-05,machine_parsed_single_source,not_reported,thunder@3d1cc9513fb2cfd8c4afb0d7bb9f5c4f6b69117f:docs/leaderboards.md -> parse_thunder_scores -> scores.csv,parsed_primary_source
keep,KEEP,not_reported,thunder.tcga_uniform.linear_probing,72.7,72.7,thunder,f1,https://github.com/MICS-Lab/thunder/blob/3d1cc9513fb2cfd8c4afb0d7bb9f5c4f6b69117f/docs/leaderboards.md,table=perDatasetLinearTable|table_update=2026-04-08|model_row=KEEP|task_column=tcga_uniform,2026-08-05,machine_parsed_single_source,not_reported,thunder@3d1cc9513fb2cfd8c4afb0d7bb9f5c4f6b69117f:docs/leaderboards.md -> parse_thunder_scores -> scores.csv,parsed_primary_source
keep,KEEP,not_reported,thunder.wilds.linear_probing,97.4,97.4,thunder,f1,https://github.com/MICS-Lab/thunder/blob/3d1cc9513fb2cfd8c4afb0d7bb9f5c4f6b69117f/docs/leaderboards.md,table=perDatasetLinearTable|table_update=2026-04-08|model_row=KEEP|task_column=wilds,2026-08-05,machine_parsed_single_source,not_reported,thunder@3d1cc9513fb2cfd8c4afb0d7bb9f5c4f6b69117f:docs/leaderboards.md -> parse_thunder_scores -> scores.csv,parsed_primary_source
keep,KEEP,not_reported,thunder.spider_breast.linear_probing,85.6,85.6,thunder,f1,https://github.com/MICS-Lab/thunder/blob/3d1cc9513fb2cfd8c4afb0d7bb9f5c4f6b69117f/docs/leaderboards.md,table=perDatasetLinearTable|table_update=2026-04-08|model_row=KEEP|task_column=spider_breast,2026-08-05,machine_parsed_single_source,not_reported,thunder@3d1cc9513fb2cfd8c4afb0d7bb9f5c4f6b69117f:docs/leaderboards.md -> parse_thunder_scores -> scores.csv,parsed_primary_source
keep,KEEP,not_reported,thunder.spider_colorectal.linear_probing,89.7,89.7,thunder,f1,https://github.com/MICS-Lab/thunder/blob/3d1cc9513fb2cfd8c4afb0d7bb9f5c4f6b69117f/docs/leaderboards.md,table=perDatasetLinearTable|table_update=2026-04-08|model_row=KEEP|task_column=spider_colorectal,2026-08-05,machine_parsed_single_source,not_reported,thunder@3d1cc9513fb2cfd8c4afb0d7bb9f5c4f6b69117f:docs/leaderboards.md -> parse_thunder_scores -> scores.csv,parsed_primary_source
keep,KEEP,not_reported,thunder.spider_skin.linear_probing,89.3,89.3,thunder,f1,https://github.com/MICS-Lab/thunder/blob/3d1cc9513fb2cfd8c4afb0d7bb9f5c4f6b69117f/docs/leaderboards.md,table=perDatasetLinearTable|table_update=2026-04-08|model_row=KEEP|task_column=spider_skin,2026-08-05,machine_parsed_single_source,not_reported,thunder@3d1cc9513fb2cfd8c4afb0d7bb9f5c4f6b69117f:docs/leaderboards.md -> parse_thunder_scores -> scores.csv,parsed_primary_source
keep,KEEP,not_reported,thunder.spider_thorax.linear_probing,93.8,93.8,thunder,f1,https://github.com/MICS-Lab/thunder/blob/3d1cc9513fb2cfd8c4afb0d7bb9f5c4f6b69117f/docs/leaderboards.md,table=perDatasetLinearTable|table_update=2026-04-08|model_row=KEEP|task_column=spider_thorax,2026-08-05,machine_parsed_single_source,not_reported,thunder@3d1cc9513fb2cfd8c4afb0d7bb9f5c4f6b69117f:docs/leaderboards.md -> parse_thunder_scores -> scores.csv,parsed_primary_source
musk,MUSK,not_reported,thunder.bach.linear_probing,69.9,69.9,thunder,f1,https://github.com/MICS-Lab/thunder/blob/3d1cc9513fb2cfd8c4afb0d7bb9f5c4f6b69117f/docs/leaderboards.md,table=perDatasetLinearTable|table_update=2026-04-08|model_row=MUSK|task_column=bach,2026-08-05,machine_parsed_single_source,not_reported,thunder@3d1cc9513fb2cfd8c4afb0d7bb9f5c4f6b69117f:docs/leaderboards.md -> parse_thunder_scores -> scores.csv,parsed_primary_source
musk,MUSK,not_reported,thunder.bracs.linear_probing,63.3,63.3,thunder,f1,https://github.com/MICS-Lab/thunder/blob/3d1cc9513fb2cfd8c4afb0d7bb9f5c4f6b69117f/docs/leaderboards.md,table=perDatasetLinearTable|table_update=2026-04-08|model_row=MUSK|task_column=bracs,2026-08-05,machine_parsed_single_source,not_reported,thunder@3d1cc9513fb2cfd8c4afb0d7bb9f5c4f6b69117f:docs/leaderboards.md -> parse_thunder_scores -> scores.csv,parsed_primary_source
musk,MUSK,not_reported,thunder.break_his.linear_probing,77.6,77.6,thunder,f1,https://github.com/MICS-Lab/thunder/blob/3d1cc9513fb2cfd8c4afb0d7bb9f5c4f6b69117f/docs/leaderboards.md,table=perDatasetLinearTable|table_update=2026-04-08|model_row=MUSK|task_column=break_his,2026-08-05,machine_parsed_single_source,not_reported,thunder@3d1cc9513fb2cfd8c4afb0d7bb9f5c4f6b69117f:docs/leaderboards.md -> parse_thunder_scores -> scores.csv,parsed_primary_source
musk,MUSK,not_reported,thunder.ccrcc.linear_probing,85.3,85.3,thunder,f1,https://github.com/MICS-Lab/thunder/blob/3d1cc9513fb2cfd8c4afb0d7bb9f5c4f6b69117f/docs/leaderboards.md,table=perDatasetLinearTable|table_update=2026-04-08|model_row=MUSK|task_column=ccrcc,2026-08-05,machine_parsed_single_source,not_reported,thunder@3d1cc9513fb2cfd8c4afb0d7bb9f5c4f6b69117f:docs/leaderboards.md -> parse_thunder_scores -> scores.csv,parsed_primary_source
musk,MUSK,not_reported,thunder.crc.linear_probing,91.1,91.1,thunder,f1,https://github.com/MICS-Lab/thunder/blob/3d1cc9513fb2cfd8c4afb0d7bb9f5c4f6b69117f/docs/leaderboards.md,table=perDatasetLinearTable|table_update=2026-04-08|model_row=MUSK|task_column=crc,2026-08-05,machine_parsed_single_source,not_reported,thunder@3d1cc9513fb2cfd8c4afb0d7bb9f5c4f6b69117f:docs/leaderboards.md -> parse_thunder_scores -> scores.csv,parsed_primary_source
musk,MUSK,not_reported,thunder.esca.linear_probing,76.4,76.4,thunder,f1,https://github.com/MICS-Lab/thunder/blob/3d1cc9513fb2cfd8c4afb0d7bb9f5c4f6b69117f/docs/leaderboards.md,table=perDatasetLinearTable|table_update=2026-04-08|model_row=MUSK|task_column=esca,2026-08-05,machine_parsed_single_source,not_reported,thunder@3d1cc9513fb2cfd8c4afb0d7bb9f5c4f6b69117f:docs/leaderboards.md -> parse_thunder_scores -> scores.csv,parsed_primary_source
musk,MUSK,not_reported,thunder.mhist.linear_probing,80,80,thunder,f1,https://github.com/MICS-Lab/thunder/blob/3d1cc9513fb2cfd8c4afb0d7bb9f5c4f6b69117f/docs/leaderboards.md,table=perDatasetLinearTable|table_update=2026-04-08|model_row=MUSK|task_column=mhist,2026-08-05,machine_parsed_single_source,not_reported,thunder@3d1cc9513fb2cfd8c4afb0d7bb9f5c4f6b69117f:docs/leaderboards.md -> parse_thunder_scores -> scores.csv,parsed_primary_source
musk,MUSK,not_reported,thunder.patch_camelyon.linear_probing,89.4,89.4,thunder,f1,https://github.com/MICS-Lab/thunder/blob/3d1cc9513fb2cfd8c4afb0d7bb9f5c4f6b69117f/docs/leaderboards.md,table=perDatasetLinearTable|table_update=2026-04-08|model_row=MUSK|task_column=patch_camelyon,2026-08-05,machine_parsed_single_source,not_reported,thunder@3d1cc9513fb2cfd8c4afb0d7bb9f5c4f6b69117f:docs/leaderboards.md -> parse_thunder_scores -> scores.csv,parsed_primary_source
musk,MUSK,not_reported,thunder.tcga_crc_msi.linear_probing,63.2,63.2,thunder,f1,https://github.com/MICS-Lab/thunder/blob/3d1cc9513fb2cfd8c4afb0d7bb9f5c4f6b69117f/docs/leaderboards.md,table=perDatasetLinearTable|table_update=2026-04-08|model_row=MUSK|task_column=tcga_crc_msi,2026-08-05,machine_parsed_single_source,not_reported,thunder@3d1cc9513fb2cfd8c4afb0d7bb9f5c4f6b69117f:docs/leaderboards.md -> parse_thunder_scores -> scores.csv,parsed_primary_source
musk,MUSK,not_reported,thunder.tcga_tils.linear_probing,89.4,89.4,thunder,f1,https://github.com/MICS-Lab/thunder/blob/3d1cc9513fb2cfd8c4afb0d7bb9f5c4f6b69117f/docs/leaderboards.md,table=perDatasetLinearTable|table_update=2026-04-08|model_row=MUSK|task_column=tcga_tils,2026-08-05,machine_parsed_single_source,not_reported,thunder@3d1cc9513fb2cfd8c4afb0d7bb9f5c4f6b69117f:docs/leaderboards.md -> parse_thunder_scores -> scores.csv,parsed_primary_source
musk,MUSK,not_reported,thunder.tcga_uniform.linear_probing,66,66,thunder,f1,https://github.com/MICS-Lab/thunder/blob/3d1cc9513fb2cfd8c4afb0d7bb9f5c4f6b69117f/docs/leaderboards.md,table=perDatasetLinearTable|table_update=2026-04-08|model_row=MUSK|task_column=tcga_uniform,2026-08-05,machine_parsed_single_source,not_reported,thunder@3d1cc9513fb2cfd8c4afb0d7bb9f5c4f6b69117f:docs/leaderboards.md -> parse_thunder_scores -> scores.csv,parsed_primary_source
musk,MUSK,not_reported,thunder.wilds.linear_probing,96,96,thunder,f1,https://github.com/MICS-Lab/thunder/blob/3d1cc9513fb2cfd8c4afb0d7bb9f5c4f6b69117f/docs/leaderboards.md,table=perDatasetLinearTable|table_update=2026-04-08|model_row=MUSK|task_column=wilds,2026-08-05,machine_parsed_single_source,not_reported,thunder@3d1cc9513fb2cfd8c4afb0d7bb9f5c4f6b69117f:docs/leaderboards.md -> parse_thunder_scores -> scores.csv,parsed_primary_source
musk,MUSK,not_reported,thunder.spider_breast.linear_probing,80.6,80.6,thunder,f1,https://github.com/MICS-Lab/thunder/blob/3d1cc9513fb2cfd8c4afb0d7bb9f5c4f6b69117f/docs/leaderboards.md,table=perDatasetLinearTable|table_update=2026-04-08|model_row=MUSK|task_column=spider_breast,2026-08-05,machine_parsed_single_source,not_reported,thunder@3d1cc9513fb2cfd8c4afb0d7bb9f5c4f6b69117f:docs/leaderboards.md -> parse_thunder_scores -> scores.csv,parsed_primary_source
musk,MUSK,not_reported,thunder.spider_colorectal.linear_probing,87.9,87.9,thunder,f1,https://github.com/MICS-Lab/thunder/blob/3d1cc9513fb2cfd8c4afb0d7bb9f5c4f6b69117f/docs/leaderboards.md,table=perDatasetLinearTable|table_update=2026-04-08|model_row=MUSK|task_column=spider_colorectal,2026-08-05,machine_parsed_single_source,not_reported,thunder@3d1cc9513fb2cfd8c4afb0d7bb9f5c4f6b69117f:docs/leaderboards.md -> parse_thunder_scores -> scores.csv,parsed_primary_source
musk,MUSK,not_reported,thunder.spider_skin.linear_probing,87.6,87.6,thunder,f1,https://github.com/MICS-Lab/thunder/blob/3d1cc9513fb2cfd8c4afb0d7bb9f5c4f6b69117f/docs/leaderboards.md,table=perDatasetLinearTable|table_update=2026-04-08|model_row=MUSK|task_column=spider_skin,2026-08-05,machine_parsed_single_source,not_reported,thunder@3d1cc9513fb2cfd8c4afb0d7bb9f5c4f6b69117f:docs/leaderboards.md -> parse_thunder_scores -> scores.csv,parsed_primary_source
musk,MUSK,not_reported,thunder.spider_thorax.linear_probing,93.3,93.3,thunder,f1,https://github.com/MICS-Lab/thunder/blob/3d1cc9513fb2cfd8c4afb0d7bb9f5c4f6b69117f/docs/leaderboards.md,table=perDatasetLinearTable|table_update=2026-04-08|model_row=MUSK|task_column=spider_thorax,2026-08-05,machine_parsed_single_source,not_reported,thunder@3d1cc9513fb2cfd8c4afb0d7bb9f5c4f6b69117f:docs/leaderboards.md -> parse_thunder_scores -> scores.csv,parsed_primary_source
plip,PLIP,not_reported,thunder.bach.linear_probing,63.9,63.9,thunder,f1,https://github.com/MICS-Lab/thunder/blob/3d1cc9513fb2cfd8c4afb0d7bb9f5c4f6b69117f/docs/leaderboards.md,table=perDatasetLinearTable|table_update=2026-04-08|model_row=PLIP|task_column=bach,2026-08-05,machine_parsed_single_source,not_reported,thunder@3d1cc9513fb2cfd8c4afb0d7bb9f5c4f6b69117f:docs/leaderboards.md -> parse_thunder_scores -> scores.csv,parsed_primary_source
plip,PLIP,not_reported,thunder.bracs.linear_probing,56.5,56.5,thunder,f1,https://github.com/MICS-Lab/thunder/blob/3d1cc9513fb2cfd8c4afb0d7bb9f5c4f6b69117f/docs/leaderboards.md,table=perDatasetLinearTable|table_update=2026-04-08|model_row=PLIP|task_column=bracs,2026-08-05,machine_parsed_single_source,not_reported,thunder@3d1cc9513fb2cfd8c4afb0d7bb9f5c4f6b69117f:docs/leaderboards.md -> parse_thunder_scores -> scores.csv,parsed_primary_source
plip,PLIP,not_reported,thunder.break_his.linear_probing,47.2,47.2,thunder,f1,https://github.com/MICS-Lab/thunder/blob/3d1cc9513fb2cfd8c4afb0d7bb9f5c4f6b69117f/docs/leaderboards.md,table=perDatasetLinearTable|table_update=2026-04-08|model_row=PLIP|task_column=break_his,2026-08-05,machine_parsed_single_source,not_reported,thunder@3d1cc9513fb2cfd8c4afb0d7bb9f5c4f6b69117f:docs/leaderboards.md -> parse_thunder_scores -> scores.csv,parsed_primary_source
plip,PLIP,not_reported,thunder.ccrcc.linear_probing,76.9,76.9,thunder,f1,https://github.com/MICS-Lab/thunder/blob/3d1cc9513fb2cfd8c4afb0d7bb9f5c4f6b69117f/docs/leaderboards.md,table=perDatasetLinearTable|table_update=2026-04-08|model_row=PLIP|task_column=ccrcc,2026-08-05,machine_parsed_single_source,not_reported,thunder@3d1cc9513fb2cfd8c4afb0d7bb9f5c4f6b69117f:docs/leaderboards.md -> parse_thunder_scores -> scores.csv,parsed_primary_source
plip,PLIP,not_reported,thunder.crc.linear_probing,88.2,88.2,thunder,f1,https://github.com/MICS-Lab/thunder/blob/3d1cc9513fb2cfd8c4afb0d7bb9f5c4f6b69117f/docs/leaderboards.md,table=perDatasetLinearTable|table_update=2026-04-08|model_row=PLIP|task_column=crc,2026-08-05,machine_parsed_single_source,not_reported,thunder@3d1cc9513fb2cfd8c4afb0d7bb9f5c4f6b69117f:docs/leaderboards.md -> parse_thunder_scores -> scores.csv,parsed_primary_source
plip,PLIP,not_reported,thunder.esca.linear_probing,65.7,65.7,thunder,f1,https://github.com/MICS-Lab/thunder/blob/3d1cc9513fb2cfd8c4afb0d7bb9f5c4f6b69117f/docs/leaderboards.md,table=perDatasetLinearTable|table_update=2026-04-08|model_row=PLIP|task_column=esca,2026-08-05,machine_parsed_single_source,not_reported,thunder@3d1cc9513fb2cfd8c4afb0d7bb9f5c4f6b69117f:docs/leaderboards.md -> parse_thunder_scores -> scores.csv,parsed_primary_source
plip,PLIP,not_reported,thunder.mhist.linear_probing,78.5,78.5,thunder,f1,https://github.com/MICS-Lab/thunder/blob/3d1cc9513fb2cfd8c4afb0d7bb9f5c4f6b69117f/docs/leaderboards.md,table=perDatasetLinearTable|table_update=2026-04-08|model_row=PLIP|task_column=mhist,2026-08-05,machine_parsed_single_source,not_reported,thunder@3d1cc9513fb2cfd8c4afb0d7bb9f5c4f6b69117f:docs/leaderboards.md -> parse_thunder_scores -> scores.csv,parsed_primary_source
plip,PLIP,not_reported,thunder.patch_camelyon.linear_probing,87.9,87.9,thunder,f1,https://github.com/MICS-Lab/thunder/blob/3d1cc9513fb2cfd8c4afb0d7bb9f5c4f6b69117f/docs/leaderboards.md,table=perDatasetLinearTable|table_update=2026-04-08|model_row=PLIP|task_column=patch_camelyon,2026-08-05,machine_parsed_single_source,not_reported,thunder@3d1cc9513fb2cfd8c4afb0d7bb9f5c4f6b69117f:docs/leaderboards.md -> parse_thunder_scores -> scores.csv,parsed_primary_source
plip,PLIP,not_reported,thunder.tcga_crc_msi.linear_probing,56,56,thunder,f1,https://github.com/MICS-Lab/thunder/blob/3d1cc9513fb2cfd8c4afb0d7bb9f5c4f6b69117f/docs/leaderboards.md,table=perDatasetLinearTable|table_update=2026-04-08|model_row=PLIP|task_column=tcga_crc_msi,2026-08-05,machine_parsed_single_source,not_reported,thunder@3d1cc9513fb2cfd8c4afb0d7bb9f5c4f6b69117f:docs/leaderboards.md -> parse_thunder_scores -> scores.csv,parsed_primary_source
plip,PLIP,not_reported,thunder.tcga_tils.linear_probing,87.2,87.2,thunder,f1,https://github.com/MICS-Lab/thunder/blob/3d1cc9513fb2cfd8c4afb0d7bb9f5c4f6b69117f/docs/leaderboards.md,table=perDatasetLinearTable|table_update=2026-04-08|model_row=PLIP|task_column=tcga_tils,2026-08-05,machine_parsed_single_source,not_reported,thunder@3d1cc9513fb2cfd8c4afb0d7bb9f5c4f6b69117f:docs/leaderboards.md -> parse_thunder_scores -> scores.csv,parsed_primary_source
plip,PLIP,not_reported,thunder.tcga_uniform.linear_probing,54.9,54.9,thunder,f1,https://github.com/MICS-Lab/thunder/blob/3d1cc9513fb2cfd8c4afb0d7bb9f5c4f6b69117f/docs/leaderboards.md,table=perDatasetLinearTable|table_update=2026-04-08|model_row=PLIP|task_column=tcga_uniform,2026-08-05,machine_parsed_single_source,not_reported,thunder@3d1cc9513fb2cfd8c4afb0d7bb9f5c4f6b69117f:docs/leaderboards.md -> parse_thunder_scores -> scores.csv,parsed_primary_source
plip,PLIP,not_reported,thunder.wilds.linear_probing,89,89,thunder,f1,https://github.com/MICS-Lab/thunder/blob/3d1cc9513fb2cfd8c4afb0d7bb9f5c4f6b69117f/docs/leaderboards.md,table=perDatasetLinearTable|table_update=2026-04-08|model_row=PLIP|task_column=wilds,2026-08-05,machine_parsed_single_source,not_reported,thunder@3d1cc9513fb2cfd8c4afb0d7bb9f5c4f6b69117f:docs/leaderboards.md -> parse_thunder_scores -> scores.csv,parsed_primary_source
plip,PLIP,not_reported,thunder.spider_breast.linear_probing,77.1,77.1,thunder,f1,https://github.com/MICS-Lab/thunder/blob/3d1cc9513fb2cfd8c4afb0d7bb9f5c4f6b69117f/docs/leaderboards.md,table=perDatasetLinearTable|table_update=2026-04-08|model_row=PLIP|task_column=spider_breast,2026-08-05,machine_parsed_single_source,not_reported,thunder@3d1cc9513fb2cfd8c4afb0d7bb9f5c4f6b69117f:docs/leaderboards.md -> parse_thunder_scores -> scores.csv,parsed_primary_source
plip,PLIP,not_reported,thunder.spider_colorectal.linear_probing,84.7,84.7,thunder,f1,https://github.com/MICS-Lab/thunder/blob/3d1cc9513fb2cfd8c4afb0d7bb9f5c4f6b69117f/docs/leaderboards.md,table=perDatasetLinearTable|table_update=2026-04-08|model_row=PLIP|task_column=spider_colorectal,2026-08-05,machine_parsed_single_source,not_reported,thunder@3d1cc9513fb2cfd8c4afb0d7bb9f5c4f6b69117f:docs/leaderboards.md -> parse_thunder_scores -> scores.csv,parsed_primary_source
plip,PLIP,not_reported,thunder.spider_skin.linear_probing,82.1,82.1,thunder,f1,https://github.com/MICS-Lab/thunder/blob/3d1cc9513fb2cfd8c4afb0d7bb9f5c4f6b69117f/docs/leaderboards.md,table=perDatasetLinearTable|table_update=2026-04-08|model_row=PLIP|task_column=spider_skin,2026-08-05,machine_parsed_single_source,not_reported,thunder@3d1cc9513fb2cfd8c4afb0d7bb9f5c4f6b69117f:docs/leaderboards.md -> parse_thunder_scores -> scores.csv,parsed_primary_source
plip,PLIP,not_reported,thunder.spider_thorax.linear_probing,88.6,88.6,thunder,f1,https://github.com/MICS-Lab/thunder/blob/3d1cc9513fb2cfd8c4afb0d7bb9f5c4f6b69117f/docs/leaderboards.md,table=perDatasetLinearTable|table_update=2026-04-08|model_row=PLIP|task_column=spider_thorax,2026-08-05,machine_parsed_single_source,not_reported,thunder@3d1cc9513fb2cfd8c4afb0d7bb9f5c4f6b69117f:docs/leaderboards.md -> parse_thunder_scores -> scores.csv,parsed_primary_source
quiltnet,QUILTNET,not_reported,thunder.bach.linear_probing,58.4,58.4,thunder,f1,https://github.com/MICS-Lab/thunder/blob/3d1cc9513fb2cfd8c4afb0d7bb9f5c4f6b69117f/docs/leaderboards.md,table=perDatasetLinearTable|table_update=2026-04-08|model_row=QUILTNET|task_column=bach,2026-08-05,machine_parsed_single_source,not_reported,thunder@3d1cc9513fb2cfd8c4afb0d7bb9f5c4f6b69117f:docs/leaderboards.md -> parse_thunder_scores -> scores.csv,parsed_primary_source
quiltnet,QUILTNET,not_reported,thunder.bracs.linear_probing,55.9,55.9,thunder,f1,https://github.com/MICS-Lab/thunder/blob/3d1cc9513fb2cfd8c4afb0d7bb9f5c4f6b69117f/docs/leaderboards.md,table=perDatasetLinearTable|table_update=2026-04-08|model_row=QUILTNET|task_column=bracs,2026-08-05,machine_parsed_single_source,not_reported,thunder@3d1cc9513fb2cfd8c4afb0d7bb9f5c4f6b69117f:docs/leaderboards.md -> parse_thunder_scores -> scores.csv,parsed_primary_source
quiltnet,QUILTNET,not_reported,thunder.break_his.linear_probing,62.4,62.4,thunder,f1,https://github.com/MICS-Lab/thunder/blob/3d1cc9513fb2cfd8c4afb0d7bb9f5c4f6b69117f/docs/leaderboards.md,table=perDatasetLinearTable|table_update=2026-04-08|model_row=QUILTNET|task_column=break_his,2026-08-05,machine_parsed_single_source,not_reported,thunder@3d1cc9513fb2cfd8c4afb0d7bb9f5c4f6b69117f:docs/leaderboards.md -> parse_thunder_scores -> scores.csv,parsed_primary_source
quiltnet,QUILTNET,not_reported,thunder.ccrcc.linear_probing,65.5,65.5,thunder,f1,https://github.com/MICS-Lab/thunder/blob/3d1cc9513fb2cfd8c4afb0d7bb9f5c4f6b69117f/docs/leaderboards.md,table=perDatasetLinearTable|table_update=2026-04-08|model_row=QUILTNET|task_column=ccrcc,2026-08-05,machine_parsed_single_source,not_reported,thunder@3d1cc9513fb2cfd8c4afb0d7bb9f5c4f6b69117f:docs/leaderboards.md -> parse_thunder_scores -> scores.csv,parsed_primary_source
quiltnet,QUILTNET,not_reported,thunder.crc.linear_probing,92.5,92.5,thunder,f1,https://github.com/MICS-Lab/thunder/blob/3d1cc9513fb2cfd8c4afb0d7bb9f5c4f6b69117f/docs/leaderboards.md,table=perDatasetLinearTable|table_update=2026-04-08|model_row=QUILTNET|task_column=crc,2026-08-05,machine_parsed_single_source,not_reported,thunder@3d1cc9513fb2cfd8c4afb0d7bb9f5c4f6b69117f:docs/leaderboards.md -> parse_thunder_scores -> scores.csv,parsed_primary_source
quiltnet,QUILTNET,not_reported,thunder.esca.linear_probing,61.5,61.5,thunder,f1,https://github.com/MICS-Lab/thunder/blob/3d1cc9513fb2cfd8c4afb0d7bb9f5c4f6b69117f/docs/leaderboards.md,table=perDatasetLinearTable|table_update=2026-04-08|model_row=QUILTNET|task_column=esca,2026-08-05,machine_parsed_single_source,not_reported,thunder@3d1cc9513fb2cfd8c4afb0d7bb9f5c4f6b69117f:docs/leaderboards.md -> parse_thunder_scores -> scores.csv,parsed_primary_source
quiltnet,QUILTNET,not_reported,thunder.mhist.linear_probing,73.5,73.5,thunder,f1,https://github.com/MICS-Lab/thunder/blob/3d1cc9513fb2cfd8c4afb0d7bb9f5c4f6b69117f/docs/leaderboards.md,table=perDatasetLinearTable|table_update=2026-04-08|model_row=QUILTNET|task_column=mhist,2026-08-05,machine_parsed_single_source,not_reported,thunder@3d1cc9513fb2cfd8c4afb0d7bb9f5c4f6b69117f:docs/leaderboards.md -> parse_thunder_scores -> scores.csv,parsed_primary_source
quiltnet,QUILTNET,not_reported,thunder.patch_camelyon.linear_probing,87.4,87.4,thunder,f1,https://github.com/MICS-Lab/thunder/blob/3d1cc9513fb2cfd8c4afb0d7bb9f5c4f6b69117f/docs/leaderboards.md,table=perDatasetLinearTable|table_update=2026-04-08|model_row=QUILTNET|task_column=patch_camelyon,2026-08-05,machine_parsed_single_source,not_reported,thunder@3d1cc9513fb2cfd8c4afb0d7bb9f5c4f6b69117f:docs/leaderboards.md -> parse_thunder_scores -> scores.csv,parsed_primary_source
quiltnet,QUILTNET,not_reported,thunder.tcga_crc_msi.linear_probing,59.6,59.6,thunder,f1,https://github.com/MICS-Lab/thunder/blob/3d1cc9513fb2cfd8c4afb0d7bb9f5c4f6b69117f/docs/leaderboards.md,table=perDatasetLinearTable|table_update=2026-04-08|model_row=QUILTNET|task_column=tcga_crc_msi,2026-08-05,machine_parsed_single_source,not_reported,thunder@3d1cc9513fb2cfd8c4afb0d7bb9f5c4f6b69117f:docs/leaderboards.md -> parse_thunder_scores -> scores.csv,parsed_primary_source
quiltnet,QUILTNET,not_reported,thunder.tcga_tils.linear_probing,87,87,thunder,f1,https://github.com/MICS-Lab/thunder/blob/3d1cc9513fb2cfd8c4afb0d7bb9f5c4f6b69117f/docs/leaderboards.md,table=perDatasetLinearTable|table_update=2026-04-08|model_row=QUILTNET|task_column=tcga_tils,2026-08-05,machine_parsed_single_source,not_reported,thunder@3d1cc9513fb2cfd8c4afb0d7bb9f5c4f6b69117f:docs/leaderboards.md -> parse_thunder_scores -> scores.csv,parsed_primary_source
quiltnet,QUILTNET,not_reported,thunder.tcga_uniform.linear_probing,54.1,54.1,thunder,f1,https://github.com/MICS-Lab/thunder/blob/3d1cc9513fb2cfd8c4afb0d7bb9f5c4f6b69117f/docs/leaderboards.md,table=perDatasetLinearTable|table_update=2026-04-08|model_row=QUILTNET|task_column=tcga_uniform,2026-08-05,machine_parsed_single_source,not_reported,thunder@3d1cc9513fb2cfd8c4afb0d7bb9f5c4f6b69117f:docs/leaderboards.md -> parse_thunder_scores -> scores.csv,parsed_primary_source
quiltnet,QUILTNET,not_reported,thunder.wilds.linear_probing,94.7,94.7,thunder,f1,https://github.com/MICS-Lab/thunder/blob/3d1cc9513fb2cfd8c4afb0d7bb9f5c4f6b69117f/docs/leaderboards.md,table=perDatasetLinearTable|table_update=2026-04-08|model_row=QUILTNET|task_column=wilds,2026-08-05,machine_parsed_single_source,not_reported,thunder@3d1cc9513fb2cfd8c4afb0d7bb9f5c4f6b69117f:docs/leaderboards.md -> parse_thunder_scores -> scores.csv,parsed_primary_source
quiltnet,QUILTNET,not_reported,thunder.spider_breast.linear_probing,77,77,thunder,f1,https://github.com/MICS-Lab/thunder/blob/3d1cc9513fb2cfd8c4afb0d7bb9f5c4f6b69117f/docs/leaderboards.md,table=perDatasetLinearTable|table_update=2026-04-08|model_row=QUILTNET|task_column=spider_breast,2026-08-05,machine_parsed_single_source,not_reported,thunder@3d1cc9513fb2cfd8c4afb0d7bb9f5c4f6b69117f:docs/leaderboards.md -> parse_thunder_scores -> scores.csv,parsed_primary_source
quiltnet,QUILTNET,not_reported,thunder.spider_colorectal.linear_probing,82.9,82.9,thunder,f1,https://github.com/MICS-Lab/thunder/blob/3d1cc9513fb2cfd8c4afb0d7bb9f5c4f6b69117f/docs/leaderboards.md,table=perDatasetLinearTable|table_update=2026-04-08|model_row=QUILTNET|task_column=spider_colorectal,2026-08-05,machine_parsed_single_source,not_reported,thunder@3d1cc9513fb2cfd8c4afb0d7bb9f5c4f6b69117f:docs/leaderboards.md -> parse_thunder_scores -> scores.csv,parsed_primary_source
quiltnet,QUILTNET,not_reported,thunder.spider_skin.linear_probing,81.2,81.2,thunder,f1,https://github.com/MICS-Lab/thunder/blob/3d1cc9513fb2cfd8c4afb0d7bb9f5c4f6b69117f/docs/leaderboards.md,table=perDatasetLinearTable|table_update=2026-04-08|model_row=QUILTNET|task_column=spider_skin,2026-08-05,machine_parsed_single_source,not_reported,thunder@3d1cc9513fb2cfd8c4afb0d7bb9f5c4f6b69117f:docs/leaderboards.md -> parse_thunder_scores -> scores.csv,parsed_primary_source
quiltnet,QUILTNET,not_reported,thunder.spider_thorax.linear_probing,88.5,88.5,thunder,f1,https://github.com/MICS-Lab/thunder/blob/3d1cc9513fb2cfd8c4afb0d7bb9f5c4f6b69117f/docs/leaderboards.md,table=perDatasetLinearTable|table_update=2026-04-08|model_row=QUILTNET|task_column=spider_thorax,2026-08-05,machine_parsed_single_source,not_reported,thunder@3d1cc9513fb2cfd8c4afb0d7bb9f5c4f6b69117f:docs/leaderboards.md -> parse_thunder_scores -> scores.csv,parsed_primary_source
dinov2-b,DINOv2-B,not_reported,thunder.bach.linear_probing,64.4,64.4,thunder,f1,https://github.com/MICS-Lab/thunder/blob/3d1cc9513fb2cfd8c4afb0d7bb9f5c4f6b69117f/docs/leaderboards.md,table=perDatasetLinearTable|table_update=2026-04-08|model_row=DINOv2-B|task_column=bach,2026-08-05,machine_parsed_single_source,not_reported,thunder@3d1cc9513fb2cfd8c4afb0d7bb9f5c4f6b69117f:docs/leaderboards.md -> parse_thunder_scores -> scores.csv,parsed_primary_source
dinov2-b,DINOv2-B,not_reported,thunder.bracs.linear_probing,52.9,52.9,thunder,f1,https://github.com/MICS-Lab/thunder/blob/3d1cc9513fb2cfd8c4afb0d7bb9f5c4f6b69117f/docs/leaderboards.md,table=perDatasetLinearTable|table_update=2026-04-08|model_row=DINOv2-B|task_column=bracs,2026-08-05,machine_parsed_single_source,not_reported,thunder@3d1cc9513fb2cfd8c4afb0d7bb9f5c4f6b69117f:docs/leaderboards.md -> parse_thunder_scores -> scores.csv,parsed_primary_source
dinov2-b,DINOv2-B,not_reported,thunder.break_his.linear_probing,77.8,77.8,thunder,f1,https://github.com/MICS-Lab/thunder/blob/3d1cc9513fb2cfd8c4afb0d7bb9f5c4f6b69117f/docs/leaderboards.md,table=perDatasetLinearTable|table_update=2026-04-08|model_row=DINOv2-B|task_column=break_his,2026-08-05,machine_parsed_single_source,not_reported,thunder@3d1cc9513fb2cfd8c4afb0d7bb9f5c4f6b69117f:docs/leaderboards.md -> parse_thunder_scores -> scores.csv,parsed_primary_source
dinov2-b,DINOv2-B,not_reported,thunder.ccrcc.linear_probing,79.7,79.7,thunder,f1,https://github.com/MICS-Lab/thunder/blob/3d1cc9513fb2cfd8c4afb0d7bb9f5c4f6b69117f/docs/leaderboards.md,table=perDatasetLinearTable|table_update=2026-04-08|model_row=DINOv2-B|task_column=ccrcc,2026-08-05,machine_parsed_single_source,not_reported,thunder@3d1cc9513fb2cfd8c4afb0d7bb9f5c4f6b69117f:docs/leaderboards.md -> parse_thunder_scores -> scores.csv,parsed_primary_source
dinov2-b,DINOv2-B,not_reported,thunder.crc.linear_probing,90.3,90.3,thunder,f1,https://github.com/MICS-Lab/thunder/blob/3d1cc9513fb2cfd8c4afb0d7bb9f5c4f6b69117f/docs/leaderboards.md,table=perDatasetLinearTable|table_update=2026-04-08|model_row=DINOv2-B|task_column=crc,2026-08-05,machine_parsed_single_source,not_reported,thunder@3d1cc9513fb2cfd8c4afb0d7bb9f5c4f6b69117f:docs/leaderboards.md -> parse_thunder_scores -> scores.csv,parsed_primary_source
dinov2-b,DINOv2-B,not_reported,thunder.esca.linear_probing,73.8,73.8,thunder,f1,https://github.com/MICS-Lab/thunder/blob/3d1cc9513fb2cfd8c4afb0d7bb9f5c4f6b69117f/docs/leaderboards.md,table=perDatasetLinearTable|table_update=2026-04-08|model_row=DINOv2-B|task_column=esca,2026-08-05,machine_parsed_single_source,not_reported,thunder@3d1cc9513fb2cfd8c4afb0d7bb9f5c4f6b69117f:docs/leaderboards.md -> parse_thunder_scores -> scores.csv,parsed_primary_source
dinov2-b,DINOv2-B,not_reported,thunder.mhist.linear_probing,82.6,82.6,thunder,f1,https://github.com/MICS-Lab/thunder/blob/3d1cc9513fb2cfd8c4afb0d7bb9f5c4f6b69117f/docs/leaderboards.md,table=perDatasetLinearTable|table_update=2026-04-08|model_row=DINOv2-B|task_column=mhist,2026-08-05,machine_parsed_single_source,not_reported,thunder@3d1cc9513fb2cfd8c4afb0d7bb9f5c4f6b69117f:docs/leaderboards.md -> parse_thunder_scores -> scores.csv,parsed_primary_source
dinov2-b,DINOv2-B,not_reported,thunder.patch_camelyon.linear_probing,86.3,86.3,thunder,f1,https://github.com/MICS-Lab/thunder/blob/3d1cc9513fb2cfd8c4afb0d7bb9f5c4f6b69117f/docs/leaderboards.md,table=perDatasetLinearTable|table_update=2026-04-08|model_row=DINOv2-B|task_column=patch_camelyon,2026-08-05,machine_parsed_single_source,not_reported,thunder@3d1cc9513fb2cfd8c4afb0d7bb9f5c4f6b69117f:docs/leaderboards.md -> parse_thunder_scores -> scores.csv,parsed_primary_source
dinov2-b,DINOv2-B,not_reported,thunder.tcga_crc_msi.linear_probing,58.6,58.6,thunder,f1,https://github.com/MICS-Lab/thunder/blob/3d1cc9513fb2cfd8c4afb0d7bb9f5c4f6b69117f/docs/leaderboards.md,table=perDatasetLinearTable|table_update=2026-04-08|model_row=DINOv2-B|task_column=tcga_crc_msi,2026-08-05,machine_parsed_single_source,not_reported,thunder@3d1cc9513fb2cfd8c4afb0d7bb9f5c4f6b69117f:docs/leaderboards.md -> parse_thunder_scores -> scores.csv,parsed_primary_source
dinov2-b,DINOv2-B,not_reported,thunder.tcga_tils.linear_probing,85.9,85.9,thunder,f1,https://github.com/MICS-Lab/thunder/blob/3d1cc9513fb2cfd8c4afb0d7bb9f5c4f6b69117f/docs/leaderboards.md,table=perDatasetLinearTable|table_update=2026-04-08|model_row=DINOv2-B|task_column=tcga_tils,2026-08-05,machine_parsed_single_source,not_reported,thunder@3d1cc9513fb2cfd8c4afb0d7bb9f5c4f6b69117f:docs/leaderboards.md -> parse_thunder_scores -> scores.csv,parsed_primary_source
dinov2-b,DINOv2-B,not_reported,thunder.tcga_uniform.linear_probing,54.4,54.4,thunder,f1,https://github.com/MICS-Lab/thunder/blob/3d1cc9513fb2cfd8c4afb0d7bb9f5c4f6b69117f/docs/leaderboards.md,table=perDatasetLinearTable|table_update=2026-04-08|model_row=DINOv2-B|task_column=tcga_uniform,2026-08-05,machine_parsed_single_source,not_reported,thunder@3d1cc9513fb2cfd8c4afb0d7bb9f5c4f6b69117f:docs/leaderboards.md -> parse_thunder_scores -> scores.csv,parsed_primary_source
dinov2-b,DINOv2-B,not_reported,thunder.wilds.linear_probing,90.7,90.7,thunder,f1,https://github.com/MICS-Lab/thunder/blob/3d1cc9513fb2cfd8c4afb0d7bb9f5c4f6b69117f/docs/leaderboards.md,table=perDatasetLinearTable|table_update=2026-04-08|model_row=DINOv2-B|task_column=wilds,2026-08-05,machine_parsed_single_source,not_reported,thunder@3d1cc9513fb2cfd8c4afb0d7bb9f5c4f6b69117f:docs/leaderboards.md -> parse_thunder_scores -> scores.csv,parsed_primary_source
dinov2-b,DINOv2-B,not_reported,thunder.spider_breast.linear_probing,76,76,thunder,f1,https://github.com/MICS-Lab/thunder/blob/3d1cc9513fb2cfd8c4afb0d7bb9f5c4f6b69117f/docs/leaderboards.md,table=perDatasetLinearTable|table_update=2026-04-08|model_row=DINOv2-B|task_column=spider_breast,2026-08-05,machine_parsed_single_source,not_reported,thunder@3d1cc9513fb2cfd8c4afb0d7bb9f5c4f6b69117f:docs/leaderboards.md -> parse_thunder_scores -> scores.csv,parsed_primary_source
dinov2-b,DINOv2-B,not_reported,thunder.spider_colorectal.linear_probing,83.9,83.9,thunder,f1,https://github.com/MICS-Lab/thunder/blob/3d1cc9513fb2cfd8c4afb0d7bb9f5c4f6b69117f/docs/leaderboards.md,table=perDatasetLinearTable|table_update=2026-04-08|model_row=DINOv2-B|task_column=spider_colorectal,2026-08-05,machine_parsed_single_source,not_reported,thunder@3d1cc9513fb2cfd8c4afb0d7bb9f5c4f6b69117f:docs/leaderboards.md -> parse_thunder_scores -> scores.csv,parsed_primary_source
dinov2-b,DINOv2-B,not_reported,thunder.spider_skin.linear_probing,80.1,80.1,thunder,f1,https://github.com/MICS-Lab/thunder/blob/3d1cc9513fb2cfd8c4afb0d7bb9f5c4f6b69117f/docs/leaderboards.md,table=perDatasetLinearTable|table_update=2026-04-08|model_row=DINOv2-B|task_column=spider_skin,2026-08-05,machine_parsed_single_source,not_reported,thunder@3d1cc9513fb2cfd8c4afb0d7bb9f5c4f6b69117f:docs/leaderboards.md -> parse_thunder_scores -> scores.csv,parsed_primary_source
dinov2-b,DINOv2-B,not_reported,thunder.spider_thorax.linear_probing,87.6,87.6,thunder,f1,https://github.com/MICS-Lab/thunder/blob/3d1cc9513fb2cfd8c4afb0d7bb9f5c4f6b69117f/docs/leaderboards.md,table=perDatasetLinearTable|table_update=2026-04-08|model_row=DINOv2-B|task_column=spider_thorax,2026-08-05,machine_parsed_single_source,not_reported,thunder@3d1cc9513fb2cfd8c4afb0d7bb9f5c4f6b69117f:docs/leaderboards.md -> parse_thunder_scores -> scores.csv,parsed_primary_source
dinov2-l,DINOv2-L,not_reported,thunder.bach.linear_probing,68.9,68.9,thunder,f1,https://github.com/MICS-Lab/thunder/blob/3d1cc9513fb2cfd8c4afb0d7bb9f5c4f6b69117f/docs/leaderboards.md,table=perDatasetLinearTable|table_update=2026-04-08|model_row=DINOv2-L|task_column=bach,2026-08-05,machine_parsed_single_source,not_reported,thunder@3d1cc9513fb2cfd8c4afb0d7bb9f5c4f6b69117f:docs/leaderboards.md -> parse_thunder_scores -> scores.csv,parsed_primary_source
dinov2-l,DINOv2-L,not_reported,thunder.bracs.linear_probing,50.6,50.6,thunder,f1,https://github.com/MICS-Lab/thunder/blob/3d1cc9513fb2cfd8c4afb0d7bb9f5c4f6b69117f/docs/leaderboards.md,table=perDatasetLinearTable|table_update=2026-04-08|model_row=DINOv2-L|task_column=bracs,2026-08-05,machine_parsed_single_source,not_reported,thunder@3d1cc9513fb2cfd8c4afb0d7bb9f5c4f6b69117f:docs/leaderboards.md -> parse_thunder_scores -> scores.csv,parsed_primary_source
dinov2-l,DINOv2-L,not_reported,thunder.break_his.linear_probing,78.5,78.5,thunder,f1,https://github.com/MICS-Lab/thunder/blob/3d1cc9513fb2cfd8c4afb0d7bb9f5c4f6b69117f/docs/leaderboards.md,table=perDatasetLinearTable|table_update=2026-04-08|model_row=DINOv2-L|task_column=break_his,2026-08-05,machine_parsed_single_source,not_reported,thunder@3d1cc9513fb2cfd8c4afb0d7bb9f5c4f6b69117f:docs/leaderboards.md -> parse_thunder_scores -> scores.csv,parsed_primary_source
dinov2-l,DINOv2-L,not_reported,thunder.ccrcc.linear_probing,81.4,81.4,thunder,f1,https://github.com/MICS-Lab/thunder/blob/3d1cc9513fb2cfd8c4afb0d7bb9f5c4f6b69117f/docs/leaderboards.md,table=perDatasetLinearTable|table_update=2026-04-08|model_row=DINOv2-L|task_column=ccrcc,2026-08-05,machine_parsed_single_source,not_reported,thunder@3d1cc9513fb2cfd8c4afb0d7bb9f5c4f6b69117f:docs/leaderboards.md -> parse_thunder_scores -> scores.csv,parsed_primary_source
dinov2-l,DINOv2-L,not_reported,thunder.crc.linear_probing,90.7,90.7,thunder,f1,https://github.com/MICS-Lab/thunder/blob/3d1cc9513fb2cfd8c4afb0d7bb9f5c4f6b69117f/docs/leaderboards.md,table=perDatasetLinearTable|table_update=2026-04-08|model_row=DINOv2-L|task_column=crc,2026-08-05,machine_parsed_single_source,not_reported,thunder@3d1cc9513fb2cfd8c4afb0d7bb9f5c4f6b69117f:docs/leaderboards.md -> parse_thunder_scores -> scores.csv,parsed_primary_source
dinov2-l,DINOv2-L,not_reported,thunder.esca.linear_probing,72.1,72.1,thunder,f1,https://github.com/MICS-Lab/thunder/blob/3d1cc9513fb2cfd8c4afb0d7bb9f5c4f6b69117f/docs/leaderboards.md,table=perDatasetLinearTable|table_update=2026-04-08|model_row=DINOv2-L|task_column=esca,2026-08-05,machine_parsed_single_source,not_reported,thunder@3d1cc9513fb2cfd8c4afb0d7bb9f5c4f6b69117f:docs/leaderboards.md -> parse_thunder_scores -> scores.csv,parsed_primary_source
dinov2-l,DINOv2-L,not_reported,thunder.mhist.linear_probing,82.3,82.3,thunder,f1,https://github.com/MICS-Lab/thunder/blob/3d1cc9513fb2cfd8c4afb0d7bb9f5c4f6b69117f/docs/leaderboards.md,table=perDatasetLinearTable|table_update=2026-04-08|model_row=DINOv2-L|task_column=mhist,2026-08-05,machine_parsed_single_source,not_reported,thunder@3d1cc9513fb2cfd8c4afb0d7bb9f5c4f6b69117f:docs/leaderboards.md -> parse_thunder_scores -> scores.csv,parsed_primary_source
dinov2-l,DINOv2-L,not_reported,thunder.patch_camelyon.linear_probing,87.2,87.2,thunder,f1,https://github.com/MICS-Lab/thunder/blob/3d1cc9513fb2cfd8c4afb0d7bb9f5c4f6b69117f/docs/leaderboards.md,table=perDatasetLinearTable|table_update=2026-04-08|model_row=DINOv2-L|task_column=patch_camelyon,2026-08-05,machine_parsed_single_source,not_reported,thunder@3d1cc9513fb2cfd8c4afb0d7bb9f5c4f6b69117f:docs/leaderboards.md -> parse_thunder_scores -> scores.csv,parsed_primary_source
dinov2-l,DINOv2-L,not_reported,thunder.tcga_crc_msi.linear_probing,59.3,59.3,thunder,f1,https://github.com/MICS-Lab/thunder/blob/3d1cc9513fb2cfd8c4afb0d7bb9f5c4f6b69117f/docs/leaderboards.md,table=perDatasetLinearTable|table_update=2026-04-08|model_row=DINOv2-L|task_column=tcga_crc_msi,2026-08-05,machine_parsed_single_source,not_reported,thunder@3d1cc9513fb2cfd8c4afb0d7bb9f5c4f6b69117f:docs/leaderboards.md -> parse_thunder_scores -> scores.csv,parsed_primary_source
dinov2-l,DINOv2-L,not_reported,thunder.tcga_tils.linear_probing,85.9,85.9,thunder,f1,https://github.com/MICS-Lab/thunder/blob/3d1cc9513fb2cfd8c4afb0d7bb9f5c4f6b69117f/docs/leaderboards.md,table=perDatasetLinearTable|table_update=2026-04-08|model_row=DINOv2-L|task_column=tcga_tils,2026-08-05,machine_parsed_single_source,not_reported,thunder@3d1cc9513fb2cfd8c4afb0d7bb9f5c4f6b69117f:docs/leaderboards.md -> parse_thunder_scores -> scores.csv,parsed_primary_source
dinov2-l,DINOv2-L,not_reported,thunder.tcga_uniform.linear_probing,56.2,56.2,thunder,f1,https://github.com/MICS-Lab/thunder/blob/3d1cc9513fb2cfd8c4afb0d7bb9f5c4f6b69117f/docs/leaderboards.md,table=perDatasetLinearTable|table_update=2026-04-08|model_row=DINOv2-L|task_column=tcga_uniform,2026-08-05,machine_parsed_single_source,not_reported,thunder@3d1cc9513fb2cfd8c4afb0d7bb9f5c4f6b69117f:docs/leaderboards.md -> parse_thunder_scores -> scores.csv,parsed_primary_source
dinov2-l,DINOv2-L,not_reported,thunder.wilds.linear_probing,90.3,90.3,thunder,f1,https://github.com/MICS-Lab/thunder/blob/3d1cc9513fb2cfd8c4afb0d7bb9f5c4f6b69117f/docs/leaderboards.md,table=perDatasetLinearTable|table_update=2026-04-08|model_row=DINOv2-L|task_column=wilds,2026-08-05,machine_parsed_single_source,not_reported,thunder@3d1cc9513fb2cfd8c4afb0d7bb9f5c4f6b69117f:docs/leaderboards.md -> parse_thunder_scores -> scores.csv,parsed_primary_source
dinov2-l,DINOv2-L,not_reported,thunder.spider_breast.linear_probing,74,74,thunder,f1,https://github.com/MICS-Lab/thunder/blob/3d1cc9513fb2cfd8c4afb0d7bb9f5c4f6b69117f/docs/leaderboards.md,table=perDatasetLinearTable|table_update=2026-04-08|model_row=DINOv2-L|task_column=spider_breast,2026-08-05,machine_parsed_single_source,not_reported,thunder@3d1cc9513fb2cfd8c4afb0d7bb9f5c4f6b69117f:docs/leaderboards.md -> parse_thunder_scores -> scores.csv,parsed_primary_source
dinov2-l,DINOv2-L,not_reported,thunder.spider_colorectal.linear_probing,85.3,85.3,thunder,f1,https://github.com/MICS-Lab/thunder/blob/3d1cc9513fb2cfd8c4afb0d7bb9f5c4f6b69117f/docs/leaderboards.md,table=perDatasetLinearTable|table_update=2026-04-08|model_row=DINOv2-L|task_column=spider_colorectal,2026-08-05,machine_parsed_single_source,not_reported,thunder@3d1cc9513fb2cfd8c4afb0d7bb9f5c4f6b69117f:docs/leaderboards.md -> parse_thunder_scores -> scores.csv,parsed_primary_source
dinov2-l,DINOv2-L,not_reported,thunder.spider_skin.linear_probing,82.1,82.1,thunder,f1,https://github.com/MICS-Lab/thunder/blob/3d1cc9513fb2cfd8c4afb0d7bb9f5c4f6b69117f/docs/leaderboards.md,table=perDatasetLinearTable|table_update=2026-04-08|model_row=DINOv2-L|task_column=spider_skin,2026-08-05,machine_parsed_single_source,not_reported,thunder@3d1cc9513fb2cfd8c4afb0d7bb9f5c4f6b69117f:docs/leaderboards.md -> parse_thunder_scores -> scores.csv,parsed_primary_source
dinov2-l,DINOv2-L,not_reported,thunder.spider_thorax.linear_probing,87.7,87.7,thunder,f1,https://github.com/MICS-Lab/thunder/blob/3d1cc9513fb2cfd8c4afb0d7bb9f5c4f6b69117f/docs/leaderboards.md,table=perDatasetLinearTable|table_update=2026-04-08|model_row=DINOv2-L|task_column=spider_thorax,2026-08-05,machine_parsed_single_source,not_reported,thunder@3d1cc9513fb2cfd8c4afb0d7bb9f5c4f6b69117f:docs/leaderboards.md -> parse_thunder_scores -> scores.csv,parsed_primary_source
vit-b,ViT-B,not_reported,thunder.bach.linear_probing,57,57,thunder,f1,https://github.com/MICS-Lab/thunder/blob/3d1cc9513fb2cfd8c4afb0d7bb9f5c4f6b69117f/docs/leaderboards.md,table=perDatasetLinearTable|table_update=2026-04-08|model_row=ViT-B|task_column=bach,2026-08-05,machine_parsed_single_source,not_reported,thunder@3d1cc9513fb2cfd8c4afb0d7bb9f5c4f6b69117f:docs/leaderboards.md -> parse_thunder_scores -> scores.csv,parsed_primary_source
vit-b,ViT-B,not_reported,thunder.bracs.linear_probing,56.6,56.6,thunder,f1,https://github.com/MICS-Lab/thunder/blob/3d1cc9513fb2cfd8c4afb0d7bb9f5c4f6b69117f/docs/leaderboards.md,table=perDatasetLinearTable|table_update=2026-04-08|model_row=ViT-B|task_column=bracs,2026-08-05,machine_parsed_single_source,not_reported,thunder@3d1cc9513fb2cfd8c4afb0d7bb9f5c4f6b69117f:docs/leaderboards.md -> parse_thunder_scores -> scores.csv,parsed_primary_source
vit-b,ViT-B,not_reported,thunder.break_his.linear_probing,64.5,64.5,thunder,f1,https://github.com/MICS-Lab/thunder/blob/3d1cc9513fb2cfd8c4afb0d7bb9f5c4f6b69117f/docs/leaderboards.md,table=perDatasetLinearTable|table_update=2026-04-08|model_row=ViT-B|task_column=break_his,2026-08-05,machine_parsed_single_source,not_reported,thunder@3d1cc9513fb2cfd8c4afb0d7bb9f5c4f6b69117f:docs/leaderboards.md -> parse_thunder_scores -> scores.csv,parsed_primary_source
vit-b,ViT-B,not_reported,thunder.ccrcc.linear_probing,79.1,79.1,thunder,f1,https://github.com/MICS-Lab/thunder/blob/3d1cc9513fb2cfd8c4afb0d7bb9f5c4f6b69117f/docs/leaderboards.md,table=perDatasetLinearTable|table_update=2026-04-08|model_row=ViT-B|task_column=ccrcc,2026-08-05,machine_parsed_single_source,not_reported,thunder@3d1cc9513fb2cfd8c4afb0d7bb9f5c4f6b69117f:docs/leaderboards.md -> parse_thunder_scores -> scores.csv,parsed_primary_source
vit-b,ViT-B,not_reported,thunder.crc.linear_probing,90.6,90.6,thunder,f1,https://github.com/MICS-Lab/thunder/blob/3d1cc9513fb2cfd8c4afb0d7bb9f5c4f6b69117f/docs/leaderboards.md,table=perDatasetLinearTable|table_update=2026-04-08|model_row=ViT-B|task_column=crc,2026-08-05,machine_parsed_single_source,not_reported,thunder@3d1cc9513fb2cfd8c4afb0d7bb9f5c4f6b69117f:docs/leaderboards.md -> parse_thunder_scores -> scores.csv,parsed_primary_source
vit-b,ViT-B,not_reported,thunder.esca.linear_probing,62.7,62.7,thunder,f1,https://github.com/MICS-Lab/thunder/blob/3d1cc9513fb2cfd8c4afb0d7bb9f5c4f6b69117f/docs/leaderboards.md,table=perDatasetLinearTable|table_update=2026-04-08|model_row=ViT-B|task_column=esca,2026-08-05,machine_parsed_single_source,not_reported,thunder@3d1cc9513fb2cfd8c4afb0d7bb9f5c4f6b69117f:docs/leaderboards.md -> parse_thunder_scores -> scores.csv,parsed_primary_source
vit-b,ViT-B,not_reported,thunder.mhist.linear_probing,77.6,77.6,thunder,f1,https://github.com/MICS-Lab/thunder/blob/3d1cc9513fb2cfd8c4afb0d7bb9f5c4f6b69117f/docs/leaderboards.md,table=perDatasetLinearTable|table_update=2026-04-08|model_row=ViT-B|task_column=mhist,2026-08-05,machine_parsed_single_source,not_reported,thunder@3d1cc9513fb2cfd8c4afb0d7bb9f5c4f6b69117f:docs/leaderboards.md -> parse_thunder_scores -> scores.csv,parsed_primary_source
vit-b,ViT-B,not_reported,thunder.patch_camelyon.linear_probing,84.6,84.6,thunder,f1,https://github.com/MICS-Lab/thunder/blob/3d1cc9513fb2cfd8c4afb0d7bb9f5c4f6b69117f/docs/leaderboards.md,table=perDatasetLinearTable|table_update=2026-04-08|model_row=ViT-B|task_column=patch_camelyon,2026-08-05,machine_parsed_single_source,not_reported,thunder@3d1cc9513fb2cfd8c4afb0d7bb9f5c4f6b69117f:docs/leaderboards.md -> parse_thunder_scores -> scores.csv,parsed_primary_source
vit-b,ViT-B,not_reported,thunder.tcga_crc_msi.linear_probing,59.1,59.1,thunder,f1,https://github.com/MICS-Lab/thunder/blob/3d1cc9513fb2cfd8c4afb0d7bb9f5c4f6b69117f/docs/leaderboards.md,table=perDatasetLinearTable|table_update=2026-04-08|model_row=ViT-B|task_column=tcga_crc_msi,2026-08-05,machine_parsed_single_source,not_reported,thunder@3d1cc9513fb2cfd8c4afb0d7bb9f5c4f6b69117f:docs/leaderboards.md -> parse_thunder_scores -> scores.csv,parsed_primary_source
vit-b,ViT-B,not_reported,thunder.tcga_tils.linear_probing,85.8,85.8,thunder,f1,https://github.com/MICS-Lab/thunder/blob/3d1cc9513fb2cfd8c4afb0d7bb9f5c4f6b69117f/docs/leaderboards.md,table=perDatasetLinearTable|table_update=2026-04-08|model_row=ViT-B|task_column=tcga_tils,2026-08-05,machine_parsed_single_source,not_reported,thunder@3d1cc9513fb2cfd8c4afb0d7bb9f5c4f6b69117f:docs/leaderboards.md -> parse_thunder_scores -> scores.csv,parsed_primary_source
vit-b,ViT-B,not_reported,thunder.tcga_uniform.linear_probing,53.4,53.4,thunder,f1,https://github.com/MICS-Lab/thunder/blob/3d1cc9513fb2cfd8c4afb0d7bb9f5c4f6b69117f/docs/leaderboards.md,table=perDatasetLinearTable|table_update=2026-04-08|model_row=ViT-B|task_column=tcga_uniform,2026-08-05,machine_parsed_single_source,not_reported,thunder@3d1cc9513fb2cfd8c4afb0d7bb9f5c4f6b69117f:docs/leaderboards.md -> parse_thunder_scores -> scores.csv,parsed_primary_source
vit-b,ViT-B,not_reported,thunder.wilds.linear_probing,91.3,91.3,thunder,f1,https://github.com/MICS-Lab/thunder/blob/3d1cc9513fb2cfd8c4afb0d7bb9f5c4f6b69117f/docs/leaderboards.md,table=perDatasetLinearTable|table_update=2026-04-08|model_row=ViT-B|task_column=wilds,2026-08-05,machine_parsed_single_source,not_reported,thunder@3d1cc9513fb2cfd8c4afb0d7bb9f5c4f6b69117f:docs/leaderboards.md -> parse_thunder_scores -> scores.csv,parsed_primary_source
vit-b,ViT-B,not_reported,thunder.spider_breast.linear_probing,78.2,78.2,thunder,f1,https://github.com/MICS-Lab/thunder/blob/3d1cc9513fb2cfd8c4afb0d7bb9f5c4f6b69117f/docs/leaderboards.md,table=perDatasetLinearTable|table_update=2026-04-08|model_row=ViT-B|task_column=spider_breast,2026-08-05,machine_parsed_single_source,not_reported,thunder@3d1cc9513fb2cfd8c4afb0d7bb9f5c4f6b69117f:docs/leaderboards.md -> parse_thunder_scores -> scores.csv,parsed_primary_source
vit-b,ViT-B,not_reported,thunder.spider_colorectal.linear_probing,84.7,84.7,thunder,f1,https://github.com/MICS-Lab/thunder/blob/3d1cc9513fb2cfd8c4afb0d7bb9f5c4f6b69117f/docs/leaderboards.md,table=perDatasetLinearTable|table_update=2026-04-08|model_row=ViT-B|task_column=spider_colorectal,2026-08-05,machine_parsed_single_source,not_reported,thunder@3d1cc9513fb2cfd8c4afb0d7bb9f5c4f6b69117f:docs/leaderboards.md -> parse_thunder_scores -> scores.csv,parsed_primary_source
vit-b,ViT-B,not_reported,thunder.spider_skin.linear_probing,81.2,81.2,thunder,f1,https://github.com/MICS-Lab/thunder/blob/3d1cc9513fb2cfd8c4afb0d7bb9f5c4f6b69117f/docs/leaderboards.md,table=perDatasetLinearTable|table_update=2026-04-08|model_row=ViT-B|task_column=spider_skin,2026-08-05,machine_parsed_single_source,not_reported,thunder@3d1cc9513fb2cfd8c4afb0d7bb9f5c4f6b69117f:docs/leaderboards.md -> parse_thunder_scores -> scores.csv,parsed_primary_source
vit-b,ViT-B,not_reported,thunder.spider_thorax.linear_probing,87.9,87.9,thunder,f1,https://github.com/MICS-Lab/thunder/blob/3d1cc9513fb2cfd8c4afb0d7bb9f5c4f6b69117f/docs/leaderboards.md,table=perDatasetLinearTable|table_update=2026-04-08|model_row=ViT-B|task_column=spider_thorax,2026-08-05,machine_parsed_single_source,not_reported,thunder@3d1cc9513fb2cfd8c4afb0d7bb9f5c4f6b69117f:docs/leaderboards.md -> parse_thunder_scores -> scores.csv,parsed_primary_source
vit-l,ViT-L,not_reported,thunder.bach.linear_probing,56.9,56.9,thunder,f1,https://github.com/MICS-Lab/thunder/blob/3d1cc9513fb2cfd8c4afb0d7bb9f5c4f6b69117f/docs/leaderboards.md,table=perDatasetLinearTable|table_update=2026-04-08|model_row=ViT-L|task_column=bach,2026-08-05,machine_parsed_single_source,not_reported,thunder@3d1cc9513fb2cfd8c4afb0d7bb9f5c4f6b69117f:docs/leaderboards.md -> parse_thunder_scores -> scores.csv,parsed_primary_source
vit-l,ViT-L,not_reported,thunder.bracs.linear_probing,54.8,54.8,thunder,f1,https://github.com/MICS-Lab/thunder/blob/3d1cc9513fb2cfd8c4afb0d7bb9f5c4f6b69117f/docs/leaderboards.md,table=perDatasetLinearTable|table_update=2026-04-08|model_row=ViT-L|task_column=bracs,2026-08-05,machine_parsed_single_source,not_reported,thunder@3d1cc9513fb2cfd8c4afb0d7bb9f5c4f6b69117f:docs/leaderboards.md -> parse_thunder_scores -> scores.csv,parsed_primary_source
vit-l,ViT-L,not_reported,thunder.break_his.linear_probing,66.3,66.3,thunder,f1,https://github.com/MICS-Lab/thunder/blob/3d1cc9513fb2cfd8c4afb0d7bb9f5c4f6b69117f/docs/leaderboards.md,table=perDatasetLinearTable|table_update=2026-04-08|model_row=ViT-L|task_column=break_his,2026-08-05,machine_parsed_single_source,not_reported,thunder@3d1cc9513fb2cfd8c4afb0d7bb9f5c4f6b69117f:docs/leaderboards.md -> parse_thunder_scores -> scores.csv,parsed_primary_source
vit-l,ViT-L,not_reported,thunder.ccrcc.linear_probing,77.1,77.1,thunder,f1,https://github.com/MICS-Lab/thunder/blob/3d1cc9513fb2cfd8c4afb0d7bb9f5c4f6b69117f/docs/leaderboards.md,table=perDatasetLinearTable|table_update=2026-04-08|model_row=ViT-L|task_column=ccrcc,2026-08-05,machine_parsed_single_source,not_reported,thunder@3d1cc9513fb2cfd8c4afb0d7bb9f5c4f6b69117f:docs/leaderboards.md -> parse_thunder_scores -> scores.csv,parsed_primary_source
vit-l,ViT-L,not_reported,thunder.crc.linear_probing,92.8,92.8,thunder,f1,https://github.com/MICS-Lab/thunder/blob/3d1cc9513fb2cfd8c4afb0d7bb9f5c4f6b69117f/docs/leaderboards.md,table=perDatasetLinearTable|table_update=2026-04-08|model_row=ViT-L|task_column=crc,2026-08-05,machine_parsed_single_source,not_reported,thunder@3d1cc9513fb2cfd8c4afb0d7bb9f5c4f6b69117f:docs/leaderboards.md -> parse_thunder_scores -> scores.csv,parsed_primary_source
vit-l,ViT-L,not_reported,thunder.esca.linear_probing,67.9,67.9,thunder,f1,https://github.com/MICS-Lab/thunder/blob/3d1cc9513fb2cfd8c4afb0d7bb9f5c4f6b69117f/docs/leaderboards.md,table=perDatasetLinearTable|table_update=2026-04-08|model_row=ViT-L|task_column=esca,2026-08-05,machine_parsed_single_source,not_reported,thunder@3d1cc9513fb2cfd8c4afb0d7bb9f5c4f6b69117f:docs/leaderboards.md -> parse_thunder_scores -> scores.csv,parsed_primary_source
vit-l,ViT-L,not_reported,thunder.mhist.linear_probing,79.8,79.8,thunder,f1,https://github.com/MICS-Lab/thunder/blob/3d1cc9513fb2cfd8c4afb0d7bb9f5c4f6b69117f/docs/leaderboards.md,table=perDatasetLinearTable|table_update=2026-04-08|model_row=ViT-L|task_column=mhist,2026-08-05,machine_parsed_single_source,not_reported,thunder@3d1cc9513fb2cfd8c4afb0d7bb9f5c4f6b69117f:docs/leaderboards.md -> parse_thunder_scores -> scores.csv,parsed_primary_source
vit-l,ViT-L,not_reported,thunder.patch_camelyon.linear_probing,85.7,85.7,thunder,f1,https://github.com/MICS-Lab/thunder/blob/3d1cc9513fb2cfd8c4afb0d7bb9f5c4f6b69117f/docs/leaderboards.md,table=perDatasetLinearTable|table_update=2026-04-08|model_row=ViT-L|task_column=patch_camelyon,2026-08-05,machine_parsed_single_source,not_reported,thunder@3d1cc9513fb2cfd8c4afb0d7bb9f5c4f6b69117f:docs/leaderboards.md -> parse_thunder_scores -> scores.csv,parsed_primary_source
vit-l,ViT-L,not_reported,thunder.tcga_crc_msi.linear_probing,56.8,56.8,thunder,f1,https://github.com/MICS-Lab/thunder/blob/3d1cc9513fb2cfd8c4afb0d7bb9f5c4f6b69117f/docs/leaderboards.md,table=perDatasetLinearTable|table_update=2026-04-08|model_row=ViT-L|task_column=tcga_crc_msi,2026-08-05,machine_parsed_single_source,not_reported,thunder@3d1cc9513fb2cfd8c4afb0d7bb9f5c4f6b69117f:docs/leaderboards.md -> parse_thunder_scores -> scores.csv,parsed_primary_source
vit-l,ViT-L,not_reported,thunder.tcga_tils.linear_probing,87.5,87.5,thunder,f1,https://github.com/MICS-Lab/thunder/blob/3d1cc9513fb2cfd8c4afb0d7bb9f5c4f6b69117f/docs/leaderboards.md,table=perDatasetLinearTable|table_update=2026-04-08|model_row=ViT-L|task_column=tcga_tils,2026-08-05,machine_parsed_single_source,not_reported,thunder@3d1cc9513fb2cfd8c4afb0d7bb9f5c4f6b69117f:docs/leaderboards.md -> parse_thunder_scores -> scores.csv,parsed_primary_source
vit-l,ViT-L,not_reported,thunder.tcga_uniform.linear_probing,55.9,55.9,thunder,f1,https://github.com/MICS-Lab/thunder/blob/3d1cc9513fb2cfd8c4afb0d7bb9f5c4f6b69117f/docs/leaderboards.md,table=perDatasetLinearTable|table_update=2026-04-08|model_row=ViT-L|task_column=tcga_uniform,2026-08-05,machine_parsed_single_source,not_reported,thunder@3d1cc9513fb2cfd8c4afb0d7bb9f5c4f6b69117f:docs/leaderboards.md -> parse_thunder_scores -> scores.csv,parsed_primary_source
vit-l,ViT-L,not_reported,thunder.wilds.linear_probing,92.6,92.6,thunder,f1,https://github.com/MICS-Lab/thunder/blob/3d1cc9513fb2cfd8c4afb0d7bb9f5c4f6b69117f/docs/leaderboards.md,table=perDatasetLinearTable|table_update=2026-04-08|model_row=ViT-L|task_column=wilds,2026-08-05,machine_parsed_single_source,not_reported,thunder@3d1cc9513fb2cfd8c4afb0d7bb9f5c4f6b69117f:docs/leaderboards.md -> parse_thunder_scores -> scores.csv,parsed_primary_source
vit-l,ViT-L,not_reported,thunder.spider_breast.linear_probing,79.3,79.3,thunder,f1,https://github.com/MICS-Lab/thunder/blob/3d1cc9513fb2cfd8c4afb0d7bb9f5c4f6b69117f/docs/leaderboards.md,table=perDatasetLinearTable|table_update=2026-04-08|model_row=ViT-L|task_column=spider_breast,2026-08-05,machine_parsed_single_source,not_reported,thunder@3d1cc9513fb2cfd8c4afb0d7bb9f5c4f6b69117f:docs/leaderboards.md -> parse_thunder_scores -> scores.csv,parsed_primary_source
vit-l,ViT-L,not_reported,thunder.spider_colorectal.linear_probing,85.1,85.1,thunder,f1,https://github.com/MICS-Lab/thunder/blob/3d1cc9513fb2cfd8c4afb0d7bb9f5c4f6b69117f/docs/leaderboards.md,table=perDatasetLinearTable|table_update=2026-04-08|model_row=ViT-L|task_column=spider_colorectal,2026-08-05,machine_parsed_single_source,not_reported,thunder@3d1cc9513fb2cfd8c4afb0d7bb9f5c4f6b69117f:docs/leaderboards.md -> parse_thunder_scores -> scores.csv,parsed_primary_source
vit-l,ViT-L,not_reported,thunder.spider_skin.linear_probing,81.3,81.3,thunder,f1,https://github.com/MICS-Lab/thunder/blob/3d1cc9513fb2cfd8c4afb0d7bb9f5c4f6b69117f/docs/leaderboards.md,table=perDatasetLinearTable|table_update=2026-04-08|model_row=ViT-L|task_column=spider_skin,2026-08-05,machine_parsed_single_source,not_reported,thunder@3d1cc9513fb2cfd8c4afb0d7bb9f5c4f6b69117f:docs/leaderboards.md -> parse_thunder_scores -> scores.csv,parsed_primary_source
vit-l,ViT-L,not_reported,thunder.spider_thorax.linear_probing,88.5,88.5,thunder,f1,https://github.com/MICS-Lab/thunder/blob/3d1cc9513fb2cfd8c4afb0d7bb9f5c4f6b69117f/docs/leaderboards.md,table=perDatasetLinearTable|table_update=2026-04-08|model_row=ViT-L|task_column=spider_thorax,2026-08-05,machine_parsed_single_source,not_reported,thunder@3d1cc9513fb2cfd8c4afb0d7bb9f5c4f6b69117f:docs/leaderboards.md -> parse_thunder_scores -> scores.csv,parsed_primary_source
clip-b,CLIP-B,not_reported,thunder.bach.linear_probing,51.1,51.1,thunder,f1,https://github.com/MICS-Lab/thunder/blob/3d1cc9513fb2cfd8c4afb0d7bb9f5c4f6b69117f/docs/leaderboards.md,table=perDatasetLinearTable|table_update=2026-04-08|model_row=CLIP-B|task_column=bach,2026-08-05,machine_parsed_single_source,not_reported,thunder@3d1cc9513fb2cfd8c4afb0d7bb9f5c4f6b69117f:docs/leaderboards.md -> parse_thunder_scores -> scores.csv,parsed_primary_source
clip-b,CLIP-B,not_reported,thunder.bracs.linear_probing,52.4,52.4,thunder,f1,https://github.com/MICS-Lab/thunder/blob/3d1cc9513fb2cfd8c4afb0d7bb9f5c4f6b69117f/docs/leaderboards.md,table=perDatasetLinearTable|table_update=2026-04-08|model_row=CLIP-B|task_column=bracs,2026-08-05,machine_parsed_single_source,not_reported,thunder@3d1cc9513fb2cfd8c4afb0d7bb9f5c4f6b69117f:docs/leaderboards.md -> parse_thunder_scores -> scores.csv,parsed_primary_source
clip-b,CLIP-B,not_reported,thunder.break_his.linear_probing,40,40,thunder,f1,https://github.com/MICS-Lab/thunder/blob/3d1cc9513fb2cfd8c4afb0d7bb9f5c4f6b69117f/docs/leaderboards.md,table=perDatasetLinearTable|table_update=2026-04-08|model_row=CLIP-B|task_column=break_his,2026-08-05,machine_parsed_single_source,not_reported,thunder@3d1cc9513fb2cfd8c4afb0d7bb9f5c4f6b69117f:docs/leaderboards.md -> parse_thunder_scores -> scores.csv,parsed_primary_source
clip-b,CLIP-B,not_reported,thunder.ccrcc.linear_probing,73.7,73.7,thunder,f1,https://github.com/MICS-Lab/thunder/blob/3d1cc9513fb2cfd8c4afb0d7bb9f5c4f6b69117f/docs/leaderboards.md,table=perDatasetLinearTable|table_update=2026-04-08|model_row=CLIP-B|task_column=ccrcc,2026-08-05,machine_parsed_single_source,not_reported,thunder@3d1cc9513fb2cfd8c4afb0d7bb9f5c4f6b69117f:docs/leaderboards.md -> parse_thunder_scores -> scores.csv,parsed_primary_source
clip-b,CLIP-B,not_reported,thunder.crc.linear_probing,87.3,87.3,thunder,f1,https://github.com/MICS-Lab/thunder/blob/3d1cc9513fb2cfd8c4afb0d7bb9f5c4f6b69117f/docs/leaderboards.md,table=perDatasetLinearTable|table_update=2026-04-08|model_row=CLIP-B|task_column=crc,2026-08-05,machine_parsed_single_source,not_reported,thunder@3d1cc9513fb2cfd8c4afb0d7bb9f5c4f6b69117f:docs/leaderboards.md -> parse_thunder_scores -> scores.csv,parsed_primary_source
clip-b,CLIP-B,not_reported,thunder.esca.linear_probing,61,61,thunder,f1,https://github.com/MICS-Lab/thunder/blob/3d1cc9513fb2cfd8c4afb0d7bb9f5c4f6b69117f/docs/leaderboards.md,table=perDatasetLinearTable|table_update=2026-04-08|model_row=CLIP-B|task_column=esca,2026-08-05,machine_parsed_single_source,not_reported,thunder@3d1cc9513fb2cfd8c4afb0d7bb9f5c4f6b69117f:docs/leaderboards.md -> parse_thunder_scores -> scores.csv,parsed_primary_source
clip-b,CLIP-B,not_reported,thunder.mhist.linear_probing,77.5,77.5,thunder,f1,https://github.com/MICS-Lab/thunder/blob/3d1cc9513fb2cfd8c4afb0d7bb9f5c4f6b69117f/docs/leaderboards.md,table=perDatasetLinearTable|table_update=2026-04-08|model_row=CLIP-B|task_column=mhist,2026-08-05,machine_parsed_single_source,not_reported,thunder@3d1cc9513fb2cfd8c4afb0d7bb9f5c4f6b69117f:docs/leaderboards.md -> parse_thunder_scores -> scores.csv,parsed_primary_source
clip-b,CLIP-B,not_reported,thunder.patch_camelyon.linear_probing,82.7,82.7,thunder,f1,https://github.com/MICS-Lab/thunder/blob/3d1cc9513fb2cfd8c4afb0d7bb9f5c4f6b69117f/docs/leaderboards.md,table=perDatasetLinearTable|table_update=2026-04-08|model_row=CLIP-B|task_column=patch_camelyon,2026-08-05,machine_parsed_single_source,not_reported,thunder@3d1cc9513fb2cfd8c4afb0d7bb9f5c4f6b69117f:docs/leaderboards.md -> parse_thunder_scores -> scores.csv,parsed_primary_source
clip-b,CLIP-B,not_reported,thunder.tcga_crc_msi.linear_probing,49,49,thunder,f1,https://github.com/MICS-Lab/thunder/blob/3d1cc9513fb2cfd8c4afb0d7bb9f5c4f6b69117f/docs/leaderboards.md,table=perDatasetLinearTable|table_update=2026-04-08|model_row=CLIP-B|task_column=tcga_crc_msi,2026-08-05,machine_parsed_single_source,not_reported,thunder@3d1cc9513fb2cfd8c4afb0d7bb9f5c4f6b69117f:docs/leaderboards.md -> parse_thunder_scores -> scores.csv,parsed_primary_source
clip-b,CLIP-B,not_reported,thunder.tcga_tils.linear_probing,83.8,83.8,thunder,f1,https://github.com/MICS-Lab/thunder/blob/3d1cc9513fb2cfd8c4afb0d7bb9f5c4f6b69117f/docs/leaderboards.md,table=perDatasetLinearTable|table_update=2026-04-08|model_row=CLIP-B|task_column=tcga_tils,2026-08-05,machine_parsed_single_source,not_reported,thunder@3d1cc9513fb2cfd8c4afb0d7bb9f5c4f6b69117f:docs/leaderboards.md -> parse_thunder_scores -> scores.csv,parsed_primary_source
clip-b,CLIP-B,not_reported,thunder.tcga_uniform.linear_probing,47.9,47.9,thunder,f1,https://github.com/MICS-Lab/thunder/blob/3d1cc9513fb2cfd8c4afb0d7bb9f5c4f6b69117f/docs/leaderboards.md,table=perDatasetLinearTable|table_update=2026-04-08|model_row=CLIP-B|task_column=tcga_uniform,2026-08-05,machine_parsed_single_source,not_reported,thunder@3d1cc9513fb2cfd8c4afb0d7bb9f5c4f6b69117f:docs/leaderboards.md -> parse_thunder_scores -> scores.csv,parsed_primary_source
clip-b,CLIP-B,not_reported,thunder.wilds.linear_probing,83.5,83.5,thunder,f1,https://github.com/MICS-Lab/thunder/blob/3d1cc9513fb2cfd8c4afb0d7bb9f5c4f6b69117f/docs/leaderboards.md,table=perDatasetLinearTable|table_update=2026-04-08|model_row=CLIP-B|task_column=wilds,2026-08-05,machine_parsed_single_source,not_reported,thunder@3d1cc9513fb2cfd8c4afb0d7bb9f5c4f6b69117f:docs/leaderboards.md -> parse_thunder_scores -> scores.csv,parsed_primary_source
clip-b,CLIP-B,not_reported,thunder.spider_breast.linear_probing,69,69,thunder,f1,https://github.com/MICS-Lab/thunder/blob/3d1cc9513fb2cfd8c4afb0d7bb9f5c4f6b69117f/docs/leaderboards.md,table=perDatasetLinearTable|table_update=2026-04-08|model_row=CLIP-B|task_column=spider_breast,2026-08-05,machine_parsed_single_source,not_reported,thunder@3d1cc9513fb2cfd8c4afb0d7bb9f5c4f6b69117f:docs/leaderboards.md -> parse_thunder_scores -> scores.csv,parsed_primary_source
clip-b,CLIP-B,not_reported,thunder.spider_colorectal.linear_probing,81.3,81.3,thunder,f1,https://github.com/MICS-Lab/thunder/blob/3d1cc9513fb2cfd8c4afb0d7bb9f5c4f6b69117f/docs/leaderboards.md,table=perDatasetLinearTable|table_update=2026-04-08|model_row=CLIP-B|task_column=spider_colorectal,2026-08-05,machine_parsed_single_source,not_reported,thunder@3d1cc9513fb2cfd8c4afb0d7bb9f5c4f6b69117f:docs/leaderboards.md -> parse_thunder_scores -> scores.csv,parsed_primary_source
clip-b,CLIP-B,not_reported,thunder.spider_skin.linear_probing,75.8,75.8,thunder,f1,https://github.com/MICS-Lab/thunder/blob/3d1cc9513fb2cfd8c4afb0d7bb9f5c4f6b69117f/docs/leaderboards.md,table=perDatasetLinearTable|table_update=2026-04-08|model_row=CLIP-B|task_column=spider_skin,2026-08-05,machine_parsed_single_source,not_reported,thunder@3d1cc9513fb2cfd8c4afb0d7bb9f5c4f6b69117f:docs/leaderboards.md -> parse_thunder_scores -> scores.csv,parsed_primary_source
clip-b,CLIP-B,not_reported,thunder.spider_thorax.linear_probing,84.7,84.7,thunder,f1,https://github.com/MICS-Lab/thunder/blob/3d1cc9513fb2cfd8c4afb0d7bb9f5c4f6b69117f/docs/leaderboards.md,table=perDatasetLinearTable|table_update=2026-04-08|model_row=CLIP-B|task_column=spider_thorax,2026-08-05,machine_parsed_single_source,not_reported,thunder@3d1cc9513fb2cfd8c4afb0d7bb9f5c4f6b69117f:docs/leaderboards.md -> parse_thunder_scores -> scores.csv,parsed_primary_source
clip-l,CLIP-L,not_reported,thunder.bach.linear_probing,63.5,63.5,thunder,f1,https://github.com/MICS-Lab/thunder/blob/3d1cc9513fb2cfd8c4afb0d7bb9f5c4f6b69117f/docs/leaderboards.md,table=perDatasetLinearTable|table_update=2026-04-08|model_row=CLIP-L|task_column=bach,2026-08-05,machine_parsed_single_source,not_reported,thunder@3d1cc9513fb2cfd8c4afb0d7bb9f5c4f6b69117f:docs/leaderboards.md -> parse_thunder_scores -> scores.csv,parsed_primary_source
clip-l,CLIP-L,not_reported,thunder.bracs.linear_probing,56.4,56.4,thunder,f1,https://github.com/MICS-Lab/thunder/blob/3d1cc9513fb2cfd8c4afb0d7bb9f5c4f6b69117f/docs/leaderboards.md,table=perDatasetLinearTable|table_update=2026-04-08|model_row=CLIP-L|task_column=bracs,2026-08-05,machine_parsed_single_source,not_reported,thunder@3d1cc9513fb2cfd8c4afb0d7bb9f5c4f6b69117f:docs/leaderboards.md -> parse_thunder_scores -> scores.csv,parsed_primary_source
clip-l,CLIP-L,not_reported,thunder.break_his.linear_probing,54.5,54.5,thunder,f1,https://github.com/MICS-Lab/thunder/blob/3d1cc9513fb2cfd8c4afb0d7bb9f5c4f6b69117f/docs/leaderboards.md,table=perDatasetLinearTable|table_update=2026-04-08|model_row=CLIP-L|task_column=break_his,2026-08-05,machine_parsed_single_source,not_reported,thunder@3d1cc9513fb2cfd8c4afb0d7bb9f5c4f6b69117f:docs/leaderboards.md -> parse_thunder_scores -> scores.csv,parsed_primary_source
clip-l,CLIP-L,not_reported,thunder.ccrcc.linear_probing,75.9,75.9,thunder,f1,https://github.com/MICS-Lab/thunder/blob/3d1cc9513fb2cfd8c4afb0d7bb9f5c4f6b69117f/docs/leaderboards.md,table=perDatasetLinearTable|table_update=2026-04-08|model_row=CLIP-L|task_column=ccrcc,2026-08-05,machine_parsed_single_source,not_reported,thunder@3d1cc9513fb2cfd8c4afb0d7bb9f5c4f6b69117f:docs/leaderboards.md -> parse_thunder_scores -> scores.csv,parsed_primary_source
clip-l,CLIP-L,not_reported,thunder.crc.linear_probing,88.3,88.3,thunder,f1,https://github.com/MICS-Lab/thunder/blob/3d1cc9513fb2cfd8c4afb0d7bb9f5c4f6b69117f/docs/leaderboards.md,table=perDatasetLinearTable|table_update=2026-04-08|model_row=CLIP-L|task_column=crc,2026-08-05,machine_parsed_single_source,not_reported,thunder@3d1cc9513fb2cfd8c4afb0d7bb9f5c4f6b69117f:docs/leaderboards.md -> parse_thunder_scores -> scores.csv,parsed_primary_source
clip-l,CLIP-L,not_reported,thunder.esca.linear_probing,67.6,67.6,thunder,f1,https://github.com/MICS-Lab/thunder/blob/3d1cc9513fb2cfd8c4afb0d7bb9f5c4f6b69117f/docs/leaderboards.md,table=perDatasetLinearTable|table_update=2026-04-08|model_row=CLIP-L|task_column=esca,2026-08-05,machine_parsed_single_source,not_reported,thunder@3d1cc9513fb2cfd8c4afb0d7bb9f5c4f6b69117f:docs/leaderboards.md -> parse_thunder_scores -> scores.csv,parsed_primary_source
clip-l,CLIP-L,not_reported,thunder.mhist.linear_probing,79.6,79.6,thunder,f1,https://github.com/MICS-Lab/thunder/blob/3d1cc9513fb2cfd8c4afb0d7bb9f5c4f6b69117f/docs/leaderboards.md,table=perDatasetLinearTable|table_update=2026-04-08|model_row=CLIP-L|task_column=mhist,2026-08-05,machine_parsed_single_source,not_reported,thunder@3d1cc9513fb2cfd8c4afb0d7bb9f5c4f6b69117f:docs/leaderboards.md -> parse_thunder_scores -> scores.csv,parsed_primary_source
clip-l,CLIP-L,not_reported,thunder.patch_camelyon.linear_probing,85.6,85.6,thunder,f1,https://github.com/MICS-Lab/thunder/blob/3d1cc9513fb2cfd8c4afb0d7bb9f5c4f6b69117f/docs/leaderboards.md,table=perDatasetLinearTable|table_update=2026-04-08|model_row=CLIP-L|task_column=patch_camelyon,2026-08-05,machine_parsed_single_source,not_reported,thunder@3d1cc9513fb2cfd8c4afb0d7bb9f5c4f6b69117f:docs/leaderboards.md -> parse_thunder_scores -> scores.csv,parsed_primary_source
clip-l,CLIP-L,not_reported,thunder.tcga_crc_msi.linear_probing,52,52,thunder,f1,https://github.com/MICS-Lab/thunder/blob/3d1cc9513fb2cfd8c4afb0d7bb9f5c4f6b69117f/docs/leaderboards.md,table=perDatasetLinearTable|table_update=2026-04-08|model_row=CLIP-L|task_column=tcga_crc_msi,2026-08-05,machine_parsed_single_source,not_reported,thunder@3d1cc9513fb2cfd8c4afb0d7bb9f5c4f6b69117f:docs/leaderboards.md -> parse_thunder_scores -> scores.csv,parsed_primary_source
clip-l,CLIP-L,not_reported,thunder.tcga_tils.linear_probing,85,85,thunder,f1,https://github.com/MICS-Lab/thunder/blob/3d1cc9513fb2cfd8c4afb0d7bb9f5c4f6b69117f/docs/leaderboards.md,table=perDatasetLinearTable|table_update=2026-04-08|model_row=CLIP-L|task_column=tcga_tils,2026-08-05,machine_parsed_single_source,not_reported,thunder@3d1cc9513fb2cfd8c4afb0d7bb9f5c4f6b69117f:docs/leaderboards.md -> parse_thunder_scores -> scores.csv,parsed_primary_source
clip-l,CLIP-L,not_reported,thunder.tcga_uniform.linear_probing,54.1,54.1,thunder,f1,https://github.com/MICS-Lab/thunder/blob/3d1cc9513fb2cfd8c4afb0d7bb9f5c4f6b69117f/docs/leaderboards.md,table=perDatasetLinearTable|table_update=2026-04-08|model_row=CLIP-L|task_column=tcga_uniform,2026-08-05,machine_parsed_single_source,not_reported,thunder@3d1cc9513fb2cfd8c4afb0d7bb9f5c4f6b69117f:docs/leaderboards.md -> parse_thunder_scores -> scores.csv,parsed_primary_source
clip-l,CLIP-L,not_reported,thunder.wilds.linear_probing,93.2,93.2,thunder,f1,https://github.com/MICS-Lab/thunder/blob/3d1cc9513fb2cfd8c4afb0d7bb9f5c4f6b69117f/docs/leaderboards.md,table=perDatasetLinearTable|table_update=2026-04-08|model_row=CLIP-L|task_column=wilds,2026-08-05,machine_parsed_single_source,not_reported,thunder@3d1cc9513fb2cfd8c4afb0d7bb9f5c4f6b69117f:docs/leaderboards.md -> parse_thunder_scores -> scores.csv,parsed_primary_source
clip-l,CLIP-L,not_reported,thunder.spider_breast.linear_probing,73.6,73.6,thunder,f1,https://github.com/MICS-Lab/thunder/blob/3d1cc9513fb2cfd8c4afb0d7bb9f5c4f6b69117f/docs/leaderboards.md,table=perDatasetLinearTable|table_update=2026-04-08|model_row=CLIP-L|task_column=spider_breast,2026-08-05,machine_parsed_single_source,not_reported,thunder@3d1cc9513fb2cfd8c4afb0d7bb9f5c4f6b69117f:docs/leaderboards.md -> parse_thunder_scores -> scores.csv,parsed_primary_source
clip-l,CLIP-L,not_reported,thunder.spider_colorectal.linear_probing,82.8,82.8,thunder,f1,https://github.com/MICS-Lab/thunder/blob/3d1cc9513fb2cfd8c4afb0d7bb9f5c4f6b69117f/docs/leaderboards.md,table=perDatasetLinearTable|table_update=2026-04-08|model_row=CLIP-L|task_column=spider_colorectal,2026-08-05,machine_parsed_single_source,not_reported,thunder@3d1cc9513fb2cfd8c4afb0d7bb9f5c4f6b69117f:docs/leaderboards.md -> parse_thunder_scores -> scores.csv,parsed_primary_source
clip-l,CLIP-L,not_reported,thunder.spider_skin.linear_probing,78.5,78.5,thunder,f1,https://github.com/MICS-Lab/thunder/blob/3d1cc9513fb2cfd8c4afb0d7bb9f5c4f6b69117f/docs/leaderboards.md,table=perDatasetLinearTable|table_update=2026-04-08|model_row=CLIP-L|task_column=spider_skin,2026-08-05,machine_parsed_single_source,not_reported,thunder@3d1cc9513fb2cfd8c4afb0d7bb9f5c4f6b69117f:docs/leaderboards.md -> parse_thunder_scores -> scores.csv,parsed_primary_source
clip-l,CLIP-L,not_reported,thunder.spider_thorax.linear_probing,86.7,86.7,thunder,f1,https://github.com/MICS-Lab/thunder/blob/3d1cc9513fb2cfd8c4afb0d7bb9f5c4f6b69117f/docs/leaderboards.md,table=perDatasetLinearTable|table_update=2026-04-08|model_row=CLIP-L|task_column=spider_thorax,2026-08-05,machine_parsed_single_source,not_reported,thunder@3d1cc9513fb2cfd8c4afb0d7bb9f5c4f6b69117f:docs/leaderboards.md -> parse_thunder_scores -> scores.csv,parsed_primary_source
dinov3-b,DINOv3-B,not_reported,thunder.bach.linear_probing,60.3,60.3,thunder,f1,https://github.com/MICS-Lab/thunder/blob/3d1cc9513fb2cfd8c4afb0d7bb9f5c4f6b69117f/docs/leaderboards.md,table=perDatasetLinearTable|table_update=2026-04-08|model_row=DINOv3-B|task_column=bach,2026-08-05,machine_parsed_single_source,not_reported,thunder@3d1cc9513fb2cfd8c4afb0d7bb9f5c4f6b69117f:docs/leaderboards.md -> parse_thunder_scores -> scores.csv,parsed_primary_source
dinov3-b,DINOv3-B,not_reported,thunder.bracs.linear_probing,55.4,55.4,thunder,f1,https://github.com/MICS-Lab/thunder/blob/3d1cc9513fb2cfd8c4afb0d7bb9f5c4f6b69117f/docs/leaderboards.md,table=perDatasetLinearTable|table_update=2026-04-08|model_row=DINOv3-B|task_column=bracs,2026-08-05,machine_parsed_single_source,not_reported,thunder@3d1cc9513fb2cfd8c4afb0d7bb9f5c4f6b69117f:docs/leaderboards.md -> parse_thunder_scores -> scores.csv,parsed_primary_source
dinov3-b,DINOv3-B,not_reported,thunder.break_his.linear_probing,81.8,81.8,thunder,f1,https://github.com/MICS-Lab/thunder/blob/3d1cc9513fb2cfd8c4afb0d7bb9f5c4f6b69117f/docs/leaderboards.md,table=perDatasetLinearTable|table_update=2026-04-08|model_row=DINOv3-B|task_column=break_his,2026-08-05,machine_parsed_single_source,not_reported,thunder@3d1cc9513fb2cfd8c4afb0d7bb9f5c4f6b69117f:docs/leaderboards.md -> parse_thunder_scores -> scores.csv,parsed_primary_source
dinov3-b,DINOv3-B,not_reported,thunder.ccrcc.linear_probing,80.7,80.7,thunder,f1,https://github.com/MICS-Lab/thunder/blob/3d1cc9513fb2cfd8c4afb0d7bb9f5c4f6b69117f/docs/leaderboards.md,table=perDatasetLinearTable|table_update=2026-04-08|model_row=DINOv3-B|task_column=ccrcc,2026-08-05,machine_parsed_single_source,not_reported,thunder@3d1cc9513fb2cfd8c4afb0d7bb9f5c4f6b69117f:docs/leaderboards.md -> parse_thunder_scores -> scores.csv,parsed_primary_source
dinov3-b,DINOv3-B,not_reported,thunder.crc.linear_probing,89.5,89.5,thunder,f1,https://github.com/MICS-Lab/thunder/blob/3d1cc9513fb2cfd8c4afb0d7bb9f5c4f6b69117f/docs/leaderboards.md,table=perDatasetLinearTable|table_update=2026-04-08|model_row=DINOv3-B|task_column=crc,2026-08-05,machine_parsed_single_source,not_reported,thunder@3d1cc9513fb2cfd8c4afb0d7bb9f5c4f6b69117f:docs/leaderboards.md -> parse_thunder_scores -> scores.csv,parsed_primary_source
dinov3-b,DINOv3-B,not_reported,thunder.esca.linear_probing,72.9,72.9,thunder,f1,https://github.com/MICS-Lab/thunder/blob/3d1cc9513fb2cfd8c4afb0d7bb9f5c4f6b69117f/docs/leaderboards.md,table=perDatasetLinearTable|table_update=2026-04-08|model_row=DINOv3-B|task_column=esca,2026-08-05,machine_parsed_single_source,not_reported,thunder@3d1cc9513fb2cfd8c4afb0d7bb9f5c4f6b69117f:docs/leaderboards.md -> parse_thunder_scores -> scores.csv,parsed_primary_source
dinov3-b,DINOv3-B,not_reported,thunder.mhist.linear_probing,82.7,82.7,thunder,f1,https://github.com/MICS-Lab/thunder/blob/3d1cc9513fb2cfd8c4afb0d7bb9f5c4f6b69117f/docs/leaderboards.md,table=perDatasetLinearTable|table_update=2026-04-08|model_row=DINOv3-B|task_column=mhist,2026-08-05,machine_parsed_single_source,not_reported,thunder@3d1cc9513fb2cfd8c4afb0d7bb9f5c4f6b69117f:docs/leaderboards.md -> parse_thunder_scores -> scores.csv,parsed_primary_source
dinov3-b,DINOv3-B,not_reported,thunder.patch_camelyon.linear_probing,88,88,thunder,f1,https://github.com/MICS-Lab/thunder/blob/3d1cc9513fb2cfd8c4afb0d7bb9f5c4f6b69117f/docs/leaderboards.md,table=perDatasetLinearTable|table_update=2026-04-08|model_row=DINOv3-B|task_column=patch_camelyon,2026-08-05,machine_parsed_single_source,not_reported,thunder@3d1cc9513fb2cfd8c4afb0d7bb9f5c4f6b69117f:docs/leaderboards.md -> parse_thunder_scores -> scores.csv,parsed_primary_source
dinov3-b,DINOv3-B,not_reported,thunder.tcga_crc_msi.linear_probing,57.2,57.2,thunder,f1,https://github.com/MICS-Lab/thunder/blob/3d1cc9513fb2cfd8c4afb0d7bb9f5c4f6b69117f/docs/leaderboards.md,table=perDatasetLinearTable|table_update=2026-04-08|model_row=DINOv3-B|task_column=tcga_crc_msi,2026-08-05,machine_parsed_single_source,not_reported,thunder@3d1cc9513fb2cfd8c4afb0d7bb9f5c4f6b69117f:docs/leaderboards.md -> parse_thunder_scores -> scores.csv,parsed_primary_source
dinov3-b,DINOv3-B,not_reported,thunder.tcga_tils.linear_probing,86.7,86.7,thunder,f1,https://github.com/MICS-Lab/thunder/blob/3d1cc9513fb2cfd8c4afb0d7bb9f5c4f6b69117f/docs/leaderboards.md,table=perDatasetLinearTable|table_update=2026-04-08|model_row=DINOv3-B|task_column=tcga_tils,2026-08-05,machine_parsed_single_source,not_reported,thunder@3d1cc9513fb2cfd8c4afb0d7bb9f5c4f6b69117f:docs/leaderboards.md -> parse_thunder_scores -> scores.csv,parsed_primary_source
dinov3-b,DINOv3-B,not_reported,thunder.tcga_uniform.linear_probing,56.2,56.2,thunder,f1,https://github.com/MICS-Lab/thunder/blob/3d1cc9513fb2cfd8c4afb0d7bb9f5c4f6b69117f/docs/leaderboards.md,table=perDatasetLinearTable|table_update=2026-04-08|model_row=DINOv3-B|task_column=tcga_uniform,2026-08-05,machine_parsed_single_source,not_reported,thunder@3d1cc9513fb2cfd8c4afb0d7bb9f5c4f6b69117f:docs/leaderboards.md -> parse_thunder_scores -> scores.csv,parsed_primary_source
dinov3-b,DINOv3-B,not_reported,thunder.wilds.linear_probing,93.6,93.6,thunder,f1,https://github.com/MICS-Lab/thunder/blob/3d1cc9513fb2cfd8c4afb0d7bb9f5c4f6b69117f/docs/leaderboards.md,table=perDatasetLinearTable|table_update=2026-04-08|model_row=DINOv3-B|task_column=wilds,2026-08-05,machine_parsed_single_source,not_reported,thunder@3d1cc9513fb2cfd8c4afb0d7bb9f5c4f6b69117f:docs/leaderboards.md -> parse_thunder_scores -> scores.csv,parsed_primary_source
dinov3-b,DINOv3-B,not_reported,thunder.spider_breast.linear_probing,76.5,76.5,thunder,f1,https://github.com/MICS-Lab/thunder/blob/3d1cc9513fb2cfd8c4afb0d7bb9f5c4f6b69117f/docs/leaderboards.md,table=perDatasetLinearTable|table_update=2026-04-08|model_row=DINOv3-B|task_column=spider_breast,2026-08-05,machine_parsed_single_source,not_reported,thunder@3d1cc9513fb2cfd8c4afb0d7bb9f5c4f6b69117f:docs/leaderboards.md -> parse_thunder_scores -> scores.csv,parsed_primary_source
dinov3-b,DINOv3-B,not_reported,thunder.spider_colorectal.linear_probing,84.8,84.8,thunder,f1,https://github.com/MICS-Lab/thunder/blob/3d1cc9513fb2cfd8c4afb0d7bb9f5c4f6b69117f/docs/leaderboards.md,table=perDatasetLinearTable|table_update=2026-04-08|model_row=DINOv3-B|task_column=spider_colorectal,2026-08-05,machine_parsed_single_source,not_reported,thunder@3d1cc9513fb2cfd8c4afb0d7bb9f5c4f6b69117f:docs/leaderboards.md -> parse_thunder_scores -> scores.csv,parsed_primary_source
dinov3-b,DINOv3-B,not_reported,thunder.spider_skin.linear_probing,81.6,81.6,thunder,f1,https://github.com/MICS-Lab/thunder/blob/3d1cc9513fb2cfd8c4afb0d7bb9f5c4f6b69117f/docs/leaderboards.md,table=perDatasetLinearTable|table_update=2026-04-08|model_row=DINOv3-B|task_column=spider_skin,2026-08-05,machine_parsed_single_source,not_reported,thunder@3d1cc9513fb2cfd8c4afb0d7bb9f5c4f6b69117f:docs/leaderboards.md -> parse_thunder_scores -> scores.csv,parsed_primary_source
dinov3-b,DINOv3-B,not_reported,thunder.spider_thorax.linear_probing,90,90,thunder,f1,https://github.com/MICS-Lab/thunder/blob/3d1cc9513fb2cfd8c4afb0d7bb9f5c4f6b69117f/docs/leaderboards.md,table=perDatasetLinearTable|table_update=2026-04-08|model_row=DINOv3-B|task_column=spider_thorax,2026-08-05,machine_parsed_single_source,not_reported,thunder@3d1cc9513fb2cfd8c4afb0d7bb9f5c4f6b69117f:docs/leaderboards.md -> parse_thunder_scores -> scores.csv,parsed_primary_source
dinov3-l,DINOv3-L,not_reported,thunder.bach.linear_probing,57.9,57.9,thunder,f1,https://github.com/MICS-Lab/thunder/blob/3d1cc9513fb2cfd8c4afb0d7bb9f5c4f6b69117f/docs/leaderboards.md,table=perDatasetLinearTable|table_update=2026-04-08|model_row=DINOv3-L|task_column=bach,2026-08-05,machine_parsed_single_source,not_reported,thunder@3d1cc9513fb2cfd8c4afb0d7bb9f5c4f6b69117f:docs/leaderboards.md -> parse_thunder_scores -> scores.csv,parsed_primary_source
dinov3-l,DINOv3-L,not_reported,thunder.bracs.linear_probing,54.6,54.6,thunder,f1,https://github.com/MICS-Lab/thunder/blob/3d1cc9513fb2cfd8c4afb0d7bb9f5c4f6b69117f/docs/leaderboards.md,table=perDatasetLinearTable|table_update=2026-04-08|model_row=DINOv3-L|task_column=bracs,2026-08-05,machine_parsed_single_source,not_reported,thunder@3d1cc9513fb2cfd8c4afb0d7bb9f5c4f6b69117f:docs/leaderboards.md -> parse_thunder_scores -> scores.csv,parsed_primary_source
dinov3-l,DINOv3-L,not_reported,thunder.break_his.linear_probing,77.3,77.3,thunder,f1,https://github.com/MICS-Lab/thunder/blob/3d1cc9513fb2cfd8c4afb0d7bb9f5c4f6b69117f/docs/leaderboards.md,table=perDatasetLinearTable|table_update=2026-04-08|model_row=DINOv3-L|task_column=break_his,2026-08-05,machine_parsed_single_source,not_reported,thunder@3d1cc9513fb2cfd8c4afb0d7bb9f5c4f6b69117f:docs/leaderboards.md -> parse_thunder_scores -> scores.csv,parsed_primary_source
dinov3-l,DINOv3-L,not_reported,thunder.ccrcc.linear_probing,82.5,82.5,thunder,f1,https://github.com/MICS-Lab/thunder/blob/3d1cc9513fb2cfd8c4afb0d7bb9f5c4f6b69117f/docs/leaderboards.md,table=perDatasetLinearTable|table_update=2026-04-08|model_row=DINOv3-L|task_column=ccrcc,2026-08-05,machine_parsed_single_source,not_reported,thunder@3d1cc9513fb2cfd8c4afb0d7bb9f5c4f6b69117f:docs/leaderboards.md -> parse_thunder_scores -> scores.csv,parsed_primary_source
dinov3-l,DINOv3-L,not_reported,thunder.crc.linear_probing,91.5,91.5,thunder,f1,https://github.com/MICS-Lab/thunder/blob/3d1cc9513fb2cfd8c4afb0d7bb9f5c4f6b69117f/docs/leaderboards.md,table=perDatasetLinearTable|table_update=2026-04-08|model_row=DINOv3-L|task_column=crc,2026-08-05,machine_parsed_single_source,not_reported,thunder@3d1cc9513fb2cfd8c4afb0d7bb9f5c4f6b69117f:docs/leaderboards.md -> parse_thunder_scores -> scores.csv,parsed_primary_source
dinov3-l,DINOv3-L,not_reported,thunder.esca.linear_probing,76,76,thunder,f1,https://github.com/MICS-Lab/thunder/blob/3d1cc9513fb2cfd8c4afb0d7bb9f5c4f6b69117f/docs/leaderboards.md,table=perDatasetLinearTable|table_update=2026-04-08|model_row=DINOv3-L|task_column=esca,2026-08-05,machine_parsed_single_source,not_reported,thunder@3d1cc9513fb2cfd8c4afb0d7bb9f5c4f6b69117f:docs/leaderboards.md -> parse_thunder_scores -> scores.csv,parsed_primary_source
dinov3-l,DINOv3-L,not_reported,thunder.mhist.linear_probing,84.1,84.1,thunder,f1,https://github.com/MICS-Lab/thunder/blob/3d1cc9513fb2cfd8c4afb0d7bb9f5c4f6b69117f/docs/leaderboards.md,table=perDatasetLinearTable|table_update=2026-04-08|model_row=DINOv3-L|task_column=mhist,2026-08-05,machine_parsed_single_source,not_reported,thunder@3d1cc9513fb2cfd8c4afb0d7bb9f5c4f6b69117f:docs/leaderboards.md -> parse_thunder_scores -> scores.csv,parsed_primary_source
dinov3-l,DINOv3-L,not_reported,thunder.patch_camelyon.linear_probing,88.8,88.8,thunder,f1,https://github.com/MICS-Lab/thunder/blob/3d1cc9513fb2cfd8c4afb0d7bb9f5c4f6b69117f/docs/leaderboards.md,table=perDatasetLinearTable|table_update=2026-04-08|model_row=DINOv3-L|task_column=patch_camelyon,2026-08-05,machine_parsed_single_source,not_reported,thunder@3d1cc9513fb2cfd8c4afb0d7bb9f5c4f6b69117f:docs/leaderboards.md -> parse_thunder_scores -> scores.csv,parsed_primary_source
dinov3-l,DINOv3-L,not_reported,thunder.tcga_crc_msi.linear_probing,55.5,55.5,thunder,f1,https://github.com/MICS-Lab/thunder/blob/3d1cc9513fb2cfd8c4afb0d7bb9f5c4f6b69117f/docs/leaderboards.md,table=perDatasetLinearTable|table_update=2026-04-08|model_row=DINOv3-L|task_column=tcga_crc_msi,2026-08-05,machine_parsed_single_source,not_reported,thunder@3d1cc9513fb2cfd8c4afb0d7bb9f5c4f6b69117f:docs/leaderboards.md -> parse_thunder_scores -> scores.csv,parsed_primary_source
dinov3-l,DINOv3-L,not_reported,thunder.tcga_tils.linear_probing,87,87,thunder,f1,https://github.com/MICS-Lab/thunder/blob/3d1cc9513fb2cfd8c4afb0d7bb9f5c4f6b69117f/docs/leaderboards.md,table=perDatasetLinearTable|table_update=2026-04-08|model_row=DINOv3-L|task_column=tcga_tils,2026-08-05,machine_parsed_single_source,not_reported,thunder@3d1cc9513fb2cfd8c4afb0d7bb9f5c4f6b69117f:docs/leaderboards.md -> parse_thunder_scores -> scores.csv,parsed_primary_source
dinov3-l,DINOv3-L,not_reported,thunder.tcga_uniform.linear_probing,59.3,59.3,thunder,f1,https://github.com/MICS-Lab/thunder/blob/3d1cc9513fb2cfd8c4afb0d7bb9f5c4f6b69117f/docs/leaderboards.md,table=perDatasetLinearTable|table_update=2026-04-08|model_row=DINOv3-L|task_column=tcga_uniform,2026-08-05,machine_parsed_single_source,not_reported,thunder@3d1cc9513fb2cfd8c4afb0d7bb9f5c4f6b69117f:docs/leaderboards.md -> parse_thunder_scores -> scores.csv,parsed_primary_source
dinov3-l,DINOv3-L,not_reported,thunder.wilds.linear_probing,94.8,94.8,thunder,f1,https://github.com/MICS-Lab/thunder/blob/3d1cc9513fb2cfd8c4afb0d7bb9f5c4f6b69117f/docs/leaderboards.md,table=perDatasetLinearTable|table_update=2026-04-08|model_row=DINOv3-L|task_column=wilds,2026-08-05,machine_parsed_single_source,not_reported,thunder@3d1cc9513fb2cfd8c4afb0d7bb9f5c4f6b69117f:docs/leaderboards.md -> parse_thunder_scores -> scores.csv,parsed_primary_source
dinov3-l,DINOv3-L,not_reported,thunder.spider_breast.linear_probing,78.3,78.3,thunder,f1,https://github.com/MICS-Lab/thunder/blob/3d1cc9513fb2cfd8c4afb0d7bb9f5c4f6b69117f/docs/leaderboards.md,table=perDatasetLinearTable|table_update=2026-04-08|model_row=DINOv3-L|task_column=spider_breast,2026-08-05,machine_parsed_single_source,not_reported,thunder@3d1cc9513fb2cfd8c4afb0d7bb9f5c4f6b69117f:docs/leaderboards.md -> parse_thunder_scores -> scores.csv,parsed_primary_source
dinov3-l,DINOv3-L,not_reported,thunder.spider_colorectal.linear_probing,86.3,86.3,thunder,f1,https://github.com/MICS-Lab/thunder/blob/3d1cc9513fb2cfd8c4afb0d7bb9f5c4f6b69117f/docs/leaderboards.md,table=perDatasetLinearTable|table_update=2026-04-08|model_row=DINOv3-L|task_column=spider_colorectal,2026-08-05,machine_parsed_single_source,not_reported,thunder@3d1cc9513fb2cfd8c4afb0d7bb9f5c4f6b69117f:docs/leaderboards.md -> parse_thunder_scores -> scores.csv,parsed_primary_source
dinov3-l,DINOv3-L,not_reported,thunder.spider_skin.linear_probing,82.5,82.5,thunder,f1,https://github.com/MICS-Lab/thunder/blob/3d1cc9513fb2cfd8c4afb0d7bb9f5c4f6b69117f/docs/leaderboards.md,table=perDatasetLinearTable|table_update=2026-04-08|model_row=DINOv3-L|task_column=spider_skin,2026-08-05,machine_parsed_single_source,not_reported,thunder@3d1cc9513fb2cfd8c4afb0d7bb9f5c4f6b69117f:docs/leaderboards.md -> parse_thunder_scores -> scores.csv,parsed_primary_source
dinov3-l,DINOv3-L,not_reported,thunder.spider_thorax.linear_probing,90.1,90.1,thunder,f1,https://github.com/MICS-Lab/thunder/blob/3d1cc9513fb2cfd8c4afb0d7bb9f5c4f6b69117f/docs/leaderboards.md,table=perDatasetLinearTable|table_update=2026-04-08|model_row=DINOv3-L|task_column=spider_thorax,2026-08-05,machine_parsed_single_source,not_reported,thunder@3d1cc9513fb2cfd8c4afb0d7bb9f5c4f6b69117f:docs/leaderboards.md -> parse_thunder_scores -> scores.csv,parsed_primary_source
dinov3-s,DINOv3-S,not_reported,thunder.bach.linear_probing,56.4,56.4,thunder,f1,https://github.com/MICS-Lab/thunder/blob/3d1cc9513fb2cfd8c4afb0d7bb9f5c4f6b69117f/docs/leaderboards.md,table=perDatasetLinearTable|table_update=2026-04-08|model_row=DINOv3-S|task_column=bach,2026-08-05,machine_parsed_single_source,not_reported,thunder@3d1cc9513fb2cfd8c4afb0d7bb9f5c4f6b69117f:docs/leaderboards.md -> parse_thunder_scores -> scores.csv,parsed_primary_source
dinov3-s,DINOv3-S,not_reported,thunder.bracs.linear_probing,56.5,56.5,thunder,f1,https://github.com/MICS-Lab/thunder/blob/3d1cc9513fb2cfd8c4afb0d7bb9f5c4f6b69117f/docs/leaderboards.md,table=perDatasetLinearTable|table_update=2026-04-08|model_row=DINOv3-S|task_column=bracs,2026-08-05,machine_parsed_single_source,not_reported,thunder@3d1cc9513fb2cfd8c4afb0d7bb9f5c4f6b69117f:docs/leaderboards.md -> parse_thunder_scores -> scores.csv,parsed_primary_source
dinov3-s,DINOv3-S,not_reported,thunder.break_his.linear_probing,82.9,82.9,thunder,f1,https://github.com/MICS-Lab/thunder/blob/3d1cc9513fb2cfd8c4afb0d7bb9f5c4f6b69117f/docs/leaderboards.md,table=perDatasetLinearTable|table_update=2026-04-08|model_row=DINOv3-S|task_column=break_his,2026-08-05,machine_parsed_single_source,not_reported,thunder@3d1cc9513fb2cfd8c4afb0d7bb9f5c4f6b69117f:docs/leaderboards.md -> parse_thunder_scores -> scores.csv,parsed_primary_source
dinov3-s,DINOv3-S,not_reported,thunder.ccrcc.linear_probing,81.6,81.6,thunder,f1,https://github.com/MICS-Lab/thunder/blob/3d1cc9513fb2cfd8c4afb0d7bb9f5c4f6b69117f/docs/leaderboards.md,table=perDatasetLinearTable|table_update=2026-04-08|model_row=DINOv3-S|task_column=ccrcc,2026-08-05,machine_parsed_single_source,not_reported,thunder@3d1cc9513fb2cfd8c4afb0d7bb9f5c4f6b69117f:docs/leaderboards.md -> parse_thunder_scores -> scores.csv,parsed_primary_source
dinov3-s,DINOv3-S,not_reported,thunder.crc.linear_probing,91.4,91.4,thunder,f1,https://github.com/MICS-Lab/thunder/blob/3d1cc9513fb2cfd8c4afb0d7bb9f5c4f6b69117f/docs/leaderboards.md,table=perDatasetLinearTable|table_update=2026-04-08|model_row=DINOv3-S|task_column=crc,2026-08-05,machine_parsed_single_source,not_reported,thunder@3d1cc9513fb2cfd8c4afb0d7bb9f5c4f6b69117f:docs/leaderboards.md -> parse_thunder_scores -> scores.csv,parsed_primary_source
dinov3-s,DINOv3-S,not_reported,thunder.esca.linear_probing,72.6,72.6,thunder,f1,https://github.com/MICS-Lab/thunder/blob/3d1cc9513fb2cfd8c4afb0d7bb9f5c4f6b69117f/docs/leaderboards.md,table=perDatasetLinearTable|table_update=2026-04-08|model_row=DINOv3-S|task_column=esca,2026-08-05,machine_parsed_single_source,not_reported,thunder@3d1cc9513fb2cfd8c4afb0d7bb9f5c4f6b69117f:docs/leaderboards.md -> parse_thunder_scores -> scores.csv,parsed_primary_source
dinov3-s,DINOv3-S,not_reported,thunder.mhist.linear_probing,82.9,82.9,thunder,f1,https://github.com/MICS-Lab/thunder/blob/3d1cc9513fb2cfd8c4afb0d7bb9f5c4f6b69117f/docs/leaderboards.md,table=perDatasetLinearTable|table_update=2026-04-08|model_row=DINOv3-S|task_column=mhist,2026-08-05,machine_parsed_single_source,not_reported,thunder@3d1cc9513fb2cfd8c4afb0d7bb9f5c4f6b69117f:docs/leaderboards.md -> parse_thunder_scores -> scores.csv,parsed_primary_source
dinov3-s,DINOv3-S,not_reported,thunder.patch_camelyon.linear_probing,86.5,86.5,thunder,f1,https://github.com/MICS-Lab/thunder/blob/3d1cc9513fb2cfd8c4afb0d7bb9f5c4f6b69117f/docs/leaderboards.md,table=perDatasetLinearTable|table_update=2026-04-08|model_row=DINOv3-S|task_column=patch_camelyon,2026-08-05,machine_parsed_single_source,not_reported,thunder@3d1cc9513fb2cfd8c4afb0d7bb9f5c4f6b69117f:docs/leaderboards.md -> parse_thunder_scores -> scores.csv,parsed_primary_source
dinov3-s,DINOv3-S,not_reported,thunder.tcga_crc_msi.linear_probing,57.7,57.7,thunder,f1,https://github.com/MICS-Lab/thunder/blob/3d1cc9513fb2cfd8c4afb0d7bb9f5c4f6b69117f/docs/leaderboards.md,table=perDatasetLinearTable|table_update=2026-04-08|model_row=DINOv3-S|task_column=tcga_crc_msi,2026-08-05,machine_parsed_single_source,not_reported,thunder@3d1cc9513fb2cfd8c4afb0d7bb9f5c4f6b69117f:docs/leaderboards.md -> parse_thunder_scores -> scores.csv,parsed_primary_source
dinov3-s,DINOv3-S,not_reported,thunder.tcga_tils.linear_probing,86.3,86.3,thunder,f1,https://github.com/MICS-Lab/thunder/blob/3d1cc9513fb2cfd8c4afb0d7bb9f5c4f6b69117f/docs/leaderboards.md,table=perDatasetLinearTable|table_update=2026-04-08|model_row=DINOv3-S|task_column=tcga_tils,2026-08-05,machine_parsed_single_source,not_reported,thunder@3d1cc9513fb2cfd8c4afb0d7bb9f5c4f6b69117f:docs/leaderboards.md -> parse_thunder_scores -> scores.csv,parsed_primary_source
dinov3-s,DINOv3-S,not_reported,thunder.tcga_uniform.linear_probing,53.9,53.9,thunder,f1,https://github.com/MICS-Lab/thunder/blob/3d1cc9513fb2cfd8c4afb0d7bb9f5c4f6b69117f/docs/leaderboards.md,table=perDatasetLinearTable|table_update=2026-04-08|model_row=DINOv3-S|task_column=tcga_uniform,2026-08-05,machine_parsed_single_source,not_reported,thunder@3d1cc9513fb2cfd8c4afb0d7bb9f5c4f6b69117f:docs/leaderboards.md -> parse_thunder_scores -> scores.csv,parsed_primary_source
dinov3-s,DINOv3-S,not_reported,thunder.wilds.linear_probing,94.1,94.1,thunder,f1,https://github.com/MICS-Lab/thunder/blob/3d1cc9513fb2cfd8c4afb0d7bb9f5c4f6b69117f/docs/leaderboards.md,table=perDatasetLinearTable|table_update=2026-04-08|model_row=DINOv3-S|task_column=wilds,2026-08-05,machine_parsed_single_source,not_reported,thunder@3d1cc9513fb2cfd8c4afb0d7bb9f5c4f6b69117f:docs/leaderboards.md -> parse_thunder_scores -> scores.csv,parsed_primary_source
dinov3-s,DINOv3-S,not_reported,thunder.spider_breast.linear_probing,75,75,thunder,f1,https://github.com/MICS-Lab/thunder/blob/3d1cc9513fb2cfd8c4afb0d7bb9f5c4f6b69117f/docs/leaderboards.md,table=perDatasetLinearTable|table_update=2026-04-08|model_row=DINOv3-S|task_column=spider_breast,2026-08-05,machine_parsed_single_source,not_reported,thunder@3d1cc9513fb2cfd8c4afb0d7bb9f5c4f6b69117f:docs/leaderboards.md -> parse_thunder_scores -> scores.csv,parsed_primary_source
dinov3-s,DINOv3-S,not_reported,thunder.spider_colorectal.linear_probing,85,85,thunder,f1,https://github.com/MICS-Lab/thunder/blob/3d1cc9513fb2cfd8c4afb0d7bb9f5c4f6b69117f/docs/leaderboards.md,table=perDatasetLinearTable|table_update=2026-04-08|model_row=DINOv3-S|task_column=spider_colorectal,2026-08-05,machine_parsed_single_source,not_reported,thunder@3d1cc9513fb2cfd8c4afb0d7bb9f5c4f6b69117f:docs/leaderboards.md -> parse_thunder_scores -> scores.csv,parsed_primary_source
dinov3-s,DINOv3-S,not_reported,thunder.spider_skin.linear_probing,81.8,81.8,thunder,f1,https://github.com/MICS-Lab/thunder/blob/3d1cc9513fb2cfd8c4afb0d7bb9f5c4f6b69117f/docs/leaderboards.md,table=perDatasetLinearTable|table_update=2026-04-08|model_row=DINOv3-S|task_column=spider_skin,2026-08-05,machine_parsed_single_source,not_reported,thunder@3d1cc9513fb2cfd8c4afb0d7bb9f5c4f6b69117f:docs/leaderboards.md -> parse_thunder_scores -> scores.csv,parsed_primary_source
dinov3-s,DINOv3-S,not_reported,thunder.spider_thorax.linear_probing,88.2,88.2,thunder,f1,https://github.com/MICS-Lab/thunder/blob/3d1cc9513fb2cfd8c4afb0d7bb9f5c4f6b69117f/docs/leaderboards.md,table=perDatasetLinearTable|table_update=2026-04-08|model_row=DINOv3-S|task_column=spider_thorax,2026-08-05,machine_parsed_single_source,not_reported,thunder@3d1cc9513fb2cfd8c4afb0d7bb9f5c4f6b69117f:docs/leaderboards.md -> parse_thunder_scores -> scores.csv,parsed_primary_source
atlas-2,Atlas 2,not_reported,pathorob.tcga_2x2.robustness_index,0.879,87.9,pathorob,robustness_index,https://github.com/bifold-pathomics/PathoROB/blob/6583cf0b0d902c8cc032308262fa3a3befdc0687/README.md,table=Leaderboard: Robustness Index|source_snapshot_date=2026-04-02|model_row=Atlas 2|task_column=tcga_2x2,2026-08-05,machine_parsed_single_source,not_reported,pathorob@6583cf0b0d902c8cc032308262fa3a3befdc0687:README.md -> parse_pathorob_scores -> scores.csv,reported_external
atlas-2,Atlas 2,not_reported,pathorob.camelyon.robustness_index,0.94,94,pathorob,robustness_index,https://github.com/bifold-pathomics/PathoROB/blob/6583cf0b0d902c8cc032308262fa3a3befdc0687/README.md,table=Leaderboard: Robustness Index|source_snapshot_date=2026-04-02|model_row=Atlas 2|task_column=camelyon,2026-08-05,machine_parsed_single_source,not_reported,pathorob@6583cf0b0d902c8cc032308262fa3a3befdc0687:README.md -> parse_pathorob_scores -> scores.csv,reported_external
atlas-2,Atlas 2,not_reported,pathorob.tolkach_esca.robustness_index,0.964,96.4,pathorob,robustness_index,https://github.com/bifold-pathomics/PathoROB/blob/6583cf0b0d902c8cc032308262fa3a3befdc0687/README.md,table=Leaderboard: Robustness Index|source_snapshot_date=2026-04-02|model_row=Atlas 2|task_column=tolkach_esca,2026-08-05,machine_parsed_single_source,not_reported,pathorob@6583cf0b0d902c8cc032308262fa3a3befdc0687:README.md -> parse_pathorob_scores -> scores.csv,reported_external
genbio-pathfm,GenBio-PathFM,not_reported,pathorob.tcga_2x2.robustness_index,0.838,83.8,pathorob,robustness_index,https://github.com/bifold-pathomics/PathoROB/blob/6583cf0b0d902c8cc032308262fa3a3befdc0687/README.md,table=Leaderboard: Robustness Index|source_snapshot_date=2026-04-02|model_row=GenBio-PathFM|task_column=tcga_2x2,2026-08-05,machine_parsed_single_source,not_reported,pathorob@6583cf0b0d902c8cc032308262fa3a3befdc0687:README.md -> parse_pathorob_scores -> scores.csv,reported_external
genbio-pathfm,GenBio-PathFM,not_reported,pathorob.camelyon.robustness_index,0.865,86.5,pathorob,robustness_index,https://github.com/bifold-pathomics/PathoROB/blob/6583cf0b0d902c8cc032308262fa3a3befdc0687/README.md,table=Leaderboard: Robustness Index|source_snapshot_date=2026-04-02|model_row=GenBio-PathFM|task_column=camelyon,2026-08-05,machine_parsed_single_source,not_reported,pathorob@6583cf0b0d902c8cc032308262fa3a3befdc0687:README.md -> parse_pathorob_scores -> scores.csv,reported_external
genbio-pathfm,GenBio-PathFM,not_reported,pathorob.tolkach_esca.robustness_index,0.96,96,pathorob,robustness_index,https://github.com/bifold-pathomics/PathoROB/blob/6583cf0b0d902c8cc032308262fa3a3befdc0687/README.md,table=Leaderboard: Robustness Index|source_snapshot_date=2026-04-02|model_row=GenBio-PathFM|task_column=tolkach_esca,2026-08-05,machine_parsed_single_source,not_reported,pathorob@6583cf0b0d902c8cc032308262fa3a3befdc0687:README.md -> parse_pathorob_scores -> scores.csv,reported_external
virchow-2,Virchow2,not_reported,pathorob.tcga_2x2.robustness_index,0.822,82.2,pathorob,robustness_index,https://github.com/bifold-pathomics/PathoROB/blob/6583cf0b0d902c8cc032308262fa3a3befdc0687/README.md,table=Leaderboard: Robustness Index|source_snapshot_date=2026-04-02|model_row=Virchow2|task_column=tcga_2x2,2026-08-05,machine_parsed_single_source,not_reported,pathorob@6583cf0b0d902c8cc032308262fa3a3befdc0687:README.md -> parse_pathorob_scores -> scores.csv,parsed_primary_source
virchow-2,Virchow2,not_reported,pathorob.camelyon.robustness_index,0.806,80.6,pathorob,robustness_index,https://github.com/bifold-pathomics/PathoROB/blob/6583cf0b0d902c8cc032308262fa3a3befdc0687/README.md,table=Leaderboard: Robustness Index|source_snapshot_date=2026-04-02|model_row=Virchow2|task_column=camelyon,2026-08-05,machine_parsed_single_source,not_reported,pathorob@6583cf0b0d902c8cc032308262fa3a3befdc0687:README.md -> parse_pathorob_scores -> scores.csv,parsed_primary_source
virchow-2,Virchow2,not_reported,pathorob.tolkach_esca.robustness_index,0.955,95.5,pathorob,robustness_index,https://github.com/bifold-pathomics/PathoROB/blob/6583cf0b0d902c8cc032308262fa3a3befdc0687/README.md,table=Leaderboard: Robustness Index|source_snapshot_date=2026-04-02|model_row=Virchow2|task_column=tolkach_esca,2026-08-05,machine_parsed_single_source,not_reported,pathorob@6583cf0b0d902c8cc032308262fa3a3befdc0687:README.md -> parse_pathorob_scores -> scores.csv,parsed_primary_source
conch-1.5,CONCHv1.5,not_reported,pathorob.tcga_2x2.robustness_index,0.832,83.2,pathorob,robustness_index,https://github.com/bifold-pathomics/PathoROB/blob/6583cf0b0d902c8cc032308262fa3a3befdc0687/README.md,table=Leaderboard: Robustness Index|source_snapshot_date=2026-04-02|model_row=CONCHv1.5|task_column=tcga_2x2,2026-08-05,machine_parsed_single_source,not_reported,pathorob@6583cf0b0d902c8cc032308262fa3a3befdc0687:README.md -> parse_pathorob_scores -> scores.csv,parsed_primary_source
conch-1.5,CONCHv1.5,not_reported,pathorob.camelyon.robustness_index,0.774,77.4,pathorob,robustness_index,https://github.com/bifold-pathomics/PathoROB/blob/6583cf0b0d902c8cc032308262fa3a3befdc0687/README.md,table=Leaderboard: Robustness Index|source_snapshot_date=2026-04-02|model_row=CONCHv1.5|task_column=camelyon,2026-08-05,machine_parsed_single_source,not_reported,pathorob@6583cf0b0d902c8cc032308262fa3a3befdc0687:README.md -> parse_pathorob_scores -> scores.csv,parsed_primary_source
conch-1.5,CONCHv1.5,not_reported,pathorob.tolkach_esca.robustness_index,0.951,95.1,pathorob,robustness_index,https://github.com/bifold-pathomics/PathoROB/blob/6583cf0b0d902c8cc032308262fa3a3befdc0687/README.md,table=Leaderboard: Robustness Index|source_snapshot_date=2026-04-02|model_row=CONCHv1.5|task_column=tolkach_esca,2026-08-05,machine_parsed_single_source,not_reported,pathorob@6583cf0b0d902c8cc032308262fa3a3befdc0687:README.md -> parse_pathorob_scores -> scores.csv,parsed_primary_source
atlas,Atlas,not_reported,pathorob.tcga_2x2.robustness_index,0.826,82.6,pathorob,robustness_index,https://github.com/bifold-pathomics/PathoROB/blob/6583cf0b0d902c8cc032308262fa3a3befdc0687/README.md,table=Leaderboard: Robustness Index|source_snapshot_date=2026-04-02|model_row=Atlas|task_column=tcga_2x2,2026-08-05,machine_parsed_single_source,not_reported,pathorob@6583cf0b0d902c8cc032308262fa3a3befdc0687:README.md -> parse_pathorob_scores -> scores.csv,parsed_primary_source
atlas,Atlas,not_reported,pathorob.camelyon.robustness_index,0.785,78.5,pathorob,robustness_index,https://github.com/bifold-pathomics/PathoROB/blob/6583cf0b0d902c8cc032308262fa3a3befdc0687/README.md,table=Leaderboard: Robustness Index|source_snapshot_date=2026-04-02|model_row=Atlas|task_column=camelyon,2026-08-05,machine_parsed_single_source,not_reported,pathorob@6583cf0b0d902c8cc032308262fa3a3befdc0687:README.md -> parse_pathorob_scores -> scores.csv,parsed_primary_source
atlas,Atlas,not_reported,pathorob.tolkach_esca.robustness_index,0.938,93.8,pathorob,robustness_index,https://github.com/bifold-pathomics/PathoROB/blob/6583cf0b0d902c8cc032308262fa3a3befdc0687/README.md,table=Leaderboard: Robustness Index|source_snapshot_date=2026-04-02|model_row=Atlas|task_column=tolkach_esca,2026-08-05,machine_parsed_single_source,not_reported,pathorob@6583cf0b0d902c8cc032308262fa3a3befdc0687:README.md -> parse_pathorob_scores -> scores.csv,parsed_primary_source
virchow,Virchow,not_reported,pathorob.tcga_2x2.robustness_index,0.761,76.1,pathorob,robustness_index,https://github.com/bifold-pathomics/PathoROB/blob/6583cf0b0d902c8cc032308262fa3a3befdc0687/README.md,table=Leaderboard: Robustness Index|source_snapshot_date=2026-04-02|model_row=Virchow|task_column=tcga_2x2,2026-08-05,machine_parsed_single_source,not_reported,pathorob@6583cf0b0d902c8cc032308262fa3a3befdc0687:README.md -> parse_pathorob_scores -> scores.csv,parsed_primary_source
virchow,Virchow,not_reported,pathorob.camelyon.robustness_index,0.751,75.1,pathorob,robustness_index,https://github.com/bifold-pathomics/PathoROB/blob/6583cf0b0d902c8cc032308262fa3a3befdc0687/README.md,table=Leaderboard: Robustness Index|source_snapshot_date=2026-04-02|model_row=Virchow|task_column=camelyon,2026-08-05,machine_parsed_single_source,not_reported,pathorob@6583cf0b0d902c8cc032308262fa3a3befdc0687:README.md -> parse_pathorob_scores -> scores.csv,parsed_primary_source
virchow,Virchow,not_reported,pathorob.tolkach_esca.robustness_index,0.932,93.2,pathorob,robustness_index,https://github.com/bifold-pathomics/PathoROB/blob/6583cf0b0d902c8cc032308262fa3a3befdc0687/README.md,table=Leaderboard: Robustness Index|source_snapshot_date=2026-04-02|model_row=Virchow|task_column=tolkach_esca,2026-08-05,machine_parsed_single_source,not_reported,pathorob@6583cf0b0d902c8cc032308262fa3a3befdc0687:README.md -> parse_pathorob_scores -> scores.csv,parsed_primary_source
h0-mini,H0-mini,not_reported,pathorob.tcga_2x2.robustness_index,0.794,79.4,pathorob,robustness_index,https://github.com/bifold-pathomics/PathoROB/blob/6583cf0b0d902c8cc032308262fa3a3befdc0687/README.md,table=Leaderboard: Robustness Index|source_snapshot_date=2026-04-02|model_row=H0-mini|task_column=tcga_2x2,2026-08-05,machine_parsed_single_source,not_reported,pathorob@6583cf0b0d902c8cc032308262fa3a3befdc0687:README.md -> parse_pathorob_scores -> scores.csv,parsed_primary_source
h0-mini,H0-mini,not_reported,pathorob.camelyon.robustness_index,0.718,71.8,pathorob,robustness_index,https://github.com/bifold-pathomics/PathoROB/blob/6583cf0b0d902c8cc032308262fa3a3befdc0687/README.md,table=Leaderboard: Robustness Index|source_snapshot_date=2026-04-02|model_row=H0-mini|task_column=camelyon,2026-08-05,machine_parsed_single_source,not_reported,pathorob@6583cf0b0d902c8cc032308262fa3a3befdc0687:README.md -> parse_pathorob_scores -> scores.csv,parsed_primary_source
h0-mini,H0-mini,not_reported,pathorob.tolkach_esca.robustness_index,0.932,93.2,pathorob,robustness_index,https://github.com/bifold-pathomics/PathoROB/blob/6583cf0b0d902c8cc032308262fa3a3befdc0687/README.md,table=Leaderboard: Robustness Index|source_snapshot_date=2026-04-02|model_row=H0-mini|task_column=tolkach_esca,2026-08-05,machine_parsed_single_source,not_reported,pathorob@6583cf0b0d902c8cc032308262fa3a3befdc0687:README.md -> parse_pathorob_scores -> scores.csv,parsed_primary_source
h-optimus-1,H-optimus-1,not_reported,pathorob.tcga_2x2.robustness_index,0.853,85.3,pathorob,robustness_index,https://github.com/bifold-pathomics/PathoROB/blob/6583cf0b0d902c8cc032308262fa3a3befdc0687/README.md,table=Leaderboard: Robustness Index|source_snapshot_date=2026-04-02|model_row=H-optimus-1|task_column=tcga_2x2,2026-08-05,machine_parsed_single_source,not_reported,pathorob@6583cf0b0d902c8cc032308262fa3a3befdc0687:README.md -> parse_pathorob_scores -> scores.csv,reported_external
h-optimus-1,H-optimus-1,not_reported,pathorob.camelyon.robustness_index,0.645,64.5,pathorob,robustness_index,https://github.com/bifold-pathomics/PathoROB/blob/6583cf0b0d902c8cc032308262fa3a3befdc0687/README.md,table=Leaderboard: Robustness Index|source_snapshot_date=2026-04-02|model_row=H-optimus-1|task_column=camelyon,2026-08-05,machine_parsed_single_source,not_reported,pathorob@6583cf0b0d902c8cc032308262fa3a3befdc0687:README.md -> parse_pathorob_scores -> scores.csv,reported_external
h-optimus-1,H-optimus-1,not_reported,pathorob.tolkach_esca.robustness_index,0.944,94.4,pathorob,robustness_index,https://github.com/bifold-pathomics/PathoROB/blob/6583cf0b0d902c8cc032308262fa3a3befdc0687/README.md,table=Leaderboard: Robustness Index|source_snapshot_date=2026-04-02|model_row=H-optimus-1|task_column=tolkach_esca,2026-08-05,machine_parsed_single_source,not_reported,pathorob@6583cf0b0d902c8cc032308262fa3a3befdc0687:README.md -> parse_pathorob_scores -> scores.csv,reported_external
conch,Conch,not_reported,pathorob.tcga_2x2.robustness_index,0.824,82.4,pathorob,robustness_index,https://github.com/bifold-pathomics/PathoROB/blob/6583cf0b0d902c8cc032308262fa3a3befdc0687/README.md,table=Leaderboard: Robustness Index|source_snapshot_date=2026-04-02|model_row=Conch|task_column=tcga_2x2,2026-08-05,machine_parsed_single_source,not_reported,pathorob@6583cf0b0d902c8cc032308262fa3a3befdc0687:README.md -> parse_pathorob_scores -> scores.csv,parsed_primary_source
conch,Conch,not_reported,pathorob.camelyon.robustness_index,0.662,66.2,pathorob,robustness_index,https://github.com/bifold-pathomics/PathoROB/blob/6583cf0b0d902c8cc032308262fa3a3befdc0687/README.md,table=Leaderboard: Robustness Index|source_snapshot_date=2026-04-02|model_row=Conch|task_column=camelyon,2026-08-05,machine_parsed_single_source,not_reported,pathorob@6583cf0b0d902c8cc032308262fa3a3befdc0687:README.md -> parse_pathorob_scores -> scores.csv,parsed_primary_source
conch,Conch,not_reported,pathorob.tolkach_esca.robustness_index,0.951,95.1,pathorob,robustness_index,https://github.com/bifold-pathomics/PathoROB/blob/6583cf0b0d902c8cc032308262fa3a3befdc0687/README.md,table=Leaderboard: Robustness Index|source_snapshot_date=2026-04-02|model_row=Conch|task_column=tolkach_esca,2026-08-05,machine_parsed_single_source,not_reported,pathorob@6583cf0b0d902c8cc032308262fa3a3befdc0687:README.md -> parse_pathorob_scores -> scores.csv,parsed_primary_source
h-optimus-0,H-optimus-0,not_reported,pathorob.tcga_2x2.robustness_index,0.812,81.2,pathorob,robustness_index,https://github.com/bifold-pathomics/PathoROB/blob/6583cf0b0d902c8cc032308262fa3a3befdc0687/README.md,table=Leaderboard: Robustness Index|source_snapshot_date=2026-04-02|model_row=H-optimus-0|task_column=tcga_2x2,2026-08-05,machine_parsed_single_source,not_reported,pathorob@6583cf0b0d902c8cc032308262fa3a3befdc0687:README.md -> parse_pathorob_scores -> scores.csv,parsed_primary_source
h-optimus-0,H-optimus-0,not_reported,pathorob.camelyon.robustness_index,0.705,70.5,pathorob,robustness_index,https://github.com/bifold-pathomics/PathoROB/blob/6583cf0b0d902c8cc032308262fa3a3befdc0687/README.md,table=Leaderboard: Robustness Index|source_snapshot_date=2026-04-02|model_row=H-optimus-0|task_column=camelyon,2026-08-05,machine_parsed_single_source,not_reported,pathorob@6583cf0b0d902c8cc032308262fa3a3befdc0687:README.md -> parse_pathorob_scores -> scores.csv,parsed_primary_source
h-optimus-0,H-optimus-0,not_reported,pathorob.tolkach_esca.robustness_index,0.918,91.8,pathorob,robustness_index,https://github.com/bifold-pathomics/PathoROB/blob/6583cf0b0d902c8cc032308262fa3a3befdc0687/README.md,table=Leaderboard: Robustness Index|source_snapshot_date=2026-04-02|model_row=H-optimus-0|task_column=tolkach_esca,2026-08-05,machine_parsed_single_source,not_reported,pathorob@6583cf0b0d902c8cc032308262fa3a3befdc0687:README.md -> parse_pathorob_scores -> scores.csv,parsed_primary_source
uni2-h,UNI2-h,not_reported,pathorob.tcga_2x2.robustness_index,0.803,80.3,pathorob,robustness_index,https://github.com/bifold-pathomics/PathoROB/blob/6583cf0b0d902c8cc032308262fa3a3befdc0687/README.md,table=Leaderboard: Robustness Index|source_snapshot_date=2026-04-02|model_row=UNI2-h|task_column=tcga_2x2,2026-08-05,machine_parsed_single_source,not_reported,pathorob@6583cf0b0d902c8cc032308262fa3a3befdc0687:README.md -> parse_pathorob_scores -> scores.csv,parsed_primary_source
uni2-h,UNI2-h,not_reported,pathorob.camelyon.robustness_index,0.544,54.4,pathorob,robustness_index,https://github.com/bifold-pathomics/PathoROB/blob/6583cf0b0d902c8cc032308262fa3a3befdc0687/README.md,table=Leaderboard: Robustness Index|source_snapshot_date=2026-04-02|model_row=UNI2-h|task_column=camelyon,2026-08-05,machine_parsed_single_source,not_reported,pathorob@6583cf0b0d902c8cc032308262fa3a3befdc0687:README.md -> parse_pathorob_scores -> scores.csv,parsed_primary_source
uni2-h,UNI2-h,not_reported,pathorob.tolkach_esca.robustness_index,0.923,92.3,pathorob,robustness_index,https://github.com/bifold-pathomics/PathoROB/blob/6583cf0b0d902c8cc032308262fa3a3befdc0687/README.md,table=Leaderboard: Robustness Index|source_snapshot_date=2026-04-02|model_row=UNI2-h|task_column=tolkach_esca,2026-08-05,machine_parsed_single_source,not_reported,pathorob@6583cf0b0d902c8cc032308262fa3a3befdc0687:README.md -> parse_pathorob_scores -> scores.csv,parsed_primary_source
musk,MUSK,not_reported,pathorob.tcga_2x2.robustness_index,0.727,72.7,pathorob,robustness_index,https://github.com/bifold-pathomics/PathoROB/blob/6583cf0b0d902c8cc032308262fa3a3befdc0687/README.md,table=Leaderboard: Robustness Index|source_snapshot_date=2026-04-02|model_row=MUSK|task_column=tcga_2x2,2026-08-05,machine_parsed_single_source,not_reported,pathorob@6583cf0b0d902c8cc032308262fa3a3befdc0687:README.md -> parse_pathorob_scores -> scores.csv,parsed_primary_source
musk,MUSK,not_reported,pathorob.camelyon.robustness_index,0.467,46.7,pathorob,robustness_index,https://github.com/bifold-pathomics/PathoROB/blob/6583cf0b0d902c8cc032308262fa3a3befdc0687/README.md,table=Leaderboard: Robustness Index|source_snapshot_date=2026-04-02|model_row=MUSK|task_column=camelyon,2026-08-05,machine_parsed_single_source,not_reported,pathorob@6583cf0b0d902c8cc032308262fa3a3befdc0687:README.md -> parse_pathorob_scores -> scores.csv,parsed_primary_source
musk,MUSK,not_reported,pathorob.tolkach_esca.robustness_index,0.928,92.8,pathorob,robustness_index,https://github.com/bifold-pathomics/PathoROB/blob/6583cf0b0d902c8cc032308262fa3a3befdc0687/README.md,table=Leaderboard: Robustness Index|source_snapshot_date=2026-04-02|model_row=MUSK|task_column=tolkach_esca,2026-08-05,machine_parsed_single_source,not_reported,pathorob@6583cf0b0d902c8cc032308262fa3a3befdc0687:README.md -> parse_pathorob_scores -> scores.csv,parsed_primary_source
hipt,HIPT,not_reported,pathorob.tcga_2x2.robustness_index,0.614,61.4,pathorob,robustness_index,https://github.com/bifold-pathomics/PathoROB/blob/6583cf0b0d902c8cc032308262fa3a3befdc0687/README.md,table=Leaderboard: Robustness Index|source_snapshot_date=2026-04-02|model_row=HIPT|task_column=tcga_2x2,2026-08-05,machine_parsed_single_source,not_reported,pathorob@6583cf0b0d902c8cc032308262fa3a3befdc0687:README.md -> parse_pathorob_scores -> scores.csv,parsed_primary_source
hipt,HIPT,not_reported,pathorob.camelyon.robustness_index,0.649,64.9,pathorob,robustness_index,https://github.com/bifold-pathomics/PathoROB/blob/6583cf0b0d902c8cc032308262fa3a3befdc0687/README.md,table=Leaderboard: Robustness Index|source_snapshot_date=2026-04-02|model_row=HIPT|task_column=camelyon,2026-08-05,machine_parsed_single_source,not_reported,pathorob@6583cf0b0d902c8cc032308262fa3a3befdc0687:README.md -> parse_pathorob_scores -> scores.csv,parsed_primary_source
hipt,HIPT,not_reported,pathorob.tolkach_esca.robustness_index,0.726,72.6,pathorob,robustness_index,https://github.com/bifold-pathomics/PathoROB/blob/6583cf0b0d902c8cc032308262fa3a3befdc0687/README.md,table=Leaderboard: Robustness Index|source_snapshot_date=2026-04-02|model_row=HIPT|task_column=tolkach_esca,2026-08-05,machine_parsed_single_source,not_reported,pathorob@6583cf0b0d902c8cc032308262fa3a3befdc0687:README.md -> parse_pathorob_scores -> scores.csv,parsed_primary_source
prov-gigapath,Prov-GigaPath,not_reported,pathorob.tcga_2x2.robustness_index,0.738,73.8,pathorob,robustness_index,https://github.com/bifold-pathomics/PathoROB/blob/6583cf0b0d902c8cc032308262fa3a3befdc0687/README.md,table=Leaderboard: Robustness Index|source_snapshot_date=2026-04-02|model_row=Prov-GigaPath|task_column=tcga_2x2,2026-08-05,machine_parsed_single_source,not_reported,pathorob@6583cf0b0d902c8cc032308262fa3a3befdc0687:README.md -> parse_pathorob_scores -> scores.csv,parsed_primary_source
prov-gigapath,Prov-GigaPath,not_reported,pathorob.camelyon.robustness_index,0.399,39.9,pathorob,robustness_index,https://github.com/bifold-pathomics/PathoROB/blob/6583cf0b0d902c8cc032308262fa3a3befdc0687/README.md,table=Leaderboard: Robustness Index|source_snapshot_date=2026-04-02|model_row=Prov-GigaPath|task_column=camelyon,2026-08-05,machine_parsed_single_source,not_reported,pathorob@6583cf0b0d902c8cc032308262fa3a3befdc0687:README.md -> parse_pathorob_scores -> scores.csv,parsed_primary_source
prov-gigapath,Prov-GigaPath,not_reported,pathorob.tolkach_esca.robustness_index,0.754,75.4,pathorob,robustness_index,https://github.com/bifold-pathomics/PathoROB/blob/6583cf0b0d902c8cc032308262fa3a3befdc0687/README.md,table=Leaderboard: Robustness Index|source_snapshot_date=2026-04-02|model_row=Prov-GigaPath|task_column=tolkach_esca,2026-08-05,machine_parsed_single_source,not_reported,pathorob@6583cf0b0d902c8cc032308262fa3a3befdc0687:README.md -> parse_pathorob_scores -> scores.csv,parsed_primary_source
kaiko-vit-b-8,Kaiko ViT-B/8,not_reported,pathorob.tcga_2x2.robustness_index,0.763,76.3,pathorob,robustness_index,https://github.com/bifold-pathomics/PathoROB/blob/6583cf0b0d902c8cc032308262fa3a3befdc0687/README.md,table=Leaderboard: Robustness Index|source_snapshot_date=2026-04-02|model_row=Kaiko ViT-B/8|task_column=tcga_2x2,2026-08-05,machine_parsed_single_source,not_reported,pathorob@6583cf0b0d902c8cc032308262fa3a3befdc0687:README.md -> parse_pathorob_scores -> scores.csv,parsed_primary_source
kaiko-vit-b-8,Kaiko ViT-B/8,not_reported,pathorob.camelyon.robustness_index,0.147,14.7,pathorob,robustness_index,https://github.com/bifold-pathomics/PathoROB/blob/6583cf0b0d902c8cc032308262fa3a3befdc0687/README.md,table=Leaderboard: Robustness Index|source_snapshot_date=2026-04-02|model_row=Kaiko ViT-B/8|task_column=camelyon,2026-08-05,machine_parsed_single_source,not_reported,pathorob@6583cf0b0d902c8cc032308262fa3a3befdc0687:README.md -> parse_pathorob_scores -> scores.csv,parsed_primary_source
kaiko-vit-b-8,Kaiko ViT-B/8,not_reported,pathorob.tolkach_esca.robustness_index,0.896,89.6,pathorob,robustness_index,https://github.com/bifold-pathomics/PathoROB/blob/6583cf0b0d902c8cc032308262fa3a3befdc0687/README.md,table=Leaderboard: Robustness Index|source_snapshot_date=2026-04-02|model_row=Kaiko ViT-B/8|task_column=tolkach_esca,2026-08-05,machine_parsed_single_source,not_reported,pathorob@6583cf0b0d902c8cc032308262fa3a3befdc0687:README.md -> parse_pathorob_scores -> scores.csv,parsed_primary_source
uni,UNI,not_reported,pathorob.tcga_2x2.robustness_index,0.747,74.7,pathorob,robustness_index,https://github.com/bifold-pathomics/PathoROB/blob/6583cf0b0d902c8cc032308262fa3a3befdc0687/README.md,table=Leaderboard: Robustness Index|source_snapshot_date=2026-04-02|model_row=UNI|task_column=tcga_2x2,2026-08-05,machine_parsed_single_source,not_reported,pathorob@6583cf0b0d902c8cc032308262fa3a3befdc0687:README.md -> parse_pathorob_scores -> scores.csv,parsed_primary_source
uni,UNI,not_reported,pathorob.camelyon.robustness_index,0.145,14.5,pathorob,robustness_index,https://github.com/bifold-pathomics/PathoROB/blob/6583cf0b0d902c8cc032308262fa3a3befdc0687/README.md,table=Leaderboard: Robustness Index|source_snapshot_date=2026-04-02|model_row=UNI|task_column=camelyon,2026-08-05,machine_parsed_single_source,not_reported,pathorob@6583cf0b0d902c8cc032308262fa3a3befdc0687:README.md -> parse_pathorob_scores -> scores.csv,parsed_primary_source
uni,UNI,not_reported,pathorob.tolkach_esca.robustness_index,0.902,90.2,pathorob,robustness_index,https://github.com/bifold-pathomics/PathoROB/blob/6583cf0b0d902c8cc032308262fa3a3befdc0687/README.md,table=Leaderboard: Robustness Index|source_snapshot_date=2026-04-02|model_row=UNI|task_column=tolkach_esca,2026-08-05,machine_parsed_single_source,not_reported,pathorob@6583cf0b0d902c8cc032308262fa3a3befdc0687:README.md -> parse_pathorob_scores -> scores.csv,parsed_primary_source
retccl,RETCCL,not_reported,pathorob.tcga_2x2.robustness_index,0.593,59.3,pathorob,robustness_index,https://github.com/bifold-pathomics/PathoROB/blob/6583cf0b0d902c8cc032308262fa3a3befdc0687/README.md,table=Leaderboard: Robustness Index|source_snapshot_date=2026-04-02|model_row=RETCCL|task_column=tcga_2x2,2026-08-05,machine_parsed_single_source,not_reported,pathorob@6583cf0b0d902c8cc032308262fa3a3befdc0687:README.md -> parse_pathorob_scores -> scores.csv,parsed_primary_source
retccl,RETCCL,not_reported,pathorob.camelyon.robustness_index,0.318,31.8,pathorob,robustness_index,https://github.com/bifold-pathomics/PathoROB/blob/6583cf0b0d902c8cc032308262fa3a3befdc0687/README.md,table=Leaderboard: Robustness Index|source_snapshot_date=2026-04-02|model_row=RETCCL|task_column=camelyon,2026-08-05,machine_parsed_single_source,not_reported,pathorob@6583cf0b0d902c8cc032308262fa3a3befdc0687:README.md -> parse_pathorob_scores -> scores.csv,parsed_primary_source
retccl,RETCCL,not_reported,pathorob.tolkach_esca.robustness_index,0.878,87.8,pathorob,robustness_index,https://github.com/bifold-pathomics/PathoROB/blob/6583cf0b0d902c8cc032308262fa3a3befdc0687/README.md,table=Leaderboard: Robustness Index|source_snapshot_date=2026-04-02|model_row=RETCCL|task_column=tolkach_esca,2026-08-05,machine_parsed_single_source,not_reported,pathorob@6583cf0b0d902c8cc032308262fa3a3befdc0687:README.md -> parse_pathorob_scores -> scores.csv,parsed_primary_source
ctranspath,CTransPath,not_reported,pathorob.tcga_2x2.robustness_index,0.652,65.2,pathorob,robustness_index,https://github.com/bifold-pathomics/PathoROB/blob/6583cf0b0d902c8cc032308262fa3a3befdc0687/README.md,table=Leaderboard: Robustness Index|source_snapshot_date=2026-04-02|model_row=CTransPath|task_column=tcga_2x2,2026-08-05,machine_parsed_single_source,not_reported,pathorob@6583cf0b0d902c8cc032308262fa3a3befdc0687:README.md -> parse_pathorob_scores -> scores.csv,parsed_primary_source
ctranspath,CTransPath,not_reported,pathorob.camelyon.robustness_index,0.106,10.6,pathorob,robustness_index,https://github.com/bifold-pathomics/PathoROB/blob/6583cf0b0d902c8cc032308262fa3a3befdc0687/README.md,table=Leaderboard: Robustness Index|source_snapshot_date=2026-04-02|model_row=CTransPath|task_column=camelyon,2026-08-05,machine_parsed_single_source,not_reported,pathorob@6583cf0b0d902c8cc032308262fa3a3befdc0687:README.md -> parse_pathorob_scores -> scores.csv,parsed_primary_source
ctranspath,CTransPath,not_reported,pathorob.tolkach_esca.robustness_index,0.872,87.2,pathorob,robustness_index,https://github.com/bifold-pathomics/PathoROB/blob/6583cf0b0d902c8cc032308262fa3a3befdc0687/README.md,table=Leaderboard: Robustness Index|source_snapshot_date=2026-04-02|model_row=CTransPath|task_column=tolkach_esca,2026-08-05,machine_parsed_single_source,not_reported,pathorob@6583cf0b0d902c8cc032308262fa3a3befdc0687:README.md -> parse_pathorob_scores -> scores.csv,parsed_primary_source
kang-dino,Kang-DINO,not_reported,pathorob.tcga_2x2.robustness_index,0.661,66.1,pathorob,robustness_index,https://github.com/bifold-pathomics/PathoROB/blob/6583cf0b0d902c8cc032308262fa3a3befdc0687/README.md,table=Leaderboard: Robustness Index|source_snapshot_date=2026-04-02|model_row=Kang-DINO|task_column=tcga_2x2,2026-08-05,machine_parsed_single_source,not_reported,pathorob@6583cf0b0d902c8cc032308262fa3a3befdc0687:README.md -> parse_pathorob_scores -> scores.csv,parsed_primary_source
kang-dino,Kang-DINO,not_reported,pathorob.camelyon.robustness_index,0.043,4.3,pathorob,robustness_index,https://github.com/bifold-pathomics/PathoROB/blob/6583cf0b0d902c8cc032308262fa3a3befdc0687/README.md,table=Leaderboard: Robustness Index|source_snapshot_date=2026-04-02|model_row=Kang-DINO|task_column=camelyon,2026-08-05,machine_parsed_single_source,not_reported,pathorob@6583cf0b0d902c8cc032308262fa3a3befdc0687:README.md -> parse_pathorob_scores -> scores.csv,parsed_primary_source
kang-dino,Kang-DINO,not_reported,pathorob.tolkach_esca.robustness_index,0.832,83.2,pathorob,robustness_index,https://github.com/bifold-pathomics/PathoROB/blob/6583cf0b0d902c8cc032308262fa3a3befdc0687/README.md,table=Leaderboard: Robustness Index|source_snapshot_date=2026-04-02|model_row=Kang-DINO|task_column=tolkach_esca,2026-08-05,machine_parsed_single_source,not_reported,pathorob@6583cf0b0d902c8cc032308262fa3a3befdc0687:README.md -> parse_pathorob_scores -> scores.csv,parsed_primary_source
rudolfv,RudolfV,not_reported,pathorob.tcga_2x2.robustness_index,0.587,58.7,pathorob,robustness_index,https://github.com/bifold-pathomics/PathoROB/blob/6583cf0b0d902c8cc032308262fa3a3befdc0687/README.md,table=Leaderboard: Robustness Index|source_snapshot_date=2026-04-02|model_row=RudolfV|task_column=tcga_2x2,2026-08-05,machine_parsed_single_source,not_reported,pathorob@6583cf0b0d902c8cc032308262fa3a3befdc0687:README.md -> parse_pathorob_scores -> scores.csv,parsed_primary_source
rudolfv,RudolfV,not_reported,pathorob.camelyon.robustness_index,0.184,18.4,pathorob,robustness_index,https://github.com/bifold-pathomics/PathoROB/blob/6583cf0b0d902c8cc032308262fa3a3befdc0687/README.md,table=Leaderboard: Robustness Index|source_snapshot_date=2026-04-02|model_row=RudolfV|task_column=camelyon,2026-08-05,machine_parsed_single_source,not_reported,pathorob@6583cf0b0d902c8cc032308262fa3a3befdc0687:README.md -> parse_pathorob_scores -> scores.csv,parsed_primary_source
rudolfv,RudolfV,not_reported,pathorob.tolkach_esca.robustness_index,0.695,69.5,pathorob,robustness_index,https://github.com/bifold-pathomics/PathoROB/blob/6583cf0b0d902c8cc032308262fa3a3befdc0687/README.md,table=Leaderboard: Robustness Index|source_snapshot_date=2026-04-02|model_row=RudolfV|task_column=tolkach_esca,2026-08-05,machine_parsed_single_source,not_reported,pathorob@6583cf0b0d902c8cc032308262fa3a3befdc0687:README.md -> parse_pathorob_scores -> scores.csv,parsed_primary_source
phikon,Phikon,not_reported,pathorob.tcga_2x2.robustness_index,0.623,62.3,pathorob,robustness_index,https://github.com/bifold-pathomics/PathoROB/blob/6583cf0b0d902c8cc032308262fa3a3befdc0687/README.md,table=Leaderboard: Robustness Index|source_snapshot_date=2026-04-02|model_row=Phikon|task_column=tcga_2x2,2026-08-05,machine_parsed_single_source,not_reported,pathorob@6583cf0b0d902c8cc032308262fa3a3befdc0687:README.md -> parse_pathorob_scores -> scores.csv,parsed_primary_source
phikon,Phikon,not_reported,pathorob.camelyon.robustness_index,0.011,1.1,pathorob,robustness_index,https://github.com/bifold-pathomics/PathoROB/blob/6583cf0b0d902c8cc032308262fa3a3befdc0687/README.md,table=Leaderboard: Robustness Index|source_snapshot_date=2026-04-02|model_row=Phikon|task_column=camelyon,2026-08-05,machine_parsed_single_source,not_reported,pathorob@6583cf0b0d902c8cc032308262fa3a3befdc0687:README.md -> parse_pathorob_scores -> scores.csv,parsed_primary_source
phikon,Phikon,not_reported,pathorob.tolkach_esca.robustness_index,0.795,79.5,pathorob,robustness_index,https://github.com/bifold-pathomics/PathoROB/blob/6583cf0b0d902c8cc032308262fa3a3befdc0687/README.md,table=Leaderboard: Robustness Index|source_snapshot_date=2026-04-02|model_row=Phikon|task_column=tolkach_esca,2026-08-05,machine_parsed_single_source,not_reported,pathorob@6583cf0b0d902c8cc032308262fa3a3befdc0687:README.md -> parse_pathorob_scores -> scores.csv,parsed_primary_source
phikon-v2,Phikon-v2,not_reported,pathorob.tcga_2x2.robustness_index,0.619,61.9,pathorob,robustness_index,https://github.com/bifold-pathomics/PathoROB/blob/6583cf0b0d902c8cc032308262fa3a3befdc0687/README.md,table=Leaderboard: Robustness Index|source_snapshot_date=2026-04-02|model_row=Phikon-v2|task_column=tcga_2x2,2026-08-05,machine_parsed_single_source,not_reported,pathorob@6583cf0b0d902c8cc032308262fa3a3befdc0687:README.md -> parse_pathorob_scores -> scores.csv,parsed_primary_source
phikon-v2,Phikon-v2,not_reported,pathorob.camelyon.robustness_index,0.019,1.9,pathorob,robustness_index,https://github.com/bifold-pathomics/PathoROB/blob/6583cf0b0d902c8cc032308262fa3a3befdc0687/README.md,table=Leaderboard: Robustness Index|source_snapshot_date=2026-04-02|model_row=Phikon-v2|task_column=camelyon,2026-08-05,machine_parsed_single_source,not_reported,pathorob@6583cf0b0d902c8cc032308262fa3a3befdc0687:README.md -> parse_pathorob_scores -> scores.csv,parsed_primary_source
phikon-v2,Phikon-v2,not_reported,pathorob.tolkach_esca.robustness_index,0.768,76.8,pathorob,robustness_index,https://github.com/bifold-pathomics/PathoROB/blob/6583cf0b0d902c8cc032308262fa3a3befdc0687/README.md,table=Leaderboard: Robustness Index|source_snapshot_date=2026-04-02|model_row=Phikon-v2|task_column=tolkach_esca,2026-08-05,machine_parsed_single_source,not_reported,pathorob@6583cf0b0d902c8cc032308262fa3a3befdc0687:README.md -> parse_pathorob_scores -> scores.csv,parsed_primary_source
ciga,Ciga,not_reported,pathorob.tcga_2x2.robustness_index,0.511,51.1,pathorob,robustness_index,https://github.com/bifold-pathomics/PathoROB/blob/6583cf0b0d902c8cc032308262fa3a3befdc0687/README.md,table=Leaderboard: Robustness Index|source_snapshot_date=2026-04-02|model_row=Ciga|task_column=tcga_2x2,2026-08-05,machine_parsed_single_source,not_reported,pathorob@6583cf0b0d902c8cc032308262fa3a3befdc0687:README.md -> parse_pathorob_scores -> scores.csv,parsed_primary_source
ciga,Ciga,not_reported,pathorob.camelyon.robustness_index,0.135,13.5,pathorob,robustness_index,https://github.com/bifold-pathomics/PathoROB/blob/6583cf0b0d902c8cc032308262fa3a3befdc0687/README.md,table=Leaderboard: Robustness Index|source_snapshot_date=2026-04-02|model_row=Ciga|task_column=camelyon,2026-08-05,machine_parsed_single_source,not_reported,pathorob@6583cf0b0d902c8cc032308262fa3a3befdc0687:README.md -> parse_pathorob_scores -> scores.csv,parsed_primary_source
ciga,Ciga,not_reported,pathorob.tolkach_esca.robustness_index,0.693,69.3,pathorob,robustness_index,https://github.com/bifold-pathomics/PathoROB/blob/6583cf0b0d902c8cc032308262fa3a3befdc0687/README.md,table=Leaderboard: Robustness Index|source_snapshot_date=2026-04-02|model_row=Ciga|task_column=tolkach_esca,2026-08-05,machine_parsed_single_source,not_reported,pathorob@6583cf0b0d902c8cc032308262fa3a3befdc0687:README.md -> parse_pathorob_scores -> scores.csv,parsed_primary_source
