evaluation_id,protocol_id,task_identity_id,dataset_artifact_id,suite_id,dataset_id,task_name,task_family,target,sample_unit,task_type,num_samples,endpoint,metric,direction,protocol,reference_url,audit_status,audit_notes
pathobench.bc_therapy.er-status,pathobench.bc_therapy.er-status,task.pathobench.bc_therapy.er-status,artifact.pathobench.bc_therapy,pathobench,bc_therapy,er_status,molecular_subtyping,er_status,case,classification,166,case_level_classification,macro-ovr-auc,higher,Public Patho-Bench split and task metadata; downstream protocol is task-specific in Patho-Bench.,https://huggingface.co/datasets/MahmoodLab/Patho-Bench/blob/60fde3a9138b2fb27a163ed6f3e2cf0ef7e8f387/bc_therapy/er_status/config.yaml,parsed_primary_source,"Task identity is listed in available_splits.yaml; sample_col=case_id, task type, sample count, and metric are parsed from this task's config.yaml; family is deterministically inferred from the report taxonomy and endpoint label."
pathobench.bc_therapy.grade,pathobench.bc_therapy.grade,task.pathobench.bc_therapy.grade,artifact.pathobench.bc_therapy,pathobench,bc_therapy,grade,tumor_grading,grade,case,classification,166,case_level_classification,weighted_kappa,higher,Public Patho-Bench split and task metadata; downstream protocol is task-specific in Patho-Bench.,https://huggingface.co/datasets/MahmoodLab/Patho-Bench/blob/60fde3a9138b2fb27a163ed6f3e2cf0ef7e8f387/bc_therapy/grade/config.yaml,parsed_primary_source,"Task identity is listed in available_splits.yaml; sample_col=case_id, task type, sample count, and metric are parsed from this task's config.yaml; family is deterministically inferred from the report taxonomy and endpoint label."
pathobench.bc_therapy.her2-status,pathobench.bc_therapy.her2-status,task.pathobench.bc_therapy.her2-status,artifact.pathobench.bc_therapy,pathobench,bc_therapy,her2_status,molecular_subtyping,her2_status,case,classification,166,case_level_classification,macro-ovr-auc,higher,Public Patho-Bench split and task metadata; downstream protocol is task-specific in Patho-Bench.,https://huggingface.co/datasets/MahmoodLab/Patho-Bench/blob/60fde3a9138b2fb27a163ed6f3e2cf0ef7e8f387/bc_therapy/her2_status/config.yaml,parsed_primary_source,"Task identity is listed in available_splits.yaml; sample_col=case_id, task type, sample count, and metric are parsed from this task's config.yaml; family is deterministically inferred from the report taxonomy and endpoint label."
pathobench.bc_therapy.residual-cancer-burden,pathobench.bc_therapy.residual-cancer-burden,task.pathobench.bc_therapy.residual-cancer-burden,artifact.pathobench.bc_therapy,pathobench,bc_therapy,residual_cancer_burden,treatment_response,residual_cancer_burden,case,classification,159,case_level_classification,bacc,higher,Public Patho-Bench split and task metadata; downstream protocol is task-specific in Patho-Bench.,https://huggingface.co/datasets/MahmoodLab/Patho-Bench/blob/60fde3a9138b2fb27a163ed6f3e2cf0ef7e8f387/bc_therapy/residual_cancer_burden/config.yaml,parsed_primary_source,"Task identity is listed in available_splits.yaml; sample_col=case_id, task type, sample count, and metric are parsed from this task's config.yaml; family is deterministically inferred from the report taxonomy and endpoint label."
pathobench.bcnb.er,pathobench.bcnb.er,task.pathobench.bcnb.er,artifact.pathobench.bcnb,pathobench,bcnb,er,molecular_subtyping,er,case,classification,1058,case_level_classification,macro-ovr-auc,higher,Public Patho-Bench split and task metadata; downstream protocol is task-specific in Patho-Bench.,https://huggingface.co/datasets/MahmoodLab/Patho-Bench/blob/60fde3a9138b2fb27a163ed6f3e2cf0ef7e8f387/bcnb/er/config.yaml,parsed_primary_source,"Task identity is listed in available_splits.yaml; sample_col=case_id, task type, sample count, and metric are parsed from this task's config.yaml; family is deterministically inferred from the report taxonomy and endpoint label."
pathobench.bcnb.her2,pathobench.bcnb.her2,task.pathobench.bcnb.her2,artifact.pathobench.bcnb,pathobench,bcnb,her2,molecular_subtyping,her2,case,classification,1058,case_level_classification,macro-ovr-auc,higher,Public Patho-Bench split and task metadata; downstream protocol is task-specific in Patho-Bench.,https://huggingface.co/datasets/MahmoodLab/Patho-Bench/blob/60fde3a9138b2fb27a163ed6f3e2cf0ef7e8f387/bcnb/her2/config.yaml,parsed_primary_source,"Task identity is listed in available_splits.yaml; sample_col=case_id, task type, sample count, and metric are parsed from this task's config.yaml; family is deterministically inferred from the report taxonomy and endpoint label."
pathobench.bcnb.pr,pathobench.bcnb.pr,task.pathobench.bcnb.pr,artifact.pathobench.bcnb,pathobench,bcnb,pr,molecular_subtyping,pr,case,classification,1058,case_level_classification,macro-ovr-auc,higher,Public Patho-Bench split and task metadata; downstream protocol is task-specific in Patho-Bench.,https://huggingface.co/datasets/MahmoodLab/Patho-Bench/blob/60fde3a9138b2fb27a163ed6f3e2cf0ef7e8f387/bcnb/pr/config.yaml,parsed_primary_source,"Task identity is listed in available_splits.yaml; sample_col=case_id, task type, sample count, and metric are parsed from this task's config.yaml; family is deterministically inferred from the report taxonomy and endpoint label."
pathobench.boehmk_.pfs,pathobench.boehmk_.pfs,task.pathobench.boehmk_.pfs,artifact.pathobench.boehmk_,pathobench,boehmk_,PFS,survival_prediction,PFS,case,survival,183,case_level_survival,cindex,higher,Public Patho-Bench split and task metadata; downstream protocol is task-specific in Patho-Bench.,https://huggingface.co/datasets/MahmoodLab/Patho-Bench/blob/60fde3a9138b2fb27a163ed6f3e2cf0ef7e8f387/boehmk_/PFS/config.yaml,parsed_primary_source,"Task identity is listed in available_splits.yaml; sample_col=case_id, task type, sample count, and metric are parsed from this task's config.yaml; family is deterministically inferred from the report taxonomy and endpoint label."
pathobench.bracs.slidelevel-coarse,pathobench.bracs.slidelevel-coarse,task.pathobench.bracs.slidelevel-coarse,artifact.pathobench.bracs,pathobench,bracs,slidelevel_coarse,morphological_subtyping,slidelevel_coarse,slide,classification,547,slide_level_classification,bacc,higher,Public Patho-Bench split and task metadata; downstream protocol is task-specific in Patho-Bench.,https://huggingface.co/datasets/MahmoodLab/Patho-Bench/blob/60fde3a9138b2fb27a163ed6f3e2cf0ef7e8f387/bracs/slidelevel_coarse/config.yaml,parsed_primary_source,"Task identity is listed in available_splits.yaml; sample_col=slide_id, task type, sample count, and metric are parsed from this task's config.yaml; family is deterministically inferred from the report taxonomy and endpoint label."
pathobench.bracs.slidelevel-fine,pathobench.bracs.slidelevel-fine,task.pathobench.bracs.slidelevel-fine,artifact.pathobench.bracs,pathobench,bracs,slidelevel_fine,morphological_subtyping,slidelevel_fine,slide,classification,547,slide_level_classification,bacc,higher,Public Patho-Bench split and task metadata; downstream protocol is task-specific in Patho-Bench.,https://huggingface.co/datasets/MahmoodLab/Patho-Bench/blob/60fde3a9138b2fb27a163ed6f3e2cf0ef7e8f387/bracs/slidelevel_fine/config.yaml,parsed_primary_source,"Task identity is listed in available_splits.yaml; sample_col=slide_id, task type, sample count, and metric are parsed from this task's config.yaml; family is deterministically inferred from the report taxonomy and endpoint label."
pathobench.cervical_subtype.subtype,pathobench.cervical_subtype.subtype,task.pathobench.cervical_subtype.subtype,artifact.pathobench.cervical_subtype,pathobench,cervical_subtype,subtype,morphological_subtyping,subtype,case,classification,599,case_level_classification,macro-ovr-auc,higher,Public Patho-Bench split and task metadata; downstream protocol is task-specific in Patho-Bench.,https://huggingface.co/datasets/MahmoodLab/Patho-Bench/blob/60fde3a9138b2fb27a163ed6f3e2cf0ef7e8f387/cervical_subtype/subtype/config.yaml,parsed_primary_source,"Task identity is listed in available_splits.yaml; sample_col=case_id, task type, sample count, and metric are parsed from this task's config.yaml; family is deterministically inferred from the report taxonomy and endpoint label."
pathobench.cptac_all.organ,pathobench.cptac_all.organ,task.pathobench.cptac_all.organ,artifact.pathobench.cptac_all,pathobench,cptac_all,organ,morphological_subtyping,organ,slide,classification,2154,slide_level_classification,bacc,higher,Public Patho-Bench split and task metadata; downstream protocol is task-specific in Patho-Bench.,https://huggingface.co/datasets/MahmoodLab/Patho-Bench/blob/60fde3a9138b2fb27a163ed6f3e2cf0ef7e8f387/cptac_all/organ/config.yaml,parsed_primary_source,"Task identity is listed in available_splits.yaml; sample_col=slide_id, task type, sample count, and metric are parsed from this task's config.yaml; family is deterministically inferred from the report taxonomy and endpoint label."
pathobench.cptac_brca.immune-class,pathobench.cptac_brca.immune-class,task.pathobench.cptac_brca.immune-class,artifact.pathobench.cptac_brca,pathobench,cptac_brca,Immune_class,tme_characterization,Immune_class,case,classification,103,case_level_classification,bacc,higher,Public Patho-Bench split and task metadata; downstream protocol is task-specific in Patho-Bench.,https://huggingface.co/datasets/MahmoodLab/Patho-Bench/blob/60fde3a9138b2fb27a163ed6f3e2cf0ef7e8f387/cptac_brca/Immune_class/config.yaml,parsed_primary_source,"Task identity is listed in available_splits.yaml; sample_col=case_id, task type, sample count, and metric are parsed from this task's config.yaml; family is deterministically inferred from the report taxonomy and endpoint label."
pathobench.cptac_brca.pik3ca-mutation,pathobench.cptac_brca.pik3ca-mutation,task.pathobench.cptac_brca.pik3ca-mutation,artifact.pathobench.cptac_brca,pathobench,cptac_brca,PIK3CA_mutation,mutation_prediction,PIK3CA_mutation,case,classification,103,case_level_classification,macro-ovr-auc,higher,Public Patho-Bench split and task metadata; downstream protocol is task-specific in Patho-Bench.,https://huggingface.co/datasets/MahmoodLab/Patho-Bench/blob/60fde3a9138b2fb27a163ed6f3e2cf0ef7e8f387/cptac_brca/PIK3CA_mutation/config.yaml,parsed_primary_source,"Task identity is listed in available_splits.yaml; sample_col=case_id, task type, sample count, and metric are parsed from this task's config.yaml; family is deterministically inferred from the report taxonomy and endpoint label."
pathobench.cptac_brca.tp53-mutation,pathobench.cptac_brca.tp53-mutation,task.pathobench.cptac_brca.tp53-mutation,artifact.pathobench.cptac_brca,pathobench,cptac_brca,TP53_mutation,mutation_prediction,TP53_mutation,case,classification,103,case_level_classification,macro-ovr-auc,higher,Public Patho-Bench split and task metadata; downstream protocol is task-specific in Patho-Bench.,https://huggingface.co/datasets/MahmoodLab/Patho-Bench/blob/60fde3a9138b2fb27a163ed6f3e2cf0ef7e8f387/cptac_brca/TP53_mutation/config.yaml,parsed_primary_source,"Task identity is listed in available_splits.yaml; sample_col=case_id, task type, sample count, and metric are parsed from this task's config.yaml; family is deterministically inferred from the report taxonomy and endpoint label."
pathobench.cptac_ccrcc.bap1-mutation,pathobench.cptac_ccrcc.bap1-mutation,task.pathobench.cptac_ccrcc.bap1-mutation,artifact.pathobench.cptac_ccrcc,pathobench,cptac_ccrcc,BAP1_mutation,mutation_prediction,BAP1_mutation,case,classification,103,case_level_classification,macro-ovr-auc,higher,Public Patho-Bench split and task metadata; downstream protocol is task-specific in Patho-Bench.,https://huggingface.co/datasets/MahmoodLab/Patho-Bench/blob/60fde3a9138b2fb27a163ed6f3e2cf0ef7e8f387/cptac_ccrcc/BAP1_mutation/config.yaml,parsed_primary_source,"Task identity is listed in available_splits.yaml; sample_col=case_id, task type, sample count, and metric are parsed from this task's config.yaml; family is deterministically inferred from the report taxonomy and endpoint label."
pathobench.cptac_ccrcc.immune-class,pathobench.cptac_ccrcc.immune-class,task.pathobench.cptac_ccrcc.immune-class,artifact.pathobench.cptac_ccrcc,pathobench,cptac_ccrcc,Immune_class,tme_characterization,Immune_class,case,classification,103,case_level_classification,bacc,higher,Public Patho-Bench split and task metadata; downstream protocol is task-specific in Patho-Bench.,https://huggingface.co/datasets/MahmoodLab/Patho-Bench/blob/60fde3a9138b2fb27a163ed6f3e2cf0ef7e8f387/cptac_ccrcc/Immune_class/config.yaml,parsed_primary_source,"Task identity is listed in available_splits.yaml; sample_col=case_id, task type, sample count, and metric are parsed from this task's config.yaml; family is deterministically inferred from the report taxonomy and endpoint label."
pathobench.cptac_ccrcc.os,pathobench.cptac_ccrcc.os,task.pathobench.cptac_ccrcc.os,artifact.pathobench.cptac_ccrcc,pathobench,cptac_ccrcc,OS,survival_prediction,OS,case,survival,94,case_level_survival,cindex,higher,Public Patho-Bench split and task metadata; downstream protocol is task-specific in Patho-Bench.,https://huggingface.co/datasets/MahmoodLab/Patho-Bench/blob/60fde3a9138b2fb27a163ed6f3e2cf0ef7e8f387/cptac_ccrcc/OS/config.yaml,parsed_primary_source,"Task identity is listed in available_splits.yaml; sample_col=case_id, task type, sample count, and metric are parsed from this task's config.yaml; family is deterministically inferred from the report taxonomy and endpoint label."
pathobench.cptac_ccrcc.pbrm1-mutation,pathobench.cptac_ccrcc.pbrm1-mutation,task.pathobench.cptac_ccrcc.pbrm1-mutation,artifact.pathobench.cptac_ccrcc,pathobench,cptac_ccrcc,PBRM1_mutation,mutation_prediction,PBRM1_mutation,case,classification,103,case_level_classification,macro-ovr-auc,higher,Public Patho-Bench split and task metadata; downstream protocol is task-specific in Patho-Bench.,https://huggingface.co/datasets/MahmoodLab/Patho-Bench/blob/60fde3a9138b2fb27a163ed6f3e2cf0ef7e8f387/cptac_ccrcc/PBRM1_mutation/config.yaml,parsed_primary_source,"Task identity is listed in available_splits.yaml; sample_col=case_id, task type, sample count, and metric are parsed from this task's config.yaml; family is deterministically inferred from the report taxonomy and endpoint label."
pathobench.cptac_ccrcc.vhl-mutation,pathobench.cptac_ccrcc.vhl-mutation,task.pathobench.cptac_ccrcc.vhl-mutation,artifact.pathobench.cptac_ccrcc,pathobench,cptac_ccrcc,VHL_mutation,mutation_prediction,VHL_mutation,case,classification,103,case_level_classification,macro-ovr-auc,higher,Public Patho-Bench split and task metadata; downstream protocol is task-specific in Patho-Bench.,https://huggingface.co/datasets/MahmoodLab/Patho-Bench/blob/60fde3a9138b2fb27a163ed6f3e2cf0ef7e8f387/cptac_ccrcc/VHL_mutation/config.yaml,parsed_primary_source,"Task identity is listed in available_splits.yaml; sample_col=case_id, task type, sample count, and metric are parsed from this task's config.yaml; family is deterministically inferred from the report taxonomy and endpoint label."
pathobench.cptac_ccrcc_dhmc.oncotreecode,pathobench.cptac_ccrcc_dhmc.oncotreecode,task.pathobench.cptac_ccrcc_dhmc.oncotreecode,artifact.pathobench.cptac_ccrcc_dhmc,pathobench,cptac_ccrcc_dhmc,OncoTreeCode,morphological_subtyping,OncoTreeCode,slide,classification,871,slide_level_classification,bacc,higher,Public Patho-Bench split and task metadata; downstream protocol is task-specific in Patho-Bench.,https://huggingface.co/datasets/MahmoodLab/Patho-Bench/blob/60fde3a9138b2fb27a163ed6f3e2cf0ef7e8f387/cptac_ccrcc_dhmc/OncoTreeCode/config.yaml,parsed_primary_source,"Task identity is listed in available_splits.yaml; sample_col=slide_id, task type, sample count, and metric are parsed from this task's config.yaml; family is deterministically inferred from the report taxonomy and endpoint label."
pathobench.cptac_coad.acvr2a-mutation,pathobench.cptac_coad.acvr2a-mutation,task.pathobench.cptac_coad.acvr2a-mutation,artifact.pathobench.cptac_coad,pathobench,cptac_coad,ACVR2A_mutation,mutation_prediction,ACVR2A_mutation,case,classification,94,case_level_classification,macro-ovr-auc,higher,Public Patho-Bench split and task metadata; downstream protocol is task-specific in Patho-Bench.,https://huggingface.co/datasets/MahmoodLab/Patho-Bench/blob/60fde3a9138b2fb27a163ed6f3e2cf0ef7e8f387/cptac_coad/ACVR2A_mutation/config.yaml,parsed_primary_source,"Task identity is listed in available_splits.yaml; sample_col=case_id, task type, sample count, and metric are parsed from this task's config.yaml; family is deterministically inferred from the report taxonomy and endpoint label."
pathobench.cptac_coad.apc-mutation,pathobench.cptac_coad.apc-mutation,task.pathobench.cptac_coad.apc-mutation,artifact.pathobench.cptac_coad,pathobench,cptac_coad,APC_mutation,mutation_prediction,APC_mutation,case,classification,94,case_level_classification,macro-ovr-auc,higher,Public Patho-Bench split and task metadata; downstream protocol is task-specific in Patho-Bench.,https://huggingface.co/datasets/MahmoodLab/Patho-Bench/blob/60fde3a9138b2fb27a163ed6f3e2cf0ef7e8f387/cptac_coad/APC_mutation/config.yaml,parsed_primary_source,"Task identity is listed in available_splits.yaml; sample_col=case_id, task type, sample count, and metric are parsed from this task's config.yaml; family is deterministically inferred from the report taxonomy and endpoint label."
pathobench.cptac_coad.arid1a-mutation,pathobench.cptac_coad.arid1a-mutation,task.pathobench.cptac_coad.arid1a-mutation,artifact.pathobench.cptac_coad,pathobench,cptac_coad,ARID1A_mutation,mutation_prediction,ARID1A_mutation,case,classification,94,case_level_classification,macro-ovr-auc,higher,Public Patho-Bench split and task metadata; downstream protocol is task-specific in Patho-Bench.,https://huggingface.co/datasets/MahmoodLab/Patho-Bench/blob/60fde3a9138b2fb27a163ed6f3e2cf0ef7e8f387/cptac_coad/ARID1A_mutation/config.yaml,parsed_primary_source,"Task identity is listed in available_splits.yaml; sample_col=case_id, task type, sample count, and metric are parsed from this task's config.yaml; family is deterministically inferred from the report taxonomy and endpoint label."
pathobench.cptac_coad.immune-class,pathobench.cptac_coad.immune-class,task.pathobench.cptac_coad.immune-class,artifact.pathobench.cptac_coad,pathobench,cptac_coad,Immune_class,tme_characterization,Immune_class,case,classification,94,case_level_classification,bacc,higher,Public Patho-Bench split and task metadata; downstream protocol is task-specific in Patho-Bench.,https://huggingface.co/datasets/MahmoodLab/Patho-Bench/blob/60fde3a9138b2fb27a163ed6f3e2cf0ef7e8f387/cptac_coad/Immune_class/config.yaml,parsed_primary_source,"Task identity is listed in available_splits.yaml; sample_col=case_id, task type, sample count, and metric are parsed from this task's config.yaml; family is deterministically inferred from the report taxonomy and endpoint label."
pathobench.cptac_coad.kras-mutation,pathobench.cptac_coad.kras-mutation,task.pathobench.cptac_coad.kras-mutation,artifact.pathobench.cptac_coad,pathobench,cptac_coad,KRAS_mutation,mutation_prediction,KRAS_mutation,case,classification,94,case_level_classification,macro-ovr-auc,higher,Public Patho-Bench split and task metadata; downstream protocol is task-specific in Patho-Bench.,https://huggingface.co/datasets/MahmoodLab/Patho-Bench/blob/60fde3a9138b2fb27a163ed6f3e2cf0ef7e8f387/cptac_coad/KRAS_mutation/config.yaml,parsed_primary_source,"Task identity is listed in available_splits.yaml; sample_col=case_id, task type, sample count, and metric are parsed from this task's config.yaml; family is deterministically inferred from the report taxonomy and endpoint label."
pathobench.cptac_coad.msi-h,pathobench.cptac_coad.msi-h,task.pathobench.cptac_coad.msi-h,artifact.pathobench.cptac_coad,pathobench,cptac_coad,MSI_H,molecular_subtyping,MSI_H,case,classification,93,case_level_classification,macro-ovr-auc,higher,Public Patho-Bench split and task metadata; downstream protocol is task-specific in Patho-Bench.,https://huggingface.co/datasets/MahmoodLab/Patho-Bench/blob/60fde3a9138b2fb27a163ed6f3e2cf0ef7e8f387/cptac_coad/MSI_H/config.yaml,parsed_primary_source,"Task identity is listed in available_splits.yaml; sample_col=case_id, task type, sample count, and metric are parsed from this task's config.yaml; family is deterministically inferred from the report taxonomy and endpoint label."
pathobench.cptac_coad.pik3ca-mutation,pathobench.cptac_coad.pik3ca-mutation,task.pathobench.cptac_coad.pik3ca-mutation,artifact.pathobench.cptac_coad,pathobench,cptac_coad,PIK3CA_mutation,mutation_prediction,PIK3CA_mutation,case,classification,94,case_level_classification,macro-ovr-auc,higher,Public Patho-Bench split and task metadata; downstream protocol is task-specific in Patho-Bench.,https://huggingface.co/datasets/MahmoodLab/Patho-Bench/blob/60fde3a9138b2fb27a163ed6f3e2cf0ef7e8f387/cptac_coad/PIK3CA_mutation/config.yaml,parsed_primary_source,"Task identity is listed in available_splits.yaml; sample_col=case_id, task type, sample count, and metric are parsed from this task's config.yaml; family is deterministically inferred from the report taxonomy and endpoint label."
pathobench.cptac_coad.setd1b-mutation,pathobench.cptac_coad.setd1b-mutation,task.pathobench.cptac_coad.setd1b-mutation,artifact.pathobench.cptac_coad,pathobench,cptac_coad,SETD1B_mutation,mutation_prediction,SETD1B_mutation,case,classification,94,case_level_classification,macro-ovr-auc,higher,Public Patho-Bench split and task metadata; downstream protocol is task-specific in Patho-Bench.,https://huggingface.co/datasets/MahmoodLab/Patho-Bench/blob/60fde3a9138b2fb27a163ed6f3e2cf0ef7e8f387/cptac_coad/SETD1B_mutation/config.yaml,parsed_primary_source,"Task identity is listed in available_splits.yaml; sample_col=case_id, task type, sample count, and metric are parsed from this task's config.yaml; family is deterministically inferred from the report taxonomy and endpoint label."
pathobench.cptac_coad.tp53-mutation,pathobench.cptac_coad.tp53-mutation,task.pathobench.cptac_coad.tp53-mutation,artifact.pathobench.cptac_coad,pathobench,cptac_coad,TP53_mutation,mutation_prediction,TP53_mutation,case,classification,94,case_level_classification,macro-ovr-auc,higher,Public Patho-Bench split and task metadata; downstream protocol is task-specific in Patho-Bench.,https://huggingface.co/datasets/MahmoodLab/Patho-Bench/blob/60fde3a9138b2fb27a163ed6f3e2cf0ef7e8f387/cptac_coad/TP53_mutation/config.yaml,parsed_primary_source,"Task identity is listed in available_splits.yaml; sample_col=case_id, task type, sample count, and metric are parsed from this task's config.yaml; family is deterministically inferred from the report taxonomy and endpoint label."
pathobench.cptac_gbm.egfr-mutation,pathobench.cptac_gbm.egfr-mutation,task.pathobench.cptac_gbm.egfr-mutation,artifact.pathobench.cptac_gbm,pathobench,cptac_gbm,EGFR_mutation,mutation_prediction,EGFR_mutation,case,classification,99,case_level_classification,macro-ovr-auc,higher,Public Patho-Bench split and task metadata; downstream protocol is task-specific in Patho-Bench.,https://huggingface.co/datasets/MahmoodLab/Patho-Bench/blob/60fde3a9138b2fb27a163ed6f3e2cf0ef7e8f387/cptac_gbm/EGFR_mutation/config.yaml,parsed_primary_source,"Task identity is listed in available_splits.yaml; sample_col=case_id, task type, sample count, and metric are parsed from this task's config.yaml; family is deterministically inferred from the report taxonomy and endpoint label."
pathobench.cptac_gbm.immune-class,pathobench.cptac_gbm.immune-class,task.pathobench.cptac_gbm.immune-class,artifact.pathobench.cptac_gbm,pathobench,cptac_gbm,Immune_class,tme_characterization,Immune_class,case,classification,99,case_level_classification,bacc,higher,Public Patho-Bench split and task metadata; downstream protocol is task-specific in Patho-Bench.,https://huggingface.co/datasets/MahmoodLab/Patho-Bench/blob/60fde3a9138b2fb27a163ed6f3e2cf0ef7e8f387/cptac_gbm/Immune_class/config.yaml,parsed_primary_source,"Task identity is listed in available_splits.yaml; sample_col=case_id, task type, sample count, and metric are parsed from this task's config.yaml; family is deterministically inferred from the report taxonomy and endpoint label."
pathobench.cptac_gbm.tp53-mutation,pathobench.cptac_gbm.tp53-mutation,task.pathobench.cptac_gbm.tp53-mutation,artifact.pathobench.cptac_gbm,pathobench,cptac_gbm,TP53_mutation,mutation_prediction,TP53_mutation,case,classification,99,case_level_classification,macro-ovr-auc,higher,Public Patho-Bench split and task metadata; downstream protocol is task-specific in Patho-Bench.,https://huggingface.co/datasets/MahmoodLab/Patho-Bench/blob/60fde3a9138b2fb27a163ed6f3e2cf0ef7e8f387/cptac_gbm/TP53_mutation/config.yaml,parsed_primary_source,"Task identity is listed in available_splits.yaml; sample_col=case_id, task type, sample count, and metric are parsed from this task's config.yaml; family is deterministically inferred from the report taxonomy and endpoint label."
pathobench.cptac_hnsc.casp8-mutation,pathobench.cptac_hnsc.casp8-mutation,task.pathobench.cptac_hnsc.casp8-mutation,artifact.pathobench.cptac_hnsc,pathobench,cptac_hnsc,CASP8_mutation,mutation_prediction,CASP8_mutation,case,classification,107,case_level_classification,macro-ovr-auc,higher,Public Patho-Bench split and task metadata; downstream protocol is task-specific in Patho-Bench.,https://huggingface.co/datasets/MahmoodLab/Patho-Bench/blob/60fde3a9138b2fb27a163ed6f3e2cf0ef7e8f387/cptac_hnsc/CASP8_mutation/config.yaml,parsed_primary_source,"Task identity is listed in available_splits.yaml; sample_col=case_id, task type, sample count, and metric are parsed from this task's config.yaml; family is deterministically inferred from the report taxonomy and endpoint label."
pathobench.cptac_hnsc.histologic-grade,pathobench.cptac_hnsc.histologic-grade,task.pathobench.cptac_hnsc.histologic-grade,artifact.pathobench.cptac_hnsc,pathobench,cptac_hnsc,Histologic_Grade,tumor_grading,Histologic_Grade,case,classification,107,case_level_classification,weighted_kappa,higher,Public Patho-Bench split and task metadata; downstream protocol is task-specific in Patho-Bench.,https://huggingface.co/datasets/MahmoodLab/Patho-Bench/blob/60fde3a9138b2fb27a163ed6f3e2cf0ef7e8f387/cptac_hnsc/Histologic_Grade/config.yaml,parsed_primary_source,"Task identity is listed in available_splits.yaml; sample_col=case_id, task type, sample count, and metric are parsed from this task's config.yaml; family is deterministically inferred from the report taxonomy and endpoint label."
pathobench.cptac_hnsc.immune-class,pathobench.cptac_hnsc.immune-class,task.pathobench.cptac_hnsc.immune-class,artifact.pathobench.cptac_hnsc,pathobench,cptac_hnsc,Immune_class,tme_characterization,Immune_class,case,classification,107,case_level_classification,bacc,higher,Public Patho-Bench split and task metadata; downstream protocol is task-specific in Patho-Bench.,https://huggingface.co/datasets/MahmoodLab/Patho-Bench/blob/60fde3a9138b2fb27a163ed6f3e2cf0ef7e8f387/cptac_hnsc/Immune_class/config.yaml,parsed_primary_source,"Task identity is listed in available_splits.yaml; sample_col=case_id, task type, sample count, and metric are parsed from this task's config.yaml; family is deterministically inferred from the report taxonomy and endpoint label."
pathobench.cptac_hnsc.os,pathobench.cptac_hnsc.os,task.pathobench.cptac_hnsc.os,artifact.pathobench.cptac_hnsc,pathobench,cptac_hnsc,OS,survival_prediction,OS,case,survival,102,case_level_survival,cindex,higher,Public Patho-Bench split and task metadata; downstream protocol is task-specific in Patho-Bench.,https://huggingface.co/datasets/MahmoodLab/Patho-Bench/blob/60fde3a9138b2fb27a163ed6f3e2cf0ef7e8f387/cptac_hnsc/OS/config.yaml,parsed_primary_source,"Task identity is listed in available_splits.yaml; sample_col=case_id, task type, sample count, and metric are parsed from this task's config.yaml; family is deterministically inferred from the report taxonomy and endpoint label."
pathobench.cptac_lscc.arid1a-mutation,pathobench.cptac_lscc.arid1a-mutation,task.pathobench.cptac_lscc.arid1a-mutation,artifact.pathobench.cptac_lscc,pathobench,cptac_lscc,ARID1A_mutation,mutation_prediction,ARID1A_mutation,case,classification,108,case_level_classification,macro-ovr-auc,higher,Public Patho-Bench split and task metadata; downstream protocol is task-specific in Patho-Bench.,https://huggingface.co/datasets/MahmoodLab/Patho-Bench/blob/60fde3a9138b2fb27a163ed6f3e2cf0ef7e8f387/cptac_lscc/ARID1A_mutation/config.yaml,parsed_primary_source,"Task identity is listed in available_splits.yaml; sample_col=case_id, task type, sample count, and metric are parsed from this task's config.yaml; family is deterministically inferred from the report taxonomy and endpoint label."
pathobench.cptac_lscc.histologic-grade,pathobench.cptac_lscc.histologic-grade,task.pathobench.cptac_lscc.histologic-grade,artifact.pathobench.cptac_lscc,pathobench,cptac_lscc,Histologic_Grade,tumor_grading,Histologic_Grade,case,classification,104,case_level_classification,weighted_kappa,higher,Public Patho-Bench split and task metadata; downstream protocol is task-specific in Patho-Bench.,https://huggingface.co/datasets/MahmoodLab/Patho-Bench/blob/60fde3a9138b2fb27a163ed6f3e2cf0ef7e8f387/cptac_lscc/Histologic_Grade/config.yaml,parsed_primary_source,"Task identity is listed in available_splits.yaml; sample_col=case_id, task type, sample count, and metric are parsed from this task's config.yaml; family is deterministically inferred from the report taxonomy and endpoint label."
pathobench.cptac_lscc.immune-class,pathobench.cptac_lscc.immune-class,task.pathobench.cptac_lscc.immune-class,artifact.pathobench.cptac_lscc,pathobench,cptac_lscc,Immune_class,tme_characterization,Immune_class,case,classification,108,case_level_classification,bacc,higher,Public Patho-Bench split and task metadata; downstream protocol is task-specific in Patho-Bench.,https://huggingface.co/datasets/MahmoodLab/Patho-Bench/blob/60fde3a9138b2fb27a163ed6f3e2cf0ef7e8f387/cptac_lscc/Immune_class/config.yaml,parsed_primary_source,"Task identity is listed in available_splits.yaml; sample_col=case_id, task type, sample count, and metric are parsed from this task's config.yaml; family is deterministically inferred from the report taxonomy and endpoint label."
pathobench.cptac_lscc.keap1-mutation,pathobench.cptac_lscc.keap1-mutation,task.pathobench.cptac_lscc.keap1-mutation,artifact.pathobench.cptac_lscc,pathobench,cptac_lscc,KEAP1_mutation,mutation_prediction,KEAP1_mutation,case,classification,108,case_level_classification,macro-ovr-auc,higher,Public Patho-Bench split and task metadata; downstream protocol is task-specific in Patho-Bench.,https://huggingface.co/datasets/MahmoodLab/Patho-Bench/blob/60fde3a9138b2fb27a163ed6f3e2cf0ef7e8f387/cptac_lscc/KEAP1_mutation/config.yaml,parsed_primary_source,"Task identity is listed in available_splits.yaml; sample_col=case_id, task type, sample count, and metric are parsed from this task's config.yaml; family is deterministically inferred from the report taxonomy and endpoint label."
pathobench.cptac_luad.egfr-mutation,pathobench.cptac_luad.egfr-mutation,task.pathobench.cptac_luad.egfr-mutation,artifact.pathobench.cptac_luad,pathobench,cptac_luad,EGFR_mutation,mutation_prediction,EGFR_mutation,case,classification,108,case_level_classification,macro-ovr-auc,higher,Public Patho-Bench split and task metadata; downstream protocol is task-specific in Patho-Bench.,https://huggingface.co/datasets/MahmoodLab/Patho-Bench/blob/60fde3a9138b2fb27a163ed6f3e2cf0ef7e8f387/cptac_luad/EGFR_mutation/config.yaml,parsed_primary_source,"Task identity is listed in available_splits.yaml; sample_col=case_id, task type, sample count, and metric are parsed from this task's config.yaml; family is deterministically inferred from the report taxonomy and endpoint label."
pathobench.cptac_luad.immune-class,pathobench.cptac_luad.immune-class,task.pathobench.cptac_luad.immune-class,artifact.pathobench.cptac_luad,pathobench,cptac_luad,Immune_class,tme_characterization,Immune_class,case,classification,108,case_level_classification,bacc,higher,Public Patho-Bench split and task metadata; downstream protocol is task-specific in Patho-Bench.,https://huggingface.co/datasets/MahmoodLab/Patho-Bench/blob/60fde3a9138b2fb27a163ed6f3e2cf0ef7e8f387/cptac_luad/Immune_class/config.yaml,parsed_primary_source,"Task identity is listed in available_splits.yaml; sample_col=case_id, task type, sample count, and metric are parsed from this task's config.yaml; family is deterministically inferred from the report taxonomy and endpoint label."
pathobench.cptac_luad.kras-mutation,pathobench.cptac_luad.kras-mutation,task.pathobench.cptac_luad.kras-mutation,artifact.pathobench.cptac_luad,pathobench,cptac_luad,KRAS_mutation,mutation_prediction,KRAS_mutation,case,classification,102,case_level_classification,macro-ovr-auc,higher,Public Patho-Bench split and task metadata; downstream protocol is task-specific in Patho-Bench.,https://huggingface.co/datasets/MahmoodLab/Patho-Bench/blob/60fde3a9138b2fb27a163ed6f3e2cf0ef7e8f387/cptac_luad/KRAS_mutation/config.yaml,parsed_primary_source,"Task identity is listed in available_splits.yaml; sample_col=case_id, task type, sample count, and metric are parsed from this task's config.yaml; family is deterministically inferred from the report taxonomy and endpoint label."
pathobench.cptac_luad.os,pathobench.cptac_luad.os,task.pathobench.cptac_luad.os,artifact.pathobench.cptac_luad,pathobench,cptac_luad,OS,survival_prediction,OS,case,survival,105,case_level_survival,cindex,higher,Public Patho-Bench split and task metadata; downstream protocol is task-specific in Patho-Bench.,https://huggingface.co/datasets/MahmoodLab/Patho-Bench/blob/60fde3a9138b2fb27a163ed6f3e2cf0ef7e8f387/cptac_luad/OS/config.yaml,parsed_primary_source,"Task identity is listed in available_splits.yaml; sample_col=case_id, task type, sample count, and metric are parsed from this task's config.yaml; family is deterministically inferred from the report taxonomy and endpoint label."
pathobench.cptac_luad.stk11-mutation,pathobench.cptac_luad.stk11-mutation,task.pathobench.cptac_luad.stk11-mutation,artifact.pathobench.cptac_luad,pathobench,cptac_luad,STK11_mutation,mutation_prediction,STK11_mutation,case,classification,108,case_level_classification,macro-ovr-auc,higher,Public Patho-Bench split and task metadata; downstream protocol is task-specific in Patho-Bench.,https://huggingface.co/datasets/MahmoodLab/Patho-Bench/blob/60fde3a9138b2fb27a163ed6f3e2cf0ef7e8f387/cptac_luad/STK11_mutation/config.yaml,parsed_primary_source,"Task identity is listed in available_splits.yaml; sample_col=case_id, task type, sample count, and metric are parsed from this task's config.yaml; family is deterministically inferred from the report taxonomy and endpoint label."
pathobench.cptac_luad.tp53-mutation,pathobench.cptac_luad.tp53-mutation,task.pathobench.cptac_luad.tp53-mutation,artifact.pathobench.cptac_luad,pathobench,cptac_luad,TP53_mutation,mutation_prediction,TP53_mutation,case,classification,108,case_level_classification,macro-ovr-auc,higher,Public Patho-Bench split and task metadata; downstream protocol is task-specific in Patho-Bench.,https://huggingface.co/datasets/MahmoodLab/Patho-Bench/blob/60fde3a9138b2fb27a163ed6f3e2cf0ef7e8f387/cptac_luad/TP53_mutation/config.yaml,parsed_primary_source,"Task identity is listed in available_splits.yaml; sample_col=case_id, task type, sample count, and metric are parsed from this task's config.yaml; family is deterministically inferred from the report taxonomy and endpoint label."
pathobench.cptac_lung.subtype,pathobench.cptac_lung.subtype,task.pathobench.cptac_lung.subtype,artifact.pathobench.cptac_lung,pathobench,cptac_lung,subtype,morphological_subtyping,subtype,case,classification,206,case_level_classification,macro-ovr-auc,higher,Public Patho-Bench split and task metadata; downstream protocol is task-specific in Patho-Bench.,https://huggingface.co/datasets/MahmoodLab/Patho-Bench/blob/60fde3a9138b2fb27a163ed6f3e2cf0ef7e8f387/cptac_lung/subtype/config.yaml,parsed_primary_source,"Task identity is listed in available_splits.yaml; sample_col=case_id, task type, sample count, and metric are parsed from this task's config.yaml; family is deterministically inferred from the report taxonomy and endpoint label."
pathobench.cptac_ov.immune-class,pathobench.cptac_ov.immune-class,task.pathobench.cptac_ov.immune-class,artifact.pathobench.cptac_ov,pathobench,cptac_ov,Immune_class,tme_characterization,Immune_class,case,classification,51,case_level_classification,bacc,higher,Public Patho-Bench split and task metadata; downstream protocol is task-specific in Patho-Bench.,https://huggingface.co/datasets/MahmoodLab/Patho-Bench/blob/60fde3a9138b2fb27a163ed6f3e2cf0ef7e8f387/cptac_ov/Immune_class/config.yaml,parsed_primary_source,"Task identity is listed in available_splits.yaml; sample_col=case_id, task type, sample count, and metric are parsed from this task's config.yaml; family is deterministically inferred from the report taxonomy and endpoint label."
pathobench.cptac_pda.immune-class,pathobench.cptac_pda.immune-class,task.pathobench.cptac_pda.immune-class,artifact.pathobench.cptac_pda,pathobench,cptac_pda,Immune_class,tme_characterization,Immune_class,case,classification,105,case_level_classification,bacc,higher,Public Patho-Bench split and task metadata; downstream protocol is task-specific in Patho-Bench.,https://huggingface.co/datasets/MahmoodLab/Patho-Bench/blob/60fde3a9138b2fb27a163ed6f3e2cf0ef7e8f387/cptac_pda/Immune_class/config.yaml,parsed_primary_source,"Task identity is listed in available_splits.yaml; sample_col=case_id, task type, sample count, and metric are parsed from this task's config.yaml; family is deterministically inferred from the report taxonomy and endpoint label."
pathobench.cptac_pda.os,pathobench.cptac_pda.os,task.pathobench.cptac_pda.os,artifact.pathobench.cptac_pda,pathobench,cptac_pda,OS,survival_prediction,OS,case,survival,97,case_level_survival,cindex,higher,Public Patho-Bench split and task metadata; downstream protocol is task-specific in Patho-Bench.,https://huggingface.co/datasets/MahmoodLab/Patho-Bench/blob/60fde3a9138b2fb27a163ed6f3e2cf0ef7e8f387/cptac_pda/OS/config.yaml,parsed_primary_source,"Task identity is listed in available_splits.yaml; sample_col=case_id, task type, sample count, and metric are parsed from this task's config.yaml; family is deterministically inferred from the report taxonomy and endpoint label."
pathobench.cptac_pda.smad4-mutation,pathobench.cptac_pda.smad4-mutation,task.pathobench.cptac_pda.smad4-mutation,artifact.pathobench.cptac_pda,pathobench,cptac_pda,SMAD4_mutation,mutation_prediction,SMAD4_mutation,case,classification,105,case_level_classification,macro-ovr-auc,higher,Public Patho-Bench split and task metadata; downstream protocol is task-specific in Patho-Bench.,https://huggingface.co/datasets/MahmoodLab/Patho-Bench/blob/60fde3a9138b2fb27a163ed6f3e2cf0ef7e8f387/cptac_pda/SMAD4_mutation/config.yaml,parsed_primary_source,"Task identity is listed in available_splits.yaml; sample_col=case_id, task type, sample count, and metric are parsed from this task's config.yaml; family is deterministically inferred from the report taxonomy and endpoint label."
pathobench.cptac_ucec.ctnnb1-mutation,pathobench.cptac_ucec.ctnnb1-mutation,task.pathobench.cptac_ucec.ctnnb1-mutation,artifact.pathobench.cptac_ucec,pathobench,cptac_ucec,CTNNB1_mutation,mutation_prediction,CTNNB1_mutation,case,classification,93,case_level_classification,macro-ovr-auc,higher,Public Patho-Bench split and task metadata; downstream protocol is task-specific in Patho-Bench.,https://huggingface.co/datasets/MahmoodLab/Patho-Bench/blob/60fde3a9138b2fb27a163ed6f3e2cf0ef7e8f387/cptac_ucec/CTNNB1_mutation/config.yaml,parsed_primary_source,"Task identity is listed in available_splits.yaml; sample_col=case_id, task type, sample count, and metric are parsed from this task's config.yaml; family is deterministically inferred from the report taxonomy and endpoint label."
pathobench.cptac_ucec.immune-class,pathobench.cptac_ucec.immune-class,task.pathobench.cptac_ucec.immune-class,artifact.pathobench.cptac_ucec,pathobench,cptac_ucec,Immune_class,tme_characterization,Immune_class,case,classification,94,case_level_classification,bacc,higher,Public Patho-Bench split and task metadata; downstream protocol is task-specific in Patho-Bench.,https://huggingface.co/datasets/MahmoodLab/Patho-Bench/blob/60fde3a9138b2fb27a163ed6f3e2cf0ef7e8f387/cptac_ucec/Immune_class/config.yaml,parsed_primary_source,"Task identity is listed in available_splits.yaml; sample_col=case_id, task type, sample count, and metric are parsed from this task's config.yaml; family is deterministically inferred from the report taxonomy and endpoint label."
pathobench.cptac_ucec.pten-mutation,pathobench.cptac_ucec.pten-mutation,task.pathobench.cptac_ucec.pten-mutation,artifact.pathobench.cptac_ucec,pathobench,cptac_ucec,PTEN_mutation,mutation_prediction,PTEN_mutation,case,classification,93,case_level_classification,macro-ovr-auc,higher,Public Patho-Bench split and task metadata; downstream protocol is task-specific in Patho-Bench.,https://huggingface.co/datasets/MahmoodLab/Patho-Bench/blob/60fde3a9138b2fb27a163ed6f3e2cf0ef7e8f387/cptac_ucec/PTEN_mutation/config.yaml,parsed_primary_source,"Task identity is listed in available_splits.yaml; sample_col=case_id, task type, sample count, and metric are parsed from this task's config.yaml; family is deterministically inferred from the report taxonomy and endpoint label."
pathobench.crc_outcomes.os-valentino,pathobench.crc_outcomes.os-valentino,task.pathobench.crc_outcomes.os-valentino,artifact.pathobench.crc_outcomes,pathobench,crc_outcomes,OS_VALENTINO,survival_prediction,OS_VALENTINO,case,survival,170,case_level_survival,cindex,higher,Public Patho-Bench split and task metadata; downstream protocol is task-specific in Patho-Bench.,https://huggingface.co/datasets/MahmoodLab/Patho-Bench/blob/60fde3a9138b2fb27a163ed6f3e2cf0ef7e8f387/crc_outcomes/OS_VALENTINO/config.yaml,parsed_primary_source,"Task identity is listed in available_splits.yaml; sample_col=case_id, task type, sample count, and metric are parsed from this task's config.yaml; family is deterministically inferred from the report taxonomy and endpoint label."
pathobench.crc_outcomes.pfs-valentino,pathobench.crc_outcomes.pfs-valentino,task.pathobench.crc_outcomes.pfs-valentino,artifact.pathobench.crc_outcomes,pathobench,crc_outcomes,PFS_VALENTINO,survival_prediction,PFS_VALENTINO,case,survival,170,case_level_survival,cindex,higher,Public Patho-Bench split and task metadata; downstream protocol is task-specific in Patho-Bench.,https://huggingface.co/datasets/MahmoodLab/Patho-Bench/blob/60fde3a9138b2fb27a163ed6f3e2cf0ef7e8f387/crc_outcomes/PFS_VALENTINO/config.yaml,parsed_primary_source,"Task identity is listed in available_splits.yaml; sample_col=case_id, task type, sample count, and metric are parsed from this task's config.yaml; family is deterministically inferred from the report taxonomy and endpoint label."
pathobench.crc_outcomes.braf-grading,pathobench.crc_outcomes.braf-grading,task.pathobench.crc_outcomes.braf-grading,artifact.pathobench.crc_outcomes,pathobench,crc_outcomes,braf_grading,tumor_grading,braf_grading,case,classification,134,case_level_classification,weighted_kappa,higher,Public Patho-Bench split and task metadata; downstream protocol is task-specific in Patho-Bench.,https://huggingface.co/datasets/MahmoodLab/Patho-Bench/blob/60fde3a9138b2fb27a163ed6f3e2cf0ef7e8f387/crc_outcomes/braf_grading/config.yaml,parsed_primary_source,"Task identity is listed in available_splits.yaml; sample_col=case_id, task type, sample count, and metric are parsed from this task's config.yaml; family is deterministically inferred from the report taxonomy and endpoint label."
pathobench.crc_outcomes.braf-lymphovas-invasion,pathobench.crc_outcomes.braf-lymphovas-invasion,task.pathobench.crc_outcomes.braf-lymphovas-invasion,artifact.pathobench.crc_outcomes,pathobench,crc_outcomes,braf_lymphovas_invasion,tme_characterization,braf_lymphovas_invasion,case,classification,111,case_level_classification,macro-ovr-auc,higher,Public Patho-Bench split and task metadata; downstream protocol is task-specific in Patho-Bench.,https://huggingface.co/datasets/MahmoodLab/Patho-Bench/blob/60fde3a9138b2fb27a163ed6f3e2cf0ef7e8f387/crc_outcomes/braf_lymphovas_invasion/config.yaml,parsed_primary_source,"Task identity is listed in available_splits.yaml; sample_col=case_id, task type, sample count, and metric are parsed from this task's config.yaml; family is deterministically inferred from the report taxonomy and endpoint label."
pathobench.crc_outcomes.braf-mmr,pathobench.crc_outcomes.braf-mmr,task.pathobench.crc_outcomes.braf-mmr,artifact.pathobench.crc_outcomes,pathobench,crc_outcomes,braf_mmr,molecular_subtyping,braf_mmr,case,classification,135,case_level_classification,macro-ovr-auc,higher,Public Patho-Bench split and task metadata; downstream protocol is task-specific in Patho-Bench.,https://huggingface.co/datasets/MahmoodLab/Patho-Bench/blob/60fde3a9138b2fb27a163ed6f3e2cf0ef7e8f387/crc_outcomes/braf_mmr/config.yaml,parsed_primary_source,"Task identity is listed in available_splits.yaml; sample_col=case_id, task type, sample count, and metric are parsed from this task's config.yaml; family is deterministically inferred from the report taxonomy and endpoint label."
pathobench.crc_outcomes.braf-synapto,pathobench.crc_outcomes.braf-synapto,task.pathobench.crc_outcomes.braf-synapto,artifact.pathobench.crc_outcomes,pathobench,crc_outcomes,braf_synapto,morphological_subtyping,braf_synapto,case,classification,135,case_level_classification,macro-ovr-auc,higher,Public Patho-Bench split and task metadata; downstream protocol is task-specific in Patho-Bench.,https://huggingface.co/datasets/MahmoodLab/Patho-Bench/blob/60fde3a9138b2fb27a163ed6f3e2cf0ef7e8f387/crc_outcomes/braf_synapto/config.yaml,parsed_primary_source,"Task identity is listed in available_splits.yaml; sample_col=case_id, task type, sample count, and metric are parsed from this task's config.yaml; family is deterministically inferred from the report taxonomy and endpoint label."
pathobench.crc_outcomes.braf-tils,pathobench.crc_outcomes.braf-tils,task.pathobench.crc_outcomes.braf-tils,artifact.pathobench.crc_outcomes,pathobench,crc_outcomes,braf_tils,tme_characterization,braf_tils,case,classification,135,case_level_classification,macro-ovr-auc,higher,Public Patho-Bench split and task metadata; downstream protocol is task-specific in Patho-Bench.,https://huggingface.co/datasets/MahmoodLab/Patho-Bench/blob/60fde3a9138b2fb27a163ed6f3e2cf0ef7e8f387/crc_outcomes/braf_tils/config.yaml,parsed_primary_source,"Task identity is listed in available_splits.yaml; sample_col=case_id, task type, sample count, and metric are parsed from this task's config.yaml; family is deterministically inferred from the report taxonomy and endpoint label."
pathobench.crc_outcomes.valentino-molecular-subtype,pathobench.crc_outcomes.valentino-molecular-subtype,task.pathobench.crc_outcomes.valentino-molecular-subtype,artifact.pathobench.crc_outcomes,pathobench,crc_outcomes,valentino_molecular_subtype,molecular_subtyping,valentino_molecular_subtype,case,classification,96,case_level_classification,macro-ovr-auc,higher,Public Patho-Bench split and task metadata; downstream protocol is task-specific in Patho-Bench.,https://huggingface.co/datasets/MahmoodLab/Patho-Bench/blob/60fde3a9138b2fb27a163ed6f3e2cf0ef7e8f387/crc_outcomes/valentino_molecular_subtype/config.yaml,parsed_primary_source,"Task identity is listed in available_splits.yaml; sample_col=case_id, task type, sample count, and metric are parsed from this task's config.yaml; family is deterministically inferred from the report taxonomy and endpoint label."
pathobench.crc_outcomes.valentino-msi,pathobench.crc_outcomes.valentino-msi,task.pathobench.crc_outcomes.valentino-msi,artifact.pathobench.crc_outcomes,pathobench,crc_outcomes,valentino_msi,molecular_subtyping,valentino_msi,case,classification,136,case_level_classification,macro-ovr-auc,higher,Public Patho-Bench split and task metadata; downstream protocol is task-specific in Patho-Bench.,https://huggingface.co/datasets/MahmoodLab/Patho-Bench/blob/60fde3a9138b2fb27a163ed6f3e2cf0ef7e8f387/crc_outcomes/valentino_msi/config.yaml,parsed_primary_source,"Task identity is listed in available_splits.yaml; sample_col=case_id, task type, sample count, and metric are parsed from this task's config.yaml; family is deterministically inferred from the report taxonomy and endpoint label."
pathobench.dhmc_luad.label,pathobench.dhmc_luad.label,task.pathobench.dhmc_luad.label,artifact.pathobench.dhmc_luad,pathobench,dhmc_luad,label,morphological_subtyping,label,slide,classification,143,slide_level_classification,bacc,higher,Public Patho-Bench split and task metadata; downstream protocol is task-specific in Patho-Bench.,https://huggingface.co/datasets/MahmoodLab/Patho-Bench/blob/60fde3a9138b2fb27a163ed6f3e2cf0ef7e8f387/dhmc_luad/label/config.yaml,parsed_primary_source,"Task identity is listed in available_splits.yaml; sample_col=slide_id, task type, sample count, and metric are parsed from this task's config.yaml; family is deterministically inferred from the report taxonomy and endpoint label."
pathobench.ebrains.diagnosis,pathobench.ebrains.diagnosis,task.pathobench.ebrains.diagnosis,artifact.pathobench.ebrains,pathobench,ebrains,diagnosis,morphological_subtyping,diagnosis,slide,classification,2319,slide_level_classification,bacc,higher,Public Patho-Bench split and task metadata; downstream protocol is task-specific in Patho-Bench.,https://huggingface.co/datasets/MahmoodLab/Patho-Bench/blob/60fde3a9138b2fb27a163ed6f3e2cf0ef7e8f387/ebrains/diagnosis/config.yaml,parsed_primary_source,"Task identity is listed in available_splits.yaml; sample_col=slide_id, task type, sample count, and metric are parsed from this task's config.yaml; family is deterministically inferred from the report taxonomy and endpoint label."
pathobench.ebrains.diagnosis-group,pathobench.ebrains.diagnosis-group,task.pathobench.ebrains.diagnosis-group,artifact.pathobench.ebrains,pathobench,ebrains,diagnosis_group,morphological_subtyping,diagnosis_group,slide,classification,2319,slide_level_classification,bacc,higher,Public Patho-Bench split and task metadata; downstream protocol is task-specific in Patho-Bench.,https://huggingface.co/datasets/MahmoodLab/Patho-Bench/blob/60fde3a9138b2fb27a163ed6f3e2cf0ef7e8f387/ebrains/diagnosis_group/config.yaml,parsed_primary_source,"Task identity is listed in available_splits.yaml; sample_col=slide_id, task type, sample count, and metric are parsed from this task's config.yaml; family is deterministically inferred from the report taxonomy and endpoint label."
pathobench.ebrains.idh-status,pathobench.ebrains.idh-status,task.pathobench.ebrains.idh-status,artifact.pathobench.ebrains,pathobench,ebrains,idh_status,morphological_subtyping,idh_status,slide,classification,848,slide_level_classification,macro-ovr-auc,higher,Public Patho-Bench split and task metadata; downstream protocol is task-specific in Patho-Bench.,https://huggingface.co/datasets/MahmoodLab/Patho-Bench/blob/60fde3a9138b2fb27a163ed6f3e2cf0ef7e8f387/ebrains/idh_status/config.yaml,parsed_primary_source,"Task identity is listed in available_splits.yaml; sample_col=slide_id, task type, sample count, and metric are parsed from this task's config.yaml; family is deterministically inferred from the report taxonomy and endpoint label."
pathobench.hancook.os-treatment-rdc,pathobench.hancook.os-treatment-rdc,task.pathobench.hancook.os-treatment-rdc,artifact.pathobench.hancook,pathobench,hancook,OS_treatment_rdc,survival_prediction,OS_treatment_rdc,case,survival,203,case_level_survival,cindex,higher,Public Patho-Bench split and task metadata; downstream protocol is task-specific in Patho-Bench.,https://huggingface.co/datasets/MahmoodLab/Patho-Bench/blob/60fde3a9138b2fb27a163ed6f3e2cf0ef7e8f387/hancook/OS_treatment_rdc/config.yaml,parsed_primary_source,"Task identity is listed in available_splits.yaml; sample_col=case_id, task type, sample count, and metric are parsed from this task's config.yaml; family is deterministically inferred from the report taxonomy and endpoint label."
pathobench.hancook.grading-scc-conventional-keratinizing,pathobench.hancook.grading-scc-conventional-keratinizing,task.pathobench.hancook.grading-scc-conventional-keratinizing,artifact.pathobench.hancook,pathobench,hancook,grading_SCC_Conventional_Keratinizing,tumor_grading,grading_SCC_Conventional_Keratinizing,case,classification,383,case_level_classification,weighted_kappa,higher,Public Patho-Bench split and task metadata; downstream protocol is task-specific in Patho-Bench.,https://huggingface.co/datasets/MahmoodLab/Patho-Bench/blob/60fde3a9138b2fb27a163ed6f3e2cf0ef7e8f387/hancook/grading_SCC_Conventional_Keratinizing/config.yaml,parsed_primary_source,"Task identity is listed in available_splits.yaml; sample_col=case_id, task type, sample count, and metric are parsed from this task's config.yaml; family is deterministically inferred from the report taxonomy and endpoint label."
pathobench.hancook.grading-scc-conventional-nonkeratinizing,pathobench.hancook.grading-scc-conventional-nonkeratinizing,task.pathobench.hancook.grading-scc-conventional-nonkeratinizing,artifact.pathobench.hancook,pathobench,hancook,grading_SCC_Conventional_NonKeratinizing,tumor_grading,grading_SCC_Conventional_NonKeratinizing,case,classification,74,case_level_classification,weighted_kappa,higher,Public Patho-Bench split and task metadata; downstream protocol is task-specific in Patho-Bench.,https://huggingface.co/datasets/MahmoodLab/Patho-Bench/blob/60fde3a9138b2fb27a163ed6f3e2cf0ef7e8f387/hancook/grading_SCC_Conventional_NonKeratinizing/config.yaml,parsed_primary_source,"Task identity is listed in available_splits.yaml; sample_col=case_id, task type, sample count, and metric are parsed from this task's config.yaml; family is deterministically inferred from the report taxonomy and endpoint label."
pathobench.hancook.lymphovascular-invasion-l,pathobench.hancook.lymphovascular-invasion-l,task.pathobench.hancook.lymphovascular-invasion-l,artifact.pathobench.hancook,pathobench,hancook,lymphovascular_invasion_L,tme_characterization,lymphovascular_invasion_L,case,classification,697,case_level_classification,macro-ovr-auc,higher,Public Patho-Bench split and task metadata; downstream protocol is task-specific in Patho-Bench.,https://huggingface.co/datasets/MahmoodLab/Patho-Bench/blob/60fde3a9138b2fb27a163ed6f3e2cf0ef7e8f387/hancook/lymphovascular_invasion_L/config.yaml,parsed_primary_source,"Task identity is listed in available_splits.yaml; sample_col=case_id, task type, sample count, and metric are parsed from this task's config.yaml; family is deterministically inferred from the report taxonomy and endpoint label."
pathobench.hancook.perineural-invasion-pn,pathobench.hancook.perineural-invasion-pn,task.pathobench.hancook.perineural-invasion-pn,artifact.pathobench.hancook,pathobench,hancook,perineural_invasion_Pn,tme_characterization,perineural_invasion_Pn,case,classification,697,case_level_classification,macro-ovr-auc,higher,Public Patho-Bench split and task metadata; downstream protocol is task-specific in Patho-Bench.,https://huggingface.co/datasets/MahmoodLab/Patho-Bench/blob/60fde3a9138b2fb27a163ed6f3e2cf0ef7e8f387/hancook/perineural_invasion_Pn/config.yaml,parsed_primary_source,"Task identity is listed in available_splits.yaml; sample_col=case_id, task type, sample count, and metric are parsed from this task's config.yaml; family is deterministically inferred from the report taxonomy and endpoint label."
pathobench.hancook.primarily-metastasis,pathobench.hancook.primarily-metastasis,task.pathobench.hancook.primarily-metastasis,artifact.pathobench.hancook,pathobench,hancook,primarily_metastasis,tme_characterization,primarily_metastasis,case,classification,676,case_level_classification,macro-ovr-auc,higher,Public Patho-Bench split and task metadata; downstream protocol is task-specific in Patho-Bench.,https://huggingface.co/datasets/MahmoodLab/Patho-Bench/blob/60fde3a9138b2fb27a163ed6f3e2cf0ef7e8f387/hancook/primarily_metastasis/config.yaml,parsed_primary_source,"Task identity is listed in available_splits.yaml; sample_col=case_id, task type, sample count, and metric are parsed from this task's config.yaml; family is deterministically inferred from the report taxonomy and endpoint label."
pathobench.hancook.primary-tumor-site,pathobench.hancook.primary-tumor-site,task.pathobench.hancook.primary-tumor-site,artifact.pathobench.hancook,pathobench,hancook,primary_tumor_site,morphological_subtyping,primary_tumor_site,case,classification,696,case_level_classification,bacc,higher,Public Patho-Bench split and task metadata; downstream protocol is task-specific in Patho-Bench.,https://huggingface.co/datasets/MahmoodLab/Patho-Bench/blob/60fde3a9138b2fb27a163ed6f3e2cf0ef7e8f387/hancook/primary_tumor_site/config.yaml,parsed_primary_source,"Task identity is listed in available_splits.yaml; sample_col=case_id, task type, sample count, and metric are parsed from this task's config.yaml; family is deterministically inferred from the report taxonomy and endpoint label."
pathobench.hancook.vascular-invasion-v,pathobench.hancook.vascular-invasion-v,task.pathobench.hancook.vascular-invasion-v,artifact.pathobench.hancook,pathobench,hancook,vascular_invasion_V,tme_characterization,vascular_invasion_V,case,classification,697,case_level_classification,macro-ovr-auc,higher,Public Patho-Bench split and task metadata; downstream protocol is task-specific in Patho-Bench.,https://huggingface.co/datasets/MahmoodLab/Patho-Bench/blob/60fde3a9138b2fb27a163ed6f3e2cf0ef7e8f387/hancook/vascular_invasion_V/config.yaml,parsed_primary_source,"Task identity is listed in available_splits.yaml; sample_col=case_id, task type, sample count, and metric are parsed from this task's config.yaml; family is deterministically inferred from the report taxonomy and endpoint label."
pathobench.herroi.response,pathobench.herroi.response,task.pathobench.herroi.response,artifact.pathobench.herroi,pathobench,herroi,response,treatment_response,response,slide,classification,85,slide_level_classification,macro-ovr-auc,higher,Public Patho-Bench split and task metadata; downstream protocol is task-specific in Patho-Bench.,https://huggingface.co/datasets/MahmoodLab/Patho-Bench/blob/60fde3a9138b2fb27a163ed6f3e2cf0ef7e8f387/herroi/response/config.yaml,parsed_primary_source,"Task identity is listed in available_splits.yaml; sample_col=slide_id, task type, sample count, and metric are parsed from this task's config.yaml; family is deterministically inferred from the report taxonomy and endpoint label."
pathobench.imp.grade,pathobench.imp.grade,task.pathobench.imp.grade,artifact.pathobench.imp,pathobench,imp,grade,tumor_grading,grade,slide,classification,5333,slide_level_classification,weighted_kappa,higher,Public Patho-Bench split and task metadata; downstream protocol is task-specific in Patho-Bench.,https://huggingface.co/datasets/MahmoodLab/Patho-Bench/blob/60fde3a9138b2fb27a163ed6f3e2cf0ef7e8f387/imp/grade/config.yaml,parsed_primary_source,"Task identity is listed in available_splits.yaml; sample_col=slide_id, task type, sample count, and metric are parsed from this task's config.yaml; family is deterministically inferred from the report taxonomy and endpoint label."
pathobench.mbc_.os,pathobench.mbc_.os,task.pathobench.mbc_.os,artifact.pathobench.mbc_,pathobench,mbc_,OS,survival_prediction,OS,case,survival,75,case_level_survival,cindex,higher,Public Patho-Bench split and task metadata; downstream protocol is task-specific in Patho-Bench.,https://huggingface.co/datasets/MahmoodLab/Patho-Bench/blob/60fde3a9138b2fb27a163ed6f3e2cf0ef7e8f387/mbc_/OS/config.yaml,parsed_primary_source,"Task identity is listed in available_splits.yaml; sample_col=case_id, task type, sample count, and metric are parsed from this task's config.yaml; family is deterministically inferred from the report taxonomy and endpoint label."
pathobench.mbc_.recist,pathobench.mbc_.recist,task.pathobench.mbc_.recist,artifact.pathobench.mbc_,pathobench,mbc_,Recist,treatment_response,Recist,case,classification,76,case_level_classification,weighted_kappa,higher,Public Patho-Bench split and task metadata; downstream protocol is task-specific in Patho-Bench.,https://huggingface.co/datasets/MahmoodLab/Patho-Bench/blob/60fde3a9138b2fb27a163ed6f3e2cf0ef7e8f387/mbc_/Recist/config.yaml,parsed_primary_source,"Task identity is listed in available_splits.yaml; sample_col=case_id, task type, sample count, and metric are parsed from this task's config.yaml; family is deterministically inferred from the report taxonomy and endpoint label."
pathobench.mut-het-rcc.bap1-mutation,pathobench.mut-het-rcc.bap1-mutation,task.pathobench.mut-het-rcc.bap1-mutation,artifact.pathobench.mut-het-rcc,pathobench,mut-het-rcc,BAP1_mutation,mutation_prediction,BAP1_mutation,case,classification,1291,case_level_classification,macro-ovr-auc,higher,Public Patho-Bench split and task metadata; downstream protocol is task-specific in Patho-Bench.,https://huggingface.co/datasets/MahmoodLab/Patho-Bench/blob/60fde3a9138b2fb27a163ed6f3e2cf0ef7e8f387/mut-het-rcc/BAP1_mutation/config.yaml,parsed_primary_source,"Task identity is listed in available_splits.yaml; sample_col=case_id, task type, sample count, and metric are parsed from this task's config.yaml; family is deterministically inferred from the report taxonomy and endpoint label."
pathobench.mut-het-rcc.pbrm1-mutation,pathobench.mut-het-rcc.pbrm1-mutation,task.pathobench.mut-het-rcc.pbrm1-mutation,artifact.pathobench.mut-het-rcc,pathobench,mut-het-rcc,PBRM1_mutation,mutation_prediction,PBRM1_mutation,case,classification,1291,case_level_classification,macro-ovr-auc,higher,Public Patho-Bench split and task metadata; downstream protocol is task-specific in Patho-Bench.,https://huggingface.co/datasets/MahmoodLab/Patho-Bench/blob/60fde3a9138b2fb27a163ed6f3e2cf0ef7e8f387/mut-het-rcc/PBRM1_mutation/config.yaml,parsed_primary_source,"Task identity is listed in available_splits.yaml; sample_col=case_id, task type, sample count, and metric are parsed from this task's config.yaml; family is deterministically inferred from the report taxonomy and endpoint label."
pathobench.mut-het-rcc.setd2-mutation,pathobench.mut-het-rcc.setd2-mutation,task.pathobench.mut-het-rcc.setd2-mutation,artifact.pathobench.mut-het-rcc,pathobench,mut-het-rcc,SETD2_mutation,mutation_prediction,SETD2_mutation,case,classification,1291,case_level_classification,macro-ovr-auc,higher,Public Patho-Bench split and task metadata; downstream protocol is task-specific in Patho-Bench.,https://huggingface.co/datasets/MahmoodLab/Patho-Bench/blob/60fde3a9138b2fb27a163ed6f3e2cf0ef7e8f387/mut-het-rcc/SETD2_mutation/config.yaml,parsed_primary_source,"Task identity is listed in available_splits.yaml; sample_col=case_id, task type, sample count, and metric are parsed from this task's config.yaml; family is deterministically inferred from the report taxonomy and endpoint label."
pathobench.nadt.response,pathobench.nadt.response,task.pathobench.nadt.response,artifact.pathobench.nadt,pathobench,nadt,response,treatment_response,response,case,classification,36,case_level_classification,macro-ovr-auc,higher,Public Patho-Bench split and task metadata; downstream protocol is task-specific in Patho-Bench.,https://huggingface.co/datasets/MahmoodLab/Patho-Bench/blob/60fde3a9138b2fb27a163ed6f3e2cf0ef7e8f387/nadt/response/config.yaml,parsed_primary_source,"Task identity is listed in available_splits.yaml; sample_col=case_id, task type, sample count, and metric are parsed from this task's config.yaml; family is deterministically inferred from the report taxonomy and endpoint label."
pathobench.natbrca.lymphovascular-invasion,pathobench.natbrca.lymphovascular-invasion,task.pathobench.natbrca.lymphovascular-invasion,artifact.pathobench.natbrca,pathobench,natbrca,lymphovascular_invasion,tme_characterization,lymphovascular_invasion,slide,classification,53,slide_level_classification,macro-ovr-auc,higher,Public Patho-Bench split and task metadata; downstream protocol is task-specific in Patho-Bench.,https://huggingface.co/datasets/MahmoodLab/Patho-Bench/blob/60fde3a9138b2fb27a163ed6f3e2cf0ef7e8f387/natbrca/lymphovascular_invasion/config.yaml,parsed_primary_source,"Task identity is listed in available_splits.yaml; sample_col=slide_id, task type, sample count, and metric are parsed from this task's config.yaml; family is deterministically inferred from the report taxonomy and endpoint label."
pathobench.ovarian.response,pathobench.ovarian.response,task.pathobench.ovarian.response,artifact.pathobench.ovarian,pathobench,ovarian,response,treatment_response,response,case,classification,36,case_level_classification,macro-ovr-auc,higher,Public Patho-Bench split and task metadata; downstream protocol is task-specific in Patho-Bench.,https://huggingface.co/datasets/MahmoodLab/Patho-Bench/blob/60fde3a9138b2fb27a163ed6f3e2cf0ef7e8f387/ovarian/response/config.yaml,parsed_primary_source,"Task identity is listed in available_splits.yaml; sample_col=case_id, task type, sample count, and metric are parsed from this task's config.yaml; family is deterministically inferred from the report taxonomy and endpoint label."
pathobench.panda.isup-grade,pathobench.panda.isup-grade,task.panda.isup_grade,artifact.pathobench.panda,pathobench,panda,isup_grade,tumor_grading,PANDA ISUP grade,slide,classification,9555,slide_level_classification,weighted_kappa,higher,Public Patho-Bench split and task metadata; downstream protocol is task-specific in Patho-Bench.,https://huggingface.co/datasets/MahmoodLab/Patho-Bench/blob/60fde3a9138b2fb27a163ed6f3e2cf0ef7e8f387/panda/isup_grade/config.yaml,parsed_primary_source,"Task identity is listed in available_splits.yaml; sample_col=slide_id, task type, sample count, and metric are parsed from this task's config.yaml; family is deterministically inferred from the report taxonomy and endpoint label."
pathobench.sr386_.os,pathobench.sr386_.os,task.pathobench.sr386_.os,artifact.pathobench.sr386_,pathobench,sr386_,OS,survival_prediction,OS,case,survival,144,case_level_survival,cindex,higher,Public Patho-Bench split and task metadata; downstream protocol is task-specific in Patho-Bench.,https://huggingface.co/datasets/MahmoodLab/Patho-Bench/blob/60fde3a9138b2fb27a163ed6f3e2cf0ef7e8f387/sr386_/OS/config.yaml,parsed_primary_source,"Task identity is listed in available_splits.yaml; sample_col=case_id, task type, sample count, and metric are parsed from this task's config.yaml; family is deterministically inferred from the report taxonomy and endpoint label."
pathobench.sr386_.braf-mutant-binary,pathobench.sr386_.braf-mutant-binary,task.pathobench.sr386_.braf-mutant-binary,artifact.pathobench.sr386_,pathobench,sr386_,braf_mutant_binary,mutation_prediction,braf_mutant_binary,case,classification,388,case_level_classification,macro-ovr-auc,higher,Public Patho-Bench split and task metadata; downstream protocol is task-specific in Patho-Bench.,https://huggingface.co/datasets/MahmoodLab/Patho-Bench/blob/60fde3a9138b2fb27a163ed6f3e2cf0ef7e8f387/sr386_/braf_mutant_binary/config.yaml,parsed_primary_source,"Task identity is listed in available_splits.yaml; sample_col=case_id, task type, sample count, and metric are parsed from this task's config.yaml; family is deterministically inferred from the report taxonomy and endpoint label."
pathobench.sr386_.died-within-5-years,pathobench.sr386_.died-within-5-years,task.pathobench.sr386_.died-within-5-years,artifact.pathobench.sr386_,pathobench,sr386_,died_within_5_years,survival_prediction,died_within_5_years,case,classification,387,case_level_classification,macro-ovr-auc,higher,Public Patho-Bench split and task metadata; downstream protocol is task-specific in Patho-Bench.,https://huggingface.co/datasets/MahmoodLab/Patho-Bench/blob/60fde3a9138b2fb27a163ed6f3e2cf0ef7e8f387/sr386_/died_within_5_years/config.yaml,parsed_primary_source,"Task identity is listed in available_splits.yaml; sample_col=case_id, task type, sample count, and metric are parsed from this task's config.yaml; family is deterministically inferred from the report taxonomy and endpoint label."
pathobench.sr386_.mmr-loss-binary,pathobench.sr386_.mmr-loss-binary,task.pathobench.sr386_.mmr-loss-binary,artifact.pathobench.sr386_,pathobench,sr386_,mmr_loss_binary,molecular_subtyping,mmr_loss_binary,case,classification,389,case_level_classification,macro-ovr-auc,higher,Public Patho-Bench split and task metadata; downstream protocol is task-specific in Patho-Bench.,https://huggingface.co/datasets/MahmoodLab/Patho-Bench/blob/60fde3a9138b2fb27a163ed6f3e2cf0ef7e8f387/sr386_/mmr_loss_binary/config.yaml,parsed_primary_source,"Task identity is listed in available_splits.yaml; sample_col=case_id, task type, sample count, and metric are parsed from this task's config.yaml; family is deterministically inferred from the report taxonomy and endpoint label."
pathobench.sr386_.ras-mutant-binary,pathobench.sr386_.ras-mutant-binary,task.pathobench.sr386_.ras-mutant-binary,artifact.pathobench.sr386_,pathobench,sr386_,ras_mutant_binary,mutation_prediction,ras_mutant_binary,case,classification,389,case_level_classification,macro-ovr-auc,higher,Public Patho-Bench split and task metadata; downstream protocol is task-specific in Patho-Bench.,https://huggingface.co/datasets/MahmoodLab/Patho-Bench/blob/60fde3a9138b2fb27a163ed6f3e2cf0ef7e8f387/sr386_/ras_mutant_binary/config.yaml,parsed_primary_source,"Task identity is listed in available_splits.yaml; sample_col=case_id, task type, sample count, and metric are parsed from this task's config.yaml; family is deterministically inferred from the report taxonomy and endpoint label."
pathobench.ucla_lung.progression-regression,pathobench.ucla_lung.progression-regression,task.pathobench.ucla_lung.progression-regression,artifact.pathobench.ucla_lung,pathobench,ucla_lung,progression_regression,treatment_response,progression_regression,case,classification,112,case_level_classification,macro-ovr-auc,higher,Public Patho-Bench split and task metadata; downstream protocol is task-specific in Patho-Bench.,https://huggingface.co/datasets/MahmoodLab/Patho-Bench/blob/60fde3a9138b2fb27a163ed6f3e2cf0ef7e8f387/ucla_lung/progression_regression/config.yaml,parsed_primary_source,"Task identity is listed in available_splits.yaml; sample_col=case_id, task type, sample count, and metric are parsed from this task's config.yaml; family is deterministically inferred from the report taxonomy and endpoint label."
pathobench.visiomel.relapse-noprev-melanoma,pathobench.visiomel.relapse-noprev-melanoma,task.pathobench.visiomel.relapse-noprev-melanoma,artifact.pathobench.visiomel,pathobench,visiomel,relapse_noprev_melanoma,survival_prediction,relapse_noprev_melanoma,case,classification,584,case_level_classification,macro-ovr-auc,higher,Public Patho-Bench split and task metadata; downstream protocol is task-specific in Patho-Bench.,https://huggingface.co/datasets/MahmoodLab/Patho-Bench/blob/60fde3a9138b2fb27a163ed6f3e2cf0ef7e8f387/visiomel/relapse_noprev_melanoma/config.yaml,parsed_primary_source,"Task identity is listed in available_splits.yaml; sample_col=case_id, task type, sample count, and metric are parsed from this task's config.yaml; family is deterministically inferred from the report taxonomy and endpoint label."
pathobench.visiomel.relapse-overall,pathobench.visiomel.relapse-overall,task.pathobench.visiomel.relapse-overall,artifact.pathobench.visiomel,pathobench,visiomel,relapse_overall,survival_prediction,relapse_overall,case,classification,1341,case_level_classification,macro-ovr-auc,higher,Public Patho-Bench split and task metadata; downstream protocol is task-specific in Patho-Bench.,https://huggingface.co/datasets/MahmoodLab/Patho-Bench/blob/60fde3a9138b2fb27a163ed6f3e2cf0ef7e8f387/visiomel/relapse_overall/config.yaml,parsed_primary_source,"Task identity is listed in available_splits.yaml; sample_col=case_id, task type, sample count, and metric are parsed from this task's config.yaml; family is deterministically inferred from the report taxonomy and endpoint label."
eva.bach,eva.bach,task.bach.four_class_classification,artifact.eva.bach,eva,bach,bach classification,classification,BACH four-class histology label,image,classification,not_reported,offline_classification,accuracy,higher,EVA offline config; frozen encoder evaluation; 5 runs; monitored accuracy.,https://github.com/kaiko-ai/eva/blob/e43e74a99b75660b0014f790f25a33dd9f11e121/configs/vision/pathology/offline/classification/bach.yaml,parsed_primary_source,Canonical endpoint excludes explicit small-data and 10-shot variants to avoid counting protocol variants as independent tasks.
eva.bracs,eva.bracs,task.bracs.seven_class_classification,artifact.eva.bracs,eva,bracs,bracs classification,classification,BRACS seven-class lesion label,image,classification,not_reported,offline_classification,accuracy,higher,EVA offline config; frozen encoder evaluation; 5 runs; monitored accuracy.,https://github.com/kaiko-ai/eva/blob/e43e74a99b75660b0014f790f25a33dd9f11e121/configs/vision/pathology/offline/classification/bracs.yaml,parsed_primary_source,Canonical endpoint excludes explicit small-data and 10-shot variants to avoid counting protocol variants as independent tasks.
eva.breakhis,eva.breakhis,task.breakhis.selected_four_class_classification,artifact.eva.breakhis,eva,breakhis,breakhis classification,classification,BreakHis selected four-class subtype label,image,classification,not_reported,offline_classification,accuracy,higher,EVA offline config; frozen encoder evaluation; 5 runs; monitored accuracy.,https://github.com/kaiko-ai/eva/blob/e43e74a99b75660b0014f790f25a33dd9f11e121/configs/vision/pathology/offline/classification/breakhis.yaml,parsed_primary_source,Canonical endpoint excludes explicit small-data and 10-shot variants to avoid counting protocol variants as independent tasks.
eva.camelyon16,eva.camelyon16,task.eva.camelyon16.camelyon16-classification,artifact.eva.camelyon16,eva,camelyon16,camelyon16 classification,classification,camelyon16 classification target,slide,classification,not_reported,offline_classification,balanced_accuracy,higher,EVA offline config; frozen encoder evaluation; 20 runs; monitored balanced_accuracy.,https://github.com/kaiko-ai/eva/blob/e43e74a99b75660b0014f790f25a33dd9f11e121/configs/vision/pathology/offline/classification/camelyon16.yaml,parsed_primary_source,Canonical endpoint excludes explicit small-data and 10-shot variants to avoid counting protocol variants as independent tasks.
eva.crc,eva.crc,task.crc100k.nine_class_classification,artifact.eva.crc,eva,crc,crc classification,classification,CRC-100K nine-class tissue label,image,classification,not_reported,offline_classification,accuracy,higher,EVA offline config; frozen encoder evaluation; 5 runs; monitored accuracy.,https://github.com/kaiko-ai/eva/blob/e43e74a99b75660b0014f790f25a33dd9f11e121/configs/vision/pathology/offline/classification/crc.yaml,parsed_primary_source,Canonical endpoint excludes explicit small-data and 10-shot variants to avoid counting protocol variants as independent tasks.
eva.gleason_arvaniti,eva.gleason_arvaniti,task.eva.gleason_arvaniti.gleason-arvaniti-classification,artifact.eva.gleason_arvaniti,eva,gleason_arvaniti,gleason_arvaniti classification,classification,gleason_arvaniti classification target,image,classification,not_reported,offline_classification,accuracy,higher,EVA offline config; frozen encoder evaluation; 5 runs; monitored accuracy.,https://github.com/kaiko-ai/eva/blob/e43e74a99b75660b0014f790f25a33dd9f11e121/configs/vision/pathology/offline/classification/gleason_arvaniti.yaml,parsed_primary_source,Canonical endpoint excludes explicit small-data and 10-shot variants to avoid counting protocol variants as independent tasks.
eva.mhist,eva.mhist,task.mhist.hp_vs_ssa_classification,artifact.eva.mhist,eva,mhist,mhist classification,classification,MHIST hyperplastic-polyp versus sessile-serrated-adenoma label,image,classification,not_reported,offline_classification,balanced_accuracy,higher,EVA offline config; frozen encoder evaluation; 5 runs; monitored balanced_accuracy.,https://github.com/kaiko-ai/eva/blob/e43e74a99b75660b0014f790f25a33dd9f11e121/configs/vision/pathology/offline/classification/mhist.yaml,parsed_primary_source,Canonical endpoint excludes explicit small-data and 10-shot variants to avoid counting protocol variants as independent tasks.
eva.panda,eva.panda,task.panda.isup_grade,artifact.eva.panda,eva,panda,panda classification,classification,PANDA ISUP grade,slide,classification,not_reported,offline_classification,accuracy,higher,EVA offline config; frozen encoder evaluation; 20 runs; monitored accuracy.,https://github.com/kaiko-ai/eva/blob/e43e74a99b75660b0014f790f25a33dd9f11e121/configs/vision/pathology/offline/classification/panda.yaml,parsed_primary_source,Canonical endpoint excludes explicit small-data and 10-shot variants to avoid counting protocol variants as independent tasks.
eva.patch_camelyon,eva.patch_camelyon,task.patchcamelyon.binary_metastasis_classification,artifact.eva.patch_camelyon,eva,patch_camelyon,patch_camelyon classification,classification,PatchCamelyon binary metastatic-tissue label,image,classification,not_reported,offline_classification,balanced_accuracy,higher,EVA offline config; frozen encoder evaluation; 5 runs; monitored balanced_accuracy.,https://github.com/kaiko-ai/eva/blob/e43e74a99b75660b0014f790f25a33dd9f11e121/configs/vision/pathology/offline/classification/patch_camelyon.yaml,parsed_primary_source,Canonical endpoint excludes explicit small-data and 10-shot variants to avoid counting protocol variants as independent tasks.
eva.unitopatho,eva.unitopatho,task.eva.unitopatho.unitopatho-classification,artifact.eva.unitopatho,eva,unitopatho,unitopatho classification,classification,unitopatho classification target,image,classification,not_reported,offline_classification,accuracy,higher,EVA offline config; frozen encoder evaluation; 5 runs; monitored accuracy.,https://github.com/kaiko-ai/eva/blob/e43e74a99b75660b0014f790f25a33dd9f11e121/configs/vision/pathology/offline/classification/unitopatho.yaml,parsed_primary_source,Canonical endpoint excludes explicit small-data and 10-shot variants to avoid counting protocol variants as independent tasks.
eva.bcss,eva.bcss,task.eva.bcss.bcss-segmentation,artifact.eva.bcss,eva,bcss,bcss segmentation,segmentation,bcss segmentation target,image,segmentation,not_reported,offline_segmentation,dice,higher,EVA offline config; frozen encoder evaluation; 5 runs; monitored dice.,https://github.com/kaiko-ai/eva/blob/e43e74a99b75660b0014f790f25a33dd9f11e121/configs/vision/pathology/offline/segmentation/bcss.yaml,parsed_primary_source,Canonical endpoint excludes explicit small-data and 10-shot variants to avoid counting protocol variants as independent tasks.
eva.consep,eva.consep,task.eva.consep.consep-segmentation,artifact.eva.consep,eva,consep,consep segmentation,segmentation,consep segmentation target,image,segmentation,not_reported,offline_segmentation,dice,higher,EVA offline config; frozen encoder evaluation; 5 runs; monitored dice.,https://github.com/kaiko-ai/eva/blob/e43e74a99b75660b0014f790f25a33dd9f11e121/configs/vision/pathology/offline/segmentation/consep.yaml,parsed_primary_source,Canonical endpoint excludes explicit small-data and 10-shot variants to avoid counting protocol variants as independent tasks.
eva.monusac,eva.monusac,task.eva.monusac.monusac-segmentation,artifact.eva.monusac,eva,monusac,monusac segmentation,segmentation,monusac segmentation target,image,segmentation,not_reported,offline_segmentation,dice,higher,EVA offline config; frozen encoder evaluation; 5 runs; monitored dice.,https://github.com/kaiko-ai/eva/blob/e43e74a99b75660b0014f790f25a33dd9f11e121/configs/vision/pathology/offline/segmentation/monusac.yaml,parsed_primary_source,Canonical endpoint excludes explicit small-data and 10-shot variants to avoid counting protocol variants as independent tasks.
thunder.bach.linear_probing,thunder.bach.linear_probing,task.bach.four_class_classification,artifact.thunder.bach,thunder,bach,bach linear_probing,classification,BACH four-class histology label,image,classification,400,linear_probing,f1,higher,THUNDER dataset config with its code-declared compatible primary downstream endpoint; frozen linear probe for classification or segmentation decoder.,https://github.com/MICS-Lab/thunder/blob/3d1cc9513fb2cfd8c4afb0d7bb9f5c4f6b69117f/src/thunder/config/dataset/bach.yaml,parsed_primary_source,Code-backed dataset endpoint. The current per-dataset score table covers 16 of the 17 classification configs; STARC9 has no column in that table.
thunder.bracs.linear_probing,thunder.bracs.linear_probing,task.bracs.seven_class_classification,artifact.thunder.bracs,thunder,bracs,bracs linear_probing,classification,BRACS seven-class lesion label,image,classification,4539,linear_probing,f1,higher,THUNDER dataset config with its code-declared compatible primary downstream endpoint; frozen linear probe for classification or segmentation decoder.,https://github.com/MICS-Lab/thunder/blob/3d1cc9513fb2cfd8c4afb0d7bb9f5c4f6b69117f/src/thunder/config/dataset/bracs.yaml,parsed_primary_source,Code-backed dataset endpoint. The current per-dataset score table covers 16 of the 17 classification configs; STARC9 has no column in that table.
thunder.break_his.linear_probing,thunder.break_his.linear_probing,task.breakhis.selected_four_class_classification,artifact.thunder.break_his,thunder,break_his,break_his linear_probing,classification,BreakHis selected four-class subtype label,image,classification,1471,linear_probing,f1,higher,THUNDER dataset config with its code-declared compatible primary downstream endpoint; frozen linear probe for classification or segmentation decoder.,https://github.com/MICS-Lab/thunder/blob/3d1cc9513fb2cfd8c4afb0d7bb9f5c4f6b69117f/src/thunder/config/dataset/break_his.yaml,parsed_primary_source,Code-backed dataset endpoint. The current per-dataset score table covers 16 of the 17 classification configs; STARC9 has no column in that table.
thunder.ccrcc.linear_probing,thunder.ccrcc.linear_probing,task.thunder.ccrcc.ccrcc-linear-probing,artifact.thunder.ccrcc,thunder,ccrcc,ccrcc linear_probing,classification,ccrcc class label,image,classification,27169,linear_probing,f1,higher,THUNDER dataset config with its code-declared compatible primary downstream endpoint; frozen linear probe for classification or segmentation decoder.,https://github.com/MICS-Lab/thunder/blob/3d1cc9513fb2cfd8c4afb0d7bb9f5c4f6b69117f/src/thunder/config/dataset/ccrcc.yaml,parsed_primary_source,Code-backed dataset endpoint. The current per-dataset score table covers 16 of the 17 classification configs; STARC9 has no column in that table.
thunder.crc.linear_probing,thunder.crc.linear_probing,task.crc100k.nine_class_classification,artifact.thunder.crc,thunder,crc,crc linear_probing,classification,CRC-100K nine-class tissue label,image,classification,107180,linear_probing,f1,higher,THUNDER dataset config with its code-declared compatible primary downstream endpoint; frozen linear probe for classification or segmentation decoder.,https://github.com/MICS-Lab/thunder/blob/3d1cc9513fb2cfd8c4afb0d7bb9f5c4f6b69117f/src/thunder/config/dataset/crc.yaml,parsed_primary_source,Code-backed dataset endpoint. The current per-dataset score table covers 16 of the 17 classification configs; STARC9 has no column in that table.
thunder.esca.linear_probing,thunder.esca.linear_probing,task.thunder.esca.esca-linear-probing,artifact.thunder.esca,thunder,esca,esca linear_probing,classification,esca class label,image,classification,367329,linear_probing,f1,higher,THUNDER dataset config with its code-declared compatible primary downstream endpoint; frozen linear probe for classification or segmentation decoder.,https://github.com/MICS-Lab/thunder/blob/3d1cc9513fb2cfd8c4afb0d7bb9f5c4f6b69117f/src/thunder/config/dataset/esca.yaml,parsed_primary_source,Code-backed dataset endpoint. The current per-dataset score table covers 16 of the 17 classification configs; STARC9 has no column in that table.
thunder.mhist.linear_probing,thunder.mhist.linear_probing,task.mhist.hp_vs_ssa_classification,artifact.thunder.mhist,thunder,mhist,mhist linear_probing,classification,MHIST hyperplastic-polyp versus sessile-serrated-adenoma label,image,classification,3152,linear_probing,f1,higher,THUNDER dataset config with its code-declared compatible primary downstream endpoint; frozen linear probe for classification or segmentation decoder.,https://github.com/MICS-Lab/thunder/blob/3d1cc9513fb2cfd8c4afb0d7bb9f5c4f6b69117f/src/thunder/config/dataset/mhist.yaml,parsed_primary_source,Code-backed dataset endpoint. The current per-dataset score table covers 16 of the 17 classification configs; STARC9 has no column in that table.
thunder.ocelot.segmentation,thunder.ocelot.segmentation,task.thunder.ocelot.ocelot-segmentation,artifact.thunder.ocelot,thunder,ocelot,ocelot segmentation,segmentation,ocelot segmentation mask,image,segmentation,10608,segmentation,dice,higher,THUNDER dataset config with its code-declared compatible primary downstream endpoint; frozen linear probe for classification or segmentation decoder.,https://github.com/MICS-Lab/thunder/blob/3d1cc9513fb2cfd8c4afb0d7bb9f5c4f6b69117f/src/thunder/config/dataset/ocelot.yaml,parsed_primary_source,Code-backed dataset endpoint. The current per-dataset score table covers 16 of the 17 classification configs; STARC9 has no column in that table.
thunder.pannuke.segmentation,thunder.pannuke.segmentation,task.thunder.pannuke.pannuke-segmentation,artifact.thunder.pannuke,thunder,pannuke,pannuke segmentation,segmentation,pannuke segmentation mask,image,segmentation,7901,segmentation,dice,higher,THUNDER dataset config with its code-declared compatible primary downstream endpoint; frozen linear probe for classification or segmentation decoder.,https://github.com/MICS-Lab/thunder/blob/3d1cc9513fb2cfd8c4afb0d7bb9f5c4f6b69117f/src/thunder/config/dataset/pannuke.yaml,parsed_primary_source,Code-backed dataset endpoint. The current per-dataset score table covers 16 of the 17 classification configs; STARC9 has no column in that table.
thunder.patch_camelyon.linear_probing,thunder.patch_camelyon.linear_probing,task.patchcamelyon.binary_metastasis_classification,artifact.thunder.patch_camelyon,thunder,patch_camelyon,patch_camelyon linear_probing,classification,PatchCamelyon binary metastatic-tissue label,image,classification,327680,linear_probing,f1,higher,THUNDER dataset config with its code-declared compatible primary downstream endpoint; frozen linear probe for classification or segmentation decoder.,https://github.com/MICS-Lab/thunder/blob/3d1cc9513fb2cfd8c4afb0d7bb9f5c4f6b69117f/src/thunder/config/dataset/patch_camelyon.yaml,parsed_primary_source,Code-backed dataset endpoint. The current per-dataset score table covers 16 of the 17 classification configs; STARC9 has no column in that table.
thunder.segpath_epithelial.segmentation,thunder.segpath_epithelial.segmentation,task.thunder.segpath_epithelial.segpath-epithelial-segmentation,artifact.thunder.segpath_epithelial,thunder,segpath_epithelial,segpath_epithelial segmentation,segmentation,segpath_epithelial segmentation mask,image,segmentation,238581,segmentation,dice,higher,THUNDER dataset config with its code-declared compatible primary downstream endpoint; frozen linear probe for classification or segmentation decoder.,https://github.com/MICS-Lab/thunder/blob/3d1cc9513fb2cfd8c4afb0d7bb9f5c4f6b69117f/src/thunder/config/dataset/segpath_epithelial.yaml,parsed_primary_source,Code-backed dataset endpoint. The current per-dataset score table covers 16 of the 17 classification configs; STARC9 has no column in that table.
thunder.segpath_lymphocytes.segmentation,thunder.segpath_lymphocytes.segmentation,task.thunder.segpath_lymphocytes.segpath-lymphocytes-segmentation,artifact.thunder.segpath_lymphocytes,thunder,segpath_lymphocytes,segpath_lymphocytes segmentation,segmentation,segpath_lymphocytes segmentation mask,image,segmentation,110457,segmentation,dice,higher,THUNDER dataset config with its code-declared compatible primary downstream endpoint; frozen linear probe for classification or segmentation decoder.,https://github.com/MICS-Lab/thunder/blob/3d1cc9513fb2cfd8c4afb0d7bb9f5c4f6b69117f/src/thunder/config/dataset/segpath_lymphocytes.yaml,parsed_primary_source,Code-backed dataset endpoint. The current per-dataset score table covers 16 of the 17 classification configs; STARC9 has no column in that table.
thunder.spider_breast.linear_probing,thunder.spider_breast.linear_probing,task.thunder.spider_breast.spider-breast-linear-probing,artifact.thunder.spider_breast,thunder,spider_breast,spider_breast linear_probing,classification,spider_breast class label,image,classification,92892,linear_probing,f1,higher,THUNDER dataset config with its code-declared compatible primary downstream endpoint; frozen linear probe for classification or segmentation decoder.,https://github.com/MICS-Lab/thunder/blob/3d1cc9513fb2cfd8c4afb0d7bb9f5c4f6b69117f/src/thunder/config/dataset/spider_breast.yaml,parsed_primary_source,Code-backed dataset endpoint. The current per-dataset score table covers 16 of the 17 classification configs; STARC9 has no column in that table.
thunder.spider_colorectal.linear_probing,thunder.spider_colorectal.linear_probing,task.thunder.spider_colorectal.spider-colorectal-linear-probing,artifact.thunder.spider_colorectal,thunder,spider_colorectal,spider_colorectal linear_probing,classification,spider_colorectal class label,image,classification,77182,linear_probing,f1,higher,THUNDER dataset config with its code-declared compatible primary downstream endpoint; frozen linear probe for classification or segmentation decoder.,https://github.com/MICS-Lab/thunder/blob/3d1cc9513fb2cfd8c4afb0d7bb9f5c4f6b69117f/src/thunder/config/dataset/spider_colorectal.yaml,parsed_primary_source,Code-backed dataset endpoint. The current per-dataset score table covers 16 of the 17 classification configs; STARC9 has no column in that table.
thunder.spider_skin.linear_probing,thunder.spider_skin.linear_probing,task.thunder.spider_skin.spider-skin-linear-probing,artifact.thunder.spider_skin,thunder,spider_skin,spider_skin linear_probing,classification,spider_skin class label,image,classification,159854,linear_probing,f1,higher,THUNDER dataset config with its code-declared compatible primary downstream endpoint; frozen linear probe for classification or segmentation decoder.,https://github.com/MICS-Lab/thunder/blob/3d1cc9513fb2cfd8c4afb0d7bb9f5c4f6b69117f/src/thunder/config/dataset/spider_skin.yaml,parsed_primary_source,Code-backed dataset endpoint. The current per-dataset score table covers 16 of the 17 classification configs; STARC9 has no column in that table.
thunder.spider_thorax.linear_probing,thunder.spider_thorax.linear_probing,task.thunder.spider_thorax.spider-thorax-linear-probing,artifact.thunder.spider_thorax,thunder,spider_thorax,spider_thorax linear_probing,classification,spider_thorax class label,image,classification,78307,linear_probing,f1,higher,THUNDER dataset config with its code-declared compatible primary downstream endpoint; frozen linear probe for classification or segmentation decoder.,https://github.com/MICS-Lab/thunder/blob/3d1cc9513fb2cfd8c4afb0d7bb9f5c4f6b69117f/src/thunder/config/dataset/spider_thorax.yaml,parsed_primary_source,Code-backed dataset endpoint. The current per-dataset score table covers 16 of the 17 classification configs; STARC9 has no column in that table.
thunder.starc9.linear_probing,thunder.starc9.linear_probing,task.thunder.starc9.starc9-linear-probing,artifact.thunder.starc9,thunder,starc9,starc9 linear_probing,classification,starc9 class label,image,classification,702000,linear_probing,f1,higher,THUNDER dataset config with its code-declared compatible primary downstream endpoint; frozen linear probe for classification or segmentation decoder.,https://github.com/MICS-Lab/thunder/blob/3d1cc9513fb2cfd8c4afb0d7bb9f5c4f6b69117f/src/thunder/config/dataset/starc9.yaml,parsed_primary_source,Code-backed dataset endpoint. The current per-dataset score table covers 16 of the 17 classification configs; STARC9 has no column in that table.
thunder.tcga_crc_msi.linear_probing,thunder.tcga_crc_msi.linear_probing,task.thunder.tcga_crc_msi.tcga-crc-msi-linear-probing,artifact.thunder.tcga_crc_msi,thunder,tcga_crc_msi,tcga_crc_msi linear_probing,classification,tcga_crc_msi class label,image,classification,51918,linear_probing,f1,higher,THUNDER dataset config with its code-declared compatible primary downstream endpoint; frozen linear probe for classification or segmentation decoder.,https://github.com/MICS-Lab/thunder/blob/3d1cc9513fb2cfd8c4afb0d7bb9f5c4f6b69117f/src/thunder/config/dataset/tcga_crc_msi.yaml,parsed_primary_source,Code-backed dataset endpoint. The current per-dataset score table covers 16 of the 17 classification configs; STARC9 has no column in that table.
thunder.tcga_tils.linear_probing,thunder.tcga_tils.linear_probing,task.thunder.tcga_tils.tcga-tils-linear-probing,artifact.thunder.tcga_tils,thunder,tcga_tils,tcga_tils linear_probing,classification,tcga_tils class label,image,classification,304097,linear_probing,f1,higher,THUNDER dataset config with its code-declared compatible primary downstream endpoint; frozen linear probe for classification or segmentation decoder.,https://github.com/MICS-Lab/thunder/blob/3d1cc9513fb2cfd8c4afb0d7bb9f5c4f6b69117f/src/thunder/config/dataset/tcga_tils.yaml,parsed_primary_source,Code-backed dataset endpoint. The current per-dataset score table covers 16 of the 17 classification configs; STARC9 has no column in that table.
thunder.tcga_uniform.linear_probing,thunder.tcga_uniform.linear_probing,task.thunder.tcga_uniform.tcga-uniform-linear-probing,artifact.thunder.tcga_uniform,thunder,tcga_uniform,tcga_uniform linear_probing,classification,tcga_uniform class label,image,classification,271710,linear_probing,f1,higher,THUNDER dataset config with its code-declared compatible primary downstream endpoint; frozen linear probe for classification or segmentation decoder.,https://github.com/MICS-Lab/thunder/blob/3d1cc9513fb2cfd8c4afb0d7bb9f5c4f6b69117f/src/thunder/config/dataset/tcga_uniform.yaml,parsed_primary_source,Code-backed dataset endpoint. The current per-dataset score table covers 16 of the 17 classification configs; STARC9 has no column in that table.
thunder.wilds.linear_probing,thunder.wilds.linear_probing,task.thunder.wilds.wilds-linear-probing,artifact.thunder.wilds,thunder,wilds,wilds linear_probing,classification,wilds class label,image,classification,422394,linear_probing,f1,higher,THUNDER dataset config with its code-declared compatible primary downstream endpoint; frozen linear probe for classification or segmentation decoder.,https://github.com/MICS-Lab/thunder/blob/3d1cc9513fb2cfd8c4afb0d7bb9f5c4f6b69117f/src/thunder/config/dataset/wilds.yaml,parsed_primary_source,Code-backed dataset endpoint. The current per-dataset score table covers 16 of the 17 classification configs; STARC9 has no column in that table.
hest.idc.gene_expression,hest.idc.gene_expression,task.hest.idc.idc-morphology-to-gene-expression,artifact.hest.idc,hest,idc,IDC morphology-to-gene-expression,spatial_transcriptomics,expression of 50 highly variable genes,spatial_transcriptomics_spot,regression,not_reported,ridge_gene_expression_prediction,pearson_r,higher,Predict 50 highly variable genes from 112x112 um morphology regions at 0.5 um/px using ridge regression after PCA to 256 factors.,https://github.com/mahmoodlab/HEST/blob/3ddb5eaf5bd2a8133e0c0e8015816489a3d99dc3/README.md,parsed_primary_source,One endpoint per HEST-Benchmark organ/cancer task; macro-average is not treated as an independent task.
hest.prad.gene_expression,hest.prad.gene_expression,task.hest.prad.prad-morphology-to-gene-expression,artifact.hest.prad,hest,prad,PRAD morphology-to-gene-expression,spatial_transcriptomics,expression of 50 highly variable genes,spatial_transcriptomics_spot,regression,not_reported,ridge_gene_expression_prediction,pearson_r,higher,Predict 50 highly variable genes from 112x112 um morphology regions at 0.5 um/px using ridge regression after PCA to 256 factors.,https://github.com/mahmoodlab/HEST/blob/3ddb5eaf5bd2a8133e0c0e8015816489a3d99dc3/README.md,parsed_primary_source,One endpoint per HEST-Benchmark organ/cancer task; macro-average is not treated as an independent task.
hest.paad.gene_expression,hest.paad.gene_expression,task.hest.paad.paad-morphology-to-gene-expression,artifact.hest.paad,hest,paad,PAAD morphology-to-gene-expression,spatial_transcriptomics,expression of 50 highly variable genes,spatial_transcriptomics_spot,regression,not_reported,ridge_gene_expression_prediction,pearson_r,higher,Predict 50 highly variable genes from 112x112 um morphology regions at 0.5 um/px using ridge regression after PCA to 256 factors.,https://github.com/mahmoodlab/HEST/blob/3ddb5eaf5bd2a8133e0c0e8015816489a3d99dc3/README.md,parsed_primary_source,One endpoint per HEST-Benchmark organ/cancer task; macro-average is not treated as an independent task.
hest.skcm.gene_expression,hest.skcm.gene_expression,task.hest.skcm.skcm-morphology-to-gene-expression,artifact.hest.skcm,hest,skcm,SKCM morphology-to-gene-expression,spatial_transcriptomics,expression of 50 highly variable genes,spatial_transcriptomics_spot,regression,not_reported,ridge_gene_expression_prediction,pearson_r,higher,Predict 50 highly variable genes from 112x112 um morphology regions at 0.5 um/px using ridge regression after PCA to 256 factors.,https://github.com/mahmoodlab/HEST/blob/3ddb5eaf5bd2a8133e0c0e8015816489a3d99dc3/README.md,parsed_primary_source,One endpoint per HEST-Benchmark organ/cancer task; macro-average is not treated as an independent task.
hest.coad.gene_expression,hest.coad.gene_expression,task.hest.coad.coad-morphology-to-gene-expression,artifact.hest.coad,hest,coad,COAD morphology-to-gene-expression,spatial_transcriptomics,expression of 50 highly variable genes,spatial_transcriptomics_spot,regression,not_reported,ridge_gene_expression_prediction,pearson_r,higher,Predict 50 highly variable genes from 112x112 um morphology regions at 0.5 um/px using ridge regression after PCA to 256 factors.,https://github.com/mahmoodlab/HEST/blob/3ddb5eaf5bd2a8133e0c0e8015816489a3d99dc3/README.md,parsed_primary_source,One endpoint per HEST-Benchmark organ/cancer task; macro-average is not treated as an independent task.
hest.read.gene_expression,hest.read.gene_expression,task.hest.read.read-morphology-to-gene-expression,artifact.hest.read,hest,read,READ morphology-to-gene-expression,spatial_transcriptomics,expression of 50 highly variable genes,spatial_transcriptomics_spot,regression,not_reported,ridge_gene_expression_prediction,pearson_r,higher,Predict 50 highly variable genes from 112x112 um morphology regions at 0.5 um/px using ridge regression after PCA to 256 factors.,https://github.com/mahmoodlab/HEST/blob/3ddb5eaf5bd2a8133e0c0e8015816489a3d99dc3/README.md,parsed_primary_source,One endpoint per HEST-Benchmark organ/cancer task; macro-average is not treated as an independent task.
hest.ccrcc.gene_expression,hest.ccrcc.gene_expression,task.hest.ccrcc.ccrcc-morphology-to-gene-expression,artifact.hest.ccrcc,hest,ccrcc,CCRCC morphology-to-gene-expression,spatial_transcriptomics,expression of 50 highly variable genes,spatial_transcriptomics_spot,regression,not_reported,ridge_gene_expression_prediction,pearson_r,higher,Predict 50 highly variable genes from 112x112 um morphology regions at 0.5 um/px using ridge regression after PCA to 256 factors.,https://github.com/mahmoodlab/HEST/blob/3ddb5eaf5bd2a8133e0c0e8015816489a3d99dc3/README.md,parsed_primary_source,One endpoint per HEST-Benchmark organ/cancer task; macro-average is not treated as an independent task.
hest.lung.gene_expression,hest.lung.gene_expression,task.hest.lung.lung-morphology-to-gene-expression,artifact.hest.lung,hest,lung,LUNG morphology-to-gene-expression,spatial_transcriptomics,expression of 50 highly variable genes,spatial_transcriptomics_spot,regression,not_reported,ridge_gene_expression_prediction,pearson_r,higher,Predict 50 highly variable genes from 112x112 um morphology regions at 0.5 um/px using ridge regression after PCA to 256 factors.,https://github.com/mahmoodlab/HEST/blob/3ddb5eaf5bd2a8133e0c0e8015816489a3d99dc3/README.md,parsed_primary_source,One endpoint per HEST-Benchmark organ/cancer task; macro-average is not treated as an independent task.
hest.lymph_idc.gene_expression,hest.lymph_idc.gene_expression,task.hest.lymph_idc.lymph-idc-morphology-to-gene-expression,artifact.hest.lymph_idc,hest,lymph_idc,LYMPH_IDC morphology-to-gene-expression,spatial_transcriptomics,expression of 50 highly variable genes,spatial_transcriptomics_spot,regression,not_reported,ridge_gene_expression_prediction,pearson_r,higher,Predict 50 highly variable genes from 112x112 um morphology regions at 0.5 um/px using ridge regression after PCA to 256 factors.,https://github.com/mahmoodlab/HEST/blob/3ddb5eaf5bd2a8133e0c0e8015816489a3d99dc3/README.md,parsed_primary_source,One endpoint per HEST-Benchmark organ/cancer task; macro-average is not treated as an independent task.
pathorob.tcga_2x2.robustness_index,pathorob.tcga_2x2.robustness_index,task.pathorob.tcga_2x2.tcga-2x2-robustness-index,artifact.pathorob.tcga_2x2,pathorob,tcga_2x2,tcga_2x2 robustness_index,representation_robustness,robustness_index,patch,robustness_analysis,not_reported,robustness_index,robustness_index,higher,"PathoROB center-robustness protocol across TCGA 2x2, TCGA 4x4, Camelyon, and Tolkach ESCA benchmark datasets.",https://github.com/bifold-pathomics/PathoROB/blob/6583cf0b0d902c8cc032308262fa3a3befdc0687/README.md,parsed_primary_source,"TCGA has distinct 2x2 and 4x4 robustness endpoints; current RI leaderboard reports TCGA 2x2, Camelyon, and Tolkach ESCA only, so TCGA 4x4 remains an unscored catalog endpoint."
pathorob.tcga_4x4.robustness_index,pathorob.tcga_4x4.robustness_index,task.pathorob.tcga_4x4.tcga-4x4-robustness-index,artifact.pathorob.tcga_4x4,pathorob,tcga_4x4,tcga_4x4 robustness_index,representation_robustness,robustness_index,patch,robustness_analysis,not_reported,robustness_index,robustness_index,higher,"PathoROB center-robustness protocol across TCGA 2x2, TCGA 4x4, Camelyon, and Tolkach ESCA benchmark datasets.",https://github.com/bifold-pathomics/PathoROB/blob/6583cf0b0d902c8cc032308262fa3a3befdc0687/README.md,parsed_primary_source,"TCGA has distinct 2x2 and 4x4 robustness endpoints; current RI leaderboard reports TCGA 2x2, Camelyon, and Tolkach ESCA only, so TCGA 4x4 remains an unscored catalog endpoint."
pathorob.camelyon.robustness_index,pathorob.camelyon.robustness_index,task.pathorob.camelyon.camelyon-robustness-index,artifact.pathorob.camelyon,pathorob,camelyon,camelyon robustness_index,representation_robustness,robustness_index,patch,robustness_analysis,not_reported,robustness_index,robustness_index,higher,"PathoROB center-robustness protocol across TCGA 2x2, TCGA 4x4, Camelyon, and Tolkach ESCA benchmark datasets.",https://github.com/bifold-pathomics/PathoROB/blob/6583cf0b0d902c8cc032308262fa3a3befdc0687/README.md,parsed_primary_source,"TCGA has distinct 2x2 and 4x4 robustness endpoints; current RI leaderboard reports TCGA 2x2, Camelyon, and Tolkach ESCA only, so TCGA 4x4 remains an unscored catalog endpoint."
pathorob.tolkach_esca.robustness_index,pathorob.tolkach_esca.robustness_index,task.pathorob.tolkach_esca.tolkach-esca-robustness-index,artifact.pathorob.tolkach_esca,pathorob,tolkach_esca,tolkach_esca robustness_index,representation_robustness,robustness_index,patch,robustness_analysis,not_reported,robustness_index,robustness_index,higher,"PathoROB center-robustness protocol across TCGA 2x2, TCGA 4x4, Camelyon, and Tolkach ESCA benchmark datasets.",https://github.com/bifold-pathomics/PathoROB/blob/6583cf0b0d902c8cc032308262fa3a3befdc0687/README.md,parsed_primary_source,"TCGA has distinct 2x2 and 4x4 robustness endpoints; current RI leaderboard reports TCGA 2x2, Camelyon, and Tolkach ESCA only, so TCGA 4x4 remains an unscored catalog endpoint."
pathorob.tcga_2x2.average_performance_drop,pathorob.tcga_2x2.average_performance_drop,task.pathorob.tcga_2x2.tcga-2x2-average-performance-drop,artifact.pathorob.tcga_2x2,pathorob,tcga_2x2,tcga_2x2 average_performance_drop,shortcut_generalization,average_performance_drop,patch,robustness_analysis,not_reported,average_performance_drop,average_performance_drop,lower,"PathoROB center-robustness protocol across TCGA 2x2, TCGA 4x4, Camelyon, and Tolkach ESCA benchmark datasets.",https://github.com/bifold-pathomics/PathoROB/blob/6583cf0b0d902c8cc032308262fa3a3befdc0687/README.md,parsed_primary_source,"TCGA has distinct 2x2 and 4x4 robustness endpoints; current RI leaderboard reports TCGA 2x2, Camelyon, and Tolkach ESCA only, so TCGA 4x4 remains an unscored catalog endpoint."
pathorob.tcga_4x4.average_performance_drop,pathorob.tcga_4x4.average_performance_drop,task.pathorob.tcga_4x4.tcga-4x4-average-performance-drop,artifact.pathorob.tcga_4x4,pathorob,tcga_4x4,tcga_4x4 average_performance_drop,shortcut_generalization,average_performance_drop,patch,robustness_analysis,not_reported,average_performance_drop,average_performance_drop,lower,"PathoROB center-robustness protocol across TCGA 2x2, TCGA 4x4, Camelyon, and Tolkach ESCA benchmark datasets.",https://github.com/bifold-pathomics/PathoROB/blob/6583cf0b0d902c8cc032308262fa3a3befdc0687/README.md,parsed_primary_source,"TCGA has distinct 2x2 and 4x4 robustness endpoints; current RI leaderboard reports TCGA 2x2, Camelyon, and Tolkach ESCA only, so TCGA 4x4 remains an unscored catalog endpoint."
pathorob.camelyon.average_performance_drop,pathorob.camelyon.average_performance_drop,task.pathorob.camelyon.camelyon-average-performance-drop,artifact.pathorob.camelyon,pathorob,camelyon,camelyon average_performance_drop,shortcut_generalization,average_performance_drop,patch,robustness_analysis,not_reported,average_performance_drop,average_performance_drop,lower,"PathoROB center-robustness protocol across TCGA 2x2, TCGA 4x4, Camelyon, and Tolkach ESCA benchmark datasets.",https://github.com/bifold-pathomics/PathoROB/blob/6583cf0b0d902c8cc032308262fa3a3befdc0687/README.md,parsed_primary_source,"TCGA has distinct 2x2 and 4x4 robustness endpoints; current RI leaderboard reports TCGA 2x2, Camelyon, and Tolkach ESCA only, so TCGA 4x4 remains an unscored catalog endpoint."
pathorob.tolkach_esca.average_performance_drop,pathorob.tolkach_esca.average_performance_drop,task.pathorob.tolkach_esca.tolkach-esca-average-performance-drop,artifact.pathorob.tolkach_esca,pathorob,tolkach_esca,tolkach_esca average_performance_drop,shortcut_generalization,average_performance_drop,patch,robustness_analysis,not_reported,average_performance_drop,average_performance_drop,lower,"PathoROB center-robustness protocol across TCGA 2x2, TCGA 4x4, Camelyon, and Tolkach ESCA benchmark datasets.",https://github.com/bifold-pathomics/PathoROB/blob/6583cf0b0d902c8cc032308262fa3a3befdc0687/README.md,parsed_primary_source,"TCGA has distinct 2x2 and 4x4 robustness endpoints; current RI leaderboard reports TCGA 2x2, Camelyon, and Tolkach ESCA only, so TCGA 4x4 remains an unscored catalog endpoint."
pathorob.tcga_2x2.clustering_score,pathorob.tcga_2x2.clustering_score,task.pathorob.tcga_2x2.tcga-2x2-clustering-score,artifact.pathorob.tcga_2x2,pathorob,tcga_2x2,tcga_2x2 clustering_score,clustering_robustness,clustering_score,patch,robustness_analysis,not_reported,clustering_score,clustering_score,higher,"PathoROB center-robustness protocol across TCGA 2x2, TCGA 4x4, Camelyon, and Tolkach ESCA benchmark datasets.",https://github.com/bifold-pathomics/PathoROB/blob/6583cf0b0d902c8cc032308262fa3a3befdc0687/README.md,parsed_primary_source,"TCGA has distinct 2x2 and 4x4 robustness endpoints; current RI leaderboard reports TCGA 2x2, Camelyon, and Tolkach ESCA only, so TCGA 4x4 remains an unscored catalog endpoint."
pathorob.tcga_4x4.clustering_score,pathorob.tcga_4x4.clustering_score,task.pathorob.tcga_4x4.tcga-4x4-clustering-score,artifact.pathorob.tcga_4x4,pathorob,tcga_4x4,tcga_4x4 clustering_score,clustering_robustness,clustering_score,patch,robustness_analysis,not_reported,clustering_score,clustering_score,higher,"PathoROB center-robustness protocol across TCGA 2x2, TCGA 4x4, Camelyon, and Tolkach ESCA benchmark datasets.",https://github.com/bifold-pathomics/PathoROB/blob/6583cf0b0d902c8cc032308262fa3a3befdc0687/README.md,parsed_primary_source,"TCGA has distinct 2x2 and 4x4 robustness endpoints; current RI leaderboard reports TCGA 2x2, Camelyon, and Tolkach ESCA only, so TCGA 4x4 remains an unscored catalog endpoint."
pathorob.camelyon.clustering_score,pathorob.camelyon.clustering_score,task.pathorob.camelyon.camelyon-clustering-score,artifact.pathorob.camelyon,pathorob,camelyon,camelyon clustering_score,clustering_robustness,clustering_score,patch,robustness_analysis,not_reported,clustering_score,clustering_score,higher,"PathoROB center-robustness protocol across TCGA 2x2, TCGA 4x4, Camelyon, and Tolkach ESCA benchmark datasets.",https://github.com/bifold-pathomics/PathoROB/blob/6583cf0b0d902c8cc032308262fa3a3befdc0687/README.md,parsed_primary_source,"TCGA has distinct 2x2 and 4x4 robustness endpoints; current RI leaderboard reports TCGA 2x2, Camelyon, and Tolkach ESCA only, so TCGA 4x4 remains an unscored catalog endpoint."
pathorob.tolkach_esca.clustering_score,pathorob.tolkach_esca.clustering_score,task.pathorob.tolkach_esca.tolkach-esca-clustering-score,artifact.pathorob.tolkach_esca,pathorob,tolkach_esca,tolkach_esca clustering_score,clustering_robustness,clustering_score,patch,robustness_analysis,not_reported,clustering_score,clustering_score,higher,"PathoROB center-robustness protocol across TCGA 2x2, TCGA 4x4, Camelyon, and Tolkach ESCA benchmark datasets.",https://github.com/bifold-pathomics/PathoROB/blob/6583cf0b0d902c8cc032308262fa3a3befdc0687/README.md,parsed_primary_source,"TCGA has distinct 2x2 and 4x4 robustness endpoints; current RI leaderboard reports TCGA 2x2, Camelyon, and Tolkach ESCA only, so TCGA 4x4 remains an unscored catalog endpoint."
pathobench.exaone2025.bc_therapy.er-status,pathobench.exaone2025.bc_therapy.er-status,task.pathobench.bc_therapy.er-status,artifact.pathobench.bc_therapy,pathobench,bc_therapy,er_status,molecular_subtyping,er_status,case,classification,166,exaone2025_linear_probe,macro-ovr-auc,higher,EXAONE Path 2.5 Table 4 protocol: official Patho-Bench predefined 5-fold/50-fold splits; fixed THREADS-style logistic-regression linear probe for classification and Cox probe for survival; all classification tasks use macro one-vs-rest AUROC and survival uses C-index.,https://arxiv.org/pdf/2512.14019v1,parsed_primary_source,"Protocol variant of pathobench.bc_therapy.er-status; shares task_identity_id and dataset_artifact_id but is kept separate because EXAONE reports macro-OvR AUROC for every classification task, including tasks whose current HF config uses bacc or weighted_kappa."
pathobench.exaone2025.bc_therapy.grade,pathobench.exaone2025.bc_therapy.grade,task.pathobench.bc_therapy.grade,artifact.pathobench.bc_therapy,pathobench,bc_therapy,grade,tumor_grading,grade,case,classification,166,exaone2025_linear_probe,macro-ovr-auc,higher,EXAONE Path 2.5 Table 4 protocol: official Patho-Bench predefined 5-fold/50-fold splits; fixed THREADS-style logistic-regression linear probe for classification and Cox probe for survival; all classification tasks use macro one-vs-rest AUROC and survival uses C-index.,https://arxiv.org/pdf/2512.14019v1,parsed_primary_source,"Protocol variant of pathobench.bc_therapy.grade; shares task_identity_id and dataset_artifact_id but is kept separate because EXAONE reports macro-OvR AUROC for every classification task, including tasks whose current HF config uses bacc or weighted_kappa."
pathobench.exaone2025.bc_therapy.her2-status,pathobench.exaone2025.bc_therapy.her2-status,task.pathobench.bc_therapy.her2-status,artifact.pathobench.bc_therapy,pathobench,bc_therapy,her2_status,molecular_subtyping,her2_status,case,classification,166,exaone2025_linear_probe,macro-ovr-auc,higher,EXAONE Path 2.5 Table 4 protocol: official Patho-Bench predefined 5-fold/50-fold splits; fixed THREADS-style logistic-regression linear probe for classification and Cox probe for survival; all classification tasks use macro one-vs-rest AUROC and survival uses C-index.,https://arxiv.org/pdf/2512.14019v1,parsed_primary_source,"Protocol variant of pathobench.bc_therapy.her2-status; shares task_identity_id and dataset_artifact_id but is kept separate because EXAONE reports macro-OvR AUROC for every classification task, including tasks whose current HF config uses bacc or weighted_kappa."
pathobench.exaone2025.bc_therapy.residual-cancer-burden,pathobench.exaone2025.bc_therapy.residual-cancer-burden,task.pathobench.bc_therapy.residual-cancer-burden,artifact.pathobench.bc_therapy,pathobench,bc_therapy,residual_cancer_burden,treatment_response,residual_cancer_burden,case,classification,159,exaone2025_linear_probe,macro-ovr-auc,higher,EXAONE Path 2.5 Table 4 protocol: official Patho-Bench predefined 5-fold/50-fold splits; fixed THREADS-style logistic-regression linear probe for classification and Cox probe for survival; all classification tasks use macro one-vs-rest AUROC and survival uses C-index.,https://arxiv.org/pdf/2512.14019v1,parsed_primary_source,"Protocol variant of pathobench.bc_therapy.residual-cancer-burden; shares task_identity_id and dataset_artifact_id but is kept separate because EXAONE reports macro-OvR AUROC for every classification task, including tasks whose current HF config uses bacc or weighted_kappa."
pathobench.exaone2025.bcnb.er,pathobench.exaone2025.bcnb.er,task.pathobench.bcnb.er,artifact.pathobench.bcnb,pathobench,bcnb,er,molecular_subtyping,er,case,classification,1058,exaone2025_linear_probe,macro-ovr-auc,higher,EXAONE Path 2.5 Table 4 protocol: official Patho-Bench predefined 5-fold/50-fold splits; fixed THREADS-style logistic-regression linear probe for classification and Cox probe for survival; all classification tasks use macro one-vs-rest AUROC and survival uses C-index.,https://arxiv.org/pdf/2512.14019v1,parsed_primary_source,"Protocol variant of pathobench.bcnb.er; shares task_identity_id and dataset_artifact_id but is kept separate because EXAONE reports macro-OvR AUROC for every classification task, including tasks whose current HF config uses bacc or weighted_kappa."
pathobench.exaone2025.bcnb.her2,pathobench.exaone2025.bcnb.her2,task.pathobench.bcnb.her2,artifact.pathobench.bcnb,pathobench,bcnb,her2,molecular_subtyping,her2,case,classification,1058,exaone2025_linear_probe,macro-ovr-auc,higher,EXAONE Path 2.5 Table 4 protocol: official Patho-Bench predefined 5-fold/50-fold splits; fixed THREADS-style logistic-regression linear probe for classification and Cox probe for survival; all classification tasks use macro one-vs-rest AUROC and survival uses C-index.,https://arxiv.org/pdf/2512.14019v1,parsed_primary_source,"Protocol variant of pathobench.bcnb.her2; shares task_identity_id and dataset_artifact_id but is kept separate because EXAONE reports macro-OvR AUROC for every classification task, including tasks whose current HF config uses bacc or weighted_kappa."
pathobench.exaone2025.bcnb.pr,pathobench.exaone2025.bcnb.pr,task.pathobench.bcnb.pr,artifact.pathobench.bcnb,pathobench,bcnb,pr,molecular_subtyping,pr,case,classification,1058,exaone2025_linear_probe,macro-ovr-auc,higher,EXAONE Path 2.5 Table 4 protocol: official Patho-Bench predefined 5-fold/50-fold splits; fixed THREADS-style logistic-regression linear probe for classification and Cox probe for survival; all classification tasks use macro one-vs-rest AUROC and survival uses C-index.,https://arxiv.org/pdf/2512.14019v1,parsed_primary_source,"Protocol variant of pathobench.bcnb.pr; shares task_identity_id and dataset_artifact_id but is kept separate because EXAONE reports macro-OvR AUROC for every classification task, including tasks whose current HF config uses bacc or weighted_kappa."
pathobench.exaone2025.boehmk_.pfs,pathobench.exaone2025.boehmk_.pfs,task.pathobench.boehmk_.pfs,artifact.pathobench.boehmk_,pathobench,boehmk_,PFS,survival_prediction,PFS,case,survival,183,exaone2025_cox_probe,cindex,higher,EXAONE Path 2.5 Table 4 protocol: official Patho-Bench predefined 5-fold/50-fold splits; fixed THREADS-style logistic-regression linear probe for classification and Cox probe for survival; all classification tasks use macro one-vs-rest AUROC and survival uses C-index.,https://arxiv.org/pdf/2512.14019v1,parsed_primary_source,"Protocol variant of pathobench.boehmk_.pfs; shares task_identity_id and dataset_artifact_id but is kept separate because EXAONE reports macro-OvR AUROC for every classification task, including tasks whose current HF config uses bacc or weighted_kappa."
pathobench.exaone2025.bracs.slidelevel-coarse,pathobench.exaone2025.bracs.slidelevel-coarse,task.pathobench.bracs.slidelevel-coarse,artifact.pathobench.bracs,pathobench,bracs,slidelevel_coarse,morphological_subtyping,slidelevel_coarse,slide,classification,547,exaone2025_linear_probe,macro-ovr-auc,higher,EXAONE Path 2.5 Table 4 protocol: official Patho-Bench predefined 5-fold/50-fold splits; fixed THREADS-style logistic-regression linear probe for classification and Cox probe for survival; all classification tasks use macro one-vs-rest AUROC and survival uses C-index.,https://arxiv.org/pdf/2512.14019v1,parsed_primary_source,"Protocol variant of pathobench.bracs.slidelevel-coarse; shares task_identity_id and dataset_artifact_id but is kept separate because EXAONE reports macro-OvR AUROC for every classification task, including tasks whose current HF config uses bacc or weighted_kappa."
pathobench.exaone2025.bracs.slidelevel-fine,pathobench.exaone2025.bracs.slidelevel-fine,task.pathobench.bracs.slidelevel-fine,artifact.pathobench.bracs,pathobench,bracs,slidelevel_fine,morphological_subtyping,slidelevel_fine,slide,classification,547,exaone2025_linear_probe,macro-ovr-auc,higher,EXAONE Path 2.5 Table 4 protocol: official Patho-Bench predefined 5-fold/50-fold splits; fixed THREADS-style logistic-regression linear probe for classification and Cox probe for survival; all classification tasks use macro one-vs-rest AUROC and survival uses C-index.,https://arxiv.org/pdf/2512.14019v1,parsed_primary_source,"Protocol variant of pathobench.bracs.slidelevel-fine; shares task_identity_id and dataset_artifact_id but is kept separate because EXAONE reports macro-OvR AUROC for every classification task, including tasks whose current HF config uses bacc or weighted_kappa."
pathobench.exaone2025.cptac_brca.immune-class,pathobench.exaone2025.cptac_brca.immune-class,task.pathobench.cptac_brca.immune-class,artifact.pathobench.cptac_brca,pathobench,cptac_brca,Immune_class,tme_characterization,Immune_class,case,classification,103,exaone2025_linear_probe,macro-ovr-auc,higher,EXAONE Path 2.5 Table 4 protocol: official Patho-Bench predefined 5-fold/50-fold splits; fixed THREADS-style logistic-regression linear probe for classification and Cox probe for survival; all classification tasks use macro one-vs-rest AUROC and survival uses C-index.,https://arxiv.org/pdf/2512.14019v1,parsed_primary_source,"Protocol variant of pathobench.cptac_brca.immune-class; shares task_identity_id and dataset_artifact_id but is kept separate because EXAONE reports macro-OvR AUROC for every classification task, including tasks whose current HF config uses bacc or weighted_kappa."
pathobench.exaone2025.cptac_brca.pik3ca-mutation,pathobench.exaone2025.cptac_brca.pik3ca-mutation,task.pathobench.cptac_brca.pik3ca-mutation,artifact.pathobench.cptac_brca,pathobench,cptac_brca,PIK3CA_mutation,mutation_prediction,PIK3CA_mutation,case,classification,103,exaone2025_linear_probe,macro-ovr-auc,higher,EXAONE Path 2.5 Table 4 protocol: official Patho-Bench predefined 5-fold/50-fold splits; fixed THREADS-style logistic-regression linear probe for classification and Cox probe for survival; all classification tasks use macro one-vs-rest AUROC and survival uses C-index.,https://arxiv.org/pdf/2512.14019v1,parsed_primary_source,"Protocol variant of pathobench.cptac_brca.pik3ca-mutation; shares task_identity_id and dataset_artifact_id but is kept separate because EXAONE reports macro-OvR AUROC for every classification task, including tasks whose current HF config uses bacc or weighted_kappa."
pathobench.exaone2025.cptac_brca.tp53-mutation,pathobench.exaone2025.cptac_brca.tp53-mutation,task.pathobench.cptac_brca.tp53-mutation,artifact.pathobench.cptac_brca,pathobench,cptac_brca,TP53_mutation,mutation_prediction,TP53_mutation,case,classification,103,exaone2025_linear_probe,macro-ovr-auc,higher,EXAONE Path 2.5 Table 4 protocol: official Patho-Bench predefined 5-fold/50-fold splits; fixed THREADS-style logistic-regression linear probe for classification and Cox probe for survival; all classification tasks use macro one-vs-rest AUROC and survival uses C-index.,https://arxiv.org/pdf/2512.14019v1,parsed_primary_source,"Protocol variant of pathobench.cptac_brca.tp53-mutation; shares task_identity_id and dataset_artifact_id but is kept separate because EXAONE reports macro-OvR AUROC for every classification task, including tasks whose current HF config uses bacc or weighted_kappa."
pathobench.exaone2025.cptac_ccrcc.bap1-mutation,pathobench.exaone2025.cptac_ccrcc.bap1-mutation,task.pathobench.cptac_ccrcc.bap1-mutation,artifact.pathobench.cptac_ccrcc,pathobench,cptac_ccrcc,BAP1_mutation,mutation_prediction,BAP1_mutation,case,classification,103,exaone2025_linear_probe,macro-ovr-auc,higher,EXAONE Path 2.5 Table 4 protocol: official Patho-Bench predefined 5-fold/50-fold splits; fixed THREADS-style logistic-regression linear probe for classification and Cox probe for survival; all classification tasks use macro one-vs-rest AUROC and survival uses C-index.,https://arxiv.org/pdf/2512.14019v1,parsed_primary_source,"Protocol variant of pathobench.cptac_ccrcc.bap1-mutation; shares task_identity_id and dataset_artifact_id but is kept separate because EXAONE reports macro-OvR AUROC for every classification task, including tasks whose current HF config uses bacc or weighted_kappa."
pathobench.exaone2025.cptac_ccrcc.immune-class,pathobench.exaone2025.cptac_ccrcc.immune-class,task.pathobench.cptac_ccrcc.immune-class,artifact.pathobench.cptac_ccrcc,pathobench,cptac_ccrcc,Immune_class,tme_characterization,Immune_class,case,classification,103,exaone2025_linear_probe,macro-ovr-auc,higher,EXAONE Path 2.5 Table 4 protocol: official Patho-Bench predefined 5-fold/50-fold splits; fixed THREADS-style logistic-regression linear probe for classification and Cox probe for survival; all classification tasks use macro one-vs-rest AUROC and survival uses C-index.,https://arxiv.org/pdf/2512.14019v1,parsed_primary_source,"Protocol variant of pathobench.cptac_ccrcc.immune-class; shares task_identity_id and dataset_artifact_id but is kept separate because EXAONE reports macro-OvR AUROC for every classification task, including tasks whose current HF config uses bacc or weighted_kappa."
pathobench.exaone2025.cptac_ccrcc.os,pathobench.exaone2025.cptac_ccrcc.os,task.pathobench.cptac_ccrcc.os,artifact.pathobench.cptac_ccrcc,pathobench,cptac_ccrcc,OS,survival_prediction,OS,case,survival,94,exaone2025_cox_probe,cindex,higher,EXAONE Path 2.5 Table 4 protocol: official Patho-Bench predefined 5-fold/50-fold splits; fixed THREADS-style logistic-regression linear probe for classification and Cox probe for survival; all classification tasks use macro one-vs-rest AUROC and survival uses C-index.,https://arxiv.org/pdf/2512.14019v1,parsed_primary_source,"Protocol variant of pathobench.cptac_ccrcc.os; shares task_identity_id and dataset_artifact_id but is kept separate because EXAONE reports macro-OvR AUROC for every classification task, including tasks whose current HF config uses bacc or weighted_kappa."
pathobench.exaone2025.cptac_ccrcc.pbrm1-mutation,pathobench.exaone2025.cptac_ccrcc.pbrm1-mutation,task.pathobench.cptac_ccrcc.pbrm1-mutation,artifact.pathobench.cptac_ccrcc,pathobench,cptac_ccrcc,PBRM1_mutation,mutation_prediction,PBRM1_mutation,case,classification,103,exaone2025_linear_probe,macro-ovr-auc,higher,EXAONE Path 2.5 Table 4 protocol: official Patho-Bench predefined 5-fold/50-fold splits; fixed THREADS-style logistic-regression linear probe for classification and Cox probe for survival; all classification tasks use macro one-vs-rest AUROC and survival uses C-index.,https://arxiv.org/pdf/2512.14019v1,parsed_primary_source,"Protocol variant of pathobench.cptac_ccrcc.pbrm1-mutation; shares task_identity_id and dataset_artifact_id but is kept separate because EXAONE reports macro-OvR AUROC for every classification task, including tasks whose current HF config uses bacc or weighted_kappa."
pathobench.exaone2025.cptac_ccrcc.vhl-mutation,pathobench.exaone2025.cptac_ccrcc.vhl-mutation,task.pathobench.cptac_ccrcc.vhl-mutation,artifact.pathobench.cptac_ccrcc,pathobench,cptac_ccrcc,VHL_mutation,mutation_prediction,VHL_mutation,case,classification,103,exaone2025_linear_probe,macro-ovr-auc,higher,EXAONE Path 2.5 Table 4 protocol: official Patho-Bench predefined 5-fold/50-fold splits; fixed THREADS-style logistic-regression linear probe for classification and Cox probe for survival; all classification tasks use macro one-vs-rest AUROC and survival uses C-index.,https://arxiv.org/pdf/2512.14019v1,parsed_primary_source,"Protocol variant of pathobench.cptac_ccrcc.vhl-mutation; shares task_identity_id and dataset_artifact_id but is kept separate because EXAONE reports macro-OvR AUROC for every classification task, including tasks whose current HF config uses bacc or weighted_kappa."
pathobench.exaone2025.cptac_coad.acvr2a-mutation,pathobench.exaone2025.cptac_coad.acvr2a-mutation,task.pathobench.cptac_coad.acvr2a-mutation,artifact.pathobench.cptac_coad,pathobench,cptac_coad,ACVR2A_mutation,mutation_prediction,ACVR2A_mutation,case,classification,94,exaone2025_linear_probe,macro-ovr-auc,higher,EXAONE Path 2.5 Table 4 protocol: official Patho-Bench predefined 5-fold/50-fold splits; fixed THREADS-style logistic-regression linear probe for classification and Cox probe for survival; all classification tasks use macro one-vs-rest AUROC and survival uses C-index.,https://arxiv.org/pdf/2512.14019v1,parsed_primary_source,"Protocol variant of pathobench.cptac_coad.acvr2a-mutation; shares task_identity_id and dataset_artifact_id but is kept separate because EXAONE reports macro-OvR AUROC for every classification task, including tasks whose current HF config uses bacc or weighted_kappa."
pathobench.exaone2025.cptac_coad.apc-mutation,pathobench.exaone2025.cptac_coad.apc-mutation,task.pathobench.cptac_coad.apc-mutation,artifact.pathobench.cptac_coad,pathobench,cptac_coad,APC_mutation,mutation_prediction,APC_mutation,case,classification,94,exaone2025_linear_probe,macro-ovr-auc,higher,EXAONE Path 2.5 Table 4 protocol: official Patho-Bench predefined 5-fold/50-fold splits; fixed THREADS-style logistic-regression linear probe for classification and Cox probe for survival; all classification tasks use macro one-vs-rest AUROC and survival uses C-index.,https://arxiv.org/pdf/2512.14019v1,parsed_primary_source,"Protocol variant of pathobench.cptac_coad.apc-mutation; shares task_identity_id and dataset_artifact_id but is kept separate because EXAONE reports macro-OvR AUROC for every classification task, including tasks whose current HF config uses bacc or weighted_kappa."
pathobench.exaone2025.cptac_coad.arid1a-mutation,pathobench.exaone2025.cptac_coad.arid1a-mutation,task.pathobench.cptac_coad.arid1a-mutation,artifact.pathobench.cptac_coad,pathobench,cptac_coad,ARID1A_mutation,mutation_prediction,ARID1A_mutation,case,classification,94,exaone2025_linear_probe,macro-ovr-auc,higher,EXAONE Path 2.5 Table 4 protocol: official Patho-Bench predefined 5-fold/50-fold splits; fixed THREADS-style logistic-regression linear probe for classification and Cox probe for survival; all classification tasks use macro one-vs-rest AUROC and survival uses C-index.,https://arxiv.org/pdf/2512.14019v1,parsed_primary_source,"Protocol variant of pathobench.cptac_coad.arid1a-mutation; shares task_identity_id and dataset_artifact_id but is kept separate because EXAONE reports macro-OvR AUROC for every classification task, including tasks whose current HF config uses bacc or weighted_kappa."
pathobench.exaone2025.cptac_coad.immune-class,pathobench.exaone2025.cptac_coad.immune-class,task.pathobench.cptac_coad.immune-class,artifact.pathobench.cptac_coad,pathobench,cptac_coad,Immune_class,tme_characterization,Immune_class,case,classification,94,exaone2025_linear_probe,macro-ovr-auc,higher,EXAONE Path 2.5 Table 4 protocol: official Patho-Bench predefined 5-fold/50-fold splits; fixed THREADS-style logistic-regression linear probe for classification and Cox probe for survival; all classification tasks use macro one-vs-rest AUROC and survival uses C-index.,https://arxiv.org/pdf/2512.14019v1,parsed_primary_source,"Protocol variant of pathobench.cptac_coad.immune-class; shares task_identity_id and dataset_artifact_id but is kept separate because EXAONE reports macro-OvR AUROC for every classification task, including tasks whose current HF config uses bacc or weighted_kappa."
pathobench.exaone2025.cptac_coad.kras-mutation,pathobench.exaone2025.cptac_coad.kras-mutation,task.pathobench.cptac_coad.kras-mutation,artifact.pathobench.cptac_coad,pathobench,cptac_coad,KRAS_mutation,mutation_prediction,KRAS_mutation,case,classification,94,exaone2025_linear_probe,macro-ovr-auc,higher,EXAONE Path 2.5 Table 4 protocol: official Patho-Bench predefined 5-fold/50-fold splits; fixed THREADS-style logistic-regression linear probe for classification and Cox probe for survival; all classification tasks use macro one-vs-rest AUROC and survival uses C-index.,https://arxiv.org/pdf/2512.14019v1,parsed_primary_source,"Protocol variant of pathobench.cptac_coad.kras-mutation; shares task_identity_id and dataset_artifact_id but is kept separate because EXAONE reports macro-OvR AUROC for every classification task, including tasks whose current HF config uses bacc or weighted_kappa."
pathobench.exaone2025.cptac_coad.msi-h,pathobench.exaone2025.cptac_coad.msi-h,task.pathobench.cptac_coad.msi-h,artifact.pathobench.cptac_coad,pathobench,cptac_coad,MSI_H,molecular_subtyping,MSI_H,case,classification,93,exaone2025_linear_probe,macro-ovr-auc,higher,EXAONE Path 2.5 Table 4 protocol: official Patho-Bench predefined 5-fold/50-fold splits; fixed THREADS-style logistic-regression linear probe for classification and Cox probe for survival; all classification tasks use macro one-vs-rest AUROC and survival uses C-index.,https://arxiv.org/pdf/2512.14019v1,parsed_primary_source,"Protocol variant of pathobench.cptac_coad.msi-h; shares task_identity_id and dataset_artifact_id but is kept separate because EXAONE reports macro-OvR AUROC for every classification task, including tasks whose current HF config uses bacc or weighted_kappa."
pathobench.exaone2025.cptac_coad.pik3ca-mutation,pathobench.exaone2025.cptac_coad.pik3ca-mutation,task.pathobench.cptac_coad.pik3ca-mutation,artifact.pathobench.cptac_coad,pathobench,cptac_coad,PIK3CA_mutation,mutation_prediction,PIK3CA_mutation,case,classification,94,exaone2025_linear_probe,macro-ovr-auc,higher,EXAONE Path 2.5 Table 4 protocol: official Patho-Bench predefined 5-fold/50-fold splits; fixed THREADS-style logistic-regression linear probe for classification and Cox probe for survival; all classification tasks use macro one-vs-rest AUROC and survival uses C-index.,https://arxiv.org/pdf/2512.14019v1,parsed_primary_source,"Protocol variant of pathobench.cptac_coad.pik3ca-mutation; shares task_identity_id and dataset_artifact_id but is kept separate because EXAONE reports macro-OvR AUROC for every classification task, including tasks whose current HF config uses bacc or weighted_kappa."
pathobench.exaone2025.cptac_coad.setd1b-mutation,pathobench.exaone2025.cptac_coad.setd1b-mutation,task.pathobench.cptac_coad.setd1b-mutation,artifact.pathobench.cptac_coad,pathobench,cptac_coad,SETD1B_mutation,mutation_prediction,SETD1B_mutation,case,classification,94,exaone2025_linear_probe,macro-ovr-auc,higher,EXAONE Path 2.5 Table 4 protocol: official Patho-Bench predefined 5-fold/50-fold splits; fixed THREADS-style logistic-regression linear probe for classification and Cox probe for survival; all classification tasks use macro one-vs-rest AUROC and survival uses C-index.,https://arxiv.org/pdf/2512.14019v1,parsed_primary_source,"Protocol variant of pathobench.cptac_coad.setd1b-mutation; shares task_identity_id and dataset_artifact_id but is kept separate because EXAONE reports macro-OvR AUROC for every classification task, including tasks whose current HF config uses bacc or weighted_kappa."
pathobench.exaone2025.cptac_coad.tp53-mutation,pathobench.exaone2025.cptac_coad.tp53-mutation,task.pathobench.cptac_coad.tp53-mutation,artifact.pathobench.cptac_coad,pathobench,cptac_coad,TP53_mutation,mutation_prediction,TP53_mutation,case,classification,94,exaone2025_linear_probe,macro-ovr-auc,higher,EXAONE Path 2.5 Table 4 protocol: official Patho-Bench predefined 5-fold/50-fold splits; fixed THREADS-style logistic-regression linear probe for classification and Cox probe for survival; all classification tasks use macro one-vs-rest AUROC and survival uses C-index.,https://arxiv.org/pdf/2512.14019v1,parsed_primary_source,"Protocol variant of pathobench.cptac_coad.tp53-mutation; shares task_identity_id and dataset_artifact_id but is kept separate because EXAONE reports macro-OvR AUROC for every classification task, including tasks whose current HF config uses bacc or weighted_kappa."
pathobench.exaone2025.cptac_gbm.egfr-mutation,pathobench.exaone2025.cptac_gbm.egfr-mutation,task.pathobench.cptac_gbm.egfr-mutation,artifact.pathobench.cptac_gbm,pathobench,cptac_gbm,EGFR_mutation,mutation_prediction,EGFR_mutation,case,classification,99,exaone2025_linear_probe,macro-ovr-auc,higher,EXAONE Path 2.5 Table 4 protocol: official Patho-Bench predefined 5-fold/50-fold splits; fixed THREADS-style logistic-regression linear probe for classification and Cox probe for survival; all classification tasks use macro one-vs-rest AUROC and survival uses C-index.,https://arxiv.org/pdf/2512.14019v1,parsed_primary_source,"Protocol variant of pathobench.cptac_gbm.egfr-mutation; shares task_identity_id and dataset_artifact_id but is kept separate because EXAONE reports macro-OvR AUROC for every classification task, including tasks whose current HF config uses bacc or weighted_kappa."
pathobench.exaone2025.cptac_gbm.immune-class,pathobench.exaone2025.cptac_gbm.immune-class,task.pathobench.cptac_gbm.immune-class,artifact.pathobench.cptac_gbm,pathobench,cptac_gbm,Immune_class,tme_characterization,Immune_class,case,classification,99,exaone2025_linear_probe,macro-ovr-auc,higher,EXAONE Path 2.5 Table 4 protocol: official Patho-Bench predefined 5-fold/50-fold splits; fixed THREADS-style logistic-regression linear probe for classification and Cox probe for survival; all classification tasks use macro one-vs-rest AUROC and survival uses C-index.,https://arxiv.org/pdf/2512.14019v1,parsed_primary_source,"Protocol variant of pathobench.cptac_gbm.immune-class; shares task_identity_id and dataset_artifact_id but is kept separate because EXAONE reports macro-OvR AUROC for every classification task, including tasks whose current HF config uses bacc or weighted_kappa."
pathobench.exaone2025.cptac_gbm.tp53-mutation,pathobench.exaone2025.cptac_gbm.tp53-mutation,task.pathobench.cptac_gbm.tp53-mutation,artifact.pathobench.cptac_gbm,pathobench,cptac_gbm,TP53_mutation,mutation_prediction,TP53_mutation,case,classification,99,exaone2025_linear_probe,macro-ovr-auc,higher,EXAONE Path 2.5 Table 4 protocol: official Patho-Bench predefined 5-fold/50-fold splits; fixed THREADS-style logistic-regression linear probe for classification and Cox probe for survival; all classification tasks use macro one-vs-rest AUROC and survival uses C-index.,https://arxiv.org/pdf/2512.14019v1,parsed_primary_source,"Protocol variant of pathobench.cptac_gbm.tp53-mutation; shares task_identity_id and dataset_artifact_id but is kept separate because EXAONE reports macro-OvR AUROC for every classification task, including tasks whose current HF config uses bacc or weighted_kappa."
pathobench.exaone2025.cptac_hnsc.casp8-mutation,pathobench.exaone2025.cptac_hnsc.casp8-mutation,task.pathobench.cptac_hnsc.casp8-mutation,artifact.pathobench.cptac_hnsc,pathobench,cptac_hnsc,CASP8_mutation,mutation_prediction,CASP8_mutation,case,classification,107,exaone2025_linear_probe,macro-ovr-auc,higher,EXAONE Path 2.5 Table 4 protocol: official Patho-Bench predefined 5-fold/50-fold splits; fixed THREADS-style logistic-regression linear probe for classification and Cox probe for survival; all classification tasks use macro one-vs-rest AUROC and survival uses C-index.,https://arxiv.org/pdf/2512.14019v1,parsed_primary_source,"Protocol variant of pathobench.cptac_hnsc.casp8-mutation; shares task_identity_id and dataset_artifact_id but is kept separate because EXAONE reports macro-OvR AUROC for every classification task, including tasks whose current HF config uses bacc or weighted_kappa."
pathobench.exaone2025.cptac_hnsc.histologic-grade,pathobench.exaone2025.cptac_hnsc.histologic-grade,task.pathobench.cptac_hnsc.histologic-grade,artifact.pathobench.cptac_hnsc,pathobench,cptac_hnsc,Histologic_Grade,tumor_grading,Histologic_Grade,case,classification,107,exaone2025_linear_probe,macro-ovr-auc,higher,EXAONE Path 2.5 Table 4 protocol: official Patho-Bench predefined 5-fold/50-fold splits; fixed THREADS-style logistic-regression linear probe for classification and Cox probe for survival; all classification tasks use macro one-vs-rest AUROC and survival uses C-index.,https://arxiv.org/pdf/2512.14019v1,parsed_primary_source,"Protocol variant of pathobench.cptac_hnsc.histologic-grade; shares task_identity_id and dataset_artifact_id but is kept separate because EXAONE reports macro-OvR AUROC for every classification task, including tasks whose current HF config uses bacc or weighted_kappa."
pathobench.exaone2025.cptac_hnsc.immune-class,pathobench.exaone2025.cptac_hnsc.immune-class,task.pathobench.cptac_hnsc.immune-class,artifact.pathobench.cptac_hnsc,pathobench,cptac_hnsc,Immune_class,tme_characterization,Immune_class,case,classification,107,exaone2025_linear_probe,macro-ovr-auc,higher,EXAONE Path 2.5 Table 4 protocol: official Patho-Bench predefined 5-fold/50-fold splits; fixed THREADS-style logistic-regression linear probe for classification and Cox probe for survival; all classification tasks use macro one-vs-rest AUROC and survival uses C-index.,https://arxiv.org/pdf/2512.14019v1,parsed_primary_source,"Protocol variant of pathobench.cptac_hnsc.immune-class; shares task_identity_id and dataset_artifact_id but is kept separate because EXAONE reports macro-OvR AUROC for every classification task, including tasks whose current HF config uses bacc or weighted_kappa."
pathobench.exaone2025.cptac_hnsc.os,pathobench.exaone2025.cptac_hnsc.os,task.pathobench.cptac_hnsc.os,artifact.pathobench.cptac_hnsc,pathobench,cptac_hnsc,OS,survival_prediction,OS,case,survival,102,exaone2025_cox_probe,cindex,higher,EXAONE Path 2.5 Table 4 protocol: official Patho-Bench predefined 5-fold/50-fold splits; fixed THREADS-style logistic-regression linear probe for classification and Cox probe for survival; all classification tasks use macro one-vs-rest AUROC and survival uses C-index.,https://arxiv.org/pdf/2512.14019v1,parsed_primary_source,"Protocol variant of pathobench.cptac_hnsc.os; shares task_identity_id and dataset_artifact_id but is kept separate because EXAONE reports macro-OvR AUROC for every classification task, including tasks whose current HF config uses bacc or weighted_kappa."
pathobench.exaone2025.cptac_lscc.arid1a-mutation,pathobench.exaone2025.cptac_lscc.arid1a-mutation,task.pathobench.cptac_lscc.arid1a-mutation,artifact.pathobench.cptac_lscc,pathobench,cptac_lscc,ARID1A_mutation,mutation_prediction,ARID1A_mutation,case,classification,108,exaone2025_linear_probe,macro-ovr-auc,higher,EXAONE Path 2.5 Table 4 protocol: official Patho-Bench predefined 5-fold/50-fold splits; fixed THREADS-style logistic-regression linear probe for classification and Cox probe for survival; all classification tasks use macro one-vs-rest AUROC and survival uses C-index.,https://arxiv.org/pdf/2512.14019v1,parsed_primary_source,"Protocol variant of pathobench.cptac_lscc.arid1a-mutation; shares task_identity_id and dataset_artifact_id but is kept separate because EXAONE reports macro-OvR AUROC for every classification task, including tasks whose current HF config uses bacc or weighted_kappa."
pathobench.exaone2025.cptac_lscc.histologic-grade,pathobench.exaone2025.cptac_lscc.histologic-grade,task.pathobench.cptac_lscc.histologic-grade,artifact.pathobench.cptac_lscc,pathobench,cptac_lscc,Histologic_Grade,tumor_grading,Histologic_Grade,case,classification,104,exaone2025_linear_probe,macro-ovr-auc,higher,EXAONE Path 2.5 Table 4 protocol: official Patho-Bench predefined 5-fold/50-fold splits; fixed THREADS-style logistic-regression linear probe for classification and Cox probe for survival; all classification tasks use macro one-vs-rest AUROC and survival uses C-index.,https://arxiv.org/pdf/2512.14019v1,parsed_primary_source,"Protocol variant of pathobench.cptac_lscc.histologic-grade; shares task_identity_id and dataset_artifact_id but is kept separate because EXAONE reports macro-OvR AUROC for every classification task, including tasks whose current HF config uses bacc or weighted_kappa."
pathobench.exaone2025.cptac_lscc.immune-class,pathobench.exaone2025.cptac_lscc.immune-class,task.pathobench.cptac_lscc.immune-class,artifact.pathobench.cptac_lscc,pathobench,cptac_lscc,Immune_class,tme_characterization,Immune_class,case,classification,108,exaone2025_linear_probe,macro-ovr-auc,higher,EXAONE Path 2.5 Table 4 protocol: official Patho-Bench predefined 5-fold/50-fold splits; fixed THREADS-style logistic-regression linear probe for classification and Cox probe for survival; all classification tasks use macro one-vs-rest AUROC and survival uses C-index.,https://arxiv.org/pdf/2512.14019v1,parsed_primary_source,"Protocol variant of pathobench.cptac_lscc.immune-class; shares task_identity_id and dataset_artifact_id but is kept separate because EXAONE reports macro-OvR AUROC for every classification task, including tasks whose current HF config uses bacc or weighted_kappa."
pathobench.exaone2025.cptac_lscc.keap1-mutation,pathobench.exaone2025.cptac_lscc.keap1-mutation,task.pathobench.cptac_lscc.keap1-mutation,artifact.pathobench.cptac_lscc,pathobench,cptac_lscc,KEAP1_mutation,mutation_prediction,KEAP1_mutation,case,classification,108,exaone2025_linear_probe,macro-ovr-auc,higher,EXAONE Path 2.5 Table 4 protocol: official Patho-Bench predefined 5-fold/50-fold splits; fixed THREADS-style logistic-regression linear probe for classification and Cox probe for survival; all classification tasks use macro one-vs-rest AUROC and survival uses C-index.,https://arxiv.org/pdf/2512.14019v1,parsed_primary_source,"Protocol variant of pathobench.cptac_lscc.keap1-mutation; shares task_identity_id and dataset_artifact_id but is kept separate because EXAONE reports macro-OvR AUROC for every classification task, including tasks whose current HF config uses bacc or weighted_kappa."
pathobench.exaone2025.cptac_luad.egfr-mutation,pathobench.exaone2025.cptac_luad.egfr-mutation,task.pathobench.cptac_luad.egfr-mutation,artifact.pathobench.cptac_luad,pathobench,cptac_luad,EGFR_mutation,mutation_prediction,EGFR_mutation,case,classification,108,exaone2025_linear_probe,macro-ovr-auc,higher,EXAONE Path 2.5 Table 4 protocol: official Patho-Bench predefined 5-fold/50-fold splits; fixed THREADS-style logistic-regression linear probe for classification and Cox probe for survival; all classification tasks use macro one-vs-rest AUROC and survival uses C-index.,https://arxiv.org/pdf/2512.14019v1,parsed_primary_source,"Protocol variant of pathobench.cptac_luad.egfr-mutation; shares task_identity_id and dataset_artifact_id but is kept separate because EXAONE reports macro-OvR AUROC for every classification task, including tasks whose current HF config uses bacc or weighted_kappa."
pathobench.exaone2025.cptac_luad.immune-class,pathobench.exaone2025.cptac_luad.immune-class,task.pathobench.cptac_luad.immune-class,artifact.pathobench.cptac_luad,pathobench,cptac_luad,Immune_class,tme_characterization,Immune_class,case,classification,108,exaone2025_linear_probe,macro-ovr-auc,higher,EXAONE Path 2.5 Table 4 protocol: official Patho-Bench predefined 5-fold/50-fold splits; fixed THREADS-style logistic-regression linear probe for classification and Cox probe for survival; all classification tasks use macro one-vs-rest AUROC and survival uses C-index.,https://arxiv.org/pdf/2512.14019v1,parsed_primary_source,"Protocol variant of pathobench.cptac_luad.immune-class; shares task_identity_id and dataset_artifact_id but is kept separate because EXAONE reports macro-OvR AUROC for every classification task, including tasks whose current HF config uses bacc or weighted_kappa."
pathobench.exaone2025.cptac_luad.kras-mutation,pathobench.exaone2025.cptac_luad.kras-mutation,task.pathobench.cptac_luad.kras-mutation,artifact.pathobench.cptac_luad,pathobench,cptac_luad,KRAS_mutation,mutation_prediction,KRAS_mutation,case,classification,102,exaone2025_linear_probe,macro-ovr-auc,higher,EXAONE Path 2.5 Table 4 protocol: official Patho-Bench predefined 5-fold/50-fold splits; fixed THREADS-style logistic-regression linear probe for classification and Cox probe for survival; all classification tasks use macro one-vs-rest AUROC and survival uses C-index.,https://arxiv.org/pdf/2512.14019v1,parsed_primary_source,"Protocol variant of pathobench.cptac_luad.kras-mutation; shares task_identity_id and dataset_artifact_id but is kept separate because EXAONE reports macro-OvR AUROC for every classification task, including tasks whose current HF config uses bacc or weighted_kappa."
pathobench.exaone2025.cptac_luad.os,pathobench.exaone2025.cptac_luad.os,task.pathobench.cptac_luad.os,artifact.pathobench.cptac_luad,pathobench,cptac_luad,OS,survival_prediction,OS,case,survival,105,exaone2025_cox_probe,cindex,higher,EXAONE Path 2.5 Table 4 protocol: official Patho-Bench predefined 5-fold/50-fold splits; fixed THREADS-style logistic-regression linear probe for classification and Cox probe for survival; all classification tasks use macro one-vs-rest AUROC and survival uses C-index.,https://arxiv.org/pdf/2512.14019v1,parsed_primary_source,"Protocol variant of pathobench.cptac_luad.os; shares task_identity_id and dataset_artifact_id but is kept separate because EXAONE reports macro-OvR AUROC for every classification task, including tasks whose current HF config uses bacc or weighted_kappa."
pathobench.exaone2025.cptac_luad.stk11-mutation,pathobench.exaone2025.cptac_luad.stk11-mutation,task.pathobench.cptac_luad.stk11-mutation,artifact.pathobench.cptac_luad,pathobench,cptac_luad,STK11_mutation,mutation_prediction,STK11_mutation,case,classification,108,exaone2025_linear_probe,macro-ovr-auc,higher,EXAONE Path 2.5 Table 4 protocol: official Patho-Bench predefined 5-fold/50-fold splits; fixed THREADS-style logistic-regression linear probe for classification and Cox probe for survival; all classification tasks use macro one-vs-rest AUROC and survival uses C-index.,https://arxiv.org/pdf/2512.14019v1,parsed_primary_source,"Protocol variant of pathobench.cptac_luad.stk11-mutation; shares task_identity_id and dataset_artifact_id but is kept separate because EXAONE reports macro-OvR AUROC for every classification task, including tasks whose current HF config uses bacc or weighted_kappa."
pathobench.exaone2025.cptac_luad.tp53-mutation,pathobench.exaone2025.cptac_luad.tp53-mutation,task.pathobench.cptac_luad.tp53-mutation,artifact.pathobench.cptac_luad,pathobench,cptac_luad,TP53_mutation,mutation_prediction,TP53_mutation,case,classification,108,exaone2025_linear_probe,macro-ovr-auc,higher,EXAONE Path 2.5 Table 4 protocol: official Patho-Bench predefined 5-fold/50-fold splits; fixed THREADS-style logistic-regression linear probe for classification and Cox probe for survival; all classification tasks use macro one-vs-rest AUROC and survival uses C-index.,https://arxiv.org/pdf/2512.14019v1,parsed_primary_source,"Protocol variant of pathobench.cptac_luad.tp53-mutation; shares task_identity_id and dataset_artifact_id but is kept separate because EXAONE reports macro-OvR AUROC for every classification task, including tasks whose current HF config uses bacc or weighted_kappa."
pathobench.exaone2025.cptac_ov.immune-class,pathobench.exaone2025.cptac_ov.immune-class,task.pathobench.cptac_ov.immune-class,artifact.pathobench.cptac_ov,pathobench,cptac_ov,Immune_class,tme_characterization,Immune_class,case,classification,51,exaone2025_linear_probe,macro-ovr-auc,higher,EXAONE Path 2.5 Table 4 protocol: official Patho-Bench predefined 5-fold/50-fold splits; fixed THREADS-style logistic-regression linear probe for classification and Cox probe for survival; all classification tasks use macro one-vs-rest AUROC and survival uses C-index.,https://arxiv.org/pdf/2512.14019v1,parsed_primary_source,"Protocol variant of pathobench.cptac_ov.immune-class; shares task_identity_id and dataset_artifact_id but is kept separate because EXAONE reports macro-OvR AUROC for every classification task, including tasks whose current HF config uses bacc or weighted_kappa."
pathobench.exaone2025.cptac_pda.immune-class,pathobench.exaone2025.cptac_pda.immune-class,task.pathobench.cptac_pda.immune-class,artifact.pathobench.cptac_pda,pathobench,cptac_pda,Immune_class,tme_characterization,Immune_class,case,classification,105,exaone2025_linear_probe,macro-ovr-auc,higher,EXAONE Path 2.5 Table 4 protocol: official Patho-Bench predefined 5-fold/50-fold splits; fixed THREADS-style logistic-regression linear probe for classification and Cox probe for survival; all classification tasks use macro one-vs-rest AUROC and survival uses C-index.,https://arxiv.org/pdf/2512.14019v1,parsed_primary_source,"Protocol variant of pathobench.cptac_pda.immune-class; shares task_identity_id and dataset_artifact_id but is kept separate because EXAONE reports macro-OvR AUROC for every classification task, including tasks whose current HF config uses bacc or weighted_kappa."
pathobench.exaone2025.cptac_pda.os,pathobench.exaone2025.cptac_pda.os,task.pathobench.cptac_pda.os,artifact.pathobench.cptac_pda,pathobench,cptac_pda,OS,survival_prediction,OS,case,survival,97,exaone2025_cox_probe,cindex,higher,EXAONE Path 2.5 Table 4 protocol: official Patho-Bench predefined 5-fold/50-fold splits; fixed THREADS-style logistic-regression linear probe for classification and Cox probe for survival; all classification tasks use macro one-vs-rest AUROC and survival uses C-index.,https://arxiv.org/pdf/2512.14019v1,parsed_primary_source,"Protocol variant of pathobench.cptac_pda.os; shares task_identity_id and dataset_artifact_id but is kept separate because EXAONE reports macro-OvR AUROC for every classification task, including tasks whose current HF config uses bacc or weighted_kappa."
pathobench.exaone2025.cptac_pda.smad4-mutation,pathobench.exaone2025.cptac_pda.smad4-mutation,task.pathobench.cptac_pda.smad4-mutation,artifact.pathobench.cptac_pda,pathobench,cptac_pda,SMAD4_mutation,mutation_prediction,SMAD4_mutation,case,classification,105,exaone2025_linear_probe,macro-ovr-auc,higher,EXAONE Path 2.5 Table 4 protocol: official Patho-Bench predefined 5-fold/50-fold splits; fixed THREADS-style logistic-regression linear probe for classification and Cox probe for survival; all classification tasks use macro one-vs-rest AUROC and survival uses C-index.,https://arxiv.org/pdf/2512.14019v1,parsed_primary_source,"Protocol variant of pathobench.cptac_pda.smad4-mutation; shares task_identity_id and dataset_artifact_id but is kept separate because EXAONE reports macro-OvR AUROC for every classification task, including tasks whose current HF config uses bacc or weighted_kappa."
pathobench.exaone2025.cptac_ucec.ctnnb1-mutation,pathobench.exaone2025.cptac_ucec.ctnnb1-mutation,task.pathobench.cptac_ucec.ctnnb1-mutation,artifact.pathobench.cptac_ucec,pathobench,cptac_ucec,CTNNB1_mutation,mutation_prediction,CTNNB1_mutation,case,classification,93,exaone2025_linear_probe,macro-ovr-auc,higher,EXAONE Path 2.5 Table 4 protocol: official Patho-Bench predefined 5-fold/50-fold splits; fixed THREADS-style logistic-regression linear probe for classification and Cox probe for survival; all classification tasks use macro one-vs-rest AUROC and survival uses C-index.,https://arxiv.org/pdf/2512.14019v1,parsed_primary_source,"Protocol variant of pathobench.cptac_ucec.ctnnb1-mutation; shares task_identity_id and dataset_artifact_id but is kept separate because EXAONE reports macro-OvR AUROC for every classification task, including tasks whose current HF config uses bacc or weighted_kappa."
pathobench.exaone2025.cptac_ucec.immune-class,pathobench.exaone2025.cptac_ucec.immune-class,task.pathobench.cptac_ucec.immune-class,artifact.pathobench.cptac_ucec,pathobench,cptac_ucec,Immune_class,tme_characterization,Immune_class,case,classification,94,exaone2025_linear_probe,macro-ovr-auc,higher,EXAONE Path 2.5 Table 4 protocol: official Patho-Bench predefined 5-fold/50-fold splits; fixed THREADS-style logistic-regression linear probe for classification and Cox probe for survival; all classification tasks use macro one-vs-rest AUROC and survival uses C-index.,https://arxiv.org/pdf/2512.14019v1,parsed_primary_source,"Protocol variant of pathobench.cptac_ucec.immune-class; shares task_identity_id and dataset_artifact_id but is kept separate because EXAONE reports macro-OvR AUROC for every classification task, including tasks whose current HF config uses bacc or weighted_kappa."
pathobench.exaone2025.cptac_ucec.pten-mutation,pathobench.exaone2025.cptac_ucec.pten-mutation,task.pathobench.cptac_ucec.pten-mutation,artifact.pathobench.cptac_ucec,pathobench,cptac_ucec,PTEN_mutation,mutation_prediction,PTEN_mutation,case,classification,93,exaone2025_linear_probe,macro-ovr-auc,higher,EXAONE Path 2.5 Table 4 protocol: official Patho-Bench predefined 5-fold/50-fold splits; fixed THREADS-style logistic-regression linear probe for classification and Cox probe for survival; all classification tasks use macro one-vs-rest AUROC and survival uses C-index.,https://arxiv.org/pdf/2512.14019v1,parsed_primary_source,"Protocol variant of pathobench.cptac_ucec.pten-mutation; shares task_identity_id and dataset_artifact_id but is kept separate because EXAONE reports macro-OvR AUROC for every classification task, including tasks whose current HF config uses bacc or weighted_kappa."
pathobench.exaone2025.ebrains.diagnosis,pathobench.exaone2025.ebrains.diagnosis,task.pathobench.ebrains.diagnosis,artifact.pathobench.ebrains,pathobench,ebrains,diagnosis,morphological_subtyping,diagnosis,slide,classification,2319,exaone2025_linear_probe,macro-ovr-auc,higher,EXAONE Path 2.5 Table 4 protocol: official Patho-Bench predefined 5-fold/50-fold splits; fixed THREADS-style logistic-regression linear probe for classification and Cox probe for survival; all classification tasks use macro one-vs-rest AUROC and survival uses C-index.,https://arxiv.org/pdf/2512.14019v1,parsed_primary_source,"Protocol variant of pathobench.ebrains.diagnosis; shares task_identity_id and dataset_artifact_id but is kept separate because EXAONE reports macro-OvR AUROC for every classification task, including tasks whose current HF config uses bacc or weighted_kappa."
pathobench.exaone2025.ebrains.diagnosis-group,pathobench.exaone2025.ebrains.diagnosis-group,task.pathobench.ebrains.diagnosis-group,artifact.pathobench.ebrains,pathobench,ebrains,diagnosis_group,morphological_subtyping,diagnosis_group,slide,classification,2319,exaone2025_linear_probe,macro-ovr-auc,higher,EXAONE Path 2.5 Table 4 protocol: official Patho-Bench predefined 5-fold/50-fold splits; fixed THREADS-style logistic-regression linear probe for classification and Cox probe for survival; all classification tasks use macro one-vs-rest AUROC and survival uses C-index.,https://arxiv.org/pdf/2512.14019v1,parsed_primary_source,"Protocol variant of pathobench.ebrains.diagnosis-group; shares task_identity_id and dataset_artifact_id but is kept separate because EXAONE reports macro-OvR AUROC for every classification task, including tasks whose current HF config uses bacc or weighted_kappa."
pathobench.exaone2025.ebrains.idh-status,pathobench.exaone2025.ebrains.idh-status,task.pathobench.ebrains.idh-status,artifact.pathobench.ebrains,pathobench,ebrains,idh_status,morphological_subtyping,idh_status,slide,classification,848,exaone2025_linear_probe,macro-ovr-auc,higher,EXAONE Path 2.5 Table 4 protocol: official Patho-Bench predefined 5-fold/50-fold splits; fixed THREADS-style logistic-regression linear probe for classification and Cox probe for survival; all classification tasks use macro one-vs-rest AUROC and survival uses C-index.,https://arxiv.org/pdf/2512.14019v1,parsed_primary_source,"Protocol variant of pathobench.ebrains.idh-status; shares task_identity_id and dataset_artifact_id but is kept separate because EXAONE reports macro-OvR AUROC for every classification task, including tasks whose current HF config uses bacc or weighted_kappa."
pathobench.exaone2025.hancook.grading-scc-conventional-keratinizing,pathobench.exaone2025.hancook.grading-scc-conventional-keratinizing,task.pathobench.hancook.grading-scc-conventional-keratinizing,artifact.pathobench.hancook,pathobench,hancook,grading_SCC_Conventional_Keratinizing,tumor_grading,grading_SCC_Conventional_Keratinizing,case,classification,383,exaone2025_linear_probe,macro-ovr-auc,higher,EXAONE Path 2.5 Table 4 protocol: official Patho-Bench predefined 5-fold/50-fold splits; fixed THREADS-style logistic-regression linear probe for classification and Cox probe for survival; all classification tasks use macro one-vs-rest AUROC and survival uses C-index.,https://arxiv.org/pdf/2512.14019v1,parsed_primary_source,"Protocol variant of pathobench.hancook.grading-scc-conventional-keratinizing; shares task_identity_id and dataset_artifact_id but is kept separate because EXAONE reports macro-OvR AUROC for every classification task, including tasks whose current HF config uses bacc or weighted_kappa."
pathobench.exaone2025.hancook.grading-scc-conventional-nonkeratinizing,pathobench.exaone2025.hancook.grading-scc-conventional-nonkeratinizing,task.pathobench.hancook.grading-scc-conventional-nonkeratinizing,artifact.pathobench.hancook,pathobench,hancook,grading_SCC_Conventional_NonKeratinizing,tumor_grading,grading_SCC_Conventional_NonKeratinizing,case,classification,74,exaone2025_linear_probe,macro-ovr-auc,higher,EXAONE Path 2.5 Table 4 protocol: official Patho-Bench predefined 5-fold/50-fold splits; fixed THREADS-style logistic-regression linear probe for classification and Cox probe for survival; all classification tasks use macro one-vs-rest AUROC and survival uses C-index.,https://arxiv.org/pdf/2512.14019v1,parsed_primary_source,"Protocol variant of pathobench.hancook.grading-scc-conventional-nonkeratinizing; shares task_identity_id and dataset_artifact_id but is kept separate because EXAONE reports macro-OvR AUROC for every classification task, including tasks whose current HF config uses bacc or weighted_kappa."
pathobench.exaone2025.hancook.lymphovascular-invasion-l,pathobench.exaone2025.hancook.lymphovascular-invasion-l,task.pathobench.hancook.lymphovascular-invasion-l,artifact.pathobench.hancook,pathobench,hancook,lymphovascular_invasion_L,tme_characterization,lymphovascular_invasion_L,case,classification,697,exaone2025_linear_probe,macro-ovr-auc,higher,EXAONE Path 2.5 Table 4 protocol: official Patho-Bench predefined 5-fold/50-fold splits; fixed THREADS-style logistic-regression linear probe for classification and Cox probe for survival; all classification tasks use macro one-vs-rest AUROC and survival uses C-index.,https://arxiv.org/pdf/2512.14019v1,parsed_primary_source,"Protocol variant of pathobench.hancook.lymphovascular-invasion-l; shares task_identity_id and dataset_artifact_id but is kept separate because EXAONE reports macro-OvR AUROC for every classification task, including tasks whose current HF config uses bacc or weighted_kappa."
pathobench.exaone2025.hancook.os-treatment-rdc,pathobench.exaone2025.hancook.os-treatment-rdc,task.pathobench.hancook.os-treatment-rdc,artifact.pathobench.hancook,pathobench,hancook,OS_treatment_rdc,survival_prediction,OS_treatment_rdc,case,survival,203,exaone2025_cox_probe,cindex,higher,EXAONE Path 2.5 Table 4 protocol: official Patho-Bench predefined 5-fold/50-fold splits; fixed THREADS-style logistic-regression linear probe for classification and Cox probe for survival; all classification tasks use macro one-vs-rest AUROC and survival uses C-index.,https://arxiv.org/pdf/2512.14019v1,parsed_primary_source,"Protocol variant of pathobench.hancook.os-treatment-rdc; shares task_identity_id and dataset_artifact_id but is kept separate because EXAONE reports macro-OvR AUROC for every classification task, including tasks whose current HF config uses bacc or weighted_kappa."
pathobench.exaone2025.hancook.perineural-invasion-pn,pathobench.exaone2025.hancook.perineural-invasion-pn,task.pathobench.hancook.perineural-invasion-pn,artifact.pathobench.hancook,pathobench,hancook,perineural_invasion_Pn,tme_characterization,perineural_invasion_Pn,case,classification,697,exaone2025_linear_probe,macro-ovr-auc,higher,EXAONE Path 2.5 Table 4 protocol: official Patho-Bench predefined 5-fold/50-fold splits; fixed THREADS-style logistic-regression linear probe for classification and Cox probe for survival; all classification tasks use macro one-vs-rest AUROC and survival uses C-index.,https://arxiv.org/pdf/2512.14019v1,parsed_primary_source,"Protocol variant of pathobench.hancook.perineural-invasion-pn; shares task_identity_id and dataset_artifact_id but is kept separate because EXAONE reports macro-OvR AUROC for every classification task, including tasks whose current HF config uses bacc or weighted_kappa."
pathobench.exaone2025.hancook.primarily-metastasis,pathobench.exaone2025.hancook.primarily-metastasis,task.pathobench.hancook.primarily-metastasis,artifact.pathobench.hancook,pathobench,hancook,primarily_metastasis,tme_characterization,primarily_metastasis,case,classification,676,exaone2025_linear_probe,macro-ovr-auc,higher,EXAONE Path 2.5 Table 4 protocol: official Patho-Bench predefined 5-fold/50-fold splits; fixed THREADS-style logistic-regression linear probe for classification and Cox probe for survival; all classification tasks use macro one-vs-rest AUROC and survival uses C-index.,https://arxiv.org/pdf/2512.14019v1,parsed_primary_source,"Protocol variant of pathobench.hancook.primarily-metastasis; shares task_identity_id and dataset_artifact_id but is kept separate because EXAONE reports macro-OvR AUROC for every classification task, including tasks whose current HF config uses bacc or weighted_kappa."
pathobench.exaone2025.hancook.primary-tumor-site,pathobench.exaone2025.hancook.primary-tumor-site,task.pathobench.hancook.primary-tumor-site,artifact.pathobench.hancook,pathobench,hancook,primary_tumor_site,morphological_subtyping,primary_tumor_site,case,classification,696,exaone2025_linear_probe,macro-ovr-auc,higher,EXAONE Path 2.5 Table 4 protocol: official Patho-Bench predefined 5-fold/50-fold splits; fixed THREADS-style logistic-regression linear probe for classification and Cox probe for survival; all classification tasks use macro one-vs-rest AUROC and survival uses C-index.,https://arxiv.org/pdf/2512.14019v1,parsed_primary_source,"Protocol variant of pathobench.hancook.primary-tumor-site; shares task_identity_id and dataset_artifact_id but is kept separate because EXAONE reports macro-OvR AUROC for every classification task, including tasks whose current HF config uses bacc or weighted_kappa."
pathobench.exaone2025.hancook.vascular-invasion-v,pathobench.exaone2025.hancook.vascular-invasion-v,task.pathobench.hancook.vascular-invasion-v,artifact.pathobench.hancook,pathobench,hancook,vascular_invasion_V,tme_characterization,vascular_invasion_V,case,classification,697,exaone2025_linear_probe,macro-ovr-auc,higher,EXAONE Path 2.5 Table 4 protocol: official Patho-Bench predefined 5-fold/50-fold splits; fixed THREADS-style logistic-regression linear probe for classification and Cox probe for survival; all classification tasks use macro one-vs-rest AUROC and survival uses C-index.,https://arxiv.org/pdf/2512.14019v1,parsed_primary_source,"Protocol variant of pathobench.hancook.vascular-invasion-v; shares task_identity_id and dataset_artifact_id but is kept separate because EXAONE reports macro-OvR AUROC for every classification task, including tasks whose current HF config uses bacc or weighted_kappa."
pathobench.exaone2025.herroi.response,pathobench.exaone2025.herroi.response,task.pathobench.herroi.response,artifact.pathobench.herroi,pathobench,herroi,response,treatment_response,response,slide,classification,85,exaone2025_linear_probe,macro-ovr-auc,higher,EXAONE Path 2.5 Table 4 protocol: official Patho-Bench predefined 5-fold/50-fold splits; fixed THREADS-style logistic-regression linear probe for classification and Cox probe for survival; all classification tasks use macro one-vs-rest AUROC and survival uses C-index.,https://arxiv.org/pdf/2512.14019v1,parsed_primary_source,"Protocol variant of pathobench.herroi.response; shares task_identity_id and dataset_artifact_id but is kept separate because EXAONE reports macro-OvR AUROC for every classification task, including tasks whose current HF config uses bacc or weighted_kappa."
pathobench.exaone2025.imp.grade,pathobench.exaone2025.imp.grade,task.pathobench.imp.grade,artifact.pathobench.imp,pathobench,imp,grade,tumor_grading,grade,slide,classification,5333,exaone2025_linear_probe,macro-ovr-auc,higher,EXAONE Path 2.5 Table 4 protocol: official Patho-Bench predefined 5-fold/50-fold splits; fixed THREADS-style logistic-regression linear probe for classification and Cox probe for survival; all classification tasks use macro one-vs-rest AUROC and survival uses C-index.,https://arxiv.org/pdf/2512.14019v1,parsed_primary_source,"Protocol variant of pathobench.imp.grade; shares task_identity_id and dataset_artifact_id but is kept separate because EXAONE reports macro-OvR AUROC for every classification task, including tasks whose current HF config uses bacc or weighted_kappa."
pathobench.exaone2025.mbc_.os,pathobench.exaone2025.mbc_.os,task.pathobench.mbc_.os,artifact.pathobench.mbc_,pathobench,mbc_,OS,survival_prediction,OS,case,survival,75,exaone2025_cox_probe,cindex,higher,EXAONE Path 2.5 Table 4 protocol: official Patho-Bench predefined 5-fold/50-fold splits; fixed THREADS-style logistic-regression linear probe for classification and Cox probe for survival; all classification tasks use macro one-vs-rest AUROC and survival uses C-index.,https://arxiv.org/pdf/2512.14019v1,parsed_primary_source,"Protocol variant of pathobench.mbc_.os; shares task_identity_id and dataset_artifact_id but is kept separate because EXAONE reports macro-OvR AUROC for every classification task, including tasks whose current HF config uses bacc or weighted_kappa."
pathobench.exaone2025.mbc_.recist,pathobench.exaone2025.mbc_.recist,task.pathobench.mbc_.recist,artifact.pathobench.mbc_,pathobench,mbc_,Recist,treatment_response,Recist,case,classification,76,exaone2025_linear_probe,macro-ovr-auc,higher,EXAONE Path 2.5 Table 4 protocol: official Patho-Bench predefined 5-fold/50-fold splits; fixed THREADS-style logistic-regression linear probe for classification and Cox probe for survival; all classification tasks use macro one-vs-rest AUROC and survival uses C-index.,https://arxiv.org/pdf/2512.14019v1,parsed_primary_source,"Protocol variant of pathobench.mbc_.recist; shares task_identity_id and dataset_artifact_id but is kept separate because EXAONE reports macro-OvR AUROC for every classification task, including tasks whose current HF config uses bacc or weighted_kappa."
pathobench.exaone2025.mut-het-rcc.bap1-mutation,pathobench.exaone2025.mut-het-rcc.bap1-mutation,task.pathobench.mut-het-rcc.bap1-mutation,artifact.pathobench.mut-het-rcc,pathobench,mut-het-rcc,BAP1_mutation,mutation_prediction,BAP1_mutation,case,classification,1291,exaone2025_linear_probe,macro-ovr-auc,higher,EXAONE Path 2.5 Table 4 protocol: official Patho-Bench predefined 5-fold/50-fold splits; fixed THREADS-style logistic-regression linear probe for classification and Cox probe for survival; all classification tasks use macro one-vs-rest AUROC and survival uses C-index.,https://arxiv.org/pdf/2512.14019v1,parsed_primary_source,"Protocol variant of pathobench.mut-het-rcc.bap1-mutation; shares task_identity_id and dataset_artifact_id but is kept separate because EXAONE reports macro-OvR AUROC for every classification task, including tasks whose current HF config uses bacc or weighted_kappa."
pathobench.exaone2025.mut-het-rcc.pbrm1-mutation,pathobench.exaone2025.mut-het-rcc.pbrm1-mutation,task.pathobench.mut-het-rcc.pbrm1-mutation,artifact.pathobench.mut-het-rcc,pathobench,mut-het-rcc,PBRM1_mutation,mutation_prediction,PBRM1_mutation,case,classification,1291,exaone2025_linear_probe,macro-ovr-auc,higher,EXAONE Path 2.5 Table 4 protocol: official Patho-Bench predefined 5-fold/50-fold splits; fixed THREADS-style logistic-regression linear probe for classification and Cox probe for survival; all classification tasks use macro one-vs-rest AUROC and survival uses C-index.,https://arxiv.org/pdf/2512.14019v1,parsed_primary_source,"Protocol variant of pathobench.mut-het-rcc.pbrm1-mutation; shares task_identity_id and dataset_artifact_id but is kept separate because EXAONE reports macro-OvR AUROC for every classification task, including tasks whose current HF config uses bacc or weighted_kappa."
pathobench.exaone2025.mut-het-rcc.setd2-mutation,pathobench.exaone2025.mut-het-rcc.setd2-mutation,task.pathobench.mut-het-rcc.setd2-mutation,artifact.pathobench.mut-het-rcc,pathobench,mut-het-rcc,SETD2_mutation,mutation_prediction,SETD2_mutation,case,classification,1291,exaone2025_linear_probe,macro-ovr-auc,higher,EXAONE Path 2.5 Table 4 protocol: official Patho-Bench predefined 5-fold/50-fold splits; fixed THREADS-style logistic-regression linear probe for classification and Cox probe for survival; all classification tasks use macro one-vs-rest AUROC and survival uses C-index.,https://arxiv.org/pdf/2512.14019v1,parsed_primary_source,"Protocol variant of pathobench.mut-het-rcc.setd2-mutation; shares task_identity_id and dataset_artifact_id but is kept separate because EXAONE reports macro-OvR AUROC for every classification task, including tasks whose current HF config uses bacc or weighted_kappa."
pathobench.exaone2025.nadt.response,pathobench.exaone2025.nadt.response,task.pathobench.nadt.response,artifact.pathobench.nadt,pathobench,nadt,response,treatment_response,response,case,classification,36,exaone2025_linear_probe,macro-ovr-auc,higher,EXAONE Path 2.5 Table 4 protocol: official Patho-Bench predefined 5-fold/50-fold splits; fixed THREADS-style logistic-regression linear probe for classification and Cox probe for survival; all classification tasks use macro one-vs-rest AUROC and survival uses C-index.,https://arxiv.org/pdf/2512.14019v1,parsed_primary_source,"Protocol variant of pathobench.nadt.response; shares task_identity_id and dataset_artifact_id but is kept separate because EXAONE reports macro-OvR AUROC for every classification task, including tasks whose current HF config uses bacc or weighted_kappa."
pathobench.exaone2025.natbrca.lymphovascular-invasion,pathobench.exaone2025.natbrca.lymphovascular-invasion,task.pathobench.natbrca.lymphovascular-invasion,artifact.pathobench.natbrca,pathobench,natbrca,lymphovascular_invasion,tme_characterization,lymphovascular_invasion,slide,classification,53,exaone2025_linear_probe,macro-ovr-auc,higher,EXAONE Path 2.5 Table 4 protocol: official Patho-Bench predefined 5-fold/50-fold splits; fixed THREADS-style logistic-regression linear probe for classification and Cox probe for survival; all classification tasks use macro one-vs-rest AUROC and survival uses C-index.,https://arxiv.org/pdf/2512.14019v1,parsed_primary_source,"Protocol variant of pathobench.natbrca.lymphovascular-invasion; shares task_identity_id and dataset_artifact_id but is kept separate because EXAONE reports macro-OvR AUROC for every classification task, including tasks whose current HF config uses bacc or weighted_kappa."
pathobench.exaone2025.ovarian.response,pathobench.exaone2025.ovarian.response,task.pathobench.ovarian.response,artifact.pathobench.ovarian,pathobench,ovarian,response,treatment_response,response,case,classification,36,exaone2025_linear_probe,macro-ovr-auc,higher,EXAONE Path 2.5 Table 4 protocol: official Patho-Bench predefined 5-fold/50-fold splits; fixed THREADS-style logistic-regression linear probe for classification and Cox probe for survival; all classification tasks use macro one-vs-rest AUROC and survival uses C-index.,https://arxiv.org/pdf/2512.14019v1,parsed_primary_source,"Protocol variant of pathobench.ovarian.response; shares task_identity_id and dataset_artifact_id but is kept separate because EXAONE reports macro-OvR AUROC for every classification task, including tasks whose current HF config uses bacc or weighted_kappa."
pathobench.exaone2025.panda.isup-grade,pathobench.exaone2025.panda.isup-grade,task.panda.isup_grade,artifact.pathobench.panda,pathobench,panda,isup_grade,tumor_grading,PANDA ISUP grade,slide,classification,9555,exaone2025_linear_probe,macro-ovr-auc,higher,EXAONE Path 2.5 Table 4 protocol: official Patho-Bench predefined 5-fold/50-fold splits; fixed THREADS-style logistic-regression linear probe for classification and Cox probe for survival; all classification tasks use macro one-vs-rest AUROC and survival uses C-index.,https://arxiv.org/pdf/2512.14019v1,parsed_primary_source,"Protocol variant of pathobench.panda.isup-grade; shares task_identity_id and dataset_artifact_id but is kept separate because EXAONE reports macro-OvR AUROC for every classification task, including tasks whose current HF config uses bacc or weighted_kappa."
pathobench.exaone2025.sr386_.braf-mutant-binary,pathobench.exaone2025.sr386_.braf-mutant-binary,task.pathobench.sr386_.braf-mutant-binary,artifact.pathobench.sr386_,pathobench,sr386_,braf_mutant_binary,mutation_prediction,braf_mutant_binary,case,classification,388,exaone2025_linear_probe,macro-ovr-auc,higher,EXAONE Path 2.5 Table 4 protocol: official Patho-Bench predefined 5-fold/50-fold splits; fixed THREADS-style logistic-regression linear probe for classification and Cox probe for survival; all classification tasks use macro one-vs-rest AUROC and survival uses C-index.,https://arxiv.org/pdf/2512.14019v1,parsed_primary_source,"Protocol variant of pathobench.sr386_.braf-mutant-binary; shares task_identity_id and dataset_artifact_id but is kept separate because EXAONE reports macro-OvR AUROC for every classification task, including tasks whose current HF config uses bacc or weighted_kappa."
pathobench.exaone2025.sr386_.died-within-5-years,pathobench.exaone2025.sr386_.died-within-5-years,task.pathobench.sr386_.died-within-5-years,artifact.pathobench.sr386_,pathobench,sr386_,died_within_5_years,survival_prediction,died_within_5_years,case,classification,387,exaone2025_linear_probe,macro-ovr-auc,higher,EXAONE Path 2.5 Table 4 protocol: official Patho-Bench predefined 5-fold/50-fold splits; fixed THREADS-style logistic-regression linear probe for classification and Cox probe for survival; all classification tasks use macro one-vs-rest AUROC and survival uses C-index.,https://arxiv.org/pdf/2512.14019v1,parsed_primary_source,"Protocol variant of pathobench.sr386_.died-within-5-years; shares task_identity_id and dataset_artifact_id but is kept separate because EXAONE reports macro-OvR AUROC for every classification task, including tasks whose current HF config uses bacc or weighted_kappa."
pathobench.exaone2025.sr386_.mmr-loss-binary,pathobench.exaone2025.sr386_.mmr-loss-binary,task.pathobench.sr386_.mmr-loss-binary,artifact.pathobench.sr386_,pathobench,sr386_,mmr_loss_binary,molecular_subtyping,mmr_loss_binary,case,classification,389,exaone2025_linear_probe,macro-ovr-auc,higher,EXAONE Path 2.5 Table 4 protocol: official Patho-Bench predefined 5-fold/50-fold splits; fixed THREADS-style logistic-regression linear probe for classification and Cox probe for survival; all classification tasks use macro one-vs-rest AUROC and survival uses C-index.,https://arxiv.org/pdf/2512.14019v1,parsed_primary_source,"Protocol variant of pathobench.sr386_.mmr-loss-binary; shares task_identity_id and dataset_artifact_id but is kept separate because EXAONE reports macro-OvR AUROC for every classification task, including tasks whose current HF config uses bacc or weighted_kappa."
pathobench.exaone2025.sr386_.os,pathobench.exaone2025.sr386_.os,task.pathobench.sr386_.os,artifact.pathobench.sr386_,pathobench,sr386_,OS,survival_prediction,OS,case,survival,144,exaone2025_cox_probe,cindex,higher,EXAONE Path 2.5 Table 4 protocol: official Patho-Bench predefined 5-fold/50-fold splits; fixed THREADS-style logistic-regression linear probe for classification and Cox probe for survival; all classification tasks use macro one-vs-rest AUROC and survival uses C-index.,https://arxiv.org/pdf/2512.14019v1,parsed_primary_source,"Protocol variant of pathobench.sr386_.os; shares task_identity_id and dataset_artifact_id but is kept separate because EXAONE reports macro-OvR AUROC for every classification task, including tasks whose current HF config uses bacc or weighted_kappa."
pathobench.exaone2025.sr386_.ras-mutant-binary,pathobench.exaone2025.sr386_.ras-mutant-binary,task.pathobench.sr386_.ras-mutant-binary,artifact.pathobench.sr386_,pathobench,sr386_,ras_mutant_binary,mutation_prediction,ras_mutant_binary,case,classification,389,exaone2025_linear_probe,macro-ovr-auc,higher,EXAONE Path 2.5 Table 4 protocol: official Patho-Bench predefined 5-fold/50-fold splits; fixed THREADS-style logistic-regression linear probe for classification and Cox probe for survival; all classification tasks use macro one-vs-rest AUROC and survival uses C-index.,https://arxiv.org/pdf/2512.14019v1,parsed_primary_source,"Protocol variant of pathobench.sr386_.ras-mutant-binary; shares task_identity_id and dataset_artifact_id but is kept separate because EXAONE reports macro-OvR AUROC for every classification task, including tasks whose current HF config uses bacc or weighted_kappa."
pathobench.exaone2025.visiomel.relapse-noprev-melanoma,pathobench.exaone2025.visiomel.relapse-noprev-melanoma,task.pathobench.visiomel.relapse-noprev-melanoma,artifact.pathobench.visiomel,pathobench,visiomel,relapse_noprev_melanoma,survival_prediction,relapse_noprev_melanoma,case,classification,584,exaone2025_linear_probe,macro-ovr-auc,higher,EXAONE Path 2.5 Table 4 protocol: official Patho-Bench predefined 5-fold/50-fold splits; fixed THREADS-style logistic-regression linear probe for classification and Cox probe for survival; all classification tasks use macro one-vs-rest AUROC and survival uses C-index.,https://arxiv.org/pdf/2512.14019v1,parsed_primary_source,"Protocol variant of pathobench.visiomel.relapse-noprev-melanoma; shares task_identity_id and dataset_artifact_id but is kept separate because EXAONE reports macro-OvR AUROC for every classification task, including tasks whose current HF config uses bacc or weighted_kappa."
pathobench.exaone2025.visiomel.relapse-overall,pathobench.exaone2025.visiomel.relapse-overall,task.pathobench.visiomel.relapse-overall,artifact.pathobench.visiomel,pathobench,visiomel,relapse_overall,survival_prediction,relapse_overall,case,classification,1341,exaone2025_linear_probe,macro-ovr-auc,higher,EXAONE Path 2.5 Table 4 protocol: official Patho-Bench predefined 5-fold/50-fold splits; fixed THREADS-style logistic-regression linear probe for classification and Cox probe for survival; all classification tasks use macro one-vs-rest AUROC and survival uses C-index.,https://arxiv.org/pdf/2512.14019v1,parsed_primary_source,"Protocol variant of pathobench.visiomel.relapse-overall; shares task_identity_id and dataset_artifact_id but is kept separate because EXAONE reports macro-OvR AUROC for every classification task, including tasks whose current HF config uses bacc or weighted_kappa."
pathobench.threads2025.bcnb.er,pathobench.threads2025.bcnb.er,task.pathobench.bcnb.er,artifact.pathobench.bcnb,pathobench,bcnb,er,molecular_subtyping,er,case,classification,1058,threads2025_balanced_linear_probe,macro-ovr-auc,higher,"THREADS Extended Data protocol: frozen representation, balanced linear probe with fixed cost 0.5 for classification or paper-reported CoxNet for survival, evaluated on the Patho-Bench-v1 public split/fold recipe.",https://arxiv.org/html/2501.16652v1#S0.T11,parsed_primary_source,"Public protocol variant of pathobench.bcnb.er, extracted from THREADS Extended Data Table 11; internal MGB tasks and supervised/fine-tuned rows are excluded."
pathobench.threads2025.bcnb.her2,pathobench.threads2025.bcnb.her2,task.pathobench.bcnb.her2,artifact.pathobench.bcnb,pathobench,bcnb,her2,molecular_subtyping,her2,case,classification,1058,threads2025_balanced_linear_probe,macro-ovr-auc,higher,"THREADS Extended Data protocol: frozen representation, balanced linear probe with fixed cost 0.5 for classification or paper-reported CoxNet for survival, evaluated on the Patho-Bench-v1 public split/fold recipe.",https://arxiv.org/html/2501.16652v1#S0.T11,parsed_primary_source,"Public protocol variant of pathobench.bcnb.her2, extracted from THREADS Extended Data Table 11; internal MGB tasks and supervised/fine-tuned rows are excluded."
pathobench.threads2025.bcnb.pr,pathobench.threads2025.bcnb.pr,task.pathobench.bcnb.pr,artifact.pathobench.bcnb,pathobench,bcnb,pr,molecular_subtyping,pr,case,classification,1058,threads2025_balanced_linear_probe,macro-ovr-auc,higher,"THREADS Extended Data protocol: frozen representation, balanced linear probe with fixed cost 0.5 for classification or paper-reported CoxNet for survival, evaluated on the Patho-Bench-v1 public split/fold recipe.",https://arxiv.org/html/2501.16652v1#S0.T11,parsed_primary_source,"Public protocol variant of pathobench.bcnb.pr, extracted from THREADS Extended Data Table 11; internal MGB tasks and supervised/fine-tuned rows are excluded."
pathobench.threads2025.boehmk_.pfs,pathobench.threads2025.boehmk_.pfs,task.pathobench.boehmk_.pfs,artifact.pathobench.boehmk_,pathobench,boehmk_,PFS,survival_prediction,PFS,case,survival,183,threads2025_coxnet,cindex,higher,"THREADS Extended Data protocol: frozen representation, balanced linear probe with fixed cost 0.5 for classification or paper-reported CoxNet for survival, evaluated on the Patho-Bench-v1 public split/fold recipe.",https://arxiv.org/html/2501.16652v1#S0.T37,parsed_primary_source,"Public protocol variant of pathobench.boehmk_.pfs, extracted from THREADS Extended Data Table 37; internal MGB tasks and supervised/fine-tuned rows are excluded."
pathobench.threads2025.bracs.slidelevel-coarse,pathobench.threads2025.bracs.slidelevel-coarse,task.pathobench.bracs.slidelevel-coarse,artifact.pathobench.bracs,pathobench,bracs,slidelevel_coarse,morphological_subtyping,slidelevel_coarse,slide,classification,547,threads2025_balanced_linear_probe,bacc,higher,"THREADS Extended Data protocol: frozen representation, balanced linear probe with fixed cost 0.5 for classification or paper-reported CoxNet for survival, evaluated on the Patho-Bench-v1 public split/fold recipe.",https://arxiv.org/html/2501.16652v1#S0.T23,parsed_primary_source,"Public protocol variant of pathobench.bracs.slidelevel-coarse, extracted from THREADS Extended Data Table 23; internal MGB tasks and supervised/fine-tuned rows are excluded."
pathobench.threads2025.bracs.slidelevel-fine,pathobench.threads2025.bracs.slidelevel-fine,task.pathobench.bracs.slidelevel-fine,artifact.pathobench.bracs,pathobench,bracs,slidelevel_fine,morphological_subtyping,slidelevel_fine,slide,classification,547,threads2025_balanced_linear_probe,bacc,higher,"THREADS Extended Data protocol: frozen representation, balanced linear probe with fixed cost 0.5 for classification or paper-reported CoxNet for survival, evaluated on the Patho-Bench-v1 public split/fold recipe.",https://arxiv.org/html/2501.16652v1#S0.T23,parsed_primary_source,"Public protocol variant of pathobench.bracs.slidelevel-fine, extracted from THREADS Extended Data Table 23; internal MGB tasks and supervised/fine-tuned rows are excluded."
pathobench.threads2025.cptac_brca.pik3ca-mutation,pathobench.threads2025.cptac_brca.pik3ca-mutation,task.pathobench.cptac_brca.pik3ca-mutation,artifact.pathobench.cptac_brca,pathobench,cptac_brca,PIK3CA_mutation,mutation_prediction,PIK3CA_mutation,case,classification,103,threads2025_balanced_linear_probe,macro-ovr-auc,higher,"THREADS Extended Data protocol: frozen representation, balanced linear probe with fixed cost 0.5 for classification or paper-reported CoxNet for survival, evaluated on the Patho-Bench-v1 public split/fold recipe.",https://arxiv.org/html/2501.16652v1#S0.T15,parsed_primary_source,"Public protocol variant of pathobench.cptac_brca.pik3ca-mutation, extracted from THREADS Extended Data Table 15; internal MGB tasks and supervised/fine-tuned rows are excluded."
pathobench.threads2025.cptac_brca.tp53-mutation,pathobench.threads2025.cptac_brca.tp53-mutation,task.pathobench.cptac_brca.tp53-mutation,artifact.pathobench.cptac_brca,pathobench,cptac_brca,TP53_mutation,mutation_prediction,TP53_mutation,case,classification,103,threads2025_balanced_linear_probe,macro-ovr-auc,higher,"THREADS Extended Data protocol: frozen representation, balanced linear probe with fixed cost 0.5 for classification or paper-reported CoxNet for survival, evaluated on the Patho-Bench-v1 public split/fold recipe.",https://arxiv.org/html/2501.16652v1#S0.T15,parsed_primary_source,"Public protocol variant of pathobench.cptac_brca.tp53-mutation, extracted from THREADS Extended Data Table 15; internal MGB tasks and supervised/fine-tuned rows are excluded."
pathobench.threads2025.cptac_ccrcc.bap1-mutation,pathobench.threads2025.cptac_ccrcc.bap1-mutation,task.pathobench.cptac_ccrcc.bap1-mutation,artifact.pathobench.cptac_ccrcc,pathobench,cptac_ccrcc,BAP1_mutation,mutation_prediction,BAP1_mutation,case,classification,103,threads2025_balanced_linear_probe,macro-ovr-auc,higher,"THREADS Extended Data protocol: frozen representation, balanced linear probe with fixed cost 0.5 for classification or paper-reported CoxNet for survival, evaluated on the Patho-Bench-v1 public split/fold recipe.",https://arxiv.org/html/2501.16652v1#S0.T16,parsed_primary_source,"Public protocol variant of pathobench.cptac_ccrcc.bap1-mutation, extracted from THREADS Extended Data Table 16; internal MGB tasks and supervised/fine-tuned rows are excluded."
pathobench.threads2025.cptac_ccrcc.os,pathobench.threads2025.cptac_ccrcc.os,task.pathobench.cptac_ccrcc.os,artifact.pathobench.cptac_ccrcc,pathobench,cptac_ccrcc,OS,survival_prediction,OS,case,survival,94,threads2025_coxnet,cindex,higher,"THREADS Extended Data protocol: frozen representation, balanced linear probe with fixed cost 0.5 for classification or paper-reported CoxNet for survival, evaluated on the Patho-Bench-v1 public split/fold recipe.",https://arxiv.org/html/2501.16652v1#S0.T33,parsed_primary_source,"Public protocol variant of pathobench.cptac_ccrcc.os, extracted from THREADS Extended Data Table 33; internal MGB tasks and supervised/fine-tuned rows are excluded."
pathobench.threads2025.cptac_ccrcc.pbrm1-mutation,pathobench.threads2025.cptac_ccrcc.pbrm1-mutation,task.pathobench.cptac_ccrcc.pbrm1-mutation,artifact.pathobench.cptac_ccrcc,pathobench,cptac_ccrcc,PBRM1_mutation,mutation_prediction,PBRM1_mutation,case,classification,103,threads2025_balanced_linear_probe,macro-ovr-auc,higher,"THREADS Extended Data protocol: frozen representation, balanced linear probe with fixed cost 0.5 for classification or paper-reported CoxNet for survival, evaluated on the Patho-Bench-v1 public split/fold recipe.",https://arxiv.org/html/2501.16652v1#S0.T16,parsed_primary_source,"Public protocol variant of pathobench.cptac_ccrcc.pbrm1-mutation, extracted from THREADS Extended Data Table 16; internal MGB tasks and supervised/fine-tuned rows are excluded."
pathobench.threads2025.cptac_coad.kras-mutation,pathobench.threads2025.cptac_coad.kras-mutation,task.pathobench.cptac_coad.kras-mutation,artifact.pathobench.cptac_coad,pathobench,cptac_coad,KRAS_mutation,mutation_prediction,KRAS_mutation,case,classification,94,threads2025_balanced_linear_probe,macro-ovr-auc,higher,"THREADS Extended Data protocol: frozen representation, balanced linear probe with fixed cost 0.5 for classification or paper-reported CoxNet for survival, evaluated on the Patho-Bench-v1 public split/fold recipe.",https://arxiv.org/html/2501.16652v1#S0.T17,parsed_primary_source,"Public protocol variant of pathobench.cptac_coad.kras-mutation, extracted from THREADS Extended Data Table 17; internal MGB tasks and supervised/fine-tuned rows are excluded."
pathobench.threads2025.cptac_coad.tp53-mutation,pathobench.threads2025.cptac_coad.tp53-mutation,task.pathobench.cptac_coad.tp53-mutation,artifact.pathobench.cptac_coad,pathobench,cptac_coad,TP53_mutation,mutation_prediction,TP53_mutation,case,classification,94,threads2025_balanced_linear_probe,macro-ovr-auc,higher,"THREADS Extended Data protocol: frozen representation, balanced linear probe with fixed cost 0.5 for classification or paper-reported CoxNet for survival, evaluated on the Patho-Bench-v1 public split/fold recipe.",https://arxiv.org/html/2501.16652v1#S0.T17,parsed_primary_source,"Public protocol variant of pathobench.cptac_coad.tp53-mutation, extracted from THREADS Extended Data Table 17; internal MGB tasks and supervised/fine-tuned rows are excluded."
pathobench.threads2025.cptac_gbm.egfr-mutation,pathobench.threads2025.cptac_gbm.egfr-mutation,task.pathobench.cptac_gbm.egfr-mutation,artifact.pathobench.cptac_gbm,pathobench,cptac_gbm,EGFR_mutation,mutation_prediction,EGFR_mutation,case,classification,99,threads2025_balanced_linear_probe,macro-ovr-auc,higher,"THREADS Extended Data protocol: frozen representation, balanced linear probe with fixed cost 0.5 for classification or paper-reported CoxNet for survival, evaluated on the Patho-Bench-v1 public split/fold recipe.",https://arxiv.org/html/2501.16652v1#S0.T18,parsed_primary_source,"Public protocol variant of pathobench.cptac_gbm.egfr-mutation, extracted from THREADS Extended Data Table 18; internal MGB tasks and supervised/fine-tuned rows are excluded."
pathobench.threads2025.cptac_gbm.tp53-mutation,pathobench.threads2025.cptac_gbm.tp53-mutation,task.pathobench.cptac_gbm.tp53-mutation,artifact.pathobench.cptac_gbm,pathobench,cptac_gbm,TP53_mutation,mutation_prediction,TP53_mutation,case,classification,99,threads2025_balanced_linear_probe,macro-ovr-auc,higher,"THREADS Extended Data protocol: frozen representation, balanced linear probe with fixed cost 0.5 for classification or paper-reported CoxNet for survival, evaluated on the Patho-Bench-v1 public split/fold recipe.",https://arxiv.org/html/2501.16652v1#S0.T18,parsed_primary_source,"Public protocol variant of pathobench.cptac_gbm.tp53-mutation, extracted from THREADS Extended Data Table 18; internal MGB tasks and supervised/fine-tuned rows are excluded."
pathobench.threads2025.cptac_hnsc.casp8-mutation,pathobench.threads2025.cptac_hnsc.casp8-mutation,task.pathobench.cptac_hnsc.casp8-mutation,artifact.pathobench.cptac_hnsc,pathobench,cptac_hnsc,CASP8_mutation,mutation_prediction,CASP8_mutation,case,classification,107,threads2025_balanced_linear_probe,macro-ovr-auc,higher,"THREADS Extended Data protocol: frozen representation, balanced linear probe with fixed cost 0.5 for classification or paper-reported CoxNet for survival, evaluated on the Patho-Bench-v1 public split/fold recipe.",https://arxiv.org/html/2501.16652v1#S0.T19,parsed_primary_source,"Public protocol variant of pathobench.cptac_hnsc.casp8-mutation, extracted from THREADS Extended Data Table 19; internal MGB tasks and supervised/fine-tuned rows are excluded."
pathobench.threads2025.cptac_hnsc.os,pathobench.threads2025.cptac_hnsc.os,task.pathobench.cptac_hnsc.os,artifact.pathobench.cptac_hnsc,pathobench,cptac_hnsc,OS,survival_prediction,OS,case,survival,102,threads2025_coxnet,cindex,higher,"THREADS Extended Data protocol: frozen representation, balanced linear probe with fixed cost 0.5 for classification or paper-reported CoxNet for survival, evaluated on the Patho-Bench-v1 public split/fold recipe.",https://arxiv.org/html/2501.16652v1#S0.T34,parsed_primary_source,"Public protocol variant of pathobench.cptac_hnsc.os, extracted from THREADS Extended Data Table 34; internal MGB tasks and supervised/fine-tuned rows are excluded."
pathobench.threads2025.cptac_lscc.arid1a-mutation,pathobench.threads2025.cptac_lscc.arid1a-mutation,task.pathobench.cptac_lscc.arid1a-mutation,artifact.pathobench.cptac_lscc,pathobench,cptac_lscc,ARID1A_mutation,mutation_prediction,ARID1A_mutation,case,classification,108,threads2025_balanced_linear_probe,macro-ovr-auc,higher,"THREADS Extended Data protocol: frozen representation, balanced linear probe with fixed cost 0.5 for classification or paper-reported CoxNet for survival, evaluated on the Patho-Bench-v1 public split/fold recipe.",https://arxiv.org/html/2501.16652v1#S0.T20,parsed_primary_source,"Public protocol variant of pathobench.cptac_lscc.arid1a-mutation, extracted from THREADS Extended Data Table 20; internal MGB tasks and supervised/fine-tuned rows are excluded."
pathobench.threads2025.cptac_lscc.keap1-mutation,pathobench.threads2025.cptac_lscc.keap1-mutation,task.pathobench.cptac_lscc.keap1-mutation,artifact.pathobench.cptac_lscc,pathobench,cptac_lscc,KEAP1_mutation,mutation_prediction,KEAP1_mutation,case,classification,108,threads2025_balanced_linear_probe,macro-ovr-auc,higher,"THREADS Extended Data protocol: frozen representation, balanced linear probe with fixed cost 0.5 for classification or paper-reported CoxNet for survival, evaluated on the Patho-Bench-v1 public split/fold recipe.",https://arxiv.org/html/2501.16652v1#S0.T20,parsed_primary_source,"Public protocol variant of pathobench.cptac_lscc.keap1-mutation, extracted from THREADS Extended Data Table 20; internal MGB tasks and supervised/fine-tuned rows are excluded."
pathobench.threads2025.cptac_luad.egfr-mutation,pathobench.threads2025.cptac_luad.egfr-mutation,task.pathobench.cptac_luad.egfr-mutation,artifact.pathobench.cptac_luad,pathobench,cptac_luad,EGFR_mutation,mutation_prediction,EGFR_mutation,case,classification,108,threads2025_balanced_linear_probe,macro-ovr-auc,higher,"THREADS Extended Data protocol: frozen representation, balanced linear probe with fixed cost 0.5 for classification or paper-reported CoxNet for survival, evaluated on the Patho-Bench-v1 public split/fold recipe.",https://arxiv.org/html/2501.16652v1#S0.T21,parsed_primary_source,"Public protocol variant of pathobench.cptac_luad.egfr-mutation, extracted from THREADS Extended Data Table 21; internal MGB tasks and supervised/fine-tuned rows are excluded."
pathobench.threads2025.cptac_luad.os,pathobench.threads2025.cptac_luad.os,task.pathobench.cptac_luad.os,artifact.pathobench.cptac_luad,pathobench,cptac_luad,OS,survival_prediction,OS,case,survival,105,threads2025_coxnet,cindex,higher,"THREADS Extended Data protocol: frozen representation, balanced linear probe with fixed cost 0.5 for classification or paper-reported CoxNet for survival, evaluated on the Patho-Bench-v1 public split/fold recipe.",https://arxiv.org/html/2501.16652v1#S0.T32,parsed_primary_source,"Public protocol variant of pathobench.cptac_luad.os, extracted from THREADS Extended Data Table 32; internal MGB tasks and supervised/fine-tuned rows are excluded."
pathobench.threads2025.cptac_luad.stk11-mutation,pathobench.threads2025.cptac_luad.stk11-mutation,task.pathobench.cptac_luad.stk11-mutation,artifact.pathobench.cptac_luad,pathobench,cptac_luad,STK11_mutation,mutation_prediction,STK11_mutation,case,classification,108,threads2025_balanced_linear_probe,macro-ovr-auc,higher,"THREADS Extended Data protocol: frozen representation, balanced linear probe with fixed cost 0.5 for classification or paper-reported CoxNet for survival, evaluated on the Patho-Bench-v1 public split/fold recipe.",https://arxiv.org/html/2501.16652v1#S0.T21,parsed_primary_source,"Public protocol variant of pathobench.cptac_luad.stk11-mutation, extracted from THREADS Extended Data Table 21; internal MGB tasks and supervised/fine-tuned rows are excluded."
pathobench.threads2025.cptac_luad.tp53-mutation,pathobench.threads2025.cptac_luad.tp53-mutation,task.pathobench.cptac_luad.tp53-mutation,artifact.pathobench.cptac_luad,pathobench,cptac_luad,TP53_mutation,mutation_prediction,TP53_mutation,case,classification,108,threads2025_balanced_linear_probe,macro-ovr-auc,higher,"THREADS Extended Data protocol: frozen representation, balanced linear probe with fixed cost 0.5 for classification or paper-reported CoxNet for survival, evaluated on the Patho-Bench-v1 public split/fold recipe.",https://arxiv.org/html/2501.16652v1#S0.T21,parsed_primary_source,"Public protocol variant of pathobench.cptac_luad.tp53-mutation, extracted from THREADS Extended Data Table 21; internal MGB tasks and supervised/fine-tuned rows are excluded."
pathobench.threads2025.cptac_pda.os,pathobench.threads2025.cptac_pda.os,task.pathobench.cptac_pda.os,artifact.pathobench.cptac_pda,pathobench,cptac_pda,OS,survival_prediction,OS,case,survival,97,threads2025_coxnet,cindex,higher,"THREADS Extended Data protocol: frozen representation, balanced linear probe with fixed cost 0.5 for classification or paper-reported CoxNet for survival, evaluated on the Patho-Bench-v1 public split/fold recipe.",https://arxiv.org/html/2501.16652v1#S0.T31,parsed_primary_source,"Public protocol variant of pathobench.cptac_pda.os, extracted from THREADS Extended Data Table 31; internal MGB tasks and supervised/fine-tuned rows are excluded."
pathobench.threads2025.cptac_pda.smad4-mutation,pathobench.threads2025.cptac_pda.smad4-mutation,task.pathobench.cptac_pda.smad4-mutation,artifact.pathobench.cptac_pda,pathobench,cptac_pda,SMAD4_mutation,mutation_prediction,SMAD4_mutation,case,classification,105,threads2025_balanced_linear_probe,macro-ovr-auc,higher,"THREADS Extended Data protocol: frozen representation, balanced linear probe with fixed cost 0.5 for classification or paper-reported CoxNet for survival, evaluated on the Patho-Bench-v1 public split/fold recipe.",https://arxiv.org/html/2501.16652v1#S0.T22,parsed_primary_source,"Public protocol variant of pathobench.cptac_pda.smad4-mutation, extracted from THREADS Extended Data Table 22; internal MGB tasks and supervised/fine-tuned rows are excluded."
pathobench.threads2025.ebrains.diagnosis,pathobench.threads2025.ebrains.diagnosis,task.pathobench.ebrains.diagnosis,artifact.pathobench.ebrains,pathobench,ebrains,diagnosis,morphological_subtyping,diagnosis,slide,classification,2319,threads2025_balanced_linear_probe,bacc,higher,"THREADS Extended Data protocol: frozen representation, balanced linear probe with fixed cost 0.5 for classification or paper-reported CoxNet for survival, evaluated on the Patho-Bench-v1 public split/fold recipe.",https://arxiv.org/html/2501.16652v1#S0.T24,parsed_primary_source,"Public protocol variant of pathobench.ebrains.diagnosis, extracted from THREADS Extended Data Table 24; internal MGB tasks and supervised/fine-tuned rows are excluded."
pathobench.threads2025.ebrains.diagnosis-group,pathobench.threads2025.ebrains.diagnosis-group,task.pathobench.ebrains.diagnosis-group,artifact.pathobench.ebrains,pathobench,ebrains,diagnosis_group,morphological_subtyping,diagnosis_group,slide,classification,2319,threads2025_balanced_linear_probe,bacc,higher,"THREADS Extended Data protocol: frozen representation, balanced linear probe with fixed cost 0.5 for classification or paper-reported CoxNet for survival, evaluated on the Patho-Bench-v1 public split/fold recipe.",https://arxiv.org/html/2501.16652v1#S0.T24,parsed_primary_source,"Public protocol variant of pathobench.ebrains.diagnosis-group, extracted from THREADS Extended Data Table 24; internal MGB tasks and supervised/fine-tuned rows are excluded."
pathobench.threads2025.imp.grade,pathobench.threads2025.imp.grade,task.pathobench.imp.grade,artifact.pathobench.imp,pathobench,imp,grade,tumor_grading,grade,slide,classification,5333,threads2025_balanced_linear_probe,weighted_kappa,higher,"THREADS Extended Data protocol: frozen representation, balanced linear probe with fixed cost 0.5 for classification or paper-reported CoxNet for survival, evaluated on the Patho-Bench-v1 public split/fold recipe.",https://arxiv.org/html/2501.16652v1#S0.T13,parsed_primary_source,"Public protocol variant of pathobench.imp.grade, extracted from THREADS Extended Data Table 13; internal MGB tasks and supervised/fine-tuned rows are excluded."
pathobench.threads2025.mbc_.os,pathobench.threads2025.mbc_.os,task.pathobench.mbc_.os,artifact.pathobench.mbc_,pathobench,mbc_,OS,survival_prediction,OS,case,survival,75,threads2025_coxnet,cindex,higher,"THREADS Extended Data protocol: frozen representation, balanced linear probe with fixed cost 0.5 for classification or paper-reported CoxNet for survival, evaluated on the Patho-Bench-v1 public split/fold recipe.",https://arxiv.org/html/2501.16652v1#S0.T36,parsed_primary_source,"Public protocol variant of pathobench.mbc_.os, extracted from THREADS Extended Data Table 36; internal MGB tasks and supervised/fine-tuned rows are excluded."
pathobench.threads2025.mbc_.recist,pathobench.threads2025.mbc_.recist,task.pathobench.mbc_.recist,artifact.pathobench.mbc_,pathobench,mbc_,Recist,treatment_response,Recist,case,classification,76,threads2025_balanced_linear_probe,weighted_kappa,higher,"THREADS Extended Data protocol: frozen representation, balanced linear probe with fixed cost 0.5 for classification or paper-reported CoxNet for survival, evaluated on the Patho-Bench-v1 public split/fold recipe.",https://arxiv.org/html/2501.16652v1#S0.T30,parsed_primary_source,"Public protocol variant of pathobench.mbc_.recist, extracted from THREADS Extended Data Table 30; internal MGB tasks and supervised/fine-tuned rows are excluded."
pathobench.threads2025.mut-het-rcc.bap1-mutation,pathobench.threads2025.mut-het-rcc.bap1-mutation,task.pathobench.mut-het-rcc.bap1-mutation,artifact.pathobench.mut-het-rcc,pathobench,mut-het-rcc,BAP1_mutation,mutation_prediction,BAP1_mutation,case,classification,1291,threads2025_balanced_linear_probe,macro-ovr-auc,higher,"THREADS Extended Data protocol: frozen representation, balanced linear probe with fixed cost 0.5 for classification or paper-reported CoxNet for survival, evaluated on the Patho-Bench-v1 public split/fold recipe.",https://arxiv.org/html/2501.16652v1#S0.T12,parsed_primary_source,"Public protocol variant of pathobench.mut-het-rcc.bap1-mutation, extracted from THREADS Extended Data Table 12; internal MGB tasks and supervised/fine-tuned rows are excluded."
pathobench.threads2025.mut-het-rcc.pbrm1-mutation,pathobench.threads2025.mut-het-rcc.pbrm1-mutation,task.pathobench.mut-het-rcc.pbrm1-mutation,artifact.pathobench.mut-het-rcc,pathobench,mut-het-rcc,PBRM1_mutation,mutation_prediction,PBRM1_mutation,case,classification,1291,threads2025_balanced_linear_probe,macro-ovr-auc,higher,"THREADS Extended Data protocol: frozen representation, balanced linear probe with fixed cost 0.5 for classification or paper-reported CoxNet for survival, evaluated on the Patho-Bench-v1 public split/fold recipe.",https://arxiv.org/html/2501.16652v1#S0.T12,parsed_primary_source,"Public protocol variant of pathobench.mut-het-rcc.pbrm1-mutation, extracted from THREADS Extended Data Table 12; internal MGB tasks and supervised/fine-tuned rows are excluded."
pathobench.threads2025.mut-het-rcc.setd2-mutation,pathobench.threads2025.mut-het-rcc.setd2-mutation,task.pathobench.mut-het-rcc.setd2-mutation,artifact.pathobench.mut-het-rcc,pathobench,mut-het-rcc,SETD2_mutation,mutation_prediction,SETD2_mutation,case,classification,1291,threads2025_balanced_linear_probe,macro-ovr-auc,higher,"THREADS Extended Data protocol: frozen representation, balanced linear probe with fixed cost 0.5 for classification or paper-reported CoxNet for survival, evaluated on the Patho-Bench-v1 public split/fold recipe.",https://arxiv.org/html/2501.16652v1#S0.T12,parsed_primary_source,"Public protocol variant of pathobench.mut-het-rcc.setd2-mutation, extracted from THREADS Extended Data Table 12; internal MGB tasks and supervised/fine-tuned rows are excluded."
pathobench.threads2025.nadt.response,pathobench.threads2025.nadt.response,task.pathobench.nadt.response,artifact.pathobench.nadt,pathobench,nadt,response,treatment_response,response,case,classification,36,threads2025_balanced_linear_probe,macro-ovr-auc,higher,"THREADS Extended Data protocol: frozen representation, balanced linear probe with fixed cost 0.5 for classification or paper-reported CoxNet for survival, evaluated on the Patho-Bench-v1 public split/fold recipe.",https://arxiv.org/html/2501.16652v1#S0.T26,parsed_primary_source,"Public protocol variant of pathobench.nadt.response, extracted from THREADS Extended Data Table 26; internal MGB tasks and supervised/fine-tuned rows are excluded."
pathobench.threads2025.natbrca.lymphovascular-invasion,pathobench.threads2025.natbrca.lymphovascular-invasion,task.pathobench.natbrca.lymphovascular-invasion,artifact.pathobench.natbrca,pathobench,natbrca,lymphovascular_invasion,tme_characterization,lymphovascular_invasion,slide,classification,53,threads2025_balanced_linear_probe,macro-ovr-auc,higher,"THREADS Extended Data protocol: frozen representation, balanced linear probe with fixed cost 0.5 for classification or paper-reported CoxNet for survival, evaluated on the Patho-Bench-v1 public split/fold recipe.",https://arxiv.org/html/2501.16652v1#S0.T28,parsed_primary_source,"Public protocol variant of pathobench.natbrca.lymphovascular-invasion, extracted from THREADS Extended Data Table 28; internal MGB tasks and supervised/fine-tuned rows are excluded."
pathobench.threads2025.ovarian.response,pathobench.threads2025.ovarian.response,task.pathobench.ovarian.response,artifact.pathobench.ovarian,pathobench,ovarian,response,treatment_response,response,case,classification,36,threads2025_balanced_linear_probe,macro-ovr-auc,higher,"THREADS Extended Data protocol: frozen representation, balanced linear probe with fixed cost 0.5 for classification or paper-reported CoxNet for survival, evaluated on the Patho-Bench-v1 public split/fold recipe.",https://arxiv.org/html/2501.16652v1#S0.T25,parsed_primary_source,"Public protocol variant of pathobench.ovarian.response, extracted from THREADS Extended Data Table 25; internal MGB tasks and supervised/fine-tuned rows are excluded."
pathobench.threads2025.panda.isup-grade,pathobench.threads2025.panda.isup-grade,task.panda.isup_grade,artifact.pathobench.panda,pathobench,panda,isup_grade,tumor_grading,PANDA ISUP grade,slide,classification,9555,threads2025_balanced_linear_probe,weighted_kappa,higher,"THREADS Extended Data protocol: frozen representation, balanced linear probe with fixed cost 0.5 for classification or paper-reported CoxNet for survival, evaluated on the Patho-Bench-v1 public split/fold recipe.",https://arxiv.org/html/2501.16652v1#S0.T14,parsed_primary_source,"Public protocol variant of pathobench.panda.isup-grade, extracted from THREADS Extended Data Table 14; internal MGB tasks and supervised/fine-tuned rows are excluded."
pathobench.threads2025.sr386_.braf-mutant-binary,pathobench.threads2025.sr386_.braf-mutant-binary,task.pathobench.sr386_.braf-mutant-binary,artifact.pathobench.sr386_,pathobench,sr386_,braf_mutant_binary,mutation_prediction,braf_mutant_binary,case,classification,388,threads2025_balanced_linear_probe,macro-ovr-auc,higher,"THREADS Extended Data protocol: frozen representation, balanced linear probe with fixed cost 0.5 for classification or paper-reported CoxNet for survival, evaluated on the Patho-Bench-v1 public split/fold recipe.",https://arxiv.org/html/2501.16652v1#S0.T29,parsed_primary_source,"Public protocol variant of pathobench.sr386_.braf-mutant-binary, extracted from THREADS Extended Data Table 29; internal MGB tasks and supervised/fine-tuned rows are excluded."
pathobench.threads2025.sr386_.died-within-5-years,pathobench.threads2025.sr386_.died-within-5-years,task.pathobench.sr386_.died-within-5-years,artifact.pathobench.sr386_,pathobench,sr386_,died_within_5_years,survival_prediction,died_within_5_years,case,classification,387,threads2025_balanced_linear_probe,macro-ovr-auc,higher,"THREADS Extended Data protocol: frozen representation, balanced linear probe with fixed cost 0.5 for classification or paper-reported CoxNet for survival, evaluated on the Patho-Bench-v1 public split/fold recipe.",https://arxiv.org/html/2501.16652v1#S0.T29,parsed_primary_source,"Public protocol variant of pathobench.sr386_.died-within-5-years, extracted from THREADS Extended Data Table 29; internal MGB tasks and supervised/fine-tuned rows are excluded."
pathobench.threads2025.sr386_.mmr-loss-binary,pathobench.threads2025.sr386_.mmr-loss-binary,task.pathobench.sr386_.mmr-loss-binary,artifact.pathobench.sr386_,pathobench,sr386_,mmr_loss_binary,molecular_subtyping,mmr_loss_binary,case,classification,389,threads2025_balanced_linear_probe,macro-ovr-auc,higher,"THREADS Extended Data protocol: frozen representation, balanced linear probe with fixed cost 0.5 for classification or paper-reported CoxNet for survival, evaluated on the Patho-Bench-v1 public split/fold recipe.",https://arxiv.org/html/2501.16652v1#S0.T29,parsed_primary_source,"Public protocol variant of pathobench.sr386_.mmr-loss-binary, extracted from THREADS Extended Data Table 29; internal MGB tasks and supervised/fine-tuned rows are excluded."
pathobench.threads2025.sr386_.os,pathobench.threads2025.sr386_.os,task.pathobench.sr386_.os,artifact.pathobench.sr386_,pathobench,sr386_,OS,survival_prediction,OS,case,survival,144,threads2025_coxnet,cindex,higher,"THREADS Extended Data protocol: frozen representation, balanced linear probe with fixed cost 0.5 for classification or paper-reported CoxNet for survival, evaluated on the Patho-Bench-v1 public split/fold recipe.",https://arxiv.org/html/2501.16652v1#S0.T35,parsed_primary_source,"Public protocol variant of pathobench.sr386_.os, extracted from THREADS Extended Data Table 35; internal MGB tasks and supervised/fine-tuned rows are excluded."
pathobench.threads2025.sr386_.ras-mutant-binary,pathobench.threads2025.sr386_.ras-mutant-binary,task.pathobench.sr386_.ras-mutant-binary,artifact.pathobench.sr386_,pathobench,sr386_,ras_mutant_binary,mutation_prediction,ras_mutant_binary,case,classification,389,threads2025_balanced_linear_probe,macro-ovr-auc,higher,"THREADS Extended Data protocol: frozen representation, balanced linear probe with fixed cost 0.5 for classification or paper-reported CoxNet for survival, evaluated on the Patho-Bench-v1 public split/fold recipe.",https://arxiv.org/html/2501.16652v1#S0.T29,parsed_primary_source,"Public protocol variant of pathobench.sr386_.ras-mutant-binary, extracted from THREADS Extended Data Table 29; internal MGB tasks and supervised/fine-tuned rows are excluded."
eva.leaderboard.bach.validation,eva.leaderboard.bach.validation,task.bach.four_class_classification,artifact.eva.bach,eva,bach,bach classification,classification,BACH four-class histology label,image,classification,not_reported,leaderboard_validation_classification,balanced_accuracy,higher,EVA pathology leaderboard; reported split=validation; reported metric=balanced_accuracy; mean over 5 runs. Config monitor metrics are checkpoint-selection metadata and are not substituted for the documented leaderboard metric.,https://github.com/kaiko-ai/eva/blob/e43e74a99b75660b0014f790f25a33dd9f11e121/configs/vision/pathology/offline/classification/bach.yaml,parsed_primary_source,Protocol-specific score column backed by classification/bach.yaml; kept distinct from the generic EVA config row and from other report splits.
eva.leaderboard.bracs.validation,eva.leaderboard.bracs.validation,task.bracs.seven_class_classification,artifact.eva.bracs,eva,bracs,bracs classification,classification,BRACS seven-class lesion label,image,classification,not_reported,leaderboard_validation_classification,balanced_accuracy,higher,EVA pathology leaderboard; reported split=validation; reported metric=balanced_accuracy; mean over 5 runs. Config monitor metrics are checkpoint-selection metadata and are not substituted for the documented leaderboard metric.,https://github.com/kaiko-ai/eva/blob/e43e74a99b75660b0014f790f25a33dd9f11e121/configs/vision/pathology/offline/classification/bracs.yaml,parsed_primary_source,Protocol-specific score column backed by classification/bracs.yaml; kept distinct from the generic EVA config row and from other report splits.
eva.leaderboard.breakhis.validation,eva.leaderboard.breakhis.validation,task.breakhis.selected_four_class_classification,artifact.eva.breakhis,eva,breakhis,breakhis classification,classification,BreakHis selected four-class subtype label,image,classification,not_reported,leaderboard_validation_classification,balanced_accuracy,higher,EVA pathology leaderboard; reported split=validation; reported metric=balanced_accuracy; mean over 5 runs. Config monitor metrics are checkpoint-selection metadata and are not substituted for the documented leaderboard metric.,https://github.com/kaiko-ai/eva/blob/e43e74a99b75660b0014f790f25a33dd9f11e121/configs/vision/pathology/offline/classification/breakhis.yaml,parsed_primary_source,Protocol-specific score column backed by classification/breakhis.yaml; kept distinct from the generic EVA config row and from other report splits.
eva.leaderboard.camelyon16_small.test,eva.leaderboard.camelyon16_small.test,task.eva.camelyon16_small.classification,artifact.eva.camelyon16_small,eva,camelyon16_small,camelyon16_small classification,classification,camelyon16_small classification target,slide,classification,not_reported,leaderboard_test_classification,balanced_accuracy,higher,EVA pathology leaderboard; reported split=test; reported metric=balanced_accuracy; mean over 20 runs. Config monitor metrics are checkpoint-selection metadata and are not substituted for the documented leaderboard metric.,https://github.com/kaiko-ai/eva/blob/e43e74a99b75660b0014f790f25a33dd9f11e121/configs/vision/pathology/offline/classification/camelyon16_small.yaml,parsed_primary_source,Protocol-specific score column backed by classification/camelyon16_small.yaml; kept distinct from the generic EVA config row and from other report splits.
eva.leaderboard.camelyon16_small.validation,eva.leaderboard.camelyon16_small.validation,task.eva.camelyon16_small.classification,artifact.eva.camelyon16_small,eva,camelyon16_small,camelyon16_small classification,classification,camelyon16_small classification target,slide,classification,not_reported,leaderboard_validation_classification,balanced_accuracy,higher,EVA pathology leaderboard; reported split=validation; reported metric=balanced_accuracy; mean over 20 runs. Config monitor metrics are checkpoint-selection metadata and are not substituted for the documented leaderboard metric.,https://github.com/kaiko-ai/eva/blob/e43e74a99b75660b0014f790f25a33dd9f11e121/configs/vision/pathology/offline/classification/camelyon16_small.yaml,parsed_primary_source,Protocol-specific score column backed by classification/camelyon16_small.yaml; kept distinct from the generic EVA config row and from other report splits.
eva.leaderboard.consep.validation,eva.leaderboard.consep.validation,task.eva.consep.consep-segmentation,artifact.eva.consep,eva,consep,consep segmentation,segmentation,consep segmentation target,image,segmentation,not_reported,leaderboard_validation_segmentation,dice,higher,EVA pathology leaderboard; reported split=validation; reported metric=dice; mean over 5 runs. Config monitor metrics are checkpoint-selection metadata and are not substituted for the documented leaderboard metric.,https://github.com/kaiko-ai/eva/blob/e43e74a99b75660b0014f790f25a33dd9f11e121/configs/vision/pathology/offline/segmentation/consep.yaml,parsed_primary_source,Protocol-specific score column backed by segmentation/consep.yaml; kept distinct from the generic EVA config row and from other report splits.
eva.leaderboard.crc.validation,eva.leaderboard.crc.validation,task.crc100k.nine_class_classification,artifact.eva.crc,eva,crc,crc classification,classification,CRC-100K nine-class tissue label,image,classification,not_reported,leaderboard_validation_classification,balanced_accuracy,higher,EVA pathology leaderboard; reported split=validation; reported metric=balanced_accuracy; mean over 5 runs. Config monitor metrics are checkpoint-selection metadata and are not substituted for the documented leaderboard metric.,https://github.com/kaiko-ai/eva/blob/e43e74a99b75660b0014f790f25a33dd9f11e121/configs/vision/pathology/offline/classification/crc.yaml,parsed_primary_source,Protocol-specific score column backed by classification/crc.yaml; kept distinct from the generic EVA config row and from other report splits.
eva.leaderboard.gleason_arvaniti.validation,eva.leaderboard.gleason_arvaniti.validation,task.eva.gleason_arvaniti.gleason-arvaniti-classification,artifact.eva.gleason_arvaniti,eva,gleason_arvaniti,gleason_arvaniti classification,classification,gleason_arvaniti classification target,image,classification,not_reported,leaderboard_validation_classification,balanced_accuracy,higher,EVA pathology leaderboard; reported split=validation; reported metric=balanced_accuracy; mean over 5 runs. Config monitor metrics are checkpoint-selection metadata and are not substituted for the documented leaderboard metric.,https://github.com/kaiko-ai/eva/blob/e43e74a99b75660b0014f790f25a33dd9f11e121/configs/vision/pathology/offline/classification/gleason_arvaniti.yaml,parsed_primary_source,Protocol-specific score column backed by classification/gleason_arvaniti.yaml; kept distinct from the generic EVA config row and from other report splits.
eva.leaderboard.mhist.test,eva.leaderboard.mhist.test,task.mhist.hp_vs_ssa_classification,artifact.eva.mhist,eva,mhist,mhist classification,classification,MHIST hyperplastic-polyp versus sessile-serrated-adenoma label,image,classification,not_reported,leaderboard_test_classification,balanced_accuracy,higher,EVA pathology leaderboard; reported split=test; reported metric=balanced_accuracy; mean over 5 runs. Config monitor metrics are checkpoint-selection metadata and are not substituted for the documented leaderboard metric.,https://github.com/kaiko-ai/eva/blob/e43e74a99b75660b0014f790f25a33dd9f11e121/configs/vision/pathology/offline/classification/mhist.yaml,parsed_primary_source,Protocol-specific score column backed by classification/mhist.yaml; kept distinct from the generic EVA config row and from other report splits.
eva.leaderboard.monusac.test,eva.leaderboard.monusac.test,task.eva.monusac.monusac-segmentation,artifact.eva.monusac,eva,monusac,monusac segmentation,segmentation,monusac segmentation target,image,segmentation,not_reported,leaderboard_test_segmentation,dice,higher,EVA pathology leaderboard; reported split=test; reported metric=dice; mean over 5 runs. Config monitor metrics are checkpoint-selection metadata and are not substituted for the documented leaderboard metric.,https://github.com/kaiko-ai/eva/blob/e43e74a99b75660b0014f790f25a33dd9f11e121/configs/vision/pathology/offline/segmentation/monusac.yaml,parsed_primary_source,Protocol-specific score column backed by segmentation/monusac.yaml; kept distinct from the generic EVA config row and from other report splits.
eva.leaderboard.panda_small.test,eva.leaderboard.panda_small.test,task.eva.panda_small.classification,artifact.eva.panda_small,eva,panda_small,panda_small classification,classification,panda_small classification target,slide,classification,not_reported,leaderboard_test_classification,balanced_accuracy,higher,EVA pathology leaderboard; reported split=test; reported metric=balanced_accuracy; mean over 20 runs. Config monitor metrics are checkpoint-selection metadata and are not substituted for the documented leaderboard metric.,https://github.com/kaiko-ai/eva/blob/e43e74a99b75660b0014f790f25a33dd9f11e121/configs/vision/pathology/offline/classification/panda_small.yaml,parsed_primary_source,Protocol-specific score column backed by classification/panda_small.yaml; kept distinct from the generic EVA config row and from other report splits.
eva.leaderboard.panda_small.validation,eva.leaderboard.panda_small.validation,task.eva.panda_small.classification,artifact.eva.panda_small,eva,panda_small,panda_small classification,classification,panda_small classification target,slide,classification,not_reported,leaderboard_validation_classification,balanced_accuracy,higher,EVA pathology leaderboard; reported split=validation; reported metric=balanced_accuracy; mean over 20 runs. Config monitor metrics are checkpoint-selection metadata and are not substituted for the documented leaderboard metric.,https://github.com/kaiko-ai/eva/blob/e43e74a99b75660b0014f790f25a33dd9f11e121/configs/vision/pathology/offline/classification/panda_small.yaml,parsed_primary_source,Protocol-specific score column backed by classification/panda_small.yaml; kept distinct from the generic EVA config row and from other report splits.
eva.leaderboard.patch_camelyon.test,eva.leaderboard.patch_camelyon.test,task.patchcamelyon.binary_metastasis_classification,artifact.eva.patch_camelyon,eva,patch_camelyon,patch_camelyon classification,classification,PatchCamelyon binary metastatic-tissue label,image,classification,not_reported,leaderboard_test_classification,balanced_accuracy,higher,EVA pathology leaderboard; reported split=test; reported metric=balanced_accuracy; mean over 5 runs. Config monitor metrics are checkpoint-selection metadata and are not substituted for the documented leaderboard metric.,https://github.com/kaiko-ai/eva/blob/e43e74a99b75660b0014f790f25a33dd9f11e121/configs/vision/pathology/offline/classification/patch_camelyon.yaml,parsed_primary_source,Protocol-specific score column backed by classification/patch_camelyon.yaml; kept distinct from the generic EVA config row and from other report splits.
eva.leaderboard.patch_camelyon.validation,eva.leaderboard.patch_camelyon.validation,task.patchcamelyon.binary_metastasis_classification,artifact.eva.patch_camelyon,eva,patch_camelyon,patch_camelyon classification,classification,PatchCamelyon binary metastatic-tissue label,image,classification,not_reported,leaderboard_validation_classification,balanced_accuracy,higher,EVA pathology leaderboard; reported split=validation; reported metric=balanced_accuracy; mean over 5 runs. Config monitor metrics are checkpoint-selection metadata and are not substituted for the documented leaderboard metric.,https://github.com/kaiko-ai/eva/blob/e43e74a99b75660b0014f790f25a33dd9f11e121/configs/vision/pathology/offline/classification/patch_camelyon.yaml,parsed_primary_source,Protocol-specific score column backed by classification/patch_camelyon.yaml; kept distinct from the generic EVA config row and from other report splits.
eva.leaderboard.patch_camelyon_10shot.test,eva.leaderboard.patch_camelyon_10shot.test,task.patchcamelyon.binary_metastasis_classification,artifact.eva.patch_camelyon,eva,patch_camelyon,patch_camelyon classification,classification,PatchCamelyon binary metastatic-tissue label,image,classification,not_reported,leaderboard_test_classification,balanced_accuracy,higher,EVA pathology leaderboard; reported split=test; reported metric=balanced_accuracy; mean over 5 runs. Config monitor metrics are checkpoint-selection metadata and are not substituted for the documented leaderboard metric.,https://github.com/kaiko-ai/eva/blob/e43e74a99b75660b0014f790f25a33dd9f11e121/configs/vision/pathology/offline/classification/patch_camelyon_10shot.yaml,parsed_primary_source,Protocol-specific score column backed by classification/patch_camelyon_10shot.yaml; kept distinct from the generic EVA config row and from other report splits.
