seed,fold,model_id,evaluation_id,suite_id,metric,actual_normalized_score,predicted_normalized_score,absolute_error,column_median_baseline
42,0,atlas,pathorob.camelyon.robustness_index,pathorob,robustness_index,78.500000,84.086558,5.586558,39.900000
42,0,ciga,pathorob.tcga_2x2.robustness_index,pathorob,robustness_index,51.100000,63.331416,12.231416,74.700000
42,0,clip-b,thunder.bach.linear_probing,thunder,f1,51.100000,48.097019,3.002981,69.300000
42,0,clip-b,thunder.bracs.linear_probing,thunder,f1,52.400000,51.475969,0.924031,60.100000
42,0,clip-b,thunder.spider_breast.linear_probing,thunder,f1,69.000000,72.125494,3.125494,83.100000
42,0,clip-b,thunder.esca.linear_probing,thunder,f1,61.000000,60.590238,0.409762,77.500000
42,0,clip-b,thunder.ccrcc.linear_probing,thunder,f1,73.700000,67.741047,5.958953,88.100000
42,0,clip-l,thunder.mhist.linear_probing,thunder,f1,79.600000,83.150575,3.550575,80.650000
42,0,clip-l,thunder.break_his.linear_probing,thunder,f1,54.500000,78.737863,24.237863,69.400000
42,0,clip-l,thunder.spider_breast.linear_probing,thunder,f1,73.600000,73.872923,0.272923,83.100000
42,0,clip-l,thunder.tcga_tils.linear_probing,thunder,f1,85.000000,85.921935,0.921935,90.100000
42,0,clip-l,thunder.spider_colorectal.linear_probing,thunder,f1,82.800000,83.548860,0.748860,88.350000
42,0,conch,hest.ccrcc.gene_expression,hest,pearson_r,60.900000,61.749513,0.849513,62.490000
42,0,conch,hest.paad.gene_expression,hest,pearson_r,72.340000,72.879630,0.539630,73.005000
42,0,conch,thunder.spider_colorectal.linear_probing,thunder,f1,87.900000,88.305763,0.405763,88.350000
42,0,conch,thunder.bracs.linear_probing,thunder,f1,60.000000,59.939309,0.060691,60.100000
42,0,conch,thunder.spider_breast.linear_probing,thunder,f1,82.100000,83.194655,1.094655,83.100000
42,0,conch,hest.read.gene_expression,hest,pearson_r,58.010000,57.883462,0.126538,58.115000
42,0,conch,thunder.tcga_crc_msi.linear_probing,thunder,f1,64.400000,63.459787,0.940213,64.900000
42,0,conch,thunder.tcga_tils.linear_probing,thunder,f1,88.100000,89.431401,1.331401,90.100000
42,0,conch,pathorob.tcga_2x2.robustness_index,pathorob,robustness_index,82.400000,77.169399,5.230601,74.700000
42,0,conch-1.5,hest.lymph_idc.gene_expression,hest,pearson_r,63.495000,62.530834,0.964166,62.535000
42,0,conch-1.5,thunder.spider_thorax.linear_probing,thunder,f1,92.100000,92.882141,0.782141,93.350000
42,0,conch-1.5,thunder.mhist.linear_probing,thunder,f1,81.200000,81.965334,0.765334,80.650000
42,0,conch-1.5,hest.ccrcc.gene_expression,hest,pearson_r,60.880000,61.809335,0.929335,62.490000
42,0,conch-1.5,thunder.wilds.linear_probing,thunder,f1,96.700000,96.874187,0.174187,95.200000
42,0,conch-1.5,thunder.tcga_uniform.linear_probing,thunder,f1,69.400000,72.379742,2.979742,72.700000
42,0,conch-1.5,pathorob.tcga_2x2.robustness_index,pathorob,robustness_index,83.200000,80.831204,2.368796,74.700000
42,0,conch-1.5,hest.skcm.gene_expression,hest,pearson_r,77.585000,79.131269,1.546269,79.085000
42,0,conch-1.5,thunder.bach.linear_probing,thunder,f1,76.800000,74.629985,2.170015,69.300000
42,0,ctranspath,hest.skcm.gene_expression,hest,pearson_r,75.485000,76.870414,1.385414,79.085000
42,0,ctranspath,hest.idc.gene_expression,hest,pearson_r,74.965000,76.394121,1.429121,77.675000
42,0,ctranspath,hest.prad.gene_expression,hest,pearson_r,67.755000,67.000095,0.754905,67.577500
42,0,ctranspath,pathorob.camelyon.robustness_index,pathorob,robustness_index,10.600000,14.447607,3.847607,39.900000
42,0,dinov2-b,thunder.bracs.linear_probing,thunder,f1,52.900000,55.781477,2.881477,60.100000
42,0,dinov2-b,thunder.spider_skin.linear_probing,thunder,f1,80.100000,80.714413,0.614413,87.300000
42,0,dinov2-b,thunder.crc.linear_probing,thunder,f1,90.300000,90.098640,0.201360,92.900000
42,0,dinov2-b,thunder.spider_colorectal.linear_probing,thunder,f1,83.900000,84.410750,0.510750,88.350000
42,0,dinov2-b,thunder.esca.linear_probing,thunder,f1,73.800000,69.717672,4.082328,77.500000
42,0,dinov2-l,thunder.esca.linear_probing,thunder,f1,72.100000,69.672313,2.427687,77.500000
42,0,dinov2-l,thunder.tcga_tils.linear_probing,thunder,f1,85.900000,86.578564,0.678564,90.100000
42,0,dinov2-l,thunder.break_his.linear_probing,thunder,f1,78.500000,75.213494,3.286506,69.400000
42,0,dinov2-l,thunder.tcga_uniform.linear_probing,thunder,f1,56.200000,54.477290,1.722710,72.700000
42,0,dinov2-l,thunder.patch_camelyon.linear_probing,thunder,f1,87.200000,86.484588,0.715412,90.750000
42,0,dinov3-b,thunder.spider_colorectal.linear_probing,thunder,f1,84.800000,84.920199,0.120199,88.350000
42,0,dinov3-b,thunder.bracs.linear_probing,thunder,f1,55.400000,56.541884,1.141884,60.100000
42,0,dinov3-b,thunder.ccrcc.linear_probing,thunder,f1,80.700000,80.675085,0.024915,88.100000
42,0,dinov3-b,thunder.spider_skin.linear_probing,thunder,f1,81.600000,81.804426,0.204426,87.300000
42,0,dinov3-b,thunder.mhist.linear_probing,thunder,f1,82.700000,83.485986,0.785986,80.650000
42,0,dinov3-l,thunder.spider_thorax.linear_probing,thunder,f1,90.100000,89.141372,0.958628,93.350000
42,0,dinov3-l,thunder.crc.linear_probing,thunder,f1,91.500000,90.846516,0.653484,92.900000
42,0,dinov3-l,thunder.bracs.linear_probing,thunder,f1,54.600000,56.931205,2.331205,60.100000
42,0,dinov3-l,thunder.esca.linear_probing,thunder,f1,76.000000,72.129036,3.870964,77.500000
42,0,dinov3-l,thunder.ccrcc.linear_probing,thunder,f1,82.500000,81.461531,1.038469,88.100000
42,0,dinov3-s,thunder.patch_camelyon.linear_probing,thunder,f1,86.500000,87.140633,0.640633,90.750000
42,0,dinov3-s,thunder.spider_colorectal.linear_probing,thunder,f1,85.000000,84.908588,0.091412,88.350000
42,0,dinov3-s,thunder.bach.linear_probing,thunder,f1,56.400000,65.575887,9.175887,69.300000
42,0,dinov3-s,thunder.spider_breast.linear_probing,thunder,f1,75.000000,76.299860,1.299860,83.100000
42,0,dinov3-s,thunder.crc.linear_probing,thunder,f1,91.400000,90.535792,0.864208,92.900000
42,0,genbio-pathfm,thunder.patch_camelyon.linear_probing,thunder,f1,93.800000,94.076156,0.276156,90.750000
42,0,genbio-pathfm,thunder.tcga_tils.linear_probing,thunder,f1,90.600000,91.347995,0.747995,90.100000
42,0,genbio-pathfm,thunder.crc.linear_probing,thunder,f1,95.600000,94.785593,0.814407,92.900000
42,0,genbio-pathfm,thunder.bach.linear_probing,thunder,f1,78.100000,81.607009,3.507009,69.300000
42,0,genbio-pathfm,hest.lung.gene_expression,hest,pearson_r,78.935000,78.164481,0.770519,77.360000
42,0,genbio-pathfm,hest.coad.gene_expression,hest,pearson_r,66.420000,64.659295,1.760705,62.785000
42,0,genbio-pathfm,thunder.esca.linear_probing,thunder,f1,84.700000,84.920980,0.220980,77.500000
42,0,genbio-pathfm,thunder.spider_breast.linear_probing,thunder,f1,86.200000,87.222452,1.022452,83.100000
42,0,gpfm,hest.idc.gene_expression,hest,pearson_r,78.300000,78.080876,0.219124,77.675000
42,0,gpfm,hest.skcm.gene_expression,hest,pearson_r,79.455000,79.606432,0.151432,79.085000
42,0,gpfm,hest.lymph_idc.gene_expression,hest,pearson_r,61.855000,62.507930,0.652930,62.535000
42,0,h-optimus-0,pathorob.tcga_2x2.robustness_index,pathorob,robustness_index,81.200000,81.201542,0.001542,74.700000
42,0,h-optimus-0,thunder.break_his.linear_probing,thunder,f1,66.000000,76.346066,10.346066,69.400000
42,0,h-optimus-0,hest.read.gene_expression,hest,pearson_r,61.080000,59.665052,1.414948,58.115000
42,0,h-optimus-0,pathorob.camelyon.robustness_index,pathorob,robustness_index,70.500000,77.801358,7.301358,39.900000
42,0,h-optimus-0,thunder.bracs.linear_probing,thunder,f1,61.100000,63.257307,2.157307,60.100000
42,0,h-optimus-0,hest.skcm.gene_expression,hest,pearson_r,82.270000,81.288652,0.981348,79.085000
42,0,h-optimus-0,hest.lung.gene_expression,hest,pearson_r,77.950000,78.006014,0.056014,77.360000
42,0,h-optimus-0,thunder.bach.linear_probing,thunder,f1,69.700000,79.976800,10.276800,69.300000
42,0,h-optimus-0,thunder.mhist.linear_probing,thunder,f1,82.800000,81.924047,0.875953,80.650000
42,0,h-optimus-1,thunder.wilds.linear_probing,thunder,f1,98.200000,98.302834,0.102834,95.200000
42,0,h-optimus-1,hest.prad.gene_expression,hest,pearson_r,68.905000,68.534081,0.370919,67.577500
42,0,h-optimus-1,thunder.tcga_tils.linear_probing,thunder,f1,91.000000,91.445229,0.445229,90.100000
42,0,h-optimus-1,thunder.esca.linear_probing,thunder,f1,87.100000,84.996501,2.103499,77.500000
42,0,h-optimus-1,thunder.crc.linear_probing,thunder,f1,94.600000,94.837390,0.237390,92.900000
42,0,h-optimus-1,hest.read.gene_expression,hest,pearson_r,62.105000,60.152530,1.952470,58.115000
42,0,h-optimus-1,thunder.spider_thorax.linear_probing,thunder,f1,93.600000,95.107780,1.507780,93.350000
42,0,h-optimus-1,thunder.ccrcc.linear_probing,thunder,f1,91.700000,91.967523,0.267523,88.100000
42,0,h0-mini,thunder.break_his.linear_probing,thunder,f1,69.000000,72.772144,3.772144,69.400000
42,0,h0-mini,thunder.crc.linear_probing,thunder,f1,95.800000,94.155495,1.644505,92.900000
42,0,h0-mini,thunder.patch_camelyon.linear_probing,thunder,f1,94.300000,93.183599,1.116401,90.750000
42,0,h0-mini,thunder.bracs.linear_probing,thunder,f1,60.700000,62.341066,1.641066,60.100000
42,0,h0-mini,hest.lymph_idc.gene_expression,hest,pearson_r,63.145000,62.925698,0.219302,62.535000
42,0,h0-mini,thunder.bach.linear_probing,thunder,f1,71.300000,77.862025,6.562025,69.300000
42,0,h0-mini,hest.paad.gene_expression,hest,pearson_r,74.595000,74.164358,0.430642,73.005000
42,0,h0-mini,thunder.spider_skin.linear_probing,thunder,f1,90.400000,91.348736,0.948736,87.300000
42,0,h0-mini,thunder.spider_breast.linear_probing,thunder,f1,86.000000,86.072033,0.072033,83.100000
42,0,hibou-b,thunder.tcga_uniform.linear_probing,thunder,f1,70.200000,75.869829,5.669829,72.700000
42,0,hibou-b,thunder.crc.linear_probing,thunder,f1,93.900000,93.574937,0.325063,92.900000
42,0,hibou-b,thunder.bracs.linear_probing,thunder,f1,61.700000,60.699077,1.000923,60.100000
42,0,hibou-b,thunder.mhist.linear_probing,thunder,f1,76.500000,77.645632,1.145632,80.650000
42,0,hibou-b,thunder.spider_thorax.linear_probing,thunder,f1,94.500000,93.569389,0.930611,93.350000
42,0,hibou-l,hest.paad.gene_expression,hest,pearson_r,73.370000,74.105218,0.735218,73.005000
42,0,hibou-l,thunder.spider_colorectal.linear_probing,thunder,f1,89.800000,89.897221,0.097221,88.350000
42,0,hibou-l,thunder.wilds.linear_probing,thunder,f1,98.100000,97.601842,0.498158,95.200000
42,0,hibou-l,hest.prad.gene_expression,hest,pearson_r,64.725000,67.869188,3.144188,67.577500
42,0,hibou-l,thunder.bach.linear_probing,thunder,f1,76.500000,77.194725,0.694725,69.300000
42,0,hibou-l,thunder.patch_camelyon.linear_probing,thunder,f1,93.300000,93.090784,0.209216,90.750000
42,0,hibou-l,thunder.bracs.linear_probing,thunder,f1,62.700000,62.118620,0.581380,60.100000
42,0,hibou-l,hest.read.gene_expression,hest,pearson_r,59.510000,59.282838,0.227162,58.115000
42,0,hipt,pathorob.tcga_2x2.robustness_index,pathorob,robustness_index,61.400000,69.098502,7.698502,74.700000
42,0,kaiko-vit-b-16,hest.ccrcc.gene_expression,hest,pearson_r,61.455000,61.346201,0.108799,62.490000
42,0,kaiko-vit-b-16,hest.lung.gene_expression,hest,pearson_r,75.780000,76.536144,0.756144,77.360000
42,0,kaiko-vit-b-16,hest.coad.gene_expression,hest,pearson_r,64.060000,62.284660,1.775340,62.785000
42,0,kaiko-vit-b-8,hest.idc.gene_expression,hest,pearson_r,77.995000,77.093661,0.901339,77.675000
42,0,kaiko-vit-b-8,pathorob.camelyon.robustness_index,pathorob,robustness_index,14.700000,40.894813,26.194813,39.900000
42,0,kaiko-vit-b-8,hest.read.gene_expression,hest,pearson_r,58.115000,57.095387,1.019613,58.115000
42,0,kaiko-vit-b-8,hest.skcm.gene_expression,hest,pearson_r,78.625000,77.865053,0.759947,79.085000
42,0,kaiko-vit-b-unspecified-patch,thunder.spider_breast.linear_probing,thunder,f1,81.900000,84.462956,2.562956,83.100000
42,0,kaiko-vit-b-unspecified-patch,thunder.patch_camelyon.linear_probing,thunder,f1,90.400000,91.931832,1.531832,90.750000
42,0,kaiko-vit-b-unspecified-patch,thunder.bracs.linear_probing,thunder,f1,59.400000,60.412911,1.012911,60.100000
42,0,kaiko-vit-b-unspecified-patch,thunder.mhist.linear_probing,thunder,f1,78.300000,79.425492,1.125492,80.650000
42,0,kaiko-vit-b-unspecified-patch,thunder.spider_colorectal.linear_probing,thunder,f1,88.500000,88.872459,0.372459,88.350000
42,0,kaiko-vit-l-14,hest.coad.gene_expression,hest,pearson_r,62.675000,62.234791,0.440209,62.785000
42,0,kaiko-vit-l-14,hest.paad.gene_expression,hest,pearson_r,71.860000,72.089611,0.229611,73.005000
42,0,kaiko-vit-l-14,hest.skcm.gene_expression,hest,pearson_r,77.665000,77.730885,0.065885,79.085000
42,0,kaiko-vit-s-16,hest.paad.gene_expression,hest,pearson_r,72.045000,71.264040,0.780960,73.005000
42,0,kaiko-vit-s-16,hest.lung.gene_expression,hest,pearson_r,75.150000,76.028026,0.878026,77.360000
42,0,kaiko-vit-s-16,hest.lymph_idc.gene_expression,hest,pearson_r,61.245000,61.687580,0.442580,62.535000
42,0,kaiko-vit-s-8,hest.ccrcc.gene_expression,hest,pearson_r,61.730000,60.774286,0.955714,62.490000
42,0,kaiko-vit-s-8,hest.lymph_idc.gene_expression,hest,pearson_r,62.315000,61.714664,0.600336,62.535000
42,0,kaiko-vit-s-8,hest.lung.gene_expression,hest,pearson_r,75.265000,76.082728,0.817728,77.360000
42,0,kaiko-vit-s-unspecified-patch,thunder.tcga_crc_msi.linear_probing,thunder,f1,62.600000,63.300515,0.700515,64.900000
42,0,kaiko-vit-s-unspecified-patch,thunder.ccrcc.linear_probing,thunder,f1,84.900000,86.754292,1.854292,88.100000
42,0,kaiko-vit-s-unspecified-patch,thunder.spider_thorax.linear_probing,thunder,f1,93.100000,92.427510,0.672490,93.350000
42,0,kaiko-vit-s-unspecified-patch,thunder.tcga_uniform.linear_probing,thunder,f1,75.700000,70.634590,5.065410,72.700000
42,0,kaiko-vit-s-unspecified-patch,thunder.break_his.linear_probing,thunder,f1,69.400000,72.764433,3.364433,69.400000
42,0,kang-dino,pathorob.tolkach_esca.robustness_index,pathorob,robustness_index,83.200000,80.251987,2.948013,90.200000
42,0,keep,thunder.esca.linear_probing,thunder,f1,85.800000,81.466049,4.333951,77.500000
42,0,keep,thunder.spider_skin.linear_probing,thunder,f1,89.300000,90.985234,1.685234,87.300000
42,0,keep,thunder.tcga_tils.linear_probing,thunder,f1,89.900000,90.524000,0.624000,90.100000
42,0,keep,thunder.crc.linear_probing,thunder,f1,94.700000,93.895042,0.804958,92.900000
42,0,keep,thunder.bracs.linear_probing,thunder,f1,62.200000,61.430413,0.769587,60.100000
42,0,lunit-vit-s-8,hest.prad.gene_expression,hest,pearson_r,64.145000,67.362128,3.217128,67.577500
42,0,lunit-vit-s-8,hest.read.gene_expression,hest,pearson_r,58.050000,57.331237,0.718763,58.115000
42,0,lunit-vit-s-8,hest.lung.gene_expression,hest,pearson_r,77.075000,76.688329,0.386671,77.360000
42,0,midnight,thunder.mhist.linear_probing,thunder,f1,80.200000,79.579156,0.620844,80.650000
42,0,midnight,hest.coad.gene_expression,hest,pearson_r,64.540000,64.207272,0.332728,62.785000
42,0,midnight,thunder.tcga_uniform.linear_probing,thunder,f1,85.200000,79.265270,5.934730,72.700000
42,0,midnight,thunder.wilds.linear_probing,thunder,f1,98.300000,97.704624,0.595376,95.200000
42,0,midnight,hest.idc.gene_expression,hest,pearson_r,79.115000,79.116315,0.001315,77.675000
42,0,midnight,hest.skcm.gene_expression,hest,pearson_r,81.800000,81.298678,0.501322,79.085000
42,0,midnight,thunder.spider_colorectal.linear_probing,thunder,f1,89.600000,90.212711,0.612711,88.350000
42,0,midnight,thunder.spider_thorax.linear_probing,thunder,f1,94.400000,94.435969,0.035969,93.350000
42,0,musk,thunder.spider_skin.linear_probing,thunder,f1,87.600000,86.038227,1.561773,87.300000
42,0,musk,thunder.ccrcc.linear_probing,thunder,f1,85.300000,84.161414,1.138586,88.100000
42,0,musk,hest.lung.gene_expression,hest,pearson_r,75.855000,76.445683,0.590683,77.360000
42,0,musk,hest.idc.gene_expression,hest,pearson_r,76.240000,76.897353,0.657353,77.675000
42,0,musk,thunder.bach.linear_probing,thunder,f1,69.900000,69.070470,0.829530,69.300000
42,0,musk,hest.prad.gene_expression,hest,pearson_r,67.150000,68.812478,1.662478,67.577500
42,0,musk,thunder.tcga_uniform.linear_probing,thunder,f1,66.000000,65.380333,0.619667,72.700000
42,0,musk,pathorob.tcga_2x2.robustness_index,pathorob,robustness_index,72.700000,78.310934,5.610934,74.700000
42,0,musk,thunder.tcga_crc_msi.linear_probing,thunder,f1,63.200000,60.936348,2.263652,64.900000
42,0,openmidnight,hest.skcm.gene_expression,hest,pearson_r,79.705000,80.494226,0.789226,79.085000
42,0,openmidnight,hest.read.gene_expression,hest,pearson_r,58.810000,59.060567,0.250567,58.115000
42,0,openmidnight,hest.coad.gene_expression,hest,pearson_r,63.640000,63.915336,0.275336,62.785000
42,0,openmidnight,hest.idc.gene_expression,hest,pearson_r,79.350000,78.714899,0.635101,77.675000
42,0,openmidnight,thunder.bracs.linear_probing,thunder,f1,59.400000,62.071238,2.671238,60.100000
42,0,openmidnight,hest.paad.gene_expression,hest,pearson_r,73.655000,73.946907,0.291907,73.005000
42,0,openmidnight,hest.ccrcc.gene_expression,hest,pearson_r,62.290000,62.488826,0.198826,62.490000
42,0,openmidnight,thunder.tcga_uniform.linear_probing,thunder,f1,82.800000,77.133150,5.666850,72.700000
42,0,phikon,thunder.break_his.linear_probing,thunder,f1,60.000000,56.241816,3.758184,69.400000
42,0,phikon,hest.paad.gene_expression,hest,pearson_r,72.125000,73.125240,1.000240,73.005000
42,0,phikon,thunder.spider_thorax.linear_probing,thunder,f1,92.400000,92.561730,0.161730,93.350000
42,0,phikon,thunder.wilds.linear_probing,thunder,f1,97.800000,96.019843,1.780157,95.200000
42,0,phikon,hest.skcm.gene_expression,hest,pearson_r,76.775000,79.402008,2.627008,79.085000
42,0,phikon,hest.idc.gene_expression,hest,pearson_r,76.635000,77.885375,1.250375,77.675000
42,0,phikon,thunder.bracs.linear_probing,thunder,f1,56.900000,59.369127,2.469127,60.100000
42,0,phikon,thunder.spider_skin.linear_probing,thunder,f1,87.900000,88.611557,0.711557,87.300000
42,0,phikon,thunder.crc.linear_probing,thunder,f1,92.100000,92.859886,0.759886,92.900000
42,0,phikon-v2,thunder.spider_breast.linear_probing,thunder,f1,86.000000,83.620804,2.379196,83.100000
42,0,phikon-v2,thunder.patch_camelyon.linear_probing,thunder,f1,90.800000,91.009659,0.209659,90.750000
42,0,phikon-v2,hest.lung.gene_expression,hest,pearson_r,77.095000,77.031277,0.063723,77.360000
42,0,phikon-v2,hest.paad.gene_expression,hest,pearson_r,72.275000,73.000380,0.725380,73.005000
42,0,phikon-v2,hest.skcm.gene_expression,hest,pearson_r,77.770000,79.232420,1.462420,79.085000
42,0,phikon-v2,thunder.tcga_tils.linear_probing,thunder,f1,91.000000,89.289490,1.710510,90.100000
42,0,phikon-v2,thunder.wilds.linear_probing,thunder,f1,95.800000,95.680165,0.119835,95.200000
42,0,phikon-v2,thunder.spider_colorectal.linear_probing,thunder,f1,89.700000,88.125616,1.574384,88.350000
42,0,phikon-v2,hest.prad.gene_expression,hest,pearson_r,67.725000,65.638368,2.086632,67.577500
42,0,plip,thunder.tcga_tils.linear_probing,thunder,f1,87.200000,86.643153,0.556847,90.100000
42,0,plip,thunder.tcga_crc_msi.linear_probing,thunder,f1,56.000000,56.319795,0.319795,64.900000
42,0,plip,thunder.esca.linear_probing,thunder,f1,65.700000,68.377080,2.677080,77.500000
42,0,plip,thunder.bach.linear_probing,thunder,f1,63.900000,57.853529,6.046471,69.300000
42,0,plip,thunder.spider_thorax.linear_probing,thunder,f1,88.600000,88.098822,0.501178,93.350000
42,0,prov-gigapath,thunder.mhist.linear_probing,thunder,f1,81.700000,80.046300,1.653700,80.650000
42,0,prov-gigapath,thunder.spider_thorax.linear_probing,thunder,f1,93.800000,93.479630,0.320370,93.350000
42,0,prov-gigapath,hest.coad.gene_expression,hest,pearson_r,64.960000,63.617224,1.342776,62.785000
42,0,prov-gigapath,thunder.bach.linear_probing,thunder,f1,70.700000,74.661430,3.961430,69.300000
42,0,prov-gigapath,hest.paad.gene_expression,hest,pearson_r,73.730000,73.614021,0.115979,73.005000
42,0,prov-gigapath,thunder.break_his.linear_probing,thunder,f1,65.400000,67.639910,2.239910,69.400000
42,0,prov-gigapath,thunder.spider_breast.linear_probing,thunder,f1,85.500000,84.973171,0.526829,83.100000
42,0,prov-gigapath,pathorob.tcga_2x2.robustness_index,pathorob,robustness_index,73.800000,75.094087,1.294087,74.700000
42,0,prov-gigapath,thunder.tcga_tils.linear_probing,thunder,f1,89.100000,90.132053,1.032053,90.100000
42,0,quiltnet,thunder.bracs.linear_probing,thunder,f1,55.900000,55.093070,0.806930,60.100000
42,0,quiltnet,thunder.mhist.linear_probing,thunder,f1,73.500000,79.177378,5.677378,80.650000
42,0,quiltnet,thunder.tcga_tils.linear_probing,thunder,f1,87.000000,86.612676,0.387324,90.100000
42,0,quiltnet,thunder.patch_camelyon.linear_probing,thunder,f1,87.400000,86.451326,0.948674,90.750000
42,0,quiltnet,thunder.spider_thorax.linear_probing,thunder,f1,88.500000,88.060248,0.439752,93.350000
42,0,resnet50,hest.skcm.gene_expression,hest,pearson_r,74.105000,74.670918,0.565918,79.085000
42,0,resnet50,hest.prad.gene_expression,hest,pearson_r,65.220000,65.465916,0.245916,67.577500
42,0,resnet50,hest.ccrcc.gene_expression,hest,pearson_r,61.260000,60.574420,0.685580,62.490000
42,0,retccl,pathorob.tcga_2x2.robustness_index,pathorob,robustness_index,59.300000,73.264436,13.964436,74.700000
42,0,rudolfv,pathorob.tcga_2x2.robustness_index,pathorob,robustness_index,58.700000,64.113633,5.413633,74.700000
42,0,uni,thunder.mhist.linear_probing,thunder,f1,82.400000,78.514592,3.885408,80.650000
42,0,uni,hest.lung.gene_expression,hest,pearson_r,77.320000,77.726041,0.406041,77.360000
42,0,uni,hest.read.gene_expression,hest,pearson_r,59.180000,59.389153,0.209153,58.115000
42,0,uni,thunder.crc.linear_probing,thunder,f1,93.100000,93.848931,0.748931,92.900000
42,0,uni,thunder.wilds.linear_probing,thunder,f1,97.200000,97.222980,0.022980,95.200000
42,0,uni,thunder.patch_camelyon.linear_probing,thunder,f1,93.800000,92.806873,0.993127,90.750000
42,0,uni,thunder.tcga_uniform.linear_probing,thunder,f1,75.300000,77.167778,1.867778,72.700000
42,0,uni,thunder.spider_colorectal.linear_probing,thunder,f1,90.400000,89.670967,0.729033,88.350000
42,0,uni,hest.paad.gene_expression,hest,pearson_r,74.035000,74.129551,0.094551,73.005000
42,0,uni2-h,thunder.break_his.linear_probing,thunder,f1,78.400000,70.331903,8.068097,69.400000
42,0,uni2-h,thunder.spider_skin.linear_probing,thunder,f1,92.500000,93.035031,0.535031,87.300000
42,0,uni2-h,pathorob.camelyon.robustness_index,pathorob,robustness_index,54.400000,48.433088,5.966912,39.900000
42,0,uni2-h,thunder.tcga_crc_msi.linear_probing,thunder,f1,66.900000,69.438624,2.538624,64.900000
42,0,uni2-h,thunder.spider_colorectal.linear_probing,thunder,f1,90.500000,91.072856,0.572856,88.350000
42,0,uni2-h,thunder.spider_breast.linear_probing,thunder,f1,86.700000,88.088396,1.388396,83.100000
42,0,uni2-h,thunder.tcga_uniform.linear_probing,thunder,f1,78.800000,82.570246,3.770246,72.700000
42,0,uni2-h,pathorob.tcga_2x2.robustness_index,pathorob,robustness_index,80.300000,77.058095,3.241905,74.700000
42,0,uni2-h,thunder.esca.linear_probing,thunder,f1,86.400000,85.058613,1.341387,77.500000
42,0,virchow,thunder.tcga_tils.linear_probing,thunder,f1,90.700000,90.798764,0.098764,90.100000
42,0,virchow,hest.coad.gene_expression,hest,pearson_r,65.395000,64.131304,1.263696,62.785000
42,0,virchow,thunder.mhist.linear_probing,thunder,f1,82.300000,79.997577,2.302423,80.650000
42,0,virchow,thunder.spider_thorax.linear_probing,thunder,f1,94.700000,94.330079,0.369921,93.350000
42,0,virchow,thunder.spider_colorectal.linear_probing,thunder,f1,90.200000,90.098576,0.101424,88.350000
42,0,virchow,thunder.spider_skin.linear_probing,thunder,f1,91.300000,91.550461,0.250461,87.300000
42,0,virchow,hest.lung.gene_expression,hest,pearson_r,78.320000,77.884253,0.435747,77.360000
42,0,virchow,thunder.tcga_crc_msi.linear_probing,thunder,f1,65.500000,67.192575,1.692575,64.900000
42,0,virchow,pathorob.tcga_2x2.robustness_index,pathorob,robustness_index,76.100000,75.393862,0.706138,74.700000
42,0,virchow-2,thunder.tcga_uniform.linear_probing,thunder,f1,78.400000,80.784098,2.384098,72.700000
42,0,virchow-2,thunder.patch_camelyon.linear_probing,thunder,f1,92.800000,93.905908,1.105908,90.750000
42,0,virchow-2,thunder.spider_breast.linear_probing,thunder,f1,87.200000,87.122923,0.077077,83.100000
42,0,virchow-2,thunder.spider_skin.linear_probing,thunder,f1,92.000000,92.403088,0.403088,87.300000
42,0,virchow-2,hest.prad.gene_expression,hest,pearson_r,67.645000,68.644529,0.999529,67.577500
42,0,virchow-2,thunder.wilds.linear_probing,thunder,f1,90.000000,98.163971,8.163971,95.200000
42,0,virchow-2,thunder.mhist.linear_probing,thunder,f1,83.600000,81.843382,1.756618,80.650000
42,0,virchow-2,hest.coad.gene_expression,hest,pearson_r,62.905000,64.538835,1.633835,62.785000
42,0,virchow-2,hest.lung.gene_expression,hest,pearson_r,78.425000,78.112156,0.312844,77.360000
42,0,vit-b,thunder.mhist.linear_probing,thunder,f1,77.600000,77.286162,0.313838,80.650000
42,0,vit-b,thunder.tcga_uniform.linear_probing,thunder,f1,53.400000,56.041469,2.641469,72.700000
42,0,vit-b,thunder.break_his.linear_probing,thunder,f1,64.500000,52.486998,12.013002,69.400000
42,0,vit-b,thunder.bracs.linear_probing,thunder,f1,56.600000,54.854643,1.745357,60.100000
42,0,vit-b,thunder.tcga_tils.linear_probing,thunder,f1,85.800000,86.714315,0.914315,90.100000
42,0,vit-l,thunder.ccrcc.linear_probing,thunder,f1,77.100000,79.514504,2.414504,88.100000
42,0,vit-l,thunder.mhist.linear_probing,thunder,f1,79.800000,79.962315,0.162315,80.650000
42,0,vit-l,thunder.spider_thorax.linear_probing,thunder,f1,88.500000,88.996488,0.496488,93.350000
42,0,vit-l,thunder.bach.linear_probing,thunder,f1,56.900000,62.505731,5.605731,69.300000
42,0,vit-l,thunder.tcga_crc_msi.linear_probing,thunder,f1,56.800000,57.678492,0.878492,64.900000
42,1,atlas,pathorob.tcga_2x2.robustness_index,pathorob,robustness_index,82.600000,79.354212,3.245788,74.950000
42,1,ciga,pathorob.tolkach_esca.robustness_index,pathorob,robustness_index,69.300000,82.140647,12.840647,89.600000
42,1,clip-b,thunder.tcga_tils.linear_probing,thunder,f1,83.800000,84.377632,0.577632,89.900000
42,1,clip-b,thunder.tcga_uniform.linear_probing,thunder,f1,47.900000,45.339296,2.560704,74.600000
42,1,clip-b,thunder.wilds.linear_probing,thunder,f1,83.500000,88.396213,4.896213,97.100000
42,1,clip-b,thunder.spider_thorax.linear_probing,thunder,f1,84.700000,86.105090,1.405090,93.100000
42,1,clip-b,thunder.break_his.linear_probing,thunder,f1,40.000000,56.013881,16.013881,67.200000
42,1,clip-l,thunder.tcga_crc_msi.linear_probing,thunder,f1,52.000000,55.954708,3.954708,64.650000
42,1,clip-l,thunder.spider_skin.linear_probing,thunder,f1,78.500000,78.617837,0.117837,88.600000
42,1,clip-l,thunder.ccrcc.linear_probing,thunder,f1,75.900000,75.979478,0.079478,84.900000
42,1,clip-l,thunder.bach.linear_probing,thunder,f1,63.500000,55.754865,7.745135,69.800000
42,1,clip-l,thunder.wilds.linear_probing,thunder,f1,93.200000,91.515419,1.684581,97.100000
42,1,conch,thunder.bach.linear_probing,thunder,f1,84.400000,70.455417,13.944583,69.800000
42,1,conch,thunder.spider_skin.linear_probing,thunder,f1,87.300000,87.801420,0.501420,88.600000
42,1,conch,hest.lung.gene_expression,hest,pearson_r,76.610000,76.742643,0.132643,77.085000
42,1,conch,hest.coad.gene_expression,hest,pearson_r,62.445000,63.864931,1.419931,64.060000
42,1,conch,thunder.crc.linear_probing,thunder,f1,93.400000,92.949266,0.450734,93.000000
42,1,conch,hest.skcm.gene_expression,hest,pearson_r,78.935000,78.179237,0.755763,78.095000
42,1,conch,thunder.esca.linear_probing,thunder,f1,80.100000,78.214660,1.885340,79.800000
42,1,conch,hest.prad.gene_expression,hest,pearson_r,67.740000,68.864474,1.124474,67.645000
42,1,conch,hest.lymph_idc.gene_expression,hest,pearson_r,62.535000,62.799169,0.264169,62.725000
42,1,conch-1.5,thunder.spider_colorectal.linear_probing,thunder,f1,87.400000,88.822994,1.422994,88.450000
42,1,conch-1.5,thunder.ccrcc.linear_probing,thunder,f1,87.400000,88.195972,0.795972,84.900000
42,1,conch-1.5,thunder.patch_camelyon.linear_probing,thunder,f1,91.400000,91.897730,0.497730,90.900000
42,1,conch-1.5,pathorob.camelyon.robustness_index,pathorob,robustness_index,77.400000,78.143630,0.743630,18.400000
42,1,conch-1.5,thunder.tcga_crc_msi.linear_probing,thunder,f1,62.300000,65.001595,2.701595,64.650000
42,1,conch-1.5,hest.paad.gene_expression,hest,pearson_r,72.850000,73.485618,0.635618,73.187500
42,1,conch-1.5,thunder.spider_skin.linear_probing,thunder,f1,87.000000,89.491878,2.491878,88.600000
42,1,conch-1.5,hest.coad.gene_expression,hest,pearson_r,64.010000,64.440918,0.430918,64.060000
42,1,conch-1.5,thunder.spider_breast.linear_probing,thunder,f1,81.600000,84.320345,2.720345,83.100000
42,1,ctranspath,hest.paad.gene_expression,hest,pearson_r,71.570000,71.354478,0.215522,73.187500
42,1,ctranspath,hest.lung.gene_expression,hest,pearson_r,75.685000,75.093424,0.591576,77.085000
42,1,ctranspath,hest.ccrcc.gene_expression,hest,pearson_r,61.810000,59.261456,2.548544,62.290000
42,1,ctranspath,pathorob.tcga_2x2.robustness_index,pathorob,robustness_index,65.200000,67.348198,2.148198,74.950000
42,1,dinov2-b,thunder.break_his.linear_probing,thunder,f1,77.800000,70.186919,7.613081,67.200000
42,1,dinov2-b,thunder.ccrcc.linear_probing,thunder,f1,79.700000,79.280821,0.419179,84.900000
42,1,dinov2-b,thunder.tcga_tils.linear_probing,thunder,f1,85.900000,86.206815,0.306815,89.900000
42,1,dinov2-b,thunder.patch_camelyon.linear_probing,thunder,f1,86.300000,86.692054,0.392054,90.900000
42,1,dinov2-b,thunder.spider_thorax.linear_probing,thunder,f1,87.600000,88.637321,1.037321,93.100000
42,1,dinov2-l,thunder.bracs.linear_probing,thunder,f1,50.600000,55.410567,4.810567,59.400000
42,1,dinov2-l,thunder.ccrcc.linear_probing,thunder,f1,81.400000,81.318102,0.081898,84.900000
42,1,dinov2-l,thunder.wilds.linear_probing,thunder,f1,90.300000,93.853195,3.553195,97.100000
42,1,dinov2-l,thunder.spider_thorax.linear_probing,thunder,f1,87.700000,89.485640,1.785640,93.100000
42,1,dinov2-l,thunder.spider_breast.linear_probing,thunder,f1,74.000000,77.411850,3.411850,83.100000
42,1,dinov3-b,thunder.wilds.linear_probing,thunder,f1,93.600000,93.740173,0.140173,97.100000
42,1,dinov3-b,thunder.spider_breast.linear_probing,thunder,f1,76.500000,77.154088,0.654088,83.100000
42,1,dinov3-b,thunder.bach.linear_probing,thunder,f1,60.300000,63.580188,3.280188,69.800000
42,1,dinov3-b,thunder.tcga_crc_msi.linear_probing,thunder,f1,57.200000,58.727200,1.527200,64.650000
42,1,dinov3-b,thunder.esca.linear_probing,thunder,f1,72.900000,73.316130,0.416130,79.800000
42,1,dinov3-l,thunder.bach.linear_probing,thunder,f1,57.900000,65.223621,7.323621,69.800000
42,1,dinov3-l,thunder.patch_camelyon.linear_probing,thunder,f1,88.800000,88.361456,0.438544,90.900000
42,1,dinov3-l,thunder.tcga_crc_msi.linear_probing,thunder,f1,55.500000,59.707715,4.207715,64.650000
42,1,dinov3-l,thunder.break_his.linear_probing,thunder,f1,77.300000,74.078116,3.221884,67.200000
42,1,dinov3-l,thunder.spider_colorectal.linear_probing,thunder,f1,86.300000,85.680871,0.619129,88.450000
42,1,dinov3-s,thunder.tcga_tils.linear_probing,thunder,f1,86.300000,86.505366,0.205366,89.900000
42,1,dinov3-s,thunder.bracs.linear_probing,thunder,f1,56.500000,54.624189,1.875811,59.400000
42,1,dinov3-s,thunder.spider_thorax.linear_probing,thunder,f1,88.200000,89.040332,0.840332,93.100000
42,1,dinov3-s,thunder.esca.linear_probing,thunder,f1,72.600000,72.028856,0.571144,79.800000
42,1,dinov3-s,thunder.break_his.linear_probing,thunder,f1,82.900000,70.071485,12.828515,67.200000
42,1,genbio-pathfm,hest.lymph_idc.gene_expression,hest,pearson_r,64.210000,63.404604,0.805396,62.725000
42,1,genbio-pathfm,thunder.mhist.linear_probing,thunder,f1,83.200000,82.548569,0.651431,80.200000
42,1,genbio-pathfm,thunder.spider_thorax.linear_probing,thunder,f1,94.600000,94.501921,0.098079,93.100000
42,1,genbio-pathfm,hest.read.gene_expression,hest,pearson_r,58.925000,60.293059,1.368059,58.745000
42,1,genbio-pathfm,thunder.wilds.linear_probing,thunder,f1,98.200000,98.232163,0.032163,97.100000
42,1,genbio-pathfm,thunder.tcga_crc_msi.linear_probing,thunder,f1,68.000000,68.839800,0.839800,64.650000
42,1,genbio-pathfm,hest.idc.gene_expression,hest,pearson_r,79.360000,79.296375,0.063625,77.575000
42,1,genbio-pathfm,hest.skcm.gene_expression,hest,pearson_r,83.575000,81.007849,2.567151,78.095000
42,1,gpfm,hest.coad.gene_expression,hest,pearson_r,62.400000,63.388341,0.988341,64.060000
42,1,gpfm,hest.prad.gene_expression,hest,pearson_r,67.115000,65.055015,2.059985,67.645000
42,1,gpfm,hest.lung.gene_expression,hest,pearson_r,77.360000,77.034165,0.325835,77.085000
42,1,h-optimus-0,thunder.spider_thorax.linear_probing,thunder,f1,94.400000,94.223928,0.176072,93.100000
42,1,h-optimus-0,thunder.ccrcc.linear_probing,thunder,f1,90.800000,91.037806,0.237806,84.900000
42,1,h-optimus-0,hest.ccrcc.gene_expression,hest,pearson_r,63.380000,62.950664,0.429336,62.290000
42,1,h-optimus-0,thunder.spider_colorectal.linear_probing,thunder,f1,89.900000,90.339892,0.439892,88.450000
42,1,h-optimus-0,thunder.tcga_tils.linear_probing,thunder,f1,91.000000,90.824209,0.175791,89.900000
42,1,h-optimus-0,hest.paad.gene_expression,hest,pearson_r,74.555000,74.119543,0.435457,73.187500
42,1,h-optimus-0,thunder.tcga_uniform.linear_probing,thunder,f1,79.300000,79.565286,0.265286,74.600000
42,1,h-optimus-0,thunder.esca.linear_probing,thunder,f1,83.500000,85.987876,2.487876,79.800000
42,1,h-optimus-0,thunder.tcga_crc_msi.linear_probing,thunder,f1,67.300000,68.020526,0.720526,64.650000
42,1,h-optimus-1,thunder.bach.linear_probing,thunder,f1,72.500000,80.104283,7.604283,69.800000
42,1,h-optimus-1,hest.lung.gene_expression,hest,pearson_r,78.895000,78.308251,0.586749,77.085000
42,1,h-optimus-1,hest.idc.gene_expression,hest,pearson_r,80.120000,79.387570,0.732430,77.575000
42,1,h-optimus-1,thunder.tcga_crc_msi.linear_probing,thunder,f1,67.900000,69.010622,1.110622,64.650000
42,1,h-optimus-1,thunder.spider_colorectal.linear_probing,thunder,f1,90.300000,90.788303,0.488303,88.450000
42,1,h-optimus-1,thunder.break_his.linear_probing,thunder,f1,76.000000,76.374088,0.374088,67.200000
42,1,h-optimus-1,hest.skcm.gene_expression,hest,pearson_r,82.945000,81.110269,1.834731,78.095000
42,1,h-optimus-1,hest.ccrcc.gene_expression,hest,pearson_r,62.665000,63.050024,0.385024,62.290000
42,1,h0-mini,hest.coad.gene_expression,hest,pearson_r,62.470000,65.029239,2.559239,64.060000
42,1,h0-mini,thunder.spider_colorectal.linear_probing,thunder,f1,90.200000,90.153423,0.046577,88.450000
42,1,h0-mini,thunder.ccrcc.linear_probing,thunder,f1,90.200000,90.690698,0.490698,84.900000
42,1,h0-mini,hest.lung.gene_expression,hest,pearson_r,77.410000,77.959464,0.549464,77.085000
42,1,h0-mini,thunder.wilds.linear_probing,thunder,f1,98.200000,97.913665,0.286335,97.100000
42,1,h0-mini,thunder.mhist.linear_probing,thunder,f1,79.900000,81.784910,1.884910,80.200000
42,1,h0-mini,pathorob.tolkach_esca.robustness_index,pathorob,robustness_index,93.200000,92.894053,0.305947,89.600000
42,1,h0-mini,thunder.tcga_crc_msi.linear_probing,thunder,f1,66.500000,67.624616,1.124616,64.650000
42,1,h0-mini,hest.idc.gene_expression,hest,pearson_r,79.310000,78.954810,0.355190,77.575000
42,1,hibou-b,thunder.spider_skin.linear_probing,thunder,f1,91.100000,89.646506,1.453494,88.600000
42,1,hibou-b,thunder.bach.linear_probing,thunder,f1,65.600000,72.211489,6.611489,69.800000
42,1,hibou-b,thunder.spider_colorectal.linear_probing,thunder,f1,90.700000,89.053710,1.646290,88.450000
42,1,hibou-b,thunder.esca.linear_probing,thunder,f1,77.500000,79.574853,2.074853,79.800000
42,1,hibou-b,thunder.patch_camelyon.linear_probing,thunder,f1,93.400000,92.074228,1.325772,90.900000
42,1,hibou-l,hest.lymph_idc.gene_expression,hest,pearson_r,62.160000,62.575990,0.415990,62.725000
42,1,hibou-l,thunder.break_his.linear_probing,thunder,f1,69.400000,69.296706,0.103294,67.200000
42,1,hibou-l,thunder.esca.linear_probing,thunder,f1,77.500000,84.366105,6.866105,79.800000
42,1,hibou-l,hest.ccrcc.gene_expression,hest,pearson_r,63.285000,64.206589,0.921589,62.290000
42,1,hibou-l,hest.lung.gene_expression,hest,pearson_r,78.810000,77.971942,0.838058,77.085000
42,1,hibou-l,hest.skcm.gene_expression,hest,pearson_r,79.085000,80.427328,1.342328,78.095000
42,1,hibou-l,thunder.ccrcc.linear_probing,thunder,f1,88.400000,90.092200,1.692200,84.900000
42,1,hibou-l,thunder.tcga_tils.linear_probing,thunder,f1,90.300000,90.501946,0.201946,89.900000
42,1,hipt,pathorob.camelyon.robustness_index,pathorob,robustness_index,64.900000,1.720909,63.179091,18.400000
42,1,kaiko-vit-b-16,hest.idc.gene_expression,hest,pearson_r,76.760000,76.992681,0.232681,77.575000
42,1,kaiko-vit-b-16,hest.lymph_idc.gene_expression,hest,pearson_r,61.825000,62.252123,0.427123,62.725000
42,1,kaiko-vit-b-16,hest.read.gene_expression,hest,pearson_r,57.625000,57.734422,0.109422,58.745000
42,1,kaiko-vit-b-8,hest.prad.gene_expression,hest,pearson_r,68.055000,66.834027,1.220973,67.645000
42,1,kaiko-vit-b-8,hest.lung.gene_expression,hest,pearson_r,75.915000,76.756547,0.841547,77.085000
42,1,kaiko-vit-b-8,hest.ccrcc.gene_expression,hest,pearson_r,61.565000,61.801838,0.236838,62.290000
42,1,kaiko-vit-b-8,hest.paad.gene_expression,hest,pearson_r,73.005000,72.756181,0.248819,73.187500
42,1,kaiko-vit-b-unspecified-patch,thunder.spider_skin.linear_probing,thunder,f1,87.400000,88.037024,0.637024,88.600000
42,1,kaiko-vit-b-unspecified-patch,thunder.spider_thorax.linear_probing,thunder,f1,93.300000,92.405564,0.894436,93.100000
42,1,kaiko-vit-b-unspecified-patch,thunder.tcga_uniform.linear_probing,thunder,f1,79.100000,70.919564,8.180436,74.600000
42,1,kaiko-vit-b-unspecified-patch,thunder.tcga_tils.linear_probing,thunder,f1,90.200000,89.171080,1.028920,89.900000
42,1,kaiko-vit-b-unspecified-patch,thunder.esca.linear_probing,thunder,f1,78.500000,78.109990,0.390010,79.800000
42,1,kaiko-vit-l-14,hest.prad.gene_expression,hest,pearson_r,67.350000,66.998136,0.351864,67.645000
42,1,kaiko-vit-l-14,hest.lymph_idc.gene_expression,hest,pearson_r,61.415000,62.302707,0.887707,62.725000
42,1,kaiko-vit-l-14,hest.read.gene_expression,hest,pearson_r,57.360000,57.642356,0.282356,58.745000
42,1,kaiko-vit-s-16,hest.skcm.gene_expression,hest,pearson_r,77.245000,75.880325,1.364675,78.095000
42,1,kaiko-vit-s-16,hest.prad.gene_expression,hest,pearson_r,67.415000,62.529878,4.885122,67.645000
42,1,kaiko-vit-s-16,hest.ccrcc.gene_expression,hest,pearson_r,60.495000,62.162609,1.667609,62.290000
42,1,kaiko-vit-s-8,hest.skcm.gene_expression,hest,pearson_r,75.870000,76.579604,0.709604,78.095000
42,1,kaiko-vit-s-8,hest.prad.gene_expression,hest,pearson_r,66.700000,65.023090,1.676910,67.645000
42,1,kaiko-vit-s-8,hest.coad.gene_expression,hest,pearson_r,61.405000,62.283239,0.878239,64.060000
42,1,kaiko-vit-s-unspecified-patch,thunder.spider_skin.linear_probing,thunder,f1,88.600000,88.932481,0.332481,88.600000
42,1,kaiko-vit-s-unspecified-patch,thunder.wilds.linear_probing,thunder,f1,95.900000,96.857266,0.957266,97.100000
42,1,kaiko-vit-s-unspecified-patch,thunder.crc.linear_probing,thunder,f1,92.300000,93.372831,1.072831,93.000000
42,1,kaiko-vit-s-unspecified-patch,thunder.mhist.linear_probing,thunder,f1,81.400000,80.247308,1.152692,80.200000
42,1,kaiko-vit-s-unspecified-patch,thunder.esca.linear_probing,thunder,f1,76.800000,80.190900,3.390900,79.800000
42,1,kang-dino,pathorob.tcga_2x2.robustness_index,pathorob,robustness_index,66.100000,65.401506,0.698494,74.950000
42,1,keep,thunder.spider_thorax.linear_probing,thunder,f1,93.800000,93.973224,0.173224,93.100000
42,1,keep,thunder.wilds.linear_probing,thunder,f1,97.400000,97.724726,0.324726,97.100000
42,1,keep,thunder.tcga_uniform.linear_probing,thunder,f1,72.700000,78.477130,5.777130,74.600000
42,1,keep,thunder.break_his.linear_probing,thunder,f1,65.900000,66.073246,0.173246,67.200000
42,1,keep,thunder.patch_camelyon.linear_probing,thunder,f1,92.600000,92.931152,0.331152,90.900000
42,1,lunit-vit-s-8,hest.skcm.gene_expression,hest,pearson_r,78.690000,77.428699,1.261301,78.095000
42,1,lunit-vit-s-8,hest.lymph_idc.gene_expression,hest,pearson_r,62.530000,61.761629,0.768371,62.725000
42,1,lunit-vit-s-8,hest.coad.gene_expression,hest,pearson_r,64.130000,62.582356,1.547644,64.060000
42,1,midnight,hest.lung.gene_expression,hest,pearson_r,77.885000,77.901959,0.016959,77.085000
42,1,midnight,hest.prad.gene_expression,hest,pearson_r,66.850000,71.200543,4.350543,67.645000
42,1,midnight,thunder.tcga_tils.linear_probing,thunder,f1,91.000000,90.838946,0.161054,89.900000
42,1,midnight,thunder.ccrcc.linear_probing,thunder,f1,90.800000,91.156015,0.356015,84.900000
42,1,midnight,thunder.crc.linear_probing,thunder,f1,95.600000,94.815039,0.784961,93.000000
42,1,midnight,thunder.break_his.linear_probing,thunder,f1,56.700000,76.640390,19.940390,67.200000
42,1,midnight,thunder.spider_breast.linear_probing,thunder,f1,86.100000,87.090237,0.990237,83.100000
42,1,midnight,hest.read.gene_expression,hest,pearson_r,59.280000,59.658479,0.378479,58.745000
42,1,musk,thunder.spider_colorectal.linear_probing,thunder,f1,87.900000,87.295908,0.604092,88.450000
42,1,musk,hest.read.gene_expression,hest,pearson_r,55.550000,57.728390,2.178390,58.745000
42,1,musk,thunder.patch_camelyon.linear_probing,thunder,f1,89.400000,90.156077,0.756077,90.900000
42,1,musk,hest.paad.gene_expression,hest,pearson_r,71.385000,72.678341,1.293341,73.187500
42,1,musk,thunder.bracs.linear_probing,thunder,f1,63.300000,58.437675,4.862325,59.400000
42,1,musk,hest.coad.gene_expression,hest,pearson_r,61.825000,63.407404,1.582404,64.060000
42,1,musk,thunder.break_his.linear_probing,thunder,f1,77.600000,65.396797,12.203203,67.200000
42,1,musk,thunder.esca.linear_probing,thunder,f1,76.400000,75.871236,0.528764,79.800000
42,1,musk,hest.ccrcc.gene_expression,hest,pearson_r,59.125000,60.895062,1.770062,62.290000
42,1,openmidnight,hest.prad.gene_expression,hest,pearson_r,67.950000,68.178008,0.228008,67.645000
42,1,openmidnight,thunder.wilds.linear_probing,thunder,f1,96.500000,97.502769,1.002769,97.100000
42,1,openmidnight,thunder.ccrcc.linear_probing,thunder,f1,92.000000,89.398491,2.601509,84.900000
42,1,openmidnight,thunder.bach.linear_probing,thunder,f1,84.600000,75.397320,9.202680,69.800000
42,1,openmidnight,thunder.break_his.linear_probing,thunder,f1,77.300000,71.613700,5.686300,67.200000
42,1,openmidnight,thunder.spider_skin.linear_probing,thunder,f1,90.500000,90.576363,0.076363,88.600000
42,1,openmidnight,hest.lung.gene_expression,hest,pearson_r,77.670000,77.599357,0.070643,77.085000
42,1,openmidnight,thunder.spider_breast.linear_probing,thunder,f1,84.500000,85.475368,0.975368,83.100000
42,1,phikon,thunder.esca.linear_probing,thunder,f1,76.700000,75.793913,0.906087,79.800000
42,1,phikon,pathorob.tcga_2x2.robustness_index,pathorob,robustness_index,62.300000,62.596718,0.296718,74.950000
42,1,phikon,pathorob.tolkach_esca.robustness_index,pathorob,robustness_index,79.500000,79.789991,0.289991,89.600000
42,1,phikon,thunder.spider_breast.linear_probing,thunder,f1,84.900000,81.790735,3.109265,83.100000
42,1,phikon,thunder.tcga_crc_msi.linear_probing,thunder,f1,63.100000,62.234219,0.865781,64.650000
42,1,phikon,hest.prad.gene_expression,hest,pearson_r,67.100000,65.277704,1.822296,67.645000
42,1,phikon,hest.read.gene_expression,hest,pearson_r,57.660000,58.152025,0.492025,58.745000
42,1,phikon,thunder.ccrcc.linear_probing,thunder,f1,89.800000,84.859673,4.940327,84.900000
42,1,phikon,thunder.tcga_tils.linear_probing,thunder,f1,90.100000,88.691431,1.408569,89.900000
42,1,phikon-v2,thunder.ccrcc.linear_probing,thunder,f1,76.700000,86.933026,10.233026,84.900000
42,1,phikon-v2,thunder.crc.linear_probing,thunder,f1,92.000000,93.133177,1.133177,93.000000
42,1,phikon-v2,thunder.spider_thorax.linear_probing,thunder,f1,94.700000,92.619528,2.080472,93.100000
42,1,phikon-v2,hest.coad.gene_expression,hest,pearson_r,62.500000,63.609194,1.109194,64.060000
42,1,phikon-v2,thunder.bracs.linear_probing,thunder,f1,58.200000,59.605530,1.405530,59.400000
42,1,phikon-v2,thunder.break_his.linear_probing,thunder,f1,53.000000,64.862526,11.862526,67.200000
42,1,phikon-v2,thunder.esca.linear_probing,thunder,f1,77.300000,79.197378,1.897378,79.800000
42,1,phikon-v2,thunder.bach.linear_probing,thunder,f1,64.700000,70.617894,5.917894,69.800000
42,1,phikon-v2,thunder.tcga_crc_msi.linear_probing,thunder,f1,61.100000,63.948779,2.848779,64.650000
42,1,plip,thunder.patch_camelyon.linear_probing,thunder,f1,87.900000,87.187684,0.712316,90.900000
42,1,plip,thunder.tcga_uniform.linear_probing,thunder,f1,54.900000,58.180891,3.280891,74.600000
42,1,plip,thunder.spider_skin.linear_probing,thunder,f1,82.100000,81.405453,0.694547,88.600000
42,1,plip,thunder.wilds.linear_probing,thunder,f1,89.000000,93.180286,4.180286,97.100000
42,1,plip,thunder.crc.linear_probing,thunder,f1,88.200000,90.312759,2.112759,93.000000
42,1,prov-gigapath,thunder.bracs.linear_probing,thunder,f1,62.700000,60.678514,2.021486,59.400000
42,1,prov-gigapath,hest.ccrcc.gene_expression,hest,pearson_r,62.150000,62.302319,0.152319,62.290000
42,1,prov-gigapath,pathorob.tolkach_esca.robustness_index,pathorob,robustness_index,75.400000,91.056613,15.656613,89.600000
42,1,prov-gigapath,thunder.wilds.linear_probing,thunder,f1,94.800000,97.218471,2.418471,97.100000
42,1,prov-gigapath,thunder.patch_camelyon.linear_probing,thunder,f1,93.500000,92.138584,1.361416,90.900000
42,1,prov-gigapath,hest.read.gene_expression,hest,pearson_r,59.805000,59.056934,0.748066,58.745000
42,1,prov-gigapath,hest.prad.gene_expression,hest,pearson_r,68.495000,67.789374,0.705626,67.645000
42,1,prov-gigapath,thunder.spider_colorectal.linear_probing,thunder,f1,90.300000,89.060462,1.239538,88.450000
42,1,prov-gigapath,thunder.esca.linear_probing,thunder,f1,81.700000,81.847981,0.147981,79.800000
42,1,quiltnet,thunder.spider_colorectal.linear_probing,thunder,f1,82.900000,84.918305,2.018305,88.450000
42,1,quiltnet,thunder.crc.linear_probing,thunder,f1,92.500000,90.344767,2.155233,93.000000
42,1,quiltnet,thunder.tcga_uniform.linear_probing,thunder,f1,54.100000,58.470025,4.370025,74.600000
42,1,quiltnet,thunder.ccrcc.linear_probing,thunder,f1,65.500000,78.684755,13.184755,84.900000
42,1,quiltnet,thunder.bach.linear_probing,thunder,f1,58.400000,58.865770,0.465770,69.800000
42,1,resnet50,hest.read.gene_expression,hest,pearson_r,53.915000,56.039703,2.124703,58.745000
42,1,resnet50,hest.paad.gene_expression,hest,pearson_r,69.400000,71.166286,1.766286,73.187500
42,1,resnet50,hest.lymph_idc.gene_expression,hest,pearson_r,61.525000,61.452229,0.072771,62.725000
42,1,retccl,pathorob.camelyon.robustness_index,pathorob,robustness_index,31.800000,14.291139,17.508861,18.400000
42,1,rudolfv,pathorob.tolkach_esca.robustness_index,pathorob,robustness_index,69.500000,85.247441,15.747441,89.600000
42,1,uni,hest.ccrcc.gene_expression,hest,pearson_r,62.000000,63.708747,1.708747,62.290000
42,1,uni,thunder.spider_thorax.linear_probing,thunder,f1,93.900000,93.564840,0.335160,93.100000
42,1,uni,thunder.spider_skin.linear_probing,thunder,f1,91.200000,90.613650,0.586350,88.600000
42,1,uni,hest.skcm.gene_expression,hest,pearson_r,81.730000,80.045204,1.684796,78.095000
42,1,uni,pathorob.tolkach_esca.robustness_index,pathorob,robustness_index,90.200000,83.731312,6.468688,89.600000
42,1,uni,thunder.break_his.linear_probing,thunder,f1,70.800000,69.602956,1.197044,67.200000
42,1,uni,hest.coad.gene_expression,hest,pearson_r,63.070000,64.342955,1.272955,64.060000
42,1,uni,thunder.esca.linear_probing,thunder,f1,83.400000,83.356140,0.043860,79.800000
42,1,uni,pathorob.tcga_2x2.robustness_index,pathorob,robustness_index,74.700000,68.903035,5.796965,74.950000
42,1,uni2-h,pathorob.tolkach_esca.robustness_index,pathorob,robustness_index,92.300000,93.749755,1.449755,89.600000
42,1,uni2-h,hest.idc.gene_expression,hest,pearson_r,79.490000,79.278500,0.211500,77.575000
42,1,uni2-h,thunder.spider_thorax.linear_probing,thunder,f1,95.100000,94.447619,0.652381,93.100000
42,1,uni2-h,thunder.bracs.linear_probing,thunder,f1,65.400000,62.980333,2.419667,59.400000
42,1,uni2-h,hest.lung.gene_expression,hest,pearson_r,77.935000,78.212425,0.277425,77.085000
42,1,uni2-h,thunder.patch_camelyon.linear_probing,thunder,f1,95.000000,93.774174,1.225826,90.900000
42,1,uni2-h,hest.skcm.gene_expression,hest,pearson_r,83.030000,80.918242,2.111758,78.095000
42,1,uni2-h,hest.prad.gene_expression,hest,pearson_r,67.845000,68.809728,0.964728,67.645000
42,1,uni2-h,thunder.crc.linear_probing,thunder,f1,93.900000,94.920827,1.020827,93.000000
42,1,virchow,thunder.bracs.linear_probing,thunder,f1,59.800000,61.828531,2.028531,59.400000
42,1,virchow,thunder.break_his.linear_probing,thunder,f1,62.700000,71.885673,9.185673,67.200000
42,1,virchow,pathorob.tolkach_esca.robustness_index,pathorob,robustness_index,93.200000,89.983880,3.216120,89.600000
42,1,virchow,pathorob.camelyon.robustness_index,pathorob,robustness_index,75.100000,28.456484,46.643516,18.400000
42,1,virchow,thunder.ccrcc.linear_probing,thunder,f1,91.700000,90.231255,1.468745,84.900000
42,1,virchow,hest.lymph_idc.gene_expression,hest,pearson_r,63.050000,62.911175,0.138825,62.725000
42,1,virchow,hest.paad.gene_expression,hest,pearson_r,75.795000,73.837412,1.957588,73.187500
42,1,virchow,thunder.spider_breast.linear_probing,thunder,f1,86.200000,86.257784,0.057784,83.100000
42,1,virchow,thunder.crc.linear_probing,thunder,f1,93.700000,94.380365,0.680365,93.000000
42,1,virchow-2,thunder.bach.linear_probing,thunder,f1,76.500000,77.316887,0.816887,69.800000
42,1,virchow-2,hest.lymph_idc.gene_expression,hest,pearson_r,62.840000,62.933362,0.093362,62.725000
42,1,virchow-2,thunder.spider_colorectal.linear_probing,thunder,f1,90.800000,90.102178,0.697822,88.450000
42,1,virchow-2,thunder.spider_thorax.linear_probing,thunder,f1,93.900000,94.029812,0.129812,93.100000
42,1,virchow-2,hest.paad.gene_expression,hest,pearson_r,73.895000,73.934304,0.039304,73.187500
42,1,virchow-2,hest.read.gene_expression,hest,pearson_r,60.370000,60.027228,0.342772,58.745000
42,1,virchow-2,pathorob.camelyon.robustness_index,pathorob,robustness_index,80.600000,25.733640,54.866360,18.400000
42,1,virchow-2,pathorob.tolkach_esca.robustness_index,pathorob,robustness_index,95.500000,89.413342,6.086658,89.600000
42,1,virchow-2,pathorob.tcga_2x2.robustness_index,pathorob,robustness_index,82.200000,75.299033,6.900967,74.950000
42,1,vit-b,thunder.patch_camelyon.linear_probing,thunder,f1,84.600000,86.966618,2.366618,90.900000
42,1,vit-b,thunder.spider_thorax.linear_probing,thunder,f1,87.900000,89.248451,1.348451,93.100000
42,1,vit-b,thunder.spider_colorectal.linear_probing,thunder,f1,84.700000,84.675859,0.024141,88.450000
42,1,vit-b,thunder.wilds.linear_probing,thunder,f1,91.300000,93.019187,1.719187,97.100000
42,1,vit-b,thunder.crc.linear_probing,thunder,f1,90.600000,90.228019,0.371981,93.000000
42,1,vit-l,thunder.tcga_tils.linear_probing,thunder,f1,87.500000,86.752247,0.747753,89.900000
42,1,vit-l,thunder.spider_skin.linear_probing,thunder,f1,81.300000,81.758158,0.458158,88.600000
42,1,vit-l,thunder.wilds.linear_probing,thunder,f1,92.600000,93.362334,0.762334,97.100000
42,1,vit-l,thunder.patch_camelyon.linear_probing,thunder,f1,85.700000,87.308895,1.608895,90.900000
42,1,vit-l,thunder.spider_colorectal.linear_probing,thunder,f1,85.100000,84.921064,0.178936,88.450000
42,2,atlas,pathorob.tolkach_esca.robustness_index,pathorob,robustness_index,93.800000,93.559200,0.240800,86.700000
42,2,ciga,pathorob.camelyon.robustness_index,pathorob,robustness_index,13.500000,18.409326,4.909326,67.700000
42,2,clip-b,thunder.spider_colorectal.linear_probing,thunder,f1,81.300000,82.316556,1.016556,89.050000
42,2,clip-b,thunder.mhist.linear_probing,thunder,f1,77.500000,75.237583,2.262417,81.200000
42,2,clip-b,thunder.crc.linear_probing,thunder,f1,87.300000,88.097330,0.797330,93.100000
42,2,clip-b,thunder.tcga_crc_msi.linear_probing,thunder,f1,49.000000,52.464175,3.464175,63.100000
42,2,clip-b,thunder.patch_camelyon.linear_probing,thunder,f1,82.700000,83.518228,0.818228,90.800000
42,2,clip-b,thunder.spider_skin.linear_probing,thunder,f1,75.800000,77.905511,2.105511,87.900000
42,2,clip-l,thunder.tcga_uniform.linear_probing,thunder,f1,54.100000,54.479827,0.379827,72.700000
42,2,clip-l,thunder.esca.linear_probing,thunder,f1,67.600000,69.526145,1.926145,77.400000
42,2,clip-l,thunder.spider_thorax.linear_probing,thunder,f1,86.700000,87.822525,1.122525,93.300000
42,2,clip-l,thunder.patch_camelyon.linear_probing,thunder,f1,85.600000,86.286439,0.686439,90.800000
42,2,clip-l,thunder.bracs.linear_probing,thunder,f1,56.400000,53.953869,2.446131,59.400000
42,2,clip-l,thunder.crc.linear_probing,thunder,f1,88.300000,89.813709,1.513709,93.100000
42,2,conch,hest.idc.gene_expression,hest,pearson_r,76.815000,77.819191,1.004191,78.707500
42,2,conch,thunder.patch_camelyon.linear_probing,thunder,f1,90.600000,91.919384,1.319384,90.800000
42,2,conch,pathorob.tolkach_esca.robustness_index,pathorob,robustness_index,95.100000,89.575454,5.524546,86.700000
42,2,conch,thunder.mhist.linear_probing,thunder,f1,79.700000,81.950166,2.250166,81.200000
42,2,conch,thunder.spider_thorax.linear_probing,thunder,f1,91.000000,92.902097,1.902097,93.300000
42,2,conch,thunder.break_his.linear_probing,thunder,f1,68.800000,77.404723,8.604723,69.200000
42,2,conch,thunder.ccrcc.linear_probing,thunder,f1,88.100000,88.433342,0.333342,85.100000
42,2,conch,pathorob.camelyon.robustness_index,pathorob,robustness_index,66.200000,47.660167,18.539833,67.700000
42,2,conch,thunder.wilds.linear_probing,thunder,f1,97.200000,96.454172,0.745828,95.900000
42,2,conch,thunder.tcga_uniform.linear_probing,thunder,f1,68.000000,73.903668,5.903668,72.700000
42,2,conch-1.5,thunder.tcga_tils.linear_probing,thunder,f1,89.900000,89.403144,0.496856,89.100000
42,2,conch-1.5,thunder.esca.linear_probing,thunder,f1,82.700000,79.778131,2.921869,77.400000
42,2,conch-1.5,hest.lung.gene_expression,hest,pearson_r,77.565000,77.242309,0.322691,77.360000
42,2,conch-1.5,thunder.crc.linear_probing,thunder,f1,93.800000,93.327342,0.472658,93.100000
42,2,conch-1.5,thunder.bracs.linear_probing,thunder,f1,62.400000,59.811996,2.588004,59.400000
42,2,conch-1.5,hest.idc.gene_expression,hest,pearson_r,77.200000,77.990832,0.790832,78.707500
42,2,conch-1.5,thunder.break_his.linear_probing,thunder,f1,75.300000,73.156134,2.143866,69.200000
42,2,conch-1.5,hest.read.gene_expression,hest,pearson_r,58.000000,58.317565,0.317565,58.810000
42,2,conch-1.5,pathorob.tolkach_esca.robustness_index,pathorob,robustness_index,95.100000,90.359918,4.740082,86.700000
42,2,conch-1.5,hest.prad.gene_expression,hest,pearson_r,69.040000,66.436446,2.603554,67.415000
42,2,ctranspath,hest.read.gene_expression,hest,pearson_r,54.840000,56.779333,1.939333,58.810000
42,2,ctranspath,pathorob.tolkach_esca.robustness_index,pathorob,robustness_index,87.200000,70.278773,16.921227,86.700000
42,2,ctranspath,hest.coad.gene_expression,hest,pearson_r,61.910000,61.489032,0.420968,63.070000
42,2,ctranspath,hest.lymph_idc.gene_expression,hest,pearson_r,62.045000,61.568980,0.476020,62.422500
42,2,dinov2-b,thunder.mhist.linear_probing,thunder,f1,82.600000,77.889351,4.710649,81.200000
42,2,dinov2-b,thunder.spider_breast.linear_probing,thunder,f1,76.000000,74.067960,1.932040,84.700000
42,2,dinov2-b,thunder.bach.linear_probing,thunder,f1,64.400000,58.429050,5.970950,69.700000
42,2,dinov2-b,thunder.wilds.linear_probing,thunder,f1,90.700000,89.745018,0.954982,95.900000
42,2,dinov2-b,thunder.tcga_uniform.linear_probing,thunder,f1,54.400000,55.071613,0.671613,72.700000
42,2,dinov2-b,thunder.tcga_crc_msi.linear_probing,thunder,f1,58.600000,55.696348,2.903652,63.100000
42,2,dinov2-l,thunder.tcga_crc_msi.linear_probing,thunder,f1,59.300000,55.774181,3.525819,63.100000
42,2,dinov2-l,thunder.mhist.linear_probing,thunder,f1,82.300000,78.018889,4.281111,81.200000
42,2,dinov2-l,thunder.spider_colorectal.linear_probing,thunder,f1,85.300000,84.455677,0.844323,89.050000
42,2,dinov2-l,thunder.crc.linear_probing,thunder,f1,90.700000,90.253347,0.446653,93.100000
42,2,dinov2-l,thunder.spider_skin.linear_probing,thunder,f1,82.100000,81.547696,0.552304,87.900000
42,2,dinov2-l,thunder.bach.linear_probing,thunder,f1,68.900000,58.707931,10.192069,69.700000
42,2,dinov3-b,thunder.tcga_uniform.linear_probing,thunder,f1,56.200000,60.664028,4.464028,72.700000
42,2,dinov3-b,thunder.spider_thorax.linear_probing,thunder,f1,90.000000,88.849158,1.150842,93.300000
42,2,dinov3-b,thunder.break_his.linear_probing,thunder,f1,81.800000,39.245622,42.554378,69.200000
42,2,dinov3-b,thunder.crc.linear_probing,thunder,f1,89.500000,90.011877,0.511877,93.100000
42,2,dinov3-b,thunder.patch_camelyon.linear_probing,thunder,f1,88.000000,87.625809,0.374191,90.800000
42,2,dinov3-b,thunder.tcga_tils.linear_probing,thunder,f1,86.700000,86.798865,0.098865,89.100000
42,2,dinov3-l,thunder.spider_breast.linear_probing,thunder,f1,78.300000,76.957009,1.342991,84.700000
42,2,dinov3-l,thunder.spider_skin.linear_probing,thunder,f1,82.500000,83.815860,1.315860,87.900000
42,2,dinov3-l,thunder.wilds.linear_probing,thunder,f1,94.800000,92.307326,2.492674,95.900000
42,2,dinov3-l,thunder.tcga_tils.linear_probing,thunder,f1,87.000000,86.908275,0.091725,89.100000
42,2,dinov3-l,thunder.tcga_uniform.linear_probing,thunder,f1,59.300000,60.693275,1.393275,72.700000
42,2,dinov3-l,thunder.mhist.linear_probing,thunder,f1,84.100000,78.815313,5.284687,81.200000
42,2,dinov3-s,thunder.tcga_uniform.linear_probing,thunder,f1,53.900000,57.920351,4.020351,72.700000
42,2,dinov3-s,thunder.ccrcc.linear_probing,thunder,f1,81.600000,80.207148,1.392852,85.100000
42,2,dinov3-s,thunder.spider_skin.linear_probing,thunder,f1,81.800000,82.661607,0.861607,87.900000
42,2,dinov3-s,thunder.tcga_crc_msi.linear_probing,thunder,f1,57.700000,56.764153,0.935847,63.100000
42,2,dinov3-s,thunder.wilds.linear_probing,thunder,f1,94.100000,91.060830,3.039170,95.900000
42,2,dinov3-s,thunder.mhist.linear_probing,thunder,f1,82.900000,78.459746,4.440254,81.200000
42,2,genbio-pathfm,thunder.ccrcc.linear_probing,thunder,f1,91.600000,91.862394,0.262394,85.100000
42,2,genbio-pathfm,thunder.spider_colorectal.linear_probing,thunder,f1,90.500000,90.830707,0.330707,89.050000
42,2,genbio-pathfm,hest.ccrcc.gene_expression,hest,pearson_r,63.075000,62.804827,0.270173,61.730000
42,2,genbio-pathfm,hest.prad.gene_expression,hest,pearson_r,69.565000,66.901848,2.663152,67.415000
42,2,genbio-pathfm,thunder.bracs.linear_probing,thunder,f1,60.100000,63.613431,3.513431,59.400000
42,2,genbio-pathfm,thunder.spider_skin.linear_probing,thunder,f1,93.500000,91.796619,1.703381,87.900000
42,2,genbio-pathfm,thunder.tcga_uniform.linear_probing,thunder,f1,79.900000,82.380605,2.480605,72.700000
42,2,genbio-pathfm,thunder.break_his.linear_probing,thunder,f1,76.600000,79.128182,2.528182,69.200000
42,2,genbio-pathfm,hest.paad.gene_expression,hest,pearson_r,74.795000,74.505936,0.289064,72.927500
42,2,gpfm,hest.ccrcc.gene_expression,hest,pearson_r,62.955000,61.698864,1.256136,61.730000
42,2,gpfm,hest.read.gene_expression,hest,pearson_r,58.230000,58.155049,0.074951,58.810000
42,2,gpfm,hest.paad.gene_expression,hest,pearson_r,73.005000,72.821685,0.183315,72.927500
42,2,h-optimus-0,thunder.wilds.linear_probing,thunder,f1,98.700000,97.851706,0.848294,95.900000
42,2,h-optimus-0,thunder.spider_breast.linear_probing,thunder,f1,87.200000,86.643546,0.556454,84.700000
42,2,h-optimus-0,thunder.spider_skin.linear_probing,thunder,f1,91.900000,91.064564,0.835436,87.900000
42,2,h-optimus-0,hest.lymph_idc.gene_expression,hest,pearson_r,62.955000,63.178798,0.223798,62.422500
42,2,h-optimus-0,thunder.crc.linear_probing,thunder,f1,93.500000,94.542981,1.042981,93.100000
42,2,h-optimus-0,hest.idc.gene_expression,hest,pearson_r,79.880000,79.191554,0.688446,78.707500
42,2,h-optimus-0,hest.coad.gene_expression,hest,pearson_r,65.430000,64.479083,0.950917,63.070000
42,2,h-optimus-0,hest.prad.gene_expression,hest,pearson_r,69.240000,67.975702,1.264298,67.415000
42,2,h-optimus-0,pathorob.tolkach_esca.robustness_index,pathorob,robustness_index,91.800000,91.456177,0.343823,86.700000
42,2,h-optimus-0,thunder.patch_camelyon.linear_probing,thunder,f1,93.000000,93.749258,0.749258,90.800000
42,2,h-optimus-1,thunder.spider_breast.linear_probing,thunder,f1,86.100000,87.722044,1.622044,84.700000
42,2,h-optimus-1,thunder.mhist.linear_probing,thunder,f1,82.000000,83.424298,1.424298,81.200000
42,2,h-optimus-1,thunder.bracs.linear_probing,thunder,f1,64.300000,63.738751,0.561249,59.400000
42,2,h-optimus-1,thunder.tcga_uniform.linear_probing,thunder,f1,81.000000,82.860605,1.860605,72.700000
42,2,h-optimus-1,hest.coad.gene_expression,hest,pearson_r,65.975000,64.647706,1.327294,63.070000
42,2,h-optimus-1,thunder.spider_skin.linear_probing,thunder,f1,92.300000,91.915250,0.384750,87.900000
42,2,h-optimus-1,hest.lymph_idc.gene_expression,hest,pearson_r,63.870000,63.372239,0.497761,62.422500
42,2,h-optimus-1,hest.paad.gene_expression,hest,pearson_r,74.820000,74.537545,0.282455,72.927500
42,2,h-optimus-1,thunder.patch_camelyon.linear_probing,thunder,f1,93.300000,94.374385,1.074385,90.800000
42,2,h0-mini,pathorob.camelyon.robustness_index,pathorob,robustness_index,71.800000,61.541075,10.258925,67.700000
42,2,h0-mini,thunder.spider_thorax.linear_probing,thunder,f1,93.400000,94.319687,0.919687,93.300000
42,2,h0-mini,pathorob.tcga_2x2.robustness_index,pathorob,robustness_index,79.400000,78.601723,0.798277,73.800000
42,2,h0-mini,thunder.tcga_uniform.linear_probing,thunder,f1,78.200000,79.057510,0.857510,72.700000
42,2,h0-mini,thunder.tcga_tils.linear_probing,thunder,f1,91.700000,90.774887,0.925113,89.100000
42,2,h0-mini,thunder.esca.linear_probing,thunder,f1,84.400000,82.892980,1.507020,77.400000
42,2,h0-mini,hest.prad.gene_expression,hest,pearson_r,68.435000,68.036904,0.398096,67.415000
42,2,h0-mini,hest.read.gene_expression,hest,pearson_r,59.315000,59.545309,0.230309,58.810000
42,2,h0-mini,hest.ccrcc.gene_expression,hest,pearson_r,63.350000,62.552261,0.797739,61.730000
42,2,h0-mini,hest.skcm.gene_expression,hest,pearson_r,80.060000,80.809241,0.749241,78.812500
42,2,hibou-b,thunder.ccrcc.linear_probing,thunder,f1,84.300000,85.980880,1.680880,85.100000
42,2,hibou-b,thunder.tcga_crc_msi.linear_probing,thunder,f1,66.200000,63.922596,2.277404,63.100000
42,2,hibou-b,thunder.tcga_tils.linear_probing,thunder,f1,89.600000,90.158230,0.558230,89.100000
42,2,hibou-b,thunder.break_his.linear_probing,thunder,f1,59.600000,76.795095,17.195095,69.200000
42,2,hibou-b,thunder.wilds.linear_probing,thunder,f1,97.100000,96.473866,0.626134,95.900000
42,2,hibou-b,thunder.spider_breast.linear_probing,thunder,f1,86.600000,84.380665,2.219335,84.700000
42,2,hibou-l,thunder.tcga_crc_msi.linear_probing,thunder,f1,68.100000,64.351923,3.748077,63.100000
42,2,hibou-l,hest.coad.gene_expression,hest,pearson_r,65.200000,64.149797,1.050203,63.070000
42,2,hibou-l,thunder.spider_thorax.linear_probing,thunder,f1,94.100000,93.613227,0.486773,93.300000
42,2,hibou-l,thunder.crc.linear_probing,thunder,f1,93.000000,93.846498,0.846498,93.100000
42,2,hibou-l,thunder.spider_breast.linear_probing,thunder,f1,88.000000,84.617982,3.382018,84.700000
42,2,hibou-l,thunder.tcga_uniform.linear_probing,thunder,f1,75.200000,76.252211,1.052211,72.700000
42,2,hibou-l,thunder.mhist.linear_probing,thunder,f1,81.300000,81.694448,0.394448,81.200000
42,2,hibou-l,hest.idc.gene_expression,hest,pearson_r,78.505000,78.576240,0.071240,78.707500
42,2,hibou-l,thunder.spider_skin.linear_probing,thunder,f1,93.300000,89.598271,3.701729,87.900000
42,2,hipt,pathorob.tolkach_esca.robustness_index,pathorob,robustness_index,72.600000,84.092652,11.492652,86.700000
42,2,kaiko-vit-b-16,hest.skcm.gene_expression,hest,pearson_r,77.510000,77.628545,0.118545,78.812500
42,2,kaiko-vit-b-16,hest.prad.gene_expression,hest,pearson_r,66.375000,65.431997,0.943003,67.415000
42,2,kaiko-vit-b-16,hest.paad.gene_expression,hest,pearson_r,72.620000,72.200359,0.419641,72.927500
42,2,kaiko-vit-b-8,hest.lymph_idc.gene_expression,hest,pearson_r,61.365000,62.088139,0.723139,62.422500
42,2,kaiko-vit-b-8,hest.coad.gene_expression,hest,pearson_r,63.415000,62.270244,1.144756,63.070000
42,2,kaiko-vit-b-8,pathorob.tolkach_esca.robustness_index,pathorob,robustness_index,89.600000,80.160251,9.439749,86.700000
42,2,kaiko-vit-b-8,pathorob.tcga_2x2.robustness_index,pathorob,robustness_index,76.300000,71.400000,4.900000,73.800000
42,2,kaiko-vit-b-unspecified-patch,thunder.crc.linear_probing,thunder,f1,94.500000,93.427817,1.072183,93.100000
42,2,kaiko-vit-b-unspecified-patch,thunder.tcga_crc_msi.linear_probing,thunder,f1,67.000000,62.492539,4.507461,63.100000
42,2,kaiko-vit-b-unspecified-patch,thunder.bach.linear_probing,thunder,f1,69.600000,69.182384,0.417616,69.700000
42,2,kaiko-vit-b-unspecified-patch,thunder.wilds.linear_probing,thunder,f1,95.600000,95.913037,0.313037,95.900000
42,2,kaiko-vit-b-unspecified-patch,thunder.ccrcc.linear_probing,thunder,f1,81.700000,85.691717,3.991717,85.100000
42,2,kaiko-vit-b-unspecified-patch,thunder.break_his.linear_probing,thunder,f1,67.200000,69.639096,2.439096,69.200000
42,2,kaiko-vit-l-14,hest.ccrcc.gene_expression,hest,pearson_r,60.970000,61.441900,0.471900,61.730000
42,2,kaiko-vit-l-14,hest.lung.gene_expression,hest,pearson_r,76.895000,76.142516,0.752484,77.360000
42,2,kaiko-vit-l-14,hest.idc.gene_expression,hest,pearson_r,77.675000,76.911211,0.763789,78.707500
42,2,kaiko-vit-s-16,hest.coad.gene_expression,hest,pearson_r,60.285000,61.319771,1.034771,63.070000
42,2,kaiko-vit-s-16,hest.read.gene_expression,hest,pearson_r,56.640000,56.579793,0.060207,58.810000
42,2,kaiko-vit-s-16,hest.idc.gene_expression,hest,pearson_r,76.665000,76.332479,0.332521,78.707500
42,2,kaiko-vit-s-8,hest.paad.gene_expression,hest,pearson_r,70.905000,71.874161,0.969161,72.927500
42,2,kaiko-vit-s-8,hest.read.gene_expression,hest,pearson_r,57.345000,56.899980,0.445020,58.810000
42,2,kaiko-vit-s-8,hest.idc.gene_expression,hest,pearson_r,76.520000,76.582099,0.062099,78.707500
42,2,kaiko-vit-s-unspecified-patch,thunder.spider_breast.linear_probing,thunder,f1,83.100000,82.549996,0.550004,84.700000
42,2,kaiko-vit-s-unspecified-patch,thunder.tcga_tils.linear_probing,thunder,f1,90.100000,89.262857,0.837143,89.100000
42,2,kaiko-vit-s-unspecified-patch,thunder.patch_camelyon.linear_probing,thunder,f1,90.400000,91.490339,1.090339,90.800000
42,2,kaiko-vit-s-unspecified-patch,thunder.bach.linear_probing,thunder,f1,72.600000,70.690458,1.909542,69.700000
42,2,kaiko-vit-s-unspecified-patch,thunder.spider_colorectal.linear_probing,thunder,f1,88.400000,88.317272,0.082728,89.050000
42,2,kaiko-vit-s-unspecified-patch,thunder.bracs.linear_probing,thunder,f1,61.500000,59.401806,2.098194,59.400000
42,2,kang-dino,pathorob.camelyon.robustness_index,pathorob,robustness_index,4.300000,41.898787,37.598787,67.700000
42,2,keep,thunder.bach.linear_probing,thunder,f1,77.000000,75.154708,1.845292,69.700000
42,2,keep,thunder.tcga_crc_msi.linear_probing,thunder,f1,64.900000,64.985519,0.085519,63.100000
42,2,keep,thunder.ccrcc.linear_probing,thunder,f1,93.200000,89.429934,3.770066,85.100000
42,2,keep,thunder.spider_breast.linear_probing,thunder,f1,85.600000,85.296099,0.303901,84.700000
42,2,keep,thunder.mhist.linear_probing,thunder,f1,76.800000,81.949700,5.149700,81.200000
42,2,keep,thunder.spider_colorectal.linear_probing,thunder,f1,89.700000,89.660874,0.039126,89.050000
42,2,lunit-vit-s-8,hest.ccrcc.gene_expression,hest,pearson_r,62.315000,60.543375,1.771625,61.730000
42,2,lunit-vit-s-8,hest.idc.gene_expression,hest,pearson_r,77.245000,77.580489,0.335489,78.707500
42,2,lunit-vit-s-8,hest.paad.gene_expression,hest,pearson_r,71.335000,72.389457,1.054457,72.927500
42,2,midnight,hest.ccrcc.gene_expression,hest,pearson_r,60.660000,62.975089,2.315089,61.730000
42,2,midnight,hest.lymph_idc.gene_expression,hest,pearson_r,63.210000,63.124202,0.085798,62.422500
42,2,midnight,thunder.bracs.linear_probing,thunder,f1,63.800000,62.133912,1.666088,59.400000
42,2,midnight,thunder.esca.linear_probing,thunder,f1,86.200000,82.680516,3.519484,77.400000
42,2,midnight,hest.paad.gene_expression,hest,pearson_r,74.500000,74.157755,0.342245,72.927500
42,2,midnight,thunder.bach.linear_probing,thunder,f1,87.900000,76.075767,11.824233,69.700000
42,2,midnight,thunder.spider_skin.linear_probing,thunder,f1,91.000000,90.738263,0.261737,87.900000
42,2,midnight,thunder.patch_camelyon.linear_probing,thunder,f1,93.500000,93.475571,0.024429,90.800000
42,2,midnight,thunder.tcga_crc_msi.linear_probing,thunder,f1,65.600000,65.797787,0.197787,63.100000
42,2,musk,pathorob.tolkach_esca.robustness_index,pathorob,robustness_index,92.800000,84.708230,8.091770,86.700000
42,2,musk,hest.skcm.gene_expression,hest,pearson_r,76.165000,77.268706,1.103706,78.812500
42,2,musk,thunder.spider_breast.linear_probing,thunder,f1,80.600000,80.194677,0.405323,84.700000
42,2,musk,hest.lymph_idc.gene_expression,hest,pearson_r,62.725000,61.909112,0.815888,62.422500
42,2,musk,thunder.tcga_tils.linear_probing,thunder,f1,89.400000,88.249050,1.150950,89.100000
42,2,musk,thunder.spider_thorax.linear_probing,thunder,f1,93.300000,91.358094,1.941906,93.300000
42,2,musk,thunder.crc.linear_probing,thunder,f1,91.100000,92.391575,1.291575,93.100000
42,2,musk,thunder.mhist.linear_probing,thunder,f1,80.000000,80.323786,0.323786,81.200000
42,2,musk,pathorob.camelyon.robustness_index,pathorob,robustness_index,46.700000,28.529615,18.170385,67.700000
42,2,musk,thunder.wilds.linear_probing,thunder,f1,96.000000,94.707459,1.292541,95.900000
42,2,openmidnight,thunder.spider_thorax.linear_probing,thunder,f1,93.700000,94.217147,0.517147,93.300000
42,2,openmidnight,thunder.patch_camelyon.linear_probing,thunder,f1,93.200000,93.356151,0.156151,90.800000
42,2,openmidnight,thunder.esca.linear_probing,thunder,f1,79.800000,83.130156,3.330156,77.400000
42,2,openmidnight,thunder.tcga_tils.linear_probing,thunder,f1,91.000000,90.663797,0.336203,89.100000
42,2,openmidnight,thunder.crc.linear_probing,thunder,f1,94.200000,94.357377,0.157377,93.100000
42,2,openmidnight,thunder.tcga_crc_msi.linear_probing,thunder,f1,66.300000,65.705332,0.594668,63.100000
42,2,openmidnight,hest.lymph_idc.gene_expression,hest,pearson_r,62.990000,62.942422,0.047578,62.422500
42,2,openmidnight,thunder.spider_colorectal.linear_probing,thunder,f1,88.300000,89.982558,1.682558,89.050000
42,2,openmidnight,thunder.mhist.linear_probing,thunder,f1,81.800000,82.656326,0.856326,81.200000
42,2,phikon,thunder.bach.linear_probing,thunder,f1,69.300000,68.527045,0.772955,69.700000
42,2,phikon,thunder.tcga_uniform.linear_probing,thunder,f1,76.600000,69.864985,6.735015,72.700000
42,2,phikon,hest.ccrcc.gene_expression,hest,pearson_r,62.115000,61.605422,0.509578,61.730000
42,2,phikon,thunder.mhist.linear_probing,thunder,f1,78.100000,80.069332,1.969332,81.200000
42,2,phikon,pathorob.camelyon.robustness_index,pathorob,robustness_index,1.100000,33.931566,32.831566,67.700000
42,2,phikon,thunder.patch_camelyon.linear_probing,thunder,f1,90.900000,91.008257,0.108257,90.800000
42,2,phikon,hest.coad.gene_expression,hest,pearson_r,63.115000,62.735232,0.379768,63.070000
42,2,phikon,hest.lung.gene_expression,hest,pearson_r,77.330000,76.644383,0.685617,77.360000
42,2,phikon,hest.lymph_idc.gene_expression,hest,pearson_r,61.865000,62.215273,0.350273,62.422500
42,2,phikon,thunder.spider_colorectal.linear_probing,thunder,f1,88.500000,87.906915,0.593085,89.050000
42,2,phikon-v2,thunder.tcga_uniform.linear_probing,thunder,f1,77.700000,70.767591,6.932409,72.700000
42,2,phikon-v2,pathorob.camelyon.robustness_index,pathorob,robustness_index,1.900000,33.242122,31.342122,67.700000
42,2,phikon-v2,hest.read.gene_expression,hest,pearson_r,58.745000,58.159659,0.585341,58.810000
42,2,phikon-v2,thunder.spider_skin.linear_probing,thunder,f1,87.200000,87.866011,0.666011,87.900000
42,2,phikon-v2,hest.ccrcc.gene_expression,hest,pearson_r,63.295000,61.975703,1.319297,61.730000
42,2,phikon-v2,hest.idc.gene_expression,hest,pearson_r,77.040000,77.631186,0.591186,78.707500
42,2,phikon-v2,pathorob.tolkach_esca.robustness_index,pathorob,robustness_index,76.800000,81.344085,4.544085,86.700000
42,2,phikon-v2,hest.lymph_idc.gene_expression,hest,pearson_r,62.185000,62.292728,0.107728,62.422500
42,2,phikon-v2,pathorob.tcga_2x2.robustness_index,pathorob,robustness_index,61.900000,69.810514,7.910514,73.800000
42,2,phikon-v2,thunder.mhist.linear_probing,thunder,f1,79.200000,79.900050,0.700050,81.200000
42,2,plip,thunder.spider_colorectal.linear_probing,thunder,f1,84.700000,84.529473,0.170527,89.050000
42,2,plip,thunder.ccrcc.linear_probing,thunder,f1,76.900000,77.205768,0.305768,85.100000
42,2,plip,thunder.mhist.linear_probing,thunder,f1,78.500000,78.846573,0.346573,81.200000
42,2,plip,thunder.spider_breast.linear_probing,thunder,f1,77.100000,75.418674,1.681326,84.700000
42,2,plip,thunder.break_his.linear_probing,thunder,f1,47.200000,36.723484,10.476516,69.200000
42,2,plip,thunder.bracs.linear_probing,thunder,f1,56.500000,54.225107,2.274893,59.400000
42,2,prov-gigapath,thunder.tcga_uniform.linear_probing,thunder,f1,74.400000,76.573396,2.173396,72.700000
42,2,prov-gigapath,thunder.ccrcc.linear_probing,thunder,f1,88.100000,88.806148,0.706148,85.100000
42,2,prov-gigapath,thunder.spider_skin.linear_probing,thunder,f1,91.300000,89.802273,1.497727,87.900000
42,2,prov-gigapath,thunder.crc.linear_probing,thunder,f1,94.700000,93.917174,0.782826,93.100000
42,2,prov-gigapath,hest.idc.gene_expression,hest,pearson_r,77.575000,78.485966,0.910966,78.707500
42,2,prov-gigapath,hest.skcm.gene_expression,hest,pearson_r,78.095000,80.242389,2.147389,78.812500
42,2,prov-gigapath,hest.lymph_idc.gene_expression,hest,pearson_r,62.500000,62.776979,0.276979,62.422500
42,2,prov-gigapath,pathorob.camelyon.robustness_index,pathorob,robustness_index,39.900000,55.182592,15.282592,67.700000
42,2,prov-gigapath,hest.lung.gene_expression,hest,pearson_r,77.060000,77.470050,0.410050,77.360000
42,2,prov-gigapath,thunder.tcga_crc_msi.linear_probing,thunder,f1,68.000000,64.522764,3.477236,63.100000
42,2,quiltnet,thunder.break_his.linear_probing,thunder,f1,62.400000,61.400426,0.999574,69.200000
42,2,quiltnet,thunder.spider_skin.linear_probing,thunder,f1,81.200000,83.377440,2.177440,87.900000
42,2,quiltnet,thunder.tcga_crc_msi.linear_probing,thunder,f1,59.600000,56.132981,3.467019,63.100000
42,2,quiltnet,thunder.esca.linear_probing,thunder,f1,61.500000,69.380581,7.880581,77.400000
42,2,quiltnet,thunder.spider_breast.linear_probing,thunder,f1,77.000000,75.416478,1.583522,84.700000
42,2,quiltnet,thunder.wilds.linear_probing,thunder,f1,94.700000,89.741042,4.958958,95.900000
42,2,resnet50,hest.coad.gene_expression,hest,pearson_r,62.500000,60.966084,1.533916,63.070000
42,2,resnet50,hest.idc.gene_expression,hest,pearson_r,73.695000,75.155669,1.460669,78.707500
42,2,resnet50,hest.lung.gene_expression,hest,pearson_r,74.745000,74.959514,0.214514,77.360000
42,2,retccl,pathorob.tolkach_esca.robustness_index,pathorob,robustness_index,87.800000,76.241429,11.558571,86.700000
42,2,rudolfv,pathorob.camelyon.robustness_index,pathorob,robustness_index,18.400000,15.425974,2.974026,67.700000
42,2,uni,hest.idc.gene_expression,hest,pearson_r,79.450000,78.577025,0.872975,78.707500
42,2,uni,hest.lymph_idc.gene_expression,hest,pearson_r,62.795000,62.835537,0.040537,62.422500
42,2,uni,thunder.bracs.linear_probing,thunder,f1,59.400000,61.496550,2.096550,59.400000
42,2,uni,thunder.tcga_tils.linear_probing,thunder,f1,90.100000,90.426189,0.326189,89.100000
42,2,uni,pathorob.camelyon.robustness_index,pathorob,robustness_index,14.500000,59.485295,44.985295,67.700000
42,2,uni,thunder.spider_breast.linear_probing,thunder,f1,85.700000,85.238519,0.461481,84.700000
42,2,uni,thunder.bach.linear_probing,thunder,f1,73.000000,75.381159,2.381159,69.700000
42,2,uni,hest.prad.gene_expression,hest,pearson_r,64.715000,67.774493,3.059493,67.415000
42,2,uni,thunder.tcga_crc_msi.linear_probing,thunder,f1,65.900000,64.992211,0.907789,63.100000
42,2,uni,thunder.ccrcc.linear_probing,thunder,f1,90.700000,89.609860,1.090140,85.100000
42,2,uni2-h,hest.ccrcc.gene_expression,hest,pearson_r,63.200000,62.752261,0.447739,61.730000
42,2,uni2-h,thunder.bach.linear_probing,thunder,f1,84.700000,79.181236,5.518764,69.700000
42,2,uni2-h,thunder.ccrcc.linear_probing,thunder,f1,89.500000,91.750526,2.250526,85.100000
42,2,uni2-h,hest.read.gene_expression,hest,pearson_r,61.115000,60.097583,1.017417,58.810000
42,2,uni2-h,thunder.mhist.linear_probing,thunder,f1,78.600000,83.114684,4.514684,81.200000
42,2,uni2-h,hest.paad.gene_expression,hest,pearson_r,75.005000,74.287204,0.717796,72.927500
42,2,uni2-h,thunder.wilds.linear_probing,thunder,f1,98.900000,98.106128,0.793872,95.900000
42,2,uni2-h,hest.lymph_idc.gene_expression,hest,pearson_r,63.635000,63.231864,0.403136,62.422500
42,2,uni2-h,hest.coad.gene_expression,hest,pearson_r,65.075000,64.351864,0.723136,63.070000
42,2,uni2-h,thunder.tcga_tils.linear_probing,thunder,f1,90.400000,91.320352,0.920352,89.100000
42,2,virchow,thunder.tcga_uniform.linear_probing,thunder,f1,74.800000,80.151403,5.351403,72.700000
42,2,virchow,hest.idc.gene_expression,hest,pearson_r,79.230000,79.213892,0.016108,78.707500
42,2,virchow,hest.ccrcc.gene_expression,hest,pearson_r,62.930000,63.062391,0.132391,61.730000
42,2,virchow,hest.prad.gene_expression,hest,pearson_r,66.890000,67.810363,0.920363,67.415000
42,2,virchow,hest.skcm.gene_expression,hest,pearson_r,81.215000,81.474550,0.259550,78.812500
42,2,virchow,hest.read.gene_expression,hest,pearson_r,59.905000,60.096826,0.191826,58.810000
42,2,virchow,thunder.patch_camelyon.linear_probing,thunder,f1,93.600000,93.692372,0.092372,90.800000
42,2,virchow,thunder.esca.linear_probing,thunder,f1,84.300000,83.336516,0.963484,77.400000
42,2,virchow,thunder.wilds.linear_probing,thunder,f1,97.600000,97.817973,0.217973,95.900000
42,2,virchow,thunder.bach.linear_probing,thunder,f1,66.200000,77.293658,11.093658,69.700000
42,2,virchow-2,thunder.ccrcc.linear_probing,thunder,f1,93.600000,90.573604,3.026396,85.100000
42,2,virchow-2,hest.idc.gene_expression,hest,pearson_r,79.855000,78.882422,0.972578,78.707500
42,2,virchow-2,hest.ccrcc.gene_expression,hest,pearson_r,63.595000,62.335515,1.259485,61.730000
42,2,virchow-2,thunder.tcga_tils.linear_probing,thunder,f1,90.900000,90.683862,0.216138,89.100000
42,2,virchow-2,thunder.bracs.linear_probing,thunder,f1,62.400000,62.095587,0.304413,59.400000
42,2,virchow-2,thunder.crc.linear_probing,thunder,f1,93.000000,94.352732,1.352732,93.100000
42,2,virchow-2,hest.skcm.gene_expression,hest,pearson_r,82.010000,80.893312,1.116688,78.812500
42,2,virchow-2,thunder.break_his.linear_probing,thunder,f1,72.500000,74.537390,2.037390,69.200000
42,2,virchow-2,thunder.esca.linear_probing,thunder,f1,88.900000,83.096775,5.803225,77.400000
42,2,virchow-2,thunder.tcga_crc_msi.linear_probing,thunder,f1,69.600000,65.755086,3.844914,63.100000
42,2,vit-b,thunder.tcga_crc_msi.linear_probing,thunder,f1,59.100000,56.188305,2.911695,63.100000
42,2,vit-b,thunder.spider_breast.linear_probing,thunder,f1,78.200000,75.165969,3.034031,84.700000
42,2,vit-b,thunder.bach.linear_probing,thunder,f1,57.000000,58.238438,1.238438,69.700000
42,2,vit-b,thunder.esca.linear_probing,thunder,f1,62.700000,70.726722,8.026722,77.400000
42,2,vit-b,thunder.spider_skin.linear_probing,thunder,f1,81.200000,82.174167,0.974167,87.900000
42,2,vit-b,thunder.ccrcc.linear_probing,thunder,f1,79.100000,77.663227,1.436773,85.100000
42,2,vit-l,thunder.tcga_uniform.linear_probing,thunder,f1,55.900000,57.946657,2.046657,72.700000
42,2,vit-l,thunder.spider_breast.linear_probing,thunder,f1,79.300000,76.008365,3.291635,84.700000
42,2,vit-l,thunder.crc.linear_probing,thunder,f1,92.800000,90.057079,2.742921,93.100000
42,2,vit-l,thunder.break_his.linear_probing,thunder,f1,66.300000,42.391486,23.908514,69.200000
42,2,vit-l,thunder.bracs.linear_probing,thunder,f1,54.800000,54.655452,0.144548,59.400000
42,2,vit-l,thunder.esca.linear_probing,thunder,f1,67.900000,71.147831,3.247831,77.400000
43,0,atlas,pathorob.tcga_2x2.robustness_index,pathorob,robustness_index,82.600000,80.410943,2.189057,74.700000
43,0,ciga,pathorob.camelyon.robustness_index,pathorob,robustness_index,13.500000,2.259879,11.240121,50.550000
43,0,clip-b,thunder.spider_breast.linear_probing,thunder,f1,69.000000,71.873414,2.873414,82.000000
43,0,clip-b,thunder.mhist.linear_probing,thunder,f1,77.500000,76.800795,0.699205,81.200000
43,0,clip-b,thunder.crc.linear_probing,thunder,f1,87.300000,88.017644,0.717644,92.950000
43,0,clip-b,thunder.tcga_crc_msi.linear_probing,thunder,f1,49.000000,55.538662,6.538662,64.900000
43,0,clip-b,thunder.esca.linear_probing,thunder,f1,61.000000,61.975534,0.975534,79.150000
43,0,clip-l,thunder.bracs.linear_probing,thunder,f1,56.400000,53.999665,2.400335,59.400000
43,0,clip-l,thunder.tcga_tils.linear_probing,thunder,f1,85.000000,86.067262,1.067262,90.100000
43,0,clip-l,thunder.patch_camelyon.linear_probing,thunder,f1,85.600000,85.280967,0.319033,91.400000
43,0,clip-l,thunder.tcga_crc_msi.linear_probing,thunder,f1,52.000000,57.212442,5.212442,64.900000
43,0,clip-l,thunder.mhist.linear_probing,thunder,f1,79.600000,78.802056,0.797944,81.200000
43,0,conch,pathorob.tcga_2x2.robustness_index,pathorob,robustness_index,82.400000,76.096267,6.303733,74.700000
43,0,conch,thunder.spider_skin.linear_probing,thunder,f1,87.300000,87.787742,0.487742,88.250000
43,0,conch,hest.coad.gene_expression,hest,pearson_r,62.445000,62.994821,0.549821,63.265000
43,0,conch,thunder.spider_thorax.linear_probing,thunder,f1,91.000000,92.282032,1.282032,93.300000
43,0,conch,thunder.tcga_crc_msi.linear_probing,thunder,f1,64.400000,62.732700,1.667300,64.900000
43,0,conch,thunder.patch_camelyon.linear_probing,thunder,f1,90.600000,91.051901,0.451901,91.400000
43,0,conch,thunder.bracs.linear_probing,thunder,f1,60.000000,59.024068,0.975932,59.400000
43,0,conch,thunder.mhist.linear_probing,thunder,f1,79.700000,80.785756,1.085756,81.200000
43,0,conch,thunder.bach.linear_probing,thunder,f1,84.400000,70.176140,14.223860,69.450000
43,0,conch-1.5,thunder.spider_thorax.linear_probing,thunder,f1,92.100000,93.117504,1.017504,93.300000
43,0,conch-1.5,thunder.spider_colorectal.linear_probing,thunder,f1,87.400000,88.722895,1.322895,88.500000
43,0,conch-1.5,hest.read.gene_expression,hest,pearson_r,58.000000,58.523828,0.523828,58.867500
43,0,conch-1.5,thunder.crc.linear_probing,thunder,f1,93.800000,93.477370,0.322630,92.950000
43,0,conch-1.5,hest.ccrcc.gene_expression,hest,pearson_r,60.880000,61.567987,0.687987,62.290000
43,0,conch-1.5,hest.coad.gene_expression,hest,pearson_r,64.010000,63.467824,0.542176,63.265000
43,0,conch-1.5,thunder.tcga_tils.linear_probing,thunder,f1,89.900000,89.651339,0.248661,90.100000
43,0,conch-1.5,pathorob.camelyon.robustness_index,pathorob,robustness_index,77.400000,71.779172,5.620828,50.550000
43,0,conch-1.5,thunder.esca.linear_probing,thunder,f1,82.700000,80.875889,1.824111,79.150000
43,0,ctranspath,hest.lymph_idc.gene_expression,hest,pearson_r,62.045000,61.921294,0.123706,62.532500
43,0,ctranspath,hest.skcm.gene_expression,hest,pearson_r,75.485000,77.225808,1.740808,79.085000
43,0,ctranspath,hest.idc.gene_expression,hest,pearson_r,74.965000,76.575084,1.610084,77.675000
43,0,ctranspath,pathorob.camelyon.robustness_index,pathorob,robustness_index,10.600000,10.554532,0.045468,50.550000
43,0,dinov2-b,thunder.break_his.linear_probing,thunder,f1,77.800000,80.396945,2.596945,69.400000
43,0,dinov2-b,thunder.bracs.linear_probing,thunder,f1,52.900000,54.581424,1.681424,59.400000
43,0,dinov2-b,thunder.tcga_tils.linear_probing,thunder,f1,85.900000,86.416352,0.516352,90.100000
43,0,dinov2-b,thunder.ccrcc.linear_probing,thunder,f1,79.700000,81.903984,2.203984,84.600000
43,0,dinov2-b,thunder.spider_skin.linear_probing,thunder,f1,80.100000,80.539774,0.439774,88.250000
43,0,dinov2-l,thunder.tcga_tils.linear_probing,thunder,f1,85.900000,86.240315,0.340315,90.100000
43,0,dinov2-l,thunder.bach.linear_probing,thunder,f1,68.900000,62.550194,6.349806,69.450000
43,0,dinov2-l,thunder.wilds.linear_probing,thunder,f1,90.300000,92.075712,1.775712,95.900000
43,0,dinov2-l,thunder.tcga_crc_msi.linear_probing,thunder,f1,59.300000,56.650650,2.649350,64.900000
43,0,dinov2-l,thunder.esca.linear_probing,thunder,f1,72.100000,72.388787,0.288787,79.150000
43,0,dinov3-b,thunder.bach.linear_probing,thunder,f1,60.300000,64.705067,4.405067,69.450000
43,0,dinov3-b,thunder.tcga_uniform.linear_probing,thunder,f1,56.200000,55.369469,0.830531,72.700000
43,0,dinov3-b,thunder.esca.linear_probing,thunder,f1,72.900000,74.050356,1.150356,79.150000
43,0,dinov3-b,thunder.spider_colorectal.linear_probing,thunder,f1,84.800000,84.992810,0.192810,88.500000
43,0,dinov3-b,thunder.patch_camelyon.linear_probing,thunder,f1,88.000000,87.116569,0.883431,91.400000
43,0,dinov3-l,thunder.spider_skin.linear_probing,thunder,f1,82.500000,81.929525,0.570475,88.250000
43,0,dinov3-l,thunder.mhist.linear_probing,thunder,f1,84.100000,81.623070,2.476930,81.200000
43,0,dinov3-l,thunder.wilds.linear_probing,thunder,f1,94.800000,93.006838,1.793162,95.900000
43,0,dinov3-l,thunder.patch_camelyon.linear_probing,thunder,f1,88.800000,87.379818,1.420182,91.400000
43,0,dinov3-l,thunder.spider_colorectal.linear_probing,thunder,f1,86.300000,85.236597,1.063403,88.500000
43,0,dinov3-s,thunder.spider_thorax.linear_probing,thunder,f1,88.200000,89.036340,0.836340,93.300000
43,0,dinov3-s,thunder.tcga_tils.linear_probing,thunder,f1,86.300000,86.761599,0.461599,90.100000
43,0,dinov3-s,thunder.tcga_crc_msi.linear_probing,thunder,f1,57.700000,57.458353,0.241647,64.900000
43,0,dinov3-s,thunder.patch_camelyon.linear_probing,thunder,f1,86.500000,87.317796,0.817796,91.400000
43,0,dinov3-s,thunder.bach.linear_probing,thunder,f1,56.400000,65.385634,8.985634,69.450000
43,0,genbio-pathfm,thunder.mhist.linear_probing,thunder,f1,83.200000,82.081439,1.118561,81.200000
43,0,genbio-pathfm,thunder.bracs.linear_probing,thunder,f1,60.100000,63.332760,3.232760,59.400000
43,0,genbio-pathfm,hest.skcm.gene_expression,hest,pearson_r,83.575000,81.317456,2.257544,79.085000
43,0,genbio-pathfm,hest.paad.gene_expression,hest,pearson_r,74.795000,74.615906,0.179094,72.927500
43,0,genbio-pathfm,hest.idc.gene_expression,hest,pearson_r,79.360000,79.637072,0.277072,77.675000
43,0,genbio-pathfm,thunder.tcga_crc_msi.linear_probing,thunder,f1,68.000000,67.471590,0.528410,64.900000
43,0,genbio-pathfm,hest.lymph_idc.gene_expression,hest,pearson_r,64.210000,63.299321,0.910679,62.532500
43,0,genbio-pathfm,thunder.ccrcc.linear_probing,thunder,f1,91.600000,91.651073,0.051073,84.600000
43,0,gpfm,hest.paad.gene_expression,hest,pearson_r,73.005000,72.877721,0.127279,72.927500
43,0,gpfm,hest.lung.gene_expression,hest,pearson_r,77.360000,76.749347,0.610653,77.320000
43,0,gpfm,hest.read.gene_expression,hest,pearson_r,58.230000,58.197397,0.032603,58.867500
43,0,h-optimus-0,thunder.bracs.linear_probing,thunder,f1,61.100000,62.818666,1.718666,59.400000
43,0,h-optimus-0,thunder.tcga_uniform.linear_probing,thunder,f1,79.300000,80.342069,1.042069,72.700000
43,0,h-optimus-0,hest.lung.gene_expression,hest,pearson_r,77.950000,78.028743,0.078743,77.320000
43,0,h-optimus-0,thunder.bach.linear_probing,thunder,f1,69.700000,77.720159,8.020159,69.450000
43,0,h-optimus-0,thunder.tcga_crc_msi.linear_probing,thunder,f1,67.300000,67.046124,0.253876,64.900000
43,0,h-optimus-0,thunder.ccrcc.linear_probing,thunder,f1,90.800000,90.669832,0.130168,84.600000
43,0,h-optimus-0,thunder.mhist.linear_probing,thunder,f1,82.800000,81.436314,1.363686,81.200000
43,0,h-optimus-0,hest.read.gene_expression,hest,pearson_r,61.080000,59.786262,1.293738,58.867500
43,0,h-optimus-0,pathorob.camelyon.robustness_index,pathorob,robustness_index,70.500000,50.938655,19.561345,50.550000
43,0,h-optimus-1,hest.lymph_idc.gene_expression,hest,pearson_r,63.870000,63.244799,0.625201,62.532500
43,0,h-optimus-1,hest.prad.gene_expression,hest,pearson_r,68.905000,69.098533,0.193533,67.570000
43,0,h-optimus-1,hest.read.gene_expression,hest,pearson_r,62.105000,59.889846,2.215154,58.867500
43,0,h-optimus-1,thunder.mhist.linear_probing,thunder,f1,82.000000,82.028099,0.028099,81.200000
43,0,h-optimus-1,hest.lung.gene_expression,hest,pearson_r,78.895000,78.145579,0.749421,77.320000
43,0,h-optimus-1,thunder.bracs.linear_probing,thunder,f1,64.300000,63.096815,1.203185,59.400000
43,0,h-optimus-1,thunder.spider_skin.linear_probing,thunder,f1,92.300000,92.407330,0.107330,88.250000
43,0,h-optimus-1,thunder.spider_colorectal.linear_probing,thunder,f1,90.300000,90.615524,0.315524,88.500000
43,0,h0-mini,thunder.spider_skin.linear_probing,thunder,f1,90.400000,91.506490,1.106490,88.250000
43,0,h0-mini,thunder.mhist.linear_probing,thunder,f1,79.900000,81.565517,1.665517,81.200000
43,0,h0-mini,thunder.spider_thorax.linear_probing,thunder,f1,93.400000,94.434085,1.034085,93.300000
43,0,h0-mini,thunder.wilds.linear_probing,thunder,f1,98.200000,97.660359,0.539641,95.900000
43,0,h0-mini,hest.prad.gene_expression,hest,pearson_r,68.435000,68.825264,0.390264,67.570000
43,0,h0-mini,hest.lymph_idc.gene_expression,hest,pearson_r,63.145000,63.041528,0.103472,62.532500
43,0,h0-mini,thunder.spider_breast.linear_probing,thunder,f1,86.000000,86.087771,0.087771,82.000000
43,0,h0-mini,thunder.spider_colorectal.linear_probing,thunder,f1,90.200000,90.052385,0.147615,88.500000
43,0,h0-mini,thunder.break_his.linear_probing,thunder,f1,69.000000,74.371809,5.371809,69.400000
43,0,hibou-b,thunder.mhist.linear_probing,thunder,f1,76.500000,77.903485,1.403485,81.200000
43,0,hibou-b,thunder.tcga_tils.linear_probing,thunder,f1,89.600000,90.261973,0.661973,90.100000
43,0,hibou-b,thunder.patch_camelyon.linear_probing,thunder,f1,93.400000,92.591706,0.808294,91.400000
43,0,hibou-b,thunder.spider_colorectal.linear_probing,thunder,f1,90.700000,89.360513,1.339487,88.500000
43,0,hibou-b,thunder.break_his.linear_probing,thunder,f1,59.600000,47.227570,12.372430,69.400000
43,0,hibou-l,thunder.spider_skin.linear_probing,thunder,f1,93.300000,91.096761,2.203239,88.250000
43,0,hibou-l,thunder.spider_breast.linear_probing,thunder,f1,88.000000,85.696323,2.303677,82.000000
43,0,hibou-l,thunder.wilds.linear_probing,thunder,f1,98.100000,97.381029,0.718971,95.900000
43,0,hibou-l,hest.lymph_idc.gene_expression,hest,pearson_r,62.160000,63.232538,1.072538,62.532500
43,0,hibou-l,thunder.crc.linear_probing,thunder,f1,93.000000,94.102881,1.102881,92.950000
43,0,hibou-l,hest.ccrcc.gene_expression,hest,pearson_r,63.285000,62.945927,0.339073,62.290000
43,0,hibou-l,thunder.break_his.linear_probing,thunder,f1,69.400000,68.731681,0.668319,69.400000
43,0,hibou-l,thunder.esca.linear_probing,thunder,f1,77.500000,82.552271,5.052271,79.150000
43,0,hipt,pathorob.tcga_2x2.robustness_index,pathorob,robustness_index,61.400000,68.942363,7.542363,74.700000
43,0,kaiko-vit-b-16,hest.lung.gene_expression,hest,pearson_r,75.780000,76.173563,0.393563,77.320000
43,0,kaiko-vit-b-16,hest.coad.gene_expression,hest,pearson_r,64.060000,62.375671,1.684329,63.265000
43,0,kaiko-vit-b-16,hest.read.gene_expression,hest,pearson_r,57.625000,57.420074,0.204926,58.867500
43,0,kaiko-vit-b-8,pathorob.tcga_2x2.robustness_index,pathorob,robustness_index,76.300000,71.267982,5.032018,74.700000
43,0,kaiko-vit-b-8,hest.lung.gene_expression,hest,pearson_r,75.915000,76.750967,0.835967,77.320000
43,0,kaiko-vit-b-8,hest.idc.gene_expression,hest,pearson_r,77.995000,77.737864,0.257136,77.675000
43,0,kaiko-vit-b-8,hest.lymph_idc.gene_expression,hest,pearson_r,61.365000,62.413466,1.048466,62.532500
43,0,kaiko-vit-b-unspecified-patch,thunder.break_his.linear_probing,thunder,f1,67.200000,50.291723,16.908277,69.400000
43,0,kaiko-vit-b-unspecified-patch,thunder.ccrcc.linear_probing,thunder,f1,81.700000,84.846602,3.146602,84.600000
43,0,kaiko-vit-b-unspecified-patch,thunder.spider_skin.linear_probing,thunder,f1,87.400000,89.657796,2.257796,88.250000
43,0,kaiko-vit-b-unspecified-patch,thunder.crc.linear_probing,thunder,f1,94.500000,93.204241,1.295759,92.950000
43,0,kaiko-vit-b-unspecified-patch,thunder.patch_camelyon.linear_probing,thunder,f1,90.400000,92.069979,1.669979,91.400000
43,0,kaiko-vit-l-14,hest.lung.gene_expression,hest,pearson_r,76.895000,76.044445,0.850555,77.320000
43,0,kaiko-vit-l-14,hest.ccrcc.gene_expression,hest,pearson_r,60.970000,61.592355,0.622355,62.290000
43,0,kaiko-vit-l-14,hest.read.gene_expression,hest,pearson_r,57.360000,57.375968,0.015968,58.867500
43,0,kaiko-vit-s-16,hest.coad.gene_expression,hest,pearson_r,60.285000,61.353275,1.068275,63.265000
43,0,kaiko-vit-s-16,hest.skcm.gene_expression,hest,pearson_r,77.245000,76.634028,0.610972,79.085000
43,0,kaiko-vit-s-16,hest.idc.gene_expression,hest,pearson_r,76.665000,76.143161,0.521839,77.675000
43,0,kaiko-vit-s-8,hest.prad.gene_expression,hest,pearson_r,66.700000,66.831015,0.131015,67.570000
43,0,kaiko-vit-s-8,hest.skcm.gene_expression,hest,pearson_r,75.870000,76.836760,0.966760,79.085000
43,0,kaiko-vit-s-8,hest.ccrcc.gene_expression,hest,pearson_r,61.730000,60.286124,1.443876,62.290000
43,0,kaiko-vit-s-unspecified-patch,thunder.mhist.linear_probing,thunder,f1,81.400000,80.516733,0.883267,81.200000
43,0,kaiko-vit-s-unspecified-patch,thunder.spider_breast.linear_probing,thunder,f1,83.100000,83.370242,0.270242,82.000000
43,0,kaiko-vit-s-unspecified-patch,thunder.esca.linear_probing,thunder,f1,76.800000,79.633479,2.833479,79.150000
43,0,kaiko-vit-s-unspecified-patch,thunder.bach.linear_probing,thunder,f1,72.600000,71.365786,1.234214,69.450000
43,0,kaiko-vit-s-unspecified-patch,thunder.patch_camelyon.linear_probing,thunder,f1,90.400000,91.746402,1.346402,91.400000
43,0,kang-dino,pathorob.tcga_2x2.robustness_index,pathorob,robustness_index,66.100000,62.836803,3.263197,74.700000
43,0,keep,thunder.break_his.linear_probing,thunder,f1,65.900000,87.659299,21.759299,69.400000
43,0,keep,thunder.esca.linear_probing,thunder,f1,85.800000,84.666241,1.133759,79.150000
43,0,keep,thunder.mhist.linear_probing,thunder,f1,76.800000,83.958188,7.158188,81.200000
43,0,keep,thunder.bach.linear_probing,thunder,f1,77.000000,78.722792,1.722792,69.450000
43,0,keep,thunder.patch_camelyon.linear_probing,thunder,f1,92.600000,93.183438,0.583438,91.400000
43,0,lunit-vit-s-8,hest.read.gene_expression,hest,pearson_r,58.050000,58.064679,0.014679,58.867500
43,0,lunit-vit-s-8,hest.skcm.gene_expression,hest,pearson_r,78.690000,77.514136,1.175864,79.085000
43,0,lunit-vit-s-8,hest.lung.gene_expression,hest,pearson_r,77.075000,76.915269,0.159731,77.320000
43,0,midnight,thunder.ccrcc.linear_probing,thunder,f1,90.800000,90.573005,0.226995,84.600000
43,0,midnight,thunder.crc.linear_probing,thunder,f1,95.600000,94.596808,1.003192,92.950000
43,0,midnight,hest.ccrcc.gene_expression,hest,pearson_r,60.660000,63.386212,2.726212,62.290000
43,0,midnight,thunder.break_his.linear_probing,thunder,f1,56.700000,72.078860,15.378860,69.400000
43,0,midnight,hest.read.gene_expression,hest,pearson_r,59.280000,59.906823,0.626823,58.867500
43,0,midnight,thunder.patch_camelyon.linear_probing,thunder,f1,93.500000,94.022974,0.522974,91.400000
43,0,midnight,hest.idc.gene_expression,hest,pearson_r,79.115000,79.262789,0.147789,77.675000
43,0,midnight,hest.paad.gene_expression,hest,pearson_r,74.500000,74.159176,0.340824,72.927500
43,0,musk,thunder.bach.linear_probing,thunder,f1,69.900000,66.398662,3.501338,69.450000
43,0,musk,thunder.spider_breast.linear_probing,thunder,f1,80.600000,80.241948,0.358052,82.000000
43,0,musk,thunder.patch_camelyon.linear_probing,thunder,f1,89.400000,89.591546,0.191546,91.400000
43,0,musk,thunder.bracs.linear_probing,thunder,f1,63.300000,57.553418,5.746582,59.400000
43,0,musk,thunder.break_his.linear_probing,thunder,f1,77.600000,66.426505,11.173495,69.400000
43,0,musk,hest.read.gene_expression,hest,pearson_r,55.550000,57.442248,1.892248,58.867500
43,0,musk,hest.skcm.gene_expression,hest,pearson_r,76.165000,77.685111,1.520111,79.085000
43,0,musk,thunder.wilds.linear_probing,thunder,f1,96.000000,94.508381,1.491619,95.900000
43,0,musk,thunder.spider_skin.linear_probing,thunder,f1,87.600000,85.648142,1.951858,88.250000
43,0,openmidnight,thunder.spider_skin.linear_probing,thunder,f1,90.500000,90.825051,0.325051,88.250000
43,0,openmidnight,thunder.patch_camelyon.linear_probing,thunder,f1,93.200000,93.129322,0.070678,91.400000
43,0,openmidnight,thunder.spider_thorax.linear_probing,thunder,f1,93.700000,94.052218,0.352218,93.300000
43,0,openmidnight,thunder.tcga_uniform.linear_probing,thunder,f1,82.800000,76.907623,5.892377,72.700000
43,0,openmidnight,hest.lymph_idc.gene_expression,hest,pearson_r,62.990000,63.066828,0.076828,62.532500
43,0,openmidnight,thunder.bracs.linear_probing,thunder,f1,59.400000,61.535414,2.135414,59.400000
43,0,openmidnight,thunder.spider_breast.linear_probing,thunder,f1,84.500000,85.331451,0.831451,82.000000
43,0,openmidnight,thunder.tcga_tils.linear_probing,thunder,f1,91.000000,90.380705,0.619295,90.100000
43,0,phikon,thunder.esca.linear_probing,thunder,f1,76.700000,76.266625,0.433375,79.150000
43,0,phikon,thunder.spider_thorax.linear_probing,thunder,f1,92.400000,91.758908,0.641092,93.300000
43,0,phikon,pathorob.camelyon.robustness_index,pathorob,robustness_index,1.100000,13.763649,12.663649,50.550000
43,0,phikon,pathorob.tolkach_esca.robustness_index,pathorob,robustness_index,79.500000,82.078107,2.578107,89.900000
43,0,phikon,thunder.spider_breast.linear_probing,thunder,f1,84.900000,81.760938,3.139062,82.000000
43,0,phikon,hest.lung.gene_expression,hest,pearson_r,77.330000,76.662531,0.667469,77.320000
43,0,phikon,thunder.ccrcc.linear_probing,thunder,f1,89.800000,83.205010,6.594990,84.600000
43,0,phikon,hest.lymph_idc.gene_expression,hest,pearson_r,61.865000,62.234724,0.369724,62.532500
43,0,phikon,thunder.wilds.linear_probing,thunder,f1,97.800000,94.925437,2.874563,95.900000
43,0,phikon-v2,hest.skcm.gene_expression,hest,pearson_r,77.770000,78.861488,1.091488,79.085000
43,0,phikon-v2,thunder.spider_thorax.linear_probing,thunder,f1,94.700000,92.238934,2.461066,93.300000
43,0,phikon-v2,hest.lymph_idc.gene_expression,hest,pearson_r,62.185000,62.144008,0.040992,62.532500
43,0,phikon-v2,hest.paad.gene_expression,hest,pearson_r,72.275000,73.010425,0.735425,72.927500
43,0,phikon-v2,thunder.tcga_tils.linear_probing,thunder,f1,91.000000,89.191240,1.808760,90.100000
43,0,phikon-v2,hest.idc.gene_expression,hest,pearson_r,77.040000,77.934521,0.894521,77.675000
43,0,phikon-v2,pathorob.tcga_2x2.robustness_index,pathorob,robustness_index,61.900000,64.020949,2.120949,74.700000
43,0,phikon-v2,thunder.wilds.linear_probing,thunder,f1,95.800000,95.339125,0.460875,95.900000
43,0,phikon-v2,thunder.crc.linear_probing,thunder,f1,92.000000,92.673938,0.673938,92.950000
43,0,plip,thunder.spider_colorectal.linear_probing,thunder,f1,84.700000,85.017257,0.317257,88.500000
43,0,plip,thunder.tcga_uniform.linear_probing,thunder,f1,54.900000,57.936790,3.036790,72.700000
43,0,plip,thunder.tcga_tils.linear_probing,thunder,f1,87.200000,86.873266,0.326734,90.100000
43,0,plip,thunder.tcga_crc_msi.linear_probing,thunder,f1,56.000000,58.951330,2.951330,64.900000
43,0,plip,thunder.spider_skin.linear_probing,thunder,f1,82.100000,81.715619,0.384381,88.250000
43,0,prov-gigapath,pathorob.tcga_2x2.robustness_index,pathorob,robustness_index,73.800000,72.882413,0.917587,74.700000
43,0,prov-gigapath,thunder.ccrcc.linear_probing,thunder,f1,88.100000,87.988916,0.111084,84.600000
43,0,prov-gigapath,thunder.spider_thorax.linear_probing,thunder,f1,93.800000,93.700385,0.099615,93.300000
43,0,prov-gigapath,hest.ccrcc.gene_expression,hest,pearson_r,62.150000,62.952238,0.802238,62.290000
43,0,prov-gigapath,thunder.spider_breast.linear_probing,thunder,f1,85.500000,84.930677,0.569323,82.000000
43,0,prov-gigapath,hest.lung.gene_expression,hest,pearson_r,77.060000,77.526245,0.466245,77.320000
43,0,prov-gigapath,thunder.spider_colorectal.linear_probing,thunder,f1,90.300000,89.359820,0.940180,88.500000
43,0,prov-gigapath,hest.idc.gene_expression,hest,pearson_r,77.575000,78.715426,1.140426,77.675000
43,0,prov-gigapath,thunder.tcga_crc_msi.linear_probing,thunder,f1,68.000000,65.301964,2.698036,64.900000
43,0,quiltnet,thunder.tcga_tils.linear_probing,thunder,f1,87.000000,86.835299,0.164701,90.100000
43,0,quiltnet,thunder.spider_thorax.linear_probing,thunder,f1,88.500000,88.627569,0.127569,93.300000
43,0,quiltnet,thunder.patch_camelyon.linear_probing,thunder,f1,87.400000,86.824116,0.575884,91.400000
43,0,quiltnet,thunder.mhist.linear_probing,thunder,f1,73.500000,78.989496,5.489496,81.200000
43,0,quiltnet,thunder.spider_colorectal.linear_probing,thunder,f1,82.900000,85.018008,2.118008,88.500000
43,0,resnet50,hest.lung.gene_expression,hest,pearson_r,74.745000,74.955846,0.210846,77.320000
43,0,resnet50,hest.coad.gene_expression,hest,pearson_r,62.500000,60.920043,1.579957,63.265000
43,0,resnet50,hest.read.gene_expression,hest,pearson_r,53.915000,55.906023,1.991023,58.867500
43,0,retccl,pathorob.tolkach_esca.robustness_index,pathorob,robustness_index,87.800000,82.045681,5.754319,89.900000
43,0,rudolfv,pathorob.camelyon.robustness_index,pathorob,robustness_index,18.400000,3.064957,15.335043,50.550000
43,0,uni,thunder.tcga_tils.linear_probing,thunder,f1,90.100000,90.065195,0.034805,90.100000
43,0,uni,thunder.ccrcc.linear_probing,thunder,f1,90.700000,88.156283,2.543717,84.600000
43,0,uni,hest.skcm.gene_expression,hest,pearson_r,81.730000,79.917230,1.812770,79.085000
43,0,uni,thunder.esca.linear_probing,thunder,f1,83.400000,81.360786,2.039214,79.150000
43,0,uni,thunder.spider_thorax.linear_probing,thunder,f1,93.900000,93.586254,0.313746,93.300000
43,0,uni,hest.idc.gene_expression,hest,pearson_r,79.450000,78.591570,0.858430,77.675000
43,0,uni,hest.prad.gene_expression,hest,pearson_r,64.715000,68.345719,3.630719,67.570000
43,0,uni,thunder.patch_camelyon.linear_probing,thunder,f1,93.800000,92.583755,1.216245,91.400000
43,0,uni,thunder.break_his.linear_probing,thunder,f1,70.800000,69.682670,1.117330,69.400000
43,0,uni2-h,pathorob.tolkach_esca.robustness_index,pathorob,robustness_index,92.300000,92.369278,0.069278,89.900000
43,0,uni2-h,hest.skcm.gene_expression,hest,pearson_r,83.030000,81.080114,1.949886,79.085000
43,0,uni2-h,hest.lung.gene_expression,hest,pearson_r,77.935000,78.250943,0.315943,77.320000
43,0,uni2-h,thunder.tcga_uniform.linear_probing,thunder,f1,78.800000,81.189465,2.389465,72.700000
43,0,uni2-h,thunder.bach.linear_probing,thunder,f1,84.700000,78.520131,6.179869,69.450000
43,0,uni2-h,hest.coad.gene_expression,hest,pearson_r,65.075000,64.944238,0.130762,63.265000
43,0,uni2-h,thunder.tcga_tils.linear_probing,thunder,f1,90.400000,91.186392,0.786392,90.100000
43,0,uni2-h,thunder.esca.linear_probing,thunder,f1,86.400000,84.814953,1.585047,79.150000
43,0,uni2-h,thunder.bracs.linear_probing,thunder,f1,65.400000,63.200730,2.199270,59.400000
43,0,virchow,hest.lung.gene_expression,hest,pearson_r,78.320000,77.855959,0.464041,77.320000
43,0,virchow,hest.prad.gene_expression,hest,pearson_r,66.890000,68.750020,1.860020,67.570000
43,0,virchow,thunder.spider_colorectal.linear_probing,thunder,f1,90.200000,90.089937,0.110063,88.500000
43,0,virchow,hest.lymph_idc.gene_expression,hest,pearson_r,63.050000,63.078274,0.028274,62.532500
43,0,virchow,thunder.patch_camelyon.linear_probing,thunder,f1,93.600000,93.620848,0.020848,91.400000
43,0,virchow,hest.ccrcc.gene_expression,hest,pearson_r,62.930000,62.886317,0.043683,62.290000
43,0,virchow,hest.idc.gene_expression,hest,pearson_r,79.230000,79.164957,0.065043,77.675000
43,0,virchow,thunder.break_his.linear_probing,thunder,f1,62.700000,74.735325,12.035325,69.400000
43,0,virchow,thunder.spider_skin.linear_probing,thunder,f1,91.300000,91.569121,0.269121,88.250000
43,0,virchow-2,thunder.mhist.linear_probing,thunder,f1,83.600000,81.734238,1.865762,81.200000
43,0,virchow-2,thunder.spider_breast.linear_probing,thunder,f1,87.200000,86.489208,0.710792,82.000000
43,0,virchow-2,thunder.tcga_crc_msi.linear_probing,thunder,f1,69.600000,66.628960,2.971040,64.900000
43,0,virchow-2,hest.lung.gene_expression,hest,pearson_r,78.425000,77.932819,0.492181,77.320000
43,0,virchow-2,hest.prad.gene_expression,hest,pearson_r,67.645000,68.928426,1.283426,67.570000
43,0,virchow-2,pathorob.tolkach_esca.robustness_index,pathorob,robustness_index,95.500000,93.869037,1.630963,89.900000
43,0,virchow-2,thunder.crc.linear_probing,thunder,f1,93.000000,94.528074,1.528074,92.950000
43,0,virchow-2,thunder.patch_camelyon.linear_probing,thunder,f1,92.800000,93.829259,1.029259,91.400000
43,0,virchow-2,thunder.spider_thorax.linear_probing,thunder,f1,93.900000,94.654822,0.754822,93.300000
43,0,vit-b,thunder.patch_camelyon.linear_probing,thunder,f1,84.600000,86.588125,1.988125,91.400000
43,0,vit-b,thunder.esca.linear_probing,thunder,f1,62.700000,69.909241,7.209241,79.150000
43,0,vit-b,thunder.tcga_crc_msi.linear_probing,thunder,f1,59.100000,58.422330,0.677670,64.900000
43,0,vit-b,thunder.spider_colorectal.linear_probing,thunder,f1,84.700000,84.863690,0.163690,88.500000
43,0,vit-b,thunder.crc.linear_probing,thunder,f1,90.600000,90.352274,0.247726,92.950000
43,0,vit-l,thunder.spider_breast.linear_probing,thunder,f1,79.300000,76.806501,2.493499,82.000000
43,0,vit-l,thunder.esca.linear_probing,thunder,f1,67.900000,71.626844,3.726844,79.150000
43,0,vit-l,thunder.bach.linear_probing,thunder,f1,56.900000,61.249636,4.349636,69.450000
43,0,vit-l,thunder.break_his.linear_probing,thunder,f1,66.300000,65.277263,1.022737,69.400000
43,0,vit-l,thunder.spider_skin.linear_probing,thunder,f1,81.300000,81.807305,0.507305,88.250000
43,1,atlas,pathorob.tolkach_esca.robustness_index,pathorob,robustness_index,93.800000,94.189414,0.389414,89.900000
43,1,ciga,pathorob.tolkach_esca.robustness_index,pathorob,robustness_index,69.300000,74.452920,5.152920,89.900000
43,1,clip-b,thunder.spider_colorectal.linear_probing,thunder,f1,81.300000,82.363486,1.063486,89.600000
43,1,clip-b,thunder.wilds.linear_probing,thunder,f1,83.500000,87.470675,3.970675,96.250000
43,1,clip-b,thunder.tcga_tils.linear_probing,thunder,f1,83.800000,84.624613,0.824613,89.500000
43,1,clip-b,thunder.tcga_uniform.linear_probing,thunder,f1,47.900000,45.870198,2.029802,72.700000
43,1,clip-b,thunder.patch_camelyon.linear_probing,thunder,f1,82.700000,83.043525,0.343525,90.800000
43,1,clip-l,thunder.spider_breast.linear_probing,thunder,f1,73.600000,74.380486,0.780486,84.500000
43,1,clip-l,thunder.spider_colorectal.linear_probing,thunder,f1,82.800000,84.047538,1.247538,89.600000
43,1,clip-l,thunder.tcga_uniform.linear_probing,thunder,f1,54.100000,52.396662,1.703338,72.700000
43,1,clip-l,thunder.bach.linear_probing,thunder,f1,63.500000,53.540247,9.959753,69.650000
43,1,clip-l,thunder.spider_skin.linear_probing,thunder,f1,78.500000,79.308548,0.808548,88.450000
43,1,conch,hest.paad.gene_expression,hest,pearson_r,72.340000,73.622387,1.282387,73.730000
43,1,conch,hest.prad.gene_expression,hest,pearson_r,67.740000,67.796598,0.056598,67.530000
43,1,conch,thunder.esca.linear_probing,thunder,f1,80.100000,78.925300,1.174700,76.750000
43,1,conch,thunder.break_his.linear_probing,thunder,f1,68.800000,69.868758,1.068758,67.200000
43,1,conch,pathorob.tolkach_esca.robustness_index,pathorob,robustness_index,95.100000,93.230424,1.869576,89.900000
43,1,conch,thunder.spider_colorectal.linear_probing,thunder,f1,87.900000,88.245112,0.345112,89.600000
43,1,conch,thunder.tcga_tils.linear_probing,thunder,f1,88.100000,89.404341,1.304341,89.500000
43,1,conch,hest.lung.gene_expression,hest,pearson_r,76.610000,77.247238,0.637238,77.360000
43,1,conch,hest.ccrcc.gene_expression,hest,pearson_r,60.900000,61.849537,0.949537,62.290000
43,1,conch-1.5,pathorob.tolkach_esca.robustness_index,pathorob,robustness_index,95.100000,94.856844,0.243156,89.900000
43,1,conch-1.5,hest.skcm.gene_expression,hest,pearson_r,77.585000,79.779661,2.194661,78.095000
43,1,conch-1.5,thunder.bracs.linear_probing,thunder,f1,62.400000,60.079259,2.320741,60.900000
43,1,conch-1.5,thunder.ccrcc.linear_probing,thunder,f1,87.400000,87.195384,0.204616,83.000000
43,1,conch-1.5,thunder.wilds.linear_probing,thunder,f1,96.700000,96.538295,0.161705,96.250000
43,1,conch-1.5,thunder.tcga_crc_msi.linear_probing,thunder,f1,62.300000,63.782170,1.482170,64.650000
43,1,conch-1.5,hest.paad.gene_expression,hest,pearson_r,72.850000,73.851206,1.001206,73.730000
43,1,conch-1.5,hest.lymph_idc.gene_expression,hest,pearson_r,63.495000,62.880205,0.614795,62.725000
43,1,conch-1.5,thunder.bach.linear_probing,thunder,f1,76.800000,71.599537,5.200463,69.650000
43,1,ctranspath,hest.prad.gene_expression,hest,pearson_r,67.755000,65.631133,2.123867,67.530000
43,1,ctranspath,hest.ccrcc.gene_expression,hest,pearson_r,61.810000,60.668560,1.141440,62.290000
43,1,ctranspath,pathorob.tolkach_esca.robustness_index,pathorob,robustness_index,87.200000,84.014891,3.185109,89.900000
43,1,ctranspath,hest.paad.gene_expression,hest,pearson_r,71.570000,71.811825,0.241825,73.730000
43,1,dinov2-b,thunder.spider_breast.linear_probing,thunder,f1,76.000000,74.055391,1.944609,84.500000
43,1,dinov2-b,thunder.bach.linear_probing,thunder,f1,64.400000,57.998249,6.401751,69.650000
43,1,dinov2-b,thunder.esca.linear_probing,thunder,f1,73.800000,70.375310,3.424690,76.750000
43,1,dinov2-b,thunder.wilds.linear_probing,thunder,f1,90.700000,91.673017,0.973017,96.250000
43,1,dinov2-b,thunder.spider_colorectal.linear_probing,thunder,f1,83.900000,84.302041,0.402041,89.600000
43,1,dinov2-l,thunder.crc.linear_probing,thunder,f1,90.700000,90.759589,0.059589,92.900000
43,1,dinov2-l,thunder.ccrcc.linear_probing,thunder,f1,81.400000,80.782351,0.617649,83.000000
43,1,dinov2-l,thunder.tcga_uniform.linear_probing,thunder,f1,56.200000,56.858741,0.658741,72.700000
43,1,dinov2-l,thunder.spider_skin.linear_probing,thunder,f1,82.100000,81.613747,0.486253,88.450000
43,1,dinov2-l,thunder.bracs.linear_probing,thunder,f1,50.600000,55.827862,5.227862,60.900000
43,1,dinov3-b,thunder.wilds.linear_probing,thunder,f1,93.600000,92.798011,0.801989,96.250000
43,1,dinov3-b,thunder.spider_thorax.linear_probing,thunder,f1,90.000000,88.409072,1.590928,93.300000
43,1,dinov3-b,thunder.tcga_crc_msi.linear_probing,thunder,f1,57.200000,57.899694,0.699694,64.650000
43,1,dinov3-b,thunder.bracs.linear_probing,thunder,f1,55.400000,55.876170,0.476170,60.900000
43,1,dinov3-b,thunder.tcga_tils.linear_probing,thunder,f1,86.700000,86.578138,0.121862,89.500000
43,1,dinov3-l,thunder.bracs.linear_probing,thunder,f1,54.600000,56.753953,2.153953,60.900000
43,1,dinov3-l,thunder.spider_breast.linear_probing,thunder,f1,78.300000,76.985772,1.314228,84.500000
43,1,dinov3-l,thunder.break_his.linear_probing,thunder,f1,77.300000,79.781878,2.481878,67.200000
43,1,dinov3-l,thunder.tcga_tils.linear_probing,thunder,f1,87.000000,87.169518,0.169518,89.500000
43,1,dinov3-l,thunder.ccrcc.linear_probing,thunder,f1,82.500000,82.963936,0.463936,83.000000
43,1,dinov3-s,thunder.spider_colorectal.linear_probing,thunder,f1,85.000000,84.973083,0.026917,89.600000
43,1,dinov3-s,thunder.break_his.linear_probing,thunder,f1,82.900000,76.417951,6.482049,67.200000
43,1,dinov3-s,thunder.crc.linear_probing,thunder,f1,91.400000,90.733615,0.666385,92.900000
43,1,dinov3-s,thunder.spider_breast.linear_probing,thunder,f1,75.000000,75.531573,0.531573,84.500000
43,1,dinov3-s,thunder.esca.linear_probing,thunder,f1,72.600000,71.983666,0.616334,76.750000
43,1,genbio-pathfm,thunder.tcga_tils.linear_probing,thunder,f1,90.600000,91.311664,0.711664,89.500000
43,1,genbio-pathfm,thunder.spider_breast.linear_probing,thunder,f1,86.200000,87.229608,1.029608,84.500000
43,1,genbio-pathfm,thunder.wilds.linear_probing,thunder,f1,98.200000,98.262281,0.062281,96.250000
43,1,genbio-pathfm,thunder.esca.linear_probing,thunder,f1,84.700000,85.966081,1.266081,76.750000
43,1,genbio-pathfm,hest.ccrcc.gene_expression,hest,pearson_r,63.075000,62.975831,0.099169,62.290000
43,1,genbio-pathfm,hest.lung.gene_expression,hest,pearson_r,78.935000,78.305009,0.629991,77.360000
43,1,genbio-pathfm,thunder.spider_colorectal.linear_probing,thunder,f1,90.500000,90.602046,0.102046,89.600000
43,1,genbio-pathfm,thunder.tcga_uniform.linear_probing,thunder,f1,79.900000,79.656770,0.243230,72.700000
43,1,gpfm,hest.coad.gene_expression,hest,pearson_r,62.400000,64.364353,1.964353,63.377500
43,1,gpfm,hest.prad.gene_expression,hest,pearson_r,67.115000,65.547620,1.567380,67.530000
43,1,gpfm,hest.skcm.gene_expression,hest,pearson_r,79.455000,78.993434,0.461566,78.095000
43,1,h-optimus-0,hest.idc.gene_expression,hest,pearson_r,79.880000,78.986049,0.893951,77.410000
43,1,h-optimus-0,thunder.spider_thorax.linear_probing,thunder,f1,94.400000,94.345995,0.054005,93.300000
43,1,h-optimus-0,hest.skcm.gene_expression,hest,pearson_r,82.270000,81.341832,0.928168,78.095000
43,1,h-optimus-0,pathorob.tcga_2x2.robustness_index,pathorob,robustness_index,81.200000,81.774688,0.574688,69.950000
43,1,h-optimus-0,thunder.esca.linear_probing,thunder,f1,83.500000,84.416805,0.916805,76.750000
43,1,h-optimus-0,hest.paad.gene_expression,hest,pearson_r,74.555000,74.500310,0.054690,73.730000
43,1,h-optimus-0,thunder.tcga_tils.linear_probing,thunder,f1,91.000000,91.019286,0.019286,89.500000
43,1,h-optimus-0,thunder.break_his.linear_probing,thunder,f1,66.000000,75.347381,9.347381,67.200000
43,1,h-optimus-0,hest.coad.gene_expression,hest,pearson_r,65.430000,64.827299,0.602701,63.377500
43,1,h-optimus-1,thunder.wilds.linear_probing,thunder,f1,98.200000,98.296412,0.096412,96.250000
43,1,h-optimus-1,thunder.tcga_tils.linear_probing,thunder,f1,91.000000,91.393537,0.393537,89.500000
43,1,h-optimus-1,thunder.break_his.linear_probing,thunder,f1,76.000000,78.631444,2.631444,67.200000
43,1,h-optimus-1,thunder.ccrcc.linear_probing,thunder,f1,91.700000,92.113104,0.413104,83.000000
43,1,h-optimus-1,thunder.bach.linear_probing,thunder,f1,72.500000,80.992722,8.492722,69.650000
43,1,h-optimus-1,hest.paad.gene_expression,hest,pearson_r,74.820000,74.969936,0.149936,73.730000
43,1,h-optimus-1,hest.coad.gene_expression,hest,pearson_r,65.975000,65.161194,0.813806,63.377500
43,1,h-optimus-1,hest.idc.gene_expression,hest,pearson_r,80.120000,79.388101,0.731899,77.410000
43,1,h0-mini,hest.coad.gene_expression,hest,pearson_r,62.470000,64.605300,2.135300,63.377500
43,1,h0-mini,hest.skcm.gene_expression,hest,pearson_r,80.060000,80.892413,0.832413,78.095000
43,1,h0-mini,thunder.ccrcc.linear_probing,thunder,f1,90.200000,90.432194,0.232194,83.000000
43,1,h0-mini,thunder.crc.linear_probing,thunder,f1,95.800000,94.077609,1.722391,92.900000
43,1,h0-mini,hest.read.gene_expression,hest,pearson_r,59.315000,59.646265,0.331265,58.115000
43,1,h0-mini,pathorob.tcga_2x2.robustness_index,pathorob,robustness_index,79.400000,80.078956,0.678956,69.950000
43,1,h0-mini,pathorob.camelyon.robustness_index,pathorob,robustness_index,71.800000,56.190843,15.609157,35.850000
43,1,h0-mini,thunder.patch_camelyon.linear_probing,thunder,f1,94.300000,93.087191,1.212809,90.800000
43,1,h0-mini,thunder.tcga_crc_msi.linear_probing,thunder,f1,66.500000,67.500310,1.000310,64.650000
43,1,hibou-b,thunder.esca.linear_probing,thunder,f1,77.500000,79.516382,2.016382,76.750000
43,1,hibou-b,thunder.wilds.linear_probing,thunder,f1,97.100000,97.265155,0.165155,96.250000
43,1,hibou-b,thunder.spider_thorax.linear_probing,thunder,f1,94.500000,93.383744,1.116256,93.300000
43,1,hibou-b,thunder.crc.linear_probing,thunder,f1,93.900000,93.051095,0.848905,92.900000
43,1,hibou-b,thunder.spider_breast.linear_probing,thunder,f1,86.600000,85.470398,1.129602,84.500000
43,1,hibou-l,hest.idc.gene_expression,hest,pearson_r,78.505000,78.540084,0.035084,77.410000
43,1,hibou-l,thunder.ccrcc.linear_probing,thunder,f1,88.400000,89.975832,1.575832,83.000000
43,1,hibou-l,thunder.tcga_tils.linear_probing,thunder,f1,90.300000,90.922174,0.622174,89.500000
43,1,hibou-l,thunder.bach.linear_probing,thunder,f1,76.500000,76.531008,0.031008,69.650000
43,1,hibou-l,hest.skcm.gene_expression,hest,pearson_r,79.085000,80.090028,1.005028,78.095000
43,1,hibou-l,hest.read.gene_expression,hest,pearson_r,59.510000,59.518198,0.008198,58.115000
43,1,hibou-l,hest.paad.gene_expression,hest,pearson_r,73.370000,73.747378,0.377378,73.730000
43,1,hibou-l,hest.lung.gene_expression,hest,pearson_r,78.810000,77.526688,1.283312,77.360000
43,1,hipt,pathorob.tolkach_esca.robustness_index,pathorob,robustness_index,72.600000,85.056608,12.456608,89.900000
43,1,kaiko-vit-b-16,hest.lymph_idc.gene_expression,hest,pearson_r,61.825000,61.814470,0.010530,62.725000
43,1,kaiko-vit-b-16,hest.paad.gene_expression,hest,pearson_r,72.620000,72.432433,0.187567,73.730000
43,1,kaiko-vit-b-16,hest.prad.gene_expression,hest,pearson_r,66.375000,64.926115,1.448885,67.530000
43,1,kaiko-vit-b-8,hest.coad.gene_expression,hest,pearson_r,63.415000,62.626981,0.788019,63.377500
43,1,kaiko-vit-b-8,hest.skcm.gene_expression,hest,pearson_r,78.625000,77.729957,0.895043,78.095000
43,1,kaiko-vit-b-8,hest.prad.gene_expression,hest,pearson_r,68.055000,66.569770,1.485230,67.530000
43,1,kaiko-vit-b-8,hest.paad.gene_expression,hest,pearson_r,73.005000,72.782454,0.222546,73.730000
43,1,kaiko-vit-b-unspecified-patch,thunder.esca.linear_probing,thunder,f1,78.500000,79.389834,0.889834,76.750000
43,1,kaiko-vit-b-unspecified-patch,thunder.spider_breast.linear_probing,thunder,f1,81.900000,84.229985,2.329985,84.500000
43,1,kaiko-vit-b-unspecified-patch,thunder.spider_colorectal.linear_probing,thunder,f1,88.500000,88.818293,0.318293,89.600000
43,1,kaiko-vit-b-unspecified-patch,thunder.spider_thorax.linear_probing,thunder,f1,93.300000,92.878757,0.421243,93.300000
43,1,kaiko-vit-b-unspecified-patch,thunder.wilds.linear_probing,thunder,f1,95.600000,96.927084,1.327084,96.250000
43,1,kaiko-vit-l-14,hest.lymph_idc.gene_expression,hest,pearson_r,61.415000,62.046617,0.631617,62.725000
43,1,kaiko-vit-l-14,hest.prad.gene_expression,hest,pearson_r,67.350000,66.682534,0.667466,67.530000
43,1,kaiko-vit-l-14,hest.coad.gene_expression,hest,pearson_r,62.675000,62.203875,0.471125,63.377500
43,1,kaiko-vit-s-16,hest.lung.gene_expression,hest,pearson_r,75.150000,76.199056,1.049056,77.360000
43,1,kaiko-vit-s-16,hest.read.gene_expression,hest,pearson_r,56.640000,55.839381,0.800619,58.115000
43,1,kaiko-vit-s-16,hest.paad.gene_expression,hest,pearson_r,72.045000,72.154652,0.109652,73.730000
43,1,kaiko-vit-s-8,hest.lymph_idc.gene_expression,hest,pearson_r,62.315000,61.887087,0.427913,62.725000
43,1,kaiko-vit-s-8,hest.paad.gene_expression,hest,pearson_r,70.905000,72.475932,1.570932,73.730000
43,1,kaiko-vit-s-8,hest.lung.gene_expression,hest,pearson_r,75.265000,76.480450,1.215450,77.360000
43,1,kaiko-vit-s-unspecified-patch,thunder.ccrcc.linear_probing,thunder,f1,84.900000,87.008980,2.108980,83.000000
43,1,kaiko-vit-s-unspecified-patch,thunder.tcga_uniform.linear_probing,thunder,f1,75.700000,70.016124,5.683876,72.700000
43,1,kaiko-vit-s-unspecified-patch,thunder.tcga_crc_msi.linear_probing,thunder,f1,62.600000,63.716471,1.116471,64.650000
43,1,kaiko-vit-s-unspecified-patch,thunder.spider_skin.linear_probing,thunder,f1,88.600000,88.242753,0.357247,88.450000
43,1,kaiko-vit-s-unspecified-patch,thunder.spider_thorax.linear_probing,thunder,f1,93.100000,92.348131,0.751869,93.300000
43,1,kang-dino,pathorob.camelyon.robustness_index,pathorob,robustness_index,4.300000,13.177878,8.877878,35.850000
43,1,keep,thunder.crc.linear_probing,thunder,f1,94.700000,93.679038,1.020962,92.900000
43,1,keep,thunder.spider_colorectal.linear_probing,thunder,f1,89.700000,89.899585,0.199585,89.600000
43,1,keep,thunder.tcga_tils.linear_probing,thunder,f1,89.900000,90.808132,0.908132,89.500000
43,1,keep,thunder.spider_breast.linear_probing,thunder,f1,85.600000,86.442943,0.842943,84.500000
43,1,keep,thunder.wilds.linear_probing,thunder,f1,97.400000,97.729645,0.329645,96.250000
43,1,lunit-vit-s-8,hest.paad.gene_expression,hest,pearson_r,71.335000,73.196051,1.861051,73.730000
43,1,lunit-vit-s-8,hest.lymph_idc.gene_expression,hest,pearson_r,62.530000,62.273299,0.256701,62.725000
43,1,lunit-vit-s-8,hest.prad.gene_expression,hest,pearson_r,64.145000,66.261199,2.116199,67.530000
43,1,midnight,thunder.tcga_tils.linear_probing,thunder,f1,91.000000,91.148977,0.148977,89.500000
43,1,midnight,hest.coad.gene_expression,hest,pearson_r,64.540000,64.442667,0.097333,63.377500
43,1,midnight,thunder.spider_thorax.linear_probing,thunder,f1,94.400000,94.362925,0.037075,93.300000
43,1,midnight,thunder.esca.linear_probing,thunder,f1,86.200000,83.271816,2.928184,76.750000
43,1,midnight,thunder.mhist.linear_probing,thunder,f1,80.200000,79.011704,1.188296,81.350000
43,1,midnight,hest.lymph_idc.gene_expression,hest,pearson_r,63.210000,62.856303,0.353697,62.725000
43,1,midnight,thunder.tcga_uniform.linear_probing,thunder,f1,85.200000,77.905502,7.294498,72.700000
43,1,midnight,hest.skcm.gene_expression,hest,pearson_r,81.800000,80.619605,1.180395,78.095000
43,1,musk,hest.ccrcc.gene_expression,hest,pearson_r,59.125000,61.595830,2.470830,62.290000
43,1,musk,hest.prad.gene_expression,hest,pearson_r,67.150000,67.533838,0.383838,67.530000
43,1,musk,thunder.esca.linear_probing,thunder,f1,76.400000,76.809834,0.409834,76.750000
43,1,musk,pathorob.tcga_2x2.robustness_index,pathorob,robustness_index,72.700000,78.786802,6.086802,69.950000
43,1,musk,hest.lung.gene_expression,hest,pearson_r,75.855000,76.988065,1.133065,77.360000
43,1,musk,thunder.tcga_uniform.linear_probing,thunder,f1,66.000000,66.775268,0.775268,72.700000
43,1,musk,hest.paad.gene_expression,hest,pearson_r,71.385000,73.293063,1.908063,73.730000
43,1,musk,thunder.spider_colorectal.linear_probing,thunder,f1,87.900000,87.522378,0.377622,89.600000
43,1,musk,thunder.tcga_crc_msi.linear_probing,thunder,f1,63.200000,61.952605,1.247395,64.650000
43,1,openmidnight,thunder.mhist.linear_probing,thunder,f1,81.800000,81.065765,0.734235,81.350000
43,1,openmidnight,hest.paad.gene_expression,hest,pearson_r,73.655000,74.088676,0.433676,73.730000
43,1,openmidnight,thunder.tcga_crc_msi.linear_probing,thunder,f1,66.300000,66.402110,0.102110,64.650000
43,1,openmidnight,thunder.ccrcc.linear_probing,thunder,f1,92.000000,89.515327,2.484673,83.000000
43,1,openmidnight,thunder.break_his.linear_probing,thunder,f1,77.300000,72.077681,5.222319,67.200000
43,1,openmidnight,thunder.bach.linear_probing,thunder,f1,84.600000,75.821938,8.778062,69.650000
43,1,openmidnight,thunder.spider_colorectal.linear_probing,thunder,f1,88.300000,89.532190,1.232190,89.600000
43,1,openmidnight,thunder.esca.linear_probing,thunder,f1,79.800000,82.309529,2.509529,76.750000
43,1,phikon,thunder.mhist.linear_probing,thunder,f1,78.100000,77.933816,0.166184,81.350000
43,1,phikon,thunder.tcga_tils.linear_probing,thunder,f1,90.100000,89.499414,0.600586,89.500000
43,1,phikon,thunder.bracs.linear_probing,thunder,f1,56.900000,60.065734,3.165734,60.900000
43,1,phikon,thunder.spider_colorectal.linear_probing,thunder,f1,88.500000,88.399281,0.100719,89.600000
43,1,phikon,thunder.tcga_uniform.linear_probing,thunder,f1,76.600000,69.655828,6.944172,72.700000
43,1,phikon,hest.read.gene_expression,hest,pearson_r,57.660000,57.987925,0.327925,58.115000
43,1,phikon,thunder.patch_camelyon.linear_probing,thunder,f1,90.900000,91.171036,0.271036,90.800000
43,1,phikon,thunder.bach.linear_probing,thunder,f1,69.300000,69.116428,0.183572,69.650000
43,1,phikon,thunder.spider_skin.linear_probing,thunder,f1,87.900000,88.240386,0.340386,88.450000
43,1,phikon-v2,thunder.ccrcc.linear_probing,thunder,f1,76.700000,86.879111,10.179111,83.000000
43,1,phikon-v2,hest.lung.gene_expression,hest,pearson_r,77.095000,76.995116,0.099884,77.360000
43,1,phikon-v2,thunder.mhist.linear_probing,thunder,f1,79.200000,78.293823,0.906177,81.350000
43,1,phikon-v2,thunder.tcga_uniform.linear_probing,thunder,f1,77.700000,71.264089,6.435911,72.700000
43,1,phikon-v2,thunder.bracs.linear_probing,thunder,f1,58.200000,60.611154,2.411154,60.900000
43,1,phikon-v2,hest.read.gene_expression,hest,pearson_r,58.745000,58.315718,0.429282,58.115000
43,1,phikon-v2,thunder.bach.linear_probing,thunder,f1,64.700000,70.784207,6.084207,69.650000
43,1,phikon-v2,thunder.tcga_crc_msi.linear_probing,thunder,f1,61.100000,64.083491,2.983491,64.650000
43,1,phikon-v2,pathorob.camelyon.robustness_index,pathorob,robustness_index,1.900000,7.603572,5.703572,35.850000
43,1,plip,thunder.spider_thorax.linear_probing,thunder,f1,88.600000,88.405401,0.194599,93.300000
43,1,plip,thunder.patch_camelyon.linear_probing,thunder,f1,87.900000,86.861826,1.038174,90.800000
43,1,plip,thunder.wilds.linear_probing,thunder,f1,89.000000,92.317650,3.317650,96.250000
43,1,plip,thunder.mhist.linear_probing,thunder,f1,78.500000,74.808425,3.691575,81.350000
43,1,plip,thunder.bach.linear_probing,thunder,f1,63.900000,54.713352,9.186648,69.650000
43,1,prov-gigapath,hest.read.gene_expression,hest,pearson_r,59.805000,58.968531,0.836469,58.115000
43,1,prov-gigapath,thunder.bach.linear_probing,thunder,f1,70.700000,74.209660,3.509660,69.650000
43,1,prov-gigapath,thunder.crc.linear_probing,thunder,f1,94.700000,93.416258,1.283742,92.900000
43,1,prov-gigapath,hest.lymph_idc.gene_expression,hest,pearson_r,62.500000,62.489474,0.010526,62.725000
43,1,prov-gigapath,thunder.patch_camelyon.linear_probing,thunder,f1,93.500000,92.388961,1.111039,90.800000
43,1,prov-gigapath,thunder.tcga_uniform.linear_probing,thunder,f1,74.400000,74.194724,0.205276,72.700000
43,1,prov-gigapath,hest.prad.gene_expression,hest,pearson_r,68.495000,66.942854,1.552146,67.530000
43,1,prov-gigapath,thunder.wilds.linear_probing,thunder,f1,94.800000,97.403919,2.603919,96.250000
43,1,prov-gigapath,thunder.esca.linear_probing,thunder,f1,81.700000,81.072021,0.627979,76.750000
43,1,quiltnet,thunder.bach.linear_probing,thunder,f1,58.400000,55.330405,3.069595,69.650000
43,1,quiltnet,thunder.crc.linear_probing,thunder,f1,92.500000,89.542540,2.957460,92.900000
43,1,quiltnet,thunder.bracs.linear_probing,thunder,f1,55.900000,55.679400,0.220600,60.900000
43,1,quiltnet,thunder.esca.linear_probing,thunder,f1,61.500000,67.205057,5.705057,76.750000
43,1,quiltnet,thunder.tcga_uniform.linear_probing,thunder,f1,54.100000,55.686718,1.586718,72.700000
43,1,resnet50,hest.ccrcc.gene_expression,hest,pearson_r,61.260000,60.296972,0.963028,62.290000
43,1,resnet50,hest.lymph_idc.gene_expression,hest,pearson_r,61.525000,61.388672,0.136328,62.725000
43,1,resnet50,hest.paad.gene_expression,hest,pearson_r,69.400000,71.168159,1.768159,73.730000
43,1,retccl,pathorob.tcga_2x2.robustness_index,pathorob,robustness_index,59.300000,72.739570,13.439570,69.950000
43,1,rudolfv,pathorob.tolkach_esca.robustness_index,pathorob,robustness_index,69.500000,79.985595,10.485595,89.900000
43,1,uni,thunder.spider_colorectal.linear_probing,thunder,f1,90.400000,89.688324,0.711676,89.600000
43,1,uni,hest.read.gene_expression,hest,pearson_r,59.180000,59.218843,0.038843,58.115000
43,1,uni,thunder.mhist.linear_probing,thunder,f1,82.400000,79.960742,2.439258,81.350000
43,1,uni,thunder.bracs.linear_probing,thunder,f1,59.400000,62.052558,2.652558,60.900000
43,1,uni,thunder.spider_breast.linear_probing,thunder,f1,85.700000,85.905844,0.205844,84.500000
43,1,uni,hest.paad.gene_expression,hest,pearson_r,74.035000,73.784469,0.250531,73.730000
43,1,uni,hest.coad.gene_expression,hest,pearson_r,63.070000,64.338611,1.268611,63.377500
43,1,uni,thunder.crc.linear_probing,thunder,f1,93.100000,93.653551,0.553551,92.900000
43,1,uni,thunder.tcga_crc_msi.linear_probing,thunder,f1,65.900000,66.472672,0.572672,64.650000
43,1,uni2-h,pathorob.camelyon.robustness_index,pathorob,robustness_index,54.400000,56.344162,1.944162,35.850000
43,1,uni2-h,hest.prad.gene_expression,hest,pearson_r,67.845000,68.218551,0.373551,67.530000
43,1,uni2-h,thunder.ccrcc.linear_probing,thunder,f1,89.500000,92.234053,2.734053,83.000000
43,1,uni2-h,thunder.spider_breast.linear_probing,thunder,f1,86.700000,88.208238,1.508238,84.500000
43,1,uni2-h,hest.paad.gene_expression,hest,pearson_r,75.005000,74.665427,0.339573,73.730000
43,1,uni2-h,hest.lymph_idc.gene_expression,hest,pearson_r,63.635000,63.143543,0.491457,62.725000
43,1,uni2-h,hest.idc.gene_expression,hest,pearson_r,79.490000,79.366206,0.123794,77.410000
43,1,uni2-h,thunder.tcga_crc_msi.linear_probing,thunder,f1,66.900000,69.859573,2.959573,64.650000
43,1,uni2-h,thunder.spider_colorectal.linear_probing,thunder,f1,90.500000,90.984614,0.484614,89.600000
43,1,virchow,pathorob.camelyon.robustness_index,pathorob,robustness_index,75.100000,52.849785,22.250215,35.850000
43,1,virchow,thunder.spider_thorax.linear_probing,thunder,f1,94.700000,94.142697,0.557303,93.300000
43,1,virchow,thunder.bracs.linear_probing,thunder,f1,59.800000,62.660893,2.860893,60.900000
43,1,virchow,pathorob.tolkach_esca.robustness_index,pathorob,robustness_index,93.200000,91.728992,1.471008,89.900000
43,1,virchow,thunder.ccrcc.linear_probing,thunder,f1,91.700000,90.388446,1.311554,83.000000
43,1,virchow,pathorob.tcga_2x2.robustness_index,pathorob,robustness_index,76.100000,79.045864,2.945864,69.950000
43,1,virchow,thunder.esca.linear_probing,thunder,f1,84.300000,83.411688,0.888312,76.750000
43,1,virchow,hest.coad.gene_expression,hest,pearson_r,65.395000,64.627022,0.767978,63.377500
43,1,virchow,thunder.tcga_tils.linear_probing,thunder,f1,90.700000,90.869637,0.169637,89.500000
43,1,virchow-2,pathorob.camelyon.robustness_index,pathorob,robustness_index,80.600000,71.354670,9.245330,35.850000
43,1,virchow-2,thunder.spider_colorectal.linear_probing,thunder,f1,90.800000,89.974921,0.825079,89.600000
43,1,virchow-2,thunder.esca.linear_probing,thunder,f1,88.900000,83.883080,5.016920,76.750000
43,1,virchow-2,pathorob.tcga_2x2.robustness_index,pathorob,robustness_index,82.200000,83.252855,1.052855,69.950000
43,1,virchow-2,thunder.bach.linear_probing,thunder,f1,76.500000,77.952682,1.452682,69.650000
43,1,virchow-2,thunder.spider_skin.linear_probing,thunder,f1,92.000000,91.175556,0.824444,88.450000
43,1,virchow-2,hest.coad.gene_expression,hest,pearson_r,62.905000,64.618086,1.713086,63.377500
43,1,virchow-2,hest.paad.gene_expression,hest,pearson_r,73.895000,74.469346,0.574346,73.730000
43,1,virchow-2,thunder.ccrcc.linear_probing,thunder,f1,93.600000,90.648949,2.951051,83.000000
43,1,vit-b,thunder.spider_skin.linear_probing,thunder,f1,81.200000,80.636179,0.563821,88.450000
43,1,vit-b,thunder.spider_breast.linear_probing,thunder,f1,78.200000,75.405717,2.794283,84.500000
43,1,vit-b,thunder.spider_thorax.linear_probing,thunder,f1,87.900000,87.861847,0.038153,93.300000
43,1,vit-b,thunder.break_his.linear_probing,thunder,f1,64.500000,64.120734,0.379266,67.200000
43,1,vit-b,thunder.mhist.linear_probing,thunder,f1,77.600000,79.287253,1.687253,81.350000
43,1,vit-l,thunder.spider_colorectal.linear_probing,thunder,f1,85.100000,85.424125,0.324125,89.600000
43,1,vit-l,thunder.wilds.linear_probing,thunder,f1,92.600000,93.150635,0.550635,96.250000
43,1,vit-l,thunder.bracs.linear_probing,thunder,f1,54.800000,56.269923,1.469923,60.900000
43,1,vit-l,thunder.tcga_crc_msi.linear_probing,thunder,f1,56.800000,57.778821,0.978821,64.650000
43,1,vit-l,thunder.mhist.linear_probing,thunder,f1,79.800000,79.620994,0.179006,81.350000
43,2,atlas,pathorob.camelyon.robustness_index,pathorob,robustness_index,78.500000,72.682932,5.817068,36.400000
43,2,ciga,pathorob.tcga_2x2.robustness_index,pathorob,robustness_index,51.100000,67.114997,16.014997,76.100000
43,2,clip-b,thunder.break_his.linear_probing,thunder,f1,40.000000,61.445758,21.445758,68.900000
43,2,clip-b,thunder.spider_thorax.linear_probing,thunder,f1,84.700000,85.633685,0.933685,93.350000
43,2,clip-b,thunder.bracs.linear_probing,thunder,f1,52.400000,50.205656,2.194344,59.400000
43,2,clip-b,thunder.ccrcc.linear_probing,thunder,f1,73.700000,73.786182,0.086182,89.650000
43,2,clip-b,thunder.bach.linear_probing,thunder,f1,51.100000,52.349965,1.249965,69.800000
43,2,clip-b,thunder.spider_skin.linear_probing,thunder,f1,75.800000,74.772226,1.027774,87.500000
43,2,clip-l,thunder.crc.linear_probing,thunder,f1,88.300000,90.255906,1.955906,93.050000
43,2,clip-l,thunder.esca.linear_probing,thunder,f1,67.600000,67.818034,0.218034,78.000000
43,2,clip-l,thunder.ccrcc.linear_probing,thunder,f1,75.900000,79.491170,3.591170,89.650000
43,2,clip-l,thunder.wilds.linear_probing,thunder,f1,93.200000,89.911721,3.288279,95.800000
43,2,clip-l,thunder.spider_thorax.linear_probing,thunder,f1,86.700000,87.916927,1.216927,93.350000
43,2,clip-l,thunder.break_his.linear_probing,thunder,f1,54.500000,63.013714,8.513714,68.900000
43,2,conch,hest.skcm.gene_expression,hest,pearson_r,78.935000,78.781070,0.153930,78.887500
43,2,conch,thunder.ccrcc.linear_probing,thunder,f1,88.100000,87.312673,0.787327,89.650000
43,2,conch,hest.read.gene_expression,hest,pearson_r,58.010000,58.154277,0.144277,58.230000
43,2,conch,thunder.tcga_uniform.linear_probing,thunder,f1,68.000000,73.648382,5.648382,75.050000
43,2,conch,hest.lymph_idc.gene_expression,hest,pearson_r,62.535000,62.469590,0.065410,62.500000
43,2,conch,thunder.spider_breast.linear_probing,thunder,f1,82.100000,83.551870,1.451870,84.500000
43,2,conch,thunder.wilds.linear_probing,thunder,f1,97.200000,96.420790,0.779210,95.800000
43,2,conch,hest.idc.gene_expression,hest,pearson_r,76.815000,77.852894,1.037894,79.115000
43,2,conch,pathorob.camelyon.robustness_index,pathorob,robustness_index,66.200000,49.737549,16.462451,36.400000
43,2,conch,thunder.crc.linear_probing,thunder,f1,93.400000,93.599902,0.199902,93.050000
43,2,conch-1.5,thunder.tcga_uniform.linear_probing,thunder,f1,69.400000,75.674005,6.274005,75.050000
43,2,conch-1.5,hest.prad.gene_expression,hest,pearson_r,69.040000,67.853011,1.186989,67.497500
43,2,conch-1.5,hest.lung.gene_expression,hest,pearson_r,77.565000,77.115021,0.449979,77.085000
43,2,conch-1.5,thunder.mhist.linear_probing,thunder,f1,81.200000,81.278026,0.078026,79.800000
43,2,conch-1.5,thunder.spider_breast.linear_probing,thunder,f1,81.600000,84.364778,2.764778,84.500000
43,2,conch-1.5,pathorob.tcga_2x2.robustness_index,pathorob,robustness_index,83.200000,78.860236,4.339764,76.100000
43,2,conch-1.5,thunder.break_his.linear_probing,thunder,f1,75.300000,71.083390,4.216610,68.900000
43,2,conch-1.5,hest.idc.gene_expression,hest,pearson_r,77.200000,78.077178,0.877178,79.115000
43,2,conch-1.5,thunder.patch_camelyon.linear_probing,thunder,f1,91.400000,92.036721,0.636721,90.500000
43,2,conch-1.5,thunder.spider_skin.linear_probing,thunder,f1,87.000000,89.287596,2.287596,87.500000
43,2,ctranspath,pathorob.tcga_2x2.robustness_index,pathorob,robustness_index,65.200000,69.357721,4.157721,76.100000
43,2,ctranspath,hest.lung.gene_expression,hest,pearson_r,75.685000,75.913042,0.228042,77.085000
43,2,ctranspath,hest.coad.gene_expression,hest,pearson_r,61.910000,62.637774,0.727774,63.242500
43,2,ctranspath,hest.read.gene_expression,hest,pearson_r,54.840000,56.723645,1.883645,58.230000
43,2,dinov2-b,thunder.patch_camelyon.linear_probing,thunder,f1,86.300000,86.427581,0.127581,90.500000
43,2,dinov2-b,thunder.spider_thorax.linear_probing,thunder,f1,87.600000,88.218093,0.618093,93.350000
43,2,dinov2-b,thunder.tcga_crc_msi.linear_probing,thunder,f1,58.600000,57.000232,1.599768,62.600000
43,2,dinov2-b,thunder.mhist.linear_probing,thunder,f1,82.600000,81.838805,0.761195,79.800000
43,2,dinov2-b,thunder.tcga_uniform.linear_probing,thunder,f1,54.400000,56.370145,1.970145,75.050000
43,2,dinov2-b,thunder.crc.linear_probing,thunder,f1,90.300000,90.557611,0.257611,93.050000
43,2,dinov2-l,thunder.spider_thorax.linear_probing,thunder,f1,87.700000,88.107568,0.407568,93.350000
43,2,dinov2-l,thunder.spider_breast.linear_probing,thunder,f1,74.000000,75.589048,1.589048,84.500000
43,2,dinov2-l,thunder.patch_camelyon.linear_probing,thunder,f1,87.200000,86.621876,0.578124,90.500000
43,2,dinov2-l,thunder.mhist.linear_probing,thunder,f1,82.300000,82.708367,0.408367,79.800000
43,2,dinov2-l,thunder.spider_colorectal.linear_probing,thunder,f1,85.300000,84.468037,0.831963,88.100000
43,2,dinov2-l,thunder.break_his.linear_probing,thunder,f1,78.500000,78.607208,0.107208,68.900000
43,2,dinov3-b,thunder.break_his.linear_probing,thunder,f1,81.800000,61.243658,20.556342,68.900000
43,2,dinov3-b,thunder.spider_skin.linear_probing,thunder,f1,81.600000,83.086802,1.486802,87.500000
43,2,dinov3-b,thunder.crc.linear_probing,thunder,f1,89.500000,91.253214,1.753214,93.050000
43,2,dinov3-b,thunder.ccrcc.linear_probing,thunder,f1,80.700000,81.468274,0.768274,89.650000
43,2,dinov3-b,thunder.spider_breast.linear_probing,thunder,f1,76.500000,77.970055,1.470055,84.500000
43,2,dinov3-b,thunder.mhist.linear_probing,thunder,f1,82.700000,77.826122,4.873878,79.800000
43,2,dinov3-l,thunder.bach.linear_probing,thunder,f1,57.900000,68.169646,10.269646,69.800000
43,2,dinov3-l,thunder.tcga_crc_msi.linear_probing,thunder,f1,55.500000,59.821757,4.321757,62.600000
43,2,dinov3-l,thunder.esca.linear_probing,thunder,f1,76.000000,75.264150,0.735850,78.000000
43,2,dinov3-l,thunder.crc.linear_probing,thunder,f1,91.500000,91.852624,0.352624,93.050000
43,2,dinov3-l,thunder.tcga_uniform.linear_probing,thunder,f1,59.300000,63.596560,4.296560,75.050000
43,2,dinov3-l,thunder.spider_thorax.linear_probing,thunder,f1,90.100000,89.872589,0.227411,93.350000
43,2,dinov3-s,thunder.mhist.linear_probing,thunder,f1,82.900000,83.160105,0.260105,79.800000
43,2,dinov3-s,thunder.ccrcc.linear_probing,thunder,f1,81.600000,80.990547,0.609453,89.650000
43,2,dinov3-s,thunder.wilds.linear_probing,thunder,f1,94.100000,91.316385,2.783615,95.800000
43,2,dinov3-s,thunder.spider_skin.linear_probing,thunder,f1,81.800000,80.719078,1.080922,87.500000
43,2,dinov3-s,thunder.tcga_uniform.linear_probing,thunder,f1,53.900000,57.169661,3.269661,75.050000
43,2,dinov3-s,thunder.bracs.linear_probing,thunder,f1,56.500000,53.404961,3.095039,59.400000
43,2,genbio-pathfm,thunder.spider_thorax.linear_probing,thunder,f1,94.600000,94.612006,0.012006,93.350000
43,2,genbio-pathfm,thunder.spider_skin.linear_probing,thunder,f1,93.500000,92.140901,1.359099,87.500000
43,2,genbio-pathfm,thunder.break_his.linear_probing,thunder,f1,76.600000,73.321823,3.278177,68.900000
43,2,genbio-pathfm,thunder.bach.linear_probing,thunder,f1,78.100000,80.107121,2.007121,69.800000
43,2,genbio-pathfm,hest.coad.gene_expression,hest,pearson_r,66.420000,65.100930,1.319070,63.242500
43,2,genbio-pathfm,thunder.crc.linear_probing,thunder,f1,95.600000,95.230881,0.369119,93.050000
43,2,genbio-pathfm,hest.read.gene_expression,hest,pearson_r,58.925000,60.496763,1.571763,58.230000
43,2,genbio-pathfm,hest.prad.gene_expression,hest,pearson_r,69.565000,67.574305,1.990695,67.497500
43,2,genbio-pathfm,thunder.patch_camelyon.linear_probing,thunder,f1,93.800000,94.052014,0.252014,90.500000
43,2,gpfm,hest.lymph_idc.gene_expression,hest,pearson_r,61.855000,62.537057,0.682057,62.500000
43,2,gpfm,hest.ccrcc.gene_expression,hest,pearson_r,62.955000,61.228777,1.726223,61.495000
43,2,gpfm,hest.idc.gene_expression,hest,pearson_r,78.300000,78.039971,0.260029,79.115000
43,2,h-optimus-0,thunder.wilds.linear_probing,thunder,f1,98.700000,98.063695,0.636305,95.800000
43,2,h-optimus-0,thunder.spider_colorectal.linear_probing,thunder,f1,89.900000,90.514306,0.614306,88.100000
43,2,h-optimus-0,thunder.patch_camelyon.linear_probing,thunder,f1,93.000000,93.793134,0.793134,90.500000
43,2,h-optimus-0,pathorob.tolkach_esca.robustness_index,pathorob,robustness_index,91.800000,93.541804,1.741804,90.050000
43,2,h-optimus-0,thunder.spider_breast.linear_probing,thunder,f1,87.200000,87.368164,0.168164,84.500000
43,2,h-optimus-0,hest.ccrcc.gene_expression,hest,pearson_r,63.380000,62.620489,0.759511,61.495000
43,2,h-optimus-0,thunder.spider_skin.linear_probing,thunder,f1,91.900000,91.831682,0.068318,87.500000
43,2,h-optimus-0,hest.lymph_idc.gene_expression,hest,pearson_r,62.955000,63.272292,0.317292,62.500000
43,2,h-optimus-0,thunder.crc.linear_probing,thunder,f1,93.500000,95.035939,1.535939,93.050000
43,2,h-optimus-0,hest.prad.gene_expression,hest,pearson_r,69.240000,67.820558,1.419442,67.497500
43,2,h-optimus-1,thunder.esca.linear_probing,thunder,f1,87.100000,86.519350,0.580650,78.000000
43,2,h-optimus-1,thunder.patch_camelyon.linear_probing,thunder,f1,93.300000,94.514728,1.214728,90.500000
43,2,h-optimus-1,thunder.tcga_uniform.linear_probing,thunder,f1,81.000000,85.379977,4.379977,75.050000
43,2,h-optimus-1,thunder.tcga_crc_msi.linear_probing,thunder,f1,67.900000,69.694116,1.794116,62.600000
43,2,h-optimus-1,thunder.spider_breast.linear_probing,thunder,f1,86.100000,88.620296,2.520296,84.500000
43,2,h-optimus-1,hest.skcm.gene_expression,hest,pearson_r,82.945000,82.204497,0.740503,78.887500
43,2,h-optimus-1,hest.ccrcc.gene_expression,hest,pearson_r,62.665000,62.968014,0.303014,61.495000
43,2,h-optimus-1,thunder.spider_thorax.linear_probing,thunder,f1,93.600000,95.006914,1.406914,93.350000
43,2,h-optimus-1,thunder.crc.linear_probing,thunder,f1,94.600000,95.542417,0.942417,93.050000
43,2,h0-mini,hest.idc.gene_expression,hest,pearson_r,79.310000,78.750228,0.559772,79.115000
43,2,h0-mini,pathorob.tolkach_esca.robustness_index,pathorob,robustness_index,93.200000,94.198938,0.998938,90.050000
43,2,h0-mini,thunder.bach.linear_probing,thunder,f1,71.300000,77.217798,5.917798,69.800000
43,2,h0-mini,thunder.tcga_tils.linear_probing,thunder,f1,91.700000,90.495450,1.204550,89.900000
43,2,h0-mini,hest.lung.gene_expression,hest,pearson_r,77.410000,77.737796,0.327796,77.085000
43,2,h0-mini,thunder.esca.linear_probing,thunder,f1,84.400000,83.072427,1.327573,78.000000
43,2,h0-mini,hest.ccrcc.gene_expression,hest,pearson_r,63.350000,62.008920,1.341080,61.495000
43,2,h0-mini,thunder.tcga_uniform.linear_probing,thunder,f1,78.200000,80.043963,1.843963,75.050000
43,2,h0-mini,hest.paad.gene_expression,hest,pearson_r,74.595000,73.686235,0.908765,73.005000
43,2,h0-mini,thunder.bracs.linear_probing,thunder,f1,60.700000,61.774860,1.074860,59.400000
43,2,hibou-b,thunder.ccrcc.linear_probing,thunder,f1,84.300000,88.593451,4.293451,89.650000
43,2,hibou-b,thunder.spider_skin.linear_probing,thunder,f1,91.100000,90.487869,0.612131,87.500000
43,2,hibou-b,thunder.tcga_crc_msi.linear_probing,thunder,f1,66.200000,64.842515,1.357485,62.600000
43,2,hibou-b,thunder.tcga_uniform.linear_probing,thunder,f1,70.200000,77.988380,7.788380,75.050000
43,2,hibou-b,thunder.bracs.linear_probing,thunder,f1,61.700000,61.186220,0.513780,59.400000
43,2,hibou-b,thunder.bach.linear_probing,thunder,f1,65.600000,73.681947,8.081947,69.800000
43,2,hibou-l,thunder.bracs.linear_probing,thunder,f1,62.700000,61.410043,1.289957,59.400000
43,2,hibou-l,hest.prad.gene_expression,hest,pearson_r,64.725000,67.680099,2.955099,67.497500
43,2,hibou-l,thunder.mhist.linear_probing,thunder,f1,81.300000,80.806029,0.493971,79.800000
43,2,hibou-l,thunder.spider_colorectal.linear_probing,thunder,f1,89.800000,89.741749,0.058251,88.100000
43,2,hibou-l,thunder.spider_thorax.linear_probing,thunder,f1,94.100000,93.915870,0.184130,93.350000
43,2,hibou-l,thunder.patch_camelyon.linear_probing,thunder,f1,93.300000,93.030010,0.269990,90.500000
43,2,hibou-l,thunder.tcga_crc_msi.linear_probing,thunder,f1,68.100000,66.052986,2.047014,62.600000
43,2,hibou-l,hest.coad.gene_expression,hest,pearson_r,65.200000,64.346714,0.853286,63.242500
43,2,hibou-l,thunder.tcga_uniform.linear_probing,thunder,f1,75.200000,79.437279,4.237279,75.050000
43,2,hipt,pathorob.camelyon.robustness_index,pathorob,robustness_index,64.900000,2.279757,62.620243,36.400000
43,2,kaiko-vit-b-16,hest.ccrcc.gene_expression,hest,pearson_r,61.455000,61.308325,0.146675,61.495000
43,2,kaiko-vit-b-16,hest.skcm.gene_expression,hest,pearson_r,77.510000,77.901446,0.391446,78.887500
43,2,kaiko-vit-b-16,hest.idc.gene_expression,hest,pearson_r,76.760000,77.146497,0.386497,79.115000
43,2,kaiko-vit-b-8,pathorob.camelyon.robustness_index,pathorob,robustness_index,14.700000,33.362834,18.662834,36.400000
43,2,kaiko-vit-b-8,hest.read.gene_expression,hest,pearson_r,58.115000,57.807817,0.307183,58.230000
43,2,kaiko-vit-b-8,hest.ccrcc.gene_expression,hest,pearson_r,61.565000,61.287818,0.277182,61.495000
43,2,kaiko-vit-b-8,pathorob.tolkach_esca.robustness_index,pathorob,robustness_index,89.600000,91.906091,2.306091,90.050000
43,2,kaiko-vit-b-unspecified-patch,thunder.tcga_tils.linear_probing,thunder,f1,90.200000,88.941167,1.258833,89.900000
43,2,kaiko-vit-b-unspecified-patch,thunder.tcga_uniform.linear_probing,thunder,f1,79.100000,71.798978,7.301022,75.050000
43,2,kaiko-vit-b-unspecified-patch,thunder.bach.linear_probing,thunder,f1,69.600000,70.902724,1.302724,69.800000
43,2,kaiko-vit-b-unspecified-patch,thunder.bracs.linear_probing,thunder,f1,59.400000,58.635208,0.764792,59.400000
43,2,kaiko-vit-b-unspecified-patch,thunder.mhist.linear_probing,thunder,f1,78.300000,79.841524,1.541524,79.800000
43,2,kaiko-vit-b-unspecified-patch,thunder.tcga_crc_msi.linear_probing,thunder,f1,67.000000,62.445803,4.554197,62.600000
43,2,kaiko-vit-l-14,hest.paad.gene_expression,hest,pearson_r,71.860000,72.082107,0.222107,73.005000
43,2,kaiko-vit-l-14,hest.idc.gene_expression,hest,pearson_r,77.675000,77.011059,0.663941,79.115000
43,2,kaiko-vit-l-14,hest.skcm.gene_expression,hest,pearson_r,77.665000,77.507572,0.157428,78.887500
43,2,kaiko-vit-s-16,hest.ccrcc.gene_expression,hest,pearson_r,60.495000,59.153702,1.341298,61.495000
43,2,kaiko-vit-s-16,hest.lymph_idc.gene_expression,hest,pearson_r,61.245000,61.500547,0.255547,62.500000
43,2,kaiko-vit-s-16,hest.prad.gene_expression,hest,pearson_r,67.415000,66.039755,1.375245,67.497500
43,2,kaiko-vit-s-8,hest.idc.gene_expression,hest,pearson_r,76.520000,76.496005,0.023995,79.115000
43,2,kaiko-vit-s-8,hest.read.gene_expression,hest,pearson_r,57.345000,56.739158,0.605842,58.230000
43,2,kaiko-vit-s-8,hest.coad.gene_expression,hest,pearson_r,61.405000,62.603340,1.198340,63.242500
43,2,kaiko-vit-s-unspecified-patch,thunder.bracs.linear_probing,thunder,f1,61.500000,58.749057,2.750943,59.400000
43,2,kaiko-vit-s-unspecified-patch,thunder.tcga_tils.linear_probing,thunder,f1,90.100000,89.086079,1.013921,89.900000
43,2,kaiko-vit-s-unspecified-patch,thunder.break_his.linear_probing,thunder,f1,69.400000,71.889612,2.489612,68.900000
43,2,kaiko-vit-s-unspecified-patch,thunder.wilds.linear_probing,thunder,f1,95.900000,96.192664,0.292664,95.800000
43,2,kaiko-vit-s-unspecified-patch,thunder.crc.linear_probing,thunder,f1,92.300000,93.350891,1.050891,93.050000
43,2,kaiko-vit-s-unspecified-patch,thunder.spider_colorectal.linear_probing,thunder,f1,88.400000,88.129346,0.270654,88.100000
43,2,kang-dino,pathorob.tolkach_esca.robustness_index,pathorob,robustness_index,83.200000,78.007852,5.192148,90.050000
43,2,keep,thunder.spider_thorax.linear_probing,thunder,f1,93.800000,93.992949,0.192949,93.350000
43,2,keep,thunder.ccrcc.linear_probing,thunder,f1,93.200000,89.093105,4.106895,89.650000
43,2,keep,thunder.tcga_crc_msi.linear_probing,thunder,f1,64.900000,65.579533,0.679533,62.600000
43,2,keep,thunder.spider_skin.linear_probing,thunder,f1,89.300000,90.724408,1.424408,87.500000
43,2,keep,thunder.bracs.linear_probing,thunder,f1,62.200000,61.461816,0.738184,59.400000
43,2,keep,thunder.tcga_uniform.linear_probing,thunder,f1,72.700000,78.982829,6.282829,75.050000
43,2,lunit-vit-s-8,hest.coad.gene_expression,hest,pearson_r,64.130000,61.697271,2.432729,63.242500
43,2,lunit-vit-s-8,hest.ccrcc.gene_expression,hest,pearson_r,62.315000,60.156965,2.158035,61.495000
43,2,lunit-vit-s-8,hest.idc.gene_expression,hest,pearson_r,77.245000,78.050573,0.805573,79.115000
43,2,midnight,thunder.bracs.linear_probing,thunder,f1,63.800000,62.634624,1.165376,59.400000
43,2,midnight,thunder.bach.linear_probing,thunder,f1,87.900000,77.473445,10.426555,69.800000
43,2,midnight,hest.prad.gene_expression,hest,pearson_r,66.850000,68.206497,1.356497,67.497500
43,2,midnight,thunder.spider_colorectal.linear_probing,thunder,f1,89.600000,90.333588,0.733588,88.100000
43,2,midnight,thunder.tcga_crc_msi.linear_probing,thunder,f1,65.600000,67.119371,1.519371,62.600000
43,2,midnight,thunder.wilds.linear_probing,thunder,f1,98.300000,97.971136,0.328864,95.800000
43,2,midnight,thunder.spider_skin.linear_probing,thunder,f1,91.000000,91.708584,0.708584,87.500000
43,2,midnight,thunder.spider_breast.linear_probing,thunder,f1,86.100000,87.235595,1.135595,84.500000
43,2,midnight,hest.lung.gene_expression,hest,pearson_r,77.885000,77.948044,0.063044,77.085000
43,2,musk,thunder.crc.linear_probing,thunder,f1,91.100000,92.709307,1.609307,93.050000
43,2,musk,thunder.spider_thorax.linear_probing,thunder,f1,93.300000,91.384610,1.915390,93.350000
43,2,musk,pathorob.camelyon.robustness_index,pathorob,robustness_index,46.700000,38.585831,8.114169,36.400000
43,2,musk,thunder.mhist.linear_probing,thunder,f1,80.000000,80.290736,0.290736,79.800000
43,2,musk,thunder.tcga_tils.linear_probing,thunder,f1,89.400000,88.293153,1.106847,89.900000
43,2,musk,hest.coad.gene_expression,hest,pearson_r,61.825000,61.830306,0.005306,63.242500
43,2,musk,hest.lymph_idc.gene_expression,hest,pearson_r,62.725000,62.067657,0.657343,62.500000
43,2,musk,hest.idc.gene_expression,hest,pearson_r,76.240000,77.239685,0.999685,79.115000
43,2,musk,thunder.ccrcc.linear_probing,thunder,f1,85.300000,85.226972,0.073028,89.650000
43,2,musk,pathorob.tolkach_esca.robustness_index,pathorob,robustness_index,92.800000,91.346668,1.453332,90.050000
43,2,openmidnight,hest.idc.gene_expression,hest,pearson_r,79.350000,78.911136,0.438864,79.115000
43,2,openmidnight,hest.prad.gene_expression,hest,pearson_r,67.950000,67.422026,0.527974,67.497500
43,2,openmidnight,hest.ccrcc.gene_expression,hest,pearson_r,62.290000,61.959604,0.330396,61.495000
43,2,openmidnight,hest.skcm.gene_expression,hest,pearson_r,79.705000,80.639684,0.934684,78.887500
43,2,openmidnight,hest.coad.gene_expression,hest,pearson_r,63.640000,63.851373,0.211373,63.242500
43,2,openmidnight,hest.read.gene_expression,hest,pearson_r,58.810000,59.472912,0.662912,58.230000
43,2,openmidnight,thunder.crc.linear_probing,thunder,f1,94.200000,94.564742,0.364742,93.050000
43,2,openmidnight,hest.lung.gene_expression,hest,pearson_r,77.670000,77.818927,0.148927,77.085000
43,2,openmidnight,thunder.wilds.linear_probing,thunder,f1,96.500000,97.592760,1.092760,95.800000
43,2,phikon,hest.idc.gene_expression,hest,pearson_r,76.635000,77.709421,1.074421,79.115000
43,2,phikon,thunder.tcga_crc_msi.linear_probing,thunder,f1,63.100000,62.395598,0.704402,62.600000
43,2,phikon,thunder.break_his.linear_probing,thunder,f1,60.000000,62.565563,2.565563,68.900000
43,2,phikon,hest.paad.gene_expression,hest,pearson_r,72.125000,72.826722,0.701722,73.005000
43,2,phikon,hest.prad.gene_expression,hest,pearson_r,67.100000,66.309684,0.790316,67.497500
43,2,phikon,hest.skcm.gene_expression,hest,pearson_r,76.775000,79.111939,2.336939,78.887500
43,2,phikon,pathorob.tcga_2x2.robustness_index,pathorob,robustness_index,62.300000,67.803463,5.503463,76.100000
43,2,phikon,hest.ccrcc.gene_expression,hest,pearson_r,62.115000,61.444027,0.670973,61.495000
43,2,phikon,thunder.crc.linear_probing,thunder,f1,92.100000,93.299426,1.199426,93.050000
43,2,phikon,hest.coad.gene_expression,hest,pearson_r,63.115000,63.267911,0.152911,63.242500
43,2,phikon-v2,thunder.patch_camelyon.linear_probing,thunder,f1,90.800000,90.788973,0.011027,90.500000
43,2,phikon-v2,thunder.esca.linear_probing,thunder,f1,77.300000,76.620788,0.679212,78.000000
43,2,phikon-v2,thunder.break_his.linear_probing,thunder,f1,53.000000,66.295651,13.295651,68.900000
43,2,phikon-v2,thunder.spider_skin.linear_probing,thunder,f1,87.200000,87.657355,0.457355,87.500000
43,2,phikon-v2,pathorob.tolkach_esca.robustness_index,pathorob,robustness_index,76.800000,75.189957,1.610043,90.050000
43,2,phikon-v2,thunder.spider_breast.linear_probing,thunder,f1,86.000000,82.795172,3.204828,84.500000
43,2,phikon-v2,thunder.spider_colorectal.linear_probing,thunder,f1,89.700000,87.762225,1.937775,88.100000
43,2,phikon-v2,hest.prad.gene_expression,hest,pearson_r,67.725000,65.760229,1.964771,67.497500
43,2,phikon-v2,hest.coad.gene_expression,hest,pearson_r,62.500000,62.622929,0.122929,63.242500
43,2,phikon-v2,hest.ccrcc.gene_expression,hest,pearson_r,63.295000,60.904279,2.390721,61.495000
43,2,plip,thunder.spider_breast.linear_probing,thunder,f1,77.100000,76.740441,0.359559,84.500000
43,2,plip,thunder.crc.linear_probing,thunder,f1,88.200000,90.908185,2.708185,93.050000
43,2,plip,thunder.bracs.linear_probing,thunder,f1,56.500000,54.316397,2.183603,59.400000
43,2,plip,thunder.esca.linear_probing,thunder,f1,65.700000,69.590603,3.890603,78.000000
43,2,plip,thunder.ccrcc.linear_probing,thunder,f1,76.900000,80.822358,3.922358,89.650000
43,2,plip,thunder.break_his.linear_probing,thunder,f1,47.200000,61.398004,14.198004,68.900000
43,2,prov-gigapath,thunder.mhist.linear_probing,thunder,f1,81.700000,80.581394,1.118606,79.800000
43,2,prov-gigapath,hest.skcm.gene_expression,hest,pearson_r,78.095000,79.651521,1.556521,78.887500
43,2,prov-gigapath,thunder.break_his.linear_probing,thunder,f1,65.400000,67.346968,1.946968,68.900000
43,2,prov-gigapath,pathorob.camelyon.robustness_index,pathorob,robustness_index,39.900000,46.435660,6.535660,36.400000
43,2,prov-gigapath,hest.paad.gene_expression,hest,pearson_r,73.730000,73.276539,0.453461,73.005000
43,2,prov-gigapath,thunder.bracs.linear_probing,thunder,f1,62.700000,60.773402,1.926598,59.400000
43,2,prov-gigapath,thunder.spider_skin.linear_probing,thunder,f1,91.300000,89.941504,1.358496,87.500000
43,2,prov-gigapath,thunder.tcga_tils.linear_probing,thunder,f1,89.100000,89.958538,0.858538,89.900000
43,2,prov-gigapath,hest.coad.gene_expression,hest,pearson_r,64.960000,63.933112,1.026888,63.242500
43,2,prov-gigapath,pathorob.tolkach_esca.robustness_index,pathorob,robustness_index,75.400000,93.268494,17.868494,90.050000
43,2,quiltnet,thunder.wilds.linear_probing,thunder,f1,94.700000,91.413102,3.286898,95.800000
43,2,quiltnet,thunder.spider_skin.linear_probing,thunder,f1,81.200000,82.042250,0.842250,87.500000
43,2,quiltnet,thunder.break_his.linear_probing,thunder,f1,62.400000,44.712623,17.687377,68.900000
43,2,quiltnet,thunder.tcga_crc_msi.linear_probing,thunder,f1,59.600000,55.419908,4.180092,62.600000
43,2,quiltnet,thunder.ccrcc.linear_probing,thunder,f1,65.500000,79.679295,14.179295,89.650000
43,2,quiltnet,thunder.spider_breast.linear_probing,thunder,f1,77.000000,77.029826,0.029826,84.500000
43,2,resnet50,hest.prad.gene_expression,hest,pearson_r,65.220000,65.744930,0.524930,67.497500
43,2,resnet50,hest.idc.gene_expression,hest,pearson_r,73.695000,74.898388,1.203388,79.115000
43,2,resnet50,hest.skcm.gene_expression,hest,pearson_r,74.105000,73.539880,0.565120,78.887500
43,2,retccl,pathorob.camelyon.robustness_index,pathorob,robustness_index,31.800000,6.807779,24.992221,36.400000
43,2,rudolfv,pathorob.tcga_2x2.robustness_index,pathorob,robustness_index,58.700000,68.017466,9.317466,76.100000
43,2,uni,thunder.wilds.linear_probing,thunder,f1,97.200000,97.372571,0.172571,95.800000
43,2,uni,pathorob.tolkach_esca.robustness_index,pathorob,robustness_index,90.200000,90.192627,0.007373,90.050000
43,2,uni,pathorob.tcga_2x2.robustness_index,pathorob,robustness_index,74.700000,76.994790,2.294790,76.100000
43,2,uni,hest.lymph_idc.gene_expression,hest,pearson_r,62.795000,63.008149,0.213149,62.500000
43,2,uni,hest.lung.gene_expression,hest,pearson_r,77.320000,77.801053,0.481053,77.085000
43,2,uni,thunder.tcga_uniform.linear_probing,thunder,f1,75.300000,78.507568,3.207568,75.050000
43,2,uni,thunder.bach.linear_probing,thunder,f1,73.000000,75.851169,2.851169,69.800000
43,2,uni,pathorob.camelyon.robustness_index,pathorob,robustness_index,14.500000,47.583530,33.083530,36.400000
43,2,uni,hest.ccrcc.gene_expression,hest,pearson_r,62.000000,61.867293,0.132707,61.495000
43,2,uni,thunder.spider_skin.linear_probing,thunder,f1,91.200000,90.220762,0.979238,87.500000
43,2,uni2-h,pathorob.tcga_2x2.robustness_index,pathorob,robustness_index,80.300000,80.528025,0.228025,76.100000
43,2,uni2-h,thunder.break_his.linear_probing,thunder,f1,78.400000,72.638123,5.761877,68.900000
43,2,uni2-h,thunder.spider_thorax.linear_probing,thunder,f1,95.100000,94.642203,0.457797,93.350000
43,2,uni2-h,thunder.mhist.linear_probing,thunder,f1,78.600000,82.209359,3.609359,79.800000
43,2,uni2-h,hest.ccrcc.gene_expression,hest,pearson_r,63.200000,62.696152,0.503848,61.495000
43,2,uni2-h,thunder.wilds.linear_probing,thunder,f1,98.900000,98.208280,0.691720,95.800000
43,2,uni2-h,thunder.patch_camelyon.linear_probing,thunder,f1,95.000000,94.009039,0.990961,90.500000
43,2,uni2-h,thunder.spider_skin.linear_probing,thunder,f1,92.500000,92.148297,0.351703,87.500000
43,2,uni2-h,thunder.crc.linear_probing,thunder,f1,93.900000,95.185500,1.285500,93.050000
43,2,uni2-h,hest.read.gene_expression,hest,pearson_r,61.115000,60.332916,0.782084,58.230000
43,2,virchow,thunder.wilds.linear_probing,thunder,f1,97.600000,97.881060,0.281060,95.800000
43,2,virchow,hest.skcm.gene_expression,hest,pearson_r,81.215000,81.193045,0.021955,78.887500
43,2,virchow,hest.read.gene_expression,hest,pearson_r,59.905000,59.892831,0.012169,58.230000
43,2,virchow,thunder.spider_breast.linear_probing,thunder,f1,86.200000,86.887355,0.687355,84.500000
43,2,virchow,thunder.tcga_crc_msi.linear_probing,thunder,f1,65.500000,67.060168,1.560168,62.600000
43,2,virchow,thunder.tcga_uniform.linear_probing,thunder,f1,74.800000,81.328014,6.528014,75.050000
43,2,virchow,thunder.mhist.linear_probing,thunder,f1,82.300000,81.226337,1.073663,79.800000
43,2,virchow,thunder.crc.linear_probing,thunder,f1,93.700000,94.839677,1.139677,93.050000
43,2,virchow,thunder.bach.linear_probing,thunder,f1,66.200000,77.701026,11.501026,69.800000
43,2,virchow,hest.paad.gene_expression,hest,pearson_r,75.795000,74.015148,1.779852,73.005000
43,2,virchow-2,thunder.bracs.linear_probing,thunder,f1,62.400000,62.549025,0.149025,59.400000
43,2,virchow-2,thunder.wilds.linear_probing,thunder,f1,90.000000,98.011369,8.011369,95.800000
43,2,virchow-2,hest.ccrcc.gene_expression,hest,pearson_r,63.595000,62.081883,1.513117,61.495000
43,2,virchow-2,hest.read.gene_expression,hest,pearson_r,60.370000,59.899203,0.470797,58.230000
43,2,virchow-2,hest.lymph_idc.gene_expression,hest,pearson_r,62.840000,63.222683,0.382683,62.500000
43,2,virchow-2,hest.idc.gene_expression,hest,pearson_r,79.855000,79.212484,0.642516,79.115000
43,2,virchow-2,thunder.tcga_tils.linear_probing,thunder,f1,90.900000,90.916293,0.016293,89.900000
43,2,virchow-2,hest.skcm.gene_expression,hest,pearson_r,82.010000,81.165766,0.844234,78.887500
43,2,virchow-2,thunder.break_his.linear_probing,thunder,f1,72.500000,75.977452,3.477452,68.900000
43,2,virchow-2,thunder.tcga_uniform.linear_probing,thunder,f1,78.400000,82.239700,3.839700,75.050000
43,2,vit-b,thunder.bach.linear_probing,thunder,f1,57.000000,60.120806,3.120806,69.800000
43,2,vit-b,thunder.bracs.linear_probing,thunder,f1,56.600000,53.684846,2.915154,59.400000
43,2,vit-b,thunder.tcga_tils.linear_probing,thunder,f1,85.800000,86.003674,0.203674,89.900000
43,2,vit-b,thunder.ccrcc.linear_probing,thunder,f1,79.100000,79.603849,0.503849,89.650000
43,2,vit-b,thunder.tcga_uniform.linear_probing,thunder,f1,53.400000,55.408246,2.008246,75.050000
43,2,vit-b,thunder.wilds.linear_probing,thunder,f1,91.300000,90.956114,0.343886,95.800000
43,2,vit-l,thunder.patch_camelyon.linear_probing,thunder,f1,85.700000,87.351860,1.651860,90.500000
43,2,vit-l,thunder.ccrcc.linear_probing,thunder,f1,77.100000,81.012126,3.912126,89.650000
43,2,vit-l,thunder.spider_thorax.linear_probing,thunder,f1,88.500000,89.424361,0.924361,93.350000
43,2,vit-l,thunder.crc.linear_probing,thunder,f1,92.800000,90.977829,1.822171,93.050000
43,2,vit-l,thunder.tcga_uniform.linear_probing,thunder,f1,55.900000,58.399325,2.499325,75.050000
43,2,vit-l,thunder.tcga_tils.linear_probing,thunder,f1,87.500000,86.519472,0.980528,89.900000
44,0,atlas,pathorob.tolkach_esca.robustness_index,pathorob,robustness_index,93.800000,96.235101,2.435101,90.950000
44,0,ciga,pathorob.camelyon.robustness_index,pathorob,robustness_index,13.500000,2.219421,11.280579,54.400000
44,0,clip-b,thunder.tcga_tils.linear_probing,thunder,f1,83.800000,84.858432,1.058432,90.100000
44,0,clip-b,thunder.esca.linear_probing,thunder,f1,61.000000,61.298094,0.298094,77.400000
44,0,clip-b,thunder.break_his.linear_probing,thunder,f1,40.000000,64.957923,24.957923,68.100000
44,0,clip-b,thunder.tcga_crc_msi.linear_probing,thunder,f1,49.000000,53.229067,4.229067,62.850000
44,0,clip-b,thunder.wilds.linear_probing,thunder,f1,83.500000,86.453596,2.953596,95.950000
44,0,clip-l,thunder.mhist.linear_probing,thunder,f1,79.600000,81.059018,1.459018,80.600000
44,0,clip-l,thunder.spider_thorax.linear_probing,thunder,f1,86.700000,87.132589,0.432589,92.750000
44,0,clip-l,thunder.spider_skin.linear_probing,thunder,f1,78.500000,78.883244,0.383244,88.250000
44,0,clip-l,thunder.break_his.linear_probing,thunder,f1,54.500000,75.895911,21.395911,68.100000
44,0,clip-l,thunder.bach.linear_probing,thunder,f1,63.500000,56.314361,7.185639,69.800000
44,0,conch,hest.read.gene_expression,hest,pearson_r,58.010000,58.234364,0.224364,58.082500
44,0,conch,hest.prad.gene_expression,hest,pearson_r,67.740000,67.256588,0.483412,67.685000
44,0,conch,hest.ccrcc.gene_expression,hest,pearson_r,60.900000,61.637755,0.737755,62.290000
44,0,conch,hest.lung.gene_expression,hest,pearson_r,76.610000,77.092246,0.482246,77.410000
44,0,conch,hest.paad.gene_expression,hest,pearson_r,72.340000,73.193339,0.853339,73.370000
44,0,conch,thunder.spider_colorectal.linear_probing,thunder,f1,87.900000,88.317495,0.417495,88.500000
44,0,conch,hest.lymph_idc.gene_expression,hest,pearson_r,62.535000,62.499330,0.035670,62.185000
44,0,conch,thunder.break_his.linear_probing,thunder,f1,68.800000,73.407223,4.607223,68.100000
44,0,conch,thunder.tcga_crc_msi.linear_probing,thunder,f1,64.400000,63.423929,0.976071,62.850000
44,0,conch-1.5,hest.read.gene_expression,hest,pearson_r,58.000000,58.360857,0.360857,58.082500
44,0,conch-1.5,thunder.tcga_tils.linear_probing,thunder,f1,89.900000,89.350241,0.549759,90.100000
44,0,conch-1.5,hest.idc.gene_expression,hest,pearson_r,77.200000,77.808958,0.608958,78.147500
44,0,conch-1.5,hest.lymph_idc.gene_expression,hest,pearson_r,63.495000,62.639989,0.855011,62.185000
44,0,conch-1.5,thunder.wilds.linear_probing,thunder,f1,96.700000,96.660055,0.039945,95.950000
44,0,conch-1.5,thunder.break_his.linear_probing,thunder,f1,75.300000,75.323084,0.023084,68.100000
44,0,conch-1.5,hest.paad.gene_expression,hest,pearson_r,72.850000,73.293500,0.443500,73.370000
44,0,conch-1.5,hest.prad.gene_expression,hest,pearson_r,69.040000,67.379030,1.660970,67.685000
44,0,conch-1.5,hest.lung.gene_expression,hest,pearson_r,77.565000,77.192598,0.372402,77.410000
44,0,ctranspath,hest.lung.gene_expression,hest,pearson_r,75.685000,75.738023,0.053023,77.410000
44,0,ctranspath,pathorob.tolkach_esca.robustness_index,pathorob,robustness_index,87.200000,81.855063,5.344937,90.950000
44,0,ctranspath,hest.ccrcc.gene_expression,hest,pearson_r,61.810000,60.827136,0.982864,62.290000
44,0,ctranspath,hest.coad.gene_expression,hest,pearson_r,61.910000,62.244427,0.334427,63.825000
44,0,dinov2-b,thunder.tcga_crc_msi.linear_probing,thunder,f1,58.600000,56.447475,2.152525,62.850000
44,0,dinov2-b,thunder.patch_camelyon.linear_probing,thunder,f1,86.300000,86.605921,0.305921,90.500000
44,0,dinov2-b,thunder.ccrcc.linear_probing,thunder,f1,79.700000,79.674816,0.025184,87.750000
44,0,dinov2-b,thunder.mhist.linear_probing,thunder,f1,82.600000,81.793232,0.806768,80.600000
44,0,dinov2-b,thunder.esca.linear_probing,thunder,f1,73.800000,69.798784,4.001216,77.400000
44,0,dinov2-l,thunder.bach.linear_probing,thunder,f1,68.900000,58.859206,10.040794,69.800000
44,0,dinov2-l,thunder.spider_skin.linear_probing,thunder,f1,82.100000,80.909070,1.190930,88.250000
44,0,dinov2-l,thunder.crc.linear_probing,thunder,f1,90.700000,89.995236,0.704764,93.000000
44,0,dinov2-l,thunder.spider_breast.linear_probing,thunder,f1,74.000000,75.899400,1.899400,84.900000
44,0,dinov2-l,thunder.tcga_tils.linear_probing,thunder,f1,85.900000,86.296439,0.396439,90.100000
44,0,dinov3-b,thunder.tcga_tils.linear_probing,thunder,f1,86.700000,86.608922,0.091078,90.100000
44,0,dinov3-b,thunder.break_his.linear_probing,thunder,f1,81.800000,79.573187,2.226813,68.100000
44,0,dinov3-b,thunder.tcga_uniform.linear_probing,thunder,f1,56.200000,58.144368,1.944368,69.800000
44,0,dinov3-b,thunder.spider_thorax.linear_probing,thunder,f1,90.000000,88.722410,1.277590,92.750000
44,0,dinov3-b,thunder.bracs.linear_probing,thunder,f1,55.400000,54.896289,0.503711,60.000000
44,0,dinov3-l,thunder.esca.linear_probing,thunder,f1,76.000000,72.876250,3.123750,77.400000
44,0,dinov3-l,thunder.ccrcc.linear_probing,thunder,f1,82.500000,82.016359,0.483641,87.750000
44,0,dinov3-l,thunder.wilds.linear_probing,thunder,f1,94.800000,93.147352,1.652648,95.950000
44,0,dinov3-l,thunder.spider_colorectal.linear_probing,thunder,f1,86.300000,85.234111,1.065889,88.500000
44,0,dinov3-l,thunder.tcga_tils.linear_probing,thunder,f1,87.000000,86.905572,0.094428,90.100000
44,0,dinov3-s,thunder.spider_breast.linear_probing,thunder,f1,75.000000,76.753203,1.753203,84.900000
44,0,dinov3-s,thunder.tcga_uniform.linear_probing,thunder,f1,53.900000,58.356988,4.456988,69.800000
44,0,dinov3-s,thunder.tcga_tils.linear_probing,thunder,f1,86.300000,86.563662,0.263662,90.100000
44,0,dinov3-s,thunder.esca.linear_probing,thunder,f1,72.600000,72.483503,0.116497,77.400000
44,0,dinov3-s,thunder.bracs.linear_probing,thunder,f1,56.500000,54.891036,1.608964,60.000000
44,0,genbio-pathfm,thunder.wilds.linear_probing,thunder,f1,98.200000,98.444120,0.244120,95.950000
44,0,genbio-pathfm,hest.lung.gene_expression,hest,pearson_r,78.935000,78.536095,0.398905,77.410000
44,0,genbio-pathfm,thunder.esca.linear_probing,thunder,f1,84.700000,86.010326,1.310326,77.400000
44,0,genbio-pathfm,thunder.spider_thorax.linear_probing,thunder,f1,94.600000,94.944694,0.344694,92.750000
44,0,genbio-pathfm,thunder.bach.linear_probing,thunder,f1,78.100000,81.788637,3.688637,69.800000
44,0,genbio-pathfm,thunder.break_his.linear_probing,thunder,f1,76.600000,77.263491,0.663491,68.100000
44,0,genbio-pathfm,hest.read.gene_expression,hest,pearson_r,58.925000,60.912306,1.987306,58.082500
44,0,genbio-pathfm,thunder.patch_camelyon.linear_probing,thunder,f1,93.800000,94.189096,0.389096,90.500000
44,0,gpfm,hest.paad.gene_expression,hest,pearson_r,73.005000,73.356043,0.351043,73.370000
44,0,gpfm,hest.read.gene_expression,hest,pearson_r,58.230000,58.768456,0.538456,58.082500
44,0,gpfm,hest.lung.gene_expression,hest,pearson_r,77.360000,77.244326,0.115674,77.410000
44,0,h-optimus-0,hest.lymph_idc.gene_expression,hest,pearson_r,62.955000,63.032765,0.077765,62.185000
44,0,h-optimus-0,thunder.tcga_uniform.linear_probing,thunder,f1,79.300000,80.333263,1.033263,69.800000
44,0,h-optimus-0,thunder.patch_camelyon.linear_probing,thunder,f1,93.000000,93.621864,0.621864,90.500000
44,0,h-optimus-0,thunder.tcga_crc_msi.linear_probing,thunder,f1,67.300000,67.915245,0.615245,62.850000
44,0,h-optimus-0,thunder.spider_thorax.linear_probing,thunder,f1,94.400000,94.505868,0.105868,92.750000
44,0,h-optimus-0,thunder.spider_breast.linear_probing,thunder,f1,87.200000,87.133255,0.066745,84.900000
44,0,h-optimus-0,hest.skcm.gene_expression,hest,pearson_r,82.270000,80.995308,1.274692,78.812500
44,0,h-optimus-0,hest.lung.gene_expression,hest,pearson_r,77.950000,78.187898,0.237898,77.410000
44,0,h-optimus-0,pathorob.tolkach_esca.robustness_index,pathorob,robustness_index,91.800000,94.377269,2.577269,90.950000
44,0,h-optimus-1,hest.lymph_idc.gene_expression,hest,pearson_r,63.870000,63.142717,0.727283,62.185000
44,0,h-optimus-1,thunder.tcga_uniform.linear_probing,thunder,f1,81.000000,81.343194,0.343194,69.800000
44,0,h-optimus-1,thunder.ccrcc.linear_probing,thunder,f1,91.700000,91.076308,0.623692,87.750000
44,0,h-optimus-1,thunder.esca.linear_probing,thunder,f1,87.100000,84.970982,2.129018,77.400000
44,0,h-optimus-1,thunder.mhist.linear_probing,thunder,f1,82.000000,81.909884,0.090116,80.600000
44,0,h-optimus-1,thunder.tcga_tils.linear_probing,thunder,f1,91.000000,91.190131,0.190131,90.100000
44,0,h-optimus-1,thunder.break_his.linear_probing,thunder,f1,76.000000,73.864705,2.135295,68.100000
44,0,h-optimus-1,thunder.bracs.linear_probing,thunder,f1,64.300000,63.363480,0.936520,60.000000
44,0,h0-mini,thunder.wilds.linear_probing,thunder,f1,98.200000,97.761608,0.438392,95.950000
44,0,h0-mini,hest.lymph_idc.gene_expression,hest,pearson_r,63.145000,62.799939,0.345061,62.185000
44,0,h0-mini,thunder.esca.linear_probing,thunder,f1,84.400000,82.797414,1.602586,77.400000
44,0,h0-mini,thunder.patch_camelyon.linear_probing,thunder,f1,94.300000,93.127590,1.172410,90.500000
44,0,h0-mini,hest.coad.gene_expression,hest,pearson_r,62.470000,64.535506,2.065506,63.825000
44,0,h0-mini,pathorob.tolkach_esca.robustness_index,pathorob,robustness_index,93.200000,93.416421,0.216421,90.950000
44,0,h0-mini,thunder.tcga_crc_msi.linear_probing,thunder,f1,66.500000,66.918135,0.418135,62.850000
44,0,h0-mini,hest.read.gene_expression,hest,pearson_r,59.315000,59.935428,0.620428,58.082500
44,0,h0-mini,thunder.tcga_tils.linear_probing,thunder,f1,91.700000,90.674048,1.025952,90.100000
44,0,hibou-b,thunder.bach.linear_probing,thunder,f1,65.600000,75.043525,9.443525,69.800000
44,0,hibou-b,thunder.wilds.linear_probing,thunder,f1,97.100000,97.151687,0.051687,95.950000
44,0,hibou-b,thunder.tcga_tils.linear_probing,thunder,f1,89.600000,90.383830,0.783830,90.100000
44,0,hibou-b,thunder.patch_camelyon.linear_probing,thunder,f1,93.400000,92.296486,1.103514,90.500000
44,0,hibou-b,thunder.spider_thorax.linear_probing,thunder,f1,94.500000,93.558563,0.941437,92.750000
44,0,hibou-l,thunder.bach.linear_probing,thunder,f1,76.500000,77.793241,1.293241,69.800000
44,0,hibou-l,thunder.ccrcc.linear_probing,thunder,f1,88.400000,89.583095,1.183095,87.750000
44,0,hibou-l,hest.lymph_idc.gene_expression,hest,pearson_r,62.160000,62.828919,0.668919,62.185000
44,0,hibou-l,thunder.spider_breast.linear_probing,thunder,f1,88.000000,86.245448,1.754552,84.900000
44,0,hibou-l,hest.prad.gene_expression,hest,pearson_r,64.725000,68.424058,3.699058,67.685000
44,0,hibou-l,thunder.tcga_crc_msi.linear_probing,thunder,f1,68.100000,66.856388,1.243612,62.850000
44,0,hibou-l,hest.idc.gene_expression,hest,pearson_r,78.505000,78.781027,0.276027,78.147500
44,0,hibou-l,thunder.tcga_uniform.linear_probing,thunder,f1,75.200000,78.287545,3.087545,69.800000
44,0,hipt,pathorob.tcga_2x2.robustness_index,pathorob,robustness_index,61.400000,73.444313,12.044313,76.100000
44,0,kaiko-vit-b-16,hest.prad.gene_expression,hest,pearson_r,66.375000,68.079916,1.704916,67.685000
44,0,kaiko-vit-b-16,hest.lymph_idc.gene_expression,hest,pearson_r,61.825000,62.253675,0.428675,62.185000
44,0,kaiko-vit-b-16,hest.skcm.gene_expression,hest,pearson_r,77.510000,77.605872,0.095872,78.812500
44,0,kaiko-vit-b-8,pathorob.tcga_2x2.robustness_index,pathorob,robustness_index,76.300000,70.983933,5.316067,76.100000
44,0,kaiko-vit-b-8,hest.skcm.gene_expression,hest,pearson_r,78.625000,78.418349,0.206651,78.812500
44,0,kaiko-vit-b-8,hest.ccrcc.gene_expression,hest,pearson_r,61.565000,61.797978,0.232978,62.290000
44,0,kaiko-vit-b-8,hest.lung.gene_expression,hest,pearson_r,75.915000,76.883435,0.968435,77.410000
44,0,kaiko-vit-b-unspecified-patch,thunder.tcga_uniform.linear_probing,thunder,f1,79.100000,72.337439,6.762561,69.800000
44,0,kaiko-vit-b-unspecified-patch,thunder.spider_breast.linear_probing,thunder,f1,81.900000,83.735274,1.835274,84.900000
44,0,kaiko-vit-b-unspecified-patch,thunder.wilds.linear_probing,thunder,f1,95.600000,96.536772,0.936772,95.950000
44,0,kaiko-vit-b-unspecified-patch,thunder.esca.linear_probing,thunder,f1,78.500000,78.317534,0.182466,77.400000
44,0,kaiko-vit-b-unspecified-patch,thunder.spider_colorectal.linear_probing,thunder,f1,88.500000,88.448068,0.051932,88.500000
44,0,kaiko-vit-l-14,hest.ccrcc.gene_expression,hest,pearson_r,60.970000,61.384013,0.414013,62.290000
44,0,kaiko-vit-l-14,hest.lung.gene_expression,hest,pearson_r,76.895000,76.503756,0.391244,77.410000
44,0,kaiko-vit-l-14,hest.paad.gene_expression,hest,pearson_r,71.860000,72.478845,0.618845,73.370000
44,0,kaiko-vit-s-16,hest.idc.gene_expression,hest,pearson_r,76.665000,75.593233,1.071767,78.147500
44,0,kaiko-vit-s-16,hest.skcm.gene_expression,hest,pearson_r,77.245000,75.585937,1.659063,78.812500
44,0,kaiko-vit-s-16,hest.lung.gene_expression,hest,pearson_r,75.150000,75.578372,0.428372,77.410000
44,0,kaiko-vit-s-8,hest.coad.gene_expression,hest,pearson_r,61.405000,62.223573,0.818573,63.825000
44,0,kaiko-vit-s-8,hest.idc.gene_expression,hest,pearson_r,76.520000,75.935597,0.584403,78.147500
44,0,kaiko-vit-s-8,hest.lymph_idc.gene_expression,hest,pearson_r,62.315000,61.571876,0.743124,62.185000
44,0,kaiko-vit-s-unspecified-patch,thunder.tcga_tils.linear_probing,thunder,f1,90.100000,89.427830,0.672170,90.100000
44,0,kaiko-vit-s-unspecified-patch,thunder.spider_breast.linear_probing,thunder,f1,83.100000,83.314530,0.214530,84.900000
44,0,kaiko-vit-s-unspecified-patch,thunder.spider_colorectal.linear_probing,thunder,f1,88.400000,88.292719,0.107281,88.500000
44,0,kaiko-vit-s-unspecified-patch,thunder.mhist.linear_probing,thunder,f1,81.400000,79.875656,1.524344,80.600000
44,0,kaiko-vit-s-unspecified-patch,thunder.patch_camelyon.linear_probing,thunder,f1,90.400000,91.313461,0.913461,90.500000
44,0,kang-dino,pathorob.tcga_2x2.robustness_index,pathorob,robustness_index,66.100000,60.605272,5.494728,76.100000
44,0,keep,thunder.bracs.linear_probing,thunder,f1,62.200000,61.075939,1.124061,60.000000
44,0,keep,thunder.patch_camelyon.linear_probing,thunder,f1,92.600000,92.304287,0.295713,90.500000
44,0,keep,thunder.spider_colorectal.linear_probing,thunder,f1,89.700000,89.252104,0.447896,88.500000
44,0,keep,thunder.esca.linear_probing,thunder,f1,85.800000,80.043164,5.756836,77.400000
44,0,keep,thunder.ccrcc.linear_probing,thunder,f1,93.200000,87.976341,5.223659,87.750000
44,0,lunit-vit-s-8,hest.idc.gene_expression,hest,pearson_r,77.245000,76.907683,0.337317,78.147500
44,0,lunit-vit-s-8,hest.lung.gene_expression,hest,pearson_r,77.075000,76.697734,0.377266,77.410000
44,0,lunit-vit-s-8,hest.prad.gene_expression,hest,pearson_r,64.145000,69.156900,5.011900,67.685000
44,0,midnight,thunder.bracs.linear_probing,thunder,f1,63.800000,62.845418,0.954582,60.000000
44,0,midnight,thunder.mhist.linear_probing,thunder,f1,80.200000,78.281683,1.918317,80.600000
44,0,midnight,hest.skcm.gene_expression,hest,pearson_r,81.800000,80.783067,1.016933,78.812500
44,0,midnight,thunder.spider_thorax.linear_probing,thunder,f1,94.400000,94.472824,0.072824,92.750000
44,0,midnight,hest.prad.gene_expression,hest,pearson_r,66.850000,67.775946,0.925946,67.685000
44,0,midnight,hest.lymph_idc.gene_expression,hest,pearson_r,63.210000,62.435003,0.774997,62.185000
44,0,midnight,hest.paad.gene_expression,hest,pearson_r,74.500000,74.185831,0.314169,73.370000
44,0,midnight,hest.read.gene_expression,hest,pearson_r,59.280000,60.315486,1.035486,58.082500
44,0,musk,thunder.spider_colorectal.linear_probing,thunder,f1,87.900000,87.293874,0.606126,88.500000
44,0,musk,hest.paad.gene_expression,hest,pearson_r,71.385000,72.709023,1.324023,73.370000
44,0,musk,thunder.spider_skin.linear_probing,thunder,f1,87.600000,86.704105,0.895895,88.250000
44,0,musk,thunder.spider_breast.linear_probing,thunder,f1,80.600000,81.493933,0.893933,84.900000
44,0,musk,thunder.patch_camelyon.linear_probing,thunder,f1,89.400000,90.270343,0.870343,90.500000
44,0,musk,thunder.ccrcc.linear_probing,thunder,f1,85.300000,85.084395,0.215605,87.750000
44,0,musk,pathorob.tcga_2x2.robustness_index,pathorob,robustness_index,72.700000,72.302749,0.397251,76.100000
44,0,musk,thunder.crc.linear_probing,thunder,f1,91.100000,92.419155,1.319155,93.000000
44,0,musk,hest.lung.gene_expression,hest,pearson_r,75.855000,76.664357,0.809357,77.410000
44,0,openmidnight,thunder.bracs.linear_probing,thunder,f1,59.400000,61.761319,2.361319,60.000000
44,0,openmidnight,thunder.bach.linear_probing,thunder,f1,84.600000,77.362171,7.237829,69.800000
44,0,openmidnight,thunder.wilds.linear_probing,thunder,f1,96.500000,97.636462,1.136462,95.950000
44,0,openmidnight,thunder.mhist.linear_probing,thunder,f1,81.800000,81.392238,0.407762,80.600000
44,0,openmidnight,hest.paad.gene_expression,hest,pearson_r,73.655000,73.915911,0.260911,73.370000
44,0,openmidnight,thunder.spider_colorectal.linear_probing,thunder,f1,88.300000,89.925672,1.625672,88.500000
44,0,openmidnight,thunder.crc.linear_probing,thunder,f1,94.200000,94.311472,0.111472,93.000000
44,0,openmidnight,thunder.break_his.linear_probing,thunder,f1,77.300000,72.959093,4.340907,68.100000
44,0,phikon,pathorob.tolkach_esca.robustness_index,pathorob,robustness_index,79.500000,89.245564,9.745564,90.950000
44,0,phikon,thunder.patch_camelyon.linear_probing,thunder,f1,90.900000,90.977966,0.077966,90.500000
44,0,phikon,hest.ccrcc.gene_expression,hest,pearson_r,62.115000,61.689529,0.425471,62.290000
44,0,phikon,pathorob.tcga_2x2.robustness_index,pathorob,robustness_index,62.300000,71.885180,9.585180,76.100000
44,0,phikon,thunder.mhist.linear_probing,thunder,f1,78.100000,79.047382,0.947382,80.600000
44,0,phikon,thunder.esca.linear_probing,thunder,f1,76.700000,77.280001,0.580001,77.400000
44,0,phikon,pathorob.camelyon.robustness_index,pathorob,robustness_index,1.100000,29.926700,28.826700,54.400000
44,0,phikon,thunder.spider_colorectal.linear_probing,thunder,f1,88.500000,87.933052,0.566948,88.500000
44,0,phikon,thunder.break_his.linear_probing,thunder,f1,60.000000,66.154091,6.154091,68.100000
44,0,phikon-v2,thunder.break_his.linear_probing,thunder,f1,53.000000,60.940159,7.940159,68.100000
44,0,phikon-v2,hest.lung.gene_expression,hest,pearson_r,77.095000,76.852775,0.242225,77.410000
44,0,phikon-v2,thunder.ccrcc.linear_probing,thunder,f1,76.700000,85.311866,8.611866,87.750000
44,0,phikon-v2,thunder.tcga_uniform.linear_probing,thunder,f1,77.700000,69.994862,7.705138,69.800000
44,0,phikon-v2,pathorob.tolkach_esca.robustness_index,pathorob,robustness_index,76.800000,85.639223,8.839223,90.950000
44,0,phikon-v2,hest.read.gene_expression,hest,pearson_r,58.745000,58.179151,0.565849,58.082500
44,0,phikon-v2,thunder.spider_thorax.linear_probing,thunder,f1,94.700000,92.224743,2.475257,92.750000
44,0,phikon-v2,thunder.tcga_crc_msi.linear_probing,thunder,f1,61.100000,63.194752,2.094752,62.850000
44,0,phikon-v2,hest.coad.gene_expression,hest,pearson_r,62.500000,63.548957,1.048957,63.825000
44,0,plip,thunder.spider_colorectal.linear_probing,thunder,f1,84.700000,83.825575,0.874425,88.500000
44,0,plip,thunder.tcga_tils.linear_probing,thunder,f1,87.200000,86.534500,0.665500,90.100000
44,0,plip,thunder.break_his.linear_probing,thunder,f1,47.200000,66.260998,19.060998,68.100000
44,0,plip,thunder.bracs.linear_probing,thunder,f1,56.500000,54.248874,2.251126,60.000000
44,0,plip,thunder.spider_breast.linear_probing,thunder,f1,77.100000,75.960975,1.139025,84.900000
44,0,prov-gigapath,hest.lymph_idc.gene_expression,hest,pearson_r,62.500000,62.556710,0.056710,62.185000
44,0,prov-gigapath,thunder.crc.linear_probing,thunder,f1,94.700000,93.824088,0.875912,93.000000
44,0,prov-gigapath,hest.prad.gene_expression,hest,pearson_r,68.495000,67.975883,0.519117,67.685000
44,0,prov-gigapath,pathorob.tolkach_esca.robustness_index,pathorob,robustness_index,75.400000,91.860508,16.460508,90.950000
44,0,prov-gigapath,hest.skcm.gene_expression,hest,pearson_r,78.095000,79.587022,1.492022,78.812500
44,0,prov-gigapath,thunder.spider_breast.linear_probing,thunder,f1,85.500000,84.853215,0.646785,84.900000
44,0,prov-gigapath,thunder.tcga_crc_msi.linear_probing,thunder,f1,68.000000,65.278000,2.722000,62.850000
44,0,prov-gigapath,thunder.esca.linear_probing,thunder,f1,81.700000,80.472461,1.227539,77.400000
44,0,prov-gigapath,thunder.spider_thorax.linear_probing,thunder,f1,93.800000,93.327137,0.472863,92.750000
44,0,quiltnet,thunder.spider_skin.linear_probing,thunder,f1,81.200000,81.548617,0.348617,88.250000
44,0,quiltnet,thunder.wilds.linear_probing,thunder,f1,94.700000,91.402200,3.297800,95.950000
44,0,quiltnet,thunder.ccrcc.linear_probing,thunder,f1,65.500000,78.195318,12.695318,87.750000
44,0,quiltnet,thunder.crc.linear_probing,thunder,f1,92.500000,89.930785,2.569215,93.000000
44,0,quiltnet,thunder.tcga_tils.linear_probing,thunder,f1,87.000000,86.979356,0.020644,90.100000
44,0,resnet50,hest.lymph_idc.gene_expression,hest,pearson_r,61.525000,61.898949,0.373949,62.185000
44,0,resnet50,hest.prad.gene_expression,hest,pearson_r,65.220000,68.774880,3.554880,67.685000
44,0,resnet50,hest.paad.gene_expression,hest,pearson_r,69.400000,70.220111,0.820111,73.370000
44,0,retccl,pathorob.camelyon.robustness_index,pathorob,robustness_index,31.800000,11.275868,20.524132,54.400000
44,0,rudolfv,pathorob.tcga_2x2.robustness_index,pathorob,robustness_index,58.700000,64.741772,6.041772,76.100000
44,0,uni,thunder.tcga_uniform.linear_probing,thunder,f1,75.300000,76.444381,1.144381,69.800000
44,0,uni,pathorob.tolkach_esca.robustness_index,pathorob,robustness_index,90.200000,91.984993,1.784993,90.950000
44,0,uni,thunder.spider_colorectal.linear_probing,thunder,f1,90.400000,89.501067,0.898933,88.500000
44,0,uni,thunder.break_his.linear_probing,thunder,f1,70.800000,70.549030,0.250970,68.100000
44,0,uni,hest.lymph_idc.gene_expression,hest,pearson_r,62.795000,61.649446,1.145554,62.185000
44,0,uni,pathorob.camelyon.robustness_index,pathorob,robustness_index,14.500000,72.568961,58.068961,54.400000
44,0,uni,hest.read.gene_expression,hest,pearson_r,59.180000,59.594934,0.414934,58.082500
44,0,uni,thunder.esca.linear_probing,thunder,f1,83.400000,82.080107,1.319893,77.400000
44,0,uni,thunder.mhist.linear_probing,thunder,f1,82.400000,80.475206,1.924794,80.600000
44,0,uni2-h,thunder.break_his.linear_probing,thunder,f1,78.400000,69.676873,8.723127,68.100000
44,0,uni2-h,thunder.tcga_tils.linear_probing,thunder,f1,90.400000,91.287542,0.887542,90.100000
44,0,uni2-h,hest.lymph_idc.gene_expression,hest,pearson_r,63.635000,62.833542,0.801458,62.185000
44,0,uni2-h,hest.ccrcc.gene_expression,hest,pearson_r,63.200000,63.106215,0.093785,62.290000
44,0,uni2-h,hest.lung.gene_expression,hest,pearson_r,77.935000,78.334747,0.399747,77.410000
44,0,uni2-h,thunder.crc.linear_probing,thunder,f1,93.900000,95.027530,1.127530,93.000000
44,0,uni2-h,hest.skcm.gene_expression,hest,pearson_r,83.030000,81.370788,1.659212,78.812500
44,0,uni2-h,thunder.tcga_crc_msi.linear_probing,thunder,f1,66.900000,68.620117,1.720117,62.850000
44,0,uni2-h,thunder.patch_camelyon.linear_probing,thunder,f1,95.000000,93.938981,1.061019,90.500000
44,0,virchow,thunder.tcga_uniform.linear_probing,thunder,f1,74.800000,79.116281,4.316281,69.800000
44,0,virchow,thunder.spider_colorectal.linear_probing,thunder,f1,90.200000,90.317120,0.117120,88.500000
44,0,virchow,hest.paad.gene_expression,hest,pearson_r,75.795000,74.156274,1.638726,73.370000
44,0,virchow,hest.ccrcc.gene_expression,hest,pearson_r,62.930000,62.642671,0.287329,62.290000
44,0,virchow,thunder.spider_skin.linear_probing,thunder,f1,91.300000,91.397998,0.097998,88.250000
44,0,virchow,thunder.bach.linear_probing,thunder,f1,66.200000,78.665407,12.465407,69.800000
44,0,virchow,thunder.tcga_crc_msi.linear_probing,thunder,f1,65.500000,67.156045,1.656045,62.850000
44,0,virchow,thunder.break_his.linear_probing,thunder,f1,62.700000,73.604662,10.904662,68.100000
44,0,virchow,thunder.crc.linear_probing,thunder,f1,93.700000,94.578585,0.878585,93.000000
44,0,virchow-2,thunder.spider_skin.linear_probing,thunder,f1,92.000000,90.991328,1.008672,88.250000
44,0,virchow-2,hest.skcm.gene_expression,hest,pearson_r,82.010000,80.371155,1.638845,78.812500
44,0,virchow-2,thunder.spider_colorectal.linear_probing,thunder,f1,90.800000,90.057764,0.742236,88.500000
44,0,virchow-2,pathorob.tcga_2x2.robustness_index,pathorob,robustness_index,82.200000,79.655950,2.544050,76.100000
44,0,virchow-2,pathorob.camelyon.robustness_index,pathorob,robustness_index,80.600000,68.384062,12.215938,54.400000
44,0,virchow-2,thunder.tcga_uniform.linear_probing,thunder,f1,78.400000,78.119971,0.280029,69.800000
44,0,virchow-2,hest.idc.gene_expression,hest,pearson_r,79.855000,78.815160,1.039840,78.147500
44,0,virchow-2,thunder.ccrcc.linear_probing,thunder,f1,93.600000,89.800339,3.799661,87.750000
44,0,virchow-2,thunder.spider_thorax.linear_probing,thunder,f1,93.900000,93.957809,0.057809,92.750000
44,0,vit-b,thunder.tcga_uniform.linear_probing,thunder,f1,53.400000,55.496414,2.096414,69.800000
44,0,vit-b,thunder.bracs.linear_probing,thunder,f1,56.600000,54.360667,2.239333,60.000000
44,0,vit-b,thunder.wilds.linear_probing,thunder,f1,91.300000,91.224939,0.075061,95.950000
44,0,vit-b,thunder.mhist.linear_probing,thunder,f1,77.600000,77.728514,0.128514,80.600000
44,0,vit-b,thunder.ccrcc.linear_probing,thunder,f1,79.100000,78.406106,0.693894,87.750000
44,0,vit-l,thunder.bracs.linear_probing,thunder,f1,54.800000,55.354190,0.554190,60.000000
44,0,vit-l,thunder.spider_thorax.linear_probing,thunder,f1,88.500000,89.246529,0.746529,92.750000
44,0,vit-l,thunder.bach.linear_probing,thunder,f1,56.900000,60.650362,3.750362,69.800000
44,0,vit-l,thunder.tcga_uniform.linear_probing,thunder,f1,55.900000,58.789109,2.889109,69.800000
44,0,vit-l,thunder.mhist.linear_probing,thunder,f1,79.800000,78.369550,1.430450,80.600000
44,1,atlas,pathorob.tcga_2x2.robustness_index,pathorob,robustness_index,82.600000,80.151762,2.448238,74.250000
44,1,ciga,pathorob.tolkach_esca.robustness_index,pathorob,robustness_index,69.300000,69.584548,0.284548,89.000000
44,1,clip-b,thunder.bracs.linear_probing,thunder,f1,52.400000,52.644239,0.244239,59.600000
44,1,clip-b,thunder.mhist.linear_probing,thunder,f1,77.500000,76.697672,0.802328,81.300000
44,1,clip-b,thunder.spider_colorectal.linear_probing,thunder,f1,81.300000,83.360446,2.060446,88.500000
44,1,clip-b,thunder.patch_camelyon.linear_probing,thunder,f1,82.700000,84.332459,1.632459,92.600000
44,1,clip-b,thunder.spider_breast.linear_probing,thunder,f1,69.000000,71.939090,2.939090,83.100000
44,1,clip-l,thunder.ccrcc.linear_probing,thunder,f1,75.900000,76.201608,0.301608,85.300000
44,1,clip-l,thunder.tcga_crc_msi.linear_probing,thunder,f1,52.000000,55.559000,3.559000,63.500000
44,1,clip-l,thunder.tcga_tils.linear_probing,thunder,f1,85.000000,85.689278,0.689278,88.750000
44,1,clip-l,thunder.tcga_uniform.linear_probing,thunder,f1,54.100000,53.124706,0.975294,72.500000
44,1,clip-l,thunder.patch_camelyon.linear_probing,thunder,f1,85.600000,86.337601,0.737601,92.600000
44,1,conch,thunder.esca.linear_probing,thunder,f1,80.100000,77.942545,2.157455,77.500000
44,1,conch,thunder.spider_breast.linear_probing,thunder,f1,82.100000,82.266711,0.166711,83.100000
44,1,conch,pathorob.camelyon.robustness_index,pathorob,robustness_index,66.200000,28.026863,38.173137,14.500000
44,1,conch,thunder.ccrcc.linear_probing,thunder,f1,88.100000,86.071377,2.028623,85.300000
44,1,conch,thunder.bracs.linear_probing,thunder,f1,60.000000,58.957515,1.042485,59.600000
44,1,conch,pathorob.tolkach_esca.robustness_index,pathorob,robustness_index,95.100000,89.656834,5.443166,89.000000
44,1,conch,hest.idc.gene_expression,hest,pearson_r,76.815000,77.465310,0.650310,77.675000
44,1,conch,thunder.bach.linear_probing,thunder,f1,84.400000,70.577451,13.822549,69.300000
44,1,conch,hest.coad.gene_expression,hest,pearson_r,62.445000,62.827640,0.382640,62.675000
44,1,conch-1.5,thunder.patch_camelyon.linear_probing,thunder,f1,91.400000,91.627382,0.227382,92.600000
44,1,conch-1.5,hest.ccrcc.gene_expression,hest,pearson_r,60.880000,61.908496,1.028496,61.905000
44,1,conch-1.5,pathorob.tcga_2x2.robustness_index,pathorob,robustness_index,83.200000,79.277929,3.922071,74.250000
44,1,conch-1.5,thunder.crc.linear_probing,thunder,f1,93.800000,93.452725,0.347275,92.500000
44,1,conch-1.5,hest.coad.gene_expression,hest,pearson_r,64.010000,63.145450,0.864550,62.675000
44,1,conch-1.5,thunder.spider_breast.linear_probing,thunder,f1,81.600000,83.721640,2.121640,83.100000
44,1,conch-1.5,pathorob.camelyon.robustness_index,pathorob,robustness_index,77.400000,57.902084,19.497916,14.500000
44,1,conch-1.5,hest.skcm.gene_expression,hest,pearson_r,77.585000,80.808803,3.223803,80.637500
44,1,conch-1.5,thunder.ccrcc.linear_probing,thunder,f1,87.400000,88.620392,1.220392,85.300000
44,1,ctranspath,pathorob.tcga_2x2.robustness_index,pathorob,robustness_index,65.200000,67.109952,1.909952,74.250000
44,1,ctranspath,hest.paad.gene_expression,hest,pearson_r,71.570000,71.363284,0.206716,72.850000
44,1,ctranspath,hest.skcm.gene_expression,hest,pearson_r,75.485000,77.966862,2.481862,80.637500
44,1,ctranspath,hest.prad.gene_expression,hest,pearson_r,67.755000,66.307444,1.447556,67.120000
44,1,dinov2-b,thunder.bracs.linear_probing,thunder,f1,52.900000,55.718609,2.818609,59.600000
44,1,dinov2-b,thunder.spider_colorectal.linear_probing,thunder,f1,83.900000,84.983706,1.083706,88.500000
44,1,dinov2-b,thunder.bach.linear_probing,thunder,f1,64.400000,64.323287,0.076713,69.300000
44,1,dinov2-b,thunder.spider_skin.linear_probing,thunder,f1,80.100000,81.892331,1.792331,87.300000
44,1,dinov2-b,thunder.wilds.linear_probing,thunder,f1,90.700000,92.043449,1.343449,96.600000
44,1,dinov2-l,thunder.bracs.linear_probing,thunder,f1,50.600000,55.824636,5.224636,59.600000
44,1,dinov2-l,thunder.esca.linear_probing,thunder,f1,72.100000,72.768302,0.668302,77.500000
44,1,dinov2-l,thunder.wilds.linear_probing,thunder,f1,90.300000,92.176674,1.876674,96.600000
44,1,dinov2-l,thunder.patch_camelyon.linear_probing,thunder,f1,87.200000,87.099685,0.100315,92.600000
44,1,dinov2-l,thunder.break_his.linear_probing,thunder,f1,78.500000,73.424670,5.075330,69.400000
44,1,dinov3-b,thunder.ccrcc.linear_probing,thunder,f1,80.700000,82.649533,1.949533,85.300000
44,1,dinov3-b,thunder.wilds.linear_probing,thunder,f1,93.600000,92.349726,1.250274,96.600000
44,1,dinov3-b,thunder.patch_camelyon.linear_probing,thunder,f1,88.000000,87.095066,0.904934,92.600000
44,1,dinov3-b,thunder.spider_colorectal.linear_probing,thunder,f1,84.800000,85.076456,0.276456,88.500000
44,1,dinov3-b,thunder.esca.linear_probing,thunder,f1,72.900000,73.364836,0.464836,77.500000
44,1,dinov3-l,thunder.spider_skin.linear_probing,thunder,f1,82.500000,83.853809,1.353809,87.300000
44,1,dinov3-l,thunder.spider_breast.linear_probing,thunder,f1,78.300000,78.071756,0.228244,83.100000
44,1,dinov3-l,thunder.tcga_uniform.linear_probing,thunder,f1,59.300000,60.871296,1.571296,72.500000
44,1,dinov3-l,thunder.mhist.linear_probing,thunder,f1,84.100000,79.144854,4.955146,81.300000
44,1,dinov3-l,thunder.tcga_crc_msi.linear_probing,thunder,f1,55.500000,59.067381,3.567381,63.500000
44,1,dinov3-s,thunder.wilds.linear_probing,thunder,f1,94.100000,92.701494,1.398506,96.600000
44,1,dinov3-s,thunder.spider_thorax.linear_probing,thunder,f1,88.200000,88.289901,0.089901,92.100000
44,1,dinov3-s,thunder.bach.linear_probing,thunder,f1,56.400000,65.202361,8.802361,69.300000
44,1,dinov3-s,thunder.mhist.linear_probing,thunder,f1,82.900000,78.505864,4.394136,81.300000
44,1,dinov3-s,thunder.ccrcc.linear_probing,thunder,f1,81.600000,82.398591,0.798591,85.300000
44,1,genbio-pathfm,hest.ccrcc.gene_expression,hest,pearson_r,63.075000,63.030171,0.044829,61.905000
44,1,genbio-pathfm,thunder.spider_colorectal.linear_probing,thunder,f1,90.500000,90.355664,0.144336,88.500000
44,1,genbio-pathfm,thunder.crc.linear_probing,thunder,f1,95.600000,94.855245,0.744755,92.500000
44,1,genbio-pathfm,hest.lymph_idc.gene_expression,hest,pearson_r,64.210000,63.430188,0.779812,62.535000
44,1,genbio-pathfm,thunder.tcga_tils.linear_probing,thunder,f1,90.600000,91.205115,0.605115,88.750000
44,1,genbio-pathfm,hest.coad.gene_expression,hest,pearson_r,66.420000,64.330885,2.089115,62.675000
44,1,genbio-pathfm,thunder.mhist.linear_probing,thunder,f1,83.200000,82.690076,0.509924,81.300000
44,1,genbio-pathfm,thunder.tcga_uniform.linear_probing,thunder,f1,79.900000,80.686520,0.786520,72.500000
44,1,gpfm,hest.ccrcc.gene_expression,hest,pearson_r,62.955000,61.846323,1.108677,61.905000
44,1,gpfm,hest.prad.gene_expression,hest,pearson_r,67.115000,64.155768,2.959232,67.120000
44,1,gpfm,hest.skcm.gene_expression,hest,pearson_r,79.455000,79.014247,0.440753,80.637500
44,1,h-optimus-0,hest.idc.gene_expression,hest,pearson_r,79.880000,78.914856,0.965144,77.675000
44,1,h-optimus-0,thunder.tcga_tils.linear_probing,thunder,f1,91.000000,90.877590,0.122410,88.750000
44,1,h-optimus-0,hest.paad.gene_expression,hest,pearson_r,74.555000,74.324766,0.230234,72.850000
44,1,h-optimus-0,thunder.break_his.linear_probing,thunder,f1,66.000000,74.000434,8.000434,69.400000
44,1,h-optimus-0,thunder.spider_skin.linear_probing,thunder,f1,91.900000,91.520921,0.379079,87.300000
44,1,h-optimus-0,pathorob.camelyon.robustness_index,pathorob,robustness_index,70.500000,49.711040,20.788960,14.500000
44,1,h-optimus-0,pathorob.tcga_2x2.robustness_index,pathorob,robustness_index,81.200000,79.251587,1.948413,74.250000
44,1,h-optimus-0,hest.coad.gene_expression,hest,pearson_r,65.430000,64.323327,1.106673,62.675000
44,1,h-optimus-0,hest.prad.gene_expression,hest,pearson_r,69.240000,67.993478,1.246522,67.120000
44,1,h-optimus-1,thunder.crc.linear_probing,thunder,f1,94.600000,95.201665,0.601665,92.500000
44,1,h-optimus-1,hest.coad.gene_expression,hest,pearson_r,65.975000,64.752688,1.222312,62.675000
44,1,h-optimus-1,thunder.bach.linear_probing,thunder,f1,72.500000,81.755966,9.255966,69.300000
44,1,h-optimus-1,thunder.spider_breast.linear_probing,thunder,f1,86.100000,88.101933,2.001933,83.100000
44,1,h-optimus-1,thunder.spider_colorectal.linear_probing,thunder,f1,90.300000,90.864090,0.564090,88.500000
44,1,h-optimus-1,hest.ccrcc.gene_expression,hest,pearson_r,62.665000,63.480110,0.815110,61.905000
44,1,h-optimus-1,thunder.spider_skin.linear_probing,thunder,f1,92.300000,92.794123,0.494123,87.300000
44,1,h-optimus-1,hest.prad.gene_expression,hest,pearson_r,68.905000,69.184013,0.279013,67.120000
44,1,h0-mini,thunder.spider_colorectal.linear_probing,thunder,f1,90.200000,89.876400,0.323600,88.500000
44,1,h0-mini,hest.lung.gene_expression,hest,pearson_r,77.410000,77.845704,0.435704,77.207500
44,1,h0-mini,thunder.crc.linear_probing,thunder,f1,95.800000,94.377981,1.422019,92.500000
44,1,h0-mini,thunder.spider_breast.linear_probing,thunder,f1,86.000000,86.135748,0.135748,83.100000
44,1,h0-mini,thunder.bach.linear_probing,thunder,f1,71.300000,77.631780,6.331780,69.300000
44,1,h0-mini,pathorob.camelyon.robustness_index,pathorob,robustness_index,71.800000,44.311043,27.488957,14.500000
44,1,h0-mini,thunder.spider_skin.linear_probing,thunder,f1,90.400000,91.040857,0.640857,87.300000
44,1,h0-mini,thunder.spider_thorax.linear_probing,thunder,f1,93.400000,94.103672,0.703672,92.100000
44,1,h0-mini,hest.paad.gene_expression,hest,pearson_r,74.595000,74.060951,0.534049,72.850000
44,1,hibou-b,thunder.break_his.linear_probing,thunder,f1,59.600000,42.512484,17.087516,69.400000
44,1,hibou-b,thunder.crc.linear_probing,thunder,f1,93.900000,93.935819,0.035819,92.500000
44,1,hibou-b,thunder.bracs.linear_probing,thunder,f1,61.700000,60.703361,0.996639,59.600000
44,1,hibou-b,thunder.mhist.linear_probing,thunder,f1,76.500000,76.859006,0.359006,81.300000
44,1,hibou-b,thunder.tcga_crc_msi.linear_probing,thunder,f1,66.200000,64.499571,1.700429,63.500000
44,1,hibou-l,thunder.spider_skin.linear_probing,thunder,f1,93.300000,91.216572,2.083428,87.300000
44,1,hibou-l,thunder.esca.linear_probing,thunder,f1,77.500000,82.754314,5.254314,77.500000
44,1,hibou-l,thunder.bracs.linear_probing,thunder,f1,62.700000,61.818374,0.881626,59.600000
44,1,hibou-l,thunder.spider_thorax.linear_probing,thunder,f1,94.100000,94.292664,0.192664,92.100000
44,1,hibou-l,thunder.tcga_tils.linear_probing,thunder,f1,90.300000,90.688511,0.388511,88.750000
44,1,hibou-l,thunder.crc.linear_probing,thunder,f1,93.000000,94.467981,1.467981,92.500000
44,1,hibou-l,hest.paad.gene_expression,hest,pearson_r,73.370000,74.360204,0.990204,72.850000
44,1,hibou-l,hest.ccrcc.gene_expression,hest,pearson_r,63.285000,63.187653,0.097347,61.905000
44,1,hipt,pathorob.camelyon.robustness_index,pathorob,robustness_index,64.900000,2.410959,62.489041,14.500000
44,1,kaiko-vit-b-16,hest.read.gene_expression,hest,pearson_r,57.625000,57.527841,0.097159,58.777500
44,1,kaiko-vit-b-16,hest.ccrcc.gene_expression,hest,pearson_r,61.455000,61.724973,0.269973,61.905000
44,1,kaiko-vit-b-16,hest.idc.gene_expression,hest,pearson_r,76.760000,77.155599,0.395599,77.675000
44,1,kaiko-vit-b-8,hest.idc.gene_expression,hest,pearson_r,77.995000,77.186645,0.808355,77.675000
44,1,kaiko-vit-b-8,pathorob.tolkach_esca.robustness_index,pathorob,robustness_index,89.600000,86.133551,3.466449,89.000000
44,1,kaiko-vit-b-8,hest.paad.gene_expression,hest,pearson_r,73.005000,72.357780,0.647220,72.850000
44,1,kaiko-vit-b-8,pathorob.camelyon.robustness_index,pathorob,robustness_index,14.700000,14.944535,0.244535,14.500000
44,1,kaiko-vit-b-unspecified-patch,thunder.bracs.linear_probing,thunder,f1,59.400000,59.388916,0.011084,59.600000
44,1,kaiko-vit-b-unspecified-patch,thunder.tcga_crc_msi.linear_probing,thunder,f1,67.000000,62.845802,4.154198,63.500000
44,1,kaiko-vit-b-unspecified-patch,thunder.spider_thorax.linear_probing,thunder,f1,93.300000,92.343065,0.956935,92.100000
44,1,kaiko-vit-b-unspecified-patch,thunder.mhist.linear_probing,thunder,f1,78.300000,80.374000,2.074000,81.300000
44,1,kaiko-vit-b-unspecified-patch,thunder.tcga_tils.linear_probing,thunder,f1,90.200000,89.156026,1.043974,88.750000
44,1,kaiko-vit-l-14,hest.skcm.gene_expression,hest,pearson_r,77.665000,79.306562,1.641562,80.637500
44,1,kaiko-vit-l-14,hest.read.gene_expression,hest,pearson_r,57.360000,57.424096,0.064096,58.777500
44,1,kaiko-vit-l-14,hest.lymph_idc.gene_expression,hest,pearson_r,61.415000,62.398451,0.983451,62.535000
44,1,kaiko-vit-s-16,hest.prad.gene_expression,hest,pearson_r,67.415000,63.599957,3.815043,67.120000
44,1,kaiko-vit-s-16,hest.coad.gene_expression,hest,pearson_r,60.285000,61.958762,1.673762,62.675000
44,1,kaiko-vit-s-16,hest.read.gene_expression,hest,pearson_r,56.640000,56.241346,0.398654,58.777500
44,1,kaiko-vit-s-8,hest.paad.gene_expression,hest,pearson_r,70.905000,71.860245,0.955245,72.850000
44,1,kaiko-vit-s-8,hest.skcm.gene_expression,hest,pearson_r,75.870000,78.626307,2.756307,80.637500
44,1,kaiko-vit-s-8,hest.lung.gene_expression,hest,pearson_r,75.265000,76.241270,0.976270,77.207500
44,1,kaiko-vit-s-unspecified-patch,thunder.wilds.linear_probing,thunder,f1,95.900000,96.497642,0.597642,96.600000
44,1,kaiko-vit-s-unspecified-patch,thunder.crc.linear_probing,thunder,f1,92.300000,93.218278,0.918278,92.500000
44,1,kaiko-vit-s-unspecified-patch,thunder.ccrcc.linear_probing,thunder,f1,84.900000,87.471941,2.571941,85.300000
44,1,kaiko-vit-s-unspecified-patch,thunder.bracs.linear_probing,thunder,f1,61.500000,59.680189,1.819811,59.600000
44,1,kaiko-vit-s-unspecified-patch,thunder.spider_skin.linear_probing,thunder,f1,88.600000,88.493750,0.106250,87.300000
44,1,kang-dino,pathorob.camelyon.robustness_index,pathorob,robustness_index,4.300000,7.716938,3.416938,14.500000
44,1,keep,thunder.tcga_tils.linear_probing,thunder,f1,89.900000,90.546682,0.646682,88.750000
44,1,keep,thunder.bach.linear_probing,thunder,f1,77.000000,77.210523,0.210523,69.300000
44,1,keep,thunder.tcga_uniform.linear_probing,thunder,f1,72.700000,77.800401,5.100401,72.500000
44,1,keep,thunder.mhist.linear_probing,thunder,f1,76.800000,82.607735,5.807735,81.300000
44,1,keep,thunder.spider_thorax.linear_probing,thunder,f1,93.800000,94.029321,0.229321,92.100000
44,1,lunit-vit-s-8,hest.lymph_idc.gene_expression,hest,pearson_r,62.530000,61.926524,0.603476,62.535000
44,1,lunit-vit-s-8,hest.paad.gene_expression,hest,pearson_r,71.335000,73.149622,1.814622,72.850000
44,1,lunit-vit-s-8,hest.skcm.gene_expression,hest,pearson_r,78.690000,78.682344,0.007656,80.637500
44,1,midnight,thunder.wilds.linear_probing,thunder,f1,98.300000,98.240307,0.059693,96.600000
44,1,midnight,thunder.tcga_crc_msi.linear_probing,thunder,f1,65.600000,68.047147,2.447147,63.500000
44,1,midnight,thunder.ccrcc.linear_probing,thunder,f1,90.800000,91.820373,1.020373,85.300000
44,1,midnight,hest.ccrcc.gene_expression,hest,pearson_r,60.660000,63.277143,2.617143,61.905000
44,1,midnight,hest.lung.gene_expression,hest,pearson_r,77.885000,78.265217,0.380217,77.207500
44,1,midnight,thunder.spider_skin.linear_probing,thunder,f1,91.000000,92.223879,1.223879,87.300000
44,1,midnight,thunder.break_his.linear_probing,thunder,f1,56.700000,75.138278,18.438278,69.400000
44,1,midnight,thunder.patch_camelyon.linear_probing,thunder,f1,93.500000,93.751403,0.251403,92.600000
44,1,musk,hest.lymph_idc.gene_expression,hest,pearson_r,62.725000,62.231325,0.493675,62.535000
44,1,musk,pathorob.camelyon.robustness_index,pathorob,robustness_index,46.700000,37.059549,9.640451,14.500000
44,1,musk,thunder.tcga_crc_msi.linear_probing,thunder,f1,63.200000,60.683294,2.516706,63.500000
44,1,musk,hest.read.gene_expression,hest,pearson_r,55.550000,56.529011,0.979011,58.777500
44,1,musk,hest.skcm.gene_expression,hest,pearson_r,76.165000,79.115728,2.950728,80.637500
44,1,musk,thunder.spider_thorax.linear_probing,thunder,f1,93.300000,90.638838,2.661162,92.100000
44,1,musk,thunder.bracs.linear_probing,thunder,f1,63.300000,57.718484,5.581516,59.600000
44,1,musk,hest.prad.gene_expression,hest,pearson_r,67.150000,65.529205,1.620795,67.120000
44,1,musk,thunder.mhist.linear_probing,thunder,f1,80.000000,79.350375,0.649625,81.300000
44,1,openmidnight,thunder.ccrcc.linear_probing,thunder,f1,92.000000,89.786937,2.213063,85.300000
44,1,openmidnight,hest.prad.gene_expression,hest,pearson_r,67.950000,67.532965,0.417035,67.120000
44,1,openmidnight,thunder.spider_thorax.linear_probing,thunder,f1,93.700000,93.519803,0.180197,92.100000
44,1,openmidnight,hest.lymph_idc.gene_expression,hest,pearson_r,62.990000,62.866709,0.123291,62.535000
44,1,openmidnight,thunder.tcga_crc_msi.linear_probing,thunder,f1,66.300000,65.328645,0.971355,63.500000
44,1,openmidnight,thunder.tcga_uniform.linear_probing,thunder,f1,82.800000,75.730567,7.069433,72.500000
44,1,openmidnight,hest.idc.gene_expression,hest,pearson_r,79.350000,78.371162,0.978838,77.675000
44,1,openmidnight,hest.coad.gene_expression,hest,pearson_r,63.640000,63.666043,0.026043,62.675000
44,1,phikon,thunder.tcga_tils.linear_probing,thunder,f1,90.100000,88.974662,1.125338,88.750000
44,1,phikon,thunder.tcga_crc_msi.linear_probing,thunder,f1,63.100000,62.360690,0.739310,63.500000
44,1,phikon,hest.lymph_idc.gene_expression,hest,pearson_r,61.865000,62.182464,0.317464,62.535000
44,1,phikon,thunder.bracs.linear_probing,thunder,f1,56.900000,59.141186,2.241186,59.600000
44,1,phikon,hest.skcm.gene_expression,hest,pearson_r,76.775000,79.050079,2.275079,80.637500
44,1,phikon,hest.coad.gene_expression,hest,pearson_r,63.115000,63.347379,0.232379,62.675000
44,1,phikon,thunder.crc.linear_probing,thunder,f1,92.100000,92.950876,0.850876,92.500000
44,1,phikon,thunder.spider_thorax.linear_probing,thunder,f1,92.400000,92.242756,0.157244,92.100000
44,1,phikon,hest.prad.gene_expression,hest,pearson_r,67.100000,66.051984,1.048016,67.120000
44,1,phikon-v2,thunder.mhist.linear_probing,thunder,f1,79.200000,78.500438,0.699562,81.300000
44,1,phikon-v2,hest.skcm.gene_expression,hest,pearson_r,77.770000,78.826697,1.056697,80.637500
44,1,phikon-v2,thunder.spider_breast.linear_probing,thunder,f1,86.000000,82.764411,3.235589,83.100000
44,1,phikon-v2,hest.prad.gene_expression,hest,pearson_r,67.725000,65.856832,1.868168,67.120000
44,1,phikon-v2,thunder.spider_skin.linear_probing,thunder,f1,87.200000,87.269936,0.069936,87.300000
44,1,phikon-v2,hest.lymph_idc.gene_expression,hest,pearson_r,62.185000,62.099975,0.085025,62.535000
44,1,phikon-v2,thunder.tcga_tils.linear_probing,thunder,f1,91.000000,88.714910,2.285090,88.750000
44,1,phikon-v2,hest.ccrcc.gene_expression,hest,pearson_r,63.295000,62.305414,0.989586,61.905000
44,1,phikon-v2,pathorob.tcga_2x2.robustness_index,pathorob,robustness_index,61.900000,65.531619,3.631619,74.250000
44,1,plip,thunder.ccrcc.linear_probing,thunder,f1,76.900000,76.634487,0.265513,85.300000
44,1,plip,thunder.patch_camelyon.linear_probing,thunder,f1,87.900000,87.504709,0.395291,92.600000
44,1,plip,thunder.wilds.linear_probing,thunder,f1,89.000000,91.632752,2.632752,96.600000
44,1,plip,thunder.esca.linear_probing,thunder,f1,65.700000,68.634057,2.934057,77.500000
44,1,plip,thunder.spider_thorax.linear_probing,thunder,f1,88.600000,88.200874,0.399126,92.100000
44,1,prov-gigapath,thunder.break_his.linear_probing,thunder,f1,65.400000,68.614126,3.214126,69.400000
44,1,prov-gigapath,thunder.tcga_tils.linear_probing,thunder,f1,89.100000,90.168725,1.068725,88.750000
44,1,prov-gigapath,hest.paad.gene_expression,hest,pearson_r,73.730000,73.789549,0.059549,72.850000
44,1,prov-gigapath,hest.read.gene_expression,hest,pearson_r,59.805000,59.123647,0.681353,58.777500
44,1,prov-gigapath,thunder.tcga_uniform.linear_probing,thunder,f1,74.400000,75.826290,1.426290,72.500000
44,1,prov-gigapath,thunder.ccrcc.linear_probing,thunder,f1,88.100000,89.003392,0.903392,85.300000
44,1,prov-gigapath,thunder.bach.linear_probing,thunder,f1,70.700000,75.211225,4.511225,69.300000
44,1,prov-gigapath,thunder.spider_skin.linear_probing,thunder,f1,91.300000,90.185481,1.114519,87.300000
44,1,prov-gigapath,hest.ccrcc.gene_expression,hest,pearson_r,62.150000,62.737618,0.587618,61.905000
44,1,quiltnet,thunder.patch_camelyon.linear_probing,thunder,f1,87.400000,88.987619,1.587619,92.600000
44,1,quiltnet,thunder.spider_colorectal.linear_probing,thunder,f1,82.900000,86.786413,3.886413,88.500000
44,1,quiltnet,thunder.spider_breast.linear_probing,thunder,f1,77.000000,79.228578,2.228578,83.100000
44,1,quiltnet,thunder.break_his.linear_probing,thunder,f1,62.400000,34.260725,28.139275,69.400000
44,1,quiltnet,thunder.bach.linear_probing,thunder,f1,58.400000,55.131691,3.268309,69.300000
44,1,resnet50,hest.coad.gene_expression,hest,pearson_r,62.500000,61.092301,1.407699,62.675000
44,1,resnet50,hest.skcm.gene_expression,hest,pearson_r,74.105000,76.309620,2.204620,80.637500
44,1,resnet50,hest.idc.gene_expression,hest,pearson_r,73.695000,75.243860,1.548860,77.675000
44,1,retccl,pathorob.tcga_2x2.robustness_index,pathorob,robustness_index,59.300000,73.050508,13.750508,74.250000
44,1,rudolfv,pathorob.camelyon.robustness_index,pathorob,robustness_index,18.400000,1.665239,16.734761,14.500000
44,1,uni,thunder.spider_skin.linear_probing,thunder,f1,91.200000,90.364519,0.835481,87.300000
44,1,uni,thunder.spider_thorax.linear_probing,thunder,f1,93.900000,93.727800,0.172200,92.100000
44,1,uni,thunder.spider_breast.linear_probing,thunder,f1,85.700000,85.483820,0.216180,83.100000
44,1,uni,thunder.tcga_tils.linear_probing,thunder,f1,90.100000,90.257728,0.157728,88.750000
44,1,uni,thunder.wilds.linear_probing,thunder,f1,97.200000,97.436071,0.236071,96.600000
44,1,uni,thunder.tcga_crc_msi.linear_probing,thunder,f1,65.900000,65.485238,0.414762,63.500000
44,1,uni,thunder.patch_camelyon.linear_probing,thunder,f1,93.800000,92.630381,1.169619,92.600000
44,1,uni,thunder.crc.linear_probing,thunder,f1,93.100000,94.064960,0.964960,92.500000
44,1,uni,hest.coad.gene_expression,hest,pearson_r,63.070000,63.992353,0.922353,62.675000
44,1,uni2-h,thunder.esca.linear_probing,thunder,f1,86.400000,85.451119,0.948881,77.500000
44,1,uni2-h,hest.coad.gene_expression,hest,pearson_r,65.075000,64.646811,0.428189,62.675000
44,1,uni2-h,thunder.spider_breast.linear_probing,thunder,f1,86.700000,87.833583,1.133583,83.100000
44,1,uni2-h,thunder.ccrcc.linear_probing,thunder,f1,89.500000,92.135929,2.635929,85.300000
44,1,uni2-h,thunder.spider_thorax.linear_probing,thunder,f1,95.100000,95.019623,0.080377,92.100000
44,1,uni2-h,hest.prad.gene_expression,hest,pearson_r,67.845000,68.632333,0.787333,67.120000
44,1,uni2-h,pathorob.camelyon.robustness_index,pathorob,robustness_index,54.400000,46.133411,8.266589,14.500000
44,1,uni2-h,hest.read.gene_expression,hest,pearson_r,61.115000,60.249398,0.865602,58.777500
44,1,uni2-h,thunder.spider_colorectal.linear_probing,thunder,f1,90.500000,90.739015,0.239015,88.500000
44,1,virchow,hest.idc.gene_expression,hest,pearson_r,79.230000,78.661407,0.568593,77.675000
44,1,virchow,thunder.tcga_tils.linear_probing,thunder,f1,90.700000,90.535298,0.164702,88.750000
44,1,virchow,hest.coad.gene_expression,hest,pearson_r,65.395000,64.192693,1.202307,62.675000
44,1,virchow,thunder.patch_camelyon.linear_probing,thunder,f1,93.600000,92.966257,0.633743,92.600000
44,1,virchow,thunder.spider_thorax.linear_probing,thunder,f1,94.700000,94.047515,0.652485,92.100000
44,1,virchow,thunder.ccrcc.linear_probing,thunder,f1,91.700000,90.008884,1.691116,85.300000
44,1,virchow,pathorob.tolkach_esca.robustness_index,pathorob,robustness_index,93.200000,90.112630,3.087370,89.000000
44,1,virchow,thunder.wilds.linear_probing,thunder,f1,97.600000,97.677468,0.077468,96.600000
44,1,virchow,pathorob.camelyon.robustness_index,pathorob,robustness_index,75.100000,32.763486,42.336514,14.500000
44,1,virchow-2,hest.coad.gene_expression,hest,pearson_r,62.905000,64.115794,1.210794,62.675000
44,1,virchow-2,thunder.break_his.linear_probing,thunder,f1,72.500000,76.844356,4.344356,69.400000
44,1,virchow-2,hest.paad.gene_expression,hest,pearson_r,73.895000,74.180100,0.285100,72.850000
44,1,virchow-2,hest.lung.gene_expression,hest,pearson_r,78.425000,77.930614,0.494386,77.207500
44,1,virchow-2,thunder.tcga_crc_msi.linear_probing,thunder,f1,69.600000,66.895974,2.704026,63.500000
44,1,virchow-2,thunder.spider_breast.linear_probing,thunder,f1,87.200000,86.340748,0.859252,83.100000
44,1,virchow-2,hest.ccrcc.gene_expression,hest,pearson_r,63.595000,62.766538,0.828462,61.905000
44,1,virchow-2,thunder.esca.linear_probing,thunder,f1,88.900000,84.089716,4.810284,77.500000
44,1,virchow-2,thunder.bach.linear_probing,thunder,f1,76.500000,78.982774,2.482774,69.300000
44,1,vit-b,thunder.break_his.linear_probing,thunder,f1,64.500000,51.557889,12.942111,69.400000
44,1,vit-b,thunder.patch_camelyon.linear_probing,thunder,f1,84.600000,87.606088,3.006088,92.600000
44,1,vit-b,thunder.spider_colorectal.linear_probing,thunder,f1,84.700000,85.633833,0.933833,88.500000
44,1,vit-b,thunder.spider_thorax.linear_probing,thunder,f1,87.900000,88.274234,0.374234,92.100000
44,1,vit-b,thunder.tcga_crc_msi.linear_probing,thunder,f1,59.100000,56.608468,2.491532,63.500000
44,1,vit-l,thunder.tcga_tils.linear_probing,thunder,f1,87.500000,86.503774,0.996226,88.750000
44,1,vit-l,thunder.wilds.linear_probing,thunder,f1,92.600000,92.059285,0.540715,96.600000
44,1,vit-l,thunder.break_his.linear_probing,thunder,f1,66.300000,60.536591,5.763409,69.400000
44,1,vit-l,thunder.tcga_crc_msi.linear_probing,thunder,f1,56.800000,57.158719,0.358719,63.500000
44,1,vit-l,thunder.ccrcc.linear_probing,thunder,f1,77.100000,78.846606,1.746606,85.300000
44,2,atlas,pathorob.camelyon.robustness_index,pathorob,robustness_index,78.500000,61.862141,16.637859,50.550000
44,2,ciga,pathorob.tcga_2x2.robustness_index,pathorob,robustness_index,51.100000,61.086351,9.986351,66.100000
44,2,clip-b,thunder.spider_skin.linear_probing,thunder,f1,75.800000,75.014788,0.785212,90.400000
44,2,clip-b,thunder.tcga_uniform.linear_probing,thunder,f1,47.900000,44.148713,3.751287,75.000000
44,2,clip-b,thunder.crc.linear_probing,thunder,f1,87.300000,89.280370,1.980370,93.750000
44,2,clip-b,thunder.bach.linear_probing,thunder,f1,51.100000,49.091359,2.008641,70.700000
44,2,clip-b,thunder.ccrcc.linear_probing,thunder,f1,73.700000,67.028239,6.671761,85.300000
44,2,clip-b,thunder.spider_thorax.linear_probing,thunder,f1,84.700000,85.638957,0.938957,93.800000
44,2,clip-l,thunder.spider_breast.linear_probing,thunder,f1,73.600000,74.142332,0.542332,82.600000
44,2,clip-l,thunder.bracs.linear_probing,thunder,f1,56.400000,53.910772,2.489228,59.400000
44,2,clip-l,thunder.spider_colorectal.linear_probing,thunder,f1,82.800000,83.565434,0.765434,88.400000
44,2,clip-l,thunder.wilds.linear_probing,thunder,f1,93.200000,90.405287,2.794713,95.200000
44,2,clip-l,thunder.crc.linear_probing,thunder,f1,88.300000,90.739212,2.439212,93.750000
44,2,clip-l,thunder.esca.linear_probing,thunder,f1,67.600000,68.092318,0.492318,78.500000
44,2,conch,thunder.spider_thorax.linear_probing,thunder,f1,91.000000,92.653037,1.653037,93.800000
44,2,conch,thunder.tcga_tils.linear_probing,thunder,f1,88.100000,89.374215,1.274215,89.900000
44,2,conch,thunder.patch_camelyon.linear_probing,thunder,f1,90.600000,91.589378,0.989378,90.900000
44,2,conch,thunder.crc.linear_probing,thunder,f1,93.400000,93.360859,0.039141,93.750000
44,2,conch,thunder.wilds.linear_probing,thunder,f1,97.200000,96.329132,0.870868,95.200000
44,2,conch,thunder.spider_skin.linear_probing,thunder,f1,87.300000,88.473260,1.173260,90.400000
44,2,conch,pathorob.tcga_2x2.robustness_index,pathorob,robustness_index,82.400000,79.467487,2.932513,66.100000
44,2,conch,thunder.tcga_uniform.linear_probing,thunder,f1,68.000000,70.713574,2.713574,75.000000
44,2,conch,hest.skcm.gene_expression,hest,pearson_r,78.935000,78.368817,0.566183,77.717500
44,2,conch,thunder.mhist.linear_probing,thunder,f1,79.700000,80.968681,1.268681,80.000000
44,2,conch-1.5,thunder.spider_skin.linear_probing,thunder,f1,87.000000,89.345935,2.345935,90.400000
44,2,conch-1.5,thunder.esca.linear_probing,thunder,f1,82.700000,81.987773,0.712227,78.500000
44,2,conch-1.5,thunder.tcga_crc_msi.linear_probing,thunder,f1,62.300000,64.565832,2.265832,65.550000
44,2,conch-1.5,thunder.mhist.linear_probing,thunder,f1,81.200000,81.643247,0.443247,80.000000
44,2,conch-1.5,pathorob.tolkach_esca.robustness_index,pathorob,robustness_index,95.100000,95.268399,0.168399,89.900000
44,2,conch-1.5,thunder.tcga_uniform.linear_probing,thunder,f1,69.400000,72.932090,3.532090,75.000000
44,2,conch-1.5,thunder.bracs.linear_probing,thunder,f1,62.400000,61.016075,1.383925,59.400000
44,2,conch-1.5,thunder.bach.linear_probing,thunder,f1,76.800000,73.758552,3.041448,70.700000
44,2,conch-1.5,thunder.spider_colorectal.linear_probing,thunder,f1,87.400000,88.711767,1.311767,88.400000
44,2,conch-1.5,thunder.spider_thorax.linear_probing,thunder,f1,92.100000,93.125824,1.025824,93.800000
44,2,ctranspath,hest.read.gene_expression,hest,pearson_r,54.840000,57.179818,2.339818,58.487500
44,2,ctranspath,pathorob.camelyon.robustness_index,pathorob,robustness_index,10.600000,16.532001,5.932001,50.550000
44,2,ctranspath,hest.idc.gene_expression,hest,pearson_r,74.965000,76.731402,1.766402,77.245000
44,2,ctranspath,hest.lymph_idc.gene_expression,hest,pearson_r,62.045000,62.283990,0.238990,62.630000
44,2,dinov2-b,thunder.crc.linear_probing,thunder,f1,90.300000,91.456971,1.156971,93.750000
44,2,dinov2-b,thunder.tcga_tils.linear_probing,thunder,f1,85.900000,86.689747,0.789747,89.900000
44,2,dinov2-b,thunder.tcga_uniform.linear_probing,thunder,f1,54.400000,56.152828,1.752828,75.000000
44,2,dinov2-b,thunder.spider_breast.linear_probing,thunder,f1,76.000000,75.832080,0.167920,82.600000
44,2,dinov2-b,thunder.spider_thorax.linear_probing,thunder,f1,87.600000,88.967768,1.367768,93.800000
44,2,dinov2-b,thunder.break_his.linear_probing,thunder,f1,77.800000,57.851647,19.948353,66.000000
44,2,dinov2-l,thunder.spider_thorax.linear_probing,thunder,f1,87.700000,88.244407,0.544407,93.800000
44,2,dinov2-l,thunder.ccrcc.linear_probing,thunder,f1,81.400000,76.334980,5.065020,85.300000
44,2,dinov2-l,thunder.spider_colorectal.linear_probing,thunder,f1,85.300000,83.475304,1.824696,88.400000
44,2,dinov2-l,thunder.tcga_crc_msi.linear_probing,thunder,f1,59.300000,56.052431,3.247569,65.550000
44,2,dinov2-l,thunder.tcga_uniform.linear_probing,thunder,f1,56.200000,53.159232,3.040768,75.000000
44,2,dinov2-l,thunder.mhist.linear_probing,thunder,f1,82.300000,77.412425,4.887575,80.000000
44,2,dinov3-b,thunder.bach.linear_probing,thunder,f1,60.300000,67.233954,6.933954,70.700000
44,2,dinov3-b,thunder.tcga_crc_msi.linear_probing,thunder,f1,57.200000,58.305622,1.105622,65.550000
44,2,dinov3-b,thunder.spider_breast.linear_probing,thunder,f1,76.500000,76.492651,0.007349,82.600000
44,2,dinov3-b,thunder.spider_skin.linear_probing,thunder,f1,81.600000,82.978689,1.378689,90.400000
44,2,dinov3-b,thunder.mhist.linear_probing,thunder,f1,82.700000,78.457603,4.242397,80.000000
44,2,dinov3-b,thunder.crc.linear_probing,thunder,f1,89.500000,92.025517,2.525517,93.750000
44,2,dinov3-l,thunder.break_his.linear_probing,thunder,f1,77.300000,61.626781,15.673219,66.000000
44,2,dinov3-l,thunder.bach.linear_probing,thunder,f1,57.900000,64.609360,6.709360,70.700000
44,2,dinov3-l,thunder.spider_thorax.linear_probing,thunder,f1,90.100000,90.029151,0.070849,93.800000
44,2,dinov3-l,thunder.crc.linear_probing,thunder,f1,91.500000,92.114148,0.614148,93.750000
44,2,dinov3-l,thunder.bracs.linear_probing,thunder,f1,54.600000,56.661961,2.061961,59.400000
44,2,dinov3-l,thunder.patch_camelyon.linear_probing,thunder,f1,88.800000,88.512486,0.287514,90.900000
44,2,dinov3-s,thunder.tcga_crc_msi.linear_probing,thunder,f1,57.700000,56.025207,1.674793,65.550000
44,2,dinov3-s,thunder.spider_skin.linear_probing,thunder,f1,81.800000,81.548661,0.251339,90.400000
44,2,dinov3-s,thunder.patch_camelyon.linear_probing,thunder,f1,86.500000,87.103050,0.603050,90.900000
44,2,dinov3-s,thunder.spider_colorectal.linear_probing,thunder,f1,85.000000,84.748203,0.251797,88.400000
44,2,dinov3-s,thunder.crc.linear_probing,thunder,f1,91.400000,91.516559,0.116559,93.750000
44,2,dinov3-s,thunder.break_his.linear_probing,thunder,f1,82.900000,56.684472,26.215528,66.000000
44,2,genbio-pathfm,hest.prad.gene_expression,hest,pearson_r,69.565000,69.168902,0.396098,67.570000
44,2,genbio-pathfm,hest.paad.gene_expression,hest,pearson_r,74.795000,74.660394,0.134606,73.005000
44,2,genbio-pathfm,hest.idc.gene_expression,hest,pearson_r,79.360000,79.688156,0.328156,77.245000
44,2,genbio-pathfm,thunder.ccrcc.linear_probing,thunder,f1,91.600000,92.575729,0.975729,85.300000
44,2,genbio-pathfm,thunder.spider_breast.linear_probing,thunder,f1,86.200000,87.930828,1.730828,82.600000
44,2,genbio-pathfm,thunder.tcga_crc_msi.linear_probing,thunder,f1,68.000000,69.603945,1.603945,65.550000
44,2,genbio-pathfm,thunder.bracs.linear_probing,thunder,f1,60.100000,64.932099,4.832099,59.400000
44,2,genbio-pathfm,hest.skcm.gene_expression,hest,pearson_r,83.575000,81.554566,2.020434,77.717500
44,2,genbio-pathfm,thunder.spider_skin.linear_probing,thunder,f1,93.500000,92.877333,0.622667,90.400000
44,2,gpfm,hest.idc.gene_expression,hest,pearson_r,78.300000,78.140419,0.159581,77.245000
44,2,gpfm,hest.lymph_idc.gene_expression,hest,pearson_r,61.855000,62.691960,0.836960,62.630000
44,2,gpfm,hest.coad.gene_expression,hest,pearson_r,62.400000,63.717708,1.317708,63.070000
44,2,h-optimus-0,hest.ccrcc.gene_expression,hest,pearson_r,63.380000,62.806385,0.573615,62.150000
44,2,h-optimus-0,thunder.wilds.linear_probing,thunder,f1,98.700000,97.978642,0.721358,95.200000
44,2,h-optimus-0,thunder.spider_colorectal.linear_probing,thunder,f1,89.900000,90.466576,0.566576,88.400000
44,2,h-optimus-0,thunder.bracs.linear_probing,thunder,f1,61.100000,64.021494,2.921494,59.400000
44,2,h-optimus-0,thunder.crc.linear_probing,thunder,f1,93.500000,94.509688,1.009688,93.750000
44,2,h-optimus-0,hest.read.gene_expression,hest,pearson_r,61.080000,59.588214,1.491786,58.487500
44,2,h-optimus-0,thunder.bach.linear_probing,thunder,f1,69.700000,78.111330,8.411330,70.700000
44,2,h-optimus-0,thunder.esca.linear_probing,thunder,f1,83.500000,85.636438,2.136438,78.500000
44,2,h-optimus-0,thunder.mhist.linear_probing,thunder,f1,82.800000,82.283732,0.516268,80.000000
44,2,h-optimus-0,thunder.ccrcc.linear_probing,thunder,f1,90.800000,91.559425,0.759425,85.300000
44,2,h-optimus-1,thunder.patch_camelyon.linear_probing,thunder,f1,93.300000,94.216060,0.916060,90.900000
44,2,h-optimus-1,hest.paad.gene_expression,hest,pearson_r,74.820000,74.376638,0.443362,73.005000
44,2,h-optimus-1,thunder.wilds.linear_probing,thunder,f1,98.200000,98.058817,0.141183,95.200000
44,2,h-optimus-1,hest.read.gene_expression,hest,pearson_r,62.105000,59.623231,2.481769,58.487500
44,2,h-optimus-1,thunder.spider_thorax.linear_probing,thunder,f1,93.600000,94.741380,1.141380,93.800000
44,2,h-optimus-1,hest.lung.gene_expression,hest,pearson_r,78.895000,78.003563,0.891437,77.095000
44,2,h-optimus-1,thunder.tcga_crc_msi.linear_probing,thunder,f1,67.900000,68.709981,0.809981,65.550000
44,2,h-optimus-1,hest.idc.gene_expression,hest,pearson_r,80.120000,79.391893,0.728107,77.245000
44,2,h-optimus-1,hest.skcm.gene_expression,hest,pearson_r,82.945000,81.144051,1.800949,77.717500
44,2,h0-mini,thunder.mhist.linear_probing,thunder,f1,79.900000,82.180269,2.280269,80.000000
44,2,h0-mini,thunder.bracs.linear_probing,thunder,f1,60.700000,63.167002,2.467002,59.400000
44,2,h0-mini,hest.prad.gene_expression,hest,pearson_r,68.435000,68.810840,0.375840,67.570000
44,2,h0-mini,thunder.tcga_uniform.linear_probing,thunder,f1,78.200000,77.950898,0.249102,75.000000
44,2,h0-mini,pathorob.tcga_2x2.robustness_index,pathorob,robustness_index,79.400000,80.998000,1.598000,66.100000
44,2,h0-mini,thunder.ccrcc.linear_probing,thunder,f1,90.200000,90.789712,0.589712,85.300000
44,2,h0-mini,thunder.break_his.linear_probing,thunder,f1,69.000000,74.253547,5.253547,66.000000
44,2,h0-mini,hest.idc.gene_expression,hest,pearson_r,79.310000,78.977584,0.332416,77.245000
44,2,h0-mini,hest.ccrcc.gene_expression,hest,pearson_r,63.350000,62.445710,0.904290,62.150000
44,2,h0-mini,hest.skcm.gene_expression,hest,pearson_r,80.060000,80.381824,0.321824,77.717500
44,2,hibou-b,thunder.spider_skin.linear_probing,thunder,f1,91.100000,90.168699,0.931301,90.400000
44,2,hibou-b,thunder.ccrcc.linear_probing,thunder,f1,84.300000,88.008853,3.708853,85.300000
44,2,hibou-b,thunder.tcga_uniform.linear_probing,thunder,f1,70.200000,73.967162,3.767162,75.000000
44,2,hibou-b,thunder.esca.linear_probing,thunder,f1,77.500000,81.011174,3.511174,78.500000
44,2,hibou-b,thunder.spider_breast.linear_probing,thunder,f1,86.600000,84.599846,2.000154,82.600000
44,2,hibou-b,thunder.spider_colorectal.linear_probing,thunder,f1,90.700000,88.954224,1.745776,88.400000
44,2,hibou-l,thunder.wilds.linear_probing,thunder,f1,98.100000,97.002233,1.097767,95.200000
44,2,hibou-l,thunder.patch_camelyon.linear_probing,thunder,f1,93.300000,92.871558,0.428442,90.900000
44,2,hibou-l,thunder.spider_colorectal.linear_probing,thunder,f1,89.800000,89.534294,0.265706,88.400000
44,2,hibou-l,thunder.mhist.linear_probing,thunder,f1,81.300000,77.144082,4.155918,80.000000
44,2,hibou-l,hest.read.gene_expression,hest,pearson_r,59.510000,59.798547,0.288547,58.487500
44,2,hibou-l,hest.skcm.gene_expression,hest,pearson_r,79.085000,81.010113,1.925113,77.717500
44,2,hibou-l,thunder.break_his.linear_probing,thunder,f1,69.400000,58.349779,11.050221,66.000000
44,2,hibou-l,hest.lung.gene_expression,hest,pearson_r,78.810000,78.408018,0.401982,77.095000
44,2,hibou-l,hest.coad.gene_expression,hest,pearson_r,65.200000,64.592381,0.607619,63.070000
44,2,hipt,pathorob.tolkach_esca.robustness_index,pathorob,robustness_index,72.600000,87.496902,14.896902,89.900000
44,2,kaiko-vit-b-16,hest.lung.gene_expression,hest,pearson_r,75.780000,76.364732,0.584732,77.095000
44,2,kaiko-vit-b-16,hest.paad.gene_expression,hest,pearson_r,72.620000,71.825329,0.794671,73.005000
44,2,kaiko-vit-b-16,hest.coad.gene_expression,hest,pearson_r,64.060000,62.317943,1.742057,63.070000
44,2,kaiko-vit-b-8,hest.read.gene_expression,hest,pearson_r,58.115000,57.792765,0.322235,58.487500
44,2,kaiko-vit-b-8,hest.lymph_idc.gene_expression,hest,pearson_r,61.365000,62.621599,1.256599,62.630000
44,2,kaiko-vit-b-8,hest.coad.gene_expression,hest,pearson_r,63.415000,62.657191,0.757809,63.070000
44,2,kaiko-vit-b-8,hest.prad.gene_expression,hest,pearson_r,68.055000,67.585687,0.469313,67.570000
44,2,kaiko-vit-b-unspecified-patch,thunder.spider_skin.linear_probing,thunder,f1,87.400000,89.594558,2.194558,90.400000
44,2,kaiko-vit-b-unspecified-patch,thunder.patch_camelyon.linear_probing,thunder,f1,90.400000,91.996910,1.596910,90.900000
44,2,kaiko-vit-b-unspecified-patch,thunder.break_his.linear_probing,thunder,f1,67.200000,65.196275,2.003725,66.000000
44,2,kaiko-vit-b-unspecified-patch,thunder.crc.linear_probing,thunder,f1,94.500000,93.391390,1.108610,93.750000
44,2,kaiko-vit-b-unspecified-patch,thunder.bach.linear_probing,thunder,f1,69.600000,71.410076,1.810076,70.700000
44,2,kaiko-vit-b-unspecified-patch,thunder.ccrcc.linear_probing,thunder,f1,81.700000,87.404530,5.704530,85.300000
44,2,kaiko-vit-l-14,hest.idc.gene_expression,hest,pearson_r,77.675000,76.353757,1.321243,77.245000
44,2,kaiko-vit-l-14,hest.coad.gene_expression,hest,pearson_r,62.675000,62.276008,0.398992,63.070000
44,2,kaiko-vit-l-14,hest.prad.gene_expression,hest,pearson_r,67.350000,65.323490,2.026510,67.570000
44,2,kaiko-vit-s-16,hest.ccrcc.gene_expression,hest,pearson_r,60.495000,60.682239,0.187239,62.150000
44,2,kaiko-vit-s-16,hest.paad.gene_expression,hest,pearson_r,72.045000,71.528139,0.516861,73.005000
44,2,kaiko-vit-s-16,hest.lymph_idc.gene_expression,hest,pearson_r,61.245000,62.288286,1.043286,62.630000
44,2,kaiko-vit-s-8,hest.ccrcc.gene_expression,hest,pearson_r,61.730000,60.691030,1.038970,62.150000
44,2,kaiko-vit-s-8,hest.read.gene_expression,hest,pearson_r,57.345000,56.488745,0.856255,58.487500
44,2,kaiko-vit-s-8,hest.prad.gene_expression,hest,pearson_r,66.700000,67.093181,0.393181,67.570000
44,2,kaiko-vit-s-unspecified-patch,thunder.break_his.linear_probing,thunder,f1,69.400000,65.365331,4.034669,66.000000
44,2,kaiko-vit-s-unspecified-patch,thunder.esca.linear_probing,thunder,f1,76.800000,79.699277,2.899277,78.500000
44,2,kaiko-vit-s-unspecified-patch,thunder.bach.linear_probing,thunder,f1,72.600000,70.427112,2.172888,70.700000
44,2,kaiko-vit-s-unspecified-patch,thunder.tcga_crc_msi.linear_probing,thunder,f1,62.600000,63.010802,0.410802,65.550000
44,2,kaiko-vit-s-unspecified-patch,thunder.spider_thorax.linear_probing,thunder,f1,93.100000,92.540502,0.559498,93.800000
44,2,kaiko-vit-s-unspecified-patch,thunder.tcga_uniform.linear_probing,thunder,f1,75.700000,70.097651,5.602349,75.000000
44,2,kang-dino,pathorob.tolkach_esca.robustness_index,pathorob,robustness_index,83.200000,78.853272,4.346728,89.900000
44,2,keep,thunder.spider_breast.linear_probing,thunder,f1,85.600000,85.948645,0.348645,82.600000
44,2,keep,thunder.break_his.linear_probing,thunder,f1,65.900000,68.927929,3.027929,66.000000
44,2,keep,thunder.crc.linear_probing,thunder,f1,94.700000,93.960317,0.739683,93.750000
44,2,keep,thunder.spider_skin.linear_probing,thunder,f1,89.300000,91.426427,2.126427,90.400000
44,2,keep,thunder.tcga_crc_msi.linear_probing,thunder,f1,64.900000,67.383936,2.483936,65.550000
44,2,keep,thunder.wilds.linear_probing,thunder,f1,97.400000,97.334818,0.065182,95.200000
44,2,lunit-vit-s-8,hest.read.gene_expression,hest,pearson_r,58.050000,57.411056,0.638944,58.487500
44,2,lunit-vit-s-8,hest.ccrcc.gene_expression,hest,pearson_r,62.315000,61.268385,1.046615,62.150000
44,2,lunit-vit-s-8,hest.coad.gene_expression,hest,pearson_r,64.130000,61.993773,2.136227,63.070000
44,2,midnight,thunder.crc.linear_probing,thunder,f1,95.600000,93.933877,1.666123,93.750000
44,2,midnight,hest.idc.gene_expression,hest,pearson_r,79.115000,78.674375,0.440625,77.245000
44,2,midnight,hest.coad.gene_expression,hest,pearson_r,64.540000,64.262885,0.277115,63.070000
44,2,midnight,thunder.esca.linear_probing,thunder,f1,86.200000,82.968348,3.231652,78.500000
44,2,midnight,thunder.tcga_tils.linear_probing,thunder,f1,91.000000,90.383354,0.616646,89.900000
44,2,midnight,thunder.spider_breast.linear_probing,thunder,f1,86.100000,85.515008,0.584992,82.600000
44,2,midnight,thunder.spider_colorectal.linear_probing,thunder,f1,89.600000,89.547951,0.052049,88.400000
44,2,midnight,thunder.bach.linear_probing,thunder,f1,87.900000,74.259306,13.640694,70.700000
44,2,midnight,thunder.tcga_uniform.linear_probing,thunder,f1,85.200000,76.180366,9.019634,75.000000
44,2,musk,thunder.tcga_uniform.linear_probing,thunder,f1,66.000000,66.060211,0.060211,75.000000
44,2,musk,thunder.esca.linear_probing,thunder,f1,76.400000,77.096507,0.696507,78.500000
44,2,musk,hest.ccrcc.gene_expression,hest,pearson_r,59.125000,61.214030,2.089030,62.150000
44,2,musk,hest.idc.gene_expression,hest,pearson_r,76.240000,77.068441,0.828441,77.245000
44,2,musk,pathorob.tolkach_esca.robustness_index,pathorob,robustness_index,92.800000,90.537458,2.262542,89.900000
44,2,musk,hest.coad.gene_expression,hest,pearson_r,61.825000,61.906994,0.081994,63.070000
44,2,musk,thunder.break_his.linear_probing,thunder,f1,77.600000,64.112564,13.487436,66.000000
44,2,musk,thunder.tcga_tils.linear_probing,thunder,f1,89.400000,88.498997,0.901003,89.900000
44,2,musk,thunder.bach.linear_probing,thunder,f1,69.900000,67.413497,2.486503,70.700000
44,2,musk,thunder.wilds.linear_probing,thunder,f1,96.000000,95.102522,0.897478,95.200000
44,2,openmidnight,hest.ccrcc.gene_expression,hest,pearson_r,62.290000,62.511549,0.221549,62.150000
44,2,openmidnight,hest.read.gene_expression,hest,pearson_r,58.810000,58.960793,0.150793,58.487500
44,2,openmidnight,thunder.spider_breast.linear_probing,thunder,f1,84.500000,85.658429,1.158429,82.600000
44,2,openmidnight,thunder.patch_camelyon.linear_probing,thunder,f1,93.200000,93.308500,0.108500,90.900000
44,2,openmidnight,hest.skcm.gene_expression,hest,pearson_r,79.705000,80.116903,0.411903,77.717500
44,2,openmidnight,thunder.spider_skin.linear_probing,thunder,f1,90.500000,91.034284,0.534284,90.400000
44,2,openmidnight,thunder.tcga_tils.linear_probing,thunder,f1,91.000000,90.524517,0.475483,89.900000
44,2,openmidnight,hest.lung.gene_expression,hest,pearson_r,77.670000,77.500644,0.169356,77.095000
44,2,openmidnight,thunder.esca.linear_probing,thunder,f1,79.800000,83.998812,4.198812,78.500000
44,2,phikon,hest.idc.gene_expression,hest,pearson_r,76.635000,77.145323,0.510323,77.245000
44,2,phikon,hest.lung.gene_expression,hest,pearson_r,77.330000,76.645583,0.684417,77.095000
44,2,phikon,thunder.spider_skin.linear_probing,thunder,f1,87.900000,87.066513,0.833487,90.400000
44,2,phikon,hest.paad.gene_expression,hest,pearson_r,72.125000,72.247175,0.122175,73.005000
44,2,phikon,thunder.wilds.linear_probing,thunder,f1,97.800000,95.128570,2.671430,95.200000
44,2,phikon,thunder.tcga_uniform.linear_probing,thunder,f1,76.600000,66.730705,9.869295,75.000000
44,2,phikon,hest.read.gene_expression,hest,pearson_r,57.660000,58.052860,0.392860,58.487500
44,2,phikon,thunder.spider_breast.linear_probing,thunder,f1,84.900000,81.302082,3.597918,82.600000
44,2,phikon,thunder.ccrcc.linear_probing,thunder,f1,89.800000,83.960807,5.839193,85.300000
44,2,phikon,thunder.bach.linear_probing,thunder,f1,69.300000,66.533037,2.766963,70.700000
44,2,phikon-v2,thunder.wilds.linear_probing,thunder,f1,95.800000,96.177862,0.377862,95.200000
44,2,phikon-v2,thunder.spider_colorectal.linear_probing,thunder,f1,89.700000,88.242889,1.457111,88.400000
44,2,phikon-v2,hest.paad.gene_expression,hest,pearson_r,72.275000,72.843856,0.568856,73.005000
44,2,phikon-v2,thunder.patch_camelyon.linear_probing,thunder,f1,90.800000,91.529038,0.729038,90.900000
44,2,phikon-v2,thunder.crc.linear_probing,thunder,f1,92.000000,93.173316,1.173316,93.750000
44,2,phikon-v2,thunder.bach.linear_probing,thunder,f1,64.700000,69.825557,5.125557,70.700000
44,2,phikon-v2,thunder.bracs.linear_probing,thunder,f1,58.200000,60.354414,2.154414,59.400000
44,2,phikon-v2,pathorob.camelyon.robustness_index,pathorob,robustness_index,1.900000,12.237983,10.337983,50.550000
44,2,phikon-v2,hest.idc.gene_expression,hest,pearson_r,77.040000,77.778197,0.738197,77.245000
44,2,phikon-v2,thunder.esca.linear_probing,thunder,f1,77.300000,79.495470,2.195470,78.500000
44,2,plip,thunder.mhist.linear_probing,thunder,f1,78.500000,77.335656,1.164344,80.000000
44,2,plip,thunder.crc.linear_probing,thunder,f1,88.200000,91.108854,2.908854,93.750000
44,2,plip,thunder.tcga_crc_msi.linear_probing,thunder,f1,56.000000,56.598522,0.598522,65.550000
44,2,plip,thunder.spider_skin.linear_probing,thunder,f1,82.100000,82.181250,0.081250,90.400000
44,2,plip,thunder.tcga_uniform.linear_probing,thunder,f1,54.900000,56.400116,1.500116,75.000000
44,2,plip,thunder.bach.linear_probing,thunder,f1,63.900000,57.727407,6.172593,70.700000
44,2,prov-gigapath,hest.coad.gene_expression,hest,pearson_r,64.960000,64.315249,0.644751,63.070000
44,2,prov-gigapath,hest.idc.gene_expression,hest,pearson_r,77.575000,78.407644,0.832644,77.245000
44,2,prov-gigapath,thunder.wilds.linear_probing,thunder,f1,94.800000,97.024010,2.224010,95.200000
44,2,prov-gigapath,thunder.spider_colorectal.linear_probing,thunder,f1,90.300000,89.197920,1.102080,88.400000
44,2,prov-gigapath,thunder.patch_camelyon.linear_probing,thunder,f1,93.500000,92.651272,0.848728,90.900000
44,2,prov-gigapath,thunder.bracs.linear_probing,thunder,f1,62.700000,61.874233,0.825767,59.400000
44,2,prov-gigapath,pathorob.tcga_2x2.robustness_index,pathorob,robustness_index,73.800000,68.510683,5.289317,66.100000
44,2,prov-gigapath,thunder.mhist.linear_probing,thunder,f1,81.700000,80.607721,1.092279,80.000000
44,2,prov-gigapath,pathorob.camelyon.robustness_index,pathorob,robustness_index,39.900000,19.833870,20.066130,50.550000
44,2,prov-gigapath,hest.lung.gene_expression,hest,pearson_r,77.060000,77.543282,0.483282,77.095000
44,2,quiltnet,thunder.bracs.linear_probing,thunder,f1,55.900000,54.865496,1.034504,59.400000
44,2,quiltnet,thunder.spider_thorax.linear_probing,thunder,f1,88.500000,89.180036,0.680036,93.800000
44,2,quiltnet,thunder.esca.linear_probing,thunder,f1,61.500000,70.877196,9.377196,78.500000
44,2,quiltnet,thunder.mhist.linear_probing,thunder,f1,73.500000,77.560353,4.060353,80.000000
44,2,quiltnet,thunder.tcga_crc_msi.linear_probing,thunder,f1,59.600000,56.823775,2.776225,65.550000
44,2,quiltnet,thunder.tcga_uniform.linear_probing,thunder,f1,54.100000,56.076035,1.976035,75.000000
44,2,resnet50,hest.lung.gene_expression,hest,pearson_r,74.745000,75.212446,0.467446,77.095000
44,2,resnet50,hest.ccrcc.gene_expression,hest,pearson_r,61.260000,60.733409,0.526591,62.150000
44,2,resnet50,hest.read.gene_expression,hest,pearson_r,53.915000,56.634445,2.719445,58.487500
44,2,retccl,pathorob.tolkach_esca.robustness_index,pathorob,robustness_index,87.800000,82.990026,4.809974,89.900000
44,2,rudolfv,pathorob.tolkach_esca.robustness_index,pathorob,robustness_index,69.500000,80.399757,10.899757,89.900000
44,2,uni,pathorob.tcga_2x2.robustness_index,pathorob,robustness_index,74.700000,74.685647,0.014353,66.100000
44,2,uni,thunder.bracs.linear_probing,thunder,f1,59.400000,62.078012,2.678012,59.400000
44,2,uni,hest.paad.gene_expression,hest,pearson_r,74.035000,73.537849,0.497151,73.005000
44,2,uni,hest.lung.gene_expression,hest,pearson_r,77.320000,77.427973,0.107973,77.095000
44,2,uni,hest.skcm.gene_expression,hest,pearson_r,81.730000,79.864345,1.865655,77.717500
44,2,uni,hest.idc.gene_expression,hest,pearson_r,79.450000,78.512635,0.937365,77.245000
44,2,uni,thunder.bach.linear_probing,thunder,f1,73.000000,74.444920,1.444920,70.700000
44,2,uni,hest.ccrcc.gene_expression,hest,pearson_r,62.000000,62.402157,0.402157,62.150000
44,2,uni,thunder.ccrcc.linear_probing,thunder,f1,90.700000,89.277219,1.422781,85.300000
44,2,uni,hest.prad.gene_expression,hest,pearson_r,64.715000,68.071046,3.356046,67.570000
44,2,uni2-h,pathorob.tolkach_esca.robustness_index,pathorob,robustness_index,92.300000,89.980752,2.319248,89.900000
44,2,uni2-h,hest.idc.gene_expression,hest,pearson_r,79.490000,79.473695,0.016305,77.245000
44,2,uni2-h,thunder.bach.linear_probing,thunder,f1,84.700000,78.613674,6.086326,70.700000
44,2,uni2-h,pathorob.tcga_2x2.robustness_index,pathorob,robustness_index,80.300000,76.479307,3.820693,66.100000
44,2,uni2-h,thunder.tcga_uniform.linear_probing,thunder,f1,78.800000,80.640402,1.840402,75.000000
44,2,uni2-h,thunder.spider_skin.linear_probing,thunder,f1,92.500000,92.572395,0.072395,90.400000
44,2,uni2-h,thunder.wilds.linear_probing,thunder,f1,98.900000,98.103219,0.796781,95.200000
44,2,uni2-h,hest.paad.gene_expression,hest,pearson_r,75.005000,74.452447,0.552553,73.005000
44,2,uni2-h,thunder.bracs.linear_probing,thunder,f1,65.400000,64.467255,0.932745,59.400000
44,2,uni2-h,thunder.mhist.linear_probing,thunder,f1,78.600000,82.259329,3.659329,80.000000
44,2,virchow,hest.prad.gene_expression,hest,pearson_r,66.890000,68.455394,1.565394,67.570000
44,2,virchow,thunder.mhist.linear_probing,thunder,f1,82.300000,81.928553,0.371447,80.000000
44,2,virchow,thunder.spider_breast.linear_probing,thunder,f1,86.200000,86.397759,0.197759,82.600000
44,2,virchow,thunder.esca.linear_probing,thunder,f1,84.300000,84.634634,0.334634,78.500000
44,2,virchow,hest.skcm.gene_expression,hest,pearson_r,81.215000,80.644164,0.570836,77.717500
44,2,virchow,pathorob.tcga_2x2.robustness_index,pathorob,robustness_index,76.100000,76.942496,0.842496,66.100000
44,2,virchow,thunder.bracs.linear_probing,thunder,f1,59.800000,63.365291,3.565291,59.400000
44,2,virchow,hest.lung.gene_expression,hest,pearson_r,78.320000,77.786609,0.533391,77.095000
44,2,virchow,hest.lymph_idc.gene_expression,hest,pearson_r,63.050000,63.221613,0.171613,62.630000
44,2,virchow,hest.read.gene_expression,hest,pearson_r,59.905000,59.336313,0.568687,58.487500
44,2,virchow-2,thunder.mhist.linear_probing,thunder,f1,83.600000,82.684484,0.915516,80.000000
44,2,virchow-2,thunder.wilds.linear_probing,thunder,f1,90.000000,98.128767,8.128767,95.200000
44,2,virchow-2,hest.lymph_idc.gene_expression,hest,pearson_r,62.840000,63.483388,0.643388,62.630000
44,2,virchow-2,thunder.tcga_tils.linear_probing,thunder,f1,90.900000,91.289329,0.389329,89.900000
44,2,virchow-2,hest.prad.gene_expression,hest,pearson_r,67.645000,69.027144,1.382144,67.570000
44,2,virchow-2,pathorob.tolkach_esca.robustness_index,pathorob,robustness_index,95.500000,94.366892,1.133108,89.900000
44,2,virchow-2,thunder.patch_camelyon.linear_probing,thunder,f1,92.800000,94.329507,1.529507,90.900000
44,2,virchow-2,hest.read.gene_expression,hest,pearson_r,60.370000,59.506730,0.863270,58.487500
44,2,virchow-2,thunder.crc.linear_probing,thunder,f1,93.000000,94.654977,1.654977,93.750000
44,2,virchow-2,thunder.bracs.linear_probing,thunder,f1,62.400000,64.403276,2.003276,59.400000
44,2,vit-b,thunder.tcga_tils.linear_probing,thunder,f1,85.800000,86.807136,1.007136,89.900000
44,2,vit-b,thunder.crc.linear_probing,thunder,f1,90.600000,91.360835,0.760835,93.750000
44,2,vit-b,thunder.spider_breast.linear_probing,thunder,f1,78.200000,76.498829,1.701171,82.600000
44,2,vit-b,thunder.bach.linear_probing,thunder,f1,57.000000,60.305148,3.305148,70.700000
44,2,vit-b,thunder.spider_skin.linear_probing,thunder,f1,81.200000,82.441431,1.241431,90.400000
44,2,vit-b,thunder.esca.linear_probing,thunder,f1,62.700000,70.922836,8.222836,78.500000
44,2,vit-l,thunder.crc.linear_probing,thunder,f1,92.800000,91.478164,1.321836,93.750000
44,2,vit-l,thunder.spider_colorectal.linear_probing,thunder,f1,85.100000,84.847159,0.252841,88.400000
44,2,vit-l,thunder.spider_skin.linear_probing,thunder,f1,81.300000,82.457868,1.157868,90.400000
44,2,vit-l,thunder.patch_camelyon.linear_probing,thunder,f1,85.700000,87.292151,1.592151,90.900000
44,2,vit-l,thunder.spider_breast.linear_probing,thunder,f1,79.300000,76.590004,2.709996,82.600000
44,2,vit-l,thunder.esca.linear_probing,thunder,f1,67.900000,71.632711,3.732711,78.500000
45,0,atlas,pathorob.camelyon.robustness_index,pathorob,robustness_index,78.500000,75.514800,2.985200,50.550000
45,0,ciga,pathorob.tcga_2x2.robustness_index,pathorob,robustness_index,51.100000,69.756506,18.656506,75.400000
45,0,clip-b,thunder.patch_camelyon.linear_probing,thunder,f1,82.700000,82.557599,0.142401,90.600000
45,0,clip-b,thunder.spider_thorax.linear_probing,thunder,f1,84.700000,85.055868,0.355868,93.500000
45,0,clip-b,thunder.break_his.linear_probing,thunder,f1,40.000000,60.021013,20.021013,69.000000
45,0,clip-b,thunder.tcga_crc_msi.linear_probing,thunder,f1,49.000000,52.596234,3.596234,63.750000
45,0,clip-b,thunder.bach.linear_probing,thunder,f1,51.100000,56.108548,5.008548,71.900000
45,0,clip-l,thunder.spider_skin.linear_probing,thunder,f1,78.500000,80.461212,1.961212,87.350000
45,0,clip-l,thunder.ccrcc.linear_probing,thunder,f1,75.900000,75.831957,0.068043,85.300000
45,0,clip-l,thunder.spider_thorax.linear_probing,thunder,f1,86.700000,87.814630,1.114630,93.500000
45,0,clip-l,thunder.wilds.linear_probing,thunder,f1,93.200000,90.894555,2.305445,95.850000
45,0,clip-l,thunder.tcga_tils.linear_probing,thunder,f1,85.000000,85.878507,0.878507,89.500000
45,0,conch,hest.read.gene_expression,hest,pearson_r,58.010000,57.378464,0.631536,58.810000
45,0,conch,hest.paad.gene_expression,hest,pearson_r,72.340000,72.875136,0.535136,73.550000
45,0,conch,thunder.tcga_uniform.linear_probing,thunder,f1,68.000000,72.398777,4.398777,67.700000
45,0,conch,thunder.crc.linear_probing,thunder,f1,93.400000,93.124068,0.275932,92.900000
45,0,conch,thunder.break_his.linear_probing,thunder,f1,68.800000,71.852779,3.052779,69.000000
45,0,conch,hest.lung.gene_expression,hest,pearson_r,76.610000,76.818540,0.208540,77.212500
45,0,conch,hest.idc.gene_expression,hest,pearson_r,76.815000,77.544032,0.729032,77.995000
45,0,conch,hest.coad.gene_expression,hest,pearson_r,62.445000,62.880667,0.435667,63.115000
45,0,conch,thunder.spider_thorax.linear_probing,thunder,f1,91.000000,92.467491,1.467491,93.500000
45,0,conch-1.5,pathorob.tolkach_esca.robustness_index,pathorob,robustness_index,95.100000,95.224063,0.124063,87.200000
45,0,conch-1.5,thunder.tcga_tils.linear_probing,thunder,f1,89.900000,89.256983,0.643017,89.500000
45,0,conch-1.5,pathorob.tcga_2x2.robustness_index,pathorob,robustness_index,83.200000,78.470724,4.729276,75.400000
45,0,conch-1.5,thunder.patch_camelyon.linear_probing,thunder,f1,91.400000,91.392300,0.007700,90.600000
45,0,conch-1.5,thunder.bracs.linear_probing,thunder,f1,62.400000,59.711890,2.688110,59.400000
45,0,conch-1.5,hest.coad.gene_expression,hest,pearson_r,64.010000,62.889571,1.120429,63.115000
45,0,conch-1.5,hest.lymph_idc.gene_expression,hest,pearson_r,63.495000,62.485111,1.009889,62.535000
45,0,conch-1.5,thunder.spider_colorectal.linear_probing,thunder,f1,87.400000,88.486823,1.086823,88.500000
45,0,conch-1.5,thunder.break_his.linear_probing,thunder,f1,75.300000,73.190431,2.109569,69.000000
45,0,ctranspath,pathorob.camelyon.robustness_index,pathorob,robustness_index,10.600000,19.246560,8.646560,50.550000
45,0,ctranspath,hest.skcm.gene_expression,hest,pearson_r,75.485000,76.454995,0.969995,79.085000
45,0,ctranspath,hest.paad.gene_expression,hest,pearson_r,71.570000,71.357450,0.212550,73.550000
45,0,ctranspath,hest.ccrcc.gene_expression,hest,pearson_r,61.810000,60.478522,1.331478,62.315000
45,0,dinov2-b,thunder.spider_thorax.linear_probing,thunder,f1,87.600000,87.262952,0.337048,93.500000
45,0,dinov2-b,thunder.tcga_tils.linear_probing,thunder,f1,85.900000,86.093066,0.193066,89.500000
45,0,dinov2-b,thunder.spider_breast.linear_probing,thunder,f1,76.000000,75.008484,0.991516,82.000000
45,0,dinov2-b,thunder.bracs.linear_probing,thunder,f1,52.900000,54.116503,1.216503,59.400000
45,0,dinov2-b,thunder.esca.linear_probing,thunder,f1,73.800000,69.997689,3.802311,77.500000
45,0,dinov2-l,thunder.spider_thorax.linear_probing,thunder,f1,87.700000,87.613674,0.086326,93.500000
45,0,dinov2-l,thunder.spider_breast.linear_probing,thunder,f1,74.000000,75.571348,1.571348,82.000000
45,0,dinov2-l,thunder.crc.linear_probing,thunder,f1,90.700000,90.652107,0.047893,92.900000
45,0,dinov2-l,thunder.wilds.linear_probing,thunder,f1,90.300000,92.461024,2.161024,95.850000
45,0,dinov2-l,thunder.spider_colorectal.linear_probing,thunder,f1,85.300000,84.576899,0.723101,88.500000
45,0,dinov3-b,thunder.esca.linear_probing,thunder,f1,72.900000,72.810559,0.089441,77.500000
45,0,dinov3-b,thunder.spider_thorax.linear_probing,thunder,f1,90.000000,88.111830,1.888170,93.500000
45,0,dinov3-b,thunder.tcga_uniform.linear_probing,thunder,f1,56.200000,58.120304,1.920304,67.700000
45,0,dinov3-b,thunder.bach.linear_probing,thunder,f1,60.300000,69.694003,9.394003,71.900000
45,0,dinov3-b,thunder.crc.linear_probing,thunder,f1,89.500000,91.070113,1.570113,92.900000
45,0,dinov3-l,thunder.bach.linear_probing,thunder,f1,57.900000,69.228473,11.328473,71.900000
45,0,dinov3-l,thunder.tcga_tils.linear_probing,thunder,f1,87.000000,87.069263,0.069263,89.500000
45,0,dinov3-l,thunder.mhist.linear_probing,thunder,f1,84.100000,81.778531,2.321469,81.200000
45,0,dinov3-l,thunder.spider_thorax.linear_probing,thunder,f1,90.100000,89.008212,1.091788,93.500000
45,0,dinov3-l,thunder.esca.linear_probing,thunder,f1,76.000000,73.079210,2.920790,77.500000
45,0,dinov3-s,thunder.ccrcc.linear_probing,thunder,f1,81.600000,81.515572,0.084428,85.300000
45,0,dinov3-s,thunder.spider_colorectal.linear_probing,thunder,f1,85.000000,85.164126,0.164126,88.500000
45,0,dinov3-s,thunder.tcga_crc_msi.linear_probing,thunder,f1,57.700000,58.030876,0.330876,63.750000
45,0,dinov3-s,thunder.bach.linear_probing,thunder,f1,56.400000,70.055765,13.655765,71.900000
45,0,dinov3-s,thunder.tcga_tils.linear_probing,thunder,f1,86.300000,86.679110,0.379110,89.500000
45,0,genbio-pathfm,thunder.spider_colorectal.linear_probing,thunder,f1,90.500000,91.181807,0.681807,88.500000
45,0,genbio-pathfm,thunder.tcga_tils.linear_probing,thunder,f1,90.600000,91.300085,0.700085,89.500000
45,0,genbio-pathfm,thunder.spider_thorax.linear_probing,thunder,f1,94.600000,94.981187,0.381187,93.500000
45,0,genbio-pathfm,thunder.bach.linear_probing,thunder,f1,78.100000,81.342014,3.242014,71.900000
45,0,genbio-pathfm,hest.idc.gene_expression,hest,pearson_r,79.360000,79.718777,0.358777,77.995000
45,0,genbio-pathfm,thunder.spider_skin.linear_probing,thunder,f1,93.500000,92.389036,1.110964,87.350000
45,0,genbio-pathfm,thunder.crc.linear_probing,thunder,f1,95.600000,94.882576,0.717424,92.900000
45,0,genbio-pathfm,thunder.spider_breast.linear_probing,thunder,f1,86.200000,87.623581,1.423581,82.000000
45,0,gpfm,hest.read.gene_expression,hest,pearson_r,58.230000,58.289564,0.059564,58.810000
45,0,gpfm,hest.paad.gene_expression,hest,pearson_r,73.005000,72.905262,0.099738,73.550000
45,0,gpfm,hest.lung.gene_expression,hest,pearson_r,77.360000,77.021146,0.338854,77.212500
45,0,h-optimus-0,hest.read.gene_expression,hest,pearson_r,61.080000,59.978946,1.101054,58.810000
45,0,h-optimus-0,pathorob.tolkach_esca.robustness_index,pathorob,robustness_index,91.800000,90.770064,1.029936,87.200000
45,0,h-optimus-0,thunder.break_his.linear_probing,thunder,f1,66.000000,72.805091,6.805091,69.000000
45,0,h-optimus-0,hest.prad.gene_expression,hest,pearson_r,69.240000,68.172817,1.067183,67.415000
45,0,h-optimus-0,thunder.wilds.linear_probing,thunder,f1,98.700000,98.048573,0.651427,95.850000
45,0,h-optimus-0,thunder.tcga_tils.linear_probing,thunder,f1,91.000000,90.771128,0.228872,89.500000
45,0,h-optimus-0,thunder.ccrcc.linear_probing,thunder,f1,90.800000,91.287687,0.487687,85.300000
45,0,h-optimus-0,thunder.spider_skin.linear_probing,thunder,f1,91.900000,91.458075,0.441925,87.350000
45,0,h-optimus-0,thunder.esca.linear_probing,thunder,f1,83.500000,84.510309,1.010309,77.500000
45,0,h-optimus-1,thunder.spider_skin.linear_probing,thunder,f1,92.300000,92.253171,0.046829,87.350000
45,0,h-optimus-1,hest.prad.gene_expression,hest,pearson_r,68.905000,67.098549,1.806451,67.415000
45,0,h-optimus-1,thunder.wilds.linear_probing,thunder,f1,98.200000,98.252217,0.052217,95.850000
45,0,h-optimus-1,hest.ccrcc.gene_expression,hest,pearson_r,62.665000,64.389598,1.724598,62.315000
45,0,h-optimus-1,hest.lung.gene_expression,hest,pearson_r,78.895000,78.717725,0.177275,77.212500
45,0,h-optimus-1,thunder.mhist.linear_probing,thunder,f1,82.000000,80.301054,1.698946,81.200000
45,0,h-optimus-1,thunder.spider_thorax.linear_probing,thunder,f1,93.600000,95.153773,1.553773,93.500000
45,0,h-optimus-1,thunder.break_his.linear_probing,thunder,f1,76.000000,65.766787,10.233213,69.000000
45,0,h0-mini,thunder.mhist.linear_probing,thunder,f1,79.900000,81.346272,1.446272,81.200000
45,0,h0-mini,hest.skcm.gene_expression,hest,pearson_r,80.060000,80.952385,0.892385,79.085000
45,0,h0-mini,hest.prad.gene_expression,hest,pearson_r,68.435000,68.269927,0.165073,67.415000
45,0,h0-mini,thunder.tcga_uniform.linear_probing,thunder,f1,78.200000,79.955988,1.755988,67.700000
45,0,h0-mini,thunder.bracs.linear_probing,thunder,f1,60.700000,62.391284,1.691284,59.400000
45,0,h0-mini,thunder.tcga_tils.linear_probing,thunder,f1,91.700000,90.654890,1.045110,89.500000
45,0,h0-mini,thunder.spider_thorax.linear_probing,thunder,f1,93.400000,94.363669,0.963669,93.500000
45,0,h0-mini,pathorob.tolkach_esca.robustness_index,pathorob,robustness_index,93.200000,91.238675,1.961325,87.200000
45,0,h0-mini,hest.read.gene_expression,hest,pearson_r,59.315000,59.635087,0.320087,58.810000
45,0,hibou-b,thunder.patch_camelyon.linear_probing,thunder,f1,93.400000,92.412280,0.987720,90.600000
45,0,hibou-b,thunder.spider_breast.linear_probing,thunder,f1,86.600000,84.835641,1.764359,82.000000
45,0,hibou-b,thunder.tcga_uniform.linear_probing,thunder,f1,70.200000,76.091933,5.891933,67.700000
45,0,hibou-b,thunder.wilds.linear_probing,thunder,f1,97.100000,97.276088,0.176088,95.850000
45,0,hibou-b,thunder.mhist.linear_probing,thunder,f1,76.500000,78.374461,1.874461,81.200000
45,0,hibou-l,thunder.bracs.linear_probing,thunder,f1,62.700000,61.433342,1.266658,59.400000
45,0,hibou-l,thunder.tcga_tils.linear_probing,thunder,f1,90.300000,90.213840,0.086160,89.500000
45,0,hibou-l,thunder.patch_camelyon.linear_probing,thunder,f1,93.300000,92.727445,0.572555,90.600000
45,0,hibou-l,thunder.bach.linear_probing,thunder,f1,76.500000,75.506565,0.993435,71.900000
45,0,hibou-l,hest.lung.gene_expression,hest,pearson_r,78.810000,77.688602,1.121398,77.212500
45,0,hibou-l,hest.prad.gene_expression,hest,pearson_r,64.725000,67.608464,2.883464,67.415000
45,0,hibou-l,thunder.spider_colorectal.linear_probing,thunder,f1,89.800000,89.632194,0.167806,88.500000
45,0,hibou-l,thunder.spider_breast.linear_probing,thunder,f1,88.000000,85.196603,2.803397,82.000000
45,0,hipt,pathorob.camelyon.robustness_index,pathorob,robustness_index,64.900000,3.673141,61.226859,50.550000
45,0,kaiko-vit-b-16,hest.idc.gene_expression,hest,pearson_r,76.760000,77.165250,0.405250,77.995000
45,0,kaiko-vit-b-16,hest.skcm.gene_expression,hest,pearson_r,77.510000,78.413255,0.903255,79.085000
45,0,kaiko-vit-b-16,hest.lung.gene_expression,hest,pearson_r,75.780000,76.696599,0.916599,77.212500
45,0,kaiko-vit-b-8,pathorob.tolkach_esca.robustness_index,pathorob,robustness_index,89.600000,92.511418,2.911418,87.200000
45,0,kaiko-vit-b-8,hest.lymph_idc.gene_expression,hest,pearson_r,61.365000,62.537509,1.172509,62.535000
45,0,kaiko-vit-b-8,hest.lung.gene_expression,hest,pearson_r,75.915000,77.030568,1.115568,77.212500
45,0,kaiko-vit-b-8,pathorob.camelyon.robustness_index,pathorob,robustness_index,14.700000,52.256989,37.556989,50.550000
45,0,kaiko-vit-b-unspecified-patch,thunder.tcga_uniform.linear_probing,thunder,f1,79.100000,71.310531,7.789469,67.700000
45,0,kaiko-vit-b-unspecified-patch,thunder.crc.linear_probing,thunder,f1,94.500000,92.803547,1.696453,92.900000
45,0,kaiko-vit-b-unspecified-patch,thunder.spider_colorectal.linear_probing,thunder,f1,88.500000,88.147901,0.352099,88.500000
45,0,kaiko-vit-b-unspecified-patch,thunder.esca.linear_probing,thunder,f1,78.500000,77.661360,0.838640,77.500000
45,0,kaiko-vit-b-unspecified-patch,thunder.bach.linear_probing,thunder,f1,69.600000,71.274708,1.674708,71.900000
45,0,kaiko-vit-l-14,hest.lung.gene_expression,hest,pearson_r,76.895000,76.545213,0.349787,77.212500
45,0,kaiko-vit-l-14,hest.lymph_idc.gene_expression,hest,pearson_r,61.415000,62.180060,0.765060,62.535000
45,0,kaiko-vit-l-14,hest.skcm.gene_expression,hest,pearson_r,77.665000,78.084025,0.419025,79.085000
45,0,kaiko-vit-s-16,hest.ccrcc.gene_expression,hest,pearson_r,60.495000,60.607215,0.112215,62.315000
45,0,kaiko-vit-s-16,hest.read.gene_expression,hest,pearson_r,56.640000,55.456982,1.183018,58.810000
45,0,kaiko-vit-s-16,hest.idc.gene_expression,hest,pearson_r,76.665000,75.922191,0.742809,77.995000
45,0,kaiko-vit-s-8,hest.skcm.gene_expression,hest,pearson_r,75.870000,76.956725,1.086725,79.085000
45,0,kaiko-vit-s-8,hest.lymph_idc.gene_expression,hest,pearson_r,62.315000,61.651972,0.663028,62.535000
45,0,kaiko-vit-s-8,hest.read.gene_expression,hest,pearson_r,57.345000,56.216612,1.128388,58.810000
45,0,kaiko-vit-s-unspecified-patch,thunder.tcga_crc_msi.linear_probing,thunder,f1,62.600000,63.521379,0.921379,63.750000
45,0,kaiko-vit-s-unspecified-patch,thunder.tcga_tils.linear_probing,thunder,f1,90.100000,89.127580,0.972420,89.500000
45,0,kaiko-vit-s-unspecified-patch,thunder.ccrcc.linear_probing,thunder,f1,84.900000,87.142382,2.242382,85.300000
45,0,kaiko-vit-s-unspecified-patch,thunder.break_his.linear_probing,thunder,f1,69.400000,70.860124,1.460124,69.000000
45,0,kaiko-vit-s-unspecified-patch,thunder.bracs.linear_probing,thunder,f1,61.500000,59.335045,2.164955,59.400000
45,0,kang-dino,pathorob.tcga_2x2.robustness_index,pathorob,robustness_index,66.100000,63.598034,2.501966,75.400000
45,0,keep,thunder.wilds.linear_probing,thunder,f1,97.400000,97.619167,0.219167,95.850000
45,0,keep,thunder.break_his.linear_probing,thunder,f1,65.900000,53.990972,11.909028,69.000000
45,0,keep,thunder.spider_thorax.linear_probing,thunder,f1,93.800000,94.479160,0.679160,93.500000
45,0,keep,thunder.esca.linear_probing,thunder,f1,85.800000,80.982975,4.817025,77.500000
45,0,keep,thunder.tcga_crc_msi.linear_probing,thunder,f1,64.900000,66.652738,1.752738,63.750000
45,0,lunit-vit-s-8,hest.read.gene_expression,hest,pearson_r,58.050000,57.723766,0.326234,58.810000
45,0,lunit-vit-s-8,hest.lymph_idc.gene_expression,hest,pearson_r,62.530000,61.888591,0.641409,62.535000
45,0,lunit-vit-s-8,hest.idc.gene_expression,hest,pearson_r,77.245000,76.890006,0.354994,77.995000
45,0,midnight,thunder.esca.linear_probing,thunder,f1,86.200000,84.233855,1.966145,77.500000
45,0,midnight,hest.ccrcc.gene_expression,hest,pearson_r,60.660000,63.255792,2.595792,62.315000
45,0,midnight,thunder.tcga_crc_msi.linear_probing,thunder,f1,65.600000,68.330703,2.730703,63.750000
45,0,midnight,thunder.spider_breast.linear_probing,thunder,f1,86.100000,86.956468,0.856468,82.000000
45,0,midnight,hest.coad.gene_expression,hest,pearson_r,64.540000,64.832944,0.292944,63.115000
45,0,midnight,hest.prad.gene_expression,hest,pearson_r,66.850000,68.257721,1.407721,67.415000
45,0,midnight,thunder.crc.linear_probing,thunder,f1,95.600000,94.429366,1.170634,92.900000
45,0,midnight,thunder.tcga_tils.linear_probing,thunder,f1,91.000000,90.989535,0.010465,89.500000
45,0,musk,thunder.spider_thorax.linear_probing,thunder,f1,93.300000,91.311578,1.988422,93.500000
45,0,musk,hest.ccrcc.gene_expression,hest,pearson_r,59.125000,60.677042,1.552042,62.315000
45,0,musk,thunder.tcga_crc_msi.linear_probing,thunder,f1,63.200000,61.556784,1.643216,63.750000
45,0,musk,thunder.mhist.linear_probing,thunder,f1,80.000000,79.934305,0.065695,81.200000
45,0,musk,thunder.break_his.linear_probing,thunder,f1,77.600000,66.455760,11.144240,69.000000
45,0,musk,hest.lymph_idc.gene_expression,hest,pearson_r,62.725000,62.032226,0.692774,62.535000
45,0,musk,hest.prad.gene_expression,hest,pearson_r,67.150000,67.732390,0.582390,67.415000
45,0,musk,thunder.esca.linear_probing,thunder,f1,76.400000,75.556727,0.843273,77.500000
45,0,musk,pathorob.tcga_2x2.robustness_index,pathorob,robustness_index,72.700000,73.614643,0.914643,75.400000
45,0,openmidnight,thunder.break_his.linear_probing,thunder,f1,77.300000,73.566508,3.733492,69.000000
45,0,openmidnight,thunder.spider_colorectal.linear_probing,thunder,f1,88.300000,89.701311,1.401311,88.500000
45,0,openmidnight,thunder.patch_camelyon.linear_probing,thunder,f1,93.200000,92.737045,0.462955,90.600000
45,0,openmidnight,hest.paad.gene_expression,hest,pearson_r,73.655000,73.760144,0.105144,73.550000
45,0,openmidnight,thunder.ccrcc.linear_probing,thunder,f1,92.000000,90.080807,1.919193,85.300000
45,0,openmidnight,thunder.tcga_tils.linear_probing,thunder,f1,91.000000,90.188162,0.811838,89.500000
45,0,openmidnight,hest.ccrcc.gene_expression,hest,pearson_r,62.290000,62.217859,0.072141,62.315000
45,0,openmidnight,hest.lung.gene_expression,hest,pearson_r,77.670000,77.543588,0.126412,77.212500
45,0,phikon,thunder.spider_breast.linear_probing,thunder,f1,84.900000,81.904050,2.995950,82.000000
45,0,phikon,thunder.bach.linear_probing,thunder,f1,69.300000,68.815643,0.484357,71.900000
45,0,phikon,thunder.spider_skin.linear_probing,thunder,f1,87.900000,87.575133,0.324867,87.350000
45,0,phikon,thunder.bracs.linear_probing,thunder,f1,56.900000,58.718155,1.818155,59.400000
45,0,phikon,thunder.tcga_uniform.linear_probing,thunder,f1,76.600000,69.139488,7.460512,67.700000
45,0,phikon,hest.ccrcc.gene_expression,hest,pearson_r,62.115000,62.242517,0.127517,62.315000
45,0,phikon,thunder.esca.linear_probing,thunder,f1,76.700000,75.673467,1.026533,77.500000
45,0,phikon,hest.paad.gene_expression,hest,pearson_r,72.125000,72.610609,0.485609,73.550000
45,0,phikon,thunder.tcga_tils.linear_probing,thunder,f1,90.100000,88.817396,1.282604,89.500000
45,0,phikon-v2,hest.lymph_idc.gene_expression,hest,pearson_r,62.185000,62.391459,0.206459,62.535000
45,0,phikon-v2,thunder.patch_camelyon.linear_probing,thunder,f1,90.800000,91.299977,0.499977,90.600000
45,0,phikon-v2,thunder.spider_thorax.linear_probing,thunder,f1,94.700000,93.016612,1.683388,93.500000
45,0,phikon-v2,thunder.ccrcc.linear_probing,thunder,f1,76.700000,86.408004,9.708004,85.300000
45,0,phikon-v2,thunder.bach.linear_probing,thunder,f1,64.700000,69.879865,5.179865,71.900000
45,0,phikon-v2,hest.paad.gene_expression,hest,pearson_r,72.275000,73.017050,0.742050,73.550000
45,0,phikon-v2,thunder.bracs.linear_probing,thunder,f1,58.200000,59.564865,1.364865,59.400000
45,0,phikon-v2,thunder.spider_colorectal.linear_probing,thunder,f1,89.700000,88.240371,1.459629,88.500000
45,0,phikon-v2,hest.skcm.gene_expression,hest,pearson_r,77.770000,79.521841,1.751841,79.085000
45,0,plip,thunder.bach.linear_probing,thunder,f1,63.900000,59.006665,4.893335,71.900000
45,0,plip,thunder.spider_colorectal.linear_probing,thunder,f1,84.700000,84.059251,0.640749,88.500000
45,0,plip,thunder.break_his.linear_probing,thunder,f1,47.200000,50.016503,2.816503,69.000000
45,0,plip,thunder.mhist.linear_probing,thunder,f1,78.500000,76.079607,2.420393,81.200000
45,0,plip,thunder.bracs.linear_probing,thunder,f1,56.500000,54.513397,1.986603,59.400000
45,0,prov-gigapath,thunder.bracs.linear_probing,thunder,f1,62.700000,60.892714,1.807286,59.400000
45,0,prov-gigapath,thunder.ccrcc.linear_probing,thunder,f1,88.100000,88.865552,0.765552,85.300000
45,0,prov-gigapath,hest.skcm.gene_expression,hest,pearson_r,78.095000,80.180147,2.085147,79.085000
45,0,prov-gigapath,pathorob.camelyon.robustness_index,pathorob,robustness_index,39.900000,25.344476,14.555524,50.550000
45,0,prov-gigapath,thunder.spider_breast.linear_probing,thunder,f1,85.500000,84.558413,0.941587,82.000000
45,0,prov-gigapath,thunder.spider_colorectal.linear_probing,thunder,f1,90.300000,89.252205,1.047795,88.500000
45,0,prov-gigapath,pathorob.tcga_2x2.robustness_index,pathorob,robustness_index,73.800000,73.066162,0.733838,75.400000
45,0,prov-gigapath,thunder.tcga_uniform.linear_probing,thunder,f1,74.400000,75.919463,1.519463,67.700000
45,0,prov-gigapath,thunder.esca.linear_probing,thunder,f1,81.700000,80.869529,0.830471,77.500000
45,0,quiltnet,thunder.spider_breast.linear_probing,thunder,f1,77.000000,75.885731,1.114269,82.000000
45,0,quiltnet,thunder.tcga_crc_msi.linear_probing,thunder,f1,59.600000,56.795171,2.804829,63.750000
45,0,quiltnet,thunder.patch_camelyon.linear_probing,thunder,f1,87.400000,86.432276,0.967724,90.600000
45,0,quiltnet,thunder.bach.linear_probing,thunder,f1,58.400000,59.961801,1.561801,71.900000
45,0,quiltnet,thunder.tcga_tils.linear_probing,thunder,f1,87.000000,86.393104,0.606896,89.500000
45,0,resnet50,hest.ccrcc.gene_expression,hest,pearson_r,61.260000,60.161690,1.098310,62.315000
45,0,resnet50,hest.lung.gene_expression,hest,pearson_r,74.745000,75.339665,0.594665,77.212500
45,0,resnet50,hest.skcm.gene_expression,hest,pearson_r,74.105000,75.052656,0.947656,79.085000
45,0,retccl,pathorob.camelyon.robustness_index,pathorob,robustness_index,31.800000,9.828948,21.971052,50.550000
45,0,rudolfv,pathorob.tolkach_esca.robustness_index,pathorob,robustness_index,69.500000,85.455173,15.955173,87.200000
45,0,uni,thunder.spider_breast.linear_probing,thunder,f1,85.700000,84.403816,1.296184,82.000000
45,0,uni,hest.lymph_idc.gene_expression,hest,pearson_r,62.795000,62.736819,0.058181,62.535000
45,0,uni,hest.skcm.gene_expression,hest,pearson_r,81.730000,80.153891,1.576109,79.085000
45,0,uni,thunder.tcga_tils.linear_probing,thunder,f1,90.100000,89.875193,0.224807,89.500000
45,0,uni,thunder.tcga_crc_msi.linear_probing,thunder,f1,65.900000,65.367554,0.532446,63.750000
45,0,uni,thunder.spider_thorax.linear_probing,thunder,f1,93.900000,93.489137,0.410863,93.500000
45,0,uni,pathorob.tolkach_esca.robustness_index,pathorob,robustness_index,90.200000,86.781491,3.418509,87.200000
45,0,uni,hest.lung.gene_expression,hest,pearson_r,77.320000,77.509195,0.189195,77.212500
45,0,uni,thunder.bach.linear_probing,thunder,f1,73.000000,74.643484,1.643484,71.900000
45,0,uni2-h,hest.skcm.gene_expression,hest,pearson_r,83.030000,81.812801,1.217199,79.085000
45,0,uni2-h,thunder.tcga_uniform.linear_probing,thunder,f1,78.800000,82.775958,3.975958,67.700000
45,0,uni2-h,thunder.ccrcc.linear_probing,thunder,f1,89.500000,92.221968,2.721968,85.300000
45,0,uni2-h,pathorob.tcga_2x2.robustness_index,pathorob,robustness_index,80.300000,79.318783,0.981217,75.400000
45,0,uni2-h,thunder.spider_skin.linear_probing,thunder,f1,92.500000,92.246326,0.253674,87.350000
45,0,uni2-h,thunder.tcga_crc_msi.linear_probing,thunder,f1,66.900000,69.040491,2.140491,63.750000
45,0,uni2-h,thunder.bracs.linear_probing,thunder,f1,65.400000,63.545642,1.854358,59.400000
45,0,uni2-h,hest.lung.gene_expression,hest,pearson_r,77.935000,78.300912,0.365912,77.212500
45,0,uni2-h,hest.idc.gene_expression,hest,pearson_r,79.490000,79.620037,0.130037,77.995000
45,0,virchow,thunder.spider_breast.linear_probing,thunder,f1,86.200000,86.068333,0.131667,82.000000
45,0,virchow,thunder.spider_skin.linear_probing,thunder,f1,91.300000,91.151745,0.148255,87.350000
45,0,virchow,thunder.tcga_crc_msi.linear_probing,thunder,f1,65.500000,67.311371,1.811371,63.750000
45,0,virchow,thunder.tcga_uniform.linear_probing,thunder,f1,74.800000,79.578742,4.778742,67.700000
45,0,virchow,thunder.wilds.linear_probing,thunder,f1,97.600000,97.884469,0.284469,95.850000
45,0,virchow,thunder.ccrcc.linear_probing,thunder,f1,91.700000,90.675668,1.024332,85.300000
45,0,virchow,hest.idc.gene_expression,hest,pearson_r,79.230000,79.026400,0.203600,77.995000
45,0,virchow,thunder.mhist.linear_probing,thunder,f1,82.300000,80.956074,1.343926,81.200000
45,0,virchow,hest.skcm.gene_expression,hest,pearson_r,81.215000,81.027696,0.187304,79.085000
45,0,virchow-2,thunder.wilds.linear_probing,thunder,f1,90.000000,98.118162,8.118162,95.850000
45,0,virchow-2,hest.lymph_idc.gene_expression,hest,pearson_r,62.840000,63.177176,0.337176,62.535000
45,0,virchow-2,pathorob.tolkach_esca.robustness_index,pathorob,robustness_index,95.500000,94.125531,1.374469,87.200000
45,0,virchow-2,hest.ccrcc.gene_expression,hest,pearson_r,63.595000,62.644452,0.950548,62.315000
45,0,virchow-2,thunder.tcga_tils.linear_probing,thunder,f1,90.900000,90.820659,0.079341,89.500000
45,0,virchow-2,hest.prad.gene_expression,hest,pearson_r,67.645000,68.692522,1.047522,67.415000
45,0,virchow-2,hest.lung.gene_expression,hest,pearson_r,78.425000,77.951242,0.473758,77.212500
45,0,virchow-2,thunder.tcga_uniform.linear_probing,thunder,f1,78.400000,81.023947,2.623947,67.700000
45,0,virchow-2,thunder.spider_skin.linear_probing,thunder,f1,92.000000,91.505761,0.494239,87.350000
45,0,vit-b,thunder.tcga_tils.linear_probing,thunder,f1,85.800000,86.390765,0.590765,89.500000
45,0,vit-b,thunder.spider_skin.linear_probing,thunder,f1,81.200000,81.765842,0.565842,87.350000
45,0,vit-b,thunder.spider_breast.linear_probing,thunder,f1,78.200000,75.842871,2.357129,82.000000
45,0,vit-b,thunder.bach.linear_probing,thunder,f1,57.000000,62.501316,5.501316,71.900000
45,0,vit-b,thunder.spider_colorectal.linear_probing,thunder,f1,84.700000,84.309910,0.390090,88.500000
45,0,vit-l,thunder.tcga_tils.linear_probing,thunder,f1,87.500000,86.806973,0.693027,89.500000
45,0,vit-l,thunder.esca.linear_probing,thunder,f1,67.900000,70.268643,2.368643,77.500000
45,0,vit-l,thunder.spider_skin.linear_probing,thunder,f1,81.300000,82.737251,1.437251,87.350000
45,0,vit-l,thunder.break_his.linear_probing,thunder,f1,66.300000,68.518677,2.218677,69.000000
45,0,vit-l,thunder.bach.linear_probing,thunder,f1,56.900000,65.761211,8.861211,71.900000
45,1,atlas,pathorob.tcga_2x2.robustness_index,pathorob,robustness_index,82.600000,81.765514,0.834486,69.400000
45,1,ciga,pathorob.tolkach_esca.robustness_index,pathorob,robustness_index,69.300000,64.854234,4.445766,91.000000
45,1,clip-b,thunder.spider_skin.linear_probing,thunder,f1,75.800000,75.601498,0.198502,88.600000
45,1,clip-b,thunder.tcga_uniform.linear_probing,thunder,f1,47.900000,46.503227,1.396773,74.400000
45,1,clip-b,thunder.mhist.linear_probing,thunder,f1,77.500000,74.249901,3.250099,81.300000
45,1,clip-b,thunder.bracs.linear_probing,thunder,f1,52.400000,52.610524,0.210524,60.250000
45,1,clip-b,thunder.spider_breast.linear_probing,thunder,f1,69.000000,71.712083,2.712083,85.200000
45,1,clip-l,thunder.bach.linear_probing,thunder,f1,63.500000,54.629674,8.870326,69.300000
45,1,clip-l,thunder.patch_camelyon.linear_probing,thunder,f1,85.600000,85.469394,0.130606,90.900000
45,1,clip-l,thunder.spider_colorectal.linear_probing,thunder,f1,82.800000,83.961865,1.161865,88.500000
45,1,clip-l,thunder.crc.linear_probing,thunder,f1,88.300000,89.520733,1.220733,93.250000
45,1,clip-l,thunder.mhist.linear_probing,thunder,f1,79.600000,76.965069,2.634931,81.300000
45,1,conch,thunder.patch_camelyon.linear_probing,thunder,f1,90.600000,91.282559,0.682559,90.900000
45,1,conch,pathorob.camelyon.robustness_index,pathorob,robustness_index,66.200000,45.501505,20.698495,39.900000
45,1,conch,hest.lymph_idc.gene_expression,hest,pearson_r,62.535000,62.804475,0.269475,62.627500
45,1,conch,hest.ccrcc.gene_expression,hest,pearson_r,60.900000,61.133626,0.233626,62.000000
45,1,conch,thunder.tcga_crc_msi.linear_probing,thunder,f1,64.400000,63.427471,0.972529,62.450000
45,1,conch,thunder.spider_skin.linear_probing,thunder,f1,87.300000,88.661997,1.361997,88.600000
45,1,conch,thunder.mhist.linear_probing,thunder,f1,79.700000,80.708873,1.008873,81.300000
45,1,conch,thunder.spider_colorectal.linear_probing,thunder,f1,87.900000,88.311681,0.411681,88.500000
45,1,conch,thunder.bracs.linear_probing,thunder,f1,60.000000,60.048808,0.048808,60.250000
45,1,conch-1.5,hest.idc.gene_expression,hest,pearson_r,77.200000,78.044474,0.844474,79.230000
45,1,conch-1.5,thunder.spider_breast.linear_probing,thunder,f1,81.600000,84.713106,3.113106,85.200000
45,1,conch-1.5,thunder.wilds.linear_probing,thunder,f1,96.700000,97.142663,0.442663,97.200000
45,1,conch-1.5,thunder.tcga_uniform.linear_probing,thunder,f1,69.400000,74.760518,5.360518,74.400000
45,1,conch-1.5,thunder.bach.linear_probing,thunder,f1,76.800000,73.872718,2.927282,69.300000
45,1,conch-1.5,hest.read.gene_expression,hest,pearson_r,58.000000,58.538070,0.538070,58.230000
45,1,conch-1.5,hest.lung.gene_expression,hest,pearson_r,77.565000,77.107085,0.457915,77.325000
45,1,conch-1.5,thunder.ccrcc.linear_probing,thunder,f1,87.400000,88.189692,0.789692,83.000000
45,1,conch-1.5,thunder.esca.linear_probing,thunder,f1,82.700000,80.853545,1.846455,76.700000
45,1,ctranspath,hest.lung.gene_expression,hest,pearson_r,75.685000,75.717178,0.032178,77.325000
45,1,ctranspath,hest.lymph_idc.gene_expression,hest,pearson_r,62.045000,61.260039,0.784961,62.627500
45,1,ctranspath,hest.prad.gene_expression,hest,pearson_r,67.755000,65.157002,2.597998,67.530000
45,1,ctranspath,hest.coad.gene_expression,hest,pearson_r,61.910000,62.578437,0.668437,62.807500
45,1,dinov2-b,thunder.crc.linear_probing,thunder,f1,90.300000,90.138106,0.161894,93.250000
45,1,dinov2-b,thunder.bach.linear_probing,thunder,f1,64.400000,59.269379,5.130621,69.300000
45,1,dinov2-b,thunder.spider_colorectal.linear_probing,thunder,f1,83.900000,84.742989,0.842989,88.500000
45,1,dinov2-b,thunder.ccrcc.linear_probing,thunder,f1,79.700000,82.113533,2.413533,83.000000
45,1,dinov2-b,thunder.spider_skin.linear_probing,thunder,f1,80.100000,81.165849,1.065849,88.600000
45,1,dinov2-l,thunder.mhist.linear_probing,thunder,f1,82.300000,80.917386,1.382614,81.300000
45,1,dinov2-l,thunder.tcga_tils.linear_probing,thunder,f1,85.900000,86.616058,0.716058,89.900000
45,1,dinov2-l,thunder.break_his.linear_probing,thunder,f1,78.500000,72.336892,6.163108,69.200000
45,1,dinov2-l,thunder.bach.linear_probing,thunder,f1,68.900000,59.566929,9.333071,69.300000
45,1,dinov2-l,thunder.bracs.linear_probing,thunder,f1,50.600000,54.767073,4.167073,60.250000
45,1,dinov3-b,thunder.spider_breast.linear_probing,thunder,f1,76.500000,75.657212,0.842788,85.200000
45,1,dinov3-b,thunder.patch_camelyon.linear_probing,thunder,f1,88.000000,86.421012,1.578988,90.900000
45,1,dinov3-b,thunder.bracs.linear_probing,thunder,f1,55.400000,54.209471,1.190529,60.250000
45,1,dinov3-b,thunder.tcga_tils.linear_probing,thunder,f1,86.700000,86.597589,0.102411,89.900000
45,1,dinov3-b,thunder.wilds.linear_probing,thunder,f1,93.600000,91.648536,1.951464,97.200000
45,1,dinov3-l,thunder.patch_camelyon.linear_probing,thunder,f1,88.800000,87.294168,1.505832,90.900000
45,1,dinov3-l,thunder.spider_breast.linear_probing,thunder,f1,78.300000,76.760251,1.539749,85.200000
45,1,dinov3-l,thunder.ccrcc.linear_probing,thunder,f1,82.500000,84.847806,2.347806,83.000000
45,1,dinov3-l,thunder.spider_colorectal.linear_probing,thunder,f1,86.300000,85.635028,0.664972,88.500000
45,1,dinov3-l,thunder.break_his.linear_probing,thunder,f1,77.300000,82.831696,5.531696,69.200000
45,1,dinov3-s,thunder.spider_skin.linear_probing,thunder,f1,81.800000,81.039651,0.760349,88.600000
45,1,dinov3-s,thunder.crc.linear_probing,thunder,f1,91.400000,90.095941,1.304059,93.250000
45,1,dinov3-s,thunder.spider_thorax.linear_probing,thunder,f1,88.200000,87.885026,0.314974,93.300000
45,1,dinov3-s,thunder.bracs.linear_probing,thunder,f1,56.500000,53.711696,2.788304,60.250000
45,1,dinov3-s,thunder.wilds.linear_probing,thunder,f1,94.100000,91.127973,2.972027,97.200000
45,1,genbio-pathfm,thunder.tcga_crc_msi.linear_probing,thunder,f1,68.000000,68.820230,0.820230,62.450000
45,1,genbio-pathfm,thunder.esca.linear_probing,thunder,f1,84.700000,85.502053,0.802053,76.700000
45,1,genbio-pathfm,hest.skcm.gene_expression,hest,pearson_r,83.575000,81.946014,1.628986,78.935000
45,1,genbio-pathfm,thunder.bracs.linear_probing,thunder,f1,60.100000,63.548952,3.448952,60.250000
45,1,genbio-pathfm,thunder.tcga_uniform.linear_probing,thunder,f1,79.900000,81.630528,1.730528,74.400000
45,1,genbio-pathfm,hest.prad.gene_expression,hest,pearson_r,69.565000,68.551004,1.013996,67.530000
45,1,genbio-pathfm,hest.ccrcc.gene_expression,hest,pearson_r,63.075000,63.107141,0.032141,62.000000
45,1,genbio-pathfm,thunder.ccrcc.linear_probing,thunder,f1,91.600000,91.794863,0.194863,83.000000
45,1,gpfm,hest.prad.gene_expression,hest,pearson_r,67.115000,66.351029,0.763971,67.530000
45,1,gpfm,hest.lymph_idc.gene_expression,hest,pearson_r,61.855000,62.031955,0.176955,62.627500
45,1,gpfm,hest.coad.gene_expression,hest,pearson_r,62.400000,64.731633,2.331633,62.807500
45,1,h-optimus-0,hest.coad.gene_expression,hest,pearson_r,65.430000,65.021565,0.408435,62.807500
45,1,h-optimus-0,thunder.crc.linear_probing,thunder,f1,93.500000,95.101977,1.601977,93.250000
45,1,h-optimus-0,hest.paad.gene_expression,hest,pearson_r,74.555000,74.445710,0.109290,72.850000
45,1,h-optimus-0,thunder.tcga_crc_msi.linear_probing,thunder,f1,67.300000,68.446975,1.146975,62.450000
45,1,h-optimus-0,pathorob.tcga_2x2.robustness_index,pathorob,robustness_index,81.200000,81.272123,0.072123,69.400000
45,1,h-optimus-0,thunder.patch_camelyon.linear_probing,thunder,f1,93.000000,93.893008,0.893008,90.900000
45,1,h-optimus-0,hest.lymph_idc.gene_expression,hest,pearson_r,62.955000,63.268260,0.313260,62.627500
45,1,h-optimus-0,thunder.bracs.linear_probing,thunder,f1,61.100000,63.519338,2.419338,60.250000
45,1,h-optimus-0,thunder.bach.linear_probing,thunder,f1,69.700000,79.522845,9.822845,69.300000
45,1,h-optimus-1,thunder.spider_breast.linear_probing,thunder,f1,86.100000,87.755789,1.655789,85.200000
45,1,h-optimus-1,hest.lymph_idc.gene_expression,hest,pearson_r,63.870000,63.292377,0.577623,62.627500
45,1,h-optimus-1,thunder.tcga_tils.linear_probing,thunder,f1,91.000000,91.210010,0.210010,89.900000
45,1,h-optimus-1,hest.coad.gene_expression,hest,pearson_r,65.975000,65.166543,0.808457,62.807500
45,1,h-optimus-1,thunder.spider_colorectal.linear_probing,thunder,f1,90.300000,90.612453,0.312453,88.500000
45,1,h-optimus-1,thunder.tcga_uniform.linear_probing,thunder,f1,81.000000,81.227225,0.227225,74.400000
45,1,h-optimus-1,thunder.tcga_crc_msi.linear_probing,thunder,f1,67.900000,68.491363,0.591363,62.450000
45,1,h-optimus-1,hest.read.gene_expression,hest,pearson_r,62.105000,59.728774,2.376226,58.230000
45,1,h0-mini,thunder.spider_colorectal.linear_probing,thunder,f1,90.200000,89.737427,0.462573,88.500000
45,1,h0-mini,hest.lung.gene_expression,hest,pearson_r,77.410000,77.503983,0.093983,77.325000
45,1,h0-mini,hest.paad.gene_expression,hest,pearson_r,74.595000,73.686931,0.908069,72.850000
45,1,h0-mini,thunder.patch_camelyon.linear_probing,thunder,f1,94.300000,92.984422,1.315578,90.900000
45,1,h0-mini,thunder.esca.linear_probing,thunder,f1,84.400000,82.344752,2.055248,76.700000
45,1,h0-mini,hest.ccrcc.gene_expression,hest,pearson_r,63.350000,61.515706,1.834294,62.000000
45,1,h0-mini,thunder.ccrcc.linear_probing,thunder,f1,90.200000,89.235372,0.964628,83.000000
45,1,h0-mini,thunder.bach.linear_probing,thunder,f1,71.300000,76.365036,5.065036,69.300000
45,1,h0-mini,pathorob.camelyon.robustness_index,pathorob,robustness_index,71.800000,58.575618,13.224382,39.900000
45,1,hibou-b,thunder.spider_colorectal.linear_probing,thunder,f1,90.700000,89.012367,1.687633,88.500000
45,1,hibou-b,thunder.break_his.linear_probing,thunder,f1,59.600000,50.564257,9.035743,69.200000
45,1,hibou-b,thunder.crc.linear_probing,thunder,f1,93.900000,93.915123,0.015123,93.250000
45,1,hibou-b,thunder.spider_skin.linear_probing,thunder,f1,91.100000,90.175111,0.924889,88.600000
45,1,hibou-b,thunder.bracs.linear_probing,thunder,f1,61.700000,62.125238,0.425238,60.250000
45,1,hibou-l,hest.paad.gene_expression,hest,pearson_r,73.370000,73.929378,0.559378,72.850000
45,1,hibou-l,thunder.ccrcc.linear_probing,thunder,f1,88.400000,88.823005,0.423005,83.000000
45,1,hibou-l,hest.skcm.gene_expression,hest,pearson_r,79.085000,81.139553,2.054553,78.935000
45,1,hibou-l,hest.read.gene_expression,hest,pearson_r,59.510000,59.104084,0.405916,58.230000
45,1,hibou-l,hest.idc.gene_expression,hest,pearson_r,78.505000,79.218388,0.713388,79.230000
45,1,hibou-l,thunder.tcga_uniform.linear_probing,thunder,f1,75.200000,76.796419,1.596419,74.400000
45,1,hibou-l,hest.coad.gene_expression,hest,pearson_r,65.200000,65.831661,0.631661,62.807500
45,1,hibou-l,thunder.spider_thorax.linear_probing,thunder,f1,94.100000,93.771921,0.328079,93.300000
45,1,hipt,pathorob.tcga_2x2.robustness_index,pathorob,robustness_index,61.400000,66.214233,4.814233,69.400000
45,1,kaiko-vit-b-16,hest.coad.gene_expression,hest,pearson_r,64.060000,62.900777,1.159223,62.807500
45,1,kaiko-vit-b-16,hest.read.gene_expression,hest,pearson_r,57.625000,57.230946,0.394054,58.230000
45,1,kaiko-vit-b-16,hest.prad.gene_expression,hest,pearson_r,66.375000,66.135701,0.239299,67.530000
45,1,kaiko-vit-b-8,pathorob.tcga_2x2.robustness_index,pathorob,robustness_index,76.300000,68.413183,7.886817,69.400000
45,1,kaiko-vit-b-8,hest.idc.gene_expression,hest,pearson_r,77.995000,77.147061,0.847939,79.230000
45,1,kaiko-vit-b-8,hest.paad.gene_expression,hest,pearson_r,73.005000,72.135357,0.869643,72.850000
45,1,kaiko-vit-b-8,hest.prad.gene_expression,hest,pearson_r,68.055000,66.207280,1.847720,67.530000
45,1,kaiko-vit-b-unspecified-patch,thunder.spider_breast.linear_probing,thunder,f1,81.900000,84.841842,2.941842,85.200000
45,1,kaiko-vit-b-unspecified-patch,thunder.patch_camelyon.linear_probing,thunder,f1,90.400000,91.996957,1.596957,90.900000
45,1,kaiko-vit-b-unspecified-patch,thunder.wilds.linear_probing,thunder,f1,95.600000,96.889439,1.289439,97.200000
45,1,kaiko-vit-b-unspecified-patch,thunder.spider_skin.linear_probing,thunder,f1,87.400000,89.699691,2.299691,88.600000
45,1,kaiko-vit-b-unspecified-patch,thunder.mhist.linear_probing,thunder,f1,78.300000,79.676305,1.376305,81.300000
45,1,kaiko-vit-l-14,hest.read.gene_expression,hest,pearson_r,57.360000,57.484095,0.124095,58.230000
45,1,kaiko-vit-l-14,hest.coad.gene_expression,hest,pearson_r,62.675000,62.745040,0.070040,62.807500
45,1,kaiko-vit-l-14,hest.idc.gene_expression,hest,pearson_r,77.675000,77.090055,0.584945,79.230000
45,1,kaiko-vit-s-16,hest.paad.gene_expression,hest,pearson_r,72.045000,71.706789,0.338211,72.850000
45,1,kaiko-vit-s-16,hest.lymph_idc.gene_expression,hest,pearson_r,61.245000,62.317897,1.072897,62.627500
45,1,kaiko-vit-s-16,hest.lung.gene_expression,hest,pearson_r,75.150000,75.899775,0.749775,77.325000
45,1,kaiko-vit-s-8,hest.idc.gene_expression,hest,pearson_r,76.520000,76.260076,0.259924,79.230000
45,1,kaiko-vit-s-8,hest.paad.gene_expression,hest,pearson_r,70.905000,71.407735,0.502735,72.850000
45,1,kaiko-vit-s-8,hest.ccrcc.gene_expression,hest,pearson_r,61.730000,59.703260,2.026740,62.000000
45,1,kaiko-vit-s-unspecified-patch,thunder.bach.linear_probing,thunder,f1,72.600000,71.003275,1.596725,69.300000
45,1,kaiko-vit-s-unspecified-patch,thunder.mhist.linear_probing,thunder,f1,81.400000,80.056315,1.343685,81.300000
45,1,kaiko-vit-s-unspecified-patch,thunder.spider_colorectal.linear_probing,thunder,f1,88.400000,88.358226,0.041774,88.500000
45,1,kaiko-vit-s-unspecified-patch,thunder.wilds.linear_probing,thunder,f1,95.900000,96.417046,0.517046,97.200000
45,1,kaiko-vit-s-unspecified-patch,thunder.spider_breast.linear_probing,thunder,f1,83.100000,83.751551,0.651551,85.200000
45,1,kang-dino,pathorob.tolkach_esca.robustness_index,pathorob,robustness_index,83.200000,82.889505,0.310495,91.000000
45,1,keep,thunder.spider_skin.linear_probing,thunder,f1,89.300000,90.779079,1.479079,88.600000
45,1,keep,thunder.ccrcc.linear_probing,thunder,f1,93.200000,88.292010,4.907990,83.000000
45,1,keep,thunder.spider_colorectal.linear_probing,thunder,f1,89.700000,89.493313,0.206687,88.500000
45,1,keep,thunder.mhist.linear_probing,thunder,f1,76.800000,80.324472,3.524472,81.300000
45,1,keep,thunder.spider_breast.linear_probing,thunder,f1,85.600000,85.999108,0.399108,85.200000
45,1,lunit-vit-s-8,hest.skcm.gene_expression,hest,pearson_r,78.690000,79.281777,0.591777,78.935000
45,1,lunit-vit-s-8,hest.prad.gene_expression,hest,pearson_r,64.145000,66.908995,2.763995,67.530000
45,1,lunit-vit-s-8,hest.paad.gene_expression,hest,pearson_r,71.335000,72.945075,1.610075,72.850000
45,1,midnight,thunder.spider_thorax.linear_probing,thunder,f1,94.400000,94.304412,0.095588,93.300000
45,1,midnight,thunder.break_his.linear_probing,thunder,f1,56.700000,73.528895,16.828895,69.200000
45,1,midnight,hest.idc.gene_expression,hest,pearson_r,79.115000,78.925003,0.189997,79.230000
45,1,midnight,hest.lymph_idc.gene_expression,hest,pearson_r,63.210000,63.187211,0.022789,62.627500
45,1,midnight,thunder.bach.linear_probing,thunder,f1,87.900000,77.343310,10.556690,69.300000
45,1,midnight,thunder.spider_skin.linear_probing,thunder,f1,91.000000,91.554661,0.554661,88.600000
45,1,midnight,thunder.bracs.linear_probing,thunder,f1,63.800000,62.674808,1.125192,60.250000
45,1,midnight,thunder.ccrcc.linear_probing,thunder,f1,90.800000,89.865448,0.934552,83.000000
45,1,musk,thunder.ccrcc.linear_probing,thunder,f1,85.300000,84.928359,0.371641,83.000000
45,1,musk,thunder.patch_camelyon.linear_probing,thunder,f1,89.400000,90.664831,1.264831,90.900000
45,1,musk,hest.skcm.gene_expression,hest,pearson_r,76.165000,78.080304,1.915304,78.935000
45,1,musk,hest.read.gene_expression,hest,pearson_r,55.550000,57.898439,2.348439,58.230000
45,1,musk,thunder.crc.linear_probing,thunder,f1,91.100000,93.012862,1.912862,93.250000
45,1,musk,hest.paad.gene_expression,hest,pearson_r,71.385000,72.404354,1.019354,72.850000
45,1,musk,thunder.tcga_tils.linear_probing,thunder,f1,89.400000,88.895592,0.504408,89.900000
45,1,musk,pathorob.tolkach_esca.robustness_index,pathorob,robustness_index,92.800000,88.763555,4.036445,91.000000
45,1,musk,thunder.bach.linear_probing,thunder,f1,69.900000,69.046791,0.853209,69.300000
45,1,openmidnight,thunder.spider_skin.linear_probing,thunder,f1,90.500000,91.113310,0.613310,88.600000
45,1,openmidnight,hest.prad.gene_expression,hest,pearson_r,67.950000,68.106479,0.156479,67.530000
45,1,openmidnight,thunder.crc.linear_probing,thunder,f1,94.200000,94.475706,0.275706,93.250000
45,1,openmidnight,thunder.mhist.linear_probing,thunder,f1,81.800000,81.991621,0.191621,81.300000
45,1,openmidnight,thunder.tcga_crc_msi.linear_probing,thunder,f1,66.300000,66.520081,0.220081,62.450000
45,1,openmidnight,hest.coad.gene_expression,hest,pearson_r,63.640000,64.503353,0.863353,62.807500
45,1,openmidnight,thunder.spider_breast.linear_probing,thunder,f1,84.500000,86.151269,1.651269,85.200000
45,1,openmidnight,thunder.esca.linear_probing,thunder,f1,79.800000,82.807554,3.007554,76.700000
45,1,phikon,thunder.crc.linear_probing,thunder,f1,92.100000,92.871127,0.771127,93.250000
45,1,phikon,hest.idc.gene_expression,hest,pearson_r,76.635000,77.763016,1.128016,79.230000
45,1,phikon,thunder.break_his.linear_probing,thunder,f1,60.000000,64.234044,4.234044,69.200000
45,1,phikon,thunder.ccrcc.linear_probing,thunder,f1,89.800000,84.693335,5.106665,83.000000
45,1,phikon,thunder.tcga_crc_msi.linear_probing,thunder,f1,63.100000,62.312113,0.787887,62.450000
45,1,phikon,thunder.mhist.linear_probing,thunder,f1,78.100000,79.370735,1.270735,81.300000
45,1,phikon,thunder.wilds.linear_probing,thunder,f1,97.800000,95.703635,2.096365,97.200000
45,1,phikon,pathorob.camelyon.robustness_index,pathorob,robustness_index,1.100000,26.503174,25.403174,39.900000
45,1,phikon,hest.skcm.gene_expression,hest,pearson_r,76.775000,78.855339,2.080339,78.935000
45,1,phikon-v2,thunder.break_his.linear_probing,thunder,f1,53.000000,60.675623,7.675623,69.200000
45,1,phikon-v2,pathorob.tolkach_esca.robustness_index,pathorob,robustness_index,76.800000,81.216495,4.416495,91.000000
45,1,phikon-v2,pathorob.camelyon.robustness_index,pathorob,robustness_index,1.900000,24.896716,22.996716,39.900000
45,1,phikon-v2,hest.ccrcc.gene_expression,hest,pearson_r,63.295000,61.068734,2.226266,62.000000
45,1,phikon-v2,thunder.tcga_tils.linear_probing,thunder,f1,91.000000,89.016533,1.983467,89.900000
45,1,phikon-v2,hest.prad.gene_expression,hest,pearson_r,67.725000,66.962058,0.762942,67.530000
45,1,phikon-v2,hest.coad.gene_expression,hest,pearson_r,62.500000,62.817768,0.317768,62.807500
45,1,phikon-v2,thunder.esca.linear_probing,thunder,f1,77.300000,76.556055,0.743945,76.700000
45,1,phikon-v2,hest.idc.gene_expression,hest,pearson_r,77.040000,77.733781,0.693781,79.230000
45,1,plip,thunder.crc.linear_probing,thunder,f1,88.200000,90.519845,2.319845,93.250000
45,1,plip,thunder.patch_camelyon.linear_probing,thunder,f1,87.900000,87.113313,0.786687,90.900000
45,1,plip,thunder.spider_thorax.linear_probing,thunder,f1,88.600000,89.037928,0.437928,93.300000
45,1,plip,thunder.wilds.linear_probing,thunder,f1,89.000000,91.344381,2.344381,97.200000
45,1,plip,thunder.spider_skin.linear_probing,thunder,f1,82.100000,82.426338,0.326338,88.600000
45,1,prov-gigapath,thunder.tcga_crc_msi.linear_probing,thunder,f1,68.000000,64.907845,3.092155,62.450000
45,1,prov-gigapath,hest.lymph_idc.gene_expression,hest,pearson_r,62.500000,62.916993,0.416993,62.627500
45,1,prov-gigapath,hest.paad.gene_expression,hest,pearson_r,73.730000,73.081071,0.648929,72.850000
45,1,prov-gigapath,thunder.crc.linear_probing,thunder,f1,94.700000,93.990160,0.709840,93.250000
45,1,prov-gigapath,hest.coad.gene_expression,hest,pearson_r,64.960000,62.827656,2.132344,62.807500
45,1,prov-gigapath,thunder.patch_camelyon.linear_probing,thunder,f1,93.500000,92.265791,1.234209,90.900000
45,1,prov-gigapath,thunder.wilds.linear_probing,thunder,f1,94.800000,97.136555,2.336555,97.200000
45,1,prov-gigapath,hest.ccrcc.gene_expression,hest,pearson_r,62.150000,60.921092,1.228908,62.000000
45,1,prov-gigapath,hest.read.gene_expression,hest,pearson_r,59.805000,58.893940,0.911060,58.230000
45,1,quiltnet,thunder.spider_skin.linear_probing,thunder,f1,81.200000,82.805318,1.605318,88.600000
45,1,quiltnet,thunder.ccrcc.linear_probing,thunder,f1,65.500000,77.068655,11.568655,83.000000
45,1,quiltnet,thunder.wilds.linear_probing,thunder,f1,94.700000,91.651548,3.048452,97.200000
45,1,quiltnet,thunder.tcga_uniform.linear_probing,thunder,f1,54.100000,59.317142,5.217142,74.400000
45,1,quiltnet,thunder.spider_colorectal.linear_probing,thunder,f1,82.900000,85.223200,2.323200,88.500000
45,1,resnet50,hest.read.gene_expression,hest,pearson_r,53.915000,55.843392,1.928392,58.230000
45,1,resnet50,hest.idc.gene_expression,hest,pearson_r,73.695000,75.550705,1.855705,79.230000
45,1,resnet50,hest.lymph_idc.gene_expression,hest,pearson_r,61.525000,60.847934,0.677066,62.627500
45,1,retccl,pathorob.tcga_2x2.robustness_index,pathorob,robustness_index,59.300000,72.152492,12.852492,69.400000
45,1,rudolfv,pathorob.camelyon.robustness_index,pathorob,robustness_index,18.400000,11.258468,7.141532,39.900000
45,1,uni,hest.coad.gene_expression,hest,pearson_r,63.070000,64.258594,1.188594,62.807500
45,1,uni,hest.paad.gene_expression,hest,pearson_r,74.035000,73.567686,0.467314,72.850000
45,1,uni,hest.prad.gene_expression,hest,pearson_r,64.715000,67.645807,2.930807,67.530000
45,1,uni,thunder.bracs.linear_probing,thunder,f1,59.400000,61.368869,1.968869,60.250000
45,1,uni,thunder.spider_colorectal.linear_probing,thunder,f1,90.400000,89.267036,1.132964,88.500000
45,1,uni,pathorob.tcga_2x2.robustness_index,pathorob,robustness_index,74.700000,77.151909,2.451909,69.400000
45,1,uni,hest.read.gene_expression,hest,pearson_r,59.180000,58.858277,0.321723,58.230000
45,1,uni,thunder.ccrcc.linear_probing,thunder,f1,90.700000,88.409948,2.290052,83.000000
45,1,uni,thunder.patch_camelyon.linear_probing,thunder,f1,93.800000,92.412279,1.387721,90.900000
45,1,uni2-h,hest.coad.gene_expression,hest,pearson_r,65.075000,64.375187,0.699813,62.807500
45,1,uni2-h,hest.ccrcc.gene_expression,hest,pearson_r,63.200000,62.157972,1.042028,62.000000
45,1,uni2-h,thunder.break_his.linear_probing,thunder,f1,78.400000,73.296115,5.103885,69.200000
45,1,uni2-h,hest.read.gene_expression,hest,pearson_r,61.115000,59.666574,1.448426,58.230000
45,1,uni2-h,hest.paad.gene_expression,hest,pearson_r,75.005000,74.128358,0.876642,72.850000
45,1,uni2-h,thunder.patch_camelyon.linear_probing,thunder,f1,95.000000,93.654690,1.345310,90.900000
45,1,uni2-h,thunder.esca.linear_probing,thunder,f1,86.400000,83.820657,2.579343,76.700000
45,1,uni2-h,thunder.bach.linear_probing,thunder,f1,84.700000,78.486825,6.213175,69.300000
45,1,uni2-h,pathorob.camelyon.robustness_index,pathorob,robustness_index,54.400000,63.168691,8.768691,39.900000
45,1,virchow,pathorob.tcga_2x2.robustness_index,pathorob,robustness_index,76.100000,81.226438,5.126438,69.400000
45,1,virchow,thunder.break_his.linear_probing,thunder,f1,62.700000,76.823226,14.123226,69.200000
45,1,virchow,thunder.patch_camelyon.linear_probing,thunder,f1,93.600000,93.328941,0.271059,90.900000
45,1,virchow,hest.coad.gene_expression,hest,pearson_r,65.395000,65.141947,0.253053,62.807500
45,1,virchow,hest.lymph_idc.gene_expression,hest,pearson_r,63.050000,63.060089,0.010089,62.627500
45,1,virchow,thunder.tcga_tils.linear_probing,thunder,f1,90.700000,90.789212,0.089212,89.900000
45,1,virchow,hest.prad.gene_expression,hest,pearson_r,66.890000,68.079052,1.189052,67.530000
45,1,virchow,thunder.bach.linear_probing,thunder,f1,66.200000,77.858666,11.658666,69.300000
45,1,virchow,thunder.crc.linear_probing,thunder,f1,93.700000,94.720750,1.020750,93.250000
45,1,virchow-2,thunder.crc.linear_probing,thunder,f1,93.000000,94.695394,1.695394,93.250000
45,1,virchow-2,thunder.esca.linear_probing,thunder,f1,88.900000,83.859648,5.040352,76.700000
45,1,virchow-2,thunder.break_his.linear_probing,thunder,f1,72.500000,77.531586,5.031586,69.200000
45,1,virchow-2,hest.read.gene_expression,hest,pearson_r,60.370000,59.330269,1.039731,58.230000
45,1,virchow-2,pathorob.camelyon.robustness_index,pathorob,robustness_index,80.600000,64.565061,16.034939,39.900000
45,1,virchow-2,thunder.patch_camelyon.linear_probing,thunder,f1,92.800000,93.325906,0.525906,90.900000
45,1,virchow-2,hest.coad.gene_expression,hest,pearson_r,62.905000,65.684746,2.779746,62.807500
45,1,virchow-2,thunder.spider_breast.linear_probing,thunder,f1,87.200000,86.805554,0.394446,85.200000
45,1,virchow-2,pathorob.tcga_2x2.robustness_index,pathorob,robustness_index,82.200000,81.440201,0.759799,69.400000
45,1,vit-b,thunder.wilds.linear_probing,thunder,f1,91.300000,90.509867,0.790133,97.200000
45,1,vit-b,thunder.bracs.linear_probing,thunder,f1,56.600000,55.202325,1.397675,60.250000
45,1,vit-b,thunder.crc.linear_probing,thunder,f1,90.600000,90.100694,0.499306,93.250000
45,1,vit-b,thunder.break_his.linear_probing,thunder,f1,64.500000,56.948569,7.551431,69.200000
45,1,vit-b,thunder.patch_camelyon.linear_probing,thunder,f1,84.600000,86.428432,1.828432,90.900000
45,1,vit-l,thunder.wilds.linear_probing,thunder,f1,92.600000,91.385370,1.214630,97.200000
45,1,vit-l,thunder.crc.linear_probing,thunder,f1,92.800000,90.418435,2.381565,93.250000
45,1,vit-l,thunder.bracs.linear_probing,thunder,f1,54.800000,55.204302,0.404302,60.250000
45,1,vit-l,thunder.tcga_crc_msi.linear_probing,thunder,f1,56.800000,57.073636,0.273636,62.450000
45,1,vit-l,thunder.tcga_uniform.linear_probing,thunder,f1,55.900000,57.565509,1.665509,74.400000
45,2,atlas,pathorob.tolkach_esca.robustness_index,pathorob,robustness_index,93.800000,95.240250,1.440250,90.200000
45,2,ciga,pathorob.camelyon.robustness_index,pathorob,robustness_index,13.500000,3.367119,10.132881,39.900000
45,2,clip-b,thunder.spider_colorectal.linear_probing,thunder,f1,81.300000,81.843491,0.543491,88.350000
45,2,clip-b,thunder.crc.linear_probing,thunder,f1,87.300000,87.508781,0.208781,92.900000
45,2,clip-b,thunder.ccrcc.linear_probing,thunder,f1,73.700000,68.949015,4.750985,88.400000
45,2,clip-b,thunder.esca.linear_probing,thunder,f1,61.000000,65.750046,4.750046,80.750000
45,2,clip-b,thunder.tcga_tils.linear_probing,thunder,f1,83.800000,84.359705,0.559705,90.100000
45,2,clip-b,thunder.wilds.linear_probing,thunder,f1,83.500000,86.175694,2.675694,94.800000
45,2,clip-l,thunder.bracs.linear_probing,thunder,f1,56.400000,53.448358,2.951642,59.700000
45,2,clip-l,thunder.spider_breast.linear_probing,thunder,f1,73.600000,74.478373,0.878373,84.700000
45,2,clip-l,thunder.tcga_uniform.linear_probing,thunder,f1,54.100000,53.535898,0.564102,74.800000
45,2,clip-l,thunder.break_his.linear_probing,thunder,f1,54.500000,61.370948,6.870948,66.300000
45,2,clip-l,thunder.tcga_crc_msi.linear_probing,thunder,f1,52.000000,56.264683,4.264683,65.200000
45,2,clip-l,thunder.esca.linear_probing,thunder,f1,67.600000,70.457434,2.857434,80.750000
45,2,conch,thunder.wilds.linear_probing,thunder,f1,97.200000,95.449280,1.750720,94.800000
45,2,conch,thunder.spider_breast.linear_probing,thunder,f1,82.100000,81.842743,0.257257,84.700000
45,2,conch,hest.skcm.gene_expression,hest,pearson_r,78.935000,78.171719,0.763281,77.932500
45,2,conch,pathorob.tolkach_esca.robustness_index,pathorob,robustness_index,95.100000,89.921354,5.178646,90.200000
45,2,conch,pathorob.tcga_2x2.robustness_index,pathorob,robustness_index,82.400000,74.268860,8.131140,75.400000
45,2,conch,thunder.bach.linear_probing,thunder,f1,84.400000,69.175876,15.224124,68.900000
45,2,conch,hest.prad.gene_expression,hest,pearson_r,67.740000,67.111963,0.628037,67.645000
45,2,conch,thunder.esca.linear_probing,thunder,f1,80.100000,78.885181,1.214819,80.750000
45,2,conch,thunder.ccrcc.linear_probing,thunder,f1,88.100000,85.372975,2.727025,88.400000
45,2,conch,thunder.tcga_tils.linear_probing,thunder,f1,88.100000,89.087092,0.987092,90.100000
45,2,conch-1.5,hest.paad.gene_expression,hest,pearson_r,72.850000,73.063762,0.213762,73.005000
45,2,conch-1.5,thunder.spider_thorax.linear_probing,thunder,f1,92.100000,93.025342,0.925342,92.150000
45,2,conch-1.5,thunder.crc.linear_probing,thunder,f1,93.800000,93.713008,0.086992,92.900000
45,2,conch-1.5,hest.skcm.gene_expression,hest,pearson_r,77.585000,79.409664,1.824664,77.932500
45,2,conch-1.5,thunder.tcga_crc_msi.linear_probing,thunder,f1,62.300000,64.532818,2.232818,65.200000
45,2,conch-1.5,hest.prad.gene_expression,hest,pearson_r,69.040000,67.703564,1.336436,67.645000
45,2,conch-1.5,hest.ccrcc.gene_expression,hest,pearson_r,60.880000,61.179170,0.299170,62.132500
45,2,conch-1.5,thunder.spider_skin.linear_probing,thunder,f1,87.000000,89.504474,2.504474,87.900000
45,2,conch-1.5,thunder.mhist.linear_probing,thunder,f1,81.200000,83.112511,1.912511,79.800000
45,2,conch-1.5,pathorob.camelyon.robustness_index,pathorob,robustness_index,77.400000,89.582906,12.182906,39.900000
45,2,ctranspath,pathorob.tolkach_esca.robustness_index,pathorob,robustness_index,87.200000,87.032647,0.167353,90.200000
45,2,ctranspath,hest.idc.gene_expression,hest,pearson_r,74.965000,76.336791,1.371791,77.222500
45,2,ctranspath,pathorob.tcga_2x2.robustness_index,pathorob,robustness_index,65.200000,72.278625,7.078625,75.400000
45,2,ctranspath,hest.read.gene_expression,hest,pearson_r,54.840000,56.725289,1.885289,58.140000
45,2,dinov2-b,thunder.tcga_uniform.linear_probing,thunder,f1,54.400000,56.295686,1.895686,74.800000
45,2,dinov2-b,thunder.tcga_crc_msi.linear_probing,thunder,f1,58.600000,57.490878,1.109122,65.200000
45,2,dinov2-b,thunder.wilds.linear_probing,thunder,f1,90.700000,91.669525,0.969525,94.800000
45,2,dinov2-b,thunder.break_his.linear_probing,thunder,f1,77.800000,68.355642,9.444358,66.300000
45,2,dinov2-b,thunder.mhist.linear_probing,thunder,f1,82.600000,81.323146,1.276854,79.800000
45,2,dinov2-b,thunder.patch_camelyon.linear_probing,thunder,f1,86.300000,86.722493,0.422493,91.100000
45,2,dinov2-l,thunder.tcga_uniform.linear_probing,thunder,f1,56.200000,55.187733,1.012267,74.800000
45,2,dinov2-l,thunder.tcga_crc_msi.linear_probing,thunder,f1,59.300000,57.647978,1.652022,65.200000
45,2,dinov2-l,thunder.esca.linear_probing,thunder,f1,72.100000,71.807591,0.292409,80.750000
45,2,dinov2-l,thunder.ccrcc.linear_probing,thunder,f1,81.400000,76.154596,5.245404,88.400000
45,2,dinov2-l,thunder.patch_camelyon.linear_probing,thunder,f1,87.200000,86.403530,0.796470,91.100000
45,2,dinov2-l,thunder.spider_skin.linear_probing,thunder,f1,82.100000,81.118385,0.981615,87.900000
45,2,dinov3-b,thunder.mhist.linear_probing,thunder,f1,82.700000,78.916141,3.783859,79.800000
45,2,dinov3-b,thunder.spider_colorectal.linear_probing,thunder,f1,84.800000,85.058103,0.258103,88.350000
45,2,dinov3-b,thunder.ccrcc.linear_probing,thunder,f1,80.700000,78.054759,2.645241,88.400000
45,2,dinov3-b,thunder.spider_skin.linear_probing,thunder,f1,81.600000,81.828690,0.228690,87.900000
45,2,dinov3-b,thunder.break_his.linear_probing,thunder,f1,81.800000,59.210960,22.589040,66.300000
45,2,dinov3-b,thunder.tcga_crc_msi.linear_probing,thunder,f1,57.200000,58.132738,0.932738,65.200000
45,2,dinov3-l,thunder.tcga_uniform.linear_probing,thunder,f1,59.300000,61.145295,1.845295,74.800000
45,2,dinov3-l,thunder.crc.linear_probing,thunder,f1,91.500000,91.718699,0.218699,92.900000
45,2,dinov3-l,thunder.wilds.linear_probing,thunder,f1,94.800000,93.938063,0.861937,94.800000
45,2,dinov3-l,thunder.tcga_crc_msi.linear_probing,thunder,f1,55.500000,60.090644,4.590644,65.200000
45,2,dinov3-l,thunder.spider_skin.linear_probing,thunder,f1,82.500000,84.483628,1.983628,87.900000
45,2,dinov3-l,thunder.bracs.linear_probing,thunder,f1,54.600000,56.117955,1.517955,59.700000
45,2,dinov3-s,thunder.spider_breast.linear_probing,thunder,f1,75.000000,77.453056,2.453056,84.700000
45,2,dinov3-s,thunder.break_his.linear_probing,thunder,f1,82.900000,58.011081,24.888919,66.300000
45,2,dinov3-s,thunder.tcga_uniform.linear_probing,thunder,f1,53.900000,59.010472,5.110472,74.800000
45,2,dinov3-s,thunder.mhist.linear_probing,thunder,f1,82.900000,78.637710,4.262290,79.800000
45,2,dinov3-s,thunder.esca.linear_probing,thunder,f1,72.600000,73.617154,1.017154,80.750000
45,2,dinov3-s,thunder.patch_camelyon.linear_probing,thunder,f1,86.500000,87.847763,1.347763,91.100000
45,2,genbio-pathfm,thunder.mhist.linear_probing,thunder,f1,83.200000,82.706754,0.493246,79.800000
45,2,genbio-pathfm,thunder.break_his.linear_probing,thunder,f1,76.600000,78.025604,1.425604,66.300000
45,2,genbio-pathfm,thunder.patch_camelyon.linear_probing,thunder,f1,93.800000,94.089101,0.289101,91.100000
45,2,genbio-pathfm,hest.read.gene_expression,hest,pearson_r,58.925000,60.466073,1.541073,58.140000
45,2,genbio-pathfm,hest.lung.gene_expression,hest,pearson_r,78.935000,78.194588,0.740412,77.340000
45,2,genbio-pathfm,hest.coad.gene_expression,hest,pearson_r,66.420000,64.673760,1.746240,64.010000
45,2,genbio-pathfm,thunder.wilds.linear_probing,thunder,f1,98.200000,97.855056,0.344944,94.800000
45,2,genbio-pathfm,hest.paad.gene_expression,hest,pearson_r,74.795000,74.188193,0.606807,73.005000
45,2,genbio-pathfm,hest.lymph_idc.gene_expression,hest,pearson_r,64.210000,63.233000,0.977000,62.530000
45,2,gpfm,hest.ccrcc.gene_expression,hest,pearson_r,62.955000,61.642012,1.312988,62.132500
45,2,gpfm,hest.idc.gene_expression,hest,pearson_r,78.300000,77.270997,1.029003,77.222500
45,2,gpfm,hest.skcm.gene_expression,hest,pearson_r,79.455000,77.992241,1.462759,77.932500
45,2,h-optimus-0,thunder.spider_breast.linear_probing,thunder,f1,87.200000,86.589277,0.610723,84.700000
45,2,h-optimus-0,hest.ccrcc.gene_expression,hest,pearson_r,63.380000,63.062661,0.317339,62.132500
45,2,h-optimus-0,hest.skcm.gene_expression,hest,pearson_r,82.270000,80.919940,1.350060,77.932500
45,2,h-optimus-0,hest.idc.gene_expression,hest,pearson_r,79.880000,78.812517,1.067483,77.222500
45,2,h-optimus-0,pathorob.camelyon.robustness_index,pathorob,robustness_index,70.500000,46.260686,24.239314,39.900000
45,2,h-optimus-0,thunder.spider_thorax.linear_probing,thunder,f1,94.400000,94.530266,0.130266,92.150000
45,2,h-optimus-0,thunder.spider_colorectal.linear_probing,thunder,f1,89.900000,90.347470,0.447470,88.350000
45,2,h-optimus-0,thunder.mhist.linear_probing,thunder,f1,82.800000,80.746924,2.053076,79.800000
45,2,h-optimus-0,thunder.tcga_uniform.linear_probing,thunder,f1,79.300000,78.379604,0.920396,74.800000
45,2,h-optimus-0,hest.lung.gene_expression,hest,pearson_r,77.950000,77.985984,0.035984,77.340000
45,2,h-optimus-1,thunder.esca.linear_probing,thunder,f1,87.100000,85.922279,1.177721,80.750000
45,2,h-optimus-1,hest.paad.gene_expression,hest,pearson_r,74.820000,74.314791,0.505209,73.005000
45,2,h-optimus-1,thunder.bach.linear_probing,thunder,f1,72.500000,80.613094,8.113094,68.900000
45,2,h-optimus-1,hest.idc.gene_expression,hest,pearson_r,80.120000,79.267778,0.852222,77.222500
45,2,h-optimus-1,thunder.ccrcc.linear_probing,thunder,f1,91.700000,92.272803,0.572803,88.400000
45,2,h-optimus-1,hest.skcm.gene_expression,hest,pearson_r,82.945000,81.790335,1.154665,77.932500
45,2,h-optimus-1,thunder.bracs.linear_probing,thunder,f1,64.300000,63.988479,0.311521,59.700000
45,2,h-optimus-1,thunder.patch_camelyon.linear_probing,thunder,f1,93.300000,94.467240,1.167240,91.100000
45,2,h-optimus-1,thunder.crc.linear_probing,thunder,f1,94.600000,95.155267,0.555267,92.900000
45,2,h0-mini,thunder.break_his.linear_probing,thunder,f1,69.000000,70.730919,1.730919,66.300000
45,2,h0-mini,thunder.crc.linear_probing,thunder,f1,95.800000,94.391887,1.408113,92.900000
45,2,h0-mini,hest.lymph_idc.gene_expression,hest,pearson_r,63.145000,62.971195,0.173805,62.530000
45,2,h0-mini,thunder.wilds.linear_probing,thunder,f1,98.200000,97.388825,0.811175,94.800000
45,2,h0-mini,thunder.spider_breast.linear_probing,thunder,f1,86.000000,86.078459,0.078459,84.700000
45,2,h0-mini,hest.coad.gene_expression,hest,pearson_r,62.470000,64.371452,1.901452,64.010000
45,2,h0-mini,thunder.spider_skin.linear_probing,thunder,f1,90.400000,91.243781,0.843781,87.900000
45,2,h0-mini,hest.idc.gene_expression,hest,pearson_r,79.310000,78.622166,0.687834,77.222500
45,2,h0-mini,thunder.tcga_crc_msi.linear_probing,thunder,f1,66.500000,66.339662,0.160338,65.200000
45,2,h0-mini,pathorob.tcga_2x2.robustness_index,pathorob,robustness_index,79.400000,78.866976,0.533024,75.400000
45,2,hibou-b,thunder.bach.linear_probing,thunder,f1,65.600000,74.620731,9.020731,68.900000
45,2,hibou-b,thunder.esca.linear_probing,thunder,f1,77.500000,83.163535,5.663535,80.750000
45,2,hibou-b,thunder.tcga_crc_msi.linear_probing,thunder,f1,66.200000,65.247257,0.952743,65.200000
45,2,hibou-b,thunder.tcga_tils.linear_probing,thunder,f1,89.600000,90.885112,1.285112,90.100000
45,2,hibou-b,thunder.ccrcc.linear_probing,thunder,f1,84.300000,90.116568,5.816568,88.400000
45,2,hibou-b,thunder.spider_thorax.linear_probing,thunder,f1,94.500000,94.006526,0.493474,92.150000
45,2,hibou-l,thunder.esca.linear_probing,thunder,f1,77.500000,83.516102,6.016102,80.750000
45,2,hibou-l,thunder.tcga_crc_msi.linear_probing,thunder,f1,68.100000,65.818698,2.281302,65.200000
45,2,hibou-l,thunder.crc.linear_probing,thunder,f1,93.000000,94.306800,1.306800,92.900000
45,2,hibou-l,thunder.wilds.linear_probing,thunder,f1,98.100000,97.319214,0.780786,94.800000
45,2,hibou-l,thunder.mhist.linear_probing,thunder,f1,81.300000,78.550848,2.749152,79.800000
45,2,hibou-l,hest.ccrcc.gene_expression,hest,pearson_r,63.285000,60.780769,2.504231,62.132500
45,2,hibou-l,hest.lymph_idc.gene_expression,hest,pearson_r,62.160000,63.095524,0.935524,62.530000
45,2,hibou-l,thunder.spider_skin.linear_probing,thunder,f1,93.300000,90.746794,2.553206,87.900000
45,2,hibou-l,thunder.break_his.linear_probing,thunder,f1,69.400000,60.380243,9.019757,66.300000
45,2,hipt,pathorob.tolkach_esca.robustness_index,pathorob,robustness_index,72.600000,84.312631,11.712631,90.200000
45,2,kaiko-vit-b-16,hest.ccrcc.gene_expression,hest,pearson_r,61.455000,61.157856,0.297144,62.132500
45,2,kaiko-vit-b-16,hest.lymph_idc.gene_expression,hest,pearson_r,61.825000,62.228103,0.403103,62.530000
45,2,kaiko-vit-b-16,hest.paad.gene_expression,hest,pearson_r,72.620000,72.388853,0.231147,73.005000
45,2,kaiko-vit-b-8,hest.ccrcc.gene_expression,hest,pearson_r,61.565000,61.706651,0.141651,62.132500
45,2,kaiko-vit-b-8,hest.coad.gene_expression,hest,pearson_r,63.415000,62.845589,0.569411,64.010000
45,2,kaiko-vit-b-8,hest.skcm.gene_expression,hest,pearson_r,78.625000,77.755411,0.869589,77.932500
45,2,kaiko-vit-b-8,hest.read.gene_expression,hest,pearson_r,58.115000,57.732984,0.382016,58.140000
45,2,kaiko-vit-b-unspecified-patch,thunder.ccrcc.linear_probing,thunder,f1,81.700000,87.241728,5.541728,88.400000
45,2,kaiko-vit-b-unspecified-patch,thunder.tcga_tils.linear_probing,thunder,f1,90.200000,89.758961,0.441039,90.100000
45,2,kaiko-vit-b-unspecified-patch,thunder.tcga_crc_msi.linear_probing,thunder,f1,67.000000,63.094037,3.905963,65.200000
45,2,kaiko-vit-b-unspecified-patch,thunder.bracs.linear_probing,thunder,f1,59.400000,59.716186,0.316186,59.700000
45,2,kaiko-vit-b-unspecified-patch,thunder.spider_thorax.linear_probing,thunder,f1,93.300000,92.696662,0.603338,92.150000
45,2,kaiko-vit-b-unspecified-patch,thunder.break_his.linear_probing,thunder,f1,67.200000,60.031571,7.168429,66.300000
45,2,kaiko-vit-l-14,hest.paad.gene_expression,hest,pearson_r,71.860000,72.647847,0.787847,73.005000
45,2,kaiko-vit-l-14,hest.ccrcc.gene_expression,hest,pearson_r,60.970000,61.129630,0.159630,62.132500
45,2,kaiko-vit-l-14,hest.prad.gene_expression,hest,pearson_r,67.350000,65.825686,1.524314,67.645000
45,2,kaiko-vit-s-16,hest.skcm.gene_expression,hest,pearson_r,77.245000,75.700985,1.544015,77.932500
45,2,kaiko-vit-s-16,hest.prad.gene_expression,hest,pearson_r,67.415000,65.564300,1.850700,67.645000
45,2,kaiko-vit-s-16,hest.coad.gene_expression,hest,pearson_r,60.285000,62.064020,1.779020,64.010000
45,2,kaiko-vit-s-8,hest.prad.gene_expression,hest,pearson_r,66.700000,66.651369,0.048631,67.645000
45,2,kaiko-vit-s-8,hest.lung.gene_expression,hest,pearson_r,75.265000,75.975887,0.710887,77.340000
45,2,kaiko-vit-s-8,hest.coad.gene_expression,hest,pearson_r,61.405000,62.478645,1.073645,64.010000
45,2,kaiko-vit-s-unspecified-patch,thunder.spider_thorax.linear_probing,thunder,f1,93.100000,92.715564,0.384436,92.150000
45,2,kaiko-vit-s-unspecified-patch,thunder.esca.linear_probing,thunder,f1,76.800000,80.540034,3.740034,80.750000
45,2,kaiko-vit-s-unspecified-patch,thunder.tcga_uniform.linear_probing,thunder,f1,75.700000,71.175335,4.524665,74.800000
45,2,kaiko-vit-s-unspecified-patch,thunder.crc.linear_probing,thunder,f1,92.300000,93.330345,1.030345,92.900000
45,2,kaiko-vit-s-unspecified-patch,thunder.spider_skin.linear_probing,thunder,f1,88.600000,88.681908,0.081908,87.900000
45,2,kaiko-vit-s-unspecified-patch,thunder.patch_camelyon.linear_probing,thunder,f1,90.400000,91.731794,1.331794,91.100000
45,2,kang-dino,pathorob.camelyon.robustness_index,pathorob,robustness_index,4.300000,12.259141,7.959141,39.900000
45,2,keep,thunder.tcga_uniform.linear_probing,thunder,f1,72.700000,77.555410,4.855410,74.800000
45,2,keep,thunder.patch_camelyon.linear_probing,thunder,f1,92.600000,93.534474,0.934474,91.100000
45,2,keep,thunder.bach.linear_probing,thunder,f1,77.000000,75.830597,1.169403,68.900000
45,2,keep,thunder.crc.linear_probing,thunder,f1,94.700000,94.238682,0.461318,92.900000
45,2,keep,thunder.tcga_tils.linear_probing,thunder,f1,89.900000,91.086384,1.186384,90.100000
45,2,keep,thunder.bracs.linear_probing,thunder,f1,62.200000,62.284334,0.084334,59.700000
45,2,lunit-vit-s-8,hest.coad.gene_expression,hest,pearson_r,64.130000,63.309091,0.820909,64.010000
45,2,lunit-vit-s-8,hest.ccrcc.gene_expression,hest,pearson_r,62.315000,60.265265,2.049735,62.132500
45,2,lunit-vit-s-8,hest.lung.gene_expression,hest,pearson_r,77.075000,76.762145,0.312855,77.340000
45,2,midnight,thunder.mhist.linear_probing,thunder,f1,80.200000,79.513925,0.686075,79.800000
45,2,midnight,thunder.spider_colorectal.linear_probing,thunder,f1,89.600000,90.476538,0.876538,88.350000
45,2,midnight,thunder.tcga_uniform.linear_probing,thunder,f1,85.200000,78.456501,6.743499,74.800000
45,2,midnight,hest.lung.gene_expression,hest,pearson_r,77.885000,78.203514,0.318514,77.340000
45,2,midnight,thunder.patch_camelyon.linear_probing,thunder,f1,93.500000,93.897573,0.397573,91.100000
45,2,midnight,hest.read.gene_expression,hest,pearson_r,59.280000,60.265564,0.985564,58.140000
45,2,midnight,hest.paad.gene_expression,hest,pearson_r,74.500000,73.893272,0.606728,73.005000
45,2,midnight,thunder.wilds.linear_probing,thunder,f1,98.300000,97.645552,0.654448,94.800000
45,2,midnight,hest.skcm.gene_expression,hest,pearson_r,81.800000,80.978094,0.821906,77.932500
45,2,musk,thunder.spider_breast.linear_probing,thunder,f1,80.600000,80.359491,0.240509,84.700000
45,2,musk,thunder.tcga_uniform.linear_probing,thunder,f1,66.000000,65.294410,0.705590,74.800000
45,2,musk,thunder.spider_skin.linear_probing,thunder,f1,87.600000,85.815976,1.784024,87.900000
45,2,musk,hest.lung.gene_expression,hest,pearson_r,75.855000,76.446597,0.591597,77.340000
45,2,musk,pathorob.camelyon.robustness_index,pathorob,robustness_index,46.700000,41.309438,5.390562,39.900000
45,2,musk,thunder.spider_colorectal.linear_probing,thunder,f1,87.900000,86.884647,1.015353,88.350000
45,2,musk,hest.coad.gene_expression,hest,pearson_r,61.825000,62.829617,1.004617,64.010000
45,2,musk,hest.idc.gene_expression,hest,pearson_r,76.240000,76.909539,0.669539,77.222500
45,2,musk,thunder.bracs.linear_probing,thunder,f1,63.300000,57.473178,5.826822,59.700000
45,2,musk,thunder.wilds.linear_probing,thunder,f1,96.000000,94.694885,1.305115,94.800000
45,2,openmidnight,hest.lymph_idc.gene_expression,hest,pearson_r,62.990000,62.914531,0.075469,62.530000
45,2,openmidnight,thunder.bracs.linear_probing,thunder,f1,59.400000,61.383132,1.983132,59.700000
45,2,openmidnight,thunder.wilds.linear_probing,thunder,f1,96.500000,97.077195,0.577195,94.800000
45,2,openmidnight,hest.idc.gene_expression,hest,pearson_r,79.350000,78.333105,1.016895,77.222500
45,2,openmidnight,thunder.bach.linear_probing,thunder,f1,84.600000,75.607111,8.992889,68.900000
45,2,openmidnight,thunder.tcga_uniform.linear_probing,thunder,f1,82.800000,75.362994,7.437006,74.800000
45,2,openmidnight,thunder.spider_thorax.linear_probing,thunder,f1,93.700000,93.793438,0.093438,92.150000
45,2,openmidnight,hest.read.gene_expression,hest,pearson_r,58.810000,59.454296,0.644296,58.140000
45,2,openmidnight,hest.skcm.gene_expression,hest,pearson_r,79.705000,80.125765,0.420765,77.932500
45,2,phikon,hest.prad.gene_expression,hest,pearson_r,67.100000,66.674180,0.425820,67.645000
45,2,phikon,pathorob.tcga_2x2.robustness_index,pathorob,robustness_index,62.300000,68.559261,6.259261,75.400000
45,2,phikon,thunder.patch_camelyon.linear_probing,thunder,f1,90.900000,91.304530,0.404530,91.100000
45,2,phikon,hest.coad.gene_expression,hest,pearson_r,63.115000,63.337685,0.222685,64.010000
45,2,phikon,hest.lymph_idc.gene_expression,hest,pearson_r,61.865000,62.294971,0.429971,62.530000
45,2,phikon,hest.read.gene_expression,hest,pearson_r,57.660000,58.289852,0.629852,58.140000
45,2,phikon,hest.lung.gene_expression,hest,pearson_r,77.330000,76.836903,0.493097,77.340000
45,2,phikon,thunder.spider_thorax.linear_probing,thunder,f1,92.400000,92.285447,0.114553,92.150000
45,2,phikon,thunder.spider_colorectal.linear_probing,thunder,f1,88.500000,88.251802,0.248198,88.350000
45,2,phikon,pathorob.tolkach_esca.robustness_index,pathorob,robustness_index,79.500000,85.058299,5.558299,90.200000
45,2,phikon-v2,hest.lung.gene_expression,hest,pearson_r,77.095000,76.643907,0.451093,77.340000
45,2,phikon-v2,thunder.spider_skin.linear_probing,thunder,f1,87.200000,86.813215,0.386785,87.900000
45,2,phikon-v2,thunder.spider_breast.linear_probing,thunder,f1,86.000000,81.997375,4.002625,84.700000
45,2,phikon-v2,thunder.wilds.linear_probing,thunder,f1,95.800000,95.239298,0.560702,94.800000
45,2,phikon-v2,hest.read.gene_expression,hest,pearson_r,58.745000,58.031622,0.713378,58.140000
45,2,phikon-v2,thunder.crc.linear_probing,thunder,f1,92.000000,92.486832,0.486832,92.900000
45,2,phikon-v2,thunder.tcga_crc_msi.linear_probing,thunder,f1,61.100000,61.745964,0.645964,65.200000
45,2,phikon-v2,pathorob.tcga_2x2.robustness_index,pathorob,robustness_index,61.900000,68.313230,6.413230,75.400000
45,2,phikon-v2,thunder.mhist.linear_probing,thunder,f1,79.200000,77.722297,1.477703,79.800000
45,2,phikon-v2,thunder.tcga_uniform.linear_probing,thunder,f1,77.700000,68.625004,9.074996,74.800000
45,2,plip,thunder.esca.linear_probing,thunder,f1,65.700000,72.546707,6.846707,80.750000
45,2,plip,thunder.tcga_uniform.linear_probing,thunder,f1,54.900000,57.484612,2.584612,74.800000
45,2,plip,thunder.tcga_tils.linear_probing,thunder,f1,87.200000,86.850073,0.349927,90.100000
45,2,plip,thunder.spider_breast.linear_probing,thunder,f1,77.100000,76.587251,0.512749,84.700000
45,2,plip,thunder.ccrcc.linear_probing,thunder,f1,76.900000,78.038815,1.138815,88.400000
45,2,plip,thunder.tcga_crc_msi.linear_probing,thunder,f1,56.000000,57.270125,1.270125,65.200000
45,2,prov-gigapath,thunder.spider_thorax.linear_probing,thunder,f1,93.800000,93.776609,0.023391,92.150000
45,2,prov-gigapath,pathorob.tolkach_esca.robustness_index,pathorob,robustness_index,75.400000,91.027685,15.627685,90.200000
45,2,prov-gigapath,hest.idc.gene_expression,hest,pearson_r,77.575000,78.360862,0.785862,77.222500
45,2,prov-gigapath,thunder.spider_skin.linear_probing,thunder,f1,91.300000,90.321350,0.978650,87.900000
45,2,prov-gigapath,thunder.bach.linear_probing,thunder,f1,70.700000,74.968201,4.268201,68.900000
45,2,prov-gigapath,hest.lung.gene_expression,hest,pearson_r,77.060000,77.630745,0.570745,77.340000
45,2,prov-gigapath,thunder.mhist.linear_probing,thunder,f1,81.700000,79.695629,2.004371,79.800000
45,2,prov-gigapath,hest.prad.gene_expression,hest,pearson_r,68.495000,67.446636,1.048364,67.645000
45,2,prov-gigapath,thunder.tcga_tils.linear_probing,thunder,f1,89.100000,90.586087,1.486087,90.100000
45,2,prov-gigapath,thunder.break_his.linear_probing,thunder,f1,65.400000,65.910562,0.510562,66.300000
45,2,quiltnet,thunder.crc.linear_probing,thunder,f1,92.500000,90.432689,2.067311,92.900000
45,2,quiltnet,thunder.mhist.linear_probing,thunder,f1,73.500000,81.737421,8.237421,79.800000
45,2,quiltnet,thunder.break_his.linear_probing,thunder,f1,62.400000,69.972478,7.572478,66.300000
45,2,quiltnet,thunder.spider_thorax.linear_probing,thunder,f1,88.500000,88.226431,0.273569,92.150000
45,2,quiltnet,thunder.esca.linear_probing,thunder,f1,61.500000,71.580480,10.080480,80.750000
45,2,quiltnet,thunder.bracs.linear_probing,thunder,f1,55.900000,54.404323,1.495677,59.700000
45,2,resnet50,hest.prad.gene_expression,hest,pearson_r,65.220000,65.879783,0.659783,67.645000
45,2,resnet50,hest.paad.gene_expression,hest,pearson_r,69.400000,70.363605,0.963605,73.005000
45,2,resnet50,hest.coad.gene_expression,hest,pearson_r,62.500000,61.073704,1.426296,64.010000
45,2,retccl,pathorob.tolkach_esca.robustness_index,pathorob,robustness_index,87.800000,80.718476,7.081524,90.200000
45,2,rudolfv,pathorob.tcga_2x2.robustness_index,pathorob,robustness_index,58.700000,58.774814,0.074814,75.400000
45,2,uni,hest.idc.gene_expression,hest,pearson_r,79.450000,78.311514,1.138486,77.222500
45,2,uni,thunder.crc.linear_probing,thunder,f1,93.100000,93.913915,0.813915,92.900000
45,2,uni,thunder.wilds.linear_probing,thunder,f1,97.200000,96.870275,0.329725,94.800000
45,2,uni,thunder.mhist.linear_probing,thunder,f1,82.400000,79.160055,3.239945,79.800000
45,2,uni,pathorob.camelyon.robustness_index,pathorob,robustness_index,14.500000,40.494242,25.994242,39.900000
45,2,uni,thunder.spider_skin.linear_probing,thunder,f1,91.200000,89.994848,1.205152,87.900000
45,2,uni,thunder.break_his.linear_probing,thunder,f1,70.800000,63.197666,7.602334,66.300000
45,2,uni,thunder.tcga_uniform.linear_probing,thunder,f1,75.300000,74.726677,0.573323,74.800000
45,2,uni,thunder.esca.linear_probing,thunder,f1,83.400000,82.486785,0.913215,80.750000
45,2,uni,hest.ccrcc.gene_expression,hest,pearson_r,62.000000,61.581687,0.418313,62.132500
45,2,uni2-h,hest.lymph_idc.gene_expression,hest,pearson_r,63.635000,63.323500,0.311500,62.530000
45,2,uni2-h,thunder.crc.linear_probing,thunder,f1,93.900000,95.179553,1.279553,92.900000
45,2,uni2-h,thunder.tcga_tils.linear_probing,thunder,f1,90.400000,91.823645,1.423645,90.100000
45,2,uni2-h,pathorob.tolkach_esca.robustness_index,pathorob,robustness_index,92.300000,95.273567,2.973567,90.200000
45,2,uni2-h,thunder.spider_breast.linear_probing,thunder,f1,86.700000,87.952272,1.252272,84.700000
45,2,uni2-h,thunder.spider_colorectal.linear_probing,thunder,f1,90.500000,91.083743,0.583743,88.350000
45,2,uni2-h,hest.prad.gene_expression,hest,pearson_r,67.845000,68.926857,1.081857,67.645000
45,2,uni2-h,thunder.wilds.linear_probing,thunder,f1,98.900000,98.102081,0.797919,94.800000
45,2,uni2-h,thunder.spider_thorax.linear_probing,thunder,f1,95.100000,95.230893,0.130893,92.150000
45,2,uni2-h,thunder.mhist.linear_probing,thunder,f1,78.600000,81.814660,3.214660,79.800000
45,2,virchow,hest.paad.gene_expression,hest,pearson_r,75.795000,73.669082,2.125918,73.005000
45,2,virchow,thunder.bracs.linear_probing,thunder,f1,59.800000,62.093753,2.293753,59.700000
45,2,virchow,hest.read.gene_expression,hest,pearson_r,59.905000,59.794757,0.110243,58.140000
45,2,virchow,thunder.spider_colorectal.linear_probing,thunder,f1,90.200000,89.940062,0.259938,88.350000
45,2,virchow,hest.lung.gene_expression,hest,pearson_r,78.320000,77.869082,0.450918,77.340000
45,2,virchow,thunder.esca.linear_probing,thunder,f1,84.300000,83.593244,0.706756,80.750000
45,2,virchow,hest.ccrcc.gene_expression,hest,pearson_r,62.930000,62.268833,0.661167,62.132500
45,2,virchow,thunder.spider_thorax.linear_probing,thunder,f1,94.700000,94.130619,0.569381,92.150000
45,2,virchow,pathorob.camelyon.robustness_index,pathorob,robustness_index,75.100000,56.719090,18.380910,39.900000
45,2,virchow,pathorob.tolkach_esca.robustness_index,pathorob,robustness_index,93.200000,92.711548,0.488452,90.200000
45,2,virchow-2,thunder.bach.linear_probing,thunder,f1,76.500000,76.595666,0.095666,68.900000
45,2,virchow-2,thunder.bracs.linear_probing,thunder,f1,62.400000,61.938620,0.461380,59.700000
45,2,virchow-2,thunder.ccrcc.linear_probing,thunder,f1,93.600000,90.205529,3.394471,88.400000
45,2,virchow-2,thunder.spider_thorax.linear_probing,thunder,f1,93.900000,94.123044,0.223044,92.150000
45,2,virchow-2,hest.paad.gene_expression,hest,pearson_r,73.895000,73.714525,0.180475,73.005000
45,2,virchow-2,hest.skcm.gene_expression,hest,pearson_r,82.010000,80.486015,1.523985,77.932500
45,2,virchow-2,thunder.mhist.linear_probing,thunder,f1,83.600000,81.494239,2.105761,79.800000
45,2,virchow-2,thunder.spider_colorectal.linear_probing,thunder,f1,90.800000,89.866840,0.933160,88.350000
45,2,virchow-2,hest.idc.gene_expression,hest,pearson_r,79.855000,78.525327,1.329673,77.222500
45,2,virchow-2,thunder.tcga_crc_msi.linear_probing,thunder,f1,69.600000,66.132839,3.467161,65.200000
45,2,vit-b,thunder.esca.linear_probing,thunder,f1,62.700000,72.322711,9.622711,80.750000
45,2,vit-b,thunder.tcga_uniform.linear_probing,thunder,f1,53.400000,56.585689,3.185689,74.800000
45,2,vit-b,thunder.tcga_crc_msi.linear_probing,thunder,f1,59.100000,57.529866,1.570134,65.200000
45,2,vit-b,thunder.mhist.linear_probing,thunder,f1,77.600000,80.188074,2.588074,79.800000
45,2,vit-b,thunder.spider_thorax.linear_probing,thunder,f1,87.900000,88.379874,0.479874,92.150000
45,2,vit-b,thunder.ccrcc.linear_probing,thunder,f1,79.100000,77.298961,1.801039,88.400000
45,2,vit-l,thunder.spider_colorectal.linear_probing,thunder,f1,85.100000,84.757462,0.342538,88.350000
45,2,vit-l,thunder.ccrcc.linear_probing,thunder,f1,77.100000,77.883534,0.783534,88.400000
45,2,vit-l,thunder.patch_camelyon.linear_probing,thunder,f1,85.700000,87.221361,1.521361,91.100000
45,2,vit-l,thunder.spider_thorax.linear_probing,thunder,f1,88.500000,88.668788,0.168788,92.150000
45,2,vit-l,thunder.mhist.linear_probing,thunder,f1,79.800000,80.608338,0.808338,79.800000
45,2,vit-l,thunder.spider_breast.linear_probing,thunder,f1,79.300000,76.486565,2.813435,84.700000
46,0,atlas,pathorob.camelyon.robustness_index,pathorob,robustness_index,78.500000,64.462292,14.037708,39.900000
46,0,ciga,pathorob.tcga_2x2.robustness_index,pathorob,robustness_index,51.100000,63.265610,12.165610,76.200000
46,0,clip-b,thunder.bracs.linear_probing,thunder,f1,52.400000,50.543624,1.856376,60.050000
46,0,clip-b,thunder.patch_camelyon.linear_probing,thunder,f1,82.700000,82.941187,0.241187,90.900000
46,0,clip-b,thunder.esca.linear_probing,thunder,f1,61.000000,59.686809,1.313191,77.500000
46,0,clip-b,thunder.crc.linear_probing,thunder,f1,87.300000,88.337609,1.037609,93.250000
46,0,clip-b,thunder.tcga_uniform.linear_probing,thunder,f1,47.900000,42.466390,5.433610,70.200000
46,0,clip-l,thunder.bracs.linear_probing,thunder,f1,56.400000,53.325652,3.074348,60.050000
46,0,clip-l,thunder.tcga_crc_msi.linear_probing,thunder,f1,52.000000,55.649768,3.649768,62.750000
46,0,clip-l,thunder.esca.linear_probing,thunder,f1,67.600000,67.443150,0.156850,77.500000
46,0,clip-l,thunder.spider_skin.linear_probing,thunder,f1,78.500000,81.511873,3.011873,90.750000
46,0,clip-l,thunder.crc.linear_probing,thunder,f1,88.300000,90.155843,1.855843,93.250000
46,0,conch,thunder.tcga_uniform.linear_probing,thunder,f1,68.000000,72.314205,4.314205,70.200000
46,0,conch,thunder.patch_camelyon.linear_probing,thunder,f1,90.600000,91.725785,1.125785,90.900000
46,0,conch,hest.skcm.gene_expression,hest,pearson_r,78.935000,79.359880,0.424880,78.657500
46,0,conch,pathorob.camelyon.robustness_index,pathorob,robustness_index,66.200000,54.287394,11.912606,39.900000
46,0,conch,hest.lung.gene_expression,hest,pearson_r,76.610000,76.813707,0.203707,77.330000
46,0,conch,thunder.break_his.linear_probing,thunder,f1,68.800000,69.646821,0.846821,66.000000
46,0,conch,hest.lymph_idc.gene_expression,hest,pearson_r,62.535000,63.073961,0.538961,62.955000
46,0,conch,thunder.spider_breast.linear_probing,thunder,f1,82.100000,82.801492,0.701492,83.100000
46,0,conch,pathorob.tolkach_esca.robustness_index,pathorob,robustness_index,95.100000,91.863876,3.236124,87.800000
46,0,conch-1.5,hest.coad.gene_expression,hest,pearson_r,64.010000,62.309695,1.700305,63.092500
46,0,conch-1.5,hest.skcm.gene_expression,hest,pearson_r,77.585000,80.041610,2.456610,78.657500
46,0,conch-1.5,thunder.wilds.linear_probing,thunder,f1,96.700000,96.812576,0.112576,95.600000
46,0,conch-1.5,hest.read.gene_expression,hest,pearson_r,58.000000,58.654795,0.654795,58.115000
46,0,conch-1.5,thunder.bracs.linear_probing,thunder,f1,62.400000,60.539980,1.860020,60.050000
46,0,conch-1.5,thunder.tcga_crc_msi.linear_probing,thunder,f1,62.300000,65.132894,2.832894,62.750000
46,0,conch-1.5,thunder.patch_camelyon.linear_probing,thunder,f1,91.400000,92.165807,0.765807,90.900000
46,0,conch-1.5,pathorob.tcga_2x2.robustness_index,pathorob,robustness_index,83.200000,82.342364,0.857636,76.200000
46,0,conch-1.5,pathorob.tolkach_esca.robustness_index,pathorob,robustness_index,95.100000,93.649191,1.450809,87.800000
46,0,ctranspath,pathorob.tolkach_esca.robustness_index,pathorob,robustness_index,87.200000,78.453530,8.746470,87.800000
46,0,ctranspath,hest.ccrcc.gene_expression,hest,pearson_r,61.810000,60.083035,1.726965,62.115000
46,0,ctranspath,hest.read.gene_expression,hest,pearson_r,54.840000,56.318380,1.478380,58.115000
46,0,ctranspath,hest.prad.gene_expression,hest,pearson_r,67.755000,66.222222,1.532778,67.845000
46,0,dinov2-b,thunder.ccrcc.linear_probing,thunder,f1,79.700000,79.616881,0.083119,85.100000
46,0,dinov2-b,thunder.break_his.linear_probing,thunder,f1,77.800000,59.152088,18.647912,66.000000
46,0,dinov2-b,thunder.tcga_tils.linear_probing,thunder,f1,85.900000,86.397701,0.497701,89.250000
46,0,dinov2-b,thunder.bach.linear_probing,thunder,f1,64.400000,59.861666,4.538334,69.600000
46,0,dinov2-b,thunder.spider_skin.linear_probing,thunder,f1,80.100000,83.252833,3.152833,90.750000
46,0,dinov2-l,thunder.spider_colorectal.linear_probing,thunder,f1,85.300000,84.985574,0.314426,88.450000
46,0,dinov2-l,thunder.tcga_uniform.linear_probing,thunder,f1,56.200000,56.230540,0.030540,70.200000
46,0,dinov2-l,thunder.spider_skin.linear_probing,thunder,f1,82.100000,83.879173,1.779173,90.750000
46,0,dinov2-l,thunder.wilds.linear_probing,thunder,f1,90.300000,93.016816,2.716816,95.600000
46,0,dinov2-l,thunder.patch_camelyon.linear_probing,thunder,f1,87.200000,87.806022,0.606022,90.900000
46,0,dinov3-b,thunder.spider_colorectal.linear_probing,thunder,f1,84.800000,85.160227,0.360227,88.450000
46,0,dinov3-b,thunder.bracs.linear_probing,thunder,f1,55.400000,53.872923,1.527077,60.050000
46,0,dinov3-b,thunder.wilds.linear_probing,thunder,f1,93.600000,93.325285,0.274715,95.600000
46,0,dinov3-b,thunder.spider_breast.linear_probing,thunder,f1,76.500000,75.501496,0.998504,83.100000
46,0,dinov3-b,thunder.spider_skin.linear_probing,thunder,f1,81.600000,84.259059,2.659059,90.750000
46,0,dinov3-l,thunder.spider_thorax.linear_probing,thunder,f1,90.100000,89.523986,0.576014,93.400000
46,0,dinov3-l,thunder.mhist.linear_probing,thunder,f1,84.100000,81.572883,2.527117,81.250000
46,0,dinov3-l,thunder.esca.linear_probing,thunder,f1,76.000000,73.166488,2.833512,77.500000
46,0,dinov3-l,thunder.spider_skin.linear_probing,thunder,f1,82.500000,84.780139,2.280139,90.750000
46,0,dinov3-l,thunder.spider_breast.linear_probing,thunder,f1,78.300000,76.502297,1.797703,83.100000
46,0,dinov3-s,thunder.break_his.linear_probing,thunder,f1,82.900000,56.819595,26.080405,66.000000
46,0,dinov3-s,thunder.crc.linear_probing,thunder,f1,91.400000,90.524715,0.875285,93.250000
46,0,dinov3-s,thunder.spider_thorax.linear_probing,thunder,f1,88.200000,89.324705,1.124705,93.400000
46,0,dinov3-s,thunder.spider_colorectal.linear_probing,thunder,f1,85.000000,85.380464,0.380464,88.450000
46,0,dinov3-s,thunder.spider_breast.linear_probing,thunder,f1,75.000000,76.365031,1.365031,83.100000
46,0,genbio-pathfm,thunder.spider_skin.linear_probing,thunder,f1,93.500000,91.963907,1.536093,90.750000
46,0,genbio-pathfm,hest.paad.gene_expression,hest,pearson_r,74.795000,74.330605,0.464395,72.927500
46,0,genbio-pathfm,hest.lymph_idc.gene_expression,hest,pearson_r,64.210000,63.479677,0.730323,62.955000
46,0,genbio-pathfm,hest.coad.gene_expression,hest,pearson_r,66.420000,64.380960,2.039040,63.092500
46,0,genbio-pathfm,thunder.patch_camelyon.linear_probing,thunder,f1,93.800000,93.889472,0.089472,90.900000
46,0,genbio-pathfm,hest.ccrcc.gene_expression,hest,pearson_r,63.075000,63.152405,0.077405,62.115000
46,0,genbio-pathfm,thunder.break_his.linear_probing,thunder,f1,76.600000,83.010112,6.410112,66.000000
46,0,genbio-pathfm,thunder.esca.linear_probing,thunder,f1,84.700000,85.134965,0.434965,77.500000
46,0,gpfm,hest.read.gene_expression,hest,pearson_r,58.230000,58.412423,0.182423,58.115000
46,0,gpfm,hest.lymph_idc.gene_expression,hest,pearson_r,61.855000,62.615734,0.760734,62.955000
46,0,gpfm,hest.skcm.gene_expression,hest,pearson_r,79.455000,79.532467,0.077467,78.657500
46,0,h-optimus-0,thunder.spider_colorectal.linear_probing,thunder,f1,89.900000,90.470165,0.570165,88.450000
46,0,h-optimus-0,pathorob.tolkach_esca.robustness_index,pathorob,robustness_index,91.800000,91.572241,0.227759,87.800000
46,0,h-optimus-0,thunder.bach.linear_probing,thunder,f1,69.700000,77.685252,7.985252,69.600000
46,0,h-optimus-0,thunder.wilds.linear_probing,thunder,f1,98.700000,97.994940,0.705060,95.600000
46,0,h-optimus-0,thunder.tcga_tils.linear_probing,thunder,f1,91.000000,90.865541,0.134459,89.250000
46,0,h-optimus-0,pathorob.camelyon.robustness_index,pathorob,robustness_index,70.500000,38.520067,31.979933,39.900000
46,0,h-optimus-0,hest.read.gene_expression,hest,pearson_r,61.080000,59.916475,1.163525,58.115000
46,0,h-optimus-0,thunder.patch_camelyon.linear_probing,thunder,f1,93.000000,93.745502,0.745502,90.900000
46,0,h-optimus-0,hest.ccrcc.gene_expression,hest,pearson_r,63.380000,63.150323,0.229677,62.115000
46,0,h-optimus-1,thunder.tcga_uniform.linear_probing,thunder,f1,81.000000,82.139037,1.139037,70.200000
46,0,h-optimus-1,hest.coad.gene_expression,hest,pearson_r,65.975000,64.211249,1.763751,63.092500
46,0,h-optimus-1,thunder.spider_colorectal.linear_probing,thunder,f1,90.300000,90.843054,0.543054,88.450000
46,0,h-optimus-1,thunder.tcga_crc_msi.linear_probing,thunder,f1,67.900000,69.540893,1.640893,62.750000
46,0,h-optimus-1,hest.paad.gene_expression,hest,pearson_r,74.820000,74.268882,0.551118,72.927500
46,0,h-optimus-1,hest.lung.gene_expression,hest,pearson_r,78.895000,78.252487,0.642513,77.330000
46,0,h-optimus-1,thunder.ccrcc.linear_probing,thunder,f1,91.700000,91.664552,0.035448,85.100000
46,0,h-optimus-1,thunder.tcga_tils.linear_probing,thunder,f1,91.000000,91.198785,0.198785,89.250000
46,0,h0-mini,hest.read.gene_expression,hest,pearson_r,59.315000,59.687194,0.372194,58.115000
46,0,h0-mini,thunder.tcga_crc_msi.linear_probing,thunder,f1,66.500000,67.862152,1.362152,62.750000
46,0,h0-mini,thunder.tcga_tils.linear_probing,thunder,f1,91.700000,90.643969,1.056031,89.250000
46,0,h0-mini,thunder.wilds.linear_probing,thunder,f1,98.200000,97.772934,0.427066,95.600000
46,0,h0-mini,thunder.bach.linear_probing,thunder,f1,71.300000,76.757517,5.457517,69.600000
46,0,h0-mini,thunder.break_his.linear_probing,thunder,f1,69.000000,74.559356,5.559356,66.000000
46,0,h0-mini,thunder.spider_skin.linear_probing,thunder,f1,90.400000,91.149466,0.749466,90.750000
46,0,h0-mini,thunder.spider_breast.linear_probing,thunder,f1,86.000000,85.991388,0.008612,83.100000
46,0,h0-mini,thunder.tcga_uniform.linear_probing,thunder,f1,78.200000,79.259457,1.059457,70.200000
46,0,hibou-b,thunder.patch_camelyon.linear_probing,thunder,f1,93.400000,92.185327,1.214673,90.900000
46,0,hibou-b,thunder.spider_skin.linear_probing,thunder,f1,91.100000,89.136597,1.963403,90.750000
46,0,hibou-b,thunder.wilds.linear_probing,thunder,f1,97.100000,96.613722,0.486278,95.600000
46,0,hibou-b,thunder.spider_thorax.linear_probing,thunder,f1,94.500000,93.052641,1.447359,93.400000
46,0,hibou-b,thunder.mhist.linear_probing,thunder,f1,76.500000,79.085775,2.585775,81.250000
46,0,hibou-l,hest.prad.gene_expression,hest,pearson_r,64.725000,67.198485,2.473485,67.845000
46,0,hibou-l,thunder.spider_breast.linear_probing,thunder,f1,88.000000,85.308378,2.691622,83.100000
46,0,hibou-l,thunder.tcga_tils.linear_probing,thunder,f1,90.300000,90.295737,0.004263,89.250000
46,0,hibou-l,thunder.wilds.linear_probing,thunder,f1,98.100000,97.407736,0.692264,95.600000
46,0,hibou-l,thunder.bracs.linear_probing,thunder,f1,62.700000,61.722401,0.977599,60.050000
46,0,hibou-l,thunder.tcga_uniform.linear_probing,thunder,f1,75.200000,77.084601,1.884601,70.200000
46,0,hibou-l,hest.skcm.gene_expression,hest,pearson_r,79.085000,80.652894,1.567894,78.657500
46,0,hibou-l,thunder.break_his.linear_probing,thunder,f1,69.400000,67.024619,2.375381,66.000000
46,0,hipt,pathorob.tcga_2x2.robustness_index,pathorob,robustness_index,61.400000,69.627041,8.227041,76.200000
46,0,kaiko-vit-b-16,hest.prad.gene_expression,hest,pearson_r,66.375000,65.696760,0.678240,67.845000
46,0,kaiko-vit-b-16,hest.read.gene_expression,hest,pearson_r,57.625000,56.950525,0.674475,58.115000
46,0,kaiko-vit-b-16,hest.lymph_idc.gene_expression,hest,pearson_r,61.825000,61.514444,0.310556,62.955000
46,0,kaiko-vit-b-8,hest.idc.gene_expression,hest,pearson_r,77.995000,77.875394,0.119606,77.987500
46,0,kaiko-vit-b-8,hest.paad.gene_expression,hest,pearson_r,73.005000,73.082715,0.077715,72.927500
46,0,kaiko-vit-b-8,hest.lung.gene_expression,hest,pearson_r,75.915000,77.068420,1.153420,77.330000
46,0,kaiko-vit-b-8,hest.lymph_idc.gene_expression,hest,pearson_r,61.365000,62.739794,1.374794,62.955000
46,0,kaiko-vit-b-unspecified-patch,thunder.spider_thorax.linear_probing,thunder,f1,93.300000,92.562009,0.737991,93.400000
46,0,kaiko-vit-b-unspecified-patch,thunder.spider_skin.linear_probing,thunder,f1,87.400000,88.484926,1.084926,90.750000
46,0,kaiko-vit-b-unspecified-patch,thunder.bracs.linear_probing,thunder,f1,59.400000,60.318655,0.918655,60.050000
46,0,kaiko-vit-b-unspecified-patch,thunder.esca.linear_probing,thunder,f1,78.500000,78.250040,0.249960,77.500000
46,0,kaiko-vit-b-unspecified-patch,thunder.tcga_tils.linear_probing,thunder,f1,90.200000,89.435487,0.764513,89.250000
46,0,kaiko-vit-l-14,hest.skcm.gene_expression,hest,pearson_r,77.665000,78.297055,0.632055,78.657500
46,0,kaiko-vit-l-14,hest.lymph_idc.gene_expression,hest,pearson_r,61.415000,62.497718,1.082718,62.955000
46,0,kaiko-vit-l-14,hest.prad.gene_expression,hest,pearson_r,67.350000,67.085396,0.264604,67.845000
46,0,kaiko-vit-s-16,hest.coad.gene_expression,hest,pearson_r,60.285000,62.388903,2.103903,63.092500
46,0,kaiko-vit-s-16,hest.prad.gene_expression,hest,pearson_r,67.415000,65.663250,1.751750,67.845000
46,0,kaiko-vit-s-16,hest.idc.gene_expression,hest,pearson_r,76.665000,76.205350,0.459650,77.987500
46,0,kaiko-vit-s-8,hest.paad.gene_expression,hest,pearson_r,70.905000,71.626093,0.721093,72.927500
46,0,kaiko-vit-s-8,hest.ccrcc.gene_expression,hest,pearson_r,61.730000,59.920630,1.809370,62.115000
46,0,kaiko-vit-s-8,hest.lymph_idc.gene_expression,hest,pearson_r,62.315000,62.314022,0.000978,62.955000
46,0,kaiko-vit-s-unspecified-patch,thunder.spider_skin.linear_probing,thunder,f1,88.600000,88.735439,0.135439,90.750000
46,0,kaiko-vit-s-unspecified-patch,thunder.patch_camelyon.linear_probing,thunder,f1,90.400000,91.662987,1.262987,90.900000
46,0,kaiko-vit-s-unspecified-patch,thunder.tcga_crc_msi.linear_probing,thunder,f1,62.600000,64.085908,1.485908,62.750000
46,0,kaiko-vit-s-unspecified-patch,thunder.tcga_tils.linear_probing,thunder,f1,90.100000,89.332330,0.767670,89.250000
46,0,kaiko-vit-s-unspecified-patch,thunder.break_his.linear_probing,thunder,f1,69.400000,67.258793,2.141207,66.000000
46,0,kang-dino,pathorob.camelyon.robustness_index,pathorob,robustness_index,4.300000,7.014111,2.714111,39.900000
46,0,keep,thunder.spider_colorectal.linear_probing,thunder,f1,89.700000,90.025830,0.325830,88.450000
46,0,keep,thunder.tcga_crc_msi.linear_probing,thunder,f1,64.900000,67.806815,2.906815,62.750000
46,0,keep,thunder.bracs.linear_probing,thunder,f1,62.200000,63.246697,1.046697,60.050000
46,0,keep,thunder.tcga_uniform.linear_probing,thunder,f1,72.700000,79.224678,6.524678,70.200000
46,0,keep,thunder.spider_breast.linear_probing,thunder,f1,85.600000,86.157430,0.557430,83.100000
46,0,lunit-vit-s-8,hest.prad.gene_expression,hest,pearson_r,64.145000,66.452480,2.307480,67.845000
46,0,lunit-vit-s-8,hest.lymph_idc.gene_expression,hest,pearson_r,62.530000,62.032548,0.497452,62.955000
46,0,lunit-vit-s-8,hest.paad.gene_expression,hest,pearson_r,71.335000,73.169359,1.834359,72.927500
46,0,midnight,thunder.esca.linear_probing,thunder,f1,86.200000,82.897598,3.302402,77.500000
46,0,midnight,thunder.bach.linear_probing,thunder,f1,87.900000,76.062125,11.837875,69.600000
46,0,midnight,hest.lung.gene_expression,hest,pearson_r,77.885000,77.695294,0.189706,77.330000
46,0,midnight,thunder.tcga_tils.linear_probing,thunder,f1,91.000000,90.608649,0.391351,89.250000
46,0,midnight,thunder.wilds.linear_probing,thunder,f1,98.300000,97.660542,0.639458,95.600000
46,0,midnight,thunder.spider_thorax.linear_probing,thunder,f1,94.400000,94.092726,0.307274,93.400000
46,0,midnight,thunder.patch_camelyon.linear_probing,thunder,f1,93.500000,93.364741,0.135259,90.900000
46,0,midnight,thunder.tcga_crc_msi.linear_probing,thunder,f1,65.600000,67.713283,2.113283,62.750000
46,0,musk,pathorob.camelyon.robustness_index,pathorob,robustness_index,46.700000,67.768384,21.068384,39.900000
46,0,musk,hest.lymph_idc.gene_expression,hest,pearson_r,62.725000,63.144520,0.419520,62.955000
46,0,musk,hest.prad.gene_expression,hest,pearson_r,67.150000,67.854613,0.704613,67.845000
46,0,musk,hest.skcm.gene_expression,hest,pearson_r,76.165000,78.635783,2.470783,78.657500
46,0,musk,thunder.patch_camelyon.linear_probing,thunder,f1,89.400000,90.982285,1.582285,90.900000
46,0,musk,thunder.tcga_uniform.linear_probing,thunder,f1,66.000000,69.413723,3.413723,70.200000
46,0,musk,pathorob.tcga_2x2.robustness_index,pathorob,robustness_index,72.700000,80.867261,8.167261,76.200000
46,0,musk,thunder.tcga_crc_msi.linear_probing,thunder,f1,63.200000,62.956518,0.243482,62.750000
46,0,musk,hest.read.gene_expression,hest,pearson_r,55.550000,57.916698,2.366698,58.115000
46,0,openmidnight,thunder.break_his.linear_probing,thunder,f1,77.300000,72.212114,5.087886,66.000000
46,0,openmidnight,thunder.wilds.linear_probing,thunder,f1,96.500000,97.375301,0.875301,95.600000
46,0,openmidnight,hest.lung.gene_expression,hest,pearson_r,77.670000,77.622064,0.047936,77.330000
46,0,openmidnight,thunder.bach.linear_probing,thunder,f1,84.600000,74.835736,9.764264,69.600000
46,0,openmidnight,hest.ccrcc.gene_expression,hest,pearson_r,62.290000,62.225314,0.064686,62.115000
46,0,openmidnight,hest.skcm.gene_expression,hest,pearson_r,79.705000,80.707809,1.002809,78.657500
46,0,openmidnight,thunder.ccrcc.linear_probing,thunder,f1,92.000000,89.264786,2.735214,85.100000
46,0,openmidnight,thunder.crc.linear_probing,thunder,f1,94.200000,93.978262,0.221738,93.250000
46,0,phikon,pathorob.tcga_2x2.robustness_index,pathorob,robustness_index,62.300000,66.073814,3.773814,76.200000
46,0,phikon,thunder.spider_breast.linear_probing,thunder,f1,84.900000,81.723258,3.176742,83.100000
46,0,phikon,thunder.tcga_uniform.linear_probing,thunder,f1,76.600000,68.967178,7.632822,70.200000
46,0,phikon,hest.prad.gene_expression,hest,pearson_r,67.100000,66.583236,0.516764,67.845000
46,0,phikon,hest.skcm.gene_expression,hest,pearson_r,76.775000,78.508021,1.733021,78.657500
46,0,phikon,thunder.bracs.linear_probing,thunder,f1,56.900000,58.843309,1.943309,60.050000
46,0,phikon,thunder.mhist.linear_probing,thunder,f1,78.100000,79.646726,1.546726,81.250000
46,0,phikon,thunder.esca.linear_probing,thunder,f1,76.700000,76.601293,0.098707,77.500000
46,0,phikon,thunder.tcga_crc_msi.linear_probing,thunder,f1,63.100000,62.688018,0.411982,62.750000
46,0,phikon-v2,thunder.spider_skin.linear_probing,thunder,f1,87.200000,87.837320,0.637320,90.750000
46,0,phikon-v2,thunder.tcga_uniform.linear_probing,thunder,f1,77.700000,69.151318,8.548682,70.200000
46,0,phikon-v2,hest.prad.gene_expression,hest,pearson_r,67.725000,66.400593,1.324407,67.845000
46,0,phikon-v2,hest.read.gene_expression,hest,pearson_r,58.745000,57.924843,0.820157,58.115000
46,0,phikon-v2,hest.coad.gene_expression,hest,pearson_r,62.500000,63.988495,1.488495,63.092500
46,0,phikon-v2,thunder.spider_breast.linear_probing,thunder,f1,86.000000,81.881377,4.118623,83.100000
46,0,phikon-v2,pathorob.camelyon.robustness_index,pathorob,robustness_index,1.900000,3.962024,2.062024,39.900000
46,0,phikon-v2,thunder.bach.linear_probing,thunder,f1,64.700000,67.923209,3.223209,69.600000
46,0,phikon-v2,hest.lung.gene_expression,hest,pearson_r,77.095000,76.927111,0.167889,77.330000
46,0,plip,thunder.spider_skin.linear_probing,thunder,f1,82.100000,82.246730,0.146730,90.750000
46,0,plip,thunder.spider_colorectal.linear_probing,thunder,f1,84.700000,84.866730,0.166730,88.450000
46,0,plip,thunder.mhist.linear_probing,thunder,f1,78.500000,76.589932,1.910068,81.250000
46,0,plip,thunder.bach.linear_probing,thunder,f1,63.900000,57.896926,6.003074,69.600000
46,0,plip,thunder.crc.linear_probing,thunder,f1,88.200000,90.893585,2.693585,93.250000
46,0,prov-gigapath,hest.lymph_idc.gene_expression,hest,pearson_r,62.500000,62.609612,0.109612,62.955000
46,0,prov-gigapath,pathorob.tcga_2x2.robustness_index,pathorob,robustness_index,73.800000,72.312564,1.487436,76.200000
46,0,prov-gigapath,hest.prad.gene_expression,hest,pearson_r,68.495000,67.169547,1.325453,67.845000
46,0,prov-gigapath,thunder.wilds.linear_probing,thunder,f1,94.800000,97.086727,2.286727,95.600000
46,0,prov-gigapath,thunder.bracs.linear_probing,thunder,f1,62.700000,61.251866,1.448134,60.050000
46,0,prov-gigapath,hest.lung.gene_expression,hest,pearson_r,77.060000,77.528305,0.468305,77.330000
46,0,prov-gigapath,thunder.crc.linear_probing,thunder,f1,94.700000,93.766634,0.933366,93.250000
46,0,prov-gigapath,thunder.mhist.linear_probing,thunder,f1,81.700000,80.850874,0.849126,81.250000
46,0,prov-gigapath,hest.paad.gene_expression,hest,pearson_r,73.730000,73.712459,0.017541,72.927500
46,0,quiltnet,thunder.spider_breast.linear_probing,thunder,f1,77.000000,76.353985,0.646015,83.100000
46,0,quiltnet,thunder.tcga_uniform.linear_probing,thunder,f1,54.100000,58.435885,4.335885,70.200000
46,0,quiltnet,thunder.spider_thorax.linear_probing,thunder,f1,88.500000,88.625915,0.125915,93.400000
46,0,quiltnet,thunder.break_his.linear_probing,thunder,f1,62.400000,55.750506,6.649494,66.000000
46,0,quiltnet,thunder.ccrcc.linear_probing,thunder,f1,65.500000,78.237068,12.737068,85.100000
46,0,resnet50,hest.ccrcc.gene_expression,hest,pearson_r,61.260000,60.312993,0.947007,62.115000
46,0,resnet50,hest.idc.gene_expression,hest,pearson_r,73.695000,75.541603,1.846603,77.987500
46,0,resnet50,hest.paad.gene_expression,hest,pearson_r,69.400000,71.193163,1.793163,72.927500
46,0,retccl,pathorob.camelyon.robustness_index,pathorob,robustness_index,31.800000,4.000211,27.799789,39.900000
46,0,rudolfv,pathorob.camelyon.robustness_index,pathorob,robustness_index,18.400000,1.899642,16.500358,39.900000
46,0,uni,thunder.bracs.linear_probing,thunder,f1,59.400000,61.607925,2.207925,60.050000
46,0,uni,thunder.break_his.linear_probing,thunder,f1,70.800000,71.088723,0.288723,66.000000
46,0,uni,hest.skcm.gene_expression,hest,pearson_r,81.730000,80.640275,1.089725,78.657500
46,0,uni,hest.lung.gene_expression,hest,pearson_r,77.320000,77.633261,0.313261,77.330000
46,0,uni,hest.prad.gene_expression,hest,pearson_r,64.715000,67.799634,3.084634,67.845000
46,0,uni,pathorob.tcga_2x2.robustness_index,pathorob,robustness_index,74.700000,77.425365,2.725365,76.200000
46,0,uni,thunder.ccrcc.linear_probing,thunder,f1,90.700000,89.183482,1.516518,85.100000
46,0,uni,thunder.tcga_uniform.linear_probing,thunder,f1,75.300000,76.783217,1.483217,70.200000
46,0,uni,hest.read.gene_expression,hest,pearson_r,59.180000,59.213501,0.033501,58.115000
46,0,uni2-h,thunder.tcga_uniform.linear_probing,thunder,f1,78.800000,83.180447,4.380447,70.200000
46,0,uni2-h,pathorob.tcga_2x2.robustness_index,pathorob,robustness_index,80.300000,81.984312,1.684312,76.200000
46,0,uni2-h,hest.coad.gene_expression,hest,pearson_r,65.075000,64.900579,0.174421,63.092500
46,0,uni2-h,pathorob.tolkach_esca.robustness_index,pathorob,robustness_index,92.300000,93.830204,1.530204,87.800000
46,0,uni2-h,thunder.tcga_tils.linear_probing,thunder,f1,90.400000,91.427079,1.027079,89.250000
46,0,uni2-h,thunder.mhist.linear_probing,thunder,f1,78.600000,82.851446,4.251446,81.250000
46,0,uni2-h,thunder.spider_colorectal.linear_probing,thunder,f1,90.500000,91.162184,0.662184,88.450000
46,0,uni2-h,hest.ccrcc.gene_expression,hest,pearson_r,63.200000,63.244588,0.044588,62.115000
46,0,uni2-h,thunder.ccrcc.linear_probing,thunder,f1,89.500000,92.075198,2.575198,85.100000
46,0,virchow,thunder.spider_breast.linear_probing,thunder,f1,86.200000,86.274710,0.074710,83.100000
46,0,virchow,hest.read.gene_expression,hest,pearson_r,59.905000,59.764166,0.140834,58.115000
46,0,virchow,pathorob.camelyon.robustness_index,pathorob,robustness_index,75.100000,26.227446,48.872554,39.900000
46,0,virchow,thunder.wilds.linear_probing,thunder,f1,97.600000,97.830821,0.230821,95.600000
46,0,virchow,thunder.esca.linear_probing,thunder,f1,84.300000,83.575725,0.724275,77.500000
46,0,virchow,thunder.tcga_crc_msi.linear_probing,thunder,f1,65.500000,67.974614,2.474614,62.750000
46,0,virchow,thunder.break_his.linear_probing,thunder,f1,62.700000,71.670963,8.970963,66.000000
46,0,virchow,hest.idc.gene_expression,hest,pearson_r,79.230000,78.973126,0.256874,77.987500
46,0,virchow,thunder.bracs.linear_probing,thunder,f1,59.800000,62.696330,2.896330,60.050000
46,0,virchow-2,thunder.patch_camelyon.linear_probing,thunder,f1,92.800000,93.806522,1.006522,90.900000
46,0,virchow-2,thunder.spider_breast.linear_probing,thunder,f1,87.200000,86.616246,0.583754,83.100000
46,0,virchow-2,hest.lung.gene_expression,hest,pearson_r,78.425000,78.043831,0.381169,77.330000
46,0,virchow-2,hest.lymph_idc.gene_expression,hest,pearson_r,62.840000,63.456474,0.616474,62.955000
46,0,virchow-2,thunder.crc.linear_probing,thunder,f1,93.000000,94.563964,1.563964,93.250000
46,0,virchow-2,hest.skcm.gene_expression,hest,pearson_r,82.010000,81.738444,0.271556,78.657500
46,0,virchow-2,hest.read.gene_expression,hest,pearson_r,60.370000,59.984066,0.385934,58.115000
46,0,virchow-2,thunder.break_his.linear_probing,thunder,f1,72.500000,76.392965,3.892965,66.000000
46,0,virchow-2,hest.paad.gene_expression,hest,pearson_r,73.895000,74.055553,0.160553,72.927500
46,0,vit-b,thunder.tcga_tils.linear_probing,thunder,f1,85.800000,86.771283,0.971283,89.250000
46,0,vit-b,thunder.spider_skin.linear_probing,thunder,f1,81.200000,82.595363,1.395363,90.750000
46,0,vit-b,thunder.crc.linear_probing,thunder,f1,90.600000,90.952738,0.352738,93.250000
46,0,vit-b,thunder.patch_camelyon.linear_probing,thunder,f1,84.600000,87.537144,2.937144,90.900000
46,0,vit-b,thunder.break_his.linear_probing,thunder,f1,64.500000,52.253971,12.246029,66.000000
46,0,vit-l,thunder.spider_breast.linear_probing,thunder,f1,79.300000,76.466394,2.833606,83.100000
46,0,vit-l,thunder.bracs.linear_probing,thunder,f1,54.800000,55.015382,0.215382,60.050000
46,0,vit-l,thunder.spider_thorax.linear_probing,thunder,f1,88.500000,89.194512,0.694512,93.400000
46,0,vit-l,thunder.spider_skin.linear_probing,thunder,f1,81.300000,83.735235,2.435235,90.750000
46,0,vit-l,thunder.patch_camelyon.linear_probing,thunder,f1,85.700000,88.075788,2.375788,90.900000
46,1,atlas,pathorob.tolkach_esca.robustness_index,pathorob,robustness_index,93.800000,94.999655,1.199655,92.300000
46,1,ciga,pathorob.tolkach_esca.robustness_index,pathorob,robustness_index,69.300000,82.242837,12.942837,92.300000
46,1,clip-b,thunder.spider_colorectal.linear_probing,thunder,f1,81.300000,82.888681,1.588681,89.050000
46,1,clip-b,thunder.mhist.linear_probing,thunder,f1,77.500000,74.133121,3.366879,79.850000
46,1,clip-b,thunder.wilds.linear_probing,thunder,f1,83.500000,85.514259,2.014259,95.900000
46,1,clip-b,thunder.spider_breast.linear_probing,thunder,f1,69.000000,73.662022,4.662022,83.800000
46,1,clip-b,thunder.tcga_tils.linear_probing,thunder,f1,83.800000,85.202032,1.402032,90.150000
46,1,clip-l,thunder.spider_colorectal.linear_probing,thunder,f1,82.800000,84.131810,1.331810,89.050000
46,1,clip-l,thunder.ccrcc.linear_probing,thunder,f1,75.900000,74.983204,0.916796,85.300000
46,1,clip-l,thunder.tcga_uniform.linear_probing,thunder,f1,54.100000,52.175343,1.924657,74.400000
46,1,clip-l,thunder.bach.linear_probing,thunder,f1,63.500000,56.120309,7.379691,69.100000
46,1,clip-l,thunder.tcga_tils.linear_probing,thunder,f1,85.000000,86.040645,1.040645,90.150000
46,1,conch,hest.read.gene_expression,hest,pearson_r,58.010000,57.659672,0.350328,58.745000
46,1,conch,hest.idc.gene_expression,hest,pearson_r,76.815000,77.663550,0.848550,77.995000
46,1,conch,thunder.ccrcc.linear_probing,thunder,f1,88.100000,86.241390,1.858610,85.300000
46,1,conch,thunder.bracs.linear_probing,thunder,f1,60.000000,59.204133,0.795867,59.400000
46,1,conch,hest.prad.gene_expression,hest,pearson_r,67.740000,67.880201,0.140201,67.107500
46,1,conch,pathorob.tcga_2x2.robustness_index,pathorob,robustness_index,82.400000,76.154991,6.245009,73.250000
46,1,conch,thunder.mhist.linear_probing,thunder,f1,79.700000,81.233128,1.533128,79.850000
46,1,conch,thunder.bach.linear_probing,thunder,f1,84.400000,70.201856,14.198144,69.100000
46,1,conch,thunder.spider_skin.linear_probing,thunder,f1,87.300000,87.500173,0.200173,87.500000
46,1,conch-1.5,thunder.bach.linear_probing,thunder,f1,76.800000,72.912706,3.887294,69.100000
46,1,conch-1.5,hest.lymph_idc.gene_expression,hest,pearson_r,63.495000,62.429166,1.065834,62.532500
46,1,conch-1.5,thunder.mhist.linear_probing,thunder,f1,81.200000,81.749835,0.549835,79.850000
46,1,conch-1.5,thunder.ccrcc.linear_probing,thunder,f1,87.400000,88.039087,0.639087,85.300000
46,1,conch-1.5,hest.ccrcc.gene_expression,hest,pearson_r,60.880000,61.941039,1.061039,62.145000
46,1,conch-1.5,pathorob.camelyon.robustness_index,pathorob,robustness_index,77.400000,62.296337,15.103663,43.300000
46,1,conch-1.5,thunder.tcga_tils.linear_probing,thunder,f1,89.900000,89.565974,0.334026,90.150000
46,1,conch-1.5,hest.idc.gene_expression,hest,pearson_r,77.200000,78.135248,0.935248,77.995000
46,1,conch-1.5,thunder.crc.linear_probing,thunder,f1,93.800000,93.483250,0.316750,93.250000
46,1,ctranspath,pathorob.camelyon.robustness_index,pathorob,robustness_index,10.600000,8.559237,2.040763,43.300000
46,1,ctranspath,hest.coad.gene_expression,hest,pearson_r,61.910000,61.270071,0.639929,64.060000
46,1,ctranspath,hest.lymph_idc.gene_expression,hest,pearson_r,62.045000,61.516556,0.528444,62.532500
46,1,ctranspath,hest.skcm.gene_expression,hest,pearson_r,75.485000,76.817407,1.332407,78.812500
46,1,dinov2-b,thunder.spider_breast.linear_probing,thunder,f1,76.000000,74.640434,1.359566,83.800000
46,1,dinov2-b,thunder.crc.linear_probing,thunder,f1,90.300000,89.867209,0.432791,93.250000
46,1,dinov2-b,thunder.spider_thorax.linear_probing,thunder,f1,87.600000,86.790811,0.809189,92.750000
46,1,dinov2-b,thunder.tcga_crc_msi.linear_probing,thunder,f1,58.600000,56.529519,2.070481,63.800000
46,1,dinov2-b,thunder.tcga_uniform.linear_probing,thunder,f1,54.400000,52.148869,2.251131,74.400000
46,1,dinov2-l,thunder.tcga_crc_msi.linear_probing,thunder,f1,59.300000,58.034155,1.265845,63.800000
46,1,dinov2-l,thunder.ccrcc.linear_probing,thunder,f1,81.400000,82.118090,0.718090,85.300000
46,1,dinov2-l,thunder.spider_breast.linear_probing,thunder,f1,74.000000,76.576909,2.576909,83.800000
46,1,dinov2-l,thunder.bracs.linear_probing,thunder,f1,50.600000,55.892769,5.292769,59.400000
46,1,dinov2-l,thunder.tcga_tils.linear_probing,thunder,f1,85.900000,86.653280,0.753280,90.150000
46,1,dinov3-b,thunder.tcga_uniform.linear_probing,thunder,f1,56.200000,55.387460,0.812540,74.400000
46,1,dinov3-b,thunder.tcga_crc_msi.linear_probing,thunder,f1,57.200000,57.863622,0.663622,63.800000
46,1,dinov3-b,thunder.patch_camelyon.linear_probing,thunder,f1,88.000000,86.751948,1.248052,90.600000
46,1,dinov3-b,thunder.spider_thorax.linear_probing,thunder,f1,90.000000,87.877312,2.122688,92.750000
46,1,dinov3-b,thunder.crc.linear_probing,thunder,f1,89.500000,90.588228,1.088228,93.250000
46,1,dinov3-l,thunder.tcga_uniform.linear_probing,thunder,f1,59.300000,58.480161,0.819839,74.400000
46,1,dinov3-l,thunder.crc.linear_probing,thunder,f1,91.500000,91.198756,0.301244,93.250000
46,1,dinov3-l,thunder.tcga_crc_msi.linear_probing,thunder,f1,55.500000,59.051717,3.551717,63.800000
46,1,dinov3-l,thunder.tcga_tils.linear_probing,thunder,f1,87.000000,87.067361,0.067361,90.150000
46,1,dinov3-l,thunder.spider_colorectal.linear_probing,thunder,f1,86.300000,85.635328,0.664672,89.050000
46,1,dinov3-s,thunder.bach.linear_probing,thunder,f1,56.400000,65.279547,8.879547,69.100000
46,1,dinov3-s,thunder.ccrcc.linear_probing,thunder,f1,81.600000,82.986396,1.386396,85.300000
46,1,dinov3-s,thunder.patch_camelyon.linear_probing,thunder,f1,86.500000,86.954587,0.454587,90.600000
46,1,dinov3-s,thunder.esca.linear_probing,thunder,f1,72.600000,73.936333,1.336333,77.400000
46,1,dinov3-s,thunder.wilds.linear_probing,thunder,f1,94.100000,92.653523,1.446477,95.900000
46,1,genbio-pathfm,thunder.tcga_uniform.linear_probing,thunder,f1,79.900000,80.946746,1.046746,74.400000
46,1,genbio-pathfm,hest.prad.gene_expression,hest,pearson_r,69.565000,67.114895,2.450105,67.107500
46,1,genbio-pathfm,thunder.spider_thorax.linear_probing,thunder,f1,94.600000,94.975442,0.375442,92.750000
46,1,genbio-pathfm,hest.read.gene_expression,hest,pearson_r,58.925000,61.007031,2.082031,58.745000
46,1,genbio-pathfm,hest.skcm.gene_expression,hest,pearson_r,83.575000,81.480230,2.094770,78.812500
46,1,genbio-pathfm,thunder.mhist.linear_probing,thunder,f1,83.200000,82.230619,0.969381,79.850000
46,1,genbio-pathfm,thunder.spider_breast.linear_probing,thunder,f1,86.200000,87.674142,1.474142,83.800000
46,1,genbio-pathfm,thunder.wilds.linear_probing,thunder,f1,98.200000,98.230976,0.030976,95.900000
46,1,gpfm,hest.lung.gene_expression,hest,pearson_r,77.360000,76.959428,0.400572,77.365000
46,1,gpfm,hest.coad.gene_expression,hest,pearson_r,62.400000,63.156047,0.756047,64.060000
46,1,gpfm,hest.ccrcc.gene_expression,hest,pearson_r,62.955000,62.316001,0.638999,62.145000
46,1,h-optimus-0,thunder.tcga_crc_msi.linear_probing,thunder,f1,67.300000,67.679725,0.379725,63.800000
46,1,h-optimus-0,thunder.bracs.linear_probing,thunder,f1,61.100000,62.729756,1.629756,59.400000
46,1,h-optimus-0,thunder.spider_thorax.linear_probing,thunder,f1,94.400000,94.715863,0.315863,92.750000
46,1,h-optimus-0,thunder.ccrcc.linear_probing,thunder,f1,90.800000,90.898902,0.098902,85.300000
46,1,h-optimus-0,hest.paad.gene_expression,hest,pearson_r,74.555000,74.023238,0.531762,72.340000
46,1,h-optimus-0,hest.prad.gene_expression,hest,pearson_r,69.240000,67.275341,1.964659,67.107500
46,1,h-optimus-0,thunder.mhist.linear_probing,thunder,f1,82.800000,81.222362,1.577638,79.850000
46,1,h-optimus-0,thunder.break_his.linear_probing,thunder,f1,66.000000,73.169426,7.169426,69.400000
46,1,h-optimus-0,hest.idc.gene_expression,hest,pearson_r,79.880000,79.333324,0.546676,77.995000
46,1,h-optimus-1,thunder.wilds.linear_probing,thunder,f1,98.200000,98.131290,0.068710,95.900000
46,1,h-optimus-1,thunder.esca.linear_probing,thunder,f1,87.100000,84.540769,2.559231,77.400000
46,1,h-optimus-1,thunder.mhist.linear_probing,thunder,f1,82.000000,82.171946,0.171946,79.850000
46,1,h-optimus-1,hest.prad.gene_expression,hest,pearson_r,68.905000,67.112040,1.792960,67.107500
46,1,h-optimus-1,thunder.bracs.linear_probing,thunder,f1,64.300000,63.032170,1.267830,59.400000
46,1,h-optimus-1,hest.skcm.gene_expression,hest,pearson_r,82.945000,81.348953,1.596047,78.812500
46,1,h-optimus-1,thunder.patch_camelyon.linear_probing,thunder,f1,93.300000,94.082682,0.782682,90.600000
46,1,h-optimus-1,thunder.spider_breast.linear_probing,thunder,f1,86.100000,87.382728,1.282728,83.800000
46,1,h0-mini,pathorob.tcga_2x2.robustness_index,pathorob,robustness_index,79.400000,76.240632,3.159368,73.250000
46,1,h0-mini,thunder.ccrcc.linear_probing,thunder,f1,90.200000,89.755602,0.444398,85.300000
46,1,h0-mini,pathorob.camelyon.robustness_index,pathorob,robustness_index,71.800000,33.946975,37.853025,43.300000
46,1,h0-mini,thunder.spider_thorax.linear_probing,thunder,f1,93.400000,94.492448,1.092448,92.750000
46,1,h0-mini,pathorob.tolkach_esca.robustness_index,pathorob,robustness_index,93.200000,91.516019,1.683981,92.300000
46,1,h0-mini,hest.ccrcc.gene_expression,hest,pearson_r,63.350000,62.921887,0.428113,62.145000
46,1,h0-mini,hest.idc.gene_expression,hest,pearson_r,79.310000,78.774179,0.535821,77.995000
46,1,h0-mini,hest.prad.gene_expression,hest,pearson_r,68.435000,67.864558,0.570442,67.107500
46,1,h0-mini,hest.lymph_idc.gene_expression,hest,pearson_r,63.145000,62.790657,0.354343,62.532500
46,1,hibou-b,thunder.esca.linear_probing,thunder,f1,77.500000,78.903398,1.403398,77.400000
46,1,hibou-b,thunder.spider_colorectal.linear_probing,thunder,f1,90.700000,89.416789,1.283211,89.050000
46,1,hibou-b,thunder.tcga_tils.linear_probing,thunder,f1,89.600000,90.405382,0.805382,90.150000
46,1,hibou-b,thunder.tcga_crc_msi.linear_probing,thunder,f1,66.200000,64.733761,1.466239,63.800000
46,1,hibou-b,thunder.spider_breast.linear_probing,thunder,f1,86.600000,85.935187,0.664813,83.800000
46,1,hibou-l,thunder.spider_colorectal.linear_probing,thunder,f1,89.800000,89.754895,0.045105,89.050000
46,1,hibou-l,thunder.crc.linear_probing,thunder,f1,93.000000,94.150824,1.150824,93.250000
46,1,hibou-l,hest.lung.gene_expression,hest,pearson_r,78.810000,77.786348,1.023652,77.365000
46,1,hibou-l,thunder.tcga_crc_msi.linear_probing,thunder,f1,68.100000,65.862332,2.237668,63.800000
46,1,hibou-l,hest.paad.gene_expression,hest,pearson_r,73.370000,73.448437,0.078437,72.340000
46,1,hibou-l,hest.idc.gene_expression,hest,pearson_r,78.505000,78.619428,0.114428,77.995000
46,1,hibou-l,hest.read.gene_expression,hest,pearson_r,59.510000,59.869476,0.359476,58.745000
46,1,hibou-l,thunder.mhist.linear_probing,thunder,f1,81.300000,79.203801,2.096199,79.850000
46,1,hipt,pathorob.tolkach_esca.robustness_index,pathorob,robustness_index,72.600000,89.435071,16.835071,92.300000
46,1,kaiko-vit-b-16,hest.paad.gene_expression,hest,pearson_r,72.620000,72.095298,0.524702,72.340000
46,1,kaiko-vit-b-16,hest.lung.gene_expression,hest,pearson_r,75.780000,76.489749,0.709749,77.365000
46,1,kaiko-vit-b-16,hest.idc.gene_expression,hest,pearson_r,76.760000,77.009272,0.249272,77.995000
46,1,kaiko-vit-b-8,hest.prad.gene_expression,hest,pearson_r,68.055000,68.676480,0.621480,67.107500
46,1,kaiko-vit-b-8,pathorob.camelyon.robustness_index,pathorob,robustness_index,14.700000,50.653655,35.953655,43.300000
46,1,kaiko-vit-b-8,pathorob.tolkach_esca.robustness_index,pathorob,robustness_index,89.600000,93.789126,4.189126,92.300000
46,1,kaiko-vit-b-8,hest.coad.gene_expression,hest,pearson_r,63.415000,62.474767,0.940233,64.060000
46,1,kaiko-vit-b-unspecified-patch,thunder.spider_colorectal.linear_probing,thunder,f1,88.500000,88.617384,0.117384,89.050000
46,1,kaiko-vit-b-unspecified-patch,thunder.ccrcc.linear_probing,thunder,f1,81.700000,85.814178,4.114178,85.300000
46,1,kaiko-vit-b-unspecified-patch,thunder.tcga_uniform.linear_probing,thunder,f1,79.100000,72.175875,6.924125,74.400000
46,1,kaiko-vit-b-unspecified-patch,thunder.bach.linear_probing,thunder,f1,69.600000,69.761850,0.161850,69.100000
46,1,kaiko-vit-b-unspecified-patch,thunder.break_his.linear_probing,thunder,f1,67.200000,62.991076,4.208924,69.400000
46,1,kaiko-vit-l-14,hest.coad.gene_expression,hest,pearson_r,62.675000,62.014923,0.660077,64.060000
46,1,kaiko-vit-l-14,hest.idc.gene_expression,hest,pearson_r,77.675000,76.867734,0.807266,77.995000
46,1,kaiko-vit-l-14,hest.ccrcc.gene_expression,hest,pearson_r,60.970000,62.008465,1.038465,62.145000
46,1,kaiko-vit-s-16,hest.lymph_idc.gene_expression,hest,pearson_r,61.245000,61.406564,0.161564,62.532500
46,1,kaiko-vit-s-16,hest.read.gene_expression,hest,pearson_r,56.640000,56.072116,0.567884,58.745000
46,1,kaiko-vit-s-16,hest.ccrcc.gene_expression,hest,pearson_r,60.495000,61.822836,1.327836,62.145000
46,1,kaiko-vit-s-8,hest.skcm.gene_expression,hest,pearson_r,75.870000,77.647765,1.777765,78.812500
46,1,kaiko-vit-s-8,hest.lung.gene_expression,hest,pearson_r,75.265000,76.185644,0.920644,77.365000
46,1,kaiko-vit-s-8,hest.read.gene_expression,hest,pearson_r,57.345000,56.919325,0.425675,58.745000
46,1,kaiko-vit-s-unspecified-patch,thunder.tcga_uniform.linear_probing,thunder,f1,75.700000,71.223771,4.476229,74.400000
46,1,kaiko-vit-s-unspecified-patch,thunder.crc.linear_probing,thunder,f1,92.300000,93.173752,0.873752,93.250000
46,1,kaiko-vit-s-unspecified-patch,thunder.mhist.linear_probing,thunder,f1,81.400000,79.918240,1.481760,79.850000
46,1,kaiko-vit-s-unspecified-patch,thunder.bach.linear_probing,thunder,f1,72.600000,70.438316,2.161684,69.100000
46,1,kaiko-vit-s-unspecified-patch,thunder.spider_colorectal.linear_probing,thunder,f1,88.400000,88.417281,0.017281,89.050000
46,1,kang-dino,pathorob.tcga_2x2.robustness_index,pathorob,robustness_index,66.100000,63.241184,2.858816,73.250000
46,1,keep,thunder.esca.linear_probing,thunder,f1,85.800000,81.482716,4.317284,77.400000
46,1,keep,thunder.mhist.linear_probing,thunder,f1,76.800000,80.529632,3.729632,79.850000
46,1,keep,thunder.spider_thorax.linear_probing,thunder,f1,93.800000,93.953840,0.153840,92.750000
46,1,keep,thunder.wilds.linear_probing,thunder,f1,97.400000,97.333706,0.066294,95.900000
46,1,keep,thunder.patch_camelyon.linear_probing,thunder,f1,92.600000,92.891680,0.291680,90.600000
46,1,lunit-vit-s-8,hest.coad.gene_expression,hest,pearson_r,64.130000,63.150252,0.979748,64.060000
46,1,lunit-vit-s-8,hest.ccrcc.gene_expression,hest,pearson_r,62.315000,61.399225,0.915775,62.145000
46,1,lunit-vit-s-8,hest.lung.gene_expression,hest,pearson_r,77.075000,76.738962,0.336038,77.365000
46,1,midnight,thunder.crc.linear_probing,thunder,f1,95.600000,94.854261,0.745739,93.250000
46,1,midnight,hest.lymph_idc.gene_expression,hest,pearson_r,63.210000,63.167977,0.042023,62.532500
46,1,midnight,thunder.break_his.linear_probing,thunder,f1,56.700000,72.968599,16.268599,69.400000
46,1,midnight,thunder.bracs.linear_probing,thunder,f1,63.800000,62.883934,0.916066,59.400000
46,1,midnight,thunder.spider_skin.linear_probing,thunder,f1,91.000000,92.322496,1.322496,87.500000
46,1,midnight,hest.ccrcc.gene_expression,hest,pearson_r,60.660000,63.041479,2.381479,62.145000
46,1,midnight,hest.paad.gene_expression,hest,pearson_r,74.500000,74.027920,0.472080,72.340000
46,1,midnight,thunder.spider_breast.linear_probing,thunder,f1,86.100000,87.364288,1.264288,83.800000
46,1,musk,thunder.tcga_tils.linear_probing,thunder,f1,89.400000,88.892726,0.507274,90.150000
46,1,musk,hest.coad.gene_expression,hest,pearson_r,61.825000,62.681640,0.856640,64.060000
46,1,musk,thunder.wilds.linear_probing,thunder,f1,96.000000,95.451332,0.548668,95.900000
46,1,musk,hest.ccrcc.gene_expression,hest,pearson_r,59.125000,61.733125,2.608125,62.145000
46,1,musk,thunder.esca.linear_probing,thunder,f1,76.400000,76.935601,0.535601,77.400000
46,1,musk,thunder.mhist.linear_probing,thunder,f1,80.000000,80.135103,0.135103,79.850000
46,1,musk,thunder.spider_breast.linear_probing,thunder,f1,80.600000,82.146751,1.546751,83.800000
46,1,musk,thunder.bach.linear_probing,thunder,f1,69.900000,68.480178,1.419822,69.100000
46,1,musk,hest.idc.gene_expression,hest,pearson_r,76.240000,77.362104,1.122104,77.995000
46,1,openmidnight,thunder.bracs.linear_probing,thunder,f1,59.400000,61.779014,2.379014,59.400000
46,1,openmidnight,thunder.tcga_crc_msi.linear_probing,thunder,f1,66.300000,66.393152,0.093152,63.800000
46,1,openmidnight,thunder.patch_camelyon.linear_probing,thunder,f1,93.200000,93.067238,0.132762,90.600000
46,1,openmidnight,thunder.spider_colorectal.linear_probing,thunder,f1,88.300000,89.638094,1.338094,89.050000
46,1,openmidnight,thunder.tcga_uniform.linear_probing,thunder,f1,82.800000,76.562783,6.237217,74.400000
46,1,openmidnight,hest.coad.gene_expression,hest,pearson_r,63.640000,64.393302,0.753302,64.060000
46,1,openmidnight,hest.paad.gene_expression,hest,pearson_r,73.655000,73.633731,0.021269,72.340000
46,1,openmidnight,thunder.mhist.linear_probing,thunder,f1,81.800000,81.860556,0.060556,79.850000
46,1,phikon,hest.paad.gene_expression,hest,pearson_r,72.125000,72.214768,0.089768,72.340000
46,1,phikon,hest.ccrcc.gene_expression,hest,pearson_r,62.115000,62.142427,0.027427,62.145000
46,1,phikon,hest.coad.gene_expression,hest,pearson_r,63.115000,62.452662,0.662338,64.060000
46,1,phikon,thunder.ccrcc.linear_probing,thunder,f1,89.800000,83.389471,6.410529,85.300000
46,1,phikon,thunder.spider_skin.linear_probing,thunder,f1,87.900000,87.376774,0.523226,87.500000
46,1,phikon,hest.lung.gene_expression,hest,pearson_r,77.330000,76.536523,0.793477,77.365000
46,1,phikon,pathorob.tolkach_esca.robustness_index,pathorob,robustness_index,79.500000,85.915696,6.415696,92.300000
46,1,phikon,thunder.wilds.linear_probing,thunder,f1,97.800000,95.416662,2.383338,95.900000
46,1,phikon,thunder.patch_camelyon.linear_probing,thunder,f1,90.900000,90.567409,0.332591,90.600000
46,1,phikon-v2,hest.ccrcc.gene_expression,hest,pearson_r,63.295000,62.349117,0.945883,62.145000
46,1,phikon-v2,thunder.wilds.linear_probing,thunder,f1,95.800000,95.828985,0.028985,95.900000
46,1,phikon-v2,hest.lymph_idc.gene_expression,hest,pearson_r,62.185000,62.140409,0.044591,62.532500
46,1,phikon-v2,thunder.bracs.linear_probing,thunder,f1,58.200000,59.486742,1.286742,59.400000
46,1,phikon-v2,thunder.patch_camelyon.linear_probing,thunder,f1,90.800000,91.069285,0.269285,90.600000
46,1,phikon-v2,thunder.spider_colorectal.linear_probing,thunder,f1,89.700000,88.284681,1.415319,89.050000
46,1,phikon-v2,thunder.crc.linear_probing,thunder,f1,92.000000,92.854222,0.854222,93.250000
46,1,phikon-v2,hest.idc.gene_expression,hest,pearson_r,77.040000,77.242823,0.202823,77.995000
46,1,phikon-v2,thunder.tcga_tils.linear_probing,thunder,f1,91.000000,89.464190,1.535810,90.150000
46,1,plip,thunder.patch_camelyon.linear_probing,thunder,f1,87.900000,86.190164,1.709836,90.600000
46,1,plip,thunder.tcga_tils.linear_probing,thunder,f1,87.200000,86.806244,0.393756,90.150000
46,1,plip,thunder.spider_breast.linear_probing,thunder,f1,77.100000,77.395739,0.295739,83.800000
46,1,plip,thunder.tcga_crc_msi.linear_probing,thunder,f1,56.000000,56.431599,0.431599,63.800000
46,1,plip,thunder.tcga_uniform.linear_probing,thunder,f1,54.900000,56.006452,1.106452,74.400000
46,1,prov-gigapath,thunder.tcga_tils.linear_probing,thunder,f1,89.100000,90.317843,1.217843,90.150000
46,1,prov-gigapath,thunder.spider_colorectal.linear_probing,thunder,f1,90.300000,89.423575,0.876425,89.050000
46,1,prov-gigapath,thunder.bach.linear_probing,thunder,f1,70.700000,74.375283,3.675283,69.100000
46,1,prov-gigapath,thunder.spider_breast.linear_probing,thunder,f1,85.500000,85.477263,0.022737,83.800000
46,1,prov-gigapath,hest.ccrcc.gene_expression,hest,pearson_r,62.150000,62.551484,0.401484,62.145000
46,1,prov-gigapath,hest.coad.gene_expression,hest,pearson_r,64.960000,63.897896,1.062104,64.060000
46,1,prov-gigapath,thunder.spider_skin.linear_probing,thunder,f1,91.300000,90.526562,0.773438,87.500000
46,1,prov-gigapath,hest.skcm.gene_expression,hest,pearson_r,78.095000,79.649841,1.554841,78.812500
46,1,prov-gigapath,pathorob.tolkach_esca.robustness_index,pathorob,robustness_index,75.400000,92.438361,17.038361,92.300000
46,1,quiltnet,thunder.wilds.linear_probing,thunder,f1,94.700000,91.086678,3.613322,95.900000
46,1,quiltnet,thunder.bach.linear_probing,thunder,f1,58.400000,56.235182,2.164818,69.100000
46,1,quiltnet,thunder.bracs.linear_probing,thunder,f1,55.900000,55.545873,0.354127,59.400000
46,1,quiltnet,thunder.tcga_tils.linear_probing,thunder,f1,87.000000,87.038727,0.038727,90.150000
46,1,quiltnet,thunder.spider_colorectal.linear_probing,thunder,f1,82.900000,85.242108,2.342108,89.050000
46,1,resnet50,hest.lymph_idc.gene_expression,hest,pearson_r,61.525000,60.856318,0.668682,62.532500
46,1,resnet50,hest.coad.gene_expression,hest,pearson_r,62.500000,59.696549,2.803451,64.060000
46,1,resnet50,hest.skcm.gene_expression,hest,pearson_r,74.105000,75.137566,1.032566,78.812500
46,1,retccl,pathorob.tolkach_esca.robustness_index,pathorob,robustness_index,87.800000,86.944439,0.855561,92.300000
46,1,rudolfv,pathorob.tolkach_esca.robustness_index,pathorob,robustness_index,69.500000,85.614690,16.114690,92.300000
46,1,uni,pathorob.camelyon.robustness_index,pathorob,robustness_index,14.500000,38.054401,23.554401,43.300000
46,1,uni,thunder.patch_camelyon.linear_probing,thunder,f1,93.800000,92.544322,1.255678,90.600000
46,1,uni,thunder.tcga_crc_msi.linear_probing,thunder,f1,65.900000,65.125451,0.774549,63.800000
46,1,uni,hest.coad.gene_expression,hest,pearson_r,63.070000,64.338068,1.268068,64.060000
46,1,uni,thunder.bach.linear_probing,thunder,f1,73.000000,73.086256,0.086256,69.100000
46,1,uni,hest.paad.gene_expression,hest,pearson_r,74.035000,73.301039,0.733961,72.340000
46,1,uni,hest.lymph_idc.gene_expression,hest,pearson_r,62.795000,62.866655,0.071655,62.532500
46,1,uni,thunder.mhist.linear_probing,thunder,f1,82.400000,79.855835,2.544165,79.850000
46,1,uni,hest.idc.gene_expression,hest,pearson_r,79.450000,78.501166,0.948834,77.995000
46,1,uni2-h,hest.prad.gene_expression,hest,pearson_r,67.845000,67.252956,0.592044,67.107500
46,1,uni2-h,hest.paad.gene_expression,hest,pearson_r,75.005000,74.024288,0.980712,72.340000
46,1,uni2-h,thunder.spider_thorax.linear_probing,thunder,f1,95.100000,94.834131,0.265869,92.750000
46,1,uni2-h,hest.idc.gene_expression,hest,pearson_r,79.490000,79.306644,0.183356,77.995000
46,1,uni2-h,thunder.break_his.linear_probing,thunder,f1,78.400000,71.869337,6.530663,69.400000
46,1,uni2-h,thunder.bracs.linear_probing,thunder,f1,65.400000,62.860447,2.539553,59.400000
46,1,uni2-h,thunder.bach.linear_probing,thunder,f1,84.700000,77.524718,7.175282,69.100000
46,1,uni2-h,hest.skcm.gene_expression,hest,pearson_r,83.030000,80.842536,2.187464,78.812500
46,1,uni2-h,thunder.esca.linear_probing,thunder,f1,86.400000,83.620687,2.779313,77.400000
46,1,virchow,hest.coad.gene_expression,hest,pearson_r,65.395000,64.553831,0.841169,64.060000
46,1,virchow,hest.skcm.gene_expression,hest,pearson_r,81.215000,80.307198,0.907802,78.812500
46,1,virchow,thunder.spider_colorectal.linear_probing,thunder,f1,90.200000,89.794486,0.405514,89.050000
46,1,virchow,thunder.spider_thorax.linear_probing,thunder,f1,94.700000,94.169027,0.530973,92.750000
46,1,virchow,pathorob.tcga_2x2.robustness_index,pathorob,robustness_index,76.100000,77.188157,1.088157,73.250000
46,1,virchow,thunder.tcga_uniform.linear_probing,thunder,f1,74.800000,77.289715,2.489715,74.400000
46,1,virchow,thunder.ccrcc.linear_probing,thunder,f1,91.700000,89.757771,1.942229,85.300000
46,1,virchow,thunder.crc.linear_probing,thunder,f1,93.700000,94.345019,0.645019,93.250000
46,1,virchow,hest.paad.gene_expression,hest,pearson_r,75.795000,73.648761,2.146239,72.340000
46,1,virchow-2,hest.prad.gene_expression,hest,pearson_r,67.645000,67.833328,0.188328,67.107500
46,1,virchow-2,hest.coad.gene_expression,hest,pearson_r,62.905000,64.867686,1.962686,64.060000
46,1,virchow-2,thunder.mhist.linear_probing,thunder,f1,83.600000,82.142855,1.457145,79.850000
46,1,virchow-2,thunder.bracs.linear_probing,thunder,f1,62.400000,62.288757,0.111243,59.400000
46,1,virchow-2,pathorob.camelyon.robustness_index,pathorob,robustness_index,80.600000,75.966560,4.633440,43.300000
46,1,virchow-2,hest.ccrcc.gene_expression,hest,pearson_r,63.595000,62.673590,0.921410,62.145000
46,1,virchow-2,thunder.esca.linear_probing,thunder,f1,88.900000,83.420377,5.479623,77.400000
46,1,virchow-2,thunder.tcga_tils.linear_probing,thunder,f1,90.900000,90.718303,0.181697,90.150000
46,1,virchow-2,thunder.bach.linear_probing,thunder,f1,76.500000,77.466716,0.966716,69.100000
46,1,vit-b,thunder.mhist.linear_probing,thunder,f1,77.600000,79.037889,1.437889,79.850000
46,1,vit-b,thunder.tcga_uniform.linear_probing,thunder,f1,53.400000,55.406594,2.006594,74.400000
46,1,vit-b,thunder.spider_colorectal.linear_probing,thunder,f1,84.700000,84.894049,0.194049,89.050000
46,1,vit-b,thunder.ccrcc.linear_probing,thunder,f1,79.100000,77.560748,1.539252,85.300000
46,1,vit-b,thunder.bach.linear_probing,thunder,f1,57.000000,58.977537,1.977537,69.100000
46,1,vit-l,thunder.spider_colorectal.linear_probing,thunder,f1,85.100000,85.235219,0.135219,89.050000
46,1,vit-l,thunder.crc.linear_probing,thunder,f1,92.800000,90.352015,2.447985,93.250000
46,1,vit-l,thunder.break_his.linear_probing,thunder,f1,66.300000,64.679015,1.620985,69.400000
46,1,vit-l,thunder.esca.linear_probing,thunder,f1,67.900000,70.774641,2.874641,77.400000
46,1,vit-l,thunder.bach.linear_probing,thunder,f1,56.900000,60.413222,3.513222,69.100000
46,2,atlas,pathorob.tcga_2x2.robustness_index,pathorob,robustness_index,82.600000,80.849089,1.750911,74.250000
46,2,ciga,pathorob.camelyon.robustness_index,pathorob,robustness_index,13.500000,2.397505,11.102495,46.700000
46,2,clip-b,thunder.bach.linear_probing,thunder,f1,51.100000,47.666671,3.433329,69.900000
46,2,clip-b,thunder.tcga_crc_msi.linear_probing,thunder,f1,49.000000,52.879421,3.879421,64.050000
46,2,clip-b,thunder.spider_thorax.linear_probing,thunder,f1,84.700000,85.098424,0.398424,93.400000
46,2,clip-b,thunder.break_his.linear_probing,thunder,f1,40.000000,47.290780,7.290780,69.200000
46,2,clip-b,thunder.ccrcc.linear_probing,thunder,f1,73.700000,69.339393,4.360607,88.100000
46,2,clip-b,thunder.spider_skin.linear_probing,thunder,f1,75.800000,75.828215,0.028215,87.250000
46,2,clip-l,thunder.spider_thorax.linear_probing,thunder,f1,86.700000,87.417024,0.717024,93.400000
46,2,clip-l,thunder.spider_breast.linear_probing,thunder,f1,73.600000,74.384603,0.784603,84.900000
46,2,clip-l,thunder.patch_camelyon.linear_probing,thunder,f1,85.600000,85.261822,0.338178,90.850000
46,2,clip-l,thunder.mhist.linear_probing,thunder,f1,79.600000,74.371911,5.228089,81.250000
46,2,clip-l,thunder.wilds.linear_probing,thunder,f1,93.200000,91.345162,1.854838,96.900000
46,2,clip-l,thunder.break_his.linear_probing,thunder,f1,54.500000,61.509846,7.009846,69.200000
46,2,conch,hest.ccrcc.gene_expression,hest,pearson_r,60.900000,61.931663,1.031663,62.150000
46,2,conch,hest.paad.gene_expression,hest,pearson_r,72.340000,73.225598,0.885598,73.730000
46,2,conch,thunder.esca.linear_probing,thunder,f1,80.100000,80.819583,0.719583,78.000000
46,2,conch,thunder.tcga_tils.linear_probing,thunder,f1,88.100000,89.620645,1.520645,89.750000
46,2,conch,thunder.spider_colorectal.linear_probing,thunder,f1,87.900000,88.646118,0.746118,88.350000
46,2,conch,thunder.spider_thorax.linear_probing,thunder,f1,91.000000,92.869686,1.869686,93.400000
46,2,conch,thunder.crc.linear_probing,thunder,f1,93.400000,93.185967,0.214033,92.150000
46,2,conch,thunder.tcga_crc_msi.linear_probing,thunder,f1,64.400000,63.486182,0.913818,64.050000
46,2,conch,thunder.wilds.linear_probing,thunder,f1,97.200000,96.830375,0.369625,96.900000
46,2,conch,hest.coad.gene_expression,hest,pearson_r,62.445000,63.754169,1.309169,63.115000
46,2,conch-1.5,thunder.esca.linear_probing,thunder,f1,82.700000,81.528571,1.171429,78.000000
46,2,conch-1.5,thunder.spider_thorax.linear_probing,thunder,f1,92.100000,93.120521,1.020521,93.400000
46,2,conch-1.5,hest.prad.gene_expression,hest,pearson_r,69.040000,67.415968,1.624032,67.725000
46,2,conch-1.5,thunder.spider_breast.linear_probing,thunder,f1,81.600000,84.238805,2.638805,84.900000
46,2,conch-1.5,hest.lung.gene_expression,hest,pearson_r,77.565000,77.235829,0.329171,77.320000
46,2,conch-1.5,thunder.tcga_uniform.linear_probing,thunder,f1,69.400000,73.666101,4.266101,73.750000
46,2,conch-1.5,thunder.spider_colorectal.linear_probing,thunder,f1,87.400000,88.880629,1.480629,88.350000
46,2,conch-1.5,hest.paad.gene_expression,hest,pearson_r,72.850000,73.347272,0.497272,73.730000
46,2,conch-1.5,thunder.spider_skin.linear_probing,thunder,f1,87.000000,88.834701,1.834701,87.250000
46,2,conch-1.5,thunder.break_his.linear_probing,thunder,f1,75.300000,69.888833,5.411167,69.200000
46,2,ctranspath,hest.paad.gene_expression,hest,pearson_r,71.570000,72.215973,0.645973,73.730000
46,2,ctranspath,pathorob.tcga_2x2.robustness_index,pathorob,robustness_index,65.200000,67.212684,2.012684,74.250000
46,2,ctranspath,hest.lung.gene_expression,hest,pearson_r,75.685000,76.245263,0.560263,77.320000
46,2,ctranspath,hest.idc.gene_expression,hest,pearson_r,74.965000,76.823697,1.858697,77.675000
46,2,dinov2-b,thunder.bracs.linear_probing,thunder,f1,52.900000,55.395423,2.495423,59.600000
46,2,dinov2-b,thunder.spider_colorectal.linear_probing,thunder,f1,83.900000,84.559139,0.659139,88.350000
46,2,dinov2-b,thunder.esca.linear_probing,thunder,f1,73.800000,68.845792,4.954208,78.000000
46,2,dinov2-b,thunder.wilds.linear_probing,thunder,f1,90.700000,92.764128,2.064128,96.900000
46,2,dinov2-b,thunder.patch_camelyon.linear_probing,thunder,f1,86.300000,86.616639,0.316639,90.850000
46,2,dinov2-b,thunder.mhist.linear_probing,thunder,f1,82.600000,75.343502,7.256498,81.250000
46,2,dinov2-l,thunder.mhist.linear_probing,thunder,f1,82.300000,79.766765,2.533235,81.250000
46,2,dinov2-l,thunder.spider_thorax.linear_probing,thunder,f1,87.700000,88.519095,0.819095,93.400000
46,2,dinov2-l,thunder.esca.linear_probing,thunder,f1,72.100000,68.883193,3.216807,78.000000
46,2,dinov2-l,thunder.break_his.linear_probing,thunder,f1,78.500000,54.306156,24.193844,69.200000
46,2,dinov2-l,thunder.bach.linear_probing,thunder,f1,68.900000,52.935132,15.964868,69.900000
46,2,dinov2-l,thunder.crc.linear_probing,thunder,f1,90.700000,89.821137,0.878863,92.150000
46,2,dinov3-b,thunder.esca.linear_probing,thunder,f1,72.900000,69.964901,2.935099,78.000000
46,2,dinov3-b,thunder.tcga_tils.linear_probing,thunder,f1,86.700000,86.684922,0.015078,89.750000
46,2,dinov3-b,thunder.break_his.linear_probing,thunder,f1,81.800000,58.451404,23.348596,69.200000
46,2,dinov3-b,thunder.bach.linear_probing,thunder,f1,60.300000,61.051856,0.751856,69.900000
46,2,dinov3-b,thunder.mhist.linear_probing,thunder,f1,82.700000,77.388943,5.311057,81.250000
46,2,dinov3-b,thunder.ccrcc.linear_probing,thunder,f1,80.700000,78.536106,2.163894,88.100000
46,2,dinov3-l,thunder.patch_camelyon.linear_probing,thunder,f1,88.800000,87.694369,1.105631,90.850000
46,2,dinov3-l,thunder.ccrcc.linear_probing,thunder,f1,82.500000,80.802824,1.697176,88.100000
46,2,dinov3-l,thunder.break_his.linear_probing,thunder,f1,77.300000,46.838717,30.461283,69.200000
46,2,dinov3-l,thunder.wilds.linear_probing,thunder,f1,94.800000,93.514984,1.285016,96.900000
46,2,dinov3-l,thunder.bach.linear_probing,thunder,f1,57.900000,59.477409,1.577409,69.900000
46,2,dinov3-l,thunder.bracs.linear_probing,thunder,f1,54.600000,54.636708,0.036708,59.600000
46,2,dinov3-s,thunder.mhist.linear_probing,thunder,f1,82.900000,75.221278,7.678722,81.250000
46,2,dinov3-s,thunder.tcga_tils.linear_probing,thunder,f1,86.300000,86.612148,0.312148,89.750000
46,2,dinov3-s,thunder.tcga_crc_msi.linear_probing,thunder,f1,57.700000,58.188570,0.488570,64.050000
46,2,dinov3-s,thunder.spider_skin.linear_probing,thunder,f1,81.800000,82.472982,0.672982,87.250000
46,2,dinov3-s,thunder.bracs.linear_probing,thunder,f1,56.500000,56.031019,0.468981,59.600000
46,2,dinov3-s,thunder.tcga_uniform.linear_probing,thunder,f1,53.900000,58.420346,4.520346,73.750000
46,2,genbio-pathfm,thunder.ccrcc.linear_probing,thunder,f1,91.600000,92.665855,1.065855,88.100000
46,2,genbio-pathfm,thunder.tcga_crc_msi.linear_probing,thunder,f1,68.000000,68.354240,0.354240,64.050000
46,2,genbio-pathfm,thunder.crc.linear_probing,thunder,f1,95.600000,95.076205,0.523795,92.150000
46,2,genbio-pathfm,thunder.tcga_tils.linear_probing,thunder,f1,90.600000,91.732056,1.132056,89.750000
46,2,genbio-pathfm,thunder.bach.linear_probing,thunder,f1,78.100000,83.330061,5.230061,69.900000
46,2,genbio-pathfm,hest.lung.gene_expression,hest,pearson_r,78.935000,78.293995,0.641005,77.320000
46,2,genbio-pathfm,thunder.bracs.linear_probing,thunder,f1,60.100000,64.229547,4.129547,59.600000
46,2,genbio-pathfm,hest.idc.gene_expression,hest,pearson_r,79.360000,79.586535,0.226535,77.675000
46,2,genbio-pathfm,thunder.spider_colorectal.linear_probing,thunder,f1,90.500000,91.248190,0.748190,88.350000
46,2,gpfm,hest.idc.gene_expression,hest,pearson_r,78.300000,78.604381,0.304381,77.675000
46,2,gpfm,hest.paad.gene_expression,hest,pearson_r,73.005000,73.809801,0.804801,73.730000
46,2,gpfm,hest.prad.gene_expression,hest,pearson_r,67.115000,68.230061,1.115061,67.725000
46,2,h-optimus-0,thunder.tcga_uniform.linear_probing,thunder,f1,79.300000,80.004844,0.704844,73.750000
46,2,h-optimus-0,pathorob.tcga_2x2.robustness_index,pathorob,robustness_index,81.200000,79.614425,1.585575,74.250000
46,2,h-optimus-0,hest.lymph_idc.gene_expression,hest,pearson_r,62.955000,63.129776,0.174776,62.500000
46,2,h-optimus-0,thunder.spider_breast.linear_probing,thunder,f1,87.200000,87.006113,0.193887,84.900000
46,2,h-optimus-0,hest.skcm.gene_expression,hest,pearson_r,82.270000,81.120302,1.149698,79.010000
46,2,h-optimus-0,thunder.esca.linear_probing,thunder,f1,83.500000,85.930160,2.430160,78.000000
46,2,h-optimus-0,thunder.crc.linear_probing,thunder,f1,93.500000,94.503836,1.003836,92.150000
46,2,h-optimus-0,hest.lung.gene_expression,hest,pearson_r,77.950000,77.926194,0.023806,77.320000
46,2,h-optimus-0,thunder.spider_skin.linear_probing,thunder,f1,91.900000,91.177813,0.722187,87.250000
46,2,h-optimus-0,hest.coad.gene_expression,hest,pearson_r,65.430000,64.658128,0.771872,63.115000
46,2,h-optimus-1,thunder.spider_skin.linear_probing,thunder,f1,92.300000,91.957045,0.342955,87.250000
46,2,h-optimus-1,thunder.break_his.linear_probing,thunder,f1,76.000000,76.551074,0.551074,69.200000
46,2,h-optimus-1,hest.idc.gene_expression,hest,pearson_r,80.120000,79.406211,0.713789,77.675000
46,2,h-optimus-1,hest.ccrcc.gene_expression,hest,pearson_r,62.665000,63.354062,0.689062,62.150000
46,2,h-optimus-1,hest.read.gene_expression,hest,pearson_r,62.105000,60.020260,2.084740,58.487500
46,2,h-optimus-1,thunder.crc.linear_probing,thunder,f1,94.600000,94.919466,0.319466,92.150000
46,2,h-optimus-1,hest.lymph_idc.gene_expression,hest,pearson_r,63.870000,63.458334,0.411666,62.500000
46,2,h-optimus-1,thunder.bach.linear_probing,thunder,f1,72.500000,82.629917,10.129917,69.900000
46,2,h-optimus-1,thunder.spider_thorax.linear_probing,thunder,f1,93.600000,94.966515,1.366515,93.400000
46,2,h0-mini,thunder.mhist.linear_probing,thunder,f1,79.900000,82.432517,2.532517,81.250000
46,2,h0-mini,thunder.bracs.linear_probing,thunder,f1,60.700000,62.192141,1.492141,59.600000
46,2,h0-mini,thunder.crc.linear_probing,thunder,f1,95.800000,94.289206,1.510794,92.150000
46,2,h0-mini,hest.skcm.gene_expression,hest,pearson_r,80.060000,80.748142,0.688142,79.010000
46,2,h0-mini,thunder.patch_camelyon.linear_probing,thunder,f1,94.300000,92.942213,1.357787,90.850000
46,2,h0-mini,thunder.spider_colorectal.linear_probing,thunder,f1,90.200000,90.201873,0.001873,88.350000
46,2,h0-mini,hest.lung.gene_expression,hest,pearson_r,77.410000,77.792849,0.382849,77.320000
46,2,h0-mini,hest.paad.gene_expression,hest,pearson_r,74.595000,74.287063,0.307937,73.730000
46,2,h0-mini,thunder.esca.linear_probing,thunder,f1,84.400000,85.085161,0.685161,78.000000
46,2,h0-mini,hest.coad.gene_expression,hest,pearson_r,62.470000,64.521186,2.051186,63.115000
46,2,hibou-b,thunder.bach.linear_probing,thunder,f1,65.600000,79.948448,14.348448,69.900000
46,2,hibou-b,thunder.crc.linear_probing,thunder,f1,93.900000,94.033061,0.133061,92.150000
46,2,hibou-b,thunder.tcga_uniform.linear_probing,thunder,f1,70.200000,76.524104,6.324104,73.750000
46,2,hibou-b,thunder.ccrcc.linear_probing,thunder,f1,84.300000,89.762698,5.462698,88.100000
46,2,hibou-b,thunder.break_his.linear_probing,thunder,f1,59.600000,79.705788,20.105788,69.200000
46,2,hibou-b,thunder.bracs.linear_probing,thunder,f1,61.700000,62.681682,0.981682,59.600000
46,2,hibou-l,hest.coad.gene_expression,hest,pearson_r,65.200000,64.519697,0.680303,63.115000
46,2,hibou-l,thunder.spider_thorax.linear_probing,thunder,f1,94.100000,93.893045,0.206955,93.400000
46,2,hibou-l,hest.ccrcc.gene_expression,hest,pearson_r,63.285000,62.674837,0.610163,62.150000
46,2,hibou-l,thunder.bach.linear_probing,thunder,f1,76.500000,78.241712,1.741712,69.900000
46,2,hibou-l,thunder.esca.linear_probing,thunder,f1,77.500000,83.839219,6.339219,78.000000
46,2,hibou-l,hest.lymph_idc.gene_expression,hest,pearson_r,62.160000,63.055325,0.895325,62.500000
46,2,hibou-l,thunder.patch_camelyon.linear_probing,thunder,f1,93.300000,92.541202,0.758798,90.850000
46,2,hibou-l,thunder.spider_skin.linear_probing,thunder,f1,93.300000,90.138446,3.161554,87.250000
46,2,hibou-l,thunder.ccrcc.linear_probing,thunder,f1,88.400000,89.857749,1.457749,88.100000
46,2,hipt,pathorob.camelyon.robustness_index,pathorob,robustness_index,64.900000,7.951209,56.948791,46.700000
46,2,kaiko-vit-b-16,hest.ccrcc.gene_expression,hest,pearson_r,61.455000,61.140179,0.314821,62.150000
46,2,kaiko-vit-b-16,hest.skcm.gene_expression,hest,pearson_r,77.510000,76.722175,0.787825,79.010000
46,2,kaiko-vit-b-16,hest.coad.gene_expression,hest,pearson_r,64.060000,62.206477,1.853523,63.115000
46,2,kaiko-vit-b-8,hest.read.gene_expression,hest,pearson_r,58.115000,57.526597,0.588403,58.487500
46,2,kaiko-vit-b-8,hest.skcm.gene_expression,hest,pearson_r,78.625000,77.737059,0.887941,79.010000
46,2,kaiko-vit-b-8,hest.ccrcc.gene_expression,hest,pearson_r,61.565000,61.487311,0.077689,62.150000
46,2,kaiko-vit-b-8,pathorob.tcga_2x2.robustness_index,pathorob,robustness_index,76.300000,69.802642,6.497358,74.250000
46,2,kaiko-vit-b-unspecified-patch,thunder.tcga_crc_msi.linear_probing,thunder,f1,67.000000,63.034217,3.965783,64.050000
46,2,kaiko-vit-b-unspecified-patch,thunder.patch_camelyon.linear_probing,thunder,f1,90.400000,91.056766,0.656766,90.850000
46,2,kaiko-vit-b-unspecified-patch,thunder.wilds.linear_probing,thunder,f1,95.600000,96.567314,0.967314,96.900000
46,2,kaiko-vit-b-unspecified-patch,thunder.mhist.linear_probing,thunder,f1,78.300000,80.516392,2.216392,81.250000
46,2,kaiko-vit-b-unspecified-patch,thunder.spider_breast.linear_probing,thunder,f1,81.900000,83.273661,1.373661,84.900000
46,2,kaiko-vit-b-unspecified-patch,thunder.crc.linear_probing,thunder,f1,94.500000,92.958254,1.541746,92.150000
46,2,kaiko-vit-l-14,hest.lung.gene_expression,hest,pearson_r,76.895000,76.369539,0.525461,77.320000
46,2,kaiko-vit-l-14,hest.paad.gene_expression,hest,pearson_r,71.860000,72.555937,0.695937,73.730000
46,2,kaiko-vit-l-14,hest.read.gene_expression,hest,pearson_r,57.360000,57.194395,0.165605,58.487500
46,2,kaiko-vit-s-16,hest.skcm.gene_expression,hest,pearson_r,77.245000,75.263844,1.981156,79.010000
46,2,kaiko-vit-s-16,hest.lung.gene_expression,hest,pearson_r,75.150000,75.673327,0.523327,77.320000
46,2,kaiko-vit-s-16,hest.paad.gene_expression,hest,pearson_r,72.045000,71.831946,0.213054,73.730000
46,2,kaiko-vit-s-8,hest.prad.gene_expression,hest,pearson_r,66.700000,65.804423,0.895577,67.725000
46,2,kaiko-vit-s-8,hest.idc.gene_expression,hest,pearson_r,76.520000,76.070969,0.449031,77.675000
46,2,kaiko-vit-s-8,hest.coad.gene_expression,hest,pearson_r,61.405000,62.453788,1.048788,63.115000
46,2,kaiko-vit-s-unspecified-patch,thunder.esca.linear_probing,thunder,f1,76.800000,80.695479,3.895479,78.000000
46,2,kaiko-vit-s-unspecified-patch,thunder.spider_breast.linear_probing,thunder,f1,83.100000,83.598686,0.498686,84.900000
46,2,kaiko-vit-s-unspecified-patch,thunder.wilds.linear_probing,thunder,f1,95.900000,96.732544,0.832544,96.900000
46,2,kaiko-vit-s-unspecified-patch,thunder.ccrcc.linear_probing,thunder,f1,84.900000,87.491673,2.591673,88.100000
46,2,kaiko-vit-s-unspecified-patch,thunder.spider_thorax.linear_probing,thunder,f1,93.100000,92.766542,0.333458,93.400000
46,2,kaiko-vit-s-unspecified-patch,thunder.bracs.linear_probing,thunder,f1,61.500000,59.804554,1.695446,59.600000
46,2,kang-dino,pathorob.tolkach_esca.robustness_index,pathorob,robustness_index,83.200000,77.871927,5.328073,88.700000
46,2,keep,thunder.tcga_tils.linear_probing,thunder,f1,89.900000,90.166298,0.266298,89.750000
46,2,keep,thunder.ccrcc.linear_probing,thunder,f1,93.200000,89.331984,3.868016,88.100000
46,2,keep,thunder.bach.linear_probing,thunder,f1,77.000000,78.888635,1.888635,69.900000
46,2,keep,thunder.spider_skin.linear_probing,thunder,f1,89.300000,89.959446,0.659446,87.250000
46,2,keep,thunder.break_his.linear_probing,thunder,f1,65.900000,77.935245,12.035245,69.200000
46,2,keep,thunder.crc.linear_probing,thunder,f1,94.700000,93.864319,0.835681,92.150000
46,2,lunit-vit-s-8,hest.read.gene_expression,hest,pearson_r,58.050000,57.887974,0.162026,58.487500
46,2,lunit-vit-s-8,hest.skcm.gene_expression,hest,pearson_r,78.690000,78.142563,0.547437,79.010000
46,2,lunit-vit-s-8,hest.idc.gene_expression,hest,pearson_r,77.245000,76.782049,0.462951,77.675000
46,2,midnight,hest.coad.gene_expression,hest,pearson_r,64.540000,64.533138,0.006862,63.115000
46,2,midnight,thunder.mhist.linear_probing,thunder,f1,80.200000,83.192376,2.992376,81.250000
46,2,midnight,hest.skcm.gene_expression,hest,pearson_r,81.800000,80.579736,1.220264,79.010000
46,2,midnight,hest.read.gene_expression,hest,pearson_r,59.280000,59.206017,0.073983,58.487500
46,2,midnight,thunder.ccrcc.linear_probing,thunder,f1,90.800000,91.086855,0.286855,88.100000
46,2,midnight,hest.prad.gene_expression,hest,pearson_r,66.850000,67.918926,1.068926,67.725000
46,2,midnight,thunder.spider_colorectal.linear_probing,thunder,f1,89.600000,90.534960,0.934960,88.350000
46,2,midnight,thunder.tcga_uniform.linear_probing,thunder,f1,85.200000,79.963219,5.236781,73.750000
46,2,midnight,hest.idc.gene_expression,hest,pearson_r,79.115000,79.054302,0.060698,77.675000
46,2,musk,thunder.bracs.linear_probing,thunder,f1,63.300000,57.697189,5.602811,59.600000
46,2,musk,hest.paad.gene_expression,hest,pearson_r,71.385000,72.276102,0.891102,73.730000
46,2,musk,thunder.ccrcc.linear_probing,thunder,f1,85.300000,83.505668,1.794332,88.100000
46,2,musk,thunder.crc.linear_probing,thunder,f1,91.100000,91.799891,0.699891,92.150000
46,2,musk,thunder.spider_thorax.linear_probing,thunder,f1,93.300000,91.153361,2.146639,93.400000
46,2,musk,pathorob.tolkach_esca.robustness_index,pathorob,robustness_index,92.800000,86.646000,6.154000,88.700000
46,2,musk,thunder.spider_skin.linear_probing,thunder,f1,87.600000,85.583916,2.016084,87.250000
46,2,musk,thunder.break_his.linear_probing,thunder,f1,77.600000,62.218578,15.381422,69.200000
46,2,musk,hest.lung.gene_expression,hest,pearson_r,75.855000,76.449178,0.594178,77.320000
46,2,musk,thunder.spider_colorectal.linear_probing,thunder,f1,87.900000,86.891795,1.008205,88.350000
46,2,openmidnight,hest.prad.gene_expression,hest,pearson_r,67.950000,67.966591,0.016591,67.725000
46,2,openmidnight,hest.idc.gene_expression,hest,pearson_r,79.350000,78.603617,0.746383,77.675000
46,2,openmidnight,hest.lymph_idc.gene_expression,hest,pearson_r,62.990000,63.028099,0.038099,62.500000
46,2,openmidnight,thunder.spider_breast.linear_probing,thunder,f1,84.500000,85.781934,1.281934,84.900000
46,2,openmidnight,thunder.tcga_tils.linear_probing,thunder,f1,91.000000,90.532870,0.467130,89.750000
46,2,openmidnight,thunder.spider_thorax.linear_probing,thunder,f1,93.700000,93.889949,0.189949,93.400000
46,2,openmidnight,thunder.esca.linear_probing,thunder,f1,79.800000,83.965015,4.165015,78.000000
46,2,openmidnight,hest.read.gene_expression,hest,pearson_r,58.810000,59.111317,0.301317,58.487500
46,2,openmidnight,thunder.spider_skin.linear_probing,thunder,f1,90.500000,90.184249,0.315751,87.250000
46,2,phikon,thunder.tcga_tils.linear_probing,thunder,f1,90.100000,89.076461,1.023539,89.750000
46,2,phikon,hest.lymph_idc.gene_expression,hest,pearson_r,61.865000,62.410677,0.545677,62.500000
46,2,phikon,thunder.break_his.linear_probing,thunder,f1,60.000000,67.113224,7.113224,69.200000
46,2,phikon,thunder.bach.linear_probing,thunder,f1,69.300000,71.160549,1.860549,69.900000
46,2,phikon,thunder.spider_thorax.linear_probing,thunder,f1,92.400000,92.203891,0.196109,93.400000
46,2,phikon,thunder.crc.linear_probing,thunder,f1,92.100000,92.662544,0.562544,92.150000
46,2,phikon,pathorob.camelyon.robustness_index,pathorob,robustness_index,1.100000,29.307531,28.207531,46.700000
46,2,phikon,hest.read.gene_expression,hest,pearson_r,57.660000,58.021963,0.361963,58.487500
46,2,phikon,hest.idc.gene_expression,hest,pearson_r,76.635000,77.586989,0.951989,77.675000
46,2,phikon,thunder.spider_colorectal.linear_probing,thunder,f1,88.500000,87.989107,0.510893,88.350000
46,2,phikon-v2,hest.paad.gene_expression,hest,pearson_r,72.275000,73.441465,1.166465,73.730000
46,2,phikon-v2,thunder.mhist.linear_probing,thunder,f1,79.200000,82.733811,3.533811,81.250000
46,2,phikon-v2,thunder.tcga_crc_msi.linear_probing,thunder,f1,61.100000,63.140791,2.040791,64.050000
46,2,phikon-v2,thunder.esca.linear_probing,thunder,f1,77.300000,80.619231,3.319231,78.000000
46,2,phikon-v2,pathorob.tcga_2x2.robustness_index,pathorob,robustness_index,61.900000,68.304447,6.404447,74.250000
46,2,phikon-v2,thunder.break_his.linear_probing,thunder,f1,53.000000,58.427756,5.427756,69.200000
46,2,phikon-v2,pathorob.tolkach_esca.robustness_index,pathorob,robustness_index,76.800000,83.280578,6.480578,88.700000
46,2,phikon-v2,hest.skcm.gene_expression,hest,pearson_r,77.770000,78.850415,1.080415,79.010000
46,2,phikon-v2,thunder.spider_thorax.linear_probing,thunder,f1,94.700000,92.665539,2.034461,93.400000
46,2,phikon-v2,thunder.ccrcc.linear_probing,thunder,f1,76.700000,87.305288,10.605288,88.100000
46,2,plip,thunder.esca.linear_probing,thunder,f1,65.700000,69.742177,4.042177,78.000000
46,2,plip,thunder.break_his.linear_probing,thunder,f1,47.200000,56.221855,9.021855,69.200000
46,2,plip,thunder.wilds.linear_probing,thunder,f1,89.000000,92.591452,3.591452,96.900000
46,2,plip,thunder.bracs.linear_probing,thunder,f1,56.500000,54.809904,1.690096,59.600000
46,2,plip,thunder.ccrcc.linear_probing,thunder,f1,76.900000,78.213551,1.313551,88.100000
46,2,plip,thunder.spider_thorax.linear_probing,thunder,f1,88.600000,88.888634,0.288634,93.400000
46,2,prov-gigapath,thunder.tcga_crc_msi.linear_probing,thunder,f1,68.000000,64.242260,3.757740,64.050000
46,2,prov-gigapath,thunder.spider_thorax.linear_probing,thunder,f1,93.800000,93.259240,0.540760,93.400000
46,2,prov-gigapath,hest.read.gene_expression,hest,pearson_r,59.805000,58.664205,1.140795,58.487500
46,2,prov-gigapath,thunder.patch_camelyon.linear_probing,thunder,f1,93.500000,91.799942,1.700058,90.850000
46,2,prov-gigapath,thunder.tcga_uniform.linear_probing,thunder,f1,74.400000,74.620296,0.220296,73.750000
46,2,prov-gigapath,pathorob.camelyon.robustness_index,pathorob,robustness_index,39.900000,35.835110,4.064890,46.700000
46,2,prov-gigapath,thunder.esca.linear_probing,thunder,f1,81.700000,82.157411,0.457411,78.000000
46,2,prov-gigapath,hest.idc.gene_expression,hest,pearson_r,77.575000,78.326598,0.751598,77.675000
46,2,prov-gigapath,thunder.break_his.linear_probing,thunder,f1,65.400000,67.298739,1.898739,69.200000
46,2,prov-gigapath,thunder.ccrcc.linear_probing,thunder,f1,88.100000,88.591364,0.491364,88.100000
46,2,quiltnet,thunder.mhist.linear_probing,thunder,f1,73.500000,76.604631,3.104631,81.250000
46,2,quiltnet,thunder.tcga_crc_msi.linear_probing,thunder,f1,59.600000,56.841441,2.758559,64.050000
46,2,quiltnet,thunder.patch_camelyon.linear_probing,thunder,f1,87.400000,86.349143,1.050857,90.850000
46,2,quiltnet,thunder.esca.linear_probing,thunder,f1,61.500000,68.036397,6.536397,78.000000
46,2,quiltnet,thunder.spider_skin.linear_probing,thunder,f1,81.200000,81.158822,0.041178,87.250000
46,2,quiltnet,thunder.crc.linear_probing,thunder,f1,92.500000,89.797925,2.702075,92.150000
46,2,resnet50,hest.lung.gene_expression,hest,pearson_r,74.745000,75.580370,0.835370,77.320000
46,2,resnet50,hest.prad.gene_expression,hest,pearson_r,65.220000,64.320897,0.899103,67.725000
46,2,resnet50,hest.read.gene_expression,hest,pearson_r,53.915000,55.806189,1.891189,58.487500
46,2,retccl,pathorob.tcga_2x2.robustness_index,pathorob,robustness_index,59.300000,72.809117,13.509117,74.250000
46,2,rudolfv,pathorob.tcga_2x2.robustness_index,pathorob,robustness_index,58.700000,63.708425,5.008425,74.250000
46,2,uni,thunder.tcga_tils.linear_probing,thunder,f1,90.100000,90.172310,0.072310,89.750000
46,2,uni,thunder.spider_breast.linear_probing,thunder,f1,85.700000,84.915153,0.784847,84.900000
46,2,uni,thunder.spider_colorectal.linear_probing,thunder,f1,90.400000,89.328013,1.071987,88.350000
46,2,uni,thunder.spider_skin.linear_probing,thunder,f1,91.200000,89.436540,1.763460,87.250000
46,2,uni,pathorob.tolkach_esca.robustness_index,pathorob,robustness_index,90.200000,87.547576,2.652424,88.700000
46,2,uni,thunder.wilds.linear_probing,thunder,f1,97.200000,97.260629,0.060629,96.900000
46,2,uni,thunder.esca.linear_probing,thunder,f1,83.400000,82.718922,0.681078,78.000000
46,2,uni,hest.ccrcc.gene_expression,hest,pearson_r,62.000000,62.561259,0.561259,62.150000
46,2,uni,thunder.spider_thorax.linear_probing,thunder,f1,93.900000,93.465745,0.434255,93.400000
46,2,uni,thunder.crc.linear_probing,thunder,f1,93.100000,93.634677,0.534677,92.150000
46,2,uni2-h,thunder.wilds.linear_probing,thunder,f1,98.900000,98.153413,0.746587,96.900000
46,2,uni2-h,thunder.tcga_crc_msi.linear_probing,thunder,f1,66.900000,67.153532,0.253532,64.050000
46,2,uni2-h,thunder.crc.linear_probing,thunder,f1,93.900000,94.640419,0.740419,92.150000
46,2,uni2-h,pathorob.camelyon.robustness_index,pathorob,robustness_index,54.400000,85.130969,30.730969,46.700000
46,2,uni2-h,thunder.spider_breast.linear_probing,thunder,f1,86.700000,87.225602,0.525602,84.900000
46,2,uni2-h,hest.read.gene_expression,hest,pearson_r,61.115000,59.713859,1.401141,58.487500
46,2,uni2-h,thunder.spider_skin.linear_probing,thunder,f1,92.500000,91.391131,1.108869,87.250000
46,2,uni2-h,hest.lymph_idc.gene_expression,hest,pearson_r,63.635000,63.344724,0.290276,62.500000
46,2,uni2-h,thunder.patch_camelyon.linear_probing,thunder,f1,95.000000,93.381414,1.618586,90.850000
46,2,uni2-h,hest.lung.gene_expression,hest,pearson_r,77.935000,78.058202,0.123202,77.320000
46,2,virchow,thunder.patch_camelyon.linear_probing,thunder,f1,93.600000,93.004588,0.595412,90.850000
46,2,virchow,thunder.mhist.linear_probing,thunder,f1,82.300000,82.833718,0.533718,81.250000
46,2,virchow,hest.lung.gene_expression,hest,pearson_r,78.320000,77.825779,0.494221,77.320000
46,2,virchow,hest.lymph_idc.gene_expression,hest,pearson_r,63.050000,63.039088,0.010912,62.500000
46,2,virchow,thunder.bach.linear_probing,thunder,f1,66.200000,79.341323,13.141323,69.900000
46,2,virchow,pathorob.tolkach_esca.robustness_index,pathorob,robustness_index,93.200000,92.303734,0.896266,88.700000
46,2,virchow,hest.prad.gene_expression,hest,pearson_r,66.890000,68.117405,1.227405,67.725000
46,2,virchow,thunder.tcga_tils.linear_probing,thunder,f1,90.700000,90.950442,0.250442,89.750000
46,2,virchow,hest.ccrcc.gene_expression,hest,pearson_r,62.930000,62.742613,0.187387,62.150000
46,2,virchow,thunder.spider_skin.linear_probing,thunder,f1,91.300000,90.806698,0.493302,87.250000
46,2,virchow-2,thunder.spider_colorectal.linear_probing,thunder,f1,90.800000,90.374486,0.425514,88.350000
46,2,virchow-2,thunder.ccrcc.linear_probing,thunder,f1,93.600000,91.081467,2.518533,88.100000
46,2,virchow-2,thunder.spider_thorax.linear_probing,thunder,f1,93.900000,94.405598,0.505598,93.400000
46,2,virchow-2,thunder.tcga_crc_msi.linear_probing,thunder,f1,69.600000,66.597453,3.002547,64.050000
46,2,virchow-2,hest.idc.gene_expression,hest,pearson_r,79.855000,79.026826,0.828174,77.675000
46,2,virchow-2,thunder.spider_skin.linear_probing,thunder,f1,92.000000,90.997195,1.002805,87.250000
46,2,virchow-2,thunder.wilds.linear_probing,thunder,f1,90.000000,97.968623,7.968623,96.900000
46,2,virchow-2,pathorob.tcga_2x2.robustness_index,pathorob,robustness_index,82.200000,79.637667,2.562333,74.250000
46,2,virchow-2,thunder.tcga_uniform.linear_probing,thunder,f1,78.400000,79.449788,1.049788,73.750000
46,2,virchow-2,pathorob.tolkach_esca.robustness_index,pathorob,robustness_index,95.500000,92.353745,3.146255,88.700000
46,2,vit-b,thunder.bracs.linear_probing,thunder,f1,56.600000,54.635236,1.964764,59.600000
46,2,vit-b,thunder.spider_thorax.linear_probing,thunder,f1,87.900000,88.519812,0.619812,93.400000
46,2,vit-b,thunder.spider_breast.linear_probing,thunder,f1,78.200000,76.141998,2.058002,84.900000
46,2,vit-b,thunder.wilds.linear_probing,thunder,f1,91.300000,92.264939,0.964939,96.900000
46,2,vit-b,thunder.tcga_crc_msi.linear_probing,thunder,f1,59.100000,57.084658,2.015342,64.050000
46,2,vit-b,thunder.esca.linear_probing,thunder,f1,62.700000,68.587622,5.887622,78.000000
46,2,vit-l,thunder.ccrcc.linear_probing,thunder,f1,77.100000,79.234742,2.134742,88.100000
46,2,vit-l,thunder.mhist.linear_probing,thunder,f1,79.800000,77.121862,2.678138,81.250000
46,2,vit-l,thunder.tcga_uniform.linear_probing,thunder,f1,55.900000,58.552504,2.652504,73.750000
46,2,vit-l,thunder.tcga_crc_msi.linear_probing,thunder,f1,56.800000,57.949466,1.149466,64.050000
46,2,vit-l,thunder.wilds.linear_probing,thunder,f1,92.600000,93.101647,0.501647,96.900000
46,2,vit-l,thunder.tcga_tils.linear_probing,thunder,f1,87.500000,86.750207,0.749793,89.750000
47,0,atlas,pathorob.camelyon.robustness_index,pathorob,robustness_index,78.500000,65.136896,13.363104,39.250000
47,0,ciga,pathorob.tcga_2x2.robustness_index,pathorob,robustness_index,51.100000,65.188192,14.088192,76.100000
47,0,clip-b,thunder.tcga_crc_msi.linear_probing,thunder,f1,49.000000,53.808799,4.808799,62.850000
47,0,clip-b,thunder.crc.linear_probing,thunder,f1,87.300000,88.332571,1.032571,93.000000
47,0,clip-b,thunder.spider_breast.linear_probing,thunder,f1,69.000000,72.254846,3.254846,80.600000
47,0,clip-b,thunder.wilds.linear_probing,thunder,f1,83.500000,91.036383,7.536383,96.900000
47,0,clip-b,thunder.esca.linear_probing,thunder,f1,61.000000,58.282487,2.717513,78.650000
47,0,clip-l,thunder.mhist.linear_probing,thunder,f1,79.600000,77.218114,2.381886,81.400000
47,0,clip-l,thunder.ccrcc.linear_probing,thunder,f1,75.900000,76.208820,0.308820,89.500000
47,0,clip-l,thunder.tcga_tils.linear_probing,thunder,f1,85.000000,85.815820,0.815820,89.500000
47,0,clip-l,thunder.patch_camelyon.linear_probing,thunder,f1,85.600000,84.675691,0.924309,92.700000
47,0,clip-l,thunder.wilds.linear_probing,thunder,f1,93.200000,92.705767,0.494233,96.900000
47,0,conch,hest.read.gene_expression,hest,pearson_r,58.010000,58.172780,0.162780,57.855000
47,0,conch,thunder.crc.linear_probing,thunder,f1,93.400000,92.650746,0.749254,93.000000
47,0,conch,hest.ccrcc.gene_expression,hest,pearson_r,60.900000,62.256325,1.356325,62.057500
47,0,conch,thunder.bracs.linear_probing,thunder,f1,60.000000,58.990397,1.009603,59.800000
47,0,conch,thunder.patch_camelyon.linear_probing,thunder,f1,90.600000,90.835684,0.235684,92.700000
47,0,conch,thunder.break_his.linear_probing,thunder,f1,68.800000,69.086548,0.286548,65.950000
47,0,conch,hest.idc.gene_expression,hest,pearson_r,76.815000,77.469089,0.654089,78.505000
47,0,conch,thunder.tcga_crc_msi.linear_probing,thunder,f1,64.400000,62.672942,1.727058,62.850000
47,0,conch,thunder.bach.linear_probing,thunder,f1,84.400000,70.392931,14.007069,69.500000
47,0,conch-1.5,thunder.mhist.linear_probing,thunder,f1,81.200000,81.421124,0.221124,81.400000
47,0,conch-1.5,thunder.spider_colorectal.linear_probing,thunder,f1,87.400000,88.886783,1.486783,88.500000
47,0,conch-1.5,hest.lung.gene_expression,hest,pearson_r,77.565000,77.052294,0.512706,77.320000
47,0,conch-1.5,thunder.bracs.linear_probing,thunder,f1,62.400000,60.371850,2.028150,59.800000
47,0,conch-1.5,hest.read.gene_expression,hest,pearson_r,58.000000,58.995320,0.995320,57.855000
47,0,conch-1.5,thunder.patch_camelyon.linear_probing,thunder,f1,91.400000,92.110896,0.710896,92.700000
47,0,conch-1.5,thunder.spider_breast.linear_probing,thunder,f1,81.600000,83.755799,2.155799,80.600000
47,0,conch-1.5,hest.ccrcc.gene_expression,hest,pearson_r,60.880000,62.629235,1.749235,62.057500
47,0,conch-1.5,hest.skcm.gene_expression,hest,pearson_r,77.585000,80.026051,2.441051,79.010000
47,0,ctranspath,hest.skcm.gene_expression,hest,pearson_r,75.485000,77.255437,1.770437,79.010000
47,0,ctranspath,hest.idc.gene_expression,hest,pearson_r,74.965000,76.159938,1.194938,78.505000
47,0,ctranspath,pathorob.tcga_2x2.robustness_index,pathorob,robustness_index,65.200000,71.409940,6.209940,76.100000
47,0,ctranspath,hest.lung.gene_expression,hest,pearson_r,75.685000,75.774981,0.089981,77.320000
47,0,dinov2-b,thunder.crc.linear_probing,thunder,f1,90.300000,90.077852,0.222148,93.000000
47,0,dinov2-b,thunder.wilds.linear_probing,thunder,f1,90.700000,93.347053,2.647053,96.900000
47,0,dinov2-b,thunder.esca.linear_probing,thunder,f1,73.800000,69.933447,3.866553,78.650000
47,0,dinov2-b,thunder.break_his.linear_probing,thunder,f1,77.800000,78.480426,0.680426,65.950000
47,0,dinov2-b,thunder.spider_skin.linear_probing,thunder,f1,80.100000,80.986946,0.886946,87.350000
47,0,dinov2-l,thunder.wilds.linear_probing,thunder,f1,90.300000,93.721492,3.421492,96.900000
47,0,dinov2-l,thunder.bach.linear_probing,thunder,f1,68.900000,61.732232,7.167768,69.500000
47,0,dinov2-l,thunder.crc.linear_probing,thunder,f1,90.700000,90.348592,0.351408,93.000000
47,0,dinov2-l,thunder.bracs.linear_probing,thunder,f1,50.600000,54.795695,4.195695,59.800000
47,0,dinov2-l,thunder.ccrcc.linear_probing,thunder,f1,81.400000,79.965918,1.434082,89.500000
47,0,dinov3-b,thunder.wilds.linear_probing,thunder,f1,93.600000,93.915976,0.315976,96.900000
47,0,dinov3-b,thunder.bach.linear_probing,thunder,f1,60.300000,62.786130,2.486130,69.500000
47,0,dinov3-b,thunder.esca.linear_probing,thunder,f1,72.900000,71.807874,1.092126,78.650000
47,0,dinov3-b,thunder.spider_skin.linear_probing,thunder,f1,81.600000,82.214868,0.614868,87.350000
47,0,dinov3-b,thunder.tcga_uniform.linear_probing,thunder,f1,56.200000,56.766281,0.566281,71.450000
47,0,dinov3-l,thunder.bach.linear_probing,thunder,f1,57.900000,65.067608,7.167608,69.500000
47,0,dinov3-l,thunder.esca.linear_probing,thunder,f1,76.000000,74.058397,1.941603,78.650000
47,0,dinov3-l,thunder.tcga_tils.linear_probing,thunder,f1,87.000000,87.287453,0.287453,89.500000
47,0,dinov3-l,thunder.break_his.linear_probing,thunder,f1,77.300000,83.390411,6.090411,65.950000
47,0,dinov3-l,thunder.patch_camelyon.linear_probing,thunder,f1,88.800000,87.982939,0.817061,92.700000
47,0,dinov3-s,thunder.ccrcc.linear_probing,thunder,f1,81.600000,79.709878,1.890122,89.500000
47,0,dinov3-s,thunder.tcga_crc_msi.linear_probing,thunder,f1,57.700000,56.857334,0.842666,62.850000
47,0,dinov3-s,thunder.break_his.linear_probing,thunder,f1,82.900000,78.742923,4.157077,65.950000
47,0,dinov3-s,thunder.esca.linear_probing,thunder,f1,72.600000,70.588654,2.011346,78.650000
47,0,dinov3-s,thunder.bracs.linear_probing,thunder,f1,56.500000,54.609237,1.890763,59.800000
47,0,genbio-pathfm,hest.ccrcc.gene_expression,hest,pearson_r,63.075000,63.301718,0.226718,62.057500
47,0,genbio-pathfm,thunder.break_his.linear_probing,thunder,f1,76.600000,78.593223,1.993223,65.950000
47,0,genbio-pathfm,thunder.tcga_tils.linear_probing,thunder,f1,90.600000,91.387271,0.787271,89.500000
47,0,genbio-pathfm,hest.coad.gene_expression,hest,pearson_r,66.420000,64.903192,1.516808,63.242500
47,0,genbio-pathfm,thunder.crc.linear_probing,thunder,f1,95.600000,94.702275,0.897725,93.000000
47,0,genbio-pathfm,thunder.wilds.linear_probing,thunder,f1,98.200000,98.135523,0.064477,96.900000
47,0,genbio-pathfm,thunder.spider_breast.linear_probing,thunder,f1,86.200000,87.206845,1.006845,80.600000
47,0,genbio-pathfm,thunder.bach.linear_probing,thunder,f1,78.100000,80.907369,2.807369,69.500000
47,0,gpfm,hest.prad.gene_expression,hest,pearson_r,67.115000,67.407255,0.292255,67.740000
47,0,gpfm,hest.lymph_idc.gene_expression,hest,pearson_r,61.855000,62.719655,0.864655,62.532500
47,0,gpfm,hest.coad.gene_expression,hest,pearson_r,62.400000,63.901395,1.501395,63.242500
47,0,h-optimus-0,thunder.wilds.linear_probing,thunder,f1,98.700000,97.863782,0.836218,96.900000
47,0,h-optimus-0,hest.ccrcc.gene_expression,hest,pearson_r,63.380000,62.920869,0.459131,62.057500
47,0,h-optimus-0,thunder.patch_camelyon.linear_probing,thunder,f1,93.000000,93.771241,0.771241,92.700000
47,0,h-optimus-0,thunder.spider_thorax.linear_probing,thunder,f1,94.400000,94.524815,0.124815,93.250000
47,0,h-optimus-0,hest.skcm.gene_expression,hest,pearson_r,82.270000,81.200692,1.069308,79.010000
47,0,h-optimus-0,thunder.tcga_crc_msi.linear_probing,thunder,f1,67.300000,67.389744,0.089744,62.850000
47,0,h-optimus-0,thunder.esca.linear_probing,thunder,f1,83.500000,84.338460,0.838460,78.650000
47,0,h-optimus-0,thunder.tcga_tils.linear_probing,thunder,f1,91.000000,90.933748,0.066252,89.500000
47,0,h-optimus-0,thunder.spider_skin.linear_probing,thunder,f1,91.900000,91.541358,0.358642,87.350000
47,0,h-optimus-1,thunder.esca.linear_probing,thunder,f1,87.100000,86.171927,0.928073,78.650000
47,0,h-optimus-1,hest.ccrcc.gene_expression,hest,pearson_r,62.665000,63.186973,0.521973,62.057500
47,0,h-optimus-1,hest.coad.gene_expression,hest,pearson_r,65.975000,65.041767,0.933233,63.242500
47,0,h-optimus-1,thunder.spider_thorax.linear_probing,thunder,f1,93.600000,95.117811,1.517811,93.250000
47,0,h-optimus-1,thunder.bach.linear_probing,thunder,f1,72.500000,80.950114,8.450114,69.500000
47,0,h-optimus-1,hest.lymph_idc.gene_expression,hest,pearson_r,63.870000,63.412427,0.457573,62.532500
47,0,h-optimus-1,thunder.break_his.linear_probing,thunder,f1,76.000000,76.767811,0.767811,65.950000
47,0,h-optimus-1,hest.paad.gene_expression,hest,pearson_r,74.820000,74.421891,0.398109,72.927500
47,0,h0-mini,pathorob.tolkach_esca.robustness_index,pathorob,robustness_index,93.200000,92.891544,0.308456,88.700000
47,0,h0-mini,thunder.bach.linear_probing,thunder,f1,71.300000,76.839971,5.539971,69.500000
47,0,h0-mini,thunder.crc.linear_probing,thunder,f1,95.800000,93.970157,1.829843,93.000000
47,0,h0-mini,hest.skcm.gene_expression,hest,pearson_r,80.060000,80.720124,0.660124,79.010000
47,0,h0-mini,thunder.spider_colorectal.linear_probing,thunder,f1,90.200000,89.775016,0.424984,88.500000
47,0,h0-mini,hest.paad.gene_expression,hest,pearson_r,74.595000,73.665333,0.929667,72.927500
47,0,h0-mini,hest.read.gene_expression,hest,pearson_r,59.315000,59.663846,0.348846,57.855000
47,0,h0-mini,hest.ccrcc.gene_expression,hest,pearson_r,63.350000,62.671200,0.678800,62.057500
47,0,h0-mini,thunder.spider_breast.linear_probing,thunder,f1,86.000000,85.388227,0.611773,80.600000
47,0,hibou-b,thunder.spider_skin.linear_probing,thunder,f1,91.100000,89.819662,1.280338,87.350000
47,0,hibou-b,thunder.esca.linear_probing,thunder,f1,77.500000,80.017051,2.517051,78.650000
47,0,hibou-b,thunder.ccrcc.linear_probing,thunder,f1,84.300000,88.776154,4.476154,89.500000
47,0,hibou-b,thunder.spider_breast.linear_probing,thunder,f1,86.600000,84.695281,1.904719,80.600000
47,0,hibou-b,thunder.mhist.linear_probing,thunder,f1,76.500000,78.616595,2.116595,81.400000
47,0,hibou-l,thunder.patch_camelyon.linear_probing,thunder,f1,93.300000,92.966795,0.333205,92.700000
47,0,hibou-l,thunder.wilds.linear_probing,thunder,f1,98.100000,97.508160,0.591840,96.900000
47,0,hibou-l,thunder.spider_skin.linear_probing,thunder,f1,93.300000,90.488507,2.811493,87.350000
47,0,hibou-l,thunder.break_his.linear_probing,thunder,f1,69.400000,67.993781,1.406219,65.950000
47,0,hibou-l,hest.read.gene_expression,hest,pearson_r,59.510000,59.200303,0.309697,57.855000
47,0,hibou-l,hest.ccrcc.gene_expression,hest,pearson_r,63.285000,62.637723,0.647277,62.057500
47,0,hibou-l,thunder.ccrcc.linear_probing,thunder,f1,88.400000,89.630606,1.230606,89.500000
47,0,hibou-l,thunder.tcga_uniform.linear_probing,thunder,f1,75.200000,76.339584,1.139584,71.450000
47,0,hipt,pathorob.camelyon.robustness_index,pathorob,robustness_index,64.900000,6.254405,58.645595,39.250000
47,0,kaiko-vit-b-16,hest.paad.gene_expression,hest,pearson_r,72.620000,71.801621,0.818379,72.927500
47,0,kaiko-vit-b-16,hest.lymph_idc.gene_expression,hest,pearson_r,61.825000,61.977106,0.152106,62.532500
47,0,kaiko-vit-b-16,hest.coad.gene_expression,hest,pearson_r,64.060000,62.409491,1.650509,63.242500
47,0,kaiko-vit-b-8,hest.idc.gene_expression,hest,pearson_r,77.995000,77.228270,0.766730,78.505000
47,0,kaiko-vit-b-8,hest.lymph_idc.gene_expression,hest,pearson_r,61.365000,62.346352,0.981352,62.532500
47,0,kaiko-vit-b-8,hest.read.gene_expression,hest,pearson_r,58.115000,57.848327,0.266673,57.855000
47,0,kaiko-vit-b-8,pathorob.tcga_2x2.robustness_index,pathorob,robustness_index,76.300000,73.626419,2.673581,76.100000
47,0,kaiko-vit-b-unspecified-patch,thunder.tcga_uniform.linear_probing,thunder,f1,79.100000,69.701210,9.398790,71.450000
47,0,kaiko-vit-b-unspecified-patch,thunder.esca.linear_probing,thunder,f1,78.500000,77.068759,1.431241,78.650000
47,0,kaiko-vit-b-unspecified-patch,thunder.bach.linear_probing,thunder,f1,69.600000,70.299670,0.699670,69.500000
47,0,kaiko-vit-b-unspecified-patch,thunder.spider_thorax.linear_probing,thunder,f1,93.300000,92.297404,1.002596,93.250000
47,0,kaiko-vit-b-unspecified-patch,thunder.crc.linear_probing,thunder,f1,94.500000,92.749328,1.750672,93.000000
47,0,kaiko-vit-l-14,hest.coad.gene_expression,hest,pearson_r,62.675000,61.937328,0.737672,63.242500
47,0,kaiko-vit-l-14,hest.idc.gene_expression,hest,pearson_r,77.675000,76.248297,1.426703,78.505000
47,0,kaiko-vit-l-14,hest.lung.gene_expression,hest,pearson_r,76.895000,75.779675,1.115325,77.320000
47,0,kaiko-vit-s-16,hest.coad.gene_expression,hest,pearson_r,60.285000,61.438669,1.153669,63.242500
47,0,kaiko-vit-s-16,hest.idc.gene_expression,hest,pearson_r,76.665000,75.905458,0.759542,78.505000
47,0,kaiko-vit-s-16,hest.ccrcc.gene_expression,hest,pearson_r,60.495000,61.206550,0.711550,62.057500
47,0,kaiko-vit-s-8,hest.ccrcc.gene_expression,hest,pearson_r,61.730000,61.821570,0.091570,62.057500
47,0,kaiko-vit-s-8,hest.skcm.gene_expression,hest,pearson_r,75.870000,77.665497,1.795497,79.010000
47,0,kaiko-vit-s-8,hest.prad.gene_expression,hest,pearson_r,66.700000,69.069574,2.369574,67.740000
47,0,kaiko-vit-s-unspecified-patch,thunder.spider_skin.linear_probing,thunder,f1,88.600000,88.437639,0.162361,87.350000
47,0,kaiko-vit-s-unspecified-patch,thunder.esca.linear_probing,thunder,f1,76.800000,79.202361,2.402361,78.650000
47,0,kaiko-vit-s-unspecified-patch,thunder.spider_breast.linear_probing,thunder,f1,83.100000,83.030191,0.069809,80.600000
47,0,kaiko-vit-s-unspecified-patch,thunder.patch_camelyon.linear_probing,thunder,f1,90.400000,91.552940,1.152940,92.700000
47,0,kaiko-vit-s-unspecified-patch,thunder.break_his.linear_probing,thunder,f1,69.400000,72.091090,2.691090,65.950000
47,0,kang-dino,pathorob.tolkach_esca.robustness_index,pathorob,robustness_index,83.200000,73.388506,9.811494,88.700000
47,0,keep,thunder.spider_skin.linear_probing,thunder,f1,89.300000,90.608555,1.308555,87.350000
47,0,keep,thunder.spider_breast.linear_probing,thunder,f1,85.600000,85.510765,0.089235,80.600000
47,0,keep,thunder.tcga_crc_msi.linear_probing,thunder,f1,64.900000,66.633346,1.733346,62.850000
47,0,keep,thunder.bach.linear_probing,thunder,f1,77.000000,75.756119,1.243881,69.500000
47,0,keep,thunder.esca.linear_probing,thunder,f1,85.800000,81.418697,4.381303,78.650000
47,0,lunit-vit-s-8,hest.paad.gene_expression,hest,pearson_r,71.335000,72.568029,1.233029,72.927500
47,0,lunit-vit-s-8,hest.skcm.gene_expression,hest,pearson_r,78.690000,78.756016,0.066016,79.010000
47,0,lunit-vit-s-8,hest.idc.gene_expression,hest,pearson_r,77.245000,77.428525,0.183525,78.505000
47,0,midnight,hest.lung.gene_expression,hest,pearson_r,77.885000,77.902798,0.017798,77.320000
47,0,midnight,thunder.patch_camelyon.linear_probing,thunder,f1,93.500000,94.460807,0.960807,92.700000
47,0,midnight,hest.read.gene_expression,hest,pearson_r,59.280000,60.517747,1.237747,57.855000
47,0,midnight,thunder.wilds.linear_probing,thunder,f1,98.300000,98.256190,0.043810,96.900000
47,0,midnight,hest.coad.gene_expression,hest,pearson_r,64.540000,64.391286,0.148714,63.242500
47,0,midnight,hest.prad.gene_expression,hest,pearson_r,66.850000,67.857965,1.007965,67.740000
47,0,midnight,thunder.tcga_crc_msi.linear_probing,thunder,f1,65.600000,69.303666,3.703666,62.850000
47,0,midnight,thunder.spider_skin.linear_probing,thunder,f1,91.000000,92.532279,1.532279,87.350000
47,0,musk,thunder.spider_thorax.linear_probing,thunder,f1,93.300000,91.662648,1.637352,93.250000
47,0,musk,hest.prad.gene_expression,hest,pearson_r,67.150000,67.767662,0.617662,67.740000
47,0,musk,thunder.crc.linear_probing,thunder,f1,91.100000,92.353029,1.253029,93.000000
47,0,musk,hest.read.gene_expression,hest,pearson_r,55.550000,57.831221,2.281221,57.855000
47,0,musk,hest.lung.gene_expression,hest,pearson_r,75.855000,76.496375,0.641375,77.320000
47,0,musk,hest.lymph_idc.gene_expression,hest,pearson_r,62.725000,62.413051,0.311949,62.532500
47,0,musk,thunder.patch_camelyon.linear_probing,thunder,f1,89.400000,90.291351,0.891351,92.700000
47,0,musk,hest.ccrcc.gene_expression,hest,pearson_r,59.125000,62.144081,3.019081,62.057500
47,0,musk,thunder.mhist.linear_probing,thunder,f1,80.000000,79.952292,0.047708,81.400000
47,0,openmidnight,thunder.tcga_uniform.linear_probing,thunder,f1,82.800000,76.700376,6.099624,71.450000
47,0,openmidnight,thunder.wilds.linear_probing,thunder,f1,96.500000,97.572631,1.072631,96.900000
47,0,openmidnight,hest.skcm.gene_expression,hest,pearson_r,79.705000,80.678700,0.973700,79.010000
47,0,openmidnight,hest.idc.gene_expression,hest,pearson_r,79.350000,78.691417,0.658583,78.505000
47,0,openmidnight,hest.lymph_idc.gene_expression,hest,pearson_r,62.990000,63.002071,0.012071,62.532500
47,0,openmidnight,hest.read.gene_expression,hest,pearson_r,58.810000,59.615991,0.805991,57.855000
47,0,openmidnight,hest.coad.gene_expression,hest,pearson_r,63.640000,64.279899,0.639899,63.242500
47,0,openmidnight,hest.paad.gene_expression,hest,pearson_r,73.655000,73.650252,0.004748,72.927500
47,0,phikon,hest.coad.gene_expression,hest,pearson_r,63.115000,63.597581,0.482581,63.242500
47,0,phikon,pathorob.camelyon.robustness_index,pathorob,robustness_index,1.100000,10.912718,9.812718,39.250000
47,0,phikon,hest.skcm.gene_expression,hest,pearson_r,76.775000,79.175485,2.400485,79.010000
47,0,phikon,hest.prad.gene_expression,hest,pearson_r,67.100000,66.264241,0.835759,67.740000
47,0,phikon,thunder.tcga_tils.linear_probing,thunder,f1,90.100000,89.420858,0.679142,89.500000
47,0,phikon,hest.idc.gene_expression,hest,pearson_r,76.635000,77.645799,1.010799,78.505000
47,0,phikon,thunder.bracs.linear_probing,thunder,f1,56.900000,59.821396,2.921396,59.800000
47,0,phikon,thunder.spider_thorax.linear_probing,thunder,f1,92.400000,92.648434,0.248434,93.250000
47,0,phikon,hest.paad.gene_expression,hest,pearson_r,72.125000,72.819086,0.694086,72.927500
47,0,phikon-v2,thunder.patch_camelyon.linear_probing,thunder,f1,90.800000,90.984843,0.184843,92.700000
47,0,phikon-v2,hest.read.gene_expression,hest,pearson_r,58.745000,58.056331,0.688669,57.855000
47,0,phikon-v2,thunder.spider_breast.linear_probing,thunder,f1,86.000000,82.488434,3.511566,80.600000
47,0,phikon-v2,thunder.bach.linear_probing,thunder,f1,64.700000,69.990889,5.290889,69.500000
47,0,phikon-v2,hest.idc.gene_expression,hest,pearson_r,77.040000,77.456157,0.416157,78.505000
47,0,phikon-v2,thunder.spider_skin.linear_probing,thunder,f1,87.200000,87.679396,0.479396,87.350000
47,0,phikon-v2,thunder.esca.linear_probing,thunder,f1,77.300000,76.762457,0.537543,78.650000
47,0,phikon-v2,thunder.crc.linear_probing,thunder,f1,92.000000,92.726254,0.726254,93.000000
47,0,phikon-v2,hest.skcm.gene_expression,hest,pearson_r,77.770000,78.924997,1.154997,79.010000
47,0,plip,thunder.mhist.linear_probing,thunder,f1,78.500000,78.568791,0.068791,81.400000
47,0,plip,thunder.wilds.linear_probing,thunder,f1,89.000000,93.699415,4.699415,96.900000
47,0,plip,thunder.tcga_uniform.linear_probing,thunder,f1,54.900000,55.631332,0.731332,71.450000
47,0,plip,thunder.patch_camelyon.linear_probing,thunder,f1,87.900000,86.287558,1.612442,92.700000
47,0,plip,thunder.break_his.linear_probing,thunder,f1,47.200000,61.768632,14.568632,65.950000
47,0,prov-gigapath,hest.lymph_idc.gene_expression,hest,pearson_r,62.500000,62.766954,0.266954,62.532500
47,0,prov-gigapath,thunder.spider_skin.linear_probing,thunder,f1,91.300000,90.072179,1.227821,87.350000
47,0,prov-gigapath,thunder.tcga_crc_msi.linear_probing,thunder,f1,68.000000,65.688273,2.311727,62.850000
47,0,prov-gigapath,thunder.mhist.linear_probing,thunder,f1,81.700000,80.441962,1.258038,81.400000
47,0,prov-gigapath,pathorob.camelyon.robustness_index,pathorob,robustness_index,39.900000,26.186835,13.713165,39.250000
47,0,prov-gigapath,hest.ccrcc.gene_expression,hest,pearson_r,62.150000,62.437662,0.287662,62.057500
47,0,prov-gigapath,thunder.wilds.linear_probing,thunder,f1,94.800000,97.388292,2.588292,96.900000
47,0,prov-gigapath,thunder.esca.linear_probing,thunder,f1,81.700000,81.214766,0.485234,78.650000
47,0,prov-gigapath,thunder.ccrcc.linear_probing,thunder,f1,88.100000,89.168688,1.068688,89.500000
47,0,quiltnet,thunder.ccrcc.linear_probing,thunder,f1,65.500000,79.704322,14.204322,89.500000
47,0,quiltnet,thunder.patch_camelyon.linear_probing,thunder,f1,87.400000,86.946780,0.453220,92.700000
47,0,quiltnet,thunder.spider_thorax.linear_probing,thunder,f1,88.500000,89.052102,0.552102,93.250000
47,0,quiltnet,thunder.wilds.linear_probing,thunder,f1,94.700000,94.275427,0.424573,96.900000
47,0,quiltnet,thunder.spider_colorectal.linear_probing,thunder,f1,82.900000,85.328670,2.428670,88.500000
47,0,resnet50,hest.skcm.gene_expression,hest,pearson_r,74.105000,74.810869,0.705869,79.010000
47,0,resnet50,hest.lung.gene_expression,hest,pearson_r,74.745000,75.351397,0.606397,77.320000
47,0,resnet50,hest.prad.gene_expression,hest,pearson_r,65.220000,63.779852,1.440148,67.740000
47,0,retccl,pathorob.tcga_2x2.robustness_index,pathorob,robustness_index,59.300000,74.254695,14.954695,76.100000
47,0,rudolfv,pathorob.tcga_2x2.robustness_index,pathorob,robustness_index,58.700000,66.219932,7.519932,76.100000
47,0,uni,thunder.tcga_tils.linear_probing,thunder,f1,90.100000,90.083088,0.016912,89.500000
47,0,uni,hest.idc.gene_expression,hest,pearson_r,79.450000,78.261759,1.188241,78.505000
47,0,uni,thunder.mhist.linear_probing,thunder,f1,82.400000,80.362115,2.037885,81.400000
47,0,uni,hest.lymph_idc.gene_expression,hest,pearson_r,62.795000,62.713563,0.081437,62.532500
47,0,uni,thunder.tcga_uniform.linear_probing,thunder,f1,75.300000,74.603078,0.696922,71.450000
47,0,uni,hest.paad.gene_expression,hest,pearson_r,74.035000,73.314784,0.720216,72.927500
47,0,uni,thunder.crc.linear_probing,thunder,f1,93.100000,93.555673,0.455673,93.000000
47,0,uni,thunder.spider_breast.linear_probing,thunder,f1,85.700000,84.506930,1.193070,80.600000
47,0,uni,thunder.esca.linear_probing,thunder,f1,83.400000,80.644799,2.755201,78.650000
47,0,uni2-h,hest.skcm.gene_expression,hest,pearson_r,83.030000,81.886183,1.143817,79.010000
47,0,uni2-h,thunder.tcga_crc_msi.linear_probing,thunder,f1,66.900000,68.933270,2.033270,62.850000
47,0,uni2-h,thunder.bach.linear_probing,thunder,f1,84.700000,81.089827,3.610173,69.500000
47,0,uni2-h,hest.read.gene_expression,hest,pearson_r,61.115000,60.786914,0.328086,57.855000
47,0,uni2-h,thunder.mhist.linear_probing,thunder,f1,78.600000,82.506175,3.906175,81.400000
47,0,uni2-h,hest.prad.gene_expression,hest,pearson_r,67.845000,68.693695,0.848695,67.740000
47,0,uni2-h,hest.idc.gene_expression,hest,pearson_r,79.490000,79.614981,0.124981,78.505000
47,0,uni2-h,thunder.tcga_tils.linear_probing,thunder,f1,90.400000,91.516374,1.116374,89.500000
47,0,uni2-h,hest.lung.gene_expression,hest,pearson_r,77.935000,78.333668,0.398668,77.320000
47,0,virchow,thunder.tcga_uniform.linear_probing,thunder,f1,74.800000,77.112968,2.312968,71.450000
47,0,virchow,pathorob.tolkach_esca.robustness_index,pathorob,robustness_index,93.200000,90.201924,2.998076,88.700000
47,0,virchow,hest.lung.gene_expression,hest,pearson_r,78.320000,77.817668,0.502332,77.320000
47,0,virchow,hest.paad.gene_expression,hest,pearson_r,75.795000,73.693738,2.101262,72.927500
47,0,virchow,thunder.tcga_tils.linear_probing,thunder,f1,90.700000,90.576162,0.123838,89.500000
47,0,virchow,hest.skcm.gene_expression,hest,pearson_r,81.215000,80.676935,0.538065,79.010000
47,0,virchow,hest.ccrcc.gene_expression,hest,pearson_r,62.930000,62.711520,0.218480,62.057500
47,0,virchow,thunder.spider_breast.linear_probing,thunder,f1,86.200000,85.555789,0.644211,80.600000
47,0,virchow,hest.read.gene_expression,hest,pearson_r,59.905000,59.629246,0.275754,57.855000
47,0,virchow-2,hest.lung.gene_expression,hest,pearson_r,78.425000,78.168653,0.256347,77.320000
47,0,virchow-2,thunder.spider_thorax.linear_probing,thunder,f1,93.900000,94.839833,0.939833,93.250000
47,0,virchow-2,thunder.bach.linear_probing,thunder,f1,76.500000,79.865863,3.365863,69.500000
47,0,virchow-2,hest.coad.gene_expression,hest,pearson_r,62.905000,64.882286,1.977286,63.242500
47,0,virchow-2,hest.read.gene_expression,hest,pearson_r,60.370000,60.429170,0.059170,57.855000
47,0,virchow-2,thunder.wilds.linear_probing,thunder,f1,90.000000,98.028990,8.028990,96.900000
47,0,virchow-2,thunder.bracs.linear_probing,thunder,f1,62.400000,63.161557,0.761557,59.800000
47,0,virchow-2,thunder.spider_breast.linear_probing,thunder,f1,87.200000,86.863022,0.336978,80.600000
47,0,virchow-2,pathorob.tolkach_esca.robustness_index,pathorob,robustness_index,95.500000,93.944010,1.555990,88.700000
47,0,vit-b,thunder.tcga_uniform.linear_probing,thunder,f1,53.400000,54.400248,1.000248,71.450000
47,0,vit-b,thunder.ccrcc.linear_probing,thunder,f1,79.100000,78.226263,0.873737,89.500000
47,0,vit-b,thunder.bracs.linear_probing,thunder,f1,56.600000,54.548748,2.051252,59.800000
47,0,vit-b,thunder.mhist.linear_probing,thunder,f1,77.600000,78.850957,1.250957,81.400000
47,0,vit-b,thunder.bach.linear_probing,thunder,f1,57.000000,58.514136,1.514136,69.500000
47,0,vit-l,thunder.ccrcc.linear_probing,thunder,f1,77.100000,80.338211,3.238211,89.500000
47,0,vit-l,thunder.spider_thorax.linear_probing,thunder,f1,88.500000,89.108651,0.608651,93.250000
47,0,vit-l,thunder.break_his.linear_probing,thunder,f1,66.300000,66.683076,0.383076,65.950000
47,0,vit-l,thunder.bach.linear_probing,thunder,f1,56.900000,61.521528,4.621528,69.500000
47,0,vit-l,thunder.spider_colorectal.linear_probing,thunder,f1,85.100000,85.370095,0.270095,88.500000
47,1,atlas,pathorob.tcga_2x2.robustness_index,pathorob,robustness_index,82.600000,77.290980,5.309020,69.500000
47,1,ciga,pathorob.tolkach_esca.robustness_index,pathorob,robustness_index,69.300000,68.485773,0.814227,92.050000
47,1,clip-b,thunder.mhist.linear_probing,thunder,f1,77.500000,78.520773,1.020773,81.300000
47,1,clip-b,thunder.break_his.linear_probing,thunder,f1,40.000000,62.531714,22.531714,72.700000
47,1,clip-b,thunder.spider_colorectal.linear_probing,thunder,f1,81.300000,81.695335,0.395335,88.500000
47,1,clip-b,thunder.bracs.linear_probing,thunder,f1,52.400000,50.909865,1.490135,59.400000
47,1,clip-b,thunder.spider_skin.linear_probing,thunder,f1,75.800000,75.988488,0.188488,89.850000
47,1,clip-l,thunder.tcga_uniform.linear_probing,thunder,f1,54.100000,51.089506,3.010494,75.000000
47,1,clip-l,thunder.spider_skin.linear_probing,thunder,f1,78.500000,79.914935,1.414935,89.850000
47,1,clip-l,thunder.bach.linear_probing,thunder,f1,63.500000,54.280026,9.219974,69.600000
47,1,clip-l,thunder.esca.linear_probing,thunder,f1,67.600000,67.834345,0.234345,78.000000
47,1,clip-l,thunder.bracs.linear_probing,thunder,f1,56.400000,52.992964,3.407036,59.400000
47,1,conch,thunder.spider_colorectal.linear_probing,thunder,f1,87.900000,88.428817,0.528817,88.500000
47,1,conch,thunder.spider_thorax.linear_probing,thunder,f1,91.000000,92.594094,1.594094,93.500000
47,1,conch,thunder.tcga_tils.linear_probing,thunder,f1,88.100000,89.374044,1.274044,89.400000
47,1,conch,thunder.tcga_uniform.linear_probing,thunder,f1,68.000000,71.686850,3.686850,75.000000
47,1,conch,thunder.spider_skin.linear_probing,thunder,f1,87.300000,88.236458,0.936458,89.850000
47,1,conch,thunder.mhist.linear_probing,thunder,f1,79.700000,82.189351,2.489351,81.300000
47,1,conch,hest.skcm.gene_expression,hest,pearson_r,78.935000,78.538812,0.396188,77.932500
47,1,conch,thunder.wilds.linear_probing,thunder,f1,97.200000,96.498989,0.701011,94.750000
47,1,conch,pathorob.tcga_2x2.robustness_index,pathorob,robustness_index,82.400000,75.842019,6.557981,69.500000
47,1,conch-1.5,thunder.wilds.linear_probing,thunder,f1,96.700000,96.757349,0.057349,94.750000
47,1,conch-1.5,thunder.break_his.linear_probing,thunder,f1,75.300000,75.959583,0.659583,72.700000
47,1,conch-1.5,thunder.bach.linear_probing,thunder,f1,76.800000,73.195282,3.604718,69.600000
47,1,conch-1.5,thunder.tcga_tils.linear_probing,thunder,f1,89.900000,89.564002,0.335998,89.400000
47,1,conch-1.5,hest.paad.gene_expression,hest,pearson_r,72.850000,73.019523,0.169523,73.655000
47,1,conch-1.5,thunder.spider_thorax.linear_probing,thunder,f1,92.100000,92.809934,0.709934,93.500000
47,1,conch-1.5,pathorob.tcga_2x2.robustness_index,pathorob,robustness_index,83.200000,77.061327,6.138673,69.500000
47,1,conch-1.5,thunder.esca.linear_probing,thunder,f1,82.700000,80.214036,2.485964,78.000000
47,1,conch-1.5,hest.prad.gene_expression,hest,pearson_r,69.040000,67.828357,1.211643,67.250000
47,1,ctranspath,pathorob.camelyon.robustness_index,pathorob,robustness_index,10.600000,33.611921,23.011921,50.550000
47,1,ctranspath,hest.coad.gene_expression,hest,pearson_r,61.910000,60.203669,1.706331,63.115000
47,1,ctranspath,hest.paad.gene_expression,hest,pearson_r,71.570000,70.673233,0.896767,73.655000
47,1,ctranspath,hest.ccrcc.gene_expression,hest,pearson_r,61.810000,58.870378,2.939622,62.220000
47,1,dinov2-b,thunder.ccrcc.linear_probing,thunder,f1,79.700000,81.992936,2.292936,87.400000
47,1,dinov2-b,thunder.spider_thorax.linear_probing,thunder,f1,87.600000,87.677438,0.077438,93.500000
47,1,dinov2-b,thunder.tcga_uniform.linear_probing,thunder,f1,54.400000,53.088321,1.311679,75.000000
47,1,dinov2-b,thunder.bach.linear_probing,thunder,f1,64.400000,60.780960,3.619040,69.600000
47,1,dinov2-b,thunder.tcga_crc_msi.linear_probing,thunder,f1,58.600000,55.021357,3.578643,65.250000
47,1,dinov2-l,thunder.break_his.linear_probing,thunder,f1,78.500000,77.649698,0.850302,72.700000
47,1,dinov2-l,thunder.tcga_crc_msi.linear_probing,thunder,f1,59.300000,55.221477,4.078523,65.250000
47,1,dinov2-l,thunder.spider_colorectal.linear_probing,thunder,f1,85.300000,84.284805,1.015195,88.500000
47,1,dinov2-l,thunder.spider_thorax.linear_probing,thunder,f1,87.700000,87.833493,0.133493,93.500000
47,1,dinov2-l,thunder.esca.linear_probing,thunder,f1,72.100000,72.115507,0.015507,78.000000
47,1,dinov3-b,thunder.ccrcc.linear_probing,thunder,f1,80.700000,84.145873,3.445873,87.400000
47,1,dinov3-b,thunder.mhist.linear_probing,thunder,f1,82.700000,83.390605,0.690605,81.300000
47,1,dinov3-b,thunder.tcga_tils.linear_probing,thunder,f1,86.700000,86.843032,0.143032,89.400000
47,1,dinov3-b,thunder.spider_thorax.linear_probing,thunder,f1,90.000000,88.562925,1.437075,93.500000
47,1,dinov3-b,thunder.spider_colorectal.linear_probing,thunder,f1,84.800000,84.886288,0.086288,88.500000
47,1,dinov3-l,thunder.wilds.linear_probing,thunder,f1,94.800000,92.825741,1.974259,94.750000
47,1,dinov3-l,thunder.tcga_uniform.linear_probing,thunder,f1,59.300000,58.051530,1.248470,75.000000
47,1,dinov3-l,thunder.spider_skin.linear_probing,thunder,f1,82.500000,82.780227,0.280227,89.850000
47,1,dinov3-l,thunder.spider_thorax.linear_probing,thunder,f1,90.100000,89.108804,0.991196,93.500000
47,1,dinov3-l,thunder.crc.linear_probing,thunder,f1,91.500000,90.962555,0.537445,93.000000
47,1,dinov3-s,thunder.crc.linear_probing,thunder,f1,91.400000,90.623743,0.776257,93.000000
47,1,dinov3-s,thunder.spider_thorax.linear_probing,thunder,f1,88.200000,88.469679,0.269679,93.500000
47,1,dinov3-s,thunder.spider_colorectal.linear_probing,thunder,f1,85.000000,84.808547,0.191453,88.500000
47,1,dinov3-s,thunder.spider_breast.linear_probing,thunder,f1,75.000000,75.953886,0.953886,84.300000
47,1,dinov3-s,thunder.patch_camelyon.linear_probing,thunder,f1,86.500000,87.574058,1.074058,90.400000
47,1,genbio-pathfm,thunder.spider_thorax.linear_probing,thunder,f1,94.600000,94.916776,0.316776,93.500000
47,1,genbio-pathfm,hest.lymph_idc.gene_expression,hest,pearson_r,64.210000,63.168408,1.041592,62.630000
47,1,genbio-pathfm,hest.skcm.gene_expression,hest,pearson_r,83.575000,81.157606,2.417394,77.932500
47,1,genbio-pathfm,hest.idc.gene_expression,hest,pearson_r,79.360000,79.310450,0.049550,77.410000
47,1,genbio-pathfm,hest.read.gene_expression,hest,pearson_r,58.925000,59.962081,1.037081,58.777500
47,1,genbio-pathfm,hest.prad.gene_expression,hest,pearson_r,69.565000,68.021964,1.543036,67.250000
47,1,genbio-pathfm,hest.paad.gene_expression,hest,pearson_r,74.795000,74.626020,0.168980,73.655000
47,1,genbio-pathfm,thunder.spider_skin.linear_probing,thunder,f1,93.500000,91.939588,1.560412,89.850000
47,1,gpfm,hest.ccrcc.gene_expression,hest,pearson_r,62.955000,62.202174,0.752826,62.220000
47,1,gpfm,hest.lung.gene_expression,hest,pearson_r,77.360000,76.963460,0.396540,77.565000
47,1,gpfm,hest.skcm.gene_expression,hest,pearson_r,79.455000,78.191427,1.263573,77.932500
47,1,h-optimus-0,thunder.crc.linear_probing,thunder,f1,93.500000,94.861486,1.361486,93.000000
47,1,h-optimus-0,thunder.bach.linear_probing,thunder,f1,69.700000,78.730473,9.030473,69.600000
47,1,h-optimus-0,pathorob.tcga_2x2.robustness_index,pathorob,robustness_index,81.200000,77.196931,4.003069,69.500000
47,1,h-optimus-0,hest.idc.gene_expression,hest,pearson_r,79.880000,79.206861,0.673139,77.410000
47,1,h-optimus-0,hest.prad.gene_expression,hest,pearson_r,69.240000,67.880109,1.359891,67.250000
47,1,h-optimus-0,thunder.break_his.linear_probing,thunder,f1,66.000000,72.627007,6.627007,72.700000
47,1,h-optimus-0,thunder.spider_colorectal.linear_probing,thunder,f1,89.900000,90.723184,0.823184,88.500000
47,1,h-optimus-0,hest.lymph_idc.gene_expression,hest,pearson_r,62.955000,63.049453,0.094453,62.630000
47,1,h-optimus-0,hest.coad.gene_expression,hest,pearson_r,65.430000,64.727496,0.702504,63.115000
47,1,h-optimus-1,hest.prad.gene_expression,hest,pearson_r,68.905000,68.157293,0.747707,67.250000
47,1,h-optimus-1,thunder.bracs.linear_probing,thunder,f1,64.300000,62.961416,1.338584,59.400000
47,1,h-optimus-1,thunder.mhist.linear_probing,thunder,f1,82.000000,83.377430,1.377430,81.300000
47,1,h-optimus-1,hest.skcm.gene_expression,hest,pearson_r,82.945000,81.207508,1.737492,77.932500
47,1,h-optimus-1,thunder.tcga_uniform.linear_probing,thunder,f1,81.000000,82.029444,1.029444,75.000000
47,1,h-optimus-1,thunder.tcga_tils.linear_probing,thunder,f1,91.000000,91.324682,0.324682,89.400000
47,1,h-optimus-1,thunder.patch_camelyon.linear_probing,thunder,f1,93.300000,93.938401,0.638401,90.400000
47,1,h-optimus-1,hest.read.gene_expression,hest,pearson_r,62.105000,59.850151,2.254849,58.777500
47,1,h0-mini,hest.lymph_idc.gene_expression,hest,pearson_r,63.145000,62.943767,0.201233,62.630000
47,1,h0-mini,thunder.tcga_tils.linear_probing,thunder,f1,91.700000,90.631183,1.068817,89.400000
47,1,h0-mini,thunder.bracs.linear_probing,thunder,f1,60.700000,61.576834,0.876834,59.400000
47,1,h0-mini,pathorob.tcga_2x2.robustness_index,pathorob,robustness_index,79.400000,76.367653,3.032347,69.500000
47,1,h0-mini,thunder.esca.linear_probing,thunder,f1,84.400000,82.571152,1.828848,78.000000
47,1,h0-mini,hest.prad.gene_expression,hest,pearson_r,68.435000,67.792676,0.642324,67.250000
47,1,h0-mini,hest.lung.gene_expression,hest,pearson_r,77.410000,77.972187,0.562187,77.565000
47,1,h0-mini,thunder.mhist.linear_probing,thunder,f1,79.900000,81.984351,2.084351,81.300000
47,1,h0-mini,thunder.patch_camelyon.linear_probing,thunder,f1,94.300000,93.038826,1.261174,90.400000
47,1,hibou-b,thunder.crc.linear_probing,thunder,f1,93.900000,93.553440,0.346560,93.000000
47,1,hibou-b,thunder.break_his.linear_probing,thunder,f1,59.600000,46.006240,13.593760,72.700000
47,1,hibou-b,thunder.wilds.linear_probing,thunder,f1,97.100000,97.207825,0.107825,94.750000
47,1,hibou-b,thunder.patch_camelyon.linear_probing,thunder,f1,93.400000,92.341645,1.058355,90.400000
47,1,hibou-b,thunder.tcga_uniform.linear_probing,thunder,f1,70.200000,78.246712,8.046712,75.000000
47,1,hibou-l,hest.prad.gene_expression,hest,pearson_r,64.725000,67.499492,2.774492,67.250000
47,1,hibou-l,hest.skcm.gene_expression,hest,pearson_r,79.085000,80.317877,1.232877,77.932500
47,1,hibou-l,thunder.bach.linear_probing,thunder,f1,76.500000,75.323739,1.176261,69.600000
47,1,hibou-l,thunder.bracs.linear_probing,thunder,f1,62.700000,61.453759,1.246241,59.400000
47,1,hibou-l,hest.idc.gene_expression,hest,pearson_r,78.505000,78.692261,0.187261,77.410000
47,1,hibou-l,hest.coad.gene_expression,hest,pearson_r,65.200000,64.421913,0.778087,63.115000
47,1,hibou-l,thunder.tcga_crc_msi.linear_probing,thunder,f1,68.100000,66.109199,1.990801,65.250000
47,1,hibou-l,hest.paad.gene_expression,hest,pearson_r,73.370000,74.091537,0.721537,73.655000
47,1,hipt,pathorob.tcga_2x2.robustness_index,pathorob,robustness_index,61.400000,57.047183,4.352817,69.500000
47,1,kaiko-vit-b-16,hest.ccrcc.gene_expression,hest,pearson_r,61.455000,63.337953,1.882953,62.220000
47,1,kaiko-vit-b-16,hest.read.gene_expression,hest,pearson_r,57.625000,58.876133,1.251133,58.777500
47,1,kaiko-vit-b-16,hest.lung.gene_expression,hest,pearson_r,75.780000,76.945250,1.165250,77.565000
47,1,kaiko-vit-b-8,hest.skcm.gene_expression,hest,pearson_r,78.625000,78.309739,0.315261,77.932500
47,1,kaiko-vit-b-8,hest.lung.gene_expression,hest,pearson_r,75.915000,77.002139,1.087139,77.565000
47,1,kaiko-vit-b-8,hest.paad.gene_expression,hest,pearson_r,73.005000,72.768832,0.236168,73.655000
47,1,kaiko-vit-b-8,hest.coad.gene_expression,hest,pearson_r,63.415000,62.796761,0.618239,63.115000
47,1,kaiko-vit-b-unspecified-patch,thunder.spider_breast.linear_probing,thunder,f1,81.900000,84.168317,2.268317,84.300000
47,1,kaiko-vit-b-unspecified-patch,thunder.wilds.linear_probing,thunder,f1,95.600000,96.592812,0.992812,94.750000
47,1,kaiko-vit-b-unspecified-patch,thunder.tcga_tils.linear_probing,thunder,f1,90.200000,89.562915,0.637085,89.400000
47,1,kaiko-vit-b-unspecified-patch,thunder.tcga_crc_msi.linear_probing,thunder,f1,67.000000,63.371239,3.628761,65.250000
47,1,kaiko-vit-b-unspecified-patch,thunder.ccrcc.linear_probing,thunder,f1,81.700000,86.143926,4.443926,87.400000
47,1,kaiko-vit-l-14,hest.paad.gene_expression,hest,pearson_r,71.860000,72.565841,0.705841,73.655000
47,1,kaiko-vit-l-14,hest.lymph_idc.gene_expression,hest,pearson_r,61.415000,62.556271,1.141271,62.630000
47,1,kaiko-vit-l-14,hest.skcm.gene_expression,hest,pearson_r,77.665000,78.018698,0.353698,77.932500
47,1,kaiko-vit-s-16,hest.lymph_idc.gene_expression,hest,pearson_r,61.245000,62.420874,1.175874,62.630000
47,1,kaiko-vit-s-16,hest.lung.gene_expression,hest,pearson_r,75.150000,76.285491,1.135491,77.565000
47,1,kaiko-vit-s-16,hest.read.gene_expression,hest,pearson_r,56.640000,56.567608,0.072392,58.777500
47,1,kaiko-vit-s-8,hest.read.gene_expression,hest,pearson_r,57.345000,57.157968,0.187032,58.777500
47,1,kaiko-vit-s-8,hest.paad.gene_expression,hest,pearson_r,70.905000,71.744784,0.839784,73.655000
47,1,kaiko-vit-s-8,hest.coad.gene_expression,hest,pearson_r,61.405000,61.963274,0.558274,63.115000
47,1,kaiko-vit-s-unspecified-patch,thunder.tcga_crc_msi.linear_probing,thunder,f1,62.600000,62.662982,0.062982,65.250000
47,1,kaiko-vit-s-unspecified-patch,thunder.bracs.linear_probing,thunder,f1,61.500000,59.029325,2.470675,59.400000
47,1,kaiko-vit-s-unspecified-patch,thunder.wilds.linear_probing,thunder,f1,95.900000,96.338718,0.438718,94.750000
47,1,kaiko-vit-s-unspecified-patch,thunder.tcga_uniform.linear_probing,thunder,f1,75.700000,71.657754,4.042246,75.000000
47,1,kaiko-vit-s-unspecified-patch,thunder.ccrcc.linear_probing,thunder,f1,84.900000,86.746105,1.846105,87.400000
47,1,kang-dino,pathorob.tcga_2x2.robustness_index,pathorob,robustness_index,66.100000,64.767670,1.332330,69.500000
47,1,keep,thunder.mhist.linear_probing,thunder,f1,76.800000,81.469574,4.669574,81.300000
47,1,keep,thunder.tcga_tils.linear_probing,thunder,f1,89.900000,90.492538,0.592538,89.400000
47,1,keep,thunder.crc.linear_probing,thunder,f1,94.700000,94.219842,0.480158,93.000000
47,1,keep,thunder.wilds.linear_probing,thunder,f1,97.400000,97.684147,0.284147,94.750000
47,1,keep,thunder.spider_colorectal.linear_probing,thunder,f1,89.700000,89.948314,0.248314,88.500000
47,1,lunit-vit-s-8,hest.prad.gene_expression,hest,pearson_r,64.145000,67.096373,2.951373,67.250000
47,1,lunit-vit-s-8,hest.read.gene_expression,hest,pearson_r,58.050000,58.154068,0.104068,58.777500
47,1,lunit-vit-s-8,hest.coad.gene_expression,hest,pearson_r,64.130000,62.926860,1.203140,63.115000
47,1,midnight,thunder.break_his.linear_probing,thunder,f1,56.700000,70.378880,13.678880,72.700000
47,1,midnight,thunder.bracs.linear_probing,thunder,f1,63.800000,62.430842,1.369158,59.400000
47,1,midnight,thunder.ccrcc.linear_probing,thunder,f1,90.800000,90.388161,0.411839,87.400000
47,1,midnight,thunder.spider_colorectal.linear_probing,thunder,f1,89.600000,90.630469,1.030469,88.500000
47,1,midnight,thunder.crc.linear_probing,thunder,f1,95.600000,94.728777,0.871223,93.000000
47,1,midnight,thunder.mhist.linear_probing,thunder,f1,80.200000,81.625825,1.425825,81.300000
47,1,midnight,hest.ccrcc.gene_expression,hest,pearson_r,60.660000,63.449618,2.789618,62.220000
47,1,midnight,thunder.tcga_tils.linear_probing,thunder,f1,91.000000,91.032977,0.032977,89.400000
47,1,musk,thunder.tcga_uniform.linear_probing,thunder,f1,66.000000,63.805419,2.194581,75.000000
47,1,musk,thunder.wilds.linear_probing,thunder,f1,96.000000,94.410939,1.589061,94.750000
47,1,musk,thunder.spider_skin.linear_probing,thunder,f1,87.600000,85.216806,2.383194,89.850000
47,1,musk,thunder.bracs.linear_probing,thunder,f1,63.300000,56.690598,6.609402,59.400000
47,1,musk,thunder.esca.linear_probing,thunder,f1,76.400000,75.918428,0.481572,78.000000
47,1,musk,thunder.tcga_crc_msi.linear_probing,thunder,f1,63.200000,59.290191,3.909809,65.250000
47,1,musk,pathorob.tcga_2x2.robustness_index,pathorob,robustness_index,72.700000,73.586733,0.886733,69.500000
47,1,musk,hest.coad.gene_expression,hest,pearson_r,61.825000,61.282156,0.542844,63.115000
47,1,musk,hest.skcm.gene_expression,hest,pearson_r,76.165000,76.764090,0.599090,77.932500
47,1,openmidnight,thunder.spider_thorax.linear_probing,thunder,f1,93.700000,94.042665,0.342665,93.500000
47,1,openmidnight,thunder.mhist.linear_probing,thunder,f1,81.800000,82.853296,1.053296,81.300000
47,1,openmidnight,thunder.bach.linear_probing,thunder,f1,84.600000,76.974827,7.625173,69.600000
47,1,openmidnight,thunder.patch_camelyon.linear_probing,thunder,f1,93.200000,92.935218,0.264782,90.400000
47,1,openmidnight,thunder.spider_breast.linear_probing,thunder,f1,84.500000,85.929541,1.429541,84.300000
47,1,openmidnight,hest.prad.gene_expression,hest,pearson_r,67.950000,67.965332,0.015332,67.250000
47,1,openmidnight,thunder.spider_colorectal.linear_probing,thunder,f1,88.300000,89.887484,1.587484,88.500000
47,1,openmidnight,thunder.bracs.linear_probing,thunder,f1,59.400000,61.316342,1.916342,59.400000
47,1,phikon,thunder.crc.linear_probing,thunder,f1,92.100000,92.239086,0.139086,93.000000
47,1,phikon,thunder.patch_camelyon.linear_probing,thunder,f1,90.900000,90.422397,0.477603,90.400000
47,1,phikon,thunder.mhist.linear_probing,thunder,f1,78.100000,78.053783,0.046217,81.300000
47,1,phikon,hest.lymph_idc.gene_expression,hest,pearson_r,61.865000,62.119070,0.254070,62.630000
47,1,phikon,thunder.ccrcc.linear_probing,thunder,f1,89.800000,83.027898,6.772102,87.400000
47,1,phikon,thunder.spider_breast.linear_probing,thunder,f1,84.900000,82.620454,2.279546,84.300000
47,1,phikon,thunder.break_his.linear_probing,thunder,f1,60.000000,56.451856,3.548144,72.700000
47,1,phikon,pathorob.tcga_2x2.robustness_index,pathorob,robustness_index,62.300000,64.979339,2.679339,69.500000
47,1,phikon,thunder.bach.linear_probing,thunder,f1,69.300000,66.580783,2.719217,69.600000
47,1,phikon-v2,hest.paad.gene_expression,hest,pearson_r,72.275000,73.104399,0.829399,73.655000
47,1,phikon-v2,thunder.mhist.linear_probing,thunder,f1,79.200000,77.683805,1.516195,81.300000
47,1,phikon-v2,pathorob.tcga_2x2.robustness_index,pathorob,robustness_index,61.900000,63.855739,1.955739,69.500000
47,1,phikon-v2,pathorob.tolkach_esca.robustness_index,pathorob,robustness_index,76.800000,79.004270,2.204270,92.050000
47,1,phikon-v2,hest.lymph_idc.gene_expression,hest,pearson_r,62.185000,62.119478,0.065522,62.630000
47,1,phikon-v2,thunder.wilds.linear_probing,thunder,f1,95.800000,96.043936,0.243936,94.750000
47,1,phikon-v2,thunder.tcga_tils.linear_probing,thunder,f1,91.000000,89.233401,1.766599,89.400000
47,1,phikon-v2,hest.coad.gene_expression,hest,pearson_r,62.500000,63.662157,1.162157,63.115000
47,1,phikon-v2,thunder.break_his.linear_probing,thunder,f1,53.000000,54.322663,1.322663,72.700000
47,1,plip,thunder.spider_skin.linear_probing,thunder,f1,82.100000,82.806713,0.706713,89.850000
47,1,plip,thunder.ccrcc.linear_probing,thunder,f1,76.900000,76.482482,0.417518,87.400000
47,1,plip,thunder.bracs.linear_probing,thunder,f1,56.500000,54.647858,1.852142,59.400000
47,1,plip,thunder.spider_breast.linear_probing,thunder,f1,77.100000,77.201939,0.101939,84.300000
47,1,plip,thunder.esca.linear_probing,thunder,f1,65.700000,69.915314,4.215314,78.000000
47,1,prov-gigapath,hest.coad.gene_expression,hest,pearson_r,64.960000,63.584686,1.375314,63.115000
47,1,prov-gigapath,thunder.bracs.linear_probing,thunder,f1,62.700000,60.340067,2.359933,59.400000
47,1,prov-gigapath,thunder.patch_camelyon.linear_probing,thunder,f1,93.500000,92.185247,1.314753,90.400000
47,1,prov-gigapath,hest.lung.gene_expression,hest,pearson_r,77.060000,77.565384,0.505384,77.565000
47,1,prov-gigapath,thunder.break_his.linear_probing,thunder,f1,65.400000,69.808399,4.408399,72.700000
47,1,prov-gigapath,hest.read.gene_expression,hest,pearson_r,59.805000,58.805946,0.999054,58.777500
47,1,prov-gigapath,thunder.tcga_tils.linear_probing,thunder,f1,89.100000,89.994540,0.894540,89.400000
47,1,prov-gigapath,pathorob.tolkach_esca.robustness_index,pathorob,robustness_index,75.400000,91.217010,15.817010,92.050000
47,1,prov-gigapath,hest.prad.gene_expression,hest,pearson_r,68.495000,67.585818,0.909182,67.250000
47,1,quiltnet,thunder.break_his.linear_probing,thunder,f1,62.400000,40.847567,21.552433,72.700000
47,1,quiltnet,thunder.crc.linear_probing,thunder,f1,92.500000,88.950180,3.549820,93.000000
47,1,quiltnet,thunder.esca.linear_probing,thunder,f1,61.500000,67.692753,6.192753,78.000000
47,1,quiltnet,thunder.bracs.linear_probing,thunder,f1,55.900000,54.328549,1.571451,59.400000
47,1,quiltnet,thunder.tcga_crc_msi.linear_probing,thunder,f1,59.600000,55.199215,4.400785,65.250000
47,1,resnet50,hest.lymph_idc.gene_expression,hest,pearson_r,61.525000,60.652917,0.872083,62.630000
47,1,resnet50,hest.read.gene_expression,hest,pearson_r,53.915000,55.945070,2.030070,58.777500
47,1,resnet50,hest.coad.gene_expression,hest,pearson_r,62.500000,60.655572,1.844428,63.115000
47,1,retccl,pathorob.tolkach_esca.robustness_index,pathorob,robustness_index,87.800000,79.114351,8.685649,92.050000
47,1,rudolfv,pathorob.camelyon.robustness_index,pathorob,robustness_index,18.400000,2.172538,16.227462,50.550000
47,1,uni,thunder.spider_colorectal.linear_probing,thunder,f1,90.400000,89.699164,0.700836,88.500000
47,1,uni,hest.prad.gene_expression,hest,pearson_r,64.715000,67.737824,3.022824,67.250000
47,1,uni,thunder.break_his.linear_probing,thunder,f1,70.800000,72.100848,1.300848,72.700000
47,1,uni,hest.coad.gene_expression,hest,pearson_r,63.070000,63.803925,0.733925,63.115000
47,1,uni,hest.lung.gene_expression,hest,pearson_r,77.320000,77.759514,0.439514,77.565000
47,1,uni,pathorob.camelyon.robustness_index,pathorob,robustness_index,14.500000,53.581639,39.081639,50.550000
47,1,uni,hest.skcm.gene_expression,hest,pearson_r,81.730000,79.896655,1.833345,77.932500
47,1,uni,thunder.wilds.linear_probing,thunder,f1,97.200000,97.538300,0.338300,94.750000
47,1,uni,thunder.spider_thorax.linear_probing,thunder,f1,93.900000,93.870479,0.029521,93.500000
47,1,uni2-h,pathorob.tcga_2x2.robustness_index,pathorob,robustness_index,80.300000,78.050269,2.249731,69.500000
47,1,uni2-h,thunder.wilds.linear_probing,thunder,f1,98.900000,98.517692,0.382308,94.750000
47,1,uni2-h,thunder.esca.linear_probing,thunder,f1,86.400000,84.829959,1.570041,78.000000
47,1,uni2-h,hest.coad.gene_expression,hest,pearson_r,65.075000,65.165504,0.090504,63.115000
47,1,uni2-h,thunder.tcga_uniform.linear_probing,thunder,f1,78.800000,83.213030,4.413030,75.000000
47,1,uni2-h,thunder.ccrcc.linear_probing,thunder,f1,89.500000,91.614396,2.114396,87.400000
47,1,uni2-h,thunder.spider_colorectal.linear_probing,thunder,f1,90.500000,91.186364,0.686364,88.500000
47,1,uni2-h,thunder.spider_breast.linear_probing,thunder,f1,86.700000,88.352890,1.652890,84.300000
47,1,uni2-h,thunder.crc.linear_probing,thunder,f1,93.900000,95.199359,1.299359,93.000000
47,1,virchow,thunder.bracs.linear_probing,thunder,f1,59.800000,61.817299,2.017299,59.400000
47,1,virchow,hest.idc.gene_expression,hest,pearson_r,79.230000,78.862102,0.367898,77.410000
47,1,virchow,thunder.patch_camelyon.linear_probing,thunder,f1,93.600000,93.141686,0.458314,90.400000
47,1,virchow,thunder.tcga_crc_msi.linear_probing,thunder,f1,65.500000,66.677176,1.177176,65.250000
47,1,virchow,pathorob.camelyon.robustness_index,pathorob,robustness_index,75.100000,39.754632,35.345368,50.550000
47,1,virchow,thunder.crc.linear_probing,thunder,f1,93.700000,94.426844,0.726844,93.000000
47,1,virchow,hest.coad.gene_expression,hest,pearson_r,65.395000,64.468494,0.926506,63.115000
47,1,virchow,thunder.break_his.linear_probing,thunder,f1,62.700000,69.220129,6.520129,72.700000
47,1,virchow,thunder.mhist.linear_probing,thunder,f1,82.300000,81.292780,1.007220,81.300000
47,1,virchow-2,hest.paad.gene_expression,hest,pearson_r,73.895000,74.275502,0.380502,73.655000
47,1,virchow-2,thunder.crc.linear_probing,thunder,f1,93.000000,94.665051,1.665051,93.000000
47,1,virchow-2,thunder.tcga_tils.linear_probing,thunder,f1,90.900000,90.883877,0.016123,89.400000
47,1,virchow-2,thunder.esca.linear_probing,thunder,f1,88.900000,83.412300,5.487700,78.000000
47,1,virchow-2,thunder.patch_camelyon.linear_probing,thunder,f1,92.800000,93.374502,0.574502,90.400000
47,1,virchow-2,hest.skcm.gene_expression,hest,pearson_r,82.010000,80.639946,1.370054,77.932500
47,1,virchow-2,thunder.ccrcc.linear_probing,thunder,f1,93.600000,90.730802,2.869198,87.400000
47,1,virchow-2,pathorob.tcga_2x2.robustness_index,pathorob,robustness_index,82.200000,77.972569,4.227431,69.500000
47,1,virchow-2,thunder.break_his.linear_probing,thunder,f1,72.500000,74.477371,1.977371,72.700000
47,1,vit-b,thunder.wilds.linear_probing,thunder,f1,91.300000,89.997463,1.302537,94.750000
47,1,vit-b,thunder.crc.linear_probing,thunder,f1,90.600000,89.273566,1.326434,93.000000
47,1,vit-b,thunder.break_his.linear_probing,thunder,f1,64.500000,56.177096,8.322904,72.700000
47,1,vit-b,thunder.tcga_crc_msi.linear_probing,thunder,f1,59.100000,55.020095,4.079905,65.250000
47,1,vit-b,thunder.spider_skin.linear_probing,thunder,f1,81.200000,81.779489,0.579489,89.850000
47,1,vit-l,thunder.tcga_uniform.linear_probing,thunder,f1,55.900000,57.550585,1.650585,75.000000
47,1,vit-l,thunder.esca.linear_probing,thunder,f1,67.900000,71.780253,3.880253,78.000000
47,1,vit-l,thunder.patch_camelyon.linear_probing,thunder,f1,85.700000,87.436995,1.736995,90.400000
47,1,vit-l,thunder.tcga_crc_msi.linear_probing,thunder,f1,56.800000,56.345500,0.454500,65.250000
47,1,vit-l,thunder.crc.linear_probing,thunder,f1,92.800000,90.198540,2.601460,93.000000
47,2,atlas,pathorob.tolkach_esca.robustness_index,pathorob,robustness_index,93.800000,91.078365,2.721635,85.500000
47,2,ciga,pathorob.camelyon.robustness_index,pathorob,robustness_index,13.500000,0.883461,12.616539,29.150000
47,2,clip-b,thunder.tcga_tils.linear_probing,thunder,f1,83.800000,85.003563,1.203563,90.200000
47,2,clip-b,thunder.tcga_uniform.linear_probing,thunder,f1,47.900000,44.444676,3.455324,69.100000
47,2,clip-b,thunder.spider_thorax.linear_probing,thunder,f1,84.700000,85.778211,1.078211,92.250000
47,2,clip-b,thunder.patch_camelyon.linear_probing,thunder,f1,82.700000,83.914500,1.214500,91.150000
47,2,clip-b,thunder.bach.linear_probing,thunder,f1,51.100000,48.814091,2.285909,69.700000
47,2,clip-b,thunder.ccrcc.linear_probing,thunder,f1,73.700000,68.403314,5.296686,81.650000
47,2,clip-l,thunder.tcga_crc_msi.linear_probing,thunder,f1,52.000000,56.744954,4.744954,63.800000
47,2,clip-l,thunder.break_his.linear_probing,thunder,f1,54.500000,49.896441,4.603559,67.550000
47,2,clip-l,thunder.spider_colorectal.linear_probing,thunder,f1,82.800000,83.677905,0.877905,87.900000
47,2,clip-l,thunder.spider_breast.linear_probing,thunder,f1,73.600000,76.068967,2.468967,85.600000
47,2,clip-l,thunder.crc.linear_probing,thunder,f1,88.300000,89.985458,1.685458,93.000000
47,2,clip-l,thunder.spider_thorax.linear_probing,thunder,f1,86.700000,88.576311,1.876311,92.250000
47,2,conch,pathorob.tolkach_esca.robustness_index,pathorob,robustness_index,95.100000,83.899791,11.200209,85.500000
47,2,conch,hest.coad.gene_expression,hest,pearson_r,62.445000,63.623883,1.178883,63.415000
47,2,conch,thunder.ccrcc.linear_probing,thunder,f1,88.100000,86.423773,1.676227,81.650000
47,2,conch,hest.prad.gene_expression,hest,pearson_r,67.740000,67.438134,0.301866,67.150000
47,2,conch,pathorob.camelyon.robustness_index,pathorob,robustness_index,66.200000,13.018693,53.181307,29.150000
47,2,conch,hest.paad.gene_expression,hest,pearson_r,72.340000,73.082478,0.742478,73.005000
47,2,conch,thunder.spider_breast.linear_probing,thunder,f1,82.100000,83.192211,1.092211,85.600000
47,2,conch,hest.lung.gene_expression,hest,pearson_r,76.610000,76.805722,0.195722,77.190000
47,2,conch,hest.lymph_idc.gene_expression,hest,pearson_r,62.535000,62.709748,0.174748,62.342500
47,2,conch,thunder.esca.linear_probing,thunder,f1,80.100000,79.886097,0.213903,77.050000
47,2,conch-1.5,thunder.ccrcc.linear_probing,thunder,f1,87.400000,87.870217,0.470217,81.650000
47,2,conch-1.5,thunder.spider_skin.linear_probing,thunder,f1,87.000000,89.865275,2.865275,87.450000
47,2,conch-1.5,hest.lymph_idc.gene_expression,hest,pearson_r,63.495000,63.011516,0.483484,62.342500
47,2,conch-1.5,hest.coad.gene_expression,hest,pearson_r,64.010000,64.017130,0.007130,63.415000
47,2,conch-1.5,thunder.tcga_crc_msi.linear_probing,thunder,f1,62.300000,65.082033,2.782033,63.800000
47,2,conch-1.5,pathorob.camelyon.robustness_index,pathorob,robustness_index,77.400000,18.912315,58.487685,29.150000
47,2,conch-1.5,thunder.crc.linear_probing,thunder,f1,93.800000,93.730332,0.069668,93.000000
47,2,conch-1.5,thunder.tcga_uniform.linear_probing,thunder,f1,69.400000,73.222840,3.822840,69.100000
47,2,conch-1.5,hest.idc.gene_expression,hest,pearson_r,77.200000,78.141475,0.941475,77.995000
47,2,conch-1.5,pathorob.tolkach_esca.robustness_index,pathorob,robustness_index,95.100000,86.347757,8.752243,85.500000
47,2,ctranspath,pathorob.tolkach_esca.robustness_index,pathorob,robustness_index,87.200000,68.621779,18.578221,85.500000
47,2,ctranspath,hest.read.gene_expression,hest,pearson_r,54.840000,56.752073,1.912073,58.777500
47,2,ctranspath,hest.prad.gene_expression,hest,pearson_r,67.755000,64.595151,3.159849,67.150000
47,2,ctranspath,hest.lymph_idc.gene_expression,hest,pearson_r,62.045000,61.069729,0.975271,62.342500
47,2,dinov2-b,thunder.patch_camelyon.linear_probing,thunder,f1,86.300000,86.333547,0.033547,91.150000
47,2,dinov2-b,thunder.bracs.linear_probing,thunder,f1,52.900000,54.495441,1.595441,59.900000
47,2,dinov2-b,thunder.mhist.linear_probing,thunder,f1,82.600000,77.231458,5.368542,79.800000
47,2,dinov2-b,thunder.tcga_tils.linear_probing,thunder,f1,85.900000,86.528600,0.628600,90.200000
47,2,dinov2-b,thunder.spider_colorectal.linear_probing,thunder,f1,83.900000,84.585558,0.685558,87.900000
47,2,dinov2-b,thunder.spider_breast.linear_probing,thunder,f1,76.000000,75.410951,0.589049,85.600000
47,2,dinov2-l,thunder.mhist.linear_probing,thunder,f1,82.300000,77.150118,5.149882,79.800000
47,2,dinov2-l,thunder.tcga_tils.linear_probing,thunder,f1,85.900000,86.449839,0.549839,90.200000
47,2,dinov2-l,thunder.spider_skin.linear_probing,thunder,f1,82.100000,80.265622,1.834378,87.450000
47,2,dinov2-l,thunder.tcga_uniform.linear_probing,thunder,f1,56.200000,55.746087,0.453913,69.100000
47,2,dinov2-l,thunder.spider_breast.linear_probing,thunder,f1,74.000000,75.183218,1.183218,85.600000
47,2,dinov2-l,thunder.patch_camelyon.linear_probing,thunder,f1,87.200000,86.150577,1.049423,91.150000
47,2,dinov3-b,thunder.tcga_crc_msi.linear_probing,thunder,f1,57.200000,58.575416,1.375416,63.800000
47,2,dinov3-b,thunder.bracs.linear_probing,thunder,f1,55.400000,56.627206,1.227206,59.900000
47,2,dinov3-b,thunder.break_his.linear_probing,thunder,f1,81.800000,53.457372,28.342628,67.550000
47,2,dinov3-b,thunder.spider_breast.linear_probing,thunder,f1,76.500000,77.915279,1.415279,85.600000
47,2,dinov3-b,thunder.crc.linear_probing,thunder,f1,89.500000,90.791632,1.291632,93.000000
47,2,dinov3-b,thunder.patch_camelyon.linear_probing,thunder,f1,88.000000,88.186692,0.186692,91.150000
47,2,dinov3-l,thunder.spider_breast.linear_probing,thunder,f1,78.300000,77.851137,0.448863,85.600000
47,2,dinov3-l,thunder.mhist.linear_probing,thunder,f1,84.100000,77.798250,6.301750,79.800000
47,2,dinov3-l,thunder.spider_colorectal.linear_probing,thunder,f1,86.300000,85.685005,0.614995,87.900000
47,2,dinov3-l,thunder.tcga_crc_msi.linear_probing,thunder,f1,55.500000,59.850351,4.350351,63.800000
47,2,dinov3-l,thunder.ccrcc.linear_probing,thunder,f1,82.500000,81.388708,1.111292,81.650000
47,2,dinov3-l,thunder.bracs.linear_probing,thunder,f1,54.600000,56.110351,1.510351,59.900000
47,2,dinov3-s,thunder.wilds.linear_probing,thunder,f1,94.100000,92.663373,1.436627,95.850000
47,2,dinov3-s,thunder.tcga_uniform.linear_probing,thunder,f1,53.900000,57.840040,3.940040,69.100000
47,2,dinov3-s,thunder.spider_skin.linear_probing,thunder,f1,81.800000,81.434496,0.365504,87.450000
47,2,dinov3-s,thunder.bach.linear_probing,thunder,f1,56.400000,64.649861,8.249861,69.700000
47,2,dinov3-s,thunder.mhist.linear_probing,thunder,f1,82.900000,77.340411,5.559589,79.800000
47,2,dinov3-s,thunder.tcga_tils.linear_probing,thunder,f1,86.300000,86.768885,0.468885,90.200000
47,2,genbio-pathfm,thunder.patch_camelyon.linear_probing,thunder,f1,93.800000,94.114690,0.314690,91.150000
47,2,genbio-pathfm,thunder.mhist.linear_probing,thunder,f1,83.200000,82.285979,0.914021,79.800000
47,2,genbio-pathfm,thunder.tcga_uniform.linear_probing,thunder,f1,79.900000,81.670530,1.770530,69.100000
47,2,genbio-pathfm,thunder.tcga_crc_msi.linear_probing,thunder,f1,68.000000,69.525790,1.525790,63.800000
47,2,genbio-pathfm,thunder.bracs.linear_probing,thunder,f1,60.100000,64.827722,4.727722,59.900000
47,2,genbio-pathfm,hest.lung.gene_expression,hest,pearson_r,78.935000,78.168244,0.766756,77.190000
47,2,genbio-pathfm,thunder.esca.linear_probing,thunder,f1,84.700000,87.324562,2.624562,77.050000
47,2,genbio-pathfm,thunder.spider_colorectal.linear_probing,thunder,f1,90.500000,90.929758,0.429758,87.900000
47,2,genbio-pathfm,thunder.ccrcc.linear_probing,thunder,f1,91.600000,92.029710,0.429710,81.650000
47,2,gpfm,hest.idc.gene_expression,hest,pearson_r,78.300000,78.069043,0.230957,77.995000
47,2,gpfm,hest.paad.gene_expression,hest,pearson_r,73.005000,73.012799,0.007799,73.005000
47,2,gpfm,hest.read.gene_expression,hest,pearson_r,58.230000,58.841583,0.611583,58.777500
47,2,h-optimus-0,thunder.ccrcc.linear_probing,thunder,f1,90.800000,90.397930,0.402070,81.650000
47,2,h-optimus-0,hest.lung.gene_expression,hest,pearson_r,77.950000,77.848054,0.101946,77.190000
47,2,h-optimus-0,hest.paad.gene_expression,hest,pearson_r,74.555000,74.172822,0.382178,73.005000
47,2,h-optimus-0,thunder.bracs.linear_probing,thunder,f1,61.100000,63.489666,2.389666,59.900000
47,2,h-optimus-0,thunder.mhist.linear_probing,thunder,f1,82.800000,81.751034,1.048966,79.800000
47,2,h-optimus-0,thunder.spider_breast.linear_probing,thunder,f1,87.200000,86.781685,0.418315,85.600000
47,2,h-optimus-0,thunder.tcga_uniform.linear_probing,thunder,f1,79.300000,78.665833,0.634167,69.100000
47,2,h-optimus-0,hest.read.gene_expression,hest,pearson_r,61.080000,60.098633,0.981367,58.777500
47,2,h-optimus-0,pathorob.camelyon.robustness_index,pathorob,robustness_index,70.500000,53.699651,16.800349,29.150000
47,2,h-optimus-0,pathorob.tolkach_esca.robustness_index,pathorob,robustness_index,91.800000,91.210281,0.589719,85.500000
47,2,h-optimus-1,hest.lung.gene_expression,hest,pearson_r,78.895000,78.114512,0.780488,77.190000
47,2,h-optimus-1,thunder.spider_skin.linear_probing,thunder,f1,92.300000,93.148445,0.848445,87.450000
47,2,h-optimus-1,thunder.tcga_crc_msi.linear_probing,thunder,f1,67.900000,69.123461,1.223461,63.800000
47,2,h-optimus-1,thunder.spider_breast.linear_probing,thunder,f1,86.100000,87.679574,1.579574,85.600000
47,2,h-optimus-1,thunder.ccrcc.linear_probing,thunder,f1,91.700000,91.667726,0.032274,81.650000
47,2,h-optimus-1,thunder.spider_colorectal.linear_probing,thunder,f1,90.300000,90.743761,0.443761,87.900000
47,2,h-optimus-1,thunder.wilds.linear_probing,thunder,f1,98.200000,98.350513,0.150513,95.850000
47,2,h-optimus-1,thunder.crc.linear_probing,thunder,f1,94.600000,95.064862,0.464862,93.000000
47,2,h-optimus-1,hest.idc.gene_expression,hest,pearson_r,80.120000,79.449196,0.670804,77.995000
47,2,h0-mini,thunder.tcga_crc_msi.linear_probing,thunder,f1,66.500000,67.550501,1.050501,63.800000
47,2,h0-mini,thunder.ccrcc.linear_probing,thunder,f1,90.200000,90.192294,0.007706,81.650000
47,2,h0-mini,pathorob.camelyon.robustness_index,pathorob,robustness_index,71.800000,42.034072,29.765928,29.150000
47,2,h0-mini,hest.idc.gene_expression,hest,pearson_r,79.310000,78.998352,0.311648,77.995000
47,2,h0-mini,thunder.wilds.linear_probing,thunder,f1,98.200000,97.880901,0.319099,95.850000
47,2,h0-mini,thunder.break_his.linear_probing,thunder,f1,69.000000,71.151061,2.151061,67.550000
47,2,h0-mini,thunder.tcga_uniform.linear_probing,thunder,f1,78.200000,78.402045,0.202045,69.100000
47,2,h0-mini,thunder.spider_thorax.linear_probing,thunder,f1,93.400000,94.082669,0.682669,92.250000
47,2,h0-mini,thunder.spider_skin.linear_probing,thunder,f1,90.400000,92.090336,1.690336,87.450000
47,2,h0-mini,hest.coad.gene_expression,hest,pearson_r,62.470000,64.820133,2.350133,63.415000
47,2,hibou-b,thunder.tcga_tils.linear_probing,thunder,f1,89.600000,89.939606,0.339606,90.200000
47,2,hibou-b,thunder.tcga_crc_msi.linear_probing,thunder,f1,66.200000,64.504135,1.695865,63.800000
47,2,hibou-b,thunder.spider_colorectal.linear_probing,thunder,f1,90.700000,88.398439,2.301561,87.900000
47,2,hibou-b,thunder.bach.linear_probing,thunder,f1,65.600000,72.511193,6.911193,69.700000
47,2,hibou-b,thunder.spider_thorax.linear_probing,thunder,f1,94.500000,92.916987,1.583013,92.250000
47,2,hibou-b,thunder.bracs.linear_probing,thunder,f1,61.700000,60.918089,0.781911,59.900000
47,2,hibou-l,hest.lymph_idc.gene_expression,hest,pearson_r,62.160000,62.599469,0.439469,62.342500
47,2,hibou-l,thunder.spider_breast.linear_probing,thunder,f1,88.000000,85.752688,2.247312,85.600000
47,2,hibou-l,thunder.crc.linear_probing,thunder,f1,93.000000,94.088314,1.088314,93.000000
47,2,hibou-l,thunder.spider_thorax.linear_probing,thunder,f1,94.100000,93.653079,0.446921,92.250000
47,2,hibou-l,hest.lung.gene_expression,hest,pearson_r,78.810000,77.530433,1.279567,77.190000
47,2,hibou-l,thunder.esca.linear_probing,thunder,f1,77.500000,83.131269,5.631269,77.050000
47,2,hibou-l,thunder.spider_colorectal.linear_probing,thunder,f1,89.800000,89.338728,0.461272,87.900000
47,2,hibou-l,thunder.tcga_tils.linear_probing,thunder,f1,90.300000,90.374470,0.074470,90.200000
47,2,hibou-l,thunder.mhist.linear_probing,thunder,f1,81.300000,80.885891,0.414109,79.800000
47,2,hipt,pathorob.tolkach_esca.robustness_index,pathorob,robustness_index,72.600000,71.040295,1.559705,85.500000
47,2,kaiko-vit-b-16,hest.prad.gene_expression,hest,pearson_r,66.375000,66.196944,0.178056,67.150000
47,2,kaiko-vit-b-16,hest.idc.gene_expression,hest,pearson_r,76.760000,77.373746,0.613746,77.995000
47,2,kaiko-vit-b-16,hest.skcm.gene_expression,hest,pearson_r,77.510000,77.971139,0.461139,79.010000
47,2,kaiko-vit-b-8,pathorob.camelyon.robustness_index,pathorob,robustness_index,14.700000,13.420644,1.279356,29.150000
47,2,kaiko-vit-b-8,hest.prad.gene_expression,hest,pearson_r,68.055000,66.005059,2.049941,67.150000
47,2,kaiko-vit-b-8,pathorob.tolkach_esca.robustness_index,pathorob,robustness_index,89.600000,81.467560,8.132440,85.500000
47,2,kaiko-vit-b-8,hest.ccrcc.gene_expression,hest,pearson_r,61.565000,62.375123,0.810123,61.980000
47,2,kaiko-vit-b-unspecified-patch,thunder.patch_camelyon.linear_probing,thunder,f1,90.400000,92.057523,1.657523,91.150000
47,2,kaiko-vit-b-unspecified-patch,thunder.break_his.linear_probing,thunder,f1,67.200000,64.939205,2.260795,67.550000
47,2,kaiko-vit-b-unspecified-patch,thunder.spider_skin.linear_probing,thunder,f1,87.400000,89.556049,2.156049,87.450000
47,2,kaiko-vit-b-unspecified-patch,thunder.spider_colorectal.linear_probing,thunder,f1,88.500000,88.374859,0.125141,87.900000
47,2,kaiko-vit-b-unspecified-patch,thunder.mhist.linear_probing,thunder,f1,78.300000,77.460663,0.839337,79.800000
47,2,kaiko-vit-b-unspecified-patch,thunder.bracs.linear_probing,thunder,f1,59.400000,60.584198,1.184198,59.900000
47,2,kaiko-vit-l-14,hest.read.gene_expression,hest,pearson_r,57.360000,58.185056,0.825056,58.777500
47,2,kaiko-vit-l-14,hest.ccrcc.gene_expression,hest,pearson_r,60.970000,62.563689,1.593689,61.980000
47,2,kaiko-vit-l-14,hest.prad.gene_expression,hest,pearson_r,67.350000,65.307636,2.042364,67.150000
47,2,kaiko-vit-s-16,hest.prad.gene_expression,hest,pearson_r,67.415000,64.428896,2.986104,67.150000
47,2,kaiko-vit-s-16,hest.paad.gene_expression,hest,pearson_r,72.045000,71.170295,0.874705,73.005000
47,2,kaiko-vit-s-16,hest.skcm.gene_expression,hest,pearson_r,77.245000,75.370356,1.874644,79.010000
47,2,kaiko-vit-s-8,hest.lung.gene_expression,hest,pearson_r,75.265000,75.953442,0.688442,77.190000
47,2,kaiko-vit-s-8,hest.lymph_idc.gene_expression,hest,pearson_r,62.315000,61.417882,0.897118,62.342500
47,2,kaiko-vit-s-8,hest.idc.gene_expression,hest,pearson_r,76.520000,76.749993,0.229993,77.995000
47,2,kaiko-vit-s-unspecified-patch,thunder.tcga_tils.linear_probing,thunder,f1,90.100000,89.236164,0.863836,90.200000
47,2,kaiko-vit-s-unspecified-patch,thunder.mhist.linear_probing,thunder,f1,81.400000,79.708116,1.691884,79.800000
47,2,kaiko-vit-s-unspecified-patch,thunder.spider_thorax.linear_probing,thunder,f1,93.100000,92.211926,0.888074,92.250000
47,2,kaiko-vit-s-unspecified-patch,thunder.crc.linear_probing,thunder,f1,92.300000,93.196351,0.896351,93.000000
47,2,kaiko-vit-s-unspecified-patch,thunder.bach.linear_probing,thunder,f1,72.600000,71.600710,0.999290,69.700000
47,2,kaiko-vit-s-unspecified-patch,thunder.spider_colorectal.linear_probing,thunder,f1,88.400000,87.897064,0.502936,87.900000
47,2,kang-dino,pathorob.camelyon.robustness_index,pathorob,robustness_index,4.300000,5.766296,1.466296,29.150000
47,2,keep,thunder.patch_camelyon.linear_probing,thunder,f1,92.600000,92.802223,0.202223,91.150000
47,2,keep,thunder.tcga_uniform.linear_probing,thunder,f1,72.700000,76.002218,3.302218,69.100000
47,2,keep,thunder.break_his.linear_probing,thunder,f1,65.900000,69.657572,3.757572,67.550000
47,2,keep,thunder.bracs.linear_probing,thunder,f1,62.200000,61.887776,0.312224,59.900000
47,2,keep,thunder.ccrcc.linear_probing,thunder,f1,93.200000,88.335331,4.864669,81.650000
47,2,keep,thunder.spider_thorax.linear_probing,thunder,f1,93.800000,93.493874,0.306126,92.250000
47,2,lunit-vit-s-8,hest.lymph_idc.gene_expression,hest,pearson_r,62.530000,61.822183,0.707817,62.342500
47,2,lunit-vit-s-8,hest.lung.gene_expression,hest,pearson_r,77.075000,76.404209,0.670791,77.190000
47,2,lunit-vit-s-8,hest.ccrcc.gene_expression,hest,pearson_r,62.315000,61.644543,0.670457,61.980000
47,2,midnight,thunder.spider_thorax.linear_probing,thunder,f1,94.400000,93.737237,0.662763,92.250000
47,2,midnight,hest.skcm.gene_expression,hest,pearson_r,81.800000,80.287458,1.512542,79.010000
47,2,midnight,thunder.spider_breast.linear_probing,thunder,f1,86.100000,85.871801,0.228199,85.600000
47,2,midnight,thunder.bach.linear_probing,thunder,f1,87.900000,76.600909,11.299091,69.700000
47,2,midnight,hest.idc.gene_expression,hest,pearson_r,79.115000,78.575123,0.539877,77.995000
47,2,midnight,hest.lymph_idc.gene_expression,hest,pearson_r,63.210000,63.072325,0.137675,62.342500
47,2,midnight,thunder.esca.linear_probing,thunder,f1,86.200000,83.635229,2.564771,77.050000
47,2,midnight,hest.paad.gene_expression,hest,pearson_r,74.500000,73.747065,0.752935,73.005000
47,2,midnight,thunder.tcga_uniform.linear_probing,thunder,f1,85.200000,76.675097,8.524903,69.100000
47,2,musk,hest.paad.gene_expression,hest,pearson_r,71.385000,72.523847,1.138847,73.005000
47,2,musk,thunder.spider_colorectal.linear_probing,thunder,f1,87.900000,86.848086,1.051914,87.900000
47,2,musk,thunder.spider_breast.linear_probing,thunder,f1,80.600000,81.286272,0.686272,85.600000
47,2,musk,hest.idc.gene_expression,hest,pearson_r,76.240000,77.072734,0.832734,77.995000
47,2,musk,thunder.bach.linear_probing,thunder,f1,69.900000,68.228107,1.671893,69.700000
47,2,musk,thunder.tcga_tils.linear_probing,thunder,f1,89.400000,88.610885,0.789115,90.200000
47,2,musk,pathorob.tolkach_esca.robustness_index,pathorob,robustness_index,92.800000,76.645813,16.154187,85.500000
47,2,musk,thunder.ccrcc.linear_probing,thunder,f1,85.300000,83.868524,1.431476,81.650000
47,2,musk,pathorob.camelyon.robustness_index,pathorob,robustness_index,46.700000,6.587731,40.112269,29.150000
47,2,musk,thunder.break_his.linear_probing,thunder,f1,77.600000,62.042996,15.557004,67.550000
47,2,openmidnight,thunder.esca.linear_probing,thunder,f1,79.800000,83.408407,3.608407,77.050000
47,2,openmidnight,thunder.tcga_tils.linear_probing,thunder,f1,91.000000,90.225986,0.774014,90.200000
47,2,openmidnight,hest.ccrcc.gene_expression,hest,pearson_r,62.290000,62.184282,0.105718,61.980000
47,2,openmidnight,thunder.ccrcc.linear_probing,thunder,f1,92.000000,89.166113,2.833887,81.650000
47,2,openmidnight,thunder.spider_skin.linear_probing,thunder,f1,90.500000,91.089837,0.589837,87.450000
47,2,openmidnight,thunder.tcga_crc_msi.linear_probing,thunder,f1,66.300000,66.353311,0.053311,63.800000
47,2,openmidnight,thunder.crc.linear_probing,thunder,f1,94.200000,94.150274,0.049726,93.000000
47,2,openmidnight,thunder.break_his.linear_probing,thunder,f1,77.300000,70.249472,7.050528,67.550000
47,2,openmidnight,hest.lung.gene_expression,hest,pearson_r,77.670000,77.470151,0.199849,77.190000
47,2,phikon,thunder.spider_colorectal.linear_probing,thunder,f1,88.500000,86.986173,1.513827,87.900000
47,2,phikon,thunder.tcga_uniform.linear_probing,thunder,f1,76.600000,67.021878,9.578122,69.100000
47,2,phikon,thunder.tcga_crc_msi.linear_probing,thunder,f1,63.100000,61.999991,1.100009,63.800000
47,2,phikon,hest.read.gene_expression,hest,pearson_r,57.660000,57.488298,0.171702,58.777500
47,2,phikon,hest.lung.gene_expression,hest,pearson_r,77.330000,76.371876,0.958124,77.190000
47,2,phikon,thunder.spider_skin.linear_probing,thunder,f1,87.900000,87.042454,0.857546,87.450000
47,2,phikon,thunder.esca.linear_probing,thunder,f1,76.700000,76.805736,0.105736,77.050000
47,2,phikon,hest.ccrcc.gene_expression,hest,pearson_r,62.115000,60.848255,1.266745,61.980000
47,2,phikon,thunder.wilds.linear_probing,thunder,f1,97.800000,95.205693,2.594307,95.850000
47,2,phikon,pathorob.tolkach_esca.robustness_index,pathorob,robustness_index,79.500000,80.397197,0.897197,85.500000
47,2,phikon-v2,pathorob.camelyon.robustness_index,pathorob,robustness_index,1.900000,10.985254,9.085254,29.150000
47,2,phikon-v2,thunder.spider_colorectal.linear_probing,thunder,f1,89.700000,87.153956,2.546044,87.900000
47,2,phikon-v2,thunder.ccrcc.linear_probing,thunder,f1,76.700000,84.202266,7.502266,81.650000
47,2,phikon-v2,hest.lung.gene_expression,hest,pearson_r,77.095000,76.497895,0.597105,77.190000
47,2,phikon-v2,thunder.tcga_uniform.linear_probing,thunder,f1,77.700000,67.843391,9.856609,69.100000
47,2,phikon-v2,thunder.tcga_crc_msi.linear_probing,thunder,f1,61.100000,62.283019,1.183019,63.800000
47,2,phikon-v2,thunder.spider_thorax.linear_probing,thunder,f1,94.700000,91.884184,2.815816,92.250000
47,2,phikon-v2,thunder.bracs.linear_probing,thunder,f1,58.200000,59.312359,1.112359,59.900000
47,2,phikon-v2,hest.prad.gene_expression,hest,pearson_r,67.725000,66.116278,1.608722,67.150000
47,2,phikon-v2,hest.ccrcc.gene_expression,hest,pearson_r,63.295000,61.379069,1.915931,61.980000
47,2,plip,thunder.tcga_tils.linear_probing,thunder,f1,87.200000,87.031033,0.168967,90.200000
47,2,plip,thunder.spider_colorectal.linear_probing,thunder,f1,84.700000,84.048155,0.651845,87.900000
47,2,plip,thunder.spider_thorax.linear_probing,thunder,f1,88.600000,89.048380,0.448380,92.250000
47,2,plip,thunder.tcga_crc_msi.linear_probing,thunder,f1,56.000000,57.288412,1.288412,63.800000
47,2,plip,thunder.crc.linear_probing,thunder,f1,88.200000,90.311455,2.111455,93.000000
47,2,plip,thunder.bach.linear_probing,thunder,f1,63.900000,58.624188,5.275812,69.700000
47,2,prov-gigapath,thunder.tcga_uniform.linear_probing,thunder,f1,74.400000,74.653975,0.253975,69.100000
47,2,prov-gigapath,thunder.bach.linear_probing,thunder,f1,70.700000,74.955568,4.255568,69.700000
47,2,prov-gigapath,pathorob.tcga_2x2.robustness_index,pathorob,robustness_index,73.800000,78.637125,4.837125,72.700000
47,2,prov-gigapath,hest.paad.gene_expression,hest,pearson_r,73.730000,73.595008,0.134992,73.005000
47,2,prov-gigapath,thunder.crc.linear_probing,thunder,f1,94.700000,93.884511,0.815489,93.000000
47,2,prov-gigapath,thunder.spider_thorax.linear_probing,thunder,f1,93.800000,93.320542,0.479458,92.250000
47,2,prov-gigapath,thunder.spider_colorectal.linear_probing,thunder,f1,90.300000,89.002546,1.297454,87.900000
47,2,prov-gigapath,thunder.spider_breast.linear_probing,thunder,f1,85.500000,85.043471,0.456529,85.600000
47,2,prov-gigapath,hest.idc.gene_expression,hest,pearson_r,77.575000,78.441920,0.866920,77.995000
47,2,prov-gigapath,hest.skcm.gene_expression,hest,pearson_r,78.095000,80.004798,1.909798,79.010000
47,2,quiltnet,thunder.bach.linear_probing,thunder,f1,58.400000,60.044541,1.644541,69.700000
47,2,quiltnet,thunder.tcga_tils.linear_probing,thunder,f1,87.000000,86.898015,0.101985,90.200000
47,2,quiltnet,thunder.spider_breast.linear_probing,thunder,f1,77.000000,76.393109,0.606891,85.600000
47,2,quiltnet,thunder.mhist.linear_probing,thunder,f1,73.500000,76.914517,3.414517,79.800000
47,2,quiltnet,thunder.tcga_uniform.linear_probing,thunder,f1,54.100000,56.041960,1.941960,69.100000
47,2,quiltnet,thunder.spider_skin.linear_probing,thunder,f1,81.200000,80.947700,0.252300,87.450000
47,2,resnet50,hest.idc.gene_expression,hest,pearson_r,73.695000,75.518451,1.823451,77.995000
47,2,resnet50,hest.paad.gene_expression,hest,pearson_r,69.400000,71.025542,1.625542,73.005000
47,2,resnet50,hest.ccrcc.gene_expression,hest,pearson_r,61.260000,58.503609,2.756391,61.980000
47,2,retccl,pathorob.camelyon.robustness_index,pathorob,robustness_index,31.800000,2.736133,29.063867,29.150000
47,2,rudolfv,pathorob.tolkach_esca.robustness_index,pathorob,robustness_index,69.500000,67.875754,1.624246,85.500000
47,2,uni,pathorob.tcga_2x2.robustness_index,pathorob,robustness_index,74.700000,78.912882,4.212882,72.700000
47,2,uni,thunder.bach.linear_probing,thunder,f1,73.000000,75.358745,2.358745,69.700000
47,2,uni,thunder.spider_skin.linear_probing,thunder,f1,91.200000,90.789413,0.410587,87.450000
47,2,uni,thunder.patch_camelyon.linear_probing,thunder,f1,93.800000,92.613260,1.186740,91.150000
47,2,uni,thunder.ccrcc.linear_probing,thunder,f1,90.700000,88.667370,2.032630,81.650000
47,2,uni,pathorob.tolkach_esca.robustness_index,pathorob,robustness_index,90.200000,90.725981,0.525981,85.500000
47,2,uni,hest.ccrcc.gene_expression,hest,pearson_r,62.000000,62.815135,0.815135,61.980000
47,2,uni,thunder.tcga_crc_msi.linear_probing,thunder,f1,65.900000,65.890575,0.009425,63.800000
47,2,uni,hest.read.gene_expression,hest,pearson_r,59.180000,59.503547,0.323547,58.777500
47,2,uni,thunder.bracs.linear_probing,thunder,f1,59.400000,61.962563,2.562563,59.900000
47,2,uni2-h,hest.paad.gene_expression,hest,pearson_r,75.005000,74.068074,0.936926,73.005000
47,2,uni2-h,thunder.patch_camelyon.linear_probing,thunder,f1,95.000000,93.781411,1.218589,91.150000
47,2,uni2-h,thunder.bracs.linear_probing,thunder,f1,65.400000,63.766980,1.633020,59.900000
47,2,uni2-h,thunder.spider_skin.linear_probing,thunder,f1,92.500000,92.658919,0.158919,87.450000
47,2,uni2-h,pathorob.tolkach_esca.robustness_index,pathorob,robustness_index,92.300000,92.508233,0.208233,85.500000
47,2,uni2-h,hest.ccrcc.gene_expression,hest,pearson_r,63.200000,62.990644,0.209356,61.980000
47,2,uni2-h,thunder.spider_thorax.linear_probing,thunder,f1,95.100000,94.390412,0.709588,92.250000
47,2,uni2-h,hest.lymph_idc.gene_expression,hest,pearson_r,63.635000,63.158846,0.476154,62.342500
47,2,uni2-h,pathorob.camelyon.robustness_index,pathorob,robustness_index,54.400000,39.437912,14.962088,29.150000
47,2,uni2-h,thunder.break_his.linear_probing,thunder,f1,78.400000,72.888109,5.511891,67.550000
47,2,virchow,thunder.bach.linear_probing,thunder,f1,66.200000,78.042619,11.842619,69.700000
47,2,virchow,pathorob.tcga_2x2.robustness_index,pathorob,robustness_index,76.100000,81.928123,5.828123,72.700000
47,2,virchow,thunder.spider_skin.linear_probing,thunder,f1,91.300000,92.088641,0.788641,87.450000
47,2,virchow,hest.lymph_idc.gene_expression,hest,pearson_r,63.050000,63.009053,0.040947,62.342500
47,2,virchow,thunder.wilds.linear_probing,thunder,f1,97.600000,97.869953,0.269953,95.850000
47,2,virchow,thunder.esca.linear_probing,thunder,f1,84.300000,84.834900,0.534900,77.050000
47,2,virchow,thunder.ccrcc.linear_probing,thunder,f1,91.700000,90.232492,1.467508,81.650000
47,2,virchow,thunder.spider_colorectal.linear_probing,thunder,f1,90.200000,89.950324,0.249676,87.900000
47,2,virchow,thunder.spider_thorax.linear_probing,thunder,f1,94.700000,94.079097,0.620903,92.250000
47,2,virchow,hest.prad.gene_expression,hest,pearson_r,66.890000,68.046000,1.156000,67.150000
47,2,virchow-2,hest.prad.gene_expression,hest,pearson_r,67.645000,67.624473,0.020527,67.150000
47,2,virchow-2,hest.idc.gene_expression,hest,pearson_r,79.855000,79.067167,0.787833,77.995000
47,2,virchow-2,hest.lymph_idc.gene_expression,hest,pearson_r,62.840000,62.897031,0.057031,62.342500
47,2,virchow-2,pathorob.camelyon.robustness_index,pathorob,robustness_index,80.600000,33.416639,47.183361,29.150000
47,2,virchow-2,thunder.tcga_uniform.linear_probing,thunder,f1,78.400000,77.420730,0.979270,69.100000
47,2,virchow-2,thunder.tcga_crc_msi.linear_probing,thunder,f1,69.600000,67.055134,2.544866,63.800000
47,2,virchow-2,thunder.mhist.linear_probing,thunder,f1,83.600000,81.591304,2.008696,79.800000
47,2,virchow-2,thunder.spider_colorectal.linear_probing,thunder,f1,90.800000,89.727715,1.072285,87.900000
47,2,virchow-2,hest.ccrcc.gene_expression,hest,pearson_r,63.595000,63.191194,0.403806,61.980000
47,2,virchow-2,thunder.spider_skin.linear_probing,thunder,f1,92.000000,91.671941,0.328059,87.450000
47,2,vit-b,thunder.spider_colorectal.linear_probing,thunder,f1,84.700000,84.682626,0.017374,87.900000
47,2,vit-b,thunder.spider_breast.linear_probing,thunder,f1,78.200000,77.590606,0.609394,85.600000
47,2,vit-b,thunder.patch_camelyon.linear_probing,thunder,f1,84.600000,87.977637,3.377637,91.150000
47,2,vit-b,thunder.tcga_tils.linear_probing,thunder,f1,85.800000,87.283383,1.483383,90.200000
47,2,vit-b,thunder.spider_thorax.linear_probing,thunder,f1,87.900000,89.377214,1.477214,92.250000
47,2,vit-b,thunder.esca.linear_probing,thunder,f1,62.700000,70.502061,7.802061,77.050000
47,2,vit-l,thunder.bracs.linear_probing,thunder,f1,54.800000,54.846570,0.046570,59.900000
47,2,vit-l,thunder.mhist.linear_probing,thunder,f1,79.800000,77.044943,2.755057,79.800000
47,2,vit-l,thunder.spider_skin.linear_probing,thunder,f1,81.300000,80.814860,0.485140,87.450000
47,2,vit-l,thunder.wilds.linear_probing,thunder,f1,92.600000,91.408138,1.191862,95.850000
47,2,vit-l,thunder.spider_breast.linear_probing,thunder,f1,79.300000,76.114769,3.185231,85.600000
47,2,vit-l,thunder.tcga_tils.linear_probing,thunder,f1,87.500000,86.792813,0.707187,90.200000
48,0,atlas,pathorob.tolkach_esca.robustness_index,pathorob,robustness_index,93.800000,93.332292,0.467708,87.800000
48,0,ciga,pathorob.tolkach_esca.robustness_index,pathorob,robustness_index,69.300000,70.394534,1.094534,87.800000
48,0,clip-b,thunder.bracs.linear_probing,thunder,f1,52.400000,51.753496,0.646504,60.100000
48,0,clip-b,thunder.crc.linear_probing,thunder,f1,87.300000,87.435369,0.135369,93.050000
48,0,clip-b,thunder.spider_skin.linear_probing,thunder,f1,75.800000,74.877170,0.922830,87.600000
48,0,clip-b,thunder.esca.linear_probing,thunder,f1,61.000000,59.944277,1.055723,77.400000
48,0,clip-b,thunder.ccrcc.linear_probing,thunder,f1,73.700000,67.718040,5.981960,83.900000
48,0,clip-l,thunder.patch_camelyon.linear_probing,thunder,f1,85.600000,85.614386,0.014386,91.150000
48,0,clip-l,thunder.bach.linear_probing,thunder,f1,63.500000,55.015323,8.484677,68.900000
48,0,clip-l,thunder.spider_colorectal.linear_probing,thunder,f1,82.800000,83.550524,0.750524,87.900000
48,0,clip-l,thunder.bracs.linear_probing,thunder,f1,56.400000,53.126020,3.273980,60.100000
48,0,clip-l,thunder.spider_breast.linear_probing,thunder,f1,73.600000,73.924318,0.324318,83.100000
48,0,conch,thunder.spider_breast.linear_probing,thunder,f1,82.100000,82.466433,0.366433,83.100000
48,0,conch,thunder.tcga_crc_msi.linear_probing,thunder,f1,64.400000,63.005049,1.394951,64.500000
48,0,conch,thunder.tcga_tils.linear_probing,thunder,f1,88.100000,89.357407,1.257407,89.400000
48,0,conch,hest.coad.gene_expression,hest,pearson_r,62.445000,63.439508,0.994508,64.035000
48,0,conch,pathorob.tolkach_esca.robustness_index,pathorob,robustness_index,95.100000,88.175329,6.924671,87.800000
48,0,conch,pathorob.tcga_2x2.robustness_index,pathorob,robustness_index,82.400000,71.544166,10.855834,75.400000
48,0,conch,thunder.break_his.linear_probing,thunder,f1,68.800000,61.449385,7.350615,65.950000
48,0,conch,hest.skcm.gene_expression,hest,pearson_r,78.935000,78.485520,0.449480,78.690000
48,0,conch,pathorob.camelyon.robustness_index,pathorob,robustness_index,66.200000,23.818396,42.381604,39.900000
48,0,conch-1.5,thunder.wilds.linear_probing,thunder,f1,96.700000,96.069566,0.630434,95.300000
48,0,conch-1.5,thunder.ccrcc.linear_probing,thunder,f1,87.400000,86.871596,0.528404,83.900000
48,0,conch-1.5,pathorob.tolkach_esca.robustness_index,pathorob,robustness_index,95.100000,91.222274,3.877726,87.800000
48,0,conch-1.5,hest.prad.gene_expression,hest,pearson_r,69.040000,67.498385,1.541615,67.382500
48,0,conch-1.5,thunder.break_his.linear_probing,thunder,f1,75.300000,68.650645,6.649355,65.950000
48,0,conch-1.5,hest.paad.gene_expression,hest,pearson_r,72.850000,72.894977,0.044977,72.995000
48,0,conch-1.5,hest.skcm.gene_expression,hest,pearson_r,77.585000,79.420493,1.835493,78.690000
48,0,conch-1.5,thunder.tcga_uniform.linear_probing,thunder,f1,69.400000,72.211781,2.811781,74.600000
48,0,conch-1.5,thunder.crc.linear_probing,thunder,f1,93.800000,93.273486,0.526514,93.050000
48,0,ctranspath,pathorob.tcga_2x2.robustness_index,pathorob,robustness_index,65.200000,63.743034,1.456966,75.400000
48,0,ctranspath,hest.lymph_idc.gene_expression,hest,pearson_r,62.045000,61.881137,0.163863,62.760000
48,0,ctranspath,hest.read.gene_expression,hest,pearson_r,54.840000,57.878398,3.038398,59.230000
48,0,ctranspath,hest.coad.gene_expression,hest,pearson_r,61.910000,62.240725,0.330725,64.035000
48,0,dinov2-b,thunder.ccrcc.linear_probing,thunder,f1,79.700000,79.093151,0.606849,83.900000
48,0,dinov2-b,thunder.wilds.linear_probing,thunder,f1,90.700000,92.889742,2.189742,95.300000
48,0,dinov2-b,thunder.bracs.linear_probing,thunder,f1,52.900000,52.655478,0.244522,60.100000
48,0,dinov2-b,thunder.crc.linear_probing,thunder,f1,90.300000,90.672414,0.372414,93.050000
48,0,dinov2-b,thunder.spider_colorectal.linear_probing,thunder,f1,83.900000,84.751700,0.851700,87.900000
48,0,dinov2-l,thunder.tcga_uniform.linear_probing,thunder,f1,56.200000,54.505283,1.694717,74.600000
48,0,dinov2-l,thunder.crc.linear_probing,thunder,f1,90.700000,90.655006,0.044994,93.050000
48,0,dinov2-l,thunder.ccrcc.linear_probing,thunder,f1,81.400000,79.034064,2.365936,83.900000
48,0,dinov2-l,thunder.spider_thorax.linear_probing,thunder,f1,87.700000,88.565333,0.865333,93.300000
48,0,dinov2-l,thunder.tcga_tils.linear_probing,thunder,f1,85.900000,86.286694,0.386694,89.400000
48,0,dinov3-b,thunder.esca.linear_probing,thunder,f1,72.900000,73.695602,0.795602,77.400000
48,0,dinov3-b,thunder.mhist.linear_probing,thunder,f1,82.700000,83.189586,0.489586,81.550000
48,0,dinov3-b,thunder.bracs.linear_probing,thunder,f1,55.400000,52.623868,2.776132,60.100000
48,0,dinov3-b,thunder.spider_breast.linear_probing,thunder,f1,76.500000,76.057961,0.442039,83.100000
48,0,dinov3-b,thunder.spider_colorectal.linear_probing,thunder,f1,84.800000,85.040956,0.240956,87.900000
48,0,dinov3-l,thunder.spider_skin.linear_probing,thunder,f1,82.500000,83.860244,1.360244,87.600000
48,0,dinov3-l,thunder.esca.linear_probing,thunder,f1,76.000000,75.583785,0.416215,77.400000
48,0,dinov3-l,thunder.tcga_crc_msi.linear_probing,thunder,f1,55.500000,60.080944,4.580944,64.500000
48,0,dinov3-l,thunder.wilds.linear_probing,thunder,f1,94.800000,94.389195,0.410805,95.300000
48,0,dinov3-l,thunder.tcga_tils.linear_probing,thunder,f1,87.000000,87.319624,0.319624,89.400000
48,0,dinov3-s,thunder.tcga_crc_msi.linear_probing,thunder,f1,57.700000,58.106731,0.406731,64.500000
48,0,dinov3-s,thunder.esca.linear_probing,thunder,f1,72.600000,73.053114,0.453114,77.400000
48,0,dinov3-s,thunder.break_his.linear_probing,thunder,f1,82.900000,78.249394,4.650606,65.950000
48,0,dinov3-s,thunder.spider_breast.linear_probing,thunder,f1,75.000000,75.871516,0.871516,83.100000
48,0,dinov3-s,thunder.bracs.linear_probing,thunder,f1,56.500000,52.738908,3.761092,60.100000
48,0,genbio-pathfm,thunder.spider_colorectal.linear_probing,thunder,f1,90.500000,90.663727,0.163727,87.900000
48,0,genbio-pathfm,hest.read.gene_expression,hest,pearson_r,58.925000,60.079460,1.154460,59.230000
48,0,genbio-pathfm,thunder.break_his.linear_probing,thunder,f1,76.600000,81.450743,4.850743,65.950000
48,0,genbio-pathfm,thunder.spider_thorax.linear_probing,thunder,f1,94.600000,94.644025,0.044025,93.300000
48,0,genbio-pathfm,hest.lung.gene_expression,hest,pearson_r,78.935000,78.470198,0.464802,77.325000
48,0,genbio-pathfm,hest.paad.gene_expression,hest,pearson_r,74.795000,74.317163,0.477837,72.995000
48,0,genbio-pathfm,thunder.ccrcc.linear_probing,thunder,f1,91.600000,91.674227,0.074227,83.900000
48,0,genbio-pathfm,hest.prad.gene_expression,hest,pearson_r,69.565000,68.335651,1.229349,67.382500
48,0,gpfm,hest.paad.gene_expression,hest,pearson_r,73.005000,72.878655,0.126345,72.995000
48,0,gpfm,hest.coad.gene_expression,hest,pearson_r,62.400000,63.993571,1.593571,64.035000
48,0,gpfm,hest.skcm.gene_expression,hest,pearson_r,79.455000,78.810908,0.644092,78.690000
48,0,h-optimus-0,hest.skcm.gene_expression,hest,pearson_r,82.270000,81.195534,1.074466,78.690000
48,0,h-optimus-0,hest.ccrcc.gene_expression,hest,pearson_r,63.380000,62.856755,0.523245,61.980000
48,0,h-optimus-0,thunder.bach.linear_probing,thunder,f1,69.700000,79.634369,9.934369,68.900000
48,0,h-optimus-0,pathorob.tcga_2x2.robustness_index,pathorob,robustness_index,81.200000,80.272327,0.927673,75.400000
48,0,h-optimus-0,thunder.tcga_tils.linear_probing,thunder,f1,91.000000,91.196907,0.196907,89.400000
48,0,h-optimus-0,thunder.wilds.linear_probing,thunder,f1,98.700000,97.556840,1.143160,95.300000
48,0,h-optimus-0,thunder.ccrcc.linear_probing,thunder,f1,90.800000,90.701860,0.098140,83.900000
48,0,h-optimus-0,hest.lymph_idc.gene_expression,hest,pearson_r,62.955000,63.171521,0.216521,62.760000
48,0,h-optimus-0,hest.idc.gene_expression,hest,pearson_r,79.880000,79.063738,0.816262,77.245000
48,0,h-optimus-1,thunder.tcga_tils.linear_probing,thunder,f1,91.000000,91.602102,0.602102,89.400000
48,0,h-optimus-1,thunder.crc.linear_probing,thunder,f1,94.600000,94.957532,0.357532,93.050000
48,0,h-optimus-1,thunder.esca.linear_probing,thunder,f1,87.100000,85.116914,1.983086,77.400000
48,0,h-optimus-1,thunder.ccrcc.linear_probing,thunder,f1,91.700000,91.686524,0.013476,83.900000
48,0,h-optimus-1,thunder.break_his.linear_probing,thunder,f1,76.000000,75.148490,0.851510,65.950000
48,0,h-optimus-1,thunder.bach.linear_probing,thunder,f1,72.500000,81.467851,8.967851,68.900000
48,0,h-optimus-1,hest.idc.gene_expression,hest,pearson_r,80.120000,79.387779,0.732221,77.245000
48,0,h-optimus-1,hest.read.gene_expression,hest,pearson_r,62.105000,60.072550,2.032450,59.230000
48,0,h0-mini,thunder.spider_skin.linear_probing,thunder,f1,90.400000,91.657641,1.257641,87.600000
48,0,h0-mini,thunder.wilds.linear_probing,thunder,f1,98.200000,97.415050,0.784950,95.300000
48,0,h0-mini,hest.coad.gene_expression,hest,pearson_r,62.470000,64.938440,2.468440,64.035000
48,0,h0-mini,thunder.tcga_uniform.linear_probing,thunder,f1,78.200000,80.139029,1.939029,74.600000
48,0,h0-mini,pathorob.tcga_2x2.robustness_index,pathorob,robustness_index,79.400000,78.005736,1.394264,75.400000
48,0,h0-mini,hest.lymph_idc.gene_expression,hest,pearson_r,63.145000,63.002368,0.142632,62.760000
48,0,h0-mini,hest.prad.gene_expression,hest,pearson_r,68.435000,68.106425,0.328575,67.382500
48,0,h0-mini,thunder.ccrcc.linear_probing,thunder,f1,90.200000,90.375021,0.175021,83.900000
48,0,h0-mini,thunder.bracs.linear_probing,thunder,f1,60.700000,62.807187,2.107187,60.100000
48,0,hibou-b,thunder.mhist.linear_probing,thunder,f1,76.500000,80.060523,3.560523,81.550000
48,0,hibou-b,thunder.tcga_uniform.linear_probing,thunder,f1,70.200000,77.298585,7.098585,74.600000
48,0,hibou-b,thunder.spider_thorax.linear_probing,thunder,f1,94.500000,93.580859,0.919141,93.300000
48,0,hibou-b,thunder.ccrcc.linear_probing,thunder,f1,84.300000,88.507356,4.207356,83.900000
48,0,hibou-b,thunder.tcga_tils.linear_probing,thunder,f1,89.600000,90.564845,0.964845,89.400000
48,0,hibou-l,hest.idc.gene_expression,hest,pearson_r,78.505000,78.156263,0.348737,77.245000
48,0,hibou-l,thunder.break_his.linear_probing,thunder,f1,69.400000,64.261999,5.138001,65.950000
48,0,hibou-l,thunder.patch_camelyon.linear_probing,thunder,f1,93.300000,92.971938,0.328062,91.150000
48,0,hibou-l,thunder.tcga_crc_msi.linear_probing,thunder,f1,68.100000,66.549896,1.550104,64.500000
48,0,hibou-l,thunder.wilds.linear_probing,thunder,f1,98.100000,96.950649,1.149351,95.300000
48,0,hibou-l,thunder.spider_colorectal.linear_probing,thunder,f1,89.800000,89.654850,0.145150,87.900000
48,0,hibou-l,thunder.bach.linear_probing,thunder,f1,76.500000,76.511607,0.011607,68.900000
48,0,hibou-l,thunder.bracs.linear_probing,thunder,f1,62.700000,61.982173,0.717827,60.100000
48,0,hipt,pathorob.tcga_2x2.robustness_index,pathorob,robustness_index,61.400000,67.434464,6.034464,75.400000
48,0,kaiko-vit-b-16,hest.lung.gene_expression,hest,pearson_r,75.780000,76.848232,1.068232,77.325000
48,0,kaiko-vit-b-16,hest.read.gene_expression,hest,pearson_r,57.625000,58.471270,0.846270,59.230000
48,0,kaiko-vit-b-16,hest.ccrcc.gene_expression,hest,pearson_r,61.455000,61.810530,0.355530,61.980000
48,0,kaiko-vit-b-8,hest.paad.gene_expression,hest,pearson_r,73.005000,72.284263,0.720737,72.995000
48,0,kaiko-vit-b-8,pathorob.tolkach_esca.robustness_index,pathorob,robustness_index,89.600000,87.396201,2.203799,87.800000
48,0,kaiko-vit-b-8,hest.skcm.gene_expression,hest,pearson_r,78.625000,78.033278,0.591722,78.690000
48,0,kaiko-vit-b-8,hest.read.gene_expression,hest,pearson_r,58.115000,58.404152,0.289152,59.230000
48,0,kaiko-vit-b-unspecified-patch,thunder.wilds.linear_probing,thunder,f1,95.600000,95.673301,0.073301,95.300000
48,0,kaiko-vit-b-unspecified-patch,thunder.spider_colorectal.linear_probing,thunder,f1,88.500000,88.351182,0.148818,87.900000
48,0,kaiko-vit-b-unspecified-patch,thunder.crc.linear_probing,thunder,f1,94.500000,93.046966,1.453034,93.050000
48,0,kaiko-vit-b-unspecified-patch,thunder.patch_camelyon.linear_probing,thunder,f1,90.400000,91.539328,1.139328,91.150000
48,0,kaiko-vit-b-unspecified-patch,thunder.tcga_tils.linear_probing,thunder,f1,90.200000,89.590425,0.609575,89.400000
48,0,kaiko-vit-l-14,hest.lymph_idc.gene_expression,hest,pearson_r,61.415000,62.034144,0.619144,62.760000
48,0,kaiko-vit-l-14,hest.paad.gene_expression,hest,pearson_r,71.860000,71.909861,0.049861,72.995000
48,0,kaiko-vit-l-14,hest.skcm.gene_expression,hest,pearson_r,77.665000,77.238013,0.426987,78.690000
48,0,kaiko-vit-s-16,hest.skcm.gene_expression,hest,pearson_r,77.245000,74.995670,2.249330,78.690000
48,0,kaiko-vit-s-16,hest.read.gene_expression,hest,pearson_r,56.640000,57.144101,0.504101,59.230000
48,0,kaiko-vit-s-16,hest.paad.gene_expression,hest,pearson_r,72.045000,70.599230,1.445770,72.995000
48,0,kaiko-vit-s-8,hest.coad.gene_expression,hest,pearson_r,61.405000,62.034244,0.629244,64.035000
48,0,kaiko-vit-s-8,hest.lymph_idc.gene_expression,hest,pearson_r,62.315000,61.614583,0.700417,62.760000
48,0,kaiko-vit-s-8,hest.idc.gene_expression,hest,pearson_r,76.520000,76.086588,0.433412,77.245000
48,0,kaiko-vit-s-unspecified-patch,thunder.tcga_crc_msi.linear_probing,thunder,f1,62.600000,64.156015,1.556015,64.500000
48,0,kaiko-vit-s-unspecified-patch,thunder.tcga_tils.linear_probing,thunder,f1,90.100000,89.636591,0.463409,89.400000
48,0,kaiko-vit-s-unspecified-patch,thunder.wilds.linear_probing,thunder,f1,95.900000,96.089534,0.189534,95.300000
48,0,kaiko-vit-s-unspecified-patch,thunder.ccrcc.linear_probing,thunder,f1,84.900000,86.851989,1.951989,83.900000
48,0,kaiko-vit-s-unspecified-patch,thunder.spider_colorectal.linear_probing,thunder,f1,88.400000,88.501425,0.101425,87.900000
48,0,kang-dino,pathorob.tcga_2x2.robustness_index,pathorob,robustness_index,66.100000,62.604683,3.495317,75.400000
48,0,keep,thunder.spider_thorax.linear_probing,thunder,f1,93.800000,93.760786,0.039214,93.300000
48,0,keep,thunder.esca.linear_probing,thunder,f1,85.800000,81.727878,4.072122,77.400000
48,0,keep,thunder.tcga_crc_msi.linear_probing,thunder,f1,64.900000,66.656481,1.756481,64.500000
48,0,keep,thunder.spider_breast.linear_probing,thunder,f1,85.600000,85.435406,0.164594,83.100000
48,0,keep,thunder.mhist.linear_probing,thunder,f1,76.800000,81.334038,4.534038,81.550000
48,0,lunit-vit-s-8,hest.prad.gene_expression,hest,pearson_r,64.145000,66.977514,2.832514,67.382500
48,0,lunit-vit-s-8,hest.coad.gene_expression,hest,pearson_r,64.130000,63.222594,0.907406,64.035000
48,0,lunit-vit-s-8,hest.ccrcc.gene_expression,hest,pearson_r,62.315000,61.589766,0.725234,61.980000
48,0,midnight,thunder.spider_skin.linear_probing,thunder,f1,91.000000,91.608359,0.608359,87.600000
48,0,midnight,thunder.wilds.linear_probing,thunder,f1,98.300000,97.309342,0.990658,95.300000
48,0,midnight,thunder.tcga_crc_msi.linear_probing,thunder,f1,65.600000,67.660235,2.060235,64.500000
48,0,midnight,hest.coad.gene_expression,hest,pearson_r,64.540000,65.083959,0.543959,64.035000
48,0,midnight,hest.skcm.gene_expression,hest,pearson_r,81.800000,80.175347,1.624653,78.690000
48,0,midnight,thunder.patch_camelyon.linear_probing,thunder,f1,93.500000,93.486555,0.013445,91.150000
48,0,midnight,thunder.tcga_tils.linear_probing,thunder,f1,91.000000,91.072236,0.072236,89.400000
48,0,midnight,thunder.esca.linear_probing,thunder,f1,86.200000,82.463320,3.736680,77.400000
48,0,musk,thunder.mhist.linear_probing,thunder,f1,80.000000,80.527218,0.527218,81.550000
48,0,musk,hest.coad.gene_expression,hest,pearson_r,61.825000,63.506710,1.681710,64.035000
48,0,musk,hest.ccrcc.gene_expression,hest,pearson_r,59.125000,61.831837,2.706837,61.980000
48,0,musk,thunder.tcga_crc_msi.linear_probing,thunder,f1,63.200000,62.748859,0.451141,64.500000
48,0,musk,pathorob.tolkach_esca.robustness_index,pathorob,robustness_index,92.800000,87.901113,4.898887,87.800000
48,0,musk,hest.skcm.gene_expression,hest,pearson_r,76.165000,78.537203,2.372203,78.690000
48,0,musk,pathorob.tcga_2x2.robustness_index,pathorob,robustness_index,72.700000,71.876903,0.823097,75.400000
48,0,musk,thunder.tcga_uniform.linear_probing,thunder,f1,66.000000,69.983853,3.983853,74.600000
48,0,musk,hest.read.gene_expression,hest,pearson_r,55.550000,58.610769,3.060769,59.230000
48,0,openmidnight,thunder.ccrcc.linear_probing,thunder,f1,92.000000,89.404067,2.595933,83.900000
48,0,openmidnight,hest.coad.gene_expression,hest,pearson_r,63.640000,64.645449,1.005449,64.035000
48,0,openmidnight,thunder.tcga_crc_msi.linear_probing,thunder,f1,66.300000,66.791141,0.491141,64.500000
48,0,openmidnight,thunder.esca.linear_probing,thunder,f1,79.800000,82.092616,2.292616,77.400000
48,0,openmidnight,thunder.tcga_uniform.linear_probing,thunder,f1,82.800000,77.680203,5.119797,74.600000
48,0,openmidnight,thunder.spider_colorectal.linear_probing,thunder,f1,88.300000,89.705849,1.405849,87.900000
48,0,openmidnight,hest.idc.gene_expression,hest,pearson_r,79.350000,78.592577,0.757423,77.245000
48,0,openmidnight,hest.read.gene_expression,hest,pearson_r,58.810000,59.484151,0.674151,59.230000
48,0,phikon,hest.ccrcc.gene_expression,hest,pearson_r,62.115000,61.839544,0.275456,61.980000
48,0,phikon,thunder.mhist.linear_probing,thunder,f1,78.100000,79.826733,1.726733,81.550000
48,0,phikon,thunder.spider_skin.linear_probing,thunder,f1,87.900000,87.305387,0.594613,87.600000
48,0,phikon,thunder.spider_thorax.linear_probing,thunder,f1,92.400000,91.733580,0.666420,93.300000
48,0,phikon,thunder.spider_breast.linear_probing,thunder,f1,84.900000,81.752368,3.147632,83.100000
48,0,phikon,thunder.wilds.linear_probing,thunder,f1,97.800000,94.968101,2.831899,95.300000
48,0,phikon,hest.read.gene_expression,hest,pearson_r,57.660000,58.518135,0.858135,59.230000
48,0,phikon,hest.lymph_idc.gene_expression,hest,pearson_r,61.865000,62.132752,0.267752,62.760000
48,0,phikon,thunder.crc.linear_probing,thunder,f1,92.100000,92.493361,0.393361,93.050000
48,0,phikon-v2,thunder.spider_breast.linear_probing,thunder,f1,86.000000,81.743610,4.256390,83.100000
48,0,phikon-v2,thunder.spider_thorax.linear_probing,thunder,f1,94.700000,91.748906,2.951094,93.300000
48,0,phikon-v2,hest.coad.gene_expression,hest,pearson_r,62.500000,63.230543,0.730543,64.035000
48,0,phikon-v2,thunder.spider_colorectal.linear_probing,thunder,f1,89.700000,87.664987,2.035013,87.900000
48,0,phikon-v2,thunder.tcga_crc_msi.linear_probing,thunder,f1,61.100000,62.075612,0.975612,64.500000
48,0,phikon-v2,hest.lymph_idc.gene_expression,hest,pearson_r,62.185000,62.145917,0.039083,62.760000
48,0,phikon-v2,pathorob.tolkach_esca.robustness_index,pathorob,robustness_index,76.800000,85.837376,9.037376,87.800000
48,0,phikon-v2,thunder.tcga_uniform.linear_probing,thunder,f1,77.700000,69.022815,8.677185,74.600000
48,0,phikon-v2,thunder.mhist.linear_probing,thunder,f1,79.200000,79.919304,0.719304,81.550000
48,0,plip,thunder.patch_camelyon.linear_probing,thunder,f1,87.900000,87.300801,0.599199,91.150000
48,0,plip,thunder.spider_thorax.linear_probing,thunder,f1,88.600000,88.601024,0.001024,93.300000
48,0,plip,thunder.tcga_uniform.linear_probing,thunder,f1,54.900000,56.555339,1.655339,74.600000
48,0,plip,thunder.ccrcc.linear_probing,thunder,f1,76.900000,76.842262,0.057738,83.900000
48,0,plip,thunder.spider_skin.linear_probing,thunder,f1,82.100000,81.847625,0.252375,87.600000
48,0,prov-gigapath,hest.lung.gene_expression,hest,pearson_r,77.060000,77.593137,0.533137,77.325000
48,0,prov-gigapath,hest.prad.gene_expression,hest,pearson_r,68.495000,67.630573,0.864427,67.382500
48,0,prov-gigapath,thunder.bach.linear_probing,thunder,f1,70.700000,75.972873,5.272873,68.900000
48,0,prov-gigapath,hest.idc.gene_expression,hest,pearson_r,77.575000,78.317153,0.742153,77.245000
48,0,prov-gigapath,pathorob.tolkach_esca.robustness_index,pathorob,robustness_index,75.400000,90.419476,15.019476,87.800000
48,0,prov-gigapath,thunder.esca.linear_probing,thunder,f1,81.700000,80.908547,0.791453,77.400000
48,0,prov-gigapath,pathorob.tcga_2x2.robustness_index,pathorob,robustness_index,73.800000,75.280692,1.480692,75.400000
48,0,prov-gigapath,thunder.bracs.linear_probing,thunder,f1,62.700000,61.383711,1.316289,60.100000
48,0,prov-gigapath,thunder.patch_camelyon.linear_probing,thunder,f1,93.500000,92.643543,0.856457,91.150000
48,0,quiltnet,thunder.spider_thorax.linear_probing,thunder,f1,88.500000,88.581354,0.081354,93.300000
48,0,quiltnet,thunder.tcga_uniform.linear_probing,thunder,f1,54.100000,55.626946,1.526946,74.600000
48,0,quiltnet,thunder.bracs.linear_probing,thunder,f1,55.900000,54.331679,1.568321,60.100000
48,0,quiltnet,thunder.mhist.linear_probing,thunder,f1,73.500000,80.044959,6.544959,81.550000
48,0,quiltnet,thunder.spider_skin.linear_probing,thunder,f1,81.200000,81.647038,0.447038,87.600000
48,0,resnet50,hest.read.gene_expression,hest,pearson_r,53.915000,56.874466,2.959466,59.230000
48,0,resnet50,hest.prad.gene_expression,hest,pearson_r,65.220000,63.530560,1.689440,67.382500
48,0,resnet50,hest.lymph_idc.gene_expression,hest,pearson_r,61.525000,60.964761,0.560239,62.760000
48,0,retccl,pathorob.camelyon.robustness_index,pathorob,robustness_index,31.800000,1.765887,30.034113,39.900000
48,0,rudolfv,pathorob.camelyon.robustness_index,pathorob,robustness_index,18.400000,7.012295,11.387705,39.900000
48,0,uni,hest.ccrcc.gene_expression,hest,pearson_r,62.000000,62.590764,0.590764,61.980000
48,0,uni,thunder.ccrcc.linear_probing,thunder,f1,90.700000,88.731565,1.968435,83.900000
48,0,uni,thunder.tcga_uniform.linear_probing,thunder,f1,75.300000,76.343418,1.043418,74.600000
48,0,uni,thunder.break_his.linear_probing,thunder,f1,70.800000,70.081985,0.718015,65.950000
48,0,uni,thunder.spider_skin.linear_probing,thunder,f1,91.200000,90.212567,0.987433,87.600000
48,0,uni,hest.prad.gene_expression,hest,pearson_r,64.715000,68.492785,3.777785,67.382500
48,0,uni,thunder.spider_breast.linear_probing,thunder,f1,85.700000,84.756721,0.943279,83.100000
48,0,uni,thunder.tcga_tils.linear_probing,thunder,f1,90.100000,90.402457,0.302457,89.400000
48,0,uni,hest.paad.gene_expression,hest,pearson_r,74.035000,73.454532,0.580468,72.995000
48,0,uni2-h,pathorob.tolkach_esca.robustness_index,pathorob,robustness_index,92.300000,93.507649,1.207649,87.800000
48,0,uni2-h,hest.lung.gene_expression,hest,pearson_r,77.935000,78.337055,0.402055,77.325000
48,0,uni2-h,pathorob.camelyon.robustness_index,pathorob,robustness_index,54.400000,67.507683,13.107683,39.900000
48,0,uni2-h,hest.skcm.gene_expression,hest,pearson_r,83.030000,81.451133,1.578867,78.690000
48,0,uni2-h,thunder.mhist.linear_probing,thunder,f1,78.600000,82.275441,3.675441,81.550000
48,0,uni2-h,thunder.wilds.linear_probing,thunder,f1,98.900000,97.834299,1.065701,95.300000
48,0,uni2-h,thunder.break_his.linear_probing,thunder,f1,78.400000,73.451313,4.948687,65.950000
48,0,uni2-h,thunder.bach.linear_probing,thunder,f1,84.700000,81.033862,3.666138,68.900000
48,0,uni2-h,thunder.esca.linear_probing,thunder,f1,86.400000,84.556258,1.843742,77.400000
48,0,virchow,thunder.esca.linear_probing,thunder,f1,84.300000,81.906972,2.393028,77.400000
48,0,virchow,thunder.mhist.linear_probing,thunder,f1,82.300000,81.476620,0.823380,81.550000
48,0,virchow,hest.paad.gene_expression,hest,pearson_r,75.795000,73.720438,2.074562,72.995000
48,0,virchow,thunder.tcga_crc_msi.linear_probing,thunder,f1,65.500000,67.039729,1.539729,64.500000
48,0,virchow,hest.ccrcc.gene_expression,hest,pearson_r,62.930000,62.690658,0.239342,61.980000
48,0,virchow,thunder.spider_colorectal.linear_probing,thunder,f1,90.200000,89.839606,0.360394,87.900000
48,0,virchow,hest.skcm.gene_expression,hest,pearson_r,81.215000,80.247208,0.967792,78.690000
48,0,virchow,pathorob.camelyon.robustness_index,pathorob,robustness_index,75.100000,46.924272,28.175728,39.900000
48,0,virchow,thunder.spider_skin.linear_probing,thunder,f1,91.300000,91.043866,0.256134,87.600000
48,0,virchow-2,thunder.ccrcc.linear_probing,thunder,f1,93.600000,90.298873,3.301127,83.900000
48,0,virchow-2,thunder.bach.linear_probing,thunder,f1,76.500000,78.868168,2.368168,68.900000
48,0,virchow-2,hest.idc.gene_expression,hest,pearson_r,79.855000,78.940818,0.914182,77.245000
48,0,virchow-2,thunder.spider_colorectal.linear_probing,thunder,f1,90.800000,90.074281,0.725719,87.900000
48,0,virchow-2,thunder.tcga_tils.linear_probing,thunder,f1,90.900000,90.932725,0.032725,89.400000
48,0,virchow-2,hest.prad.gene_expression,hest,pearson_r,67.645000,68.669815,1.024815,67.382500
48,0,virchow-2,thunder.crc.linear_probing,thunder,f1,93.000000,94.435130,1.435130,93.050000
48,0,virchow-2,hest.ccrcc.gene_expression,hest,pearson_r,63.595000,62.748659,0.846341,61.980000
48,0,virchow-2,thunder.spider_breast.linear_probing,thunder,f1,87.200000,85.923709,1.276291,83.100000
48,0,vit-b,thunder.wilds.linear_probing,thunder,f1,91.300000,91.293878,0.006122,95.300000
48,0,vit-b,thunder.break_his.linear_probing,thunder,f1,64.500000,52.944457,11.555543,65.950000
48,0,vit-b,thunder.patch_camelyon.linear_probing,thunder,f1,84.600000,87.156958,2.556958,91.150000
48,0,vit-b,thunder.mhist.linear_probing,thunder,f1,77.600000,78.902392,1.302392,81.550000
48,0,vit-b,thunder.bracs.linear_probing,thunder,f1,56.600000,54.879663,1.720337,60.100000
48,0,vit-l,thunder.tcga_crc_msi.linear_probing,thunder,f1,56.800000,57.956237,1.156237,64.500000
48,0,vit-l,thunder.bracs.linear_probing,thunder,f1,54.800000,55.504200,0.704200,60.100000
48,0,vit-l,thunder.esca.linear_probing,thunder,f1,67.900000,71.068203,3.168203,77.400000
48,0,vit-l,thunder.break_his.linear_probing,thunder,f1,66.300000,59.032793,7.267207,65.950000
48,0,vit-l,thunder.patch_camelyon.linear_probing,thunder,f1,85.700000,87.996029,2.296029,91.150000
48,1,atlas,pathorob.tcga_2x2.robustness_index,pathorob,robustness_index,82.600000,77.895005,4.704995,73.250000
48,1,ciga,pathorob.camelyon.robustness_index,pathorob,robustness_index,13.500000,2.275045,11.224955,54.400000
48,1,clip-b,thunder.spider_colorectal.linear_probing,thunder,f1,81.300000,82.173264,0.873264,89.050000
48,1,clip-b,thunder.patch_camelyon.linear_probing,thunder,f1,82.700000,82.577528,0.122472,90.600000
48,1,clip-b,thunder.spider_breast.linear_probing,thunder,f1,69.000000,72.716125,3.716125,81.600000
48,1,clip-b,thunder.wilds.linear_probing,thunder,f1,83.500000,87.659461,4.159461,95.950000
48,1,clip-b,thunder.tcga_tils.linear_probing,thunder,f1,83.800000,84.677634,0.877634,90.000000
48,1,clip-l,thunder.crc.linear_probing,thunder,f1,88.300000,89.432446,1.132446,93.000000
48,1,clip-l,thunder.ccrcc.linear_probing,thunder,f1,75.900000,76.805204,0.905204,88.100000
48,1,clip-l,thunder.mhist.linear_probing,thunder,f1,79.600000,77.374799,2.225201,80.000000
48,1,clip-l,thunder.spider_skin.linear_probing,thunder,f1,78.500000,80.039285,1.539285,88.250000
48,1,clip-l,thunder.spider_thorax.linear_probing,thunder,f1,86.700000,88.115762,1.415762,93.300000
48,1,conch,thunder.spider_thorax.linear_probing,thunder,f1,91.000000,92.792288,1.792288,93.300000
48,1,conch,hest.ccrcc.gene_expression,hest,pearson_r,60.900000,61.540458,0.640458,62.302500
48,1,conch,thunder.wilds.linear_probing,thunder,f1,97.200000,96.787665,0.412335,95.950000
48,1,conch,hest.lung.gene_expression,hest,pearson_r,76.610000,76.903293,0.293293,77.670000
48,1,conch,hest.read.gene_expression,hest,pearson_r,58.010000,57.859050,0.150950,58.172500
48,1,conch,hest.lymph_idc.gene_expression,hest,pearson_r,62.535000,62.393830,0.141170,62.422500
48,1,conch,thunder.spider_skin.linear_probing,thunder,f1,87.300000,88.542776,1.242776,88.250000
48,1,conch,thunder.patch_camelyon.linear_probing,thunder,f1,90.600000,91.406972,0.806972,90.600000
48,1,conch,hest.idc.gene_expression,hest,pearson_r,76.815000,77.920273,1.105273,78.250000
48,1,conch-1.5,thunder.mhist.linear_probing,thunder,f1,81.200000,81.483432,0.283432,80.000000
48,1,conch-1.5,pathorob.camelyon.robustness_index,pathorob,robustness_index,77.400000,74.084240,3.315760,54.400000
48,1,conch-1.5,thunder.spider_skin.linear_probing,thunder,f1,87.000000,89.048551,2.048551,88.250000
48,1,conch-1.5,thunder.esca.linear_probing,thunder,f1,82.700000,80.981207,1.718793,79.950000
48,1,conch-1.5,thunder.spider_colorectal.linear_probing,thunder,f1,87.400000,88.653073,1.253073,89.050000
48,1,conch-1.5,hest.lymph_idc.gene_expression,hest,pearson_r,63.495000,62.473351,1.021649,62.422500
48,1,conch-1.5,hest.read.gene_expression,hest,pearson_r,58.000000,58.010989,0.010989,58.172500
48,1,conch-1.5,hest.ccrcc.gene_expression,hest,pearson_r,60.880000,61.514026,0.634026,62.302500
48,1,conch-1.5,thunder.bach.linear_probing,thunder,f1,76.800000,74.709059,2.090941,69.900000
48,1,ctranspath,pathorob.camelyon.robustness_index,pathorob,robustness_index,10.600000,18.999385,8.399385,54.400000
48,1,ctranspath,hest.lung.gene_expression,hest,pearson_r,75.685000,76.118440,0.433440,77.670000
48,1,ctranspath,hest.idc.gene_expression,hest,pearson_r,74.965000,77.123713,2.158713,78.250000
48,1,ctranspath,hest.skcm.gene_expression,hest,pearson_r,75.485000,77.447041,1.962041,79.195000
48,1,dinov2-b,thunder.tcga_tils.linear_probing,thunder,f1,85.900000,86.075814,0.175814,90.000000
48,1,dinov2-b,thunder.patch_camelyon.linear_probing,thunder,f1,86.300000,85.839476,0.460524,90.600000
48,1,dinov2-b,thunder.mhist.linear_probing,thunder,f1,82.600000,82.258038,0.341962,80.000000
48,1,dinov2-b,thunder.esca.linear_probing,thunder,f1,73.800000,70.338094,3.461906,79.950000
48,1,dinov2-b,thunder.tcga_crc_msi.linear_probing,thunder,f1,58.600000,55.079194,3.520806,63.800000
48,1,dinov2-l,thunder.wilds.linear_probing,thunder,f1,90.300000,91.730825,1.430825,95.950000
48,1,dinov2-l,thunder.bach.linear_probing,thunder,f1,68.900000,61.513218,7.386782,69.900000
48,1,dinov2-l,thunder.tcga_crc_msi.linear_probing,thunder,f1,59.300000,55.244109,4.055891,63.800000
48,1,dinov2-l,thunder.spider_colorectal.linear_probing,thunder,f1,85.300000,84.085680,1.214320,89.050000
48,1,dinov2-l,thunder.spider_breast.linear_probing,thunder,f1,74.000000,75.028876,1.028876,81.600000
48,1,dinov3-b,thunder.break_his.linear_probing,thunder,f1,81.800000,76.558564,5.241436,70.800000
48,1,dinov3-b,thunder.patch_camelyon.linear_probing,thunder,f1,88.000000,87.113592,0.886408,90.600000
48,1,dinov3-b,thunder.ccrcc.linear_probing,thunder,f1,80.700000,82.354930,1.654930,88.100000
48,1,dinov3-b,thunder.tcga_tils.linear_probing,thunder,f1,86.700000,86.762459,0.062459,90.000000
48,1,dinov3-b,thunder.tcga_uniform.linear_probing,thunder,f1,56.200000,58.001699,1.801699,70.200000
48,1,dinov3-l,thunder.patch_camelyon.linear_probing,thunder,f1,88.800000,87.848471,0.951529,90.600000
48,1,dinov3-l,thunder.break_his.linear_probing,thunder,f1,77.300000,65.425432,11.874568,70.800000
48,1,dinov3-l,thunder.tcga_uniform.linear_probing,thunder,f1,59.300000,60.048449,0.748449,70.200000
48,1,dinov3-l,thunder.spider_breast.linear_probing,thunder,f1,78.300000,78.487626,0.187626,81.600000
48,1,dinov3-l,thunder.mhist.linear_probing,thunder,f1,84.100000,79.485611,4.614389,80.000000
48,1,dinov3-s,thunder.ccrcc.linear_probing,thunder,f1,81.600000,83.110357,1.510357,88.100000
48,1,dinov3-s,thunder.wilds.linear_probing,thunder,f1,94.100000,92.933478,1.166522,95.950000
48,1,dinov3-s,thunder.spider_colorectal.linear_probing,thunder,f1,85.000000,84.843262,0.156738,89.050000
48,1,dinov3-s,thunder.spider_thorax.linear_probing,thunder,f1,88.200000,88.880643,0.680643,93.300000
48,1,dinov3-s,thunder.bach.linear_probing,thunder,f1,56.400000,64.720081,8.320081,69.900000
48,1,genbio-pathfm,thunder.mhist.linear_probing,thunder,f1,83.200000,82.624107,0.575893,80.000000
48,1,genbio-pathfm,thunder.bach.linear_probing,thunder,f1,78.100000,81.352078,3.252078,69.900000
48,1,genbio-pathfm,thunder.tcga_tils.linear_probing,thunder,f1,90.600000,91.108322,0.508322,90.000000
48,1,genbio-pathfm,hest.coad.gene_expression,hest,pearson_r,66.420000,64.263360,2.156640,62.500000
48,1,genbio-pathfm,thunder.tcga_crc_msi.linear_probing,thunder,f1,68.000000,68.247747,0.247747,63.800000
48,1,genbio-pathfm,thunder.spider_breast.linear_probing,thunder,f1,86.200000,86.991836,0.791836,81.600000
48,1,genbio-pathfm,thunder.spider_skin.linear_probing,thunder,f1,93.500000,92.245759,1.254241,88.250000
48,1,genbio-pathfm,hest.lymph_idc.gene_expression,hest,pearson_r,64.210000,63.202620,1.007380,62.422500
48,1,gpfm,hest.lung.gene_expression,hest,pearson_r,77.360000,76.894785,0.465215,77.670000
48,1,gpfm,hest.prad.gene_expression,hest,pearson_r,67.115000,64.932913,2.182087,67.350000
48,1,gpfm,hest.idc.gene_expression,hest,pearson_r,78.300000,77.830079,0.469921,78.250000
48,1,h-optimus-0,thunder.tcga_uniform.linear_probing,thunder,f1,79.300000,80.763911,1.463911,70.200000
48,1,h-optimus-0,thunder.bracs.linear_probing,thunder,f1,61.100000,62.873312,1.773312,58.200000
48,1,h-optimus-0,thunder.spider_skin.linear_probing,thunder,f1,91.900000,91.947343,0.047343,88.250000
48,1,h-optimus-0,thunder.spider_breast.linear_probing,thunder,f1,87.200000,86.713411,0.486589,81.600000
48,1,h-optimus-0,thunder.break_his.linear_probing,thunder,f1,66.000000,76.876419,10.876419,70.800000
48,1,h-optimus-0,thunder.spider_colorectal.linear_probing,thunder,f1,89.900000,90.485175,0.585175,89.050000
48,1,h-optimus-0,pathorob.tolkach_esca.robustness_index,pathorob,robustness_index,91.800000,94.266383,2.466383,90.200000
48,1,h-optimus-0,hest.lung.gene_expression,hest,pearson_r,77.950000,78.201988,0.251988,77.670000
48,1,h-optimus-0,hest.coad.gene_expression,hest,pearson_r,65.430000,64.195763,1.234237,62.500000
48,1,h-optimus-1,thunder.spider_thorax.linear_probing,thunder,f1,93.600000,95.132772,1.532772,93.300000
48,1,h-optimus-1,thunder.tcga_uniform.linear_probing,thunder,f1,81.000000,82.305199,1.305199,70.200000
48,1,h-optimus-1,thunder.patch_camelyon.linear_probing,thunder,f1,93.300000,94.192215,0.892215,90.600000
48,1,h-optimus-1,hest.coad.gene_expression,hest,pearson_r,65.975000,64.711371,1.263629,62.500000
48,1,h-optimus-1,hest.skcm.gene_expression,hest,pearson_r,82.945000,82.222435,0.722565,79.195000
48,1,h-optimus-1,thunder.spider_skin.linear_probing,thunder,f1,92.300000,92.550827,0.250827,88.250000
48,1,h-optimus-1,hest.ccrcc.gene_expression,hest,pearson_r,62.665000,63.770042,1.105042,62.302500
48,1,h-optimus-1,hest.prad.gene_expression,hest,pearson_r,68.905000,67.649461,1.255539,67.350000
48,1,h0-mini,thunder.crc.linear_probing,thunder,f1,95.800000,94.200911,1.599089,93.000000
48,1,h0-mini,thunder.break_his.linear_probing,thunder,f1,69.000000,75.492422,6.492422,70.800000
48,1,h0-mini,hest.read.gene_expression,hest,pearson_r,59.315000,59.392520,0.077520,58.172500
48,1,h0-mini,thunder.spider_colorectal.linear_probing,thunder,f1,90.200000,89.851186,0.348814,89.050000
48,1,h0-mini,hest.ccrcc.gene_expression,hest,pearson_r,63.350000,62.503299,0.846701,62.302500
48,1,h0-mini,hest.lung.gene_expression,hest,pearson_r,77.410000,77.773705,0.363705,77.670000
48,1,h0-mini,thunder.spider_breast.linear_probing,thunder,f1,86.000000,85.626597,0.373403,81.600000
48,1,h0-mini,thunder.mhist.linear_probing,thunder,f1,79.900000,81.848487,1.948487,80.000000
48,1,h0-mini,pathorob.tolkach_esca.robustness_index,pathorob,robustness_index,93.200000,94.137071,0.937071,90.200000
48,1,hibou-b,thunder.patch_camelyon.linear_probing,thunder,f1,93.400000,92.471355,0.928645,90.600000
48,1,hibou-b,thunder.break_his.linear_probing,thunder,f1,59.600000,52.117679,7.482321,70.800000
48,1,hibou-b,thunder.bach.linear_probing,thunder,f1,65.600000,72.729572,7.129572,69.900000
48,1,hibou-b,thunder.spider_breast.linear_probing,thunder,f1,86.600000,85.677395,0.922605,81.600000
48,1,hibou-b,thunder.wilds.linear_probing,thunder,f1,97.100000,97.554062,0.454062,95.950000
48,1,hibou-l,thunder.spider_breast.linear_probing,thunder,f1,88.000000,85.923826,2.076174,81.600000
48,1,hibou-l,hest.skcm.gene_expression,hest,pearson_r,79.085000,81.062033,1.977033,79.195000
48,1,hibou-l,thunder.ccrcc.linear_probing,thunder,f1,88.400000,89.125490,0.725490,88.100000
48,1,hibou-l,thunder.esca.linear_probing,thunder,f1,77.500000,83.143766,5.643766,79.950000
48,1,hibou-l,hest.lymph_idc.gene_expression,hest,pearson_r,62.160000,63.056057,0.896057,62.422500
48,1,hibou-l,thunder.mhist.linear_probing,thunder,f1,81.300000,79.631397,1.668603,80.000000
48,1,hibou-l,hest.coad.gene_expression,hest,pearson_r,65.200000,64.384210,0.815790,62.500000
48,1,hibou-l,hest.paad.gene_expression,hest,pearson_r,73.370000,73.745131,0.375131,73.005000
48,1,hipt,pathorob.tolkach_esca.robustness_index,pathorob,robustness_index,72.600000,86.522429,13.922429,90.200000
48,1,kaiko-vit-b-16,hest.idc.gene_expression,hest,pearson_r,76.760000,77.215675,0.455675,78.250000
48,1,kaiko-vit-b-16,hest.paad.gene_expression,hest,pearson_r,72.620000,72.056164,0.563836,73.005000
48,1,kaiko-vit-b-16,hest.coad.gene_expression,hest,pearson_r,64.060000,62.200858,1.859142,62.500000
48,1,kaiko-vit-b-8,hest.prad.gene_expression,hest,pearson_r,68.055000,67.267783,0.787217,67.350000
48,1,kaiko-vit-b-8,pathorob.camelyon.robustness_index,pathorob,robustness_index,14.700000,31.197798,16.497798,54.400000
48,1,kaiko-vit-b-8,hest.lymph_idc.gene_expression,hest,pearson_r,61.365000,62.322514,0.957514,62.422500
48,1,kaiko-vit-b-8,pathorob.tcga_2x2.robustness_index,pathorob,robustness_index,76.300000,73.003175,3.296825,73.250000
48,1,kaiko-vit-b-unspecified-patch,thunder.spider_breast.linear_probing,thunder,f1,81.900000,83.799592,1.899592,81.600000
48,1,kaiko-vit-b-unspecified-patch,thunder.bach.linear_probing,thunder,f1,69.600000,71.942350,2.342350,69.900000
48,1,kaiko-vit-b-unspecified-patch,thunder.bracs.linear_probing,thunder,f1,59.400000,59.905861,0.505861,58.200000
48,1,kaiko-vit-b-unspecified-patch,thunder.esca.linear_probing,thunder,f1,78.500000,79.928784,1.428784,79.950000
48,1,kaiko-vit-b-unspecified-patch,thunder.tcga_crc_msi.linear_probing,thunder,f1,67.000000,63.282341,3.717659,63.800000
48,1,kaiko-vit-l-14,hest.lung.gene_expression,hest,pearson_r,76.895000,75.890753,1.004247,77.670000
48,1,kaiko-vit-l-14,hest.ccrcc.gene_expression,hest,pearson_r,60.970000,60.960858,0.009142,62.302500
48,1,kaiko-vit-l-14,hest.coad.gene_expression,hest,pearson_r,62.675000,61.916068,0.758932,62.500000
48,1,kaiko-vit-s-16,hest.lung.gene_expression,hest,pearson_r,75.150000,75.109991,0.040009,77.670000
48,1,kaiko-vit-s-16,hest.ccrcc.gene_expression,hest,pearson_r,60.495000,59.831123,0.663877,62.302500
48,1,kaiko-vit-s-16,hest.prad.gene_expression,hest,pearson_r,67.415000,68.054497,0.639497,67.350000
48,1,kaiko-vit-s-8,hest.read.gene_expression,hest,pearson_r,57.345000,56.065408,1.279592,58.172500
48,1,kaiko-vit-s-8,hest.paad.gene_expression,hest,pearson_r,70.905000,71.574190,0.669190,73.005000
48,1,kaiko-vit-s-8,hest.ccrcc.gene_expression,hest,pearson_r,61.730000,60.634167,1.095833,62.302500
48,1,kaiko-vit-s-unspecified-patch,thunder.tcga_uniform.linear_probing,thunder,f1,75.700000,71.154478,4.545522,70.200000
48,1,kaiko-vit-s-unspecified-patch,thunder.bracs.linear_probing,thunder,f1,61.500000,59.274381,2.225619,58.200000
48,1,kaiko-vit-s-unspecified-patch,thunder.patch_camelyon.linear_probing,thunder,f1,90.400000,91.168746,0.768746,90.600000
48,1,kaiko-vit-s-unspecified-patch,thunder.bach.linear_probing,thunder,f1,72.600000,72.156456,0.443544,69.900000
48,1,kaiko-vit-s-unspecified-patch,thunder.crc.linear_probing,thunder,f1,92.300000,92.955353,0.655353,93.000000
48,1,kang-dino,pathorob.tolkach_esca.robustness_index,pathorob,robustness_index,83.200000,81.274117,1.925883,90.200000
48,1,keep,thunder.tcga_uniform.linear_probing,thunder,f1,72.700000,78.298926,5.598926,70.200000
48,1,keep,thunder.wilds.linear_probing,thunder,f1,97.400000,97.972400,0.572400,95.950000
48,1,keep,thunder.break_his.linear_probing,thunder,f1,65.900000,59.888977,6.011023,70.800000
48,1,keep,thunder.tcga_tils.linear_probing,thunder,f1,89.900000,90.637534,0.737534,90.000000
48,1,keep,thunder.patch_camelyon.linear_probing,thunder,f1,92.600000,93.196635,0.596635,90.600000
48,1,lunit-vit-s-8,hest.skcm.gene_expression,hest,pearson_r,78.690000,78.502487,0.187513,79.195000
48,1,lunit-vit-s-8,hest.lung.gene_expression,hest,pearson_r,77.075000,77.254820,0.179820,77.670000
48,1,lunit-vit-s-8,hest.read.gene_expression,hest,pearson_r,58.050000,57.343878,0.706122,58.172500
48,1,midnight,hest.read.gene_expression,hest,pearson_r,59.280000,60.333736,1.053736,58.172500
48,1,midnight,thunder.break_his.linear_probing,thunder,f1,56.700000,73.689945,16.989945,70.800000
48,1,midnight,thunder.ccrcc.linear_probing,thunder,f1,90.800000,91.130218,0.330218,88.100000
48,1,midnight,hest.lung.gene_expression,hest,pearson_r,77.885000,78.398657,0.513657,77.670000
48,1,midnight,hest.ccrcc.gene_expression,hest,pearson_r,60.660000,63.401824,2.741824,62.302500
48,1,midnight,thunder.bracs.linear_probing,thunder,f1,63.800000,63.174565,0.625435,58.200000
48,1,midnight,hest.prad.gene_expression,hest,pearson_r,66.850000,67.848143,0.998143,67.350000
48,1,midnight,thunder.spider_breast.linear_probing,thunder,f1,86.100000,87.105020,1.005020,81.600000
48,1,musk,thunder.spider_skin.linear_probing,thunder,f1,87.600000,85.359819,2.240181,88.250000
48,1,musk,thunder.tcga_tils.linear_probing,thunder,f1,89.400000,88.033350,1.366650,90.000000
48,1,musk,thunder.patch_camelyon.linear_probing,thunder,f1,89.400000,89.216256,0.183744,90.600000
48,1,musk,thunder.break_his.linear_probing,thunder,f1,77.600000,66.759372,10.840628,70.800000
48,1,musk,hest.lung.gene_expression,hest,pearson_r,75.855000,75.955175,0.100175,77.670000
48,1,musk,thunder.ccrcc.linear_probing,thunder,f1,85.300000,83.725615,1.574385,88.100000
48,1,musk,hest.paad.gene_expression,hest,pearson_r,71.385000,71.869955,0.484955,73.005000
48,1,musk,hest.lymph_idc.gene_expression,hest,pearson_r,62.725000,61.860220,0.864780,62.422500
48,1,musk,thunder.bracs.linear_probing,thunder,f1,63.300000,57.155115,6.144885,58.200000
48,1,openmidnight,thunder.spider_breast.linear_probing,thunder,f1,84.500000,85.275610,0.775610,81.600000
48,1,openmidnight,thunder.bach.linear_probing,thunder,f1,84.600000,77.808567,6.791433,69.900000
48,1,openmidnight,hest.prad.gene_expression,hest,pearson_r,67.950000,68.448056,0.498056,67.350000
48,1,openmidnight,thunder.bracs.linear_probing,thunder,f1,59.400000,61.506380,2.106380,58.200000
48,1,openmidnight,thunder.tcga_tils.linear_probing,thunder,f1,91.000000,90.315316,0.684684,90.000000
48,1,openmidnight,thunder.wilds.linear_probing,thunder,f1,96.500000,97.763155,1.263155,95.950000
48,1,openmidnight,thunder.crc.linear_probing,thunder,f1,94.200000,94.076308,0.123692,93.000000
48,1,openmidnight,thunder.patch_camelyon.linear_probing,thunder,f1,93.200000,92.884553,0.315447,90.600000
48,1,phikon,thunder.break_his.linear_probing,thunder,f1,60.000000,60.795193,0.795193,70.800000
48,1,phikon,hest.lung.gene_expression,hest,pearson_r,77.330000,76.641537,0.688463,77.670000
48,1,phikon,thunder.patch_camelyon.linear_probing,thunder,f1,90.900000,90.210083,0.689917,90.600000
48,1,phikon,pathorob.tcga_2x2.robustness_index,pathorob,robustness_index,62.300000,65.328012,3.028012,73.250000
48,1,phikon,thunder.tcga_uniform.linear_probing,thunder,f1,76.600000,67.641190,8.958810,70.200000
48,1,phikon,thunder.tcga_crc_msi.linear_probing,thunder,f1,63.100000,60.984720,2.115280,63.800000
48,1,phikon,hest.coad.gene_expression,hest,pearson_r,63.115000,62.695895,0.419105,62.500000
48,1,phikon,thunder.spider_colorectal.linear_probing,thunder,f1,88.500000,87.560823,0.939177,89.050000
48,1,phikon,thunder.ccrcc.linear_probing,thunder,f1,89.800000,84.276209,5.523791,88.100000
48,1,phikon-v2,hest.lung.gene_expression,hest,pearson_r,77.095000,77.147572,0.052572,77.670000
48,1,phikon-v2,pathorob.camelyon.robustness_index,pathorob,robustness_index,1.900000,3.898401,1.998401,54.400000
48,1,phikon-v2,thunder.crc.linear_probing,thunder,f1,92.000000,92.634659,0.634659,93.000000
48,1,phikon-v2,thunder.tcga_tils.linear_probing,thunder,f1,91.000000,89.175313,1.824687,90.000000
48,1,phikon-v2,thunder.bach.linear_probing,thunder,f1,64.700000,69.432843,4.732843,69.900000
48,1,phikon-v2,thunder.esca.linear_probing,thunder,f1,77.300000,78.605983,1.305983,79.950000
48,1,phikon-v2,hest.idc.gene_expression,hest,pearson_r,77.040000,78.058248,1.018248,78.250000
48,1,phikon-v2,hest.prad.gene_expression,hest,pearson_r,67.725000,65.397747,2.327253,67.350000
48,1,phikon-v2,hest.skcm.gene_expression,hest,pearson_r,77.770000,79.532216,1.762216,79.195000
48,1,plip,thunder.spider_colorectal.linear_probing,thunder,f1,84.700000,84.848544,0.148544,89.050000
48,1,plip,thunder.esca.linear_probing,thunder,f1,65.700000,69.793768,4.093768,79.950000
48,1,plip,thunder.mhist.linear_probing,thunder,f1,78.500000,76.904825,1.595175,80.000000
48,1,plip,thunder.break_his.linear_probing,thunder,f1,47.200000,54.538511,7.338511,70.800000
48,1,plip,thunder.tcga_crc_msi.linear_probing,thunder,f1,56.000000,55.973250,0.026750,63.800000
48,1,prov-gigapath,pathorob.camelyon.robustness_index,pathorob,robustness_index,39.900000,23.311312,16.588688,54.400000
48,1,prov-gigapath,thunder.crc.linear_probing,thunder,f1,94.700000,93.467052,1.232948,93.000000
48,1,prov-gigapath,thunder.spider_breast.linear_probing,thunder,f1,85.500000,84.312295,1.187705,81.600000
48,1,prov-gigapath,thunder.tcga_crc_msi.linear_probing,thunder,f1,68.000000,64.211732,3.788268,63.800000
48,1,prov-gigapath,hest.skcm.gene_expression,hest,pearson_r,78.095000,79.974691,1.879691,79.195000
48,1,prov-gigapath,hest.lymph_idc.gene_expression,hest,pearson_r,62.500000,62.619413,0.119413,62.422500
48,1,prov-gigapath,hest.coad.gene_expression,hest,pearson_r,64.960000,63.318273,1.641727,62.500000
48,1,prov-gigapath,thunder.spider_skin.linear_probing,thunder,f1,91.300000,89.484027,1.815973,88.250000
48,1,prov-gigapath,thunder.break_his.linear_probing,thunder,f1,65.400000,69.705505,4.305505,70.800000
48,1,quiltnet,thunder.esca.linear_probing,thunder,f1,61.500000,69.201442,7.701442,79.950000
48,1,quiltnet,thunder.ccrcc.linear_probing,thunder,f1,65.500000,76.350403,10.850403,88.100000
48,1,quiltnet,thunder.break_his.linear_probing,thunder,f1,62.400000,42.154180,20.245820,70.800000
48,1,quiltnet,thunder.crc.linear_probing,thunder,f1,92.500000,89.757200,2.742800,93.000000
48,1,quiltnet,thunder.bach.linear_probing,thunder,f1,58.400000,56.026615,2.373385,69.900000
48,1,resnet50,hest.idc.gene_expression,hest,pearson_r,73.695000,76.286930,2.591930,78.250000
48,1,resnet50,hest.skcm.gene_expression,hest,pearson_r,74.105000,75.857030,1.752030,79.195000
48,1,resnet50,hest.lung.gene_expression,hest,pearson_r,74.745000,75.620987,0.875987,77.670000
48,1,retccl,pathorob.tolkach_esca.robustness_index,pathorob,robustness_index,87.800000,82.574027,5.225973,90.200000
48,1,rudolfv,pathorob.tolkach_esca.robustness_index,pathorob,robustness_index,69.500000,80.478550,10.978550,90.200000
48,1,uni,thunder.crc.linear_probing,thunder,f1,93.100000,93.765934,0.665934,93.000000
48,1,uni,hest.lymph_idc.gene_expression,hest,pearson_r,62.795000,62.817986,0.022986,62.422500
48,1,uni,thunder.tcga_crc_msi.linear_probing,thunder,f1,65.900000,65.185472,0.714528,63.800000
48,1,uni,thunder.patch_camelyon.linear_probing,thunder,f1,93.800000,92.562997,1.237003,90.600000
48,1,uni,thunder.wilds.linear_probing,thunder,f1,97.200000,97.589964,0.389964,95.950000
48,1,uni,hest.coad.gene_expression,hest,pearson_r,63.070000,63.750848,0.680848,62.500000
48,1,uni,hest.skcm.gene_expression,hest,pearson_r,81.730000,80.553653,1.176347,79.195000
48,1,uni,hest.lung.gene_expression,hest,pearson_r,77.320000,77.748457,0.428457,77.670000
48,1,uni,hest.read.gene_expression,hest,pearson_r,59.180000,59.294891,0.114891,58.172500
48,1,uni2-h,hest.idc.gene_expression,hest,pearson_r,79.490000,79.382609,0.107391,78.250000
48,1,uni2-h,thunder.bracs.linear_probing,thunder,f1,65.400000,63.218660,2.181340,58.200000
48,1,uni2-h,thunder.tcga_uniform.linear_probing,thunder,f1,78.800000,81.425566,2.625566,70.200000
48,1,uni2-h,thunder.spider_thorax.linear_probing,thunder,f1,95.100000,94.932682,0.167318,93.300000
48,1,uni2-h,thunder.tcga_crc_msi.linear_probing,thunder,f1,66.900000,68.150428,1.250428,63.800000
48,1,uni2-h,hest.read.gene_expression,hest,pearson_r,61.115000,60.433876,0.681124,58.172500
48,1,uni2-h,thunder.patch_camelyon.linear_probing,thunder,f1,95.000000,93.960020,1.039980,90.600000
48,1,uni2-h,thunder.spider_breast.linear_probing,thunder,f1,86.700000,87.137810,0.437810,81.600000
48,1,uni2-h,hest.paad.gene_expression,hest,pearson_r,75.005000,74.438605,0.566395,73.005000
48,1,virchow,thunder.spider_breast.linear_probing,thunder,f1,86.200000,86.030207,0.169793,81.600000
48,1,virchow,thunder.patch_camelyon.linear_probing,thunder,f1,93.600000,93.288578,0.311422,90.600000
48,1,virchow,pathorob.tolkach_esca.robustness_index,pathorob,robustness_index,93.200000,92.814829,0.385171,90.200000
48,1,virchow,hest.read.gene_expression,hest,pearson_r,59.905000,59.755375,0.149625,58.172500
48,1,virchow,thunder.break_his.linear_probing,thunder,f1,62.700000,74.381165,11.681165,70.800000
48,1,virchow,thunder.spider_thorax.linear_probing,thunder,f1,94.700000,94.368133,0.331867,93.300000
48,1,virchow,hest.idc.gene_expression,hest,pearson_r,79.230000,79.003850,0.226150,78.250000
48,1,virchow,thunder.bach.linear_probing,thunder,f1,66.200000,78.600347,12.400347,69.900000
48,1,virchow,hest.coad.gene_expression,hest,pearson_r,65.395000,64.046431,1.348569,62.500000
48,1,virchow-2,pathorob.camelyon.robustness_index,pathorob,robustness_index,80.600000,59.660025,20.939975,54.400000
48,1,virchow-2,hest.read.gene_expression,hest,pearson_r,60.370000,60.246239,0.123761,58.172500
48,1,virchow-2,thunder.wilds.linear_probing,thunder,f1,90.000000,98.310229,8.310229,95.950000
48,1,virchow-2,thunder.patch_camelyon.linear_probing,thunder,f1,92.800000,93.848191,1.048191,90.600000
48,1,virchow-2,hest.coad.gene_expression,hest,pearson_r,62.905000,64.380028,1.475028,62.500000
48,1,virchow-2,thunder.spider_thorax.linear_probing,thunder,f1,93.900000,94.830042,0.930042,93.300000
48,1,virchow-2,hest.lung.gene_expression,hest,pearson_r,78.425000,78.357689,0.067311,77.670000
48,1,virchow-2,thunder.mhist.linear_probing,thunder,f1,83.600000,81.790118,1.809882,80.000000
48,1,virchow-2,pathorob.tcga_2x2.robustness_index,pathorob,robustness_index,82.200000,79.269997,2.930003,73.250000
48,1,vit-b,thunder.esca.linear_probing,thunder,f1,62.700000,69.563472,6.863472,79.950000
48,1,vit-b,thunder.crc.linear_probing,thunder,f1,90.600000,89.921888,0.678112,93.000000
48,1,vit-b,thunder.spider_skin.linear_probing,thunder,f1,81.200000,81.031902,0.168098,88.250000
48,1,vit-b,thunder.ccrcc.linear_probing,thunder,f1,79.100000,78.431964,0.668036,88.100000
48,1,vit-b,thunder.tcga_crc_msi.linear_probing,thunder,f1,59.100000,55.436432,3.663568,63.800000
48,1,vit-l,thunder.spider_skin.linear_probing,thunder,f1,81.300000,82.314998,1.014998,88.250000
48,1,vit-l,thunder.ccrcc.linear_probing,thunder,f1,77.100000,80.626996,3.526996,88.100000
48,1,vit-l,thunder.spider_breast.linear_probing,thunder,f1,79.300000,77.349046,1.950954,81.600000
48,1,vit-l,thunder.wilds.linear_probing,thunder,f1,92.600000,93.034729,0.434729,95.950000
48,1,vit-l,thunder.tcga_uniform.linear_probing,thunder,f1,55.900000,57.685683,1.785683,70.200000
48,2,atlas,pathorob.camelyon.robustness_index,pathorob,robustness_index,78.500000,70.108486,8.391514,35.850000
48,2,ciga,pathorob.tcga_2x2.robustness_index,pathorob,robustness_index,51.100000,69.223883,18.123883,75.050000
48,2,clip-b,thunder.break_his.linear_probing,thunder,f1,40.000000,70.734698,30.734698,68.800000
48,2,clip-b,thunder.tcga_crc_msi.linear_probing,thunder,f1,49.000000,54.773610,5.773610,63.800000
48,2,clip-b,thunder.mhist.linear_probing,thunder,f1,77.500000,79.963987,2.463987,79.900000
48,2,clip-b,thunder.tcga_uniform.linear_probing,thunder,f1,47.900000,48.130935,0.230935,72.700000
48,2,clip-b,thunder.bach.linear_probing,thunder,f1,51.100000,59.132990,8.032990,70.200000
48,2,clip-b,thunder.spider_thorax.linear_probing,thunder,f1,84.700000,83.193526,1.506474,93.600000
48,2,clip-l,thunder.tcga_crc_msi.linear_probing,thunder,f1,52.000000,57.154664,5.154664,63.800000
48,2,clip-l,thunder.esca.linear_probing,thunder,f1,67.600000,66.463202,1.136798,77.400000
48,2,clip-l,thunder.tcga_tils.linear_probing,thunder,f1,85.000000,85.839010,0.839010,90.100000
48,2,clip-l,thunder.break_his.linear_probing,thunder,f1,54.500000,69.005017,14.505017,68.800000
48,2,clip-l,thunder.tcga_uniform.linear_probing,thunder,f1,54.100000,54.728674,0.628674,72.700000
48,2,clip-l,thunder.wilds.linear_probing,thunder,f1,93.200000,89.080606,4.119394,96.600000
48,2,conch,thunder.tcga_uniform.linear_probing,thunder,f1,68.000000,69.002615,1.002615,72.700000
48,2,conch,thunder.mhist.linear_probing,thunder,f1,79.700000,81.055174,1.355174,79.900000
48,2,conch,thunder.bracs.linear_probing,thunder,f1,60.000000,59.457198,0.542802,59.400000
48,2,conch,thunder.bach.linear_probing,thunder,f1,84.400000,69.879588,14.520412,70.200000
48,2,conch,hest.paad.gene_expression,hest,pearson_r,72.340000,72.618145,0.278145,73.005000
48,2,conch,thunder.crc.linear_probing,thunder,f1,93.400000,92.726444,0.673556,92.500000
48,2,conch,thunder.ccrcc.linear_probing,thunder,f1,88.100000,86.069457,2.030543,85.100000
48,2,conch,hest.prad.gene_expression,hest,pearson_r,67.740000,67.172270,0.567730,67.725000
48,2,conch,thunder.spider_colorectal.linear_probing,thunder,f1,87.900000,87.563937,0.336063,88.400000
48,2,conch,thunder.esca.linear_probing,thunder,f1,80.100000,77.642741,2.457259,77.400000
48,2,conch-1.5,hest.lung.gene_expression,hest,pearson_r,77.565000,76.968826,0.596174,77.095000
48,2,conch-1.5,pathorob.tcga_2x2.robustness_index,pathorob,robustness_index,83.200000,80.496871,2.703129,75.050000
48,2,conch-1.5,thunder.tcga_crc_msi.linear_probing,thunder,f1,62.300000,63.542473,1.242473,63.800000
48,2,conch-1.5,hest.idc.gene_expression,hest,pearson_r,77.200000,78.016881,0.816881,78.300000
48,2,conch-1.5,thunder.spider_breast.linear_probing,thunder,f1,81.600000,82.989405,1.389405,85.550000
48,2,conch-1.5,thunder.spider_thorax.linear_probing,thunder,f1,92.100000,92.267688,0.167688,93.600000
48,2,conch-1.5,hest.coad.gene_expression,hest,pearson_r,64.010000,63.078394,0.931606,63.115000
48,2,conch-1.5,thunder.bracs.linear_probing,thunder,f1,62.400000,60.376976,2.023024,59.400000
48,2,conch-1.5,thunder.patch_camelyon.linear_probing,thunder,f1,91.400000,91.416450,0.016450,90.750000
48,2,conch-1.5,thunder.tcga_tils.linear_probing,thunder,f1,89.900000,89.383495,0.516505,90.100000
48,2,ctranspath,hest.paad.gene_expression,hest,pearson_r,71.570000,71.142828,0.427172,73.005000
48,2,ctranspath,hest.prad.gene_expression,hest,pearson_r,67.755000,65.323038,2.431962,67.725000
48,2,ctranspath,hest.ccrcc.gene_expression,hest,pearson_r,61.810000,60.079887,1.730113,61.865000
48,2,ctranspath,pathorob.tolkach_esca.robustness_index,pathorob,robustness_index,87.200000,82.044323,5.155677,90.700000
48,2,dinov2-b,thunder.tcga_uniform.linear_probing,thunder,f1,54.400000,57.007909,2.607909,72.700000
48,2,dinov2-b,thunder.spider_thorax.linear_probing,thunder,f1,87.600000,86.828370,0.771630,93.600000
48,2,dinov2-b,thunder.spider_breast.linear_probing,thunder,f1,76.000000,74.667019,1.332981,85.550000
48,2,dinov2-b,thunder.bach.linear_probing,thunder,f1,64.400000,67.045221,2.645221,70.200000
48,2,dinov2-b,thunder.spider_skin.linear_probing,thunder,f1,80.100000,81.070575,0.970575,87.600000
48,2,dinov2-b,thunder.break_his.linear_probing,thunder,f1,77.800000,78.435635,0.635635,68.800000
48,2,dinov2-l,thunder.esca.linear_probing,thunder,f1,72.100000,70.820454,1.279546,77.400000
48,2,dinov2-l,thunder.patch_camelyon.linear_probing,thunder,f1,87.200000,86.835808,0.364192,90.750000
48,2,dinov2-l,thunder.bracs.linear_probing,thunder,f1,50.600000,55.591793,4.991793,59.400000
48,2,dinov2-l,thunder.break_his.linear_probing,thunder,f1,78.500000,78.718095,0.218095,68.800000
48,2,dinov2-l,thunder.spider_skin.linear_probing,thunder,f1,82.100000,81.905690,0.194310,87.600000
48,2,dinov2-l,thunder.mhist.linear_probing,thunder,f1,82.300000,82.830483,0.530483,79.900000
48,2,dinov3-b,thunder.wilds.linear_probing,thunder,f1,93.600000,91.552174,2.047826,96.600000
48,2,dinov3-b,thunder.crc.linear_probing,thunder,f1,89.500000,90.846241,1.346241,92.500000
48,2,dinov3-b,thunder.spider_skin.linear_probing,thunder,f1,81.600000,82.681691,1.081691,87.600000
48,2,dinov3-b,thunder.bach.linear_probing,thunder,f1,60.300000,68.659874,8.359874,70.200000
48,2,dinov3-b,thunder.tcga_crc_msi.linear_probing,thunder,f1,57.200000,59.075268,1.875268,63.800000
48,2,dinov3-b,thunder.spider_thorax.linear_probing,thunder,f1,90.000000,87.896287,2.103713,93.600000
48,2,dinov3-l,thunder.crc.linear_probing,thunder,f1,91.500000,91.280168,0.219832,92.500000
48,2,dinov3-l,thunder.bracs.linear_probing,thunder,f1,54.600000,56.747219,2.147219,59.400000
48,2,dinov3-l,thunder.spider_thorax.linear_probing,thunder,f1,90.100000,88.742420,1.357580,93.600000
48,2,dinov3-l,thunder.bach.linear_probing,thunder,f1,57.900000,69.258503,11.358503,70.200000
48,2,dinov3-l,thunder.ccrcc.linear_probing,thunder,f1,82.500000,82.953925,0.453925,85.100000
48,2,dinov3-l,thunder.spider_colorectal.linear_probing,thunder,f1,86.300000,85.410306,0.889694,88.400000
48,2,dinov3-s,thunder.spider_skin.linear_probing,thunder,f1,81.800000,83.016936,1.216936,87.600000
48,2,dinov3-s,thunder.patch_camelyon.linear_probing,thunder,f1,86.500000,87.739489,1.239489,90.750000
48,2,dinov3-s,thunder.tcga_tils.linear_probing,thunder,f1,86.300000,87.346424,1.046424,90.100000
48,2,dinov3-s,thunder.tcga_uniform.linear_probing,thunder,f1,53.900000,61.649546,7.749546,72.700000
48,2,dinov3-s,thunder.mhist.linear_probing,thunder,f1,82.900000,79.531411,3.368589,79.900000
48,2,dinov3-s,thunder.crc.linear_probing,thunder,f1,91.400000,90.732278,0.667722,92.500000
48,2,genbio-pathfm,thunder.patch_camelyon.linear_probing,thunder,f1,93.800000,94.324817,0.524817,90.750000
48,2,genbio-pathfm,hest.ccrcc.gene_expression,hest,pearson_r,63.075000,63.008610,0.066390,61.865000
48,2,genbio-pathfm,thunder.bracs.linear_probing,thunder,f1,60.100000,64.687564,4.587564,59.400000
48,2,genbio-pathfm,thunder.tcga_uniform.linear_probing,thunder,f1,79.900000,81.131381,1.231381,72.700000
48,2,genbio-pathfm,hest.skcm.gene_expression,hest,pearson_r,83.575000,81.789730,1.785270,78.690000
48,2,genbio-pathfm,thunder.esca.linear_probing,thunder,f1,84.700000,86.676429,1.976429,77.400000
48,2,genbio-pathfm,hest.idc.gene_expression,hest,pearson_r,79.360000,79.813751,0.453751,78.300000
48,2,genbio-pathfm,thunder.wilds.linear_probing,thunder,f1,98.200000,98.533360,0.333360,96.600000
48,2,genbio-pathfm,thunder.crc.linear_probing,thunder,f1,95.600000,95.151767,0.448233,92.500000
48,2,gpfm,hest.read.gene_expression,hest,pearson_r,58.230000,58.159043,0.070957,58.082500
48,2,gpfm,hest.ccrcc.gene_expression,hest,pearson_r,62.955000,61.683071,1.271929,61.865000
48,2,gpfm,hest.lymph_idc.gene_expression,hest,pearson_r,61.855000,63.067397,1.212397,62.407500
48,2,h-optimus-0,hest.prad.gene_expression,hest,pearson_r,69.240000,68.462661,0.777339,67.725000
48,2,h-optimus-0,thunder.mhist.linear_probing,thunder,f1,82.800000,80.773659,2.026341,79.900000
48,2,h-optimus-0,pathorob.camelyon.robustness_index,pathorob,robustness_index,70.500000,51.398245,19.101755,35.850000
48,2,h-optimus-0,thunder.crc.linear_probing,thunder,f1,93.500000,94.792453,1.292453,92.500000
48,2,h-optimus-0,hest.read.gene_expression,hest,pearson_r,61.080000,59.986612,1.093388,58.082500
48,2,h-optimus-0,thunder.tcga_crc_msi.linear_probing,thunder,f1,67.300000,67.179652,0.120348,63.800000
48,2,h-optimus-0,thunder.spider_thorax.linear_probing,thunder,f1,94.400000,94.873691,0.473691,93.600000
48,2,h-optimus-0,thunder.patch_camelyon.linear_probing,thunder,f1,93.000000,93.932477,0.932477,90.750000
48,2,h-optimus-0,thunder.esca.linear_probing,thunder,f1,83.500000,84.866041,1.366041,77.400000
48,2,h-optimus-0,hest.paad.gene_expression,hest,pearson_r,74.555000,74.374849,0.180151,73.005000
48,2,h-optimus-1,thunder.spider_breast.linear_probing,thunder,f1,86.100000,88.068214,1.968214,85.550000
48,2,h-optimus-1,thunder.mhist.linear_probing,thunder,f1,82.000000,82.105876,0.105876,79.900000
48,2,h-optimus-1,hest.lung.gene_expression,hest,pearson_r,78.895000,78.127354,0.767646,77.095000
48,2,h-optimus-1,hest.lymph_idc.gene_expression,hest,pearson_r,63.870000,63.230442,0.639558,62.407500
48,2,h-optimus-1,thunder.spider_colorectal.linear_probing,thunder,f1,90.300000,90.890301,0.590301,88.400000
48,2,h-optimus-1,thunder.bracs.linear_probing,thunder,f1,64.300000,64.555436,0.255436,59.400000
48,2,h-optimus-1,thunder.wilds.linear_probing,thunder,f1,98.200000,98.530243,0.330243,96.600000
48,2,h-optimus-1,thunder.tcga_crc_msi.linear_probing,thunder,f1,67.900000,67.836423,0.063577,63.800000
48,2,h-optimus-1,hest.paad.gene_expression,hest,pearson_r,74.820000,74.585397,0.234603,73.005000
48,2,h0-mini,thunder.spider_thorax.linear_probing,thunder,f1,93.400000,94.124274,0.724274,93.600000
48,2,h0-mini,thunder.tcga_crc_msi.linear_probing,thunder,f1,66.500000,65.981443,0.518557,63.800000
48,2,h0-mini,thunder.esca.linear_probing,thunder,f1,84.400000,83.256429,1.143571,77.400000
48,2,h0-mini,thunder.bach.linear_probing,thunder,f1,71.300000,73.794652,2.494652,70.200000
48,2,h0-mini,hest.idc.gene_expression,hest,pearson_r,79.310000,78.741385,0.568615,78.300000
48,2,h0-mini,hest.skcm.gene_expression,hest,pearson_r,80.060000,80.549570,0.489570,78.690000
48,2,h0-mini,thunder.patch_camelyon.linear_probing,thunder,f1,94.300000,93.195488,1.104512,90.750000
48,2,h0-mini,pathorob.camelyon.robustness_index,pathorob,robustness_index,71.800000,55.346505,16.453495,35.850000
48,2,h0-mini,hest.paad.gene_expression,hest,pearson_r,74.595000,73.891015,0.703985,73.005000
48,2,h0-mini,thunder.tcga_tils.linear_probing,thunder,f1,91.700000,90.698273,1.001727,90.100000
48,2,hibou-b,thunder.spider_skin.linear_probing,thunder,f1,91.100000,89.405548,1.694452,87.600000
48,2,hibou-b,thunder.crc.linear_probing,thunder,f1,93.900000,93.524758,0.375242,92.500000
48,2,hibou-b,thunder.spider_colorectal.linear_probing,thunder,f1,90.700000,88.982085,1.717915,88.400000
48,2,hibou-b,thunder.tcga_crc_msi.linear_probing,thunder,f1,66.200000,64.307277,1.892723,63.800000
48,2,hibou-b,thunder.bracs.linear_probing,thunder,f1,61.700000,61.350908,0.349092,59.400000
48,2,hibou-b,thunder.esca.linear_probing,thunder,f1,77.500000,79.491708,1.991708,77.400000
48,2,hibou-l,thunder.tcga_tils.linear_probing,thunder,f1,90.300000,90.737169,0.437169,90.100000
48,2,hibou-l,hest.prad.gene_expression,hest,pearson_r,64.725000,67.961460,3.236460,67.725000
48,2,hibou-l,hest.lung.gene_expression,hest,pearson_r,78.810000,77.610385,1.199615,77.095000
48,2,hibou-l,hest.read.gene_expression,hest,pearson_r,59.510000,59.358681,0.151319,58.082500
48,2,hibou-l,thunder.crc.linear_probing,thunder,f1,93.000000,94.285432,1.285432,92.500000
48,2,hibou-l,thunder.tcga_uniform.linear_probing,thunder,f1,75.200000,77.121837,1.921837,72.700000
48,2,hibou-l,thunder.spider_skin.linear_probing,thunder,f1,93.300000,91.037657,2.262343,87.600000
48,2,hibou-l,hest.ccrcc.gene_expression,hest,pearson_r,63.285000,62.402003,0.882997,61.865000
48,2,hibou-l,thunder.spider_thorax.linear_probing,thunder,f1,94.100000,94.216768,0.116768,93.600000
48,2,hipt,pathorob.camelyon.robustness_index,pathorob,robustness_index,64.900000,5.225510,59.674490,35.850000
48,2,kaiko-vit-b-16,hest.lymph_idc.gene_expression,hest,pearson_r,61.825000,61.290689,0.534311,62.407500
48,2,kaiko-vit-b-16,hest.skcm.gene_expression,hest,pearson_r,77.510000,78.308039,0.798039,78.690000
48,2,kaiko-vit-b-16,hest.prad.gene_expression,hest,pearson_r,66.375000,66.733499,0.358499,67.725000
48,2,kaiko-vit-b-8,hest.ccrcc.gene_expression,hest,pearson_r,61.565000,61.627569,0.062569,61.865000
48,2,kaiko-vit-b-8,hest.coad.gene_expression,hest,pearson_r,63.415000,63.390360,0.024640,63.115000
48,2,kaiko-vit-b-8,hest.lung.gene_expression,hest,pearson_r,75.915000,76.924791,1.009791,77.095000
48,2,kaiko-vit-b-8,hest.idc.gene_expression,hest,pearson_r,77.995000,77.484576,0.510424,78.300000
48,2,kaiko-vit-b-unspecified-patch,thunder.break_his.linear_probing,thunder,f1,67.200000,71.686313,4.486313,68.800000
48,2,kaiko-vit-b-unspecified-patch,thunder.mhist.linear_probing,thunder,f1,78.300000,80.662897,2.362897,79.900000
48,2,kaiko-vit-b-unspecified-patch,thunder.ccrcc.linear_probing,thunder,f1,81.700000,87.531664,5.831664,85.100000
48,2,kaiko-vit-b-unspecified-patch,thunder.tcga_uniform.linear_probing,thunder,f1,79.100000,72.149300,6.950700,72.700000
48,2,kaiko-vit-b-unspecified-patch,thunder.spider_skin.linear_probing,thunder,f1,87.400000,88.820164,1.420164,87.600000
48,2,kaiko-vit-b-unspecified-patch,thunder.spider_thorax.linear_probing,thunder,f1,93.300000,92.641895,0.658105,93.600000
48,2,kaiko-vit-l-14,hest.prad.gene_expression,hest,pearson_r,67.350000,65.913726,1.436274,67.725000
48,2,kaiko-vit-l-14,hest.idc.gene_expression,hest,pearson_r,77.675000,76.363787,1.311213,78.300000
48,2,kaiko-vit-l-14,hest.read.gene_expression,hest,pearson_r,57.360000,57.148496,0.211504,58.082500
48,2,kaiko-vit-s-16,hest.idc.gene_expression,hest,pearson_r,76.665000,76.404213,0.260787,78.300000
48,2,kaiko-vit-s-16,hest.coad.gene_expression,hest,pearson_r,60.285000,61.855485,1.570485,63.115000
48,2,kaiko-vit-s-16,hest.lymph_idc.gene_expression,hest,pearson_r,61.245000,62.206056,0.961056,62.407500
48,2,kaiko-vit-s-8,hest.lung.gene_expression,hest,pearson_r,75.265000,76.213134,0.948134,77.095000
48,2,kaiko-vit-s-8,hest.skcm.gene_expression,hest,pearson_r,75.870000,77.168419,1.298419,78.690000
48,2,kaiko-vit-s-8,hest.prad.gene_expression,hest,pearson_r,66.700000,66.127244,0.572756,67.725000
48,2,kaiko-vit-s-unspecified-patch,thunder.spider_thorax.linear_probing,thunder,f1,93.100000,92.301189,0.798811,93.600000
48,2,kaiko-vit-s-unspecified-patch,thunder.esca.linear_probing,thunder,f1,76.800000,79.075595,2.275595,77.400000
48,2,kaiko-vit-s-unspecified-patch,thunder.mhist.linear_probing,thunder,f1,81.400000,80.614030,0.785970,79.900000
48,2,kaiko-vit-s-unspecified-patch,thunder.break_his.linear_probing,thunder,f1,69.400000,72.890279,3.490279,68.800000
48,2,kaiko-vit-s-unspecified-patch,thunder.spider_skin.linear_probing,thunder,f1,88.600000,88.429238,0.170762,87.600000
48,2,kaiko-vit-s-unspecified-patch,thunder.spider_breast.linear_probing,thunder,f1,83.100000,83.009697,0.090303,85.550000
48,2,kang-dino,pathorob.camelyon.robustness_index,pathorob,robustness_index,4.300000,12.587957,8.287957,35.850000
48,2,keep,thunder.bach.linear_probing,thunder,f1,77.000000,69.296720,7.703280,70.200000
48,2,keep,thunder.ccrcc.linear_probing,thunder,f1,93.200000,88.157363,5.042637,85.100000
48,2,keep,thunder.bracs.linear_probing,thunder,f1,62.200000,61.849834,0.350166,59.400000
48,2,keep,thunder.spider_colorectal.linear_probing,thunder,f1,89.700000,89.280339,0.419661,88.400000
48,2,keep,thunder.crc.linear_probing,thunder,f1,94.700000,93.805778,0.894222,92.500000
48,2,keep,thunder.spider_skin.linear_probing,thunder,f1,89.300000,90.018185,0.718185,87.600000
48,2,lunit-vit-s-8,hest.paad.gene_expression,hest,pearson_r,71.335000,73.014571,1.679571,73.005000
48,2,lunit-vit-s-8,hest.idc.gene_expression,hest,pearson_r,77.245000,76.872610,0.372390,78.300000
48,2,lunit-vit-s-8,hest.lymph_idc.gene_expression,hest,pearson_r,62.530000,61.603876,0.926124,62.407500
48,2,midnight,thunder.bach.linear_probing,thunder,f1,87.900000,69.613654,18.286346,70.200000
48,2,midnight,hest.lymph_idc.gene_expression,hest,pearson_r,63.210000,62.109697,1.100303,62.407500
48,2,midnight,thunder.spider_thorax.linear_probing,thunder,f1,94.400000,94.388611,0.011389,93.600000
48,2,midnight,hest.idc.gene_expression,hest,pearson_r,79.115000,78.285773,0.829227,78.300000
48,2,midnight,thunder.crc.linear_probing,thunder,f1,95.600000,94.211333,1.388667,92.500000
48,2,midnight,thunder.mhist.linear_probing,thunder,f1,80.200000,77.950850,2.249150,79.900000
48,2,midnight,hest.paad.gene_expression,hest,pearson_r,74.500000,73.970794,0.529206,73.005000
48,2,midnight,thunder.spider_colorectal.linear_probing,thunder,f1,89.600000,89.905201,0.305201,88.400000
48,2,midnight,thunder.tcga_uniform.linear_probing,thunder,f1,85.200000,76.934903,8.265097,72.700000
48,2,musk,pathorob.camelyon.robustness_index,pathorob,robustness_index,46.700000,46.983057,0.283057,35.850000
48,2,musk,thunder.spider_thorax.linear_probing,thunder,f1,93.300000,90.294083,3.005917,93.600000
48,2,musk,thunder.spider_colorectal.linear_probing,thunder,f1,87.900000,86.423678,1.476322,88.400000
48,2,musk,thunder.crc.linear_probing,thunder,f1,91.100000,91.870945,0.770945,92.500000
48,2,musk,thunder.wilds.linear_probing,thunder,f1,96.000000,94.371573,1.628427,96.600000
48,2,musk,hest.prad.gene_expression,hest,pearson_r,67.150000,66.555915,0.594085,67.725000
48,2,musk,thunder.bach.linear_probing,thunder,f1,69.900000,67.373549,2.526451,70.200000
48,2,musk,hest.idc.gene_expression,hest,pearson_r,76.240000,76.841496,0.601496,78.300000
48,2,musk,thunder.spider_breast.linear_probing,thunder,f1,80.600000,79.704880,0.895120,85.550000
48,2,musk,thunder.esca.linear_probing,thunder,f1,76.400000,74.544056,1.855944,77.400000
48,2,openmidnight,hest.skcm.gene_expression,hest,pearson_r,79.705000,80.271177,0.566177,78.690000
48,2,openmidnight,thunder.spider_thorax.linear_probing,thunder,f1,93.700000,93.189428,0.510572,93.600000
48,2,openmidnight,thunder.spider_skin.linear_probing,thunder,f1,90.500000,90.809329,0.309329,87.600000
48,2,openmidnight,thunder.mhist.linear_probing,thunder,f1,81.800000,85.525439,3.725439,79.900000
48,2,openmidnight,hest.paad.gene_expression,hest,pearson_r,73.655000,73.518394,0.136606,73.005000
48,2,openmidnight,hest.lung.gene_expression,hest,pearson_r,77.670000,77.616149,0.053851,77.095000
48,2,openmidnight,hest.lymph_idc.gene_expression,hest,pearson_r,62.990000,64.353875,1.363875,62.407500
48,2,openmidnight,hest.ccrcc.gene_expression,hest,pearson_r,62.290000,62.221686,0.068314,61.865000
48,2,openmidnight,thunder.break_his.linear_probing,thunder,f1,77.300000,87.187437,9.887437,68.800000
48,2,phikon,thunder.bracs.linear_probing,thunder,f1,56.900000,60.682926,3.782926,59.400000
48,2,phikon,pathorob.tolkach_esca.robustness_index,pathorob,robustness_index,79.500000,77.375838,2.124162,90.700000
48,2,phikon,thunder.esca.linear_probing,thunder,f1,76.700000,78.412703,1.712703,77.400000
48,2,phikon,thunder.tcga_tils.linear_probing,thunder,f1,90.100000,89.752744,0.347256,90.100000
48,2,phikon,hest.prad.gene_expression,hest,pearson_r,67.100000,66.883385,0.216615,67.725000
48,2,phikon,hest.paad.gene_expression,hest,pearson_r,72.125000,73.133488,1.008488,73.005000
48,2,phikon,thunder.bach.linear_probing,thunder,f1,69.300000,66.295093,3.004907,70.200000
48,2,phikon,hest.idc.gene_expression,hest,pearson_r,76.635000,77.401070,0.766070,78.300000
48,2,phikon,hest.skcm.gene_expression,hest,pearson_r,76.775000,79.117257,2.342257,78.690000
48,2,phikon,pathorob.camelyon.robustness_index,pathorob,robustness_index,1.100000,12.154877,11.054877,35.850000
48,2,phikon-v2,hest.ccrcc.gene_expression,hest,pearson_r,63.295000,61.785167,1.509833,61.865000
48,2,phikon-v2,thunder.ccrcc.linear_probing,thunder,f1,76.700000,86.444760,9.744760,85.100000
48,2,phikon-v2,thunder.wilds.linear_probing,thunder,f1,95.800000,97.056851,1.256851,96.600000
48,2,phikon-v2,thunder.break_his.linear_probing,thunder,f1,53.000000,59.107835,6.107835,68.800000
48,2,phikon-v2,thunder.bracs.linear_probing,thunder,f1,58.200000,60.892727,2.692727,59.400000
48,2,phikon-v2,hest.paad.gene_expression,hest,pearson_r,72.275000,73.212927,0.937927,73.005000
48,2,phikon-v2,thunder.spider_skin.linear_probing,thunder,f1,87.200000,88.904913,1.704913,87.600000
48,2,phikon-v2,thunder.patch_camelyon.linear_probing,thunder,f1,90.800000,91.888589,1.088589,90.750000
48,2,phikon-v2,hest.read.gene_expression,hest,pearson_r,58.745000,58.344885,0.400115,58.082500
48,2,phikon-v2,pathorob.tcga_2x2.robustness_index,pathorob,robustness_index,61.900000,68.941171,7.041171,75.050000
48,2,plip,thunder.bracs.linear_probing,thunder,f1,56.500000,55.382721,1.117279,59.400000
48,2,plip,thunder.bach.linear_probing,thunder,f1,63.900000,57.328163,6.571837,70.200000
48,2,plip,thunder.wilds.linear_probing,thunder,f1,89.000000,91.435544,2.435544,96.600000
48,2,plip,thunder.crc.linear_probing,thunder,f1,88.200000,90.066407,1.866407,92.500000
48,2,plip,thunder.spider_breast.linear_probing,thunder,f1,77.100000,76.356707,0.743293,85.550000
48,2,plip,thunder.tcga_tils.linear_probing,thunder,f1,87.200000,86.642816,0.557184,90.100000
48,2,prov-gigapath,hest.paad.gene_expression,hest,pearson_r,73.730000,73.872580,0.142580,73.005000
48,2,prov-gigapath,hest.read.gene_expression,hest,pearson_r,59.805000,59.263343,0.541657,58.082500
48,2,prov-gigapath,thunder.spider_colorectal.linear_probing,thunder,f1,90.300000,89.778155,0.521845,88.400000
48,2,prov-gigapath,thunder.spider_thorax.linear_probing,thunder,f1,93.800000,94.202711,0.402711,93.600000
48,2,prov-gigapath,thunder.mhist.linear_probing,thunder,f1,81.700000,78.880350,2.819650,79.900000
48,2,prov-gigapath,thunder.tcga_uniform.linear_probing,thunder,f1,74.400000,76.644548,2.244548,72.700000
48,2,prov-gigapath,thunder.ccrcc.linear_probing,thunder,f1,88.100000,89.193460,1.093460,85.100000
48,2,prov-gigapath,thunder.tcga_tils.linear_probing,thunder,f1,89.100000,90.681494,1.581494,90.100000
48,2,prov-gigapath,thunder.wilds.linear_probing,thunder,f1,94.800000,97.897628,3.097628,96.600000
48,2,prov-gigapath,hest.ccrcc.gene_expression,hest,pearson_r,62.150000,62.344184,0.194184,61.865000
48,2,quiltnet,thunder.spider_colorectal.linear_probing,thunder,f1,82.900000,84.284626,1.384626,88.400000
48,2,quiltnet,thunder.spider_breast.linear_probing,thunder,f1,77.000000,75.988509,1.011491,85.550000
48,2,quiltnet,thunder.tcga_tils.linear_probing,thunder,f1,87.000000,86.598340,0.401660,90.100000
48,2,quiltnet,thunder.tcga_crc_msi.linear_probing,thunder,f1,59.600000,57.809886,1.790114,63.800000
48,2,quiltnet,thunder.wilds.linear_probing,thunder,f1,94.700000,91.117228,3.582772,96.600000
48,2,quiltnet,thunder.patch_camelyon.linear_probing,thunder,f1,87.400000,86.533823,0.866177,90.750000
48,2,resnet50,hest.coad.gene_expression,hest,pearson_r,62.500000,60.362091,2.137909,63.115000
48,2,resnet50,hest.paad.gene_expression,hest,pearson_r,69.400000,70.211347,0.811347,73.005000
48,2,resnet50,hest.ccrcc.gene_expression,hest,pearson_r,61.260000,59.279858,1.980142,61.865000
48,2,retccl,pathorob.tcga_2x2.robustness_index,pathorob,robustness_index,59.300000,74.159080,14.859080,75.050000
48,2,rudolfv,pathorob.tcga_2x2.robustness_index,pathorob,robustness_index,58.700000,70.718639,12.018639,75.050000
48,2,uni,thunder.spider_colorectal.linear_probing,thunder,f1,90.400000,89.234762,1.165238,88.400000
48,2,uni,thunder.esca.linear_probing,thunder,f1,83.400000,81.468388,1.931612,77.400000
48,2,uni,pathorob.camelyon.robustness_index,pathorob,robustness_index,14.500000,39.253749,24.753749,35.850000
48,2,uni,thunder.bach.linear_probing,thunder,f1,73.000000,71.641624,1.358376,70.200000
48,2,uni,hest.idc.gene_expression,hest,pearson_r,79.450000,78.247497,1.202503,78.300000
48,2,uni,thunder.mhist.linear_probing,thunder,f1,82.400000,79.999747,2.400253,79.900000
48,2,uni,pathorob.tcga_2x2.robustness_index,pathorob,robustness_index,74.700000,75.824921,1.124921,75.050000
48,2,uni,thunder.bracs.linear_probing,thunder,f1,59.400000,61.834825,2.434825,59.400000
48,2,uni,pathorob.tolkach_esca.robustness_index,pathorob,robustness_index,90.200000,89.903510,0.296490,90.700000
48,2,uni,thunder.spider_thorax.linear_probing,thunder,f1,93.900000,93.549929,0.350071,93.600000
48,2,uni2-h,pathorob.tcga_2x2.robustness_index,pathorob,robustness_index,80.300000,80.422989,0.122989,75.050000
48,2,uni2-h,thunder.ccrcc.linear_probing,thunder,f1,89.500000,92.442435,2.942435,85.100000
48,2,uni2-h,thunder.tcga_tils.linear_probing,thunder,f1,90.400000,91.785471,1.385471,90.100000
48,2,uni2-h,hest.ccrcc.gene_expression,hest,pearson_r,63.200000,63.136622,0.063378,61.865000
48,2,uni2-h,thunder.crc.linear_probing,thunder,f1,93.900000,95.247477,1.347477,92.500000
48,2,uni2-h,thunder.spider_skin.linear_probing,thunder,f1,92.500000,93.085316,0.585316,87.600000
48,2,uni2-h,hest.coad.gene_expression,hest,pearson_r,65.075000,65.190652,0.115652,63.115000
48,2,uni2-h,thunder.spider_colorectal.linear_probing,thunder,f1,90.500000,91.202350,0.702350,88.400000
48,2,uni2-h,hest.lymph_idc.gene_expression,hest,pearson_r,63.635000,63.090501,0.544499,62.407500
48,2,uni2-h,hest.prad.gene_expression,hest,pearson_r,67.845000,68.851627,1.006627,67.725000
48,2,virchow,thunder.crc.linear_probing,thunder,f1,93.700000,94.713299,1.013299,92.500000
48,2,virchow,hest.lymph_idc.gene_expression,hest,pearson_r,63.050000,62.916793,0.133207,62.407500
48,2,virchow,thunder.bracs.linear_probing,thunder,f1,59.800000,63.766546,3.966546,59.400000
48,2,virchow,thunder.ccrcc.linear_probing,thunder,f1,91.700000,91.028556,0.671444,85.100000
48,2,virchow,thunder.wilds.linear_probing,thunder,f1,97.600000,98.290752,0.690752,96.600000
48,2,virchow,hest.prad.gene_expression,hest,pearson_r,66.890000,68.468842,1.578842,67.725000
48,2,virchow,thunder.tcga_tils.linear_probing,thunder,f1,90.700000,91.148768,0.448768,90.100000
48,2,virchow,pathorob.tcga_2x2.robustness_index,pathorob,robustness_index,76.100000,79.281840,3.181840,75.050000
48,2,virchow,thunder.tcga_uniform.linear_probing,thunder,f1,74.800000,79.111841,4.311841,72.700000
48,2,virchow,hest.lung.gene_expression,hest,pearson_r,78.320000,77.885299,0.434701,77.095000
48,2,virchow-2,hest.lymph_idc.gene_expression,hest,pearson_r,62.840000,63.562205,0.722205,62.407500
48,2,virchow-2,thunder.spider_skin.linear_probing,thunder,f1,92.000000,91.135131,0.864869,87.600000
48,2,virchow-2,thunder.break_his.linear_probing,thunder,f1,72.500000,79.544050,7.044050,68.800000
48,2,virchow-2,hest.skcm.gene_expression,hest,pearson_r,82.010000,80.576376,1.433624,78.690000
48,2,virchow-2,thunder.bracs.linear_probing,thunder,f1,62.400000,62.732768,0.332768,59.400000
48,2,virchow-2,thunder.esca.linear_probing,thunder,f1,88.900000,83.941313,4.958687,77.400000
48,2,virchow-2,hest.paad.gene_expression,hest,pearson_r,73.895000,73.828727,0.066273,73.005000
48,2,virchow-2,thunder.tcga_uniform.linear_probing,thunder,f1,78.400000,77.168021,1.231979,72.700000
48,2,virchow-2,thunder.tcga_crc_msi.linear_probing,thunder,f1,69.600000,66.040242,3.559758,63.800000
48,2,virchow-2,pathorob.tolkach_esca.robustness_index,pathorob,robustness_index,95.500000,96.836516,1.336516,90.700000
48,2,vit-b,thunder.spider_colorectal.linear_probing,thunder,f1,84.700000,84.443206,0.256794,88.400000
48,2,vit-b,thunder.spider_breast.linear_probing,thunder,f1,78.200000,76.080330,2.119670,85.550000
48,2,vit-b,thunder.spider_thorax.linear_probing,thunder,f1,87.900000,88.002179,0.102179,93.600000
48,2,vit-b,thunder.bach.linear_probing,thunder,f1,57.000000,60.382388,3.382388,70.200000
48,2,vit-b,thunder.tcga_tils.linear_probing,thunder,f1,85.800000,86.639642,0.839642,90.100000
48,2,vit-b,thunder.tcga_uniform.linear_probing,thunder,f1,53.400000,57.810145,4.410145,72.700000
48,2,vit-l,thunder.crc.linear_probing,thunder,f1,92.800000,90.199424,2.600576,92.500000
48,2,vit-l,thunder.bach.linear_probing,thunder,f1,56.900000,60.945834,4.045834,70.200000
48,2,vit-l,thunder.mhist.linear_probing,thunder,f1,79.800000,77.950335,1.849665,79.900000
48,2,vit-l,thunder.spider_colorectal.linear_probing,thunder,f1,85.100000,84.415419,0.684581,88.400000
48,2,vit-l,thunder.tcga_tils.linear_probing,thunder,f1,87.500000,86.685314,0.814686,90.100000
48,2,vit-l,thunder.spider_thorax.linear_probing,thunder,f1,88.500000,87.905200,0.594800,93.600000
49,0,atlas,pathorob.camelyon.robustness_index,pathorob,robustness_index,78.500000,57.223523,21.276477,14.500000
49,0,ciga,pathorob.tolkach_esca.robustness_index,pathorob,robustness_index,69.300000,69.354921,0.054921,92.550000
49,0,clip-b,thunder.spider_colorectal.linear_probing,thunder,f1,81.300000,81.670843,0.370843,88.350000
49,0,clip-b,thunder.spider_skin.linear_probing,thunder,f1,75.800000,75.859337,0.059337,89.850000
49,0,clip-b,thunder.wilds.linear_probing,thunder,f1,83.500000,89.710983,6.210983,96.000000
49,0,clip-b,thunder.ccrcc.linear_probing,thunder,f1,73.700000,68.787866,4.912134,87.750000
49,0,clip-b,thunder.spider_breast.linear_probing,thunder,f1,69.000000,72.796146,3.796146,84.500000
49,0,clip-l,thunder.bach.linear_probing,thunder,f1,63.500000,55.777226,7.722774,66.200000
49,0,clip-l,thunder.esca.linear_probing,thunder,f1,67.600000,67.287271,0.312729,77.500000
49,0,clip-l,thunder.tcga_uniform.linear_probing,thunder,f1,54.100000,51.899862,2.200138,70.200000
49,0,clip-l,thunder.spider_skin.linear_probing,thunder,f1,78.500000,79.242914,0.742914,89.850000
49,0,clip-l,thunder.break_his.linear_probing,thunder,f1,54.500000,59.188523,4.688523,69.100000
49,0,conch,thunder.tcga_tils.linear_probing,thunder,f1,88.100000,89.252862,1.152862,90.000000
49,0,conch,thunder.bach.linear_probing,thunder,f1,84.400000,69.861550,14.538450,66.200000
49,0,conch,hest.lymph_idc.gene_expression,hest,pearson_r,62.535000,62.699312,0.164312,62.530000
49,0,conch,thunder.spider_thorax.linear_probing,thunder,f1,91.000000,92.475542,1.475542,93.300000
49,0,conch,thunder.mhist.linear_probing,thunder,f1,79.700000,80.925195,1.225195,80.200000
49,0,conch,thunder.spider_colorectal.linear_probing,thunder,f1,87.900000,87.983214,0.083214,88.350000
49,0,conch,thunder.crc.linear_probing,thunder,f1,93.400000,93.163335,0.236665,93.000000
49,0,conch,thunder.spider_skin.linear_probing,thunder,f1,87.300000,88.177758,0.877758,89.850000
49,0,conch,thunder.patch_camelyon.linear_probing,thunder,f1,90.600000,91.268923,0.668923,90.400000
49,0,conch-1.5,pathorob.camelyon.robustness_index,pathorob,robustness_index,77.400000,65.869157,11.530843,14.500000
49,0,conch-1.5,thunder.patch_camelyon.linear_probing,thunder,f1,91.400000,92.343694,0.943694,90.400000
49,0,conch-1.5,thunder.spider_skin.linear_probing,thunder,f1,87.000000,89.620834,2.620834,89.850000
49,0,conch-1.5,thunder.spider_thorax.linear_probing,thunder,f1,92.100000,93.323351,1.223351,93.300000
49,0,conch-1.5,hest.ccrcc.gene_expression,hest,pearson_r,60.880000,61.928404,1.048404,62.315000
49,0,conch-1.5,thunder.bracs.linear_probing,thunder,f1,62.400000,60.664848,1.735152,59.400000
49,0,conch-1.5,thunder.tcga_crc_msi.linear_probing,thunder,f1,62.300000,65.012568,2.712568,64.650000
49,0,conch-1.5,thunder.spider_breast.linear_probing,thunder,f1,81.600000,84.476668,2.876668,84.500000
49,0,conch-1.5,thunder.spider_colorectal.linear_probing,thunder,f1,87.400000,88.861979,1.461979,88.350000
49,0,ctranspath,hest.skcm.gene_expression,hest,pearson_r,75.485000,76.836733,1.351733,78.625000
49,0,ctranspath,hest.lung.gene_expression,hest,pearson_r,75.685000,76.081903,0.396903,77.320000
49,0,ctranspath,pathorob.tolkach_esca.robustness_index,pathorob,robustness_index,87.200000,84.615566,2.584434,92.550000
49,0,ctranspath,hest.lymph_idc.gene_expression,hest,pearson_r,62.045000,61.898261,0.146739,62.530000
49,0,dinov2-b,thunder.mhist.linear_probing,thunder,f1,82.600000,81.785866,0.814134,80.200000
49,0,dinov2-b,thunder.crc.linear_probing,thunder,f1,90.300000,91.019375,0.719375,93.000000
49,0,dinov2-b,thunder.tcga_tils.linear_probing,thunder,f1,85.900000,86.739565,0.839565,90.000000
49,0,dinov2-b,thunder.bracs.linear_probing,thunder,f1,52.900000,54.223618,1.323618,59.400000
49,0,dinov2-b,thunder.spider_thorax.linear_probing,thunder,f1,87.600000,88.682086,1.082086,93.300000
49,0,dinov2-l,thunder.spider_colorectal.linear_probing,thunder,f1,85.300000,84.555802,0.744198,88.350000
49,0,dinov2-l,thunder.patch_camelyon.linear_probing,thunder,f1,87.200000,85.925604,1.274396,90.400000
49,0,dinov2-l,thunder.crc.linear_probing,thunder,f1,90.700000,90.832319,0.132319,93.000000
49,0,dinov2-l,thunder.tcga_tils.linear_probing,thunder,f1,85.900000,86.287868,0.387868,90.000000
49,0,dinov2-l,thunder.break_his.linear_probing,thunder,f1,78.500000,71.548982,6.951018,69.100000
49,0,dinov3-b,thunder.esca.linear_probing,thunder,f1,72.900000,73.214380,0.314380,77.500000
49,0,dinov3-b,thunder.mhist.linear_probing,thunder,f1,82.700000,82.360901,0.339099,80.200000
49,0,dinov3-b,thunder.spider_breast.linear_probing,thunder,f1,76.500000,76.544726,0.044726,84.500000
49,0,dinov3-b,thunder.crc.linear_probing,thunder,f1,89.500000,91.571584,2.071584,93.000000
49,0,dinov3-b,thunder.tcga_tils.linear_probing,thunder,f1,86.700000,87.152653,0.452653,90.000000
49,0,dinov3-l,thunder.spider_thorax.linear_probing,thunder,f1,90.100000,90.043971,0.056029,93.300000
49,0,dinov3-l,thunder.crc.linear_probing,thunder,f1,91.500000,92.010250,0.510250,93.000000
49,0,dinov3-l,thunder.tcga_crc_msi.linear_probing,thunder,f1,55.500000,59.235360,3.735360,64.650000
49,0,dinov3-l,thunder.esca.linear_probing,thunder,f1,76.000000,74.726578,1.273422,77.500000
49,0,dinov3-l,thunder.tcga_tils.linear_probing,thunder,f1,87.000000,87.583989,0.583989,90.000000
49,0,dinov3-s,thunder.bracs.linear_probing,thunder,f1,56.500000,54.435171,2.064829,59.400000
49,0,dinov3-s,thunder.patch_camelyon.linear_probing,thunder,f1,86.500000,86.640745,0.140745,90.400000
49,0,dinov3-s,thunder.spider_thorax.linear_probing,thunder,f1,88.200000,88.989084,0.789084,93.300000
49,0,dinov3-s,thunder.tcga_tils.linear_probing,thunder,f1,86.300000,86.945160,0.645160,90.000000
49,0,dinov3-s,thunder.esca.linear_probing,thunder,f1,72.600000,72.745111,0.145111,77.500000
49,0,genbio-pathfm,thunder.mhist.linear_probing,thunder,f1,83.200000,83.372614,0.172614,80.200000
49,0,genbio-pathfm,hest.read.gene_expression,hest,pearson_r,58.925000,60.000726,1.075726,58.115000
49,0,genbio-pathfm,thunder.spider_breast.linear_probing,thunder,f1,86.200000,87.819495,1.619495,84.500000
49,0,genbio-pathfm,hest.lung.gene_expression,hest,pearson_r,78.935000,78.088139,0.846861,77.320000
49,0,genbio-pathfm,thunder.crc.linear_probing,thunder,f1,95.600000,95.435056,0.164944,93.000000
49,0,genbio-pathfm,thunder.spider_thorax.linear_probing,thunder,f1,94.600000,95.109430,0.509430,93.300000
49,0,genbio-pathfm,thunder.bach.linear_probing,thunder,f1,78.100000,79.739158,1.639158,66.200000
49,0,genbio-pathfm,hest.paad.gene_expression,hest,pearson_r,74.795000,74.625095,0.169905,72.850000
49,0,gpfm,hest.lung.gene_expression,hest,pearson_r,77.360000,77.020713,0.339287,77.320000
49,0,gpfm,hest.prad.gene_expression,hest,pearson_r,67.115000,65.655532,1.459468,67.740000
49,0,gpfm,hest.paad.gene_expression,hest,pearson_r,73.005000,73.068231,0.063231,72.850000
49,0,h-optimus-0,pathorob.tolkach_esca.robustness_index,pathorob,robustness_index,91.800000,94.565410,2.765410,92.550000
49,0,h-optimus-0,thunder.crc.linear_probing,thunder,f1,93.500000,95.045650,1.545650,93.000000
49,0,h-optimus-0,thunder.tcga_uniform.linear_probing,thunder,f1,79.300000,79.346723,0.046723,70.200000
49,0,h-optimus-0,thunder.spider_breast.linear_probing,thunder,f1,87.200000,87.357088,0.157088,84.500000
49,0,h-optimus-0,hest.lymph_idc.gene_expression,hest,pearson_r,62.955000,63.236692,0.281692,62.530000
49,0,h-optimus-0,hest.skcm.gene_expression,hest,pearson_r,82.270000,81.050741,1.219259,78.625000
49,0,h-optimus-0,hest.paad.gene_expression,hest,pearson_r,74.555000,74.465466,0.089534,72.850000
49,0,h-optimus-0,thunder.ccrcc.linear_probing,thunder,f1,90.800000,91.357449,0.557449,87.750000
49,0,h-optimus-0,thunder.esca.linear_probing,thunder,f1,83.500000,84.925566,1.425566,77.500000
49,0,h-optimus-1,thunder.spider_thorax.linear_probing,thunder,f1,93.600000,95.328902,1.728902,93.300000
49,0,h-optimus-1,thunder.mhist.linear_probing,thunder,f1,82.000000,83.021318,1.021318,80.200000
49,0,h-optimus-1,hest.skcm.gene_expression,hest,pearson_r,82.945000,81.746165,1.198835,78.625000
49,0,h-optimus-1,thunder.patch_camelyon.linear_probing,thunder,f1,93.300000,94.874695,1.574695,90.400000
49,0,h-optimus-1,thunder.esca.linear_probing,thunder,f1,87.100000,86.543335,0.556665,77.500000
49,0,h-optimus-1,thunder.bach.linear_probing,thunder,f1,72.500000,80.234653,7.734653,66.200000
49,0,h-optimus-1,thunder.spider_breast.linear_probing,thunder,f1,86.100000,88.465822,2.365822,84.500000
49,0,h-optimus-1,hest.ccrcc.gene_expression,hest,pearson_r,62.665000,63.433209,0.768209,62.315000
49,0,h0-mini,thunder.break_his.linear_probing,thunder,f1,69.000000,73.802930,4.802930,69.100000
49,0,h0-mini,thunder.spider_colorectal.linear_probing,thunder,f1,90.200000,90.168807,0.031193,88.350000
49,0,h0-mini,pathorob.tolkach_esca.robustness_index,pathorob,robustness_index,93.200000,94.333050,1.133050,92.550000
49,0,h0-mini,thunder.esca.linear_probing,thunder,f1,84.400000,84.240852,0.159148,77.500000
49,0,h0-mini,thunder.mhist.linear_probing,thunder,f1,79.900000,82.347164,2.447164,80.200000
49,0,h0-mini,hest.skcm.gene_expression,hest,pearson_r,80.060000,80.789865,0.729865,78.625000
49,0,h0-mini,thunder.tcga_uniform.linear_probing,thunder,f1,78.200000,78.226177,0.026177,70.200000
49,0,h0-mini,thunder.bach.linear_probing,thunder,f1,71.300000,77.056754,5.756754,66.200000
49,0,h0-mini,hest.coad.gene_expression,hest,pearson_r,62.470000,64.662942,2.192942,63.415000
49,0,hibou-b,thunder.esca.linear_probing,thunder,f1,77.500000,80.825840,3.325840,77.500000
49,0,hibou-b,thunder.mhist.linear_probing,thunder,f1,76.500000,79.842923,3.342923,80.200000
49,0,hibou-b,thunder.bracs.linear_probing,thunder,f1,61.700000,61.484371,0.215629,59.400000
49,0,hibou-b,thunder.ccrcc.linear_probing,thunder,f1,84.300000,87.888568,3.588568,87.750000
49,0,hibou-b,thunder.spider_thorax.linear_probing,thunder,f1,94.500000,93.598905,0.901095,93.300000
49,0,hibou-l,hest.paad.gene_expression,hest,pearson_r,73.370000,74.274446,0.904446,72.850000
49,0,hibou-l,hest.read.gene_expression,hest,pearson_r,59.510000,60.359768,0.849768,58.115000
49,0,hibou-l,thunder.crc.linear_probing,thunder,f1,93.000000,94.138673,1.138673,93.000000
49,0,hibou-l,hest.coad.gene_expression,hest,pearson_r,65.200000,64.392095,0.807905,63.415000
49,0,hibou-l,thunder.bach.linear_probing,thunder,f1,76.500000,74.099675,2.400325,66.200000
49,0,hibou-l,thunder.patch_camelyon.linear_probing,thunder,f1,93.300000,93.300216,0.000216,90.400000
49,0,hibou-l,thunder.spider_thorax.linear_probing,thunder,f1,94.100000,94.000389,0.099611,93.300000
49,0,hibou-l,hest.lung.gene_expression,hest,pearson_r,78.810000,77.757848,1.052152,77.320000
49,0,hipt,pathorob.camelyon.robustness_index,pathorob,robustness_index,64.900000,1.926158,62.973842,14.500000
49,0,kaiko-vit-b-16,hest.paad.gene_expression,hest,pearson_r,72.620000,72.508871,0.111129,72.850000
49,0,kaiko-vit-b-16,hest.ccrcc.gene_expression,hest,pearson_r,61.455000,62.134811,0.679811,62.315000
49,0,kaiko-vit-b-16,hest.lung.gene_expression,hest,pearson_r,75.780000,76.714744,0.934744,77.320000
49,0,kaiko-vit-b-8,hest.ccrcc.gene_expression,hest,pearson_r,61.565000,62.286235,0.721235,62.315000
49,0,kaiko-vit-b-8,pathorob.tolkach_esca.robustness_index,pathorob,robustness_index,89.600000,87.243801,2.356199,92.550000
49,0,kaiko-vit-b-8,pathorob.camelyon.robustness_index,pathorob,robustness_index,14.700000,9.238195,5.461805,14.500000
49,0,kaiko-vit-b-8,hest.idc.gene_expression,hest,pearson_r,77.995000,76.960187,1.034813,77.937500
49,0,kaiko-vit-b-unspecified-patch,thunder.spider_skin.linear_probing,thunder,f1,87.400000,88.209455,0.809455,89.850000
49,0,kaiko-vit-b-unspecified-patch,thunder.tcga_uniform.linear_probing,thunder,f1,79.100000,69.498903,9.601097,70.200000
49,0,kaiko-vit-b-unspecified-patch,thunder.crc.linear_probing,thunder,f1,94.500000,92.898686,1.601314,93.000000
49,0,kaiko-vit-b-unspecified-patch,thunder.bach.linear_probing,thunder,f1,69.600000,68.761687,0.838313,66.200000
49,0,kaiko-vit-b-unspecified-patch,thunder.spider_colorectal.linear_probing,thunder,f1,88.500000,87.914112,0.585888,88.350000
49,0,kaiko-vit-l-14,hest.read.gene_expression,hest,pearson_r,57.360000,56.745544,0.614456,58.115000
49,0,kaiko-vit-l-14,hest.skcm.gene_expression,hest,pearson_r,77.665000,77.336496,0.328504,78.625000
49,0,kaiko-vit-l-14,hest.idc.gene_expression,hest,pearson_r,77.675000,76.244955,1.430045,77.937500
49,0,kaiko-vit-s-16,hest.lung.gene_expression,hest,pearson_r,75.150000,76.239499,1.089499,77.320000
49,0,kaiko-vit-s-16,hest.ccrcc.gene_expression,hest,pearson_r,60.495000,61.753543,1.258543,62.315000
49,0,kaiko-vit-s-16,hest.coad.gene_expression,hest,pearson_r,60.285000,62.420086,2.135086,63.415000
49,0,kaiko-vit-s-8,hest.lung.gene_expression,hest,pearson_r,75.265000,76.317280,1.052280,77.320000
49,0,kaiko-vit-s-8,hest.paad.gene_expression,hest,pearson_r,70.905000,71.794907,0.889907,72.850000
49,0,kaiko-vit-s-8,hest.idc.gene_expression,hest,pearson_r,76.520000,76.266446,0.253554,77.937500
49,0,kaiko-vit-s-unspecified-patch,thunder.spider_skin.linear_probing,thunder,f1,88.600000,88.313099,0.286901,89.850000
49,0,kaiko-vit-s-unspecified-patch,thunder.tcga_tils.linear_probing,thunder,f1,90.100000,89.253180,0.846820,90.000000
49,0,kaiko-vit-s-unspecified-patch,thunder.mhist.linear_probing,thunder,f1,81.400000,81.030258,0.369742,80.200000
49,0,kaiko-vit-s-unspecified-patch,thunder.crc.linear_probing,thunder,f1,92.300000,93.227919,0.927919,93.000000
49,0,kaiko-vit-s-unspecified-patch,thunder.bracs.linear_probing,thunder,f1,61.500000,59.462071,2.037929,59.400000
49,0,kang-dino,pathorob.tolkach_esca.robustness_index,pathorob,robustness_index,83.200000,81.997805,1.202195,92.550000
49,0,keep,thunder.tcga_uniform.linear_probing,thunder,f1,72.700000,76.306682,3.606682,70.200000
49,0,keep,thunder.wilds.linear_probing,thunder,f1,97.400000,97.492599,0.092599,96.000000
49,0,keep,thunder.patch_camelyon.linear_probing,thunder,f1,92.600000,93.285245,0.685245,90.400000
49,0,keep,thunder.bach.linear_probing,thunder,f1,77.000000,75.009798,1.990202,66.200000
49,0,keep,thunder.mhist.linear_probing,thunder,f1,76.800000,81.512876,4.712876,80.200000
49,0,lunit-vit-s-8,hest.prad.gene_expression,hest,pearson_r,64.145000,67.530602,3.385602,67.740000
49,0,lunit-vit-s-8,hest.paad.gene_expression,hest,pearson_r,71.335000,73.102162,1.767162,72.850000
49,0,lunit-vit-s-8,hest.idc.gene_expression,hest,pearson_r,77.245000,77.734828,0.489828,77.937500
49,0,midnight,hest.skcm.gene_expression,hest,pearson_r,81.800000,80.030550,1.769450,78.625000
49,0,midnight,thunder.bach.linear_probing,thunder,f1,87.900000,74.365622,13.534378,66.200000
49,0,midnight,thunder.wilds.linear_probing,thunder,f1,98.300000,97.455714,0.844286,96.000000
49,0,midnight,thunder.tcga_uniform.linear_probing,thunder,f1,85.200000,75.905192,9.294808,70.200000
49,0,midnight,thunder.tcga_crc_msi.linear_probing,thunder,f1,65.600000,66.319506,0.719506,64.650000
49,0,midnight,hest.paad.gene_expression,hest,pearson_r,74.500000,73.844423,0.655577,72.850000
49,0,midnight,thunder.tcga_tils.linear_probing,thunder,f1,91.000000,90.357399,0.642601,90.000000
49,0,midnight,thunder.patch_camelyon.linear_probing,thunder,f1,93.500000,93.168717,0.331283,90.400000
49,0,musk,hest.prad.gene_expression,hest,pearson_r,67.150000,68.686294,1.536294,67.740000
49,0,musk,thunder.ccrcc.linear_probing,thunder,f1,85.300000,85.117437,0.182563,87.750000
49,0,musk,pathorob.camelyon.robustness_index,pathorob,robustness_index,46.700000,50.710080,4.010080,14.500000
49,0,musk,hest.lung.gene_expression,hest,pearson_r,75.855000,76.592907,0.737907,77.320000
49,0,musk,hest.skcm.gene_expression,hest,pearson_r,76.165000,78.416975,2.251975,78.625000
49,0,musk,thunder.spider_breast.linear_probing,thunder,f1,80.600000,81.908748,1.308748,84.500000
49,0,musk,thunder.tcga_crc_msi.linear_probing,thunder,f1,63.200000,62.055306,1.144694,64.650000
49,0,musk,thunder.patch_camelyon.linear_probing,thunder,f1,89.400000,90.432354,1.032354,90.400000
49,0,musk,hest.ccrcc.gene_expression,hest,pearson_r,59.125000,61.323475,2.198475,62.315000
49,0,openmidnight,thunder.esca.linear_probing,thunder,f1,79.800000,82.504041,2.704041,77.500000
49,0,openmidnight,hest.idc.gene_expression,hest,pearson_r,79.350000,78.437783,0.912217,77.937500
49,0,openmidnight,hest.lung.gene_expression,hest,pearson_r,77.670000,77.523596,0.146404,77.320000
49,0,openmidnight,thunder.break_his.linear_probing,thunder,f1,77.300000,71.385272,5.914728,69.100000
49,0,openmidnight,hest.paad.gene_expression,hest,pearson_r,73.655000,73.734620,0.079620,72.850000
49,0,openmidnight,thunder.tcga_crc_msi.linear_probing,thunder,f1,66.300000,66.242915,0.057085,64.650000
49,0,openmidnight,hest.skcm.gene_expression,hest,pearson_r,79.705000,80.145594,0.440594,78.625000
49,0,openmidnight,thunder.patch_camelyon.linear_probing,thunder,f1,93.200000,93.082801,0.117199,90.400000
49,0,phikon,pathorob.tolkach_esca.robustness_index,pathorob,robustness_index,79.500000,81.940890,2.440890,92.550000
49,0,phikon,thunder.spider_colorectal.linear_probing,thunder,f1,88.500000,87.347528,1.152472,88.350000
49,0,phikon,thunder.ccrcc.linear_probing,thunder,f1,89.800000,83.997061,5.802939,87.750000
49,0,phikon,hest.idc.gene_expression,hest,pearson_r,76.635000,77.207079,0.572079,77.937500
49,0,phikon,thunder.wilds.linear_probing,thunder,f1,97.800000,95.927861,1.872139,96.000000
49,0,phikon,thunder.patch_camelyon.linear_probing,thunder,f1,90.900000,90.472486,0.427514,90.400000
49,0,phikon,thunder.bach.linear_probing,thunder,f1,69.300000,66.569556,2.730444,66.200000
49,0,phikon,thunder.spider_skin.linear_probing,thunder,f1,87.900000,87.246129,0.653871,89.850000
49,0,phikon,hest.lung.gene_expression,hest,pearson_r,77.330000,76.792876,0.537124,77.320000
49,0,phikon-v2,thunder.crc.linear_probing,thunder,f1,92.000000,92.241790,0.241790,93.000000
49,0,phikon-v2,hest.prad.gene_expression,hest,pearson_r,67.725000,65.640933,2.084067,67.740000
49,0,phikon-v2,thunder.tcga_tils.linear_probing,thunder,f1,91.000000,88.648587,2.351413,90.000000
49,0,phikon-v2,hest.read.gene_expression,hest,pearson_r,58.745000,58.458828,0.286172,58.115000
49,0,phikon-v2,thunder.tcga_uniform.linear_probing,thunder,f1,77.700000,67.386757,10.313243,70.200000
49,0,phikon-v2,thunder.spider_colorectal.linear_probing,thunder,f1,89.700000,87.365883,2.334117,88.350000
49,0,phikon-v2,thunder.spider_thorax.linear_probing,thunder,f1,94.700000,91.777448,2.922552,93.300000
49,0,phikon-v2,thunder.patch_camelyon.linear_probing,thunder,f1,90.800000,90.499102,0.300898,90.400000
49,0,phikon-v2,thunder.bach.linear_probing,thunder,f1,64.700000,66.296944,1.596944,66.200000
49,0,plip,thunder.tcga_uniform.linear_probing,thunder,f1,54.900000,57.991793,3.091793,70.200000
49,0,plip,thunder.esca.linear_probing,thunder,f1,65.700000,69.800488,4.100488,77.500000
49,0,plip,thunder.wilds.linear_probing,thunder,f1,89.000000,93.776795,4.776795,96.000000
49,0,plip,thunder.spider_breast.linear_probing,thunder,f1,77.100000,78.613380,1.513380,84.500000
49,0,plip,thunder.spider_skin.linear_probing,thunder,f1,82.100000,82.806216,0.706216,89.850000
49,0,prov-gigapath,hest.ccrcc.gene_expression,hest,pearson_r,62.150000,63.081662,0.931662,62.315000
49,0,prov-gigapath,thunder.spider_breast.linear_probing,thunder,f1,85.500000,85.073675,0.426325,84.500000
49,0,prov-gigapath,hest.coad.gene_expression,hest,pearson_r,64.960000,63.961042,0.998958,63.415000
49,0,prov-gigapath,thunder.spider_thorax.linear_probing,thunder,f1,93.800000,93.323302,0.476698,93.300000
49,0,prov-gigapath,thunder.tcga_uniform.linear_probing,thunder,f1,74.400000,73.476129,0.923871,70.200000
49,0,prov-gigapath,thunder.bracs.linear_probing,thunder,f1,62.700000,60.839871,1.860129,59.400000
49,0,prov-gigapath,pathorob.camelyon.robustness_index,pathorob,robustness_index,39.900000,7.025240,32.874760,14.500000
49,0,prov-gigapath,hest.prad.gene_expression,hest,pearson_r,68.495000,66.757626,1.737374,67.740000
49,0,prov-gigapath,thunder.break_his.linear_probing,thunder,f1,65.400000,64.467137,0.932863,69.100000
49,0,quiltnet,thunder.tcga_tils.linear_probing,thunder,f1,87.000000,86.580278,0.419722,90.000000
49,0,quiltnet,thunder.bach.linear_probing,thunder,f1,58.400000,53.062625,5.337375,66.200000
49,0,quiltnet,thunder.tcga_uniform.linear_probing,thunder,f1,54.100000,55.048120,0.948120,70.200000
49,0,quiltnet,thunder.crc.linear_probing,thunder,f1,92.500000,88.607537,3.892463,93.000000
49,0,quiltnet,thunder.break_his.linear_probing,thunder,f1,62.400000,38.549614,23.850386,69.100000
49,0,resnet50,hest.read.gene_expression,hest,pearson_r,53.915000,54.969088,1.054088,58.115000
49,0,resnet50,hest.lymph_idc.gene_expression,hest,pearson_r,61.525000,60.887075,0.637925,62.530000
49,0,resnet50,hest.coad.gene_expression,hest,pearson_r,62.500000,60.796074,1.703926,63.415000
49,0,retccl,pathorob.camelyon.robustness_index,pathorob,robustness_index,31.800000,11.258997,20.541003,14.500000
49,0,rudolfv,pathorob.tcga_2x2.robustness_index,pathorob,robustness_index,58.700000,58.145466,0.554534,74.250000
49,0,uni,thunder.spider_skin.linear_probing,thunder,f1,91.200000,90.775710,0.424290,89.850000
49,0,uni,thunder.spider_colorectal.linear_probing,thunder,f1,90.400000,89.511296,0.888704,88.350000
49,0,uni,pathorob.tolkach_esca.robustness_index,pathorob,robustness_index,90.200000,92.158634,1.958634,92.550000
49,0,uni,hest.prad.gene_expression,hest,pearson_r,64.715000,67.875139,3.160139,67.740000
49,0,uni,thunder.spider_thorax.linear_probing,thunder,f1,93.900000,93.904363,0.004363,93.300000
49,0,uni,hest.coad.gene_expression,hest,pearson_r,63.070000,64.257322,1.187322,63.415000
49,0,uni,thunder.bracs.linear_probing,thunder,f1,59.400000,61.771409,2.371409,59.400000
49,0,uni,hest.read.gene_expression,hest,pearson_r,59.180000,59.321174,0.141174,58.115000
49,0,uni,thunder.crc.linear_probing,thunder,f1,93.100000,94.271057,1.171057,93.000000
49,0,uni2-h,thunder.ccrcc.linear_probing,thunder,f1,89.500000,91.788964,2.288964,87.750000
49,0,uni2-h,hest.skcm.gene_expression,hest,pearson_r,83.030000,81.263515,1.766485,78.625000
49,0,uni2-h,thunder.wilds.linear_probing,thunder,f1,98.900000,98.111221,0.788779,96.000000
49,0,uni2-h,thunder.spider_skin.linear_probing,thunder,f1,92.500000,92.697953,0.197953,89.850000
49,0,uni2-h,hest.idc.gene_expression,hest,pearson_r,79.490000,79.589127,0.099127,77.937500
49,0,uni2-h,hest.coad.gene_expression,hest,pearson_r,65.075000,65.066140,0.008860,63.415000
49,0,uni2-h,thunder.crc.linear_probing,thunder,f1,93.900000,95.229379,1.329379,93.000000
49,0,uni2-h,thunder.tcga_tils.linear_probing,thunder,f1,90.400000,91.289118,0.889118,90.000000
49,0,uni2-h,thunder.spider_breast.linear_probing,thunder,f1,86.700000,88.006849,1.306849,84.500000
49,0,virchow,thunder.tcga_tils.linear_probing,thunder,f1,90.700000,90.677048,0.022952,90.000000
49,0,virchow,thunder.crc.linear_probing,thunder,f1,93.700000,94.606177,0.906177,93.000000
49,0,virchow,thunder.spider_colorectal.linear_probing,thunder,f1,90.200000,90.007889,0.192111,88.350000
49,0,virchow,hest.lymph_idc.gene_expression,hest,pearson_r,63.050000,62.929607,0.120393,62.530000
49,0,virchow,hest.coad.gene_expression,hest,pearson_r,65.395000,64.582767,0.812233,63.415000
49,0,virchow,thunder.bracs.linear_probing,thunder,f1,59.800000,62.608189,2.808189,59.400000
49,0,virchow,hest.prad.gene_expression,hest,pearson_r,66.890000,67.615616,0.725616,67.740000
49,0,virchow,hest.idc.gene_expression,hest,pearson_r,79.230000,79.027289,0.202711,77.937500
49,0,virchow,pathorob.camelyon.robustness_index,pathorob,robustness_index,75.100000,29.256574,45.843426,14.500000
49,0,virchow-2,pathorob.camelyon.robustness_index,pathorob,robustness_index,80.600000,38.920321,41.679679,14.500000
49,0,virchow-2,thunder.wilds.linear_probing,thunder,f1,90.000000,97.872046,7.872046,96.000000
49,0,virchow-2,thunder.esca.linear_probing,thunder,f1,88.900000,84.475111,4.424889,77.500000
49,0,virchow-2,thunder.bach.linear_probing,thunder,f1,76.500000,77.383329,0.883329,66.200000
49,0,virchow-2,hest.read.gene_expression,hest,pearson_r,60.370000,60.154259,0.215741,58.115000
49,0,virchow-2,hest.coad.gene_expression,hest,pearson_r,62.905000,64.794253,1.889253,63.415000
49,0,virchow-2,pathorob.tcga_2x2.robustness_index,pathorob,robustness_index,82.200000,78.238242,3.961758,74.250000
49,0,virchow-2,thunder.mhist.linear_probing,thunder,f1,83.600000,82.165158,1.434842,80.200000
49,0,virchow-2,hest.lung.gene_expression,hest,pearson_r,78.425000,77.936623,0.488377,77.320000
49,0,vit-b,thunder.wilds.linear_probing,thunder,f1,91.300000,92.858291,1.558291,96.000000
49,0,vit-b,thunder.ccrcc.linear_probing,thunder,f1,79.100000,77.708942,1.391058,87.750000
49,0,vit-b,thunder.mhist.linear_probing,thunder,f1,77.600000,79.247862,1.647862,80.200000
49,0,vit-b,thunder.spider_breast.linear_probing,thunder,f1,78.200000,76.558199,1.641801,84.500000
49,0,vit-b,thunder.spider_thorax.linear_probing,thunder,f1,87.900000,88.447608,0.547608,93.300000
49,0,vit-l,thunder.bracs.linear_probing,thunder,f1,54.800000,55.254290,0.454290,59.400000
49,0,vit-l,thunder.tcga_uniform.linear_probing,thunder,f1,55.900000,57.815280,1.915280,70.200000
49,0,vit-l,thunder.tcga_crc_msi.linear_probing,thunder,f1,56.800000,57.917434,1.117434,64.650000
49,0,vit-l,thunder.wilds.linear_probing,thunder,f1,92.600000,93.629725,1.029725,96.000000
49,0,vit-l,thunder.ccrcc.linear_probing,thunder,f1,77.100000,79.711109,2.611109,87.750000
49,1,atlas,pathorob.tcga_2x2.robustness_index,pathorob,robustness_index,82.600000,80.301570,2.298430,75.400000
49,1,ciga,pathorob.tcga_2x2.robustness_index,pathorob,robustness_index,51.100000,64.203857,13.103857,75.400000
49,1,clip-b,thunder.bach.linear_probing,thunder,f1,51.100000,49.498008,1.601992,69.900000
49,1,clip-b,thunder.patch_camelyon.linear_probing,thunder,f1,82.700000,84.239316,1.539316,92.800000
49,1,clip-b,thunder.tcga_uniform.linear_probing,thunder,f1,47.900000,44.640341,3.259659,74.800000
49,1,clip-b,thunder.tcga_tils.linear_probing,thunder,f1,83.800000,84.622266,0.822266,89.600000
49,1,clip-b,thunder.bracs.linear_probing,thunder,f1,52.400000,52.278567,0.121433,59.900000
49,1,clip-l,thunder.tcga_tils.linear_probing,thunder,f1,85.000000,86.311079,1.311079,89.600000
49,1,clip-l,thunder.patch_camelyon.linear_probing,thunder,f1,85.600000,87.007472,1.407472,92.800000
49,1,clip-l,thunder.spider_colorectal.linear_probing,thunder,f1,82.800000,84.130387,1.330387,88.500000
49,1,clip-l,thunder.tcga_crc_msi.linear_probing,thunder,f1,52.000000,56.058210,4.058210,64.400000
49,1,clip-l,thunder.wilds.linear_probing,thunder,f1,93.200000,90.752523,2.447477,96.000000
49,1,conch,hest.skcm.gene_expression,hest,pearson_r,78.935000,79.071974,0.136974,79.705000
49,1,conch,hest.read.gene_expression,hest,pearson_r,58.010000,58.138864,0.128864,58.810000
49,1,conch,thunder.ccrcc.linear_probing,thunder,f1,88.100000,86.587057,1.512943,84.600000
49,1,conch,thunder.break_his.linear_probing,thunder,f1,68.800000,70.247834,1.447834,66.750000
49,1,conch,thunder.esca.linear_probing,thunder,f1,80.100000,79.529662,0.570338,78.000000
49,1,conch,hest.ccrcc.gene_expression,hest,pearson_r,60.900000,61.330527,0.430527,62.132500
49,1,conch,pathorob.camelyon.robustness_index,pathorob,robustness_index,66.200000,62.181444,4.018556,35.850000
49,1,conch,hest.lung.gene_expression,hest,pearson_r,76.610000,76.698013,0.088013,77.207500
49,1,conch,hest.idc.gene_expression,hest,pearson_r,76.815000,77.765689,0.950689,78.300000
49,1,conch-1.5,thunder.crc.linear_probing,thunder,f1,93.800000,93.157602,0.642398,93.100000
49,1,conch-1.5,hest.skcm.gene_expression,hest,pearson_r,77.585000,79.235358,1.650358,79.705000
49,1,conch-1.5,pathorob.tolkach_esca.robustness_index,pathorob,robustness_index,95.100000,96.650106,1.550106,89.600000
49,1,conch-1.5,hest.lung.gene_expression,hest,pearson_r,77.565000,76.649567,0.915433,77.207500
49,1,conch-1.5,hest.coad.gene_expression,hest,pearson_r,64.010000,62.014843,1.995157,63.092500
49,1,conch-1.5,thunder.tcga_tils.linear_probing,thunder,f1,89.900000,89.211715,0.688285,89.600000
49,1,conch-1.5,thunder.ccrcc.linear_probing,thunder,f1,87.400000,87.351081,0.048919,84.600000
49,1,conch-1.5,thunder.bach.linear_probing,thunder,f1,76.800000,73.052247,3.747753,69.900000
49,1,conch-1.5,thunder.mhist.linear_probing,thunder,f1,81.200000,81.810680,0.610680,80.800000
49,1,ctranspath,hest.idc.gene_expression,hest,pearson_r,74.965000,76.508689,1.543689,78.300000
49,1,ctranspath,hest.paad.gene_expression,hest,pearson_r,71.570000,71.960415,0.390415,73.187500
49,1,ctranspath,pathorob.camelyon.robustness_index,pathorob,robustness_index,10.600000,14.846131,4.246131,35.850000
49,1,ctranspath,hest.coad.gene_expression,hest,pearson_r,61.910000,61.586874,0.323126,63.092500
49,1,dinov2-b,thunder.spider_skin.linear_probing,thunder,f1,80.100000,80.245316,0.145316,87.500000
49,1,dinov2-b,thunder.tcga_uniform.linear_probing,thunder,f1,54.400000,53.488845,0.911155,74.800000
49,1,dinov2-b,thunder.esca.linear_probing,thunder,f1,73.800000,71.463332,2.336668,78.000000
49,1,dinov2-b,thunder.spider_breast.linear_probing,thunder,f1,76.000000,74.402753,1.597247,83.100000
49,1,dinov2-b,thunder.wilds.linear_probing,thunder,f1,90.700000,91.954178,1.254178,96.000000
49,1,dinov2-l,thunder.bracs.linear_probing,thunder,f1,50.600000,55.359252,4.759252,59.900000
49,1,dinov2-l,thunder.wilds.linear_probing,thunder,f1,90.300000,92.833289,2.533289,96.000000
49,1,dinov2-l,thunder.tcga_crc_msi.linear_probing,thunder,f1,59.300000,57.671497,1.628503,64.400000
49,1,dinov2-l,thunder.tcga_uniform.linear_probing,thunder,f1,56.200000,55.994320,0.205680,74.800000
49,1,dinov2-l,thunder.spider_skin.linear_probing,thunder,f1,82.100000,81.557872,0.542128,87.500000
49,1,dinov3-b,thunder.tcga_crc_msi.linear_probing,thunder,f1,57.200000,57.561415,0.361415,64.400000
49,1,dinov3-b,thunder.wilds.linear_probing,thunder,f1,93.600000,92.784262,0.815738,96.000000
49,1,dinov3-b,thunder.spider_skin.linear_probing,thunder,f1,81.600000,81.360390,0.239610,87.500000
49,1,dinov3-b,thunder.spider_thorax.linear_probing,thunder,f1,90.000000,88.078937,1.921063,93.450000
49,1,dinov3-b,thunder.patch_camelyon.linear_probing,thunder,f1,88.000000,87.210500,0.789500,92.800000
49,1,dinov3-l,thunder.tcga_uniform.linear_probing,thunder,f1,59.300000,58.101793,1.198207,74.800000
49,1,dinov3-l,thunder.spider_colorectal.linear_probing,thunder,f1,86.300000,85.295127,1.004873,88.500000
49,1,dinov3-l,thunder.mhist.linear_probing,thunder,f1,84.100000,82.586648,1.513352,80.800000
49,1,dinov3-l,thunder.ccrcc.linear_probing,thunder,f1,82.500000,82.081194,0.418806,84.600000
49,1,dinov3-l,thunder.spider_breast.linear_probing,thunder,f1,78.300000,76.699653,1.600347,83.100000
49,1,dinov3-s,thunder.crc.linear_probing,thunder,f1,91.400000,90.580138,0.819862,93.100000
49,1,dinov3-s,thunder.ccrcc.linear_probing,thunder,f1,81.600000,81.247440,0.352560,84.600000
49,1,dinov3-s,thunder.spider_colorectal.linear_probing,thunder,f1,85.000000,84.790204,0.209796,88.500000
49,1,dinov3-s,thunder.bach.linear_probing,thunder,f1,56.400000,63.015935,6.615935,69.900000
49,1,dinov3-s,thunder.break_his.linear_probing,thunder,f1,82.900000,76.684551,6.215449,66.750000
49,1,genbio-pathfm,thunder.tcga_crc_msi.linear_probing,thunder,f1,68.000000,68.817498,0.817498,64.400000
49,1,genbio-pathfm,thunder.bracs.linear_probing,thunder,f1,60.100000,63.407698,3.307698,59.900000
49,1,genbio-pathfm,thunder.tcga_tils.linear_probing,thunder,f1,90.600000,91.175555,0.575555,89.600000
49,1,genbio-pathfm,thunder.ccrcc.linear_probing,thunder,f1,91.600000,92.298716,0.698716,84.600000
49,1,genbio-pathfm,thunder.spider_skin.linear_probing,thunder,f1,93.500000,92.561251,0.938749,87.500000
49,1,genbio-pathfm,thunder.wilds.linear_probing,thunder,f1,98.200000,98.413521,0.213521,96.000000
49,1,genbio-pathfm,thunder.patch_camelyon.linear_probing,thunder,f1,93.800000,93.897510,0.097510,92.800000
49,1,genbio-pathfm,hest.coad.gene_expression,hest,pearson_r,66.420000,64.476491,1.943509,63.092500
49,1,gpfm,hest.read.gene_expression,hest,pearson_r,58.230000,58.522523,0.292523,58.810000
49,1,gpfm,hest.coad.gene_expression,hest,pearson_r,62.400000,63.863732,1.463732,63.092500
49,1,gpfm,hest.ccrcc.gene_expression,hest,pearson_r,62.955000,62.316183,0.638817,62.132500
49,1,h-optimus-0,thunder.spider_thorax.linear_probing,thunder,f1,94.400000,94.815786,0.415786,93.450000
49,1,h-optimus-0,thunder.spider_colorectal.linear_probing,thunder,f1,89.900000,90.593605,0.693605,88.500000
49,1,h-optimus-0,thunder.break_his.linear_probing,thunder,f1,66.000000,75.204662,9.204662,66.750000
49,1,h-optimus-0,thunder.wilds.linear_probing,thunder,f1,98.700000,98.186781,0.513219,96.000000
49,1,h-optimus-0,pathorob.camelyon.robustness_index,pathorob,robustness_index,70.500000,63.842940,6.657060,35.850000
49,1,h-optimus-0,thunder.mhist.linear_probing,thunder,f1,82.800000,81.921026,0.878974,80.800000
49,1,h-optimus-0,hest.lung.gene_expression,hest,pearson_r,77.950000,78.153661,0.203661,77.207500
49,1,h-optimus-0,thunder.tcga_tils.linear_probing,thunder,f1,91.000000,90.979071,0.020929,89.600000
49,1,h-optimus-0,thunder.bach.linear_probing,thunder,f1,69.700000,80.034541,10.334541,69.900000
49,1,h-optimus-1,hest.coad.gene_expression,hest,pearson_r,65.975000,64.574710,1.400290,63.092500
49,1,h-optimus-1,thunder.ccrcc.linear_probing,thunder,f1,91.700000,91.687228,0.012772,84.600000
49,1,h-optimus-1,hest.lymph_idc.gene_expression,hest,pearson_r,63.870000,63.306328,0.563672,62.532500
49,1,h-optimus-1,thunder.tcga_crc_msi.linear_probing,thunder,f1,67.900000,68.276872,0.376872,64.400000
49,1,h-optimus-1,thunder.tcga_uniform.linear_probing,thunder,f1,81.000000,80.495825,0.504175,74.800000
49,1,h-optimus-1,thunder.break_his.linear_probing,thunder,f1,76.000000,76.834574,0.834574,66.750000
49,1,h-optimus-1,thunder.wilds.linear_probing,thunder,f1,98.200000,98.262524,0.062524,96.000000
49,1,h-optimus-1,hest.lung.gene_expression,hest,pearson_r,78.895000,78.153627,0.741373,77.207500
49,1,h0-mini,hest.prad.gene_expression,hest,pearson_r,68.435000,68.458905,0.023905,67.415000
49,1,h0-mini,hest.read.gene_expression,hest,pearson_r,59.315000,59.478407,0.163407,58.810000
49,1,h0-mini,thunder.tcga_tils.linear_probing,thunder,f1,91.700000,90.422409,1.277591,89.600000
49,1,h0-mini,pathorob.camelyon.robustness_index,pathorob,robustness_index,71.800000,67.333405,4.466595,35.850000
49,1,h0-mini,thunder.tcga_crc_msi.linear_probing,thunder,f1,66.500000,66.429300,0.070700,64.400000
49,1,h0-mini,hest.idc.gene_expression,hest,pearson_r,79.310000,78.774742,0.535258,78.300000
49,1,h0-mini,thunder.spider_skin.linear_probing,thunder,f1,90.400000,90.910022,0.510022,87.500000
49,1,h0-mini,thunder.spider_thorax.linear_probing,thunder,f1,93.400000,94.089531,0.689531,93.450000
49,1,h0-mini,hest.ccrcc.gene_expression,hest,pearson_r,63.350000,62.429674,0.920326,62.132500
49,1,hibou-b,thunder.bach.linear_probing,thunder,f1,65.600000,74.216631,8.616631,69.900000
49,1,hibou-b,thunder.tcga_uniform.linear_probing,thunder,f1,70.200000,76.023884,5.823884,74.800000
49,1,hibou-b,thunder.spider_breast.linear_probing,thunder,f1,86.600000,85.221252,1.378748,83.100000
49,1,hibou-b,thunder.spider_skin.linear_probing,thunder,f1,91.100000,90.206348,0.893652,87.500000
49,1,hibou-b,thunder.spider_colorectal.linear_probing,thunder,f1,90.700000,89.474115,1.225885,88.500000
49,1,hibou-l,thunder.mhist.linear_probing,thunder,f1,81.300000,78.975855,2.324145,80.800000
49,1,hibou-l,hest.skcm.gene_expression,hest,pearson_r,79.085000,80.585777,1.500777,79.705000
49,1,hibou-l,thunder.esca.linear_probing,thunder,f1,77.500000,82.319341,4.819341,78.000000
49,1,hibou-l,thunder.bracs.linear_probing,thunder,f1,62.700000,61.831961,0.868039,59.900000
49,1,hibou-l,thunder.spider_breast.linear_probing,thunder,f1,88.000000,86.026207,1.973793,83.100000
49,1,hibou-l,thunder.wilds.linear_probing,thunder,f1,98.100000,97.527857,0.572143,96.000000
49,1,hibou-l,thunder.spider_colorectal.linear_probing,thunder,f1,89.800000,89.938026,0.138026,88.500000
49,1,hibou-l,thunder.ccrcc.linear_probing,thunder,f1,88.400000,88.763136,0.363136,84.600000
49,1,hipt,pathorob.tolkach_esca.robustness_index,pathorob,robustness_index,72.600000,84.759924,12.159924,89.600000
49,1,kaiko-vit-b-16,hest.idc.gene_expression,hest,pearson_r,76.760000,76.954163,0.194163,78.300000
49,1,kaiko-vit-b-16,hest.skcm.gene_expression,hest,pearson_r,77.510000,77.690317,0.180317,79.705000
49,1,kaiko-vit-b-16,hest.prad.gene_expression,hest,pearson_r,66.375000,65.152591,1.222409,67.415000
49,1,kaiko-vit-b-8,hest.coad.gene_expression,hest,pearson_r,63.415000,62.656876,0.758124,63.092500
49,1,kaiko-vit-b-8,hest.lymph_idc.gene_expression,hest,pearson_r,61.365000,62.501519,1.136519,62.532500
49,1,kaiko-vit-b-8,hest.skcm.gene_expression,hest,pearson_r,78.625000,78.636447,0.011447,79.705000
49,1,kaiko-vit-b-8,hest.prad.gene_expression,hest,pearson_r,68.055000,67.187478,0.867522,67.415000
49,1,kaiko-vit-b-unspecified-patch,thunder.spider_breast.linear_probing,thunder,f1,81.900000,83.752862,1.852862,83.100000
49,1,kaiko-vit-b-unspecified-patch,thunder.patch_camelyon.linear_probing,thunder,f1,90.400000,92.030403,1.630403,92.800000
49,1,kaiko-vit-b-unspecified-patch,thunder.spider_thorax.linear_probing,thunder,f1,93.300000,92.956217,0.343783,93.450000
49,1,kaiko-vit-b-unspecified-patch,thunder.wilds.linear_probing,thunder,f1,95.600000,96.630920,1.030920,96.000000
49,1,kaiko-vit-b-unspecified-patch,thunder.tcga_crc_msi.linear_probing,thunder,f1,67.000000,63.949356,3.050644,64.400000
49,1,kaiko-vit-l-14,hest.ccrcc.gene_expression,hest,pearson_r,60.970000,61.155302,0.185302,62.132500
49,1,kaiko-vit-l-14,hest.coad.gene_expression,hest,pearson_r,62.675000,62.177245,0.497755,63.092500
49,1,kaiko-vit-l-14,hest.lymph_idc.gene_expression,hest,pearson_r,61.415000,62.459055,1.044055,62.532500
49,1,kaiko-vit-s-16,hest.paad.gene_expression,hest,pearson_r,72.045000,71.531018,0.513982,73.187500
49,1,kaiko-vit-s-16,hest.read.gene_expression,hest,pearson_r,56.640000,55.996188,0.643812,58.810000
49,1,kaiko-vit-s-16,hest.idc.gene_expression,hest,pearson_r,76.665000,75.978321,0.686679,78.300000
49,1,kaiko-vit-s-8,hest.coad.gene_expression,hest,pearson_r,61.405000,60.582485,0.822515,63.092500
49,1,kaiko-vit-s-8,hest.ccrcc.gene_expression,hest,pearson_r,61.730000,60.012183,1.717817,62.132500
49,1,kaiko-vit-s-8,hest.prad.gene_expression,hest,pearson_r,66.700000,67.134631,0.434631,67.415000
49,1,kaiko-vit-s-unspecified-patch,thunder.spider_thorax.linear_probing,thunder,f1,93.100000,92.783129,0.316871,93.450000
49,1,kaiko-vit-s-unspecified-patch,thunder.patch_camelyon.linear_probing,thunder,f1,90.400000,91.738790,1.338790,92.800000
49,1,kaiko-vit-s-unspecified-patch,thunder.esca.linear_probing,thunder,f1,76.800000,80.417621,3.617621,78.000000
49,1,kaiko-vit-s-unspecified-patch,thunder.break_his.linear_probing,thunder,f1,69.400000,70.759729,1.359729,66.750000
49,1,kaiko-vit-s-unspecified-patch,thunder.wilds.linear_probing,thunder,f1,95.900000,96.708589,0.808589,96.000000
49,1,kang-dino,pathorob.tcga_2x2.robustness_index,pathorob,robustness_index,66.100000,64.992265,1.107735,75.400000
49,1,keep,thunder.break_his.linear_probing,thunder,f1,65.900000,60.254204,5.645796,66.750000
49,1,keep,thunder.spider_thorax.linear_probing,thunder,f1,93.800000,94.236276,0.436276,93.450000
49,1,keep,thunder.bracs.linear_probing,thunder,f1,62.200000,62.132022,0.067978,59.900000
49,1,keep,thunder.spider_skin.linear_probing,thunder,f1,89.300000,91.083830,1.783830,87.500000
49,1,keep,thunder.tcga_tils.linear_probing,thunder,f1,89.900000,90.610421,0.710421,89.600000
49,1,lunit-vit-s-8,hest.coad.gene_expression,hest,pearson_r,64.130000,63.580831,0.549169,63.092500
49,1,lunit-vit-s-8,hest.skcm.gene_expression,hest,pearson_r,78.690000,78.069992,0.620008,79.705000
49,1,lunit-vit-s-8,hest.ccrcc.gene_expression,hest,pearson_r,62.315000,62.070283,0.244717,62.132500
49,1,midnight,hest.coad.gene_expression,hest,pearson_r,64.540000,65.601572,1.061572,63.092500
49,1,midnight,hest.lymph_idc.gene_expression,hest,pearson_r,63.210000,62.768746,0.441254,62.532500
49,1,midnight,thunder.spider_colorectal.linear_probing,thunder,f1,89.600000,90.703465,1.103465,88.500000
49,1,midnight,thunder.esca.linear_probing,thunder,f1,86.200000,84.563186,1.636814,78.000000
49,1,midnight,thunder.spider_breast.linear_probing,thunder,f1,86.100000,87.380945,1.280945,83.100000
49,1,midnight,hest.ccrcc.gene_expression,hest,pearson_r,60.660000,63.561727,2.901727,62.132500
49,1,midnight,hest.lung.gene_expression,hest,pearson_r,77.885000,78.346368,0.461368,77.207500
49,1,midnight,thunder.crc.linear_probing,thunder,f1,95.600000,94.611678,0.988322,93.100000
49,1,musk,hest.read.gene_expression,hest,pearson_r,55.550000,57.258504,1.708504,58.810000
49,1,musk,thunder.bracs.linear_probing,thunder,f1,63.300000,58.083893,5.216107,59.900000
49,1,musk,thunder.crc.linear_probing,thunder,f1,91.100000,92.073486,0.973486,93.100000
49,1,musk,thunder.mhist.linear_probing,thunder,f1,80.000000,79.799085,0.200915,80.800000
49,1,musk,thunder.spider_colorectal.linear_probing,thunder,f1,87.900000,86.968808,0.931192,88.500000
49,1,musk,hest.paad.gene_expression,hest,pearson_r,71.385000,72.400522,1.015522,73.187500
49,1,musk,pathorob.tolkach_esca.robustness_index,pathorob,robustness_index,92.800000,92.988437,0.188437,89.600000
49,1,musk,thunder.tcga_uniform.linear_probing,thunder,f1,66.000000,65.238427,0.761573,74.800000
49,1,musk,thunder.break_his.linear_probing,thunder,f1,77.600000,66.152358,11.447642,66.750000
49,1,openmidnight,hest.coad.gene_expression,hest,pearson_r,63.640000,63.771526,0.131526,63.092500
49,1,openmidnight,thunder.spider_skin.linear_probing,thunder,f1,90.500000,90.713397,0.213397,87.500000
49,1,openmidnight,thunder.bracs.linear_probing,thunder,f1,59.400000,61.594923,2.194923,59.900000
49,1,openmidnight,thunder.tcga_uniform.linear_probing,thunder,f1,82.800000,76.599745,6.200255,74.800000
49,1,openmidnight,hest.prad.gene_expression,hest,pearson_r,67.950000,68.289726,0.339726,67.415000
49,1,openmidnight,hest.lymph_idc.gene_expression,hest,pearson_r,62.990000,63.044564,0.054564,62.532500
49,1,openmidnight,thunder.spider_colorectal.linear_probing,thunder,f1,88.300000,89.693887,1.393887,88.500000
49,1,openmidnight,thunder.ccrcc.linear_probing,thunder,f1,92.000000,89.927161,2.072839,84.600000
49,1,phikon,hest.prad.gene_expression,hest,pearson_r,67.100000,65.875646,1.224354,67.415000
49,1,phikon,thunder.esca.linear_probing,thunder,f1,76.700000,78.322620,1.622620,78.000000
49,1,phikon,hest.lymph_idc.gene_expression,hest,pearson_r,61.865000,62.177981,0.312981,62.532500
49,1,phikon,thunder.tcga_crc_msi.linear_probing,thunder,f1,63.100000,62.994395,0.105605,64.400000
49,1,phikon,thunder.bracs.linear_probing,thunder,f1,56.900000,59.626328,2.726328,59.900000
49,1,phikon,thunder.spider_thorax.linear_probing,thunder,f1,92.400000,92.451901,0.051901,93.450000
49,1,phikon,hest.skcm.gene_expression,hest,pearson_r,76.775000,78.847761,2.072761,79.705000
49,1,phikon,thunder.mhist.linear_probing,thunder,f1,78.100000,78.544295,0.444295,80.800000
49,1,phikon,hest.read.gene_expression,hest,pearson_r,57.660000,58.202127,0.542127,58.810000
49,1,phikon-v2,thunder.ccrcc.linear_probing,thunder,f1,76.700000,86.342332,9.642332,84.600000
49,1,phikon-v2,hest.idc.gene_expression,hest,pearson_r,77.040000,77.929836,0.889836,78.300000
49,1,phikon-v2,pathorob.tolkach_esca.robustness_index,pathorob,robustness_index,76.800000,71.580894,5.219106,89.600000
49,1,phikon-v2,hest.coad.gene_expression,hest,pearson_r,62.500000,64.319710,1.819710,63.092500
49,1,phikon-v2,thunder.spider_skin.linear_probing,thunder,f1,87.200000,89.260418,2.060418,87.500000
49,1,phikon-v2,thunder.tcga_crc_msi.linear_probing,thunder,f1,61.100000,64.022945,2.922945,64.400000
49,1,phikon-v2,thunder.bracs.linear_probing,thunder,f1,58.200000,60.406345,2.206345,59.900000
49,1,phikon-v2,thunder.mhist.linear_probing,thunder,f1,79.200000,78.159021,1.040979,80.800000
49,1,phikon-v2,hest.paad.gene_expression,hest,pearson_r,72.275000,73.124015,0.849015,73.187500
49,1,plip,thunder.ccrcc.linear_probing,thunder,f1,76.900000,76.864625,0.035375,84.600000
49,1,plip,thunder.tcga_crc_msi.linear_probing,thunder,f1,56.000000,57.118014,1.118014,64.400000
49,1,plip,thunder.patch_camelyon.linear_probing,thunder,f1,87.900000,88.058150,0.158150,92.800000
49,1,plip,thunder.spider_thorax.linear_probing,thunder,f1,88.600000,88.405273,0.194727,93.450000
49,1,plip,thunder.crc.linear_probing,thunder,f1,88.200000,90.164942,1.964942,93.100000
49,1,prov-gigapath,hest.skcm.gene_expression,hest,pearson_r,78.095000,80.719622,2.624622,79.705000
49,1,prov-gigapath,pathorob.tcga_2x2.robustness_index,pathorob,robustness_index,73.800000,72.501871,1.298129,75.400000
49,1,prov-gigapath,thunder.wilds.linear_probing,thunder,f1,94.800000,97.598508,2.798508,96.000000
49,1,prov-gigapath,hest.idc.gene_expression,hest,pearson_r,77.575000,78.678871,1.103871,78.300000
49,1,prov-gigapath,thunder.bach.linear_probing,thunder,f1,70.700000,76.843489,6.143489,69.900000
49,1,prov-gigapath,hest.lung.gene_expression,hest,pearson_r,77.060000,77.808867,0.748867,77.207500
49,1,prov-gigapath,hest.lymph_idc.gene_expression,hest,pearson_r,62.500000,62.745618,0.245618,62.532500
49,1,prov-gigapath,hest.read.gene_expression,hest,pearson_r,59.805000,59.468318,0.336682,58.810000
49,1,prov-gigapath,thunder.esca.linear_probing,thunder,f1,81.700000,82.931059,1.231059,78.000000
49,1,quiltnet,thunder.spider_colorectal.linear_probing,thunder,f1,82.900000,85.349044,2.449044,88.500000
49,1,quiltnet,thunder.esca.linear_probing,thunder,f1,61.500000,69.782674,8.282674,78.000000
49,1,quiltnet,thunder.spider_breast.linear_probing,thunder,f1,77.000000,77.331884,0.331884,83.100000
49,1,quiltnet,thunder.bracs.linear_probing,thunder,f1,55.900000,56.158023,0.258023,59.900000
49,1,quiltnet,thunder.patch_camelyon.linear_probing,thunder,f1,87.400000,88.593243,1.193243,92.800000
49,1,resnet50,hest.paad.gene_expression,hest,pearson_r,69.400000,70.926235,1.526235,73.187500
49,1,resnet50,hest.ccrcc.gene_expression,hest,pearson_r,61.260000,60.134912,1.125088,62.132500
49,1,resnet50,hest.skcm.gene_expression,hest,pearson_r,74.105000,74.510133,0.405133,79.705000
49,1,retccl,pathorob.tcga_2x2.robustness_index,pathorob,robustness_index,59.300000,72.824232,13.524232,75.400000
49,1,rudolfv,pathorob.tolkach_esca.robustness_index,pathorob,robustness_index,69.500000,78.583317,9.083317,89.600000
49,1,uni,hest.idc.gene_expression,hest,pearson_r,79.450000,78.322465,1.127535,78.300000
49,1,uni,thunder.tcga_crc_msi.linear_probing,thunder,f1,65.900000,65.032209,0.867791,64.400000
49,1,uni,hest.paad.gene_expression,hest,pearson_r,74.035000,73.426423,0.608577,73.187500
49,1,uni,thunder.tcga_uniform.linear_probing,thunder,f1,75.300000,74.719631,0.580369,74.800000
49,1,uni,thunder.ccrcc.linear_probing,thunder,f1,90.700000,88.362516,2.337484,84.600000
49,1,uni,pathorob.camelyon.robustness_index,pathorob,robustness_index,14.500000,28.960378,14.460378,35.850000
49,1,uni,thunder.wilds.linear_probing,thunder,f1,97.200000,97.170904,0.029096,96.000000
49,1,uni,thunder.spider_breast.linear_probing,thunder,f1,85.700000,84.518864,1.181136,83.100000
49,1,uni,hest.skcm.gene_expression,hest,pearson_r,81.730000,80.021503,1.708497,79.705000
49,1,uni2-h,thunder.bracs.linear_probing,thunder,f1,65.400000,63.346656,2.053344,59.900000
49,1,uni2-h,pathorob.tolkach_esca.robustness_index,pathorob,robustness_index,92.300000,85.732794,6.567206,89.600000
49,1,uni2-h,thunder.break_his.linear_probing,thunder,f1,78.400000,67.985506,10.414494,66.750000
49,1,uni2-h,pathorob.tcga_2x2.robustness_index,pathorob,robustness_index,80.300000,74.572458,5.727542,75.400000
49,1,uni2-h,hest.lymph_idc.gene_expression,hest,pearson_r,63.635000,63.014248,0.620752,62.532500
49,1,uni2-h,pathorob.camelyon.robustness_index,pathorob,robustness_index,54.400000,52.532744,1.867256,35.850000
49,1,uni2-h,hest.prad.gene_expression,hest,pearson_r,67.845000,68.068369,0.223369,67.415000
49,1,uni2-h,hest.paad.gene_expression,hest,pearson_r,75.005000,74.319919,0.685081,73.187500
49,1,uni2-h,hest.ccrcc.gene_expression,hest,pearson_r,63.200000,63.345786,0.145786,62.132500
49,1,virchow,thunder.spider_thorax.linear_probing,thunder,f1,94.700000,94.391363,0.308637,93.450000
49,1,virchow,hest.ccrcc.gene_expression,hest,pearson_r,62.930000,62.788865,0.141135,62.132500
49,1,virchow,thunder.tcga_uniform.linear_probing,thunder,f1,74.800000,78.503791,3.703791,74.800000
49,1,virchow,thunder.patch_camelyon.linear_probing,thunder,f1,93.600000,93.270462,0.329538,92.800000
49,1,virchow,thunder.ccrcc.linear_probing,thunder,f1,91.700000,90.466024,1.233976,84.600000
49,1,virchow,thunder.esca.linear_probing,thunder,f1,84.300000,84.265348,0.034652,78.000000
49,1,virchow,thunder.wilds.linear_probing,thunder,f1,97.600000,97.899483,0.299483,96.000000
49,1,virchow,hest.skcm.gene_expression,hest,pearson_r,81.215000,81.171010,0.043990,79.705000
49,1,virchow,thunder.break_his.linear_probing,thunder,f1,62.700000,73.602959,10.902959,66.750000
49,1,virchow-2,thunder.crc.linear_probing,thunder,f1,93.000000,94.475105,1.475105,93.100000
49,1,virchow-2,hest.paad.gene_expression,hest,pearson_r,73.895000,74.054455,0.159455,73.187500
49,1,virchow-2,thunder.spider_breast.linear_probing,thunder,f1,87.200000,86.265554,0.934446,83.100000
49,1,virchow-2,pathorob.tolkach_esca.robustness_index,pathorob,robustness_index,95.500000,94.144232,1.355768,89.600000
49,1,virchow-2,hest.idc.gene_expression,hest,pearson_r,79.855000,79.062281,0.792719,78.300000
49,1,virchow-2,thunder.tcga_uniform.linear_probing,thunder,f1,78.400000,78.603630,0.203630,74.800000
49,1,virchow-2,thunder.spider_skin.linear_probing,thunder,f1,92.000000,91.516837,0.483163,87.500000
49,1,virchow-2,thunder.spider_colorectal.linear_probing,thunder,f1,90.800000,90.193011,0.606989,88.500000
49,1,virchow-2,thunder.break_his.linear_probing,thunder,f1,72.500000,76.225224,3.725224,66.750000
49,1,vit-b,thunder.patch_camelyon.linear_probing,thunder,f1,84.600000,87.960844,3.360844,92.800000
49,1,vit-b,thunder.esca.linear_probing,thunder,f1,62.700000,70.383939,7.683939,78.000000
49,1,vit-b,thunder.tcga_uniform.linear_probing,thunder,f1,53.400000,57.087060,3.687060,74.800000
49,1,vit-b,thunder.bach.linear_probing,thunder,f1,57.000000,60.727866,3.727866,69.900000
49,1,vit-b,thunder.bracs.linear_probing,thunder,f1,56.600000,55.657551,0.942449,59.900000
49,1,vit-l,thunder.mhist.linear_probing,thunder,f1,79.800000,79.456808,0.343192,80.800000
49,1,vit-l,thunder.crc.linear_probing,thunder,f1,92.800000,90.304188,2.495812,93.100000
49,1,vit-l,thunder.spider_thorax.linear_probing,thunder,f1,88.500000,88.330012,0.169988,93.450000
49,1,vit-l,thunder.patch_camelyon.linear_probing,thunder,f1,85.700000,87.783320,2.083320,92.800000
49,1,vit-l,thunder.spider_colorectal.linear_probing,thunder,f1,85.100000,84.882655,0.217345,88.500000
49,2,atlas,pathorob.tolkach_esca.robustness_index,pathorob,robustness_index,93.800000,95.787810,1.987810,89.600000
49,2,ciga,pathorob.camelyon.robustness_index,pathorob,robustness_index,13.500000,11.585592,1.914408,64.900000
49,2,clip-b,thunder.spider_thorax.linear_probing,thunder,f1,84.700000,86.614843,1.914843,93.300000
49,2,clip-b,thunder.esca.linear_probing,thunder,f1,61.000000,60.796190,0.203810,77.500000
49,2,clip-b,thunder.tcga_crc_msi.linear_probing,thunder,f1,49.000000,52.885784,3.885784,63.100000
49,2,clip-b,thunder.break_his.linear_probing,thunder,f1,40.000000,59.920456,19.920456,69.200000
49,2,clip-b,thunder.crc.linear_probing,thunder,f1,87.300000,88.851955,1.551955,92.900000
49,2,clip-b,thunder.mhist.linear_probing,thunder,f1,77.500000,75.869564,1.630436,81.200000
49,2,clip-l,thunder.ccrcc.linear_probing,thunder,f1,75.900000,77.147470,1.247470,87.750000
49,2,clip-l,thunder.spider_breast.linear_probing,thunder,f1,73.600000,74.992534,1.392534,83.700000
49,2,clip-l,thunder.crc.linear_probing,thunder,f1,88.300000,89.937325,1.637325,92.900000
49,2,clip-l,thunder.mhist.linear_probing,thunder,f1,79.600000,77.099072,2.500928,81.200000
49,2,clip-l,thunder.bracs.linear_probing,thunder,f1,56.400000,54.002059,2.397941,59.400000
49,2,clip-l,thunder.spider_thorax.linear_probing,thunder,f1,86.700000,88.706250,2.006250,93.300000
49,2,conch,pathorob.tcga_2x2.robustness_index,pathorob,robustness_index,82.400000,72.209832,10.190168,69.950000
49,2,conch,hest.paad.gene_expression,hest,pearson_r,72.340000,72.828262,0.488262,73.005000
49,2,conch,thunder.wilds.linear_probing,thunder,f1,97.200000,96.106544,1.093456,95.750000
49,2,conch,thunder.spider_breast.linear_probing,thunder,f1,82.100000,82.797628,0.697628,83.700000
49,2,conch,pathorob.tolkach_esca.robustness_index,pathorob,robustness_index,95.100000,91.013678,4.086322,89.600000
49,2,conch,hest.prad.gene_expression,hest,pearson_r,67.740000,68.050431,0.310431,67.132500
49,2,conch,thunder.tcga_uniform.linear_probing,thunder,f1,68.000000,71.833531,3.833531,72.700000
49,2,conch,hest.coad.gene_expression,hest,pearson_r,62.445000,63.130266,0.685266,63.415000
49,2,conch,thunder.bracs.linear_probing,thunder,f1,60.000000,59.794274,0.205726,59.400000
49,2,conch,thunder.tcga_crc_msi.linear_probing,thunder,f1,64.400000,62.849481,1.550519,63.100000
49,2,conch-1.5,pathorob.tcga_2x2.robustness_index,pathorob,robustness_index,83.200000,75.574929,7.625071,69.950000
49,2,conch-1.5,hest.idc.gene_expression,hest,pearson_r,77.200000,77.798112,0.598112,77.575000
49,2,conch-1.5,thunder.tcga_uniform.linear_probing,thunder,f1,69.400000,74.633821,5.233821,72.700000
49,2,conch-1.5,thunder.wilds.linear_probing,thunder,f1,96.700000,96.727460,0.027460,95.750000
49,2,conch-1.5,hest.prad.gene_expression,hest,pearson_r,69.040000,68.841842,0.198158,67.132500
49,2,conch-1.5,hest.lymph_idc.gene_expression,hest,pearson_r,63.495000,62.469258,1.025742,62.535000
49,2,conch-1.5,thunder.break_his.linear_probing,thunder,f1,75.300000,76.746967,1.446967,69.200000
49,2,conch-1.5,thunder.esca.linear_probing,thunder,f1,82.700000,80.210127,2.489873,77.500000
49,2,conch-1.5,hest.read.gene_expression,hest,pearson_r,58.000000,58.513738,0.513738,58.487500
49,2,conch-1.5,hest.paad.gene_expression,hest,pearson_r,72.850000,73.164166,0.314166,73.005000
49,2,ctranspath,hest.prad.gene_expression,hest,pearson_r,67.755000,66.466553,1.288447,67.132500
49,2,ctranspath,hest.ccrcc.gene_expression,hest,pearson_r,61.810000,60.331889,1.478111,61.565000
49,2,ctranspath,pathorob.tcga_2x2.robustness_index,pathorob,robustness_index,65.200000,59.075754,6.124246,69.950000
49,2,ctranspath,hest.read.gene_expression,hest,pearson_r,54.840000,56.328182,1.488182,58.487500
49,2,dinov2-b,thunder.patch_camelyon.linear_probing,thunder,f1,86.300000,86.920062,0.620062,90.400000
49,2,dinov2-b,thunder.break_his.linear_probing,thunder,f1,77.800000,38.609358,39.190642,69.200000
49,2,dinov2-b,thunder.ccrcc.linear_probing,thunder,f1,79.700000,79.924553,0.224553,87.750000
49,2,dinov2-b,thunder.spider_colorectal.linear_probing,thunder,f1,83.900000,84.450933,0.550933,88.400000
49,2,dinov2-b,thunder.tcga_crc_msi.linear_probing,thunder,f1,58.600000,55.083662,3.516338,63.100000
49,2,dinov2-b,thunder.bach.linear_probing,thunder,f1,64.400000,60.488300,3.911700,70.200000
49,2,dinov2-l,thunder.ccrcc.linear_probing,thunder,f1,81.400000,78.201533,3.198467,87.750000
49,2,dinov2-l,thunder.spider_thorax.linear_probing,thunder,f1,87.700000,89.259805,1.559805,93.300000
49,2,dinov2-l,thunder.bach.linear_probing,thunder,f1,68.900000,57.279150,11.620850,70.200000
49,2,dinov2-l,thunder.spider_breast.linear_probing,thunder,f1,74.000000,75.829288,1.829288,83.700000
49,2,dinov2-l,thunder.esca.linear_probing,thunder,f1,72.100000,66.916526,5.183474,77.500000
49,2,dinov2-l,thunder.mhist.linear_probing,thunder,f1,82.300000,75.528478,6.771522,81.200000
49,2,dinov3-b,thunder.bracs.linear_probing,thunder,f1,55.400000,54.866875,0.533125,59.400000
49,2,dinov3-b,thunder.ccrcc.linear_probing,thunder,f1,80.700000,81.626049,0.926049,87.750000
49,2,dinov3-b,thunder.spider_colorectal.linear_probing,thunder,f1,84.800000,85.315943,0.515943,88.400000
49,2,dinov3-b,thunder.bach.linear_probing,thunder,f1,60.300000,62.758030,2.458030,70.200000
49,2,dinov3-b,thunder.break_his.linear_probing,thunder,f1,81.800000,41.052200,40.747800,69.200000
49,2,dinov3-b,thunder.tcga_uniform.linear_probing,thunder,f1,56.200000,58.212158,2.012158,72.700000
49,2,dinov3-l,thunder.spider_skin.linear_probing,thunder,f1,82.500000,83.770701,1.270701,87.650000
49,2,dinov3-l,thunder.patch_camelyon.linear_probing,thunder,f1,88.800000,88.680820,0.119180,90.400000
49,2,dinov3-l,thunder.bracs.linear_probing,thunder,f1,54.600000,55.556068,0.956068,59.400000
49,2,dinov3-l,thunder.break_his.linear_probing,thunder,f1,77.300000,40.260581,37.039419,69.200000
49,2,dinov3-l,thunder.wilds.linear_probing,thunder,f1,94.800000,93.428194,1.371806,95.750000
49,2,dinov3-l,thunder.bach.linear_probing,thunder,f1,57.900000,65.886603,7.986603,70.200000
49,2,dinov3-s,thunder.spider_skin.linear_probing,thunder,f1,81.800000,82.295215,0.495215,87.650000
49,2,dinov3-s,thunder.tcga_crc_msi.linear_probing,thunder,f1,57.700000,58.384775,0.684775,63.100000
49,2,dinov3-s,thunder.wilds.linear_probing,thunder,f1,94.100000,90.815627,3.284373,95.750000
49,2,dinov3-s,thunder.mhist.linear_probing,thunder,f1,82.900000,76.086890,6.813110,81.200000
49,2,dinov3-s,thunder.tcga_uniform.linear_probing,thunder,f1,53.900000,59.987214,6.087214,72.700000
49,2,dinov3-s,thunder.spider_breast.linear_probing,thunder,f1,75.000000,76.821140,1.821140,83.700000
49,2,genbio-pathfm,thunder.break_his.linear_probing,thunder,f1,76.600000,69.554331,7.045669,69.200000
49,2,genbio-pathfm,hest.skcm.gene_expression,hest,pearson_r,83.575000,81.859467,1.715533,78.812500
49,2,genbio-pathfm,thunder.tcga_uniform.linear_probing,thunder,f1,79.900000,81.719917,1.819917,72.700000
49,2,genbio-pathfm,hest.ccrcc.gene_expression,hest,pearson_r,63.075000,63.651780,0.576780,61.565000
49,2,genbio-pathfm,hest.prad.gene_expression,hest,pearson_r,69.565000,68.045438,1.519562,67.132500
49,2,genbio-pathfm,thunder.esca.linear_probing,thunder,f1,84.700000,85.743153,1.043153,77.500000
49,2,genbio-pathfm,hest.idc.gene_expression,hest,pearson_r,79.360000,79.555175,0.195175,77.575000
49,2,genbio-pathfm,hest.lymph_idc.gene_expression,hest,pearson_r,64.210000,63.406761,0.803239,62.535000
49,2,genbio-pathfm,thunder.spider_colorectal.linear_probing,thunder,f1,90.500000,90.723527,0.223527,88.400000
49,2,gpfm,hest.skcm.gene_expression,hest,pearson_r,79.455000,79.354757,0.100243,78.812500
49,2,gpfm,hest.lymph_idc.gene_expression,hest,pearson_r,61.855000,62.562888,0.707888,62.535000
49,2,gpfm,hest.idc.gene_expression,hest,pearson_r,78.300000,78.113039,0.186961,77.575000
49,2,h-optimus-0,thunder.tcga_crc_msi.linear_probing,thunder,f1,67.300000,66.472534,0.827466,63.100000
49,2,h-optimus-0,thunder.bracs.linear_probing,thunder,f1,61.100000,62.473275,1.373275,59.400000
49,2,h-optimus-0,thunder.spider_skin.linear_probing,thunder,f1,91.900000,91.345443,0.554557,87.650000
49,2,h-optimus-0,pathorob.tcga_2x2.robustness_index,pathorob,robustness_index,81.200000,78.818200,2.381800,69.950000
49,2,h-optimus-0,thunder.patch_camelyon.linear_probing,thunder,f1,93.000000,93.137457,0.137457,90.400000
49,2,h-optimus-0,hest.idc.gene_expression,hest,pearson_r,79.880000,79.096555,0.783445,77.575000
49,2,h-optimus-0,hest.ccrcc.gene_expression,hest,pearson_r,63.380000,63.153304,0.226696,61.565000
49,2,h-optimus-0,hest.coad.gene_expression,hest,pearson_r,65.430000,64.753035,0.676965,63.415000
49,2,h-optimus-0,hest.read.gene_expression,hest,pearson_r,61.080000,59.494226,1.585774,58.487500
49,2,h-optimus-0,hest.prad.gene_expression,hest,pearson_r,69.240000,67.862365,1.377635,67.132500
49,2,h-optimus-1,thunder.tcga_tils.linear_probing,thunder,f1,91.000000,91.457263,0.457263,89.900000
49,2,h-optimus-1,thunder.crc.linear_probing,thunder,f1,94.600000,94.523009,0.076991,92.900000
49,2,h-optimus-1,hest.prad.gene_expression,hest,pearson_r,68.905000,68.650025,0.254975,67.132500
49,2,h-optimus-1,hest.read.gene_expression,hest,pearson_r,62.105000,59.952329,2.152671,58.487500
49,2,h-optimus-1,hest.idc.gene_expression,hest,pearson_r,80.120000,79.296776,0.823224,77.575000
49,2,h-optimus-1,thunder.bracs.linear_probing,thunder,f1,64.300000,63.717945,0.582055,59.400000
49,2,h-optimus-1,hest.paad.gene_expression,hest,pearson_r,74.820000,74.489812,0.330188,73.005000
49,2,h-optimus-1,thunder.spider_skin.linear_probing,thunder,f1,92.300000,92.219899,0.080101,87.650000
49,2,h-optimus-1,thunder.spider_colorectal.linear_probing,thunder,f1,90.300000,90.770778,0.470778,88.400000
49,2,h0-mini,hest.paad.gene_expression,hest,pearson_r,74.595000,73.820938,0.774062,73.005000
49,2,h0-mini,thunder.patch_camelyon.linear_probing,thunder,f1,94.300000,92.710057,1.589943,90.400000
49,2,h0-mini,thunder.wilds.linear_probing,thunder,f1,98.200000,97.696476,0.503524,95.750000
49,2,h0-mini,pathorob.tcga_2x2.robustness_index,pathorob,robustness_index,79.400000,77.423328,1.976672,69.950000
49,2,h0-mini,hest.lymph_idc.gene_expression,hest,pearson_r,63.145000,62.953425,0.191575,62.535000
49,2,h0-mini,hest.lung.gene_expression,hest,pearson_r,77.410000,77.893407,0.483407,77.360000
49,2,h0-mini,thunder.crc.linear_probing,thunder,f1,95.800000,93.852408,1.947592,92.900000
49,2,h0-mini,thunder.ccrcc.linear_probing,thunder,f1,90.200000,89.741157,0.458843,87.750000
49,2,h0-mini,thunder.bracs.linear_probing,thunder,f1,60.700000,62.006488,1.306488,59.400000
49,2,h0-mini,thunder.spider_breast.linear_probing,thunder,f1,86.000000,85.830077,0.169923,83.700000
49,2,hibou-b,thunder.tcga_tils.linear_probing,thunder,f1,89.600000,90.148499,0.548499,89.900000
49,2,hibou-b,thunder.tcga_crc_msi.linear_probing,thunder,f1,66.200000,65.676277,0.523723,63.100000
49,2,hibou-b,thunder.break_his.linear_probing,thunder,f1,59.600000,80.300129,20.700129,69.200000
49,2,hibou-b,thunder.patch_camelyon.linear_probing,thunder,f1,93.400000,91.903451,1.496549,90.400000
49,2,hibou-b,thunder.crc.linear_probing,thunder,f1,93.900000,93.504890,0.395110,92.900000
49,2,hibou-b,thunder.wilds.linear_probing,thunder,f1,97.100000,96.928752,0.171248,95.750000
49,2,hibou-l,hest.idc.gene_expression,hest,pearson_r,78.505000,78.781718,0.276718,77.575000
49,2,hibou-l,thunder.tcga_uniform.linear_probing,thunder,f1,75.200000,78.271955,3.071955,72.700000
49,2,hibou-l,thunder.tcga_crc_msi.linear_probing,thunder,f1,68.100000,66.021233,2.078767,63.100000
49,2,hibou-l,thunder.tcga_tils.linear_probing,thunder,f1,90.300000,90.661328,0.361328,89.900000
49,2,hibou-l,hest.lymph_idc.gene_expression,hest,pearson_r,62.160000,62.976962,0.816962,62.535000
49,2,hibou-l,thunder.spider_skin.linear_probing,thunder,f1,93.300000,90.872778,2.427222,87.650000
49,2,hibou-l,hest.prad.gene_expression,hest,pearson_r,64.725000,67.935438,3.210438,67.132500
49,2,hibou-l,thunder.break_his.linear_probing,thunder,f1,69.400000,70.680459,1.280459,69.200000
49,2,hibou-l,hest.ccrcc.gene_expression,hest,pearson_r,63.285000,62.662624,0.622376,61.565000
49,2,hipt,pathorob.tcga_2x2.robustness_index,pathorob,robustness_index,61.400000,66.500045,5.100045,69.950000
49,2,kaiko-vit-b-16,hest.read.gene_expression,hest,pearson_r,57.625000,57.072210,0.552790,58.487500
49,2,kaiko-vit-b-16,hest.lymph_idc.gene_expression,hest,pearson_r,61.825000,61.961519,0.136519,62.535000
49,2,kaiko-vit-b-16,hest.coad.gene_expression,hest,pearson_r,64.060000,62.450731,1.609269,63.415000
49,2,kaiko-vit-b-8,hest.lung.gene_expression,hest,pearson_r,75.915000,76.722283,0.807283,77.360000
49,2,kaiko-vit-b-8,pathorob.tcga_2x2.robustness_index,pathorob,robustness_index,76.300000,68.270622,8.029378,69.950000
49,2,kaiko-vit-b-8,hest.read.gene_expression,hest,pearson_r,58.115000,57.664587,0.450413,58.487500
49,2,kaiko-vit-b-8,hest.paad.gene_expression,hest,pearson_r,73.005000,72.438881,0.566119,73.005000
49,2,kaiko-vit-b-unspecified-patch,thunder.esca.linear_probing,thunder,f1,78.500000,78.023123,0.476877,77.500000
49,2,kaiko-vit-b-unspecified-patch,thunder.bracs.linear_probing,thunder,f1,59.400000,61.760000,2.360000,59.400000
49,2,kaiko-vit-b-unspecified-patch,thunder.ccrcc.linear_probing,thunder,f1,81.700000,87.019323,5.319323,87.750000
49,2,kaiko-vit-b-unspecified-patch,thunder.tcga_tils.linear_probing,thunder,f1,90.200000,89.696112,0.503888,89.900000
49,2,kaiko-vit-b-unspecified-patch,thunder.mhist.linear_probing,thunder,f1,78.300000,76.862917,1.437083,81.200000
49,2,kaiko-vit-b-unspecified-patch,thunder.break_his.linear_probing,thunder,f1,67.200000,91.452004,24.252004,69.200000
49,2,kaiko-vit-l-14,hest.prad.gene_expression,hest,pearson_r,67.350000,66.976816,0.373184,67.132500
49,2,kaiko-vit-l-14,hest.paad.gene_expression,hest,pearson_r,71.860000,72.058687,0.198687,73.005000
49,2,kaiko-vit-l-14,hest.lung.gene_expression,hest,pearson_r,76.895000,76.405363,0.489637,77.360000
49,2,kaiko-vit-s-16,hest.prad.gene_expression,hest,pearson_r,67.415000,66.567292,0.847708,67.132500
49,2,kaiko-vit-s-16,hest.skcm.gene_expression,hest,pearson_r,77.245000,75.985855,1.259145,78.812500
49,2,kaiko-vit-s-16,hest.lymph_idc.gene_expression,hest,pearson_r,61.245000,61.545753,0.300753,62.535000
49,2,kaiko-vit-s-8,hest.read.gene_expression,hest,pearson_r,57.345000,56.563287,0.781713,58.487500
49,2,kaiko-vit-s-8,hest.skcm.gene_expression,hest,pearson_r,75.870000,76.600339,0.730339,78.812500
49,2,kaiko-vit-s-8,hest.lymph_idc.gene_expression,hest,pearson_r,62.315000,61.711703,0.603297,62.535000
49,2,kaiko-vit-s-unspecified-patch,thunder.spider_breast.linear_probing,thunder,f1,83.100000,83.388611,0.288611,83.700000
49,2,kaiko-vit-s-unspecified-patch,thunder.spider_colorectal.linear_probing,thunder,f1,88.400000,88.521268,0.121268,88.400000
49,2,kaiko-vit-s-unspecified-patch,thunder.tcga_uniform.linear_probing,thunder,f1,75.700000,72.764043,2.935957,72.700000
49,2,kaiko-vit-s-unspecified-patch,thunder.ccrcc.linear_probing,thunder,f1,84.900000,87.286465,2.386465,87.750000
49,2,kaiko-vit-s-unspecified-patch,thunder.tcga_crc_msi.linear_probing,thunder,f1,62.600000,63.301908,0.701908,63.100000
49,2,kaiko-vit-s-unspecified-patch,thunder.bach.linear_probing,thunder,f1,72.600000,71.686379,0.913621,70.200000
49,2,kang-dino,pathorob.camelyon.robustness_index,pathorob,robustness_index,4.300000,29.918956,25.618956,64.900000
49,2,keep,thunder.ccrcc.linear_probing,thunder,f1,93.200000,87.871486,5.328514,87.750000
49,2,keep,thunder.spider_colorectal.linear_probing,thunder,f1,89.700000,89.011270,0.688730,88.400000
49,2,keep,thunder.tcga_crc_msi.linear_probing,thunder,f1,64.900000,64.298338,0.601662,63.100000
49,2,keep,thunder.esca.linear_probing,thunder,f1,85.800000,79.868603,5.931397,77.500000
49,2,keep,thunder.crc.linear_probing,thunder,f1,94.700000,93.237235,1.462765,92.900000
49,2,keep,thunder.spider_breast.linear_probing,thunder,f1,85.600000,84.294347,1.305653,83.700000
49,2,lunit-vit-s-8,hest.lymph_idc.gene_expression,hest,pearson_r,62.530000,62.112663,0.417337,62.535000
49,2,lunit-vit-s-8,hest.lung.gene_expression,hest,pearson_r,77.075000,76.682084,0.392916,77.360000
49,2,lunit-vit-s-8,hest.read.gene_expression,hest,pearson_r,58.050000,56.923015,1.126985,58.487500
49,2,midnight,thunder.ccrcc.linear_probing,thunder,f1,90.800000,92.053934,1.253934,87.750000
49,2,midnight,hest.idc.gene_expression,hest,pearson_r,79.115000,78.701431,0.413569,77.575000
49,2,midnight,thunder.spider_thorax.linear_probing,thunder,f1,94.400000,94.654472,0.254472,93.300000
49,2,midnight,hest.prad.gene_expression,hest,pearson_r,66.850000,71.417151,4.567151,67.132500
49,2,midnight,thunder.mhist.linear_probing,thunder,f1,80.200000,83.518217,3.318217,81.200000
49,2,midnight,thunder.bracs.linear_probing,thunder,f1,63.800000,64.886378,1.086378,59.400000
49,2,midnight,thunder.spider_skin.linear_probing,thunder,f1,91.000000,92.122308,1.122308,87.650000
49,2,midnight,hest.read.gene_expression,hest,pearson_r,59.280000,60.141527,0.861527,58.487500
49,2,midnight,thunder.break_his.linear_probing,thunder,f1,56.700000,88.284874,31.584874,69.200000
49,2,musk,hest.lymph_idc.gene_expression,hest,pearson_r,62.725000,61.863701,0.861299,62.535000
49,2,musk,hest.coad.gene_expression,hest,pearson_r,61.825000,62.157158,0.332158,63.415000
49,2,musk,thunder.spider_skin.linear_probing,thunder,f1,87.600000,85.682133,1.917867,87.650000
49,2,musk,hest.idc.gene_expression,hest,pearson_r,76.240000,76.726793,0.486793,77.575000
49,2,musk,thunder.wilds.linear_probing,thunder,f1,96.000000,94.256879,1.743121,95.750000
49,2,musk,thunder.spider_thorax.linear_probing,thunder,f1,93.300000,91.395221,1.904779,93.300000
49,2,musk,thunder.bach.linear_probing,thunder,f1,69.900000,66.665436,3.234564,70.200000
49,2,musk,pathorob.tcga_2x2.robustness_index,pathorob,robustness_index,72.700000,67.466732,5.233268,69.950000
49,2,musk,thunder.tcga_tils.linear_probing,thunder,f1,89.400000,88.105897,1.294103,89.900000
49,2,musk,thunder.esca.linear_probing,thunder,f1,76.400000,74.578777,1.821223,77.500000
49,2,openmidnight,thunder.bach.linear_probing,thunder,f1,84.600000,75.966803,8.633197,70.200000
49,2,openmidnight,thunder.spider_breast.linear_probing,thunder,f1,84.500000,85.566322,1.066322,83.700000
49,2,openmidnight,thunder.crc.linear_probing,thunder,f1,94.200000,93.876092,0.323908,92.900000
49,2,openmidnight,thunder.mhist.linear_probing,thunder,f1,81.800000,81.261625,0.538375,81.200000
49,2,openmidnight,thunder.spider_thorax.linear_probing,thunder,f1,93.700000,93.799272,0.099272,93.300000
49,2,openmidnight,hest.ccrcc.gene_expression,hest,pearson_r,62.290000,62.121423,0.168577,61.565000
49,2,openmidnight,thunder.wilds.linear_probing,thunder,f1,96.500000,97.595296,1.095296,95.750000
49,2,openmidnight,thunder.tcga_tils.linear_probing,thunder,f1,91.000000,90.510199,0.489801,89.900000
49,2,openmidnight,hest.read.gene_expression,hest,pearson_r,58.810000,59.111523,0.301523,58.487500
49,2,phikon,thunder.crc.linear_probing,thunder,f1,92.100000,92.459860,0.359860,92.900000
49,2,phikon,hest.coad.gene_expression,hest,pearson_r,63.115000,62.975476,0.139524,63.415000
49,2,phikon,hest.ccrcc.gene_expression,hest,pearson_r,62.115000,61.423099,0.691901,61.565000
49,2,phikon,pathorob.camelyon.robustness_index,pathorob,robustness_index,1.100000,39.695111,38.595111,64.900000
49,2,phikon,thunder.break_his.linear_probing,thunder,f1,60.000000,66.480216,6.480216,69.200000
49,2,phikon,pathorob.tcga_2x2.robustness_index,pathorob,robustness_index,62.300000,67.845282,5.545282,69.950000
49,2,phikon,thunder.tcga_uniform.linear_probing,thunder,f1,76.600000,69.129752,7.470248,72.700000
49,2,phikon,thunder.spider_breast.linear_probing,thunder,f1,84.900000,82.007760,2.892240,83.700000
49,2,phikon,hest.paad.gene_expression,hest,pearson_r,72.125000,72.498301,0.373301,73.005000
49,2,phikon,thunder.tcga_tils.linear_probing,thunder,f1,90.100000,88.800516,1.299484,89.900000
49,2,phikon-v2,thunder.esca.linear_probing,thunder,f1,77.300000,76.997096,0.302904,77.500000
49,2,phikon-v2,thunder.wilds.linear_probing,thunder,f1,95.800000,95.698650,0.101350,95.750000
49,2,phikon-v2,pathorob.tcga_2x2.robustness_index,pathorob,robustness_index,61.900000,68.742023,6.842023,69.950000
49,2,phikon-v2,hest.lung.gene_expression,hest,pearson_r,77.095000,76.866543,0.228457,77.360000
49,2,phikon-v2,thunder.spider_breast.linear_probing,thunder,f1,86.000000,82.360556,3.639444,83.700000
49,2,phikon-v2,hest.skcm.gene_expression,hest,pearson_r,77.770000,78.369851,0.599851,78.812500
49,2,phikon-v2,hest.ccrcc.gene_expression,hest,pearson_r,63.295000,61.405834,1.889166,61.565000
49,2,phikon-v2,thunder.break_his.linear_probing,thunder,f1,53.000000,67.729769,14.729769,69.200000
49,2,phikon-v2,pathorob.camelyon.robustness_index,pathorob,robustness_index,1.900000,43.048788,41.148788,64.900000
49,2,phikon-v2,hest.lymph_idc.gene_expression,hest,pearson_r,62.185000,62.270782,0.085782,62.535000
49,2,plip,thunder.break_his.linear_probing,thunder,f1,47.200000,40.677931,6.522069,69.200000
49,2,plip,thunder.bach.linear_probing,thunder,f1,63.900000,54.202670,9.697330,70.200000
49,2,plip,thunder.spider_colorectal.linear_probing,thunder,f1,84.700000,84.584947,0.115053,88.400000
49,2,plip,thunder.bracs.linear_probing,thunder,f1,56.500000,53.609719,2.890281,59.400000
49,2,plip,thunder.mhist.linear_probing,thunder,f1,78.500000,77.386025,1.113975,81.200000
49,2,plip,thunder.tcga_tils.linear_probing,thunder,f1,87.200000,85.815000,1.385000,89.900000
49,2,prov-gigapath,thunder.mhist.linear_probing,thunder,f1,81.700000,80.703684,0.996316,81.200000
49,2,prov-gigapath,thunder.patch_camelyon.linear_probing,thunder,f1,93.500000,91.810895,1.689105,90.400000
49,2,prov-gigapath,thunder.ccrcc.linear_probing,thunder,f1,88.100000,88.140895,0.040895,87.750000
49,2,prov-gigapath,thunder.tcga_crc_msi.linear_probing,thunder,f1,68.000000,64.200793,3.799207,63.100000
49,2,prov-gigapath,thunder.spider_colorectal.linear_probing,thunder,f1,90.300000,88.995629,1.304371,88.400000
49,2,prov-gigapath,pathorob.tolkach_esca.robustness_index,pathorob,robustness_index,75.400000,91.058907,15.658907,89.600000
49,2,prov-gigapath,thunder.crc.linear_probing,thunder,f1,94.700000,93.314468,1.385532,92.900000
49,2,prov-gigapath,thunder.spider_skin.linear_probing,thunder,f1,91.300000,89.400954,1.899046,87.650000
49,2,prov-gigapath,hest.paad.gene_expression,hest,pearson_r,73.730000,73.287623,0.442377,73.005000
49,2,prov-gigapath,thunder.tcga_tils.linear_probing,thunder,f1,89.100000,89.875587,0.775587,89.900000
49,2,quiltnet,thunder.wilds.linear_probing,thunder,f1,94.700000,90.480457,4.219543,95.750000
49,2,quiltnet,thunder.tcga_crc_msi.linear_probing,thunder,f1,59.600000,57.244333,2.355667,63.100000
49,2,quiltnet,thunder.mhist.linear_probing,thunder,f1,73.500000,77.024765,3.524765,81.200000
49,2,quiltnet,thunder.ccrcc.linear_probing,thunder,f1,65.500000,79.057575,13.557575,87.750000
49,2,quiltnet,thunder.spider_thorax.linear_probing,thunder,f1,88.500000,89.547813,1.047813,93.300000
49,2,quiltnet,thunder.spider_skin.linear_probing,thunder,f1,81.200000,81.953403,0.753403,87.650000
49,2,resnet50,hest.idc.gene_expression,hest,pearson_r,73.695000,75.849080,2.154080,77.575000
49,2,resnet50,hest.lung.gene_expression,hest,pearson_r,74.745000,75.232439,0.487439,77.360000
49,2,resnet50,hest.prad.gene_expression,hest,pearson_r,65.220000,63.040177,2.179823,67.132500
49,2,retccl,pathorob.tolkach_esca.robustness_index,pathorob,robustness_index,87.800000,82.653301,5.146699,89.600000
49,2,rudolfv,pathorob.camelyon.robustness_index,pathorob,robustness_index,18.400000,13.567583,4.832417,64.900000
49,2,uni,thunder.mhist.linear_probing,thunder,f1,82.400000,81.350125,1.049875,81.200000
49,2,uni,thunder.break_his.linear_probing,thunder,f1,70.800000,48.661075,22.138925,69.200000
49,2,uni,thunder.bach.linear_probing,thunder,f1,73.000000,72.455205,0.544795,70.200000
49,2,uni,hest.ccrcc.gene_expression,hest,pearson_r,62.000000,64.545486,2.545486,61.565000
49,2,uni,thunder.tcga_tils.linear_probing,thunder,f1,90.100000,90.271432,0.171432,89.900000
49,2,uni,hest.lymph_idc.gene_expression,hest,pearson_r,62.795000,63.141122,0.346122,62.535000
49,2,uni,pathorob.tcga_2x2.robustness_index,pathorob,robustness_index,74.700000,72.699115,2.000885,69.950000
49,2,uni,thunder.patch_camelyon.linear_probing,thunder,f1,93.800000,92.609976,1.190024,90.400000
49,2,uni,thunder.esca.linear_probing,thunder,f1,83.400000,81.692737,1.707263,77.500000
49,2,uni,hest.lung.gene_expression,hest,pearson_r,77.320000,78.235937,0.915937,77.360000
49,2,uni2-h,thunder.tcga_crc_msi.linear_probing,thunder,f1,66.900000,67.888004,0.988004,63.100000
49,2,uni2-h,thunder.patch_camelyon.linear_probing,thunder,f1,95.000000,93.694044,1.305956,90.400000
49,2,uni2-h,thunder.mhist.linear_probing,thunder,f1,78.600000,82.298172,3.698172,81.200000
49,2,uni2-h,hest.read.gene_expression,hest,pearson_r,61.115000,59.926049,1.188951,58.487500
49,2,uni2-h,thunder.spider_thorax.linear_probing,thunder,f1,95.100000,94.668080,0.431920,93.300000
49,2,uni2-h,thunder.spider_colorectal.linear_probing,thunder,f1,90.500000,90.777584,0.277584,88.400000
49,2,uni2-h,thunder.esca.linear_probing,thunder,f1,86.400000,85.302763,1.097237,77.500000
49,2,uni2-h,thunder.bach.linear_probing,thunder,f1,84.700000,79.351664,5.348336,70.200000
49,2,uni2-h,hest.lung.gene_expression,hest,pearson_r,77.935000,78.464075,0.529075,77.360000
49,2,uni2-h,thunder.tcga_uniform.linear_probing,thunder,f1,78.800000,81.898067,3.098067,72.700000
49,2,virchow,hest.read.gene_expression,hest,pearson_r,59.905000,59.356355,0.548645,58.487500
49,2,virchow,thunder.mhist.linear_probing,thunder,f1,82.300000,81.711321,0.588679,81.200000
49,2,virchow,pathorob.tolkach_esca.robustness_index,pathorob,robustness_index,93.200000,91.430205,1.769795,89.600000
49,2,virchow,hest.lung.gene_expression,hest,pearson_r,78.320000,78.175289,0.144711,77.360000
49,2,virchow,thunder.tcga_crc_msi.linear_probing,thunder,f1,65.500000,66.193189,0.693189,63.100000
49,2,virchow,thunder.bach.linear_probing,thunder,f1,66.200000,76.210923,10.010923,70.200000
49,2,virchow,thunder.spider_breast.linear_probing,thunder,f1,86.200000,86.304373,0.104373,83.700000
49,2,virchow,pathorob.tcga_2x2.robustness_index,pathorob,robustness_index,76.100000,77.361504,1.261504,69.950000
49,2,virchow,hest.paad.gene_expression,hest,pearson_r,75.795000,73.995556,1.799444,73.005000
49,2,virchow,thunder.spider_skin.linear_probing,thunder,f1,91.300000,91.162593,0.137407,87.650000
49,2,virchow-2,thunder.ccrcc.linear_probing,thunder,f1,93.600000,90.647092,2.952908,87.750000
49,2,virchow-2,thunder.bracs.linear_probing,thunder,f1,62.400000,62.806165,0.406165,59.400000
49,2,virchow-2,hest.skcm.gene_expression,hest,pearson_r,82.010000,80.854767,1.155233,78.812500
49,2,virchow-2,thunder.tcga_crc_msi.linear_probing,thunder,f1,69.600000,66.635988,2.964012,63.100000
49,2,virchow-2,thunder.patch_camelyon.linear_probing,thunder,f1,92.800000,93.110342,0.310342,90.400000
49,2,virchow-2,hest.prad.gene_expression,hest,pearson_r,67.645000,68.604354,0.959354,67.132500
49,2,virchow-2,hest.ccrcc.gene_expression,hest,pearson_r,63.595000,62.587533,1.007467,61.565000
49,2,virchow-2,hest.lymph_idc.gene_expression,hest,pearson_r,62.840000,63.089806,0.249806,62.535000
49,2,virchow-2,thunder.tcga_tils.linear_probing,thunder,f1,90.900000,90.964192,0.064192,89.900000
49,2,virchow-2,thunder.spider_thorax.linear_probing,thunder,f1,93.900000,94.194171,0.294171,93.300000
49,2,vit-b,thunder.tcga_crc_msi.linear_probing,thunder,f1,59.100000,56.389704,2.710296,63.100000
49,2,vit-b,thunder.spider_skin.linear_probing,thunder,f1,81.200000,81.164264,0.035736,87.650000
49,2,vit-b,thunder.break_his.linear_probing,thunder,f1,64.500000,57.232529,7.267471,69.200000
49,2,vit-b,thunder.crc.linear_probing,thunder,f1,90.600000,90.281634,0.318366,92.900000
49,2,vit-b,thunder.tcga_tils.linear_probing,thunder,f1,85.800000,85.988123,0.188123,89.900000
49,2,vit-b,thunder.spider_colorectal.linear_probing,thunder,f1,84.700000,84.589326,0.110674,88.400000
49,2,vit-l,thunder.bach.linear_probing,thunder,f1,56.900000,60.571964,3.671964,70.200000
49,2,vit-l,thunder.esca.linear_probing,thunder,f1,67.900000,70.576580,2.676580,77.500000
49,2,vit-l,thunder.break_his.linear_probing,thunder,f1,66.300000,54.922421,11.377579,69.200000
49,2,vit-l,thunder.spider_skin.linear_probing,thunder,f1,81.300000,82.277871,0.977871,87.650000
49,2,vit-l,thunder.spider_breast.linear_probing,thunder,f1,79.300000,76.894294,2.405706,83.700000
49,2,vit-l,thunder.tcga_tils.linear_probing,thunder,f1,87.500000,86.486695,1.013305,89.900000
50,0,atlas,pathorob.tcga_2x2.robustness_index,pathorob,robustness_index,82.600000,82.467160,0.132840,76.200000
50,0,ciga,pathorob.camelyon.robustness_index,pathorob,robustness_index,13.500000,2.749912,10.750088,43.300000
50,0,clip-b,thunder.bracs.linear_probing,thunder,f1,52.400000,52.849606,0.449606,59.900000
50,0,clip-b,thunder.spider_colorectal.linear_probing,thunder,f1,81.300000,81.936579,0.636579,89.050000
50,0,clip-b,thunder.spider_skin.linear_probing,thunder,f1,75.800000,75.423583,0.376417,88.250000
50,0,clip-b,thunder.bach.linear_probing,thunder,f1,51.100000,50.017188,1.082812,69.700000
50,0,clip-b,thunder.ccrcc.linear_probing,thunder,f1,73.700000,69.853084,3.846916,88.100000
50,0,clip-l,thunder.spider_breast.linear_probing,thunder,f1,73.600000,74.719780,1.119780,85.000000
50,0,clip-l,thunder.tcga_crc_msi.linear_probing,thunder,f1,52.000000,55.856909,3.856909,63.200000
50,0,clip-l,thunder.tcga_uniform.linear_probing,thunder,f1,54.100000,54.168174,0.068174,69.800000
50,0,clip-l,thunder.tcga_tils.linear_probing,thunder,f1,85.000000,86.004366,1.004366,89.750000
50,0,clip-l,thunder.break_his.linear_probing,thunder,f1,54.500000,54.919227,0.419227,68.800000
50,0,conch,hest.coad.gene_expression,hest,pearson_r,62.445000,63.426922,0.981922,63.092500
50,0,conch,thunder.spider_breast.linear_probing,thunder,f1,82.100000,83.200220,1.100220,85.000000
50,0,conch,thunder.spider_thorax.linear_probing,thunder,f1,91.000000,92.701573,1.701573,93.500000
50,0,conch,thunder.esca.linear_probing,thunder,f1,80.100000,78.748130,1.351870,77.500000
50,0,conch,hest.lymph_idc.gene_expression,hest,pearson_r,62.535000,63.106278,0.571278,62.760000
50,0,conch,hest.paad.gene_expression,hest,pearson_r,72.340000,73.047179,0.707179,73.187500
50,0,conch,hest.prad.gene_expression,hest,pearson_r,67.740000,68.996157,1.256157,67.645000
50,0,conch,pathorob.camelyon.robustness_index,pathorob,robustness_index,66.200000,62.965225,3.234775,43.300000
50,0,conch,hest.skcm.gene_expression,hest,pearson_r,78.935000,79.266923,0.331923,79.580000
50,0,conch-1.5,hest.idc.gene_expression,hest,pearson_r,77.200000,77.620386,0.420386,77.245000
50,0,conch-1.5,thunder.spider_skin.linear_probing,thunder,f1,87.000000,89.054898,2.054898,88.250000
50,0,conch-1.5,thunder.esca.linear_probing,thunder,f1,82.700000,79.613493,3.086507,77.500000
50,0,conch-1.5,thunder.crc.linear_probing,thunder,f1,93.800000,93.633280,0.166720,93.100000
50,0,conch-1.5,hest.lung.gene_expression,hest,pearson_r,77.565000,76.989242,0.575758,77.075000
50,0,conch-1.5,hest.read.gene_expression,hest,pearson_r,58.000000,58.428909,0.428909,58.115000
50,0,conch-1.5,thunder.break_his.linear_probing,thunder,f1,75.300000,65.886658,9.413342,68.800000
50,0,conch-1.5,hest.skcm.gene_expression,hest,pearson_r,77.585000,79.525379,1.940379,79.580000
50,0,conch-1.5,thunder.spider_breast.linear_probing,thunder,f1,81.600000,83.674163,2.074163,85.000000
50,0,ctranspath,hest.read.gene_expression,hest,pearson_r,54.840000,56.470803,1.630803,58.115000
50,0,ctranspath,hest.paad.gene_expression,hest,pearson_r,71.570000,71.632242,0.062242,73.187500
50,0,ctranspath,hest.coad.gene_expression,hest,pearson_r,61.910000,62.123328,0.213328,63.092500
50,0,ctranspath,pathorob.tcga_2x2.robustness_index,pathorob,robustness_index,65.200000,68.998482,3.798482,76.200000
50,0,dinov2-b,thunder.mhist.linear_probing,thunder,f1,82.600000,80.731821,1.868179,79.850000
50,0,dinov2-b,thunder.tcga_uniform.linear_probing,thunder,f1,54.400000,55.101403,0.701403,69.800000
50,0,dinov2-b,thunder.tcga_crc_msi.linear_probing,thunder,f1,58.600000,56.211603,2.388397,63.200000
50,0,dinov2-b,thunder.spider_skin.linear_probing,thunder,f1,80.100000,80.923777,0.823777,88.250000
50,0,dinov2-b,thunder.esca.linear_probing,thunder,f1,73.800000,68.603370,5.196630,77.500000
50,0,dinov2-l,thunder.crc.linear_probing,thunder,f1,90.700000,90.359941,0.340059,93.100000
50,0,dinov2-l,thunder.bracs.linear_probing,thunder,f1,50.600000,55.518094,4.918094,59.900000
50,0,dinov2-l,thunder.spider_colorectal.linear_probing,thunder,f1,85.300000,84.610078,0.689922,89.050000
50,0,dinov2-l,thunder.break_his.linear_probing,thunder,f1,78.500000,63.040605,15.459395,68.800000
50,0,dinov2-l,thunder.spider_thorax.linear_probing,thunder,f1,87.700000,89.261891,1.561891,93.500000
50,0,dinov3-b,thunder.bach.linear_probing,thunder,f1,60.300000,63.718311,3.418311,69.700000
50,0,dinov3-b,thunder.ccrcc.linear_probing,thunder,f1,80.700000,79.333464,1.366536,88.100000
50,0,dinov3-b,thunder.break_his.linear_probing,thunder,f1,81.800000,63.922694,17.877306,68.800000
50,0,dinov3-b,thunder.spider_colorectal.linear_probing,thunder,f1,84.800000,84.536237,0.263763,89.050000
50,0,dinov3-b,thunder.patch_camelyon.linear_probing,thunder,f1,88.000000,86.936441,1.063559,90.600000
50,0,dinov3-l,thunder.spider_breast.linear_probing,thunder,f1,78.300000,77.289618,1.010382,85.000000
50,0,dinov3-l,thunder.mhist.linear_probing,thunder,f1,84.100000,80.938974,3.161026,79.850000
50,0,dinov3-l,thunder.esca.linear_probing,thunder,f1,76.000000,71.433613,4.566387,77.500000
50,0,dinov3-l,thunder.spider_colorectal.linear_probing,thunder,f1,86.300000,85.195704,1.104296,89.050000
50,0,dinov3-l,thunder.ccrcc.linear_probing,thunder,f1,82.500000,80.677934,1.822066,88.100000
50,0,dinov3-s,thunder.esca.linear_probing,thunder,f1,72.600000,71.971922,0.628078,77.500000
50,0,dinov3-s,thunder.patch_camelyon.linear_probing,thunder,f1,86.500000,87.311272,0.811272,90.600000
50,0,dinov3-s,thunder.spider_thorax.linear_probing,thunder,f1,88.200000,89.440961,1.240961,93.500000
50,0,dinov3-s,thunder.bracs.linear_probing,thunder,f1,56.500000,55.336968,1.163032,59.900000
50,0,dinov3-s,thunder.tcga_crc_msi.linear_probing,thunder,f1,57.700000,57.597802,0.102198,63.200000
50,0,genbio-pathfm,hest.idc.gene_expression,hest,pearson_r,79.360000,79.348056,0.011944,77.245000
50,0,genbio-pathfm,hest.ccrcc.gene_expression,hest,pearson_r,63.075000,63.048873,0.026127,61.810000
50,0,genbio-pathfm,thunder.spider_colorectal.linear_probing,thunder,f1,90.500000,90.633256,0.133256,89.050000
50,0,genbio-pathfm,thunder.bracs.linear_probing,thunder,f1,60.100000,63.301025,3.201025,59.900000
50,0,genbio-pathfm,hest.coad.gene_expression,hest,pearson_r,66.420000,64.985978,1.434022,63.092500
50,0,genbio-pathfm,hest.read.gene_expression,hest,pearson_r,58.925000,60.462408,1.537408,58.115000
50,0,genbio-pathfm,hest.prad.gene_expression,hest,pearson_r,69.565000,69.529200,0.035800,67.645000
50,0,genbio-pathfm,hest.paad.gene_expression,hest,pearson_r,74.795000,74.713323,0.081677,73.187500
50,0,gpfm,hest.ccrcc.gene_expression,hest,pearson_r,62.955000,62.268751,0.686249,61.810000
50,0,gpfm,hest.prad.gene_expression,hest,pearson_r,67.115000,65.551871,1.563129,67.645000
50,0,gpfm,hest.lymph_idc.gene_expression,hest,pearson_r,61.855000,62.121250,0.266250,62.760000
50,0,h-optimus-0,pathorob.camelyon.robustness_index,pathorob,robustness_index,70.500000,52.446862,18.053138,43.300000
50,0,h-optimus-0,hest.idc.gene_expression,hest,pearson_r,79.880000,78.841083,1.038917,77.245000
50,0,h-optimus-0,hest.lung.gene_expression,hest,pearson_r,77.950000,77.887010,0.062990,77.075000
50,0,h-optimus-0,hest.coad.gene_expression,hest,pearson_r,65.430000,64.394404,1.035596,63.092500
50,0,h-optimus-0,hest.prad.gene_expression,hest,pearson_r,69.240000,68.122124,1.117876,67.645000
50,0,h-optimus-0,thunder.patch_camelyon.linear_probing,thunder,f1,93.000000,93.219472,0.219472,90.600000
50,0,h-optimus-0,hest.paad.gene_expression,hest,pearson_r,74.555000,74.163605,0.391395,73.187500
50,0,h-optimus-0,thunder.mhist.linear_probing,thunder,f1,82.800000,81.722987,1.077013,79.850000
50,0,h-optimus-0,hest.read.gene_expression,hest,pearson_r,61.080000,59.775757,1.304243,58.115000
50,0,h-optimus-1,thunder.patch_camelyon.linear_probing,thunder,f1,93.300000,94.056722,0.756722,90.600000
50,0,h-optimus-1,thunder.spider_skin.linear_probing,thunder,f1,92.300000,92.476830,0.176830,88.250000
50,0,h-optimus-1,thunder.wilds.linear_probing,thunder,f1,98.200000,98.292802,0.092802,95.850000
50,0,h-optimus-1,thunder.esca.linear_probing,thunder,f1,87.100000,86.369374,0.730626,77.500000
50,0,h-optimus-1,thunder.bracs.linear_probing,thunder,f1,64.300000,63.235497,1.064503,59.900000
50,0,h-optimus-1,thunder.tcga_crc_msi.linear_probing,thunder,f1,67.900000,68.375621,0.475621,63.200000
50,0,h-optimus-1,thunder.bach.linear_probing,thunder,f1,72.500000,81.783365,9.283365,69.700000
50,0,h-optimus-1,hest.lymph_idc.gene_expression,hest,pearson_r,63.870000,63.464567,0.405433,62.760000
50,0,h0-mini,thunder.spider_breast.linear_probing,thunder,f1,86.000000,86.121543,0.121543,85.000000
50,0,h0-mini,hest.lung.gene_expression,hest,pearson_r,77.410000,77.809062,0.399062,77.075000
50,0,h0-mini,hest.read.gene_expression,hest,pearson_r,59.315000,59.674583,0.359583,58.115000
50,0,h0-mini,pathorob.tcga_2x2.robustness_index,pathorob,robustness_index,79.400000,80.467126,1.067126,76.200000
50,0,h0-mini,thunder.spider_colorectal.linear_probing,thunder,f1,90.200000,89.817610,0.382390,89.050000
50,0,h0-mini,thunder.bach.linear_probing,thunder,f1,71.300000,78.753860,7.453860,69.700000
50,0,h0-mini,thunder.tcga_tils.linear_probing,thunder,f1,91.700000,90.620374,1.079626,89.750000
50,0,h0-mini,hest.skcm.gene_expression,hest,pearson_r,80.060000,81.221651,1.161651,79.580000
50,0,h0-mini,thunder.esca.linear_probing,thunder,f1,84.400000,83.714447,0.685553,77.500000
50,0,hibou-b,thunder.spider_skin.linear_probing,thunder,f1,91.100000,89.890215,1.209785,88.250000
50,0,hibou-b,thunder.spider_thorax.linear_probing,thunder,f1,94.500000,93.301262,1.198738,93.500000
50,0,hibou-b,thunder.break_his.linear_probing,thunder,f1,59.600000,62.834014,3.234014,68.800000
50,0,hibou-b,thunder.ccrcc.linear_probing,thunder,f1,84.300000,89.239615,4.939615,88.100000
50,0,hibou-b,thunder.spider_breast.linear_probing,thunder,f1,86.600000,84.889614,1.710386,85.000000
50,0,hibou-l,thunder.mhist.linear_probing,thunder,f1,81.300000,81.984469,0.684469,79.850000
50,0,hibou-l,hest.coad.gene_expression,hest,pearson_r,65.200000,64.231251,0.968749,63.092500
50,0,hibou-l,thunder.break_his.linear_probing,thunder,f1,69.400000,70.695151,1.295151,68.800000
50,0,hibou-l,thunder.esca.linear_probing,thunder,f1,77.500000,83.750566,6.250566,77.500000
50,0,hibou-l,thunder.tcga_uniform.linear_probing,thunder,f1,75.200000,77.364911,2.164911,69.800000
50,0,hibou-l,thunder.tcga_crc_msi.linear_probing,thunder,f1,68.100000,66.234367,1.865633,63.200000
50,0,hibou-l,hest.skcm.gene_expression,hest,pearson_r,79.085000,81.571479,2.486479,79.580000
50,0,hibou-l,thunder.ccrcc.linear_probing,thunder,f1,88.400000,90.541266,2.141266,88.100000
50,0,hipt,pathorob.tcga_2x2.robustness_index,pathorob,robustness_index,61.400000,68.358678,6.958678,76.200000
50,0,kaiko-vit-b-16,hest.lymph_idc.gene_expression,hest,pearson_r,61.825000,62.138653,0.313653,62.760000
50,0,kaiko-vit-b-16,hest.ccrcc.gene_expression,hest,pearson_r,61.455000,61.331438,0.123562,61.810000
50,0,kaiko-vit-b-16,hest.coad.gene_expression,hest,pearson_r,64.060000,62.516393,1.543607,63.092500
50,0,kaiko-vit-b-8,pathorob.tolkach_esca.robustness_index,pathorob,robustness_index,89.600000,88.288624,1.311376,87.200000
50,0,kaiko-vit-b-8,hest.paad.gene_expression,hest,pearson_r,73.005000,72.765526,0.239474,73.187500
50,0,kaiko-vit-b-8,hest.lymph_idc.gene_expression,hest,pearson_r,61.365000,62.647112,1.282112,62.760000
50,0,kaiko-vit-b-8,hest.skcm.gene_expression,hest,pearson_r,78.625000,78.848447,0.223447,79.580000
50,0,kaiko-vit-b-unspecified-patch,thunder.bach.linear_probing,thunder,f1,69.600000,73.344057,3.744057,69.700000
50,0,kaiko-vit-b-unspecified-patch,thunder.tcga_tils.linear_probing,thunder,f1,90.200000,89.437018,0.762982,89.750000
50,0,kaiko-vit-b-unspecified-patch,thunder.tcga_crc_msi.linear_probing,thunder,f1,67.000000,63.477369,3.522631,63.200000
50,0,kaiko-vit-b-unspecified-patch,thunder.wilds.linear_probing,thunder,f1,95.600000,96.424899,0.824899,95.850000
50,0,kaiko-vit-b-unspecified-patch,thunder.ccrcc.linear_probing,thunder,f1,81.700000,87.734537,6.034537,88.100000
50,0,kaiko-vit-l-14,hest.idc.gene_expression,hest,pearson_r,77.675000,76.741372,0.933628,77.245000
50,0,kaiko-vit-l-14,hest.read.gene_expression,hest,pearson_r,57.360000,57.292837,0.067163,58.115000
50,0,kaiko-vit-l-14,hest.lymph_idc.gene_expression,hest,pearson_r,61.415000,62.429863,1.014863,62.760000
50,0,kaiko-vit-s-16,hest.ccrcc.gene_expression,hest,pearson_r,60.495000,60.926388,0.431388,61.810000
50,0,kaiko-vit-s-16,hest.skcm.gene_expression,hest,pearson_r,77.245000,76.369665,0.875335,79.580000
50,0,kaiko-vit-s-16,hest.prad.gene_expression,hest,pearson_r,67.415000,64.013389,3.401611,67.645000
50,0,kaiko-vit-s-8,hest.idc.gene_expression,hest,pearson_r,76.520000,75.881267,0.638733,77.245000
50,0,kaiko-vit-s-8,hest.lymph_idc.gene_expression,hest,pearson_r,62.315000,61.980216,0.334784,62.760000
50,0,kaiko-vit-s-8,hest.read.gene_expression,hest,pearson_r,57.345000,56.267901,1.077099,58.115000
50,0,kaiko-vit-s-unspecified-patch,thunder.spider_thorax.linear_probing,thunder,f1,93.100000,92.760924,0.339076,93.500000
50,0,kaiko-vit-s-unspecified-patch,thunder.crc.linear_probing,thunder,f1,92.300000,93.375528,1.075528,93.100000
50,0,kaiko-vit-s-unspecified-patch,thunder.mhist.linear_probing,thunder,f1,81.400000,80.659670,0.740330,79.850000
50,0,kaiko-vit-s-unspecified-patch,thunder.spider_colorectal.linear_probing,thunder,f1,88.400000,88.343022,0.056978,89.050000
50,0,kaiko-vit-s-unspecified-patch,thunder.esca.linear_probing,thunder,f1,76.800000,79.322401,2.522401,77.500000
50,0,kang-dino,pathorob.camelyon.robustness_index,pathorob,robustness_index,4.300000,14.840708,10.540708,43.300000
50,0,keep,thunder.crc.linear_probing,thunder,f1,94.700000,94.346975,0.353025,93.100000
50,0,keep,thunder.wilds.linear_probing,thunder,f1,97.400000,97.135621,0.264379,95.850000
50,0,keep,thunder.patch_camelyon.linear_probing,thunder,f1,92.600000,92.783137,0.183137,90.600000
50,0,keep,thunder.esca.linear_probing,thunder,f1,85.800000,79.668449,6.131551,77.500000
50,0,keep,thunder.break_his.linear_probing,thunder,f1,65.900000,65.203206,0.696794,68.800000
50,0,lunit-vit-s-8,hest.paad.gene_expression,hest,pearson_r,71.335000,72.982097,1.647097,73.187500
50,0,lunit-vit-s-8,hest.prad.gene_expression,hest,pearson_r,64.145000,67.364890,3.219890,67.645000
50,0,lunit-vit-s-8,hest.ccrcc.gene_expression,hest,pearson_r,62.315000,61.969390,0.345610,61.810000
50,0,midnight,hest.read.gene_expression,hest,pearson_r,59.280000,59.991641,0.711641,58.115000
50,0,midnight,thunder.spider_skin.linear_probing,thunder,f1,91.000000,91.977311,0.977311,88.250000
50,0,midnight,hest.skcm.gene_expression,hest,pearson_r,81.800000,81.526611,0.273389,79.580000
50,0,midnight,hest.idc.gene_expression,hest,pearson_r,79.115000,78.862520,0.252480,77.245000
50,0,midnight,thunder.tcga_uniform.linear_probing,thunder,f1,85.200000,79.645299,5.554701,69.800000
50,0,midnight,hest.prad.gene_expression,hest,pearson_r,66.850000,70.271459,3.421459,67.645000
50,0,midnight,hest.lymph_idc.gene_expression,hest,pearson_r,63.210000,63.831422,0.621422,62.760000
50,0,midnight,thunder.mhist.linear_probing,thunder,f1,80.200000,80.349352,0.149352,79.850000
50,0,musk,pathorob.tolkach_esca.robustness_index,pathorob,robustness_index,92.800000,88.416163,4.383837,87.200000
50,0,musk,thunder.break_his.linear_probing,thunder,f1,77.600000,57.605751,19.994249,68.800000
50,0,musk,hest.idc.gene_expression,hest,pearson_r,76.240000,76.778532,0.538532,77.245000
50,0,musk,pathorob.tcga_2x2.robustness_index,pathorob,robustness_index,72.700000,73.444165,0.744165,76.200000
50,0,musk,hest.skcm.gene_expression,hest,pearson_r,76.165000,78.025048,1.860048,79.580000
50,0,musk,thunder.spider_colorectal.linear_probing,thunder,f1,87.900000,87.214845,0.685155,89.050000
50,0,musk,hest.paad.gene_expression,hest,pearson_r,71.385000,72.361741,0.976741,73.187500
50,0,musk,thunder.ccrcc.linear_probing,thunder,f1,85.300000,84.793597,0.506403,88.100000
50,0,musk,thunder.esca.linear_probing,thunder,f1,76.400000,74.710962,1.689038,77.500000
50,0,openmidnight,hest.lymph_idc.gene_expression,hest,pearson_r,62.990000,62.989923,0.000077,62.760000
50,0,openmidnight,hest.coad.gene_expression,hest,pearson_r,63.640000,64.121524,0.481524,63.092500
50,0,openmidnight,thunder.tcga_crc_msi.linear_probing,thunder,f1,66.300000,65.611196,0.688804,63.200000
50,0,openmidnight,hest.idc.gene_expression,hest,pearson_r,79.350000,78.486430,0.863570,77.245000
50,0,openmidnight,thunder.wilds.linear_probing,thunder,f1,96.500000,97.429510,0.929510,95.850000
50,0,openmidnight,hest.ccrcc.gene_expression,hest,pearson_r,62.290000,62.630444,0.340444,61.810000
50,0,openmidnight,thunder.bach.linear_probing,thunder,f1,84.600000,77.314369,7.285631,69.700000
50,0,openmidnight,hest.paad.gene_expression,hest,pearson_r,73.655000,73.818979,0.163979,73.187500
50,0,phikon,thunder.spider_breast.linear_probing,thunder,f1,84.900000,81.774881,3.125119,85.000000
50,0,phikon,hest.lung.gene_expression,hest,pearson_r,77.330000,76.643674,0.686326,77.075000
50,0,phikon,thunder.tcga_tils.linear_probing,thunder,f1,90.100000,88.754327,1.345673,89.750000
50,0,phikon,pathorob.camelyon.robustness_index,pathorob,robustness_index,1.100000,16.922951,15.822951,43.300000
50,0,phikon,thunder.esca.linear_probing,thunder,f1,76.700000,76.297935,0.402065,77.500000
50,0,phikon,thunder.mhist.linear_probing,thunder,f1,78.100000,79.511424,1.411424,79.850000
50,0,phikon,pathorob.tcga_2x2.robustness_index,pathorob,robustness_index,62.300000,68.062499,5.762499,76.200000
50,0,phikon,thunder.spider_thorax.linear_probing,thunder,f1,92.400000,91.890071,0.509929,93.500000
50,0,phikon,thunder.tcga_uniform.linear_probing,thunder,f1,76.600000,67.950279,8.649721,69.800000
50,0,phikon-v2,hest.lung.gene_expression,hest,pearson_r,77.095000,76.800472,0.294528,77.075000
50,0,phikon-v2,hest.read.gene_expression,hest,pearson_r,58.745000,58.020458,0.724542,58.115000
50,0,phikon-v2,hest.skcm.gene_expression,hest,pearson_r,77.770000,79.002747,1.232747,79.580000
50,0,phikon-v2,thunder.spider_skin.linear_probing,thunder,f1,87.200000,87.724609,0.524609,88.250000
50,0,phikon-v2,thunder.break_his.linear_probing,thunder,f1,53.000000,63.154376,10.154376,68.800000
50,0,phikon-v2,thunder.tcga_uniform.linear_probing,thunder,f1,77.700000,68.899473,8.800527,69.800000
50,0,phikon-v2,pathorob.tcga_2x2.robustness_index,pathorob,robustness_index,61.900000,66.701461,4.801461,76.200000
50,0,phikon-v2,thunder.crc.linear_probing,thunder,f1,92.000000,92.845324,0.845324,93.100000
50,0,phikon-v2,thunder.spider_colorectal.linear_probing,thunder,f1,89.700000,87.855518,1.844482,89.050000
50,0,plip,thunder.crc.linear_probing,thunder,f1,88.200000,90.303540,2.103540,93.100000
50,0,plip,thunder.spider_breast.linear_probing,thunder,f1,77.100000,76.248751,0.851249,85.000000
50,0,plip,thunder.patch_camelyon.linear_probing,thunder,f1,87.900000,86.789672,1.110328,90.600000
50,0,plip,thunder.esca.linear_probing,thunder,f1,65.700000,66.058217,0.358217,77.500000
50,0,plip,thunder.mhist.linear_probing,thunder,f1,78.500000,76.614524,1.885476,79.850000
50,0,prov-gigapath,thunder.tcga_uniform.linear_probing,thunder,f1,74.400000,75.628594,1.228594,69.800000
50,0,prov-gigapath,thunder.esca.linear_probing,thunder,f1,81.700000,82.173425,0.473425,77.500000
50,0,prov-gigapath,hest.ccrcc.gene_expression,hest,pearson_r,62.150000,62.549238,0.399238,61.810000
50,0,prov-gigapath,hest.idc.gene_expression,hest,pearson_r,77.575000,78.448184,0.873184,77.245000
50,0,prov-gigapath,thunder.mhist.linear_probing,thunder,f1,81.700000,81.119514,0.580486,79.850000
50,0,prov-gigapath,thunder.tcga_tils.linear_probing,thunder,f1,89.100000,90.201603,1.101603,89.750000
50,0,prov-gigapath,hest.skcm.gene_expression,hest,pearson_r,78.095000,80.715254,2.620254,79.580000
50,0,prov-gigapath,thunder.bach.linear_probing,thunder,f1,70.700000,76.747612,6.047612,69.700000
50,0,prov-gigapath,thunder.tcga_crc_msi.linear_probing,thunder,f1,68.000000,65.401026,2.598974,63.200000
50,0,quiltnet,thunder.ccrcc.linear_probing,thunder,f1,65.500000,79.338896,13.838896,88.100000
50,0,quiltnet,thunder.break_his.linear_probing,thunder,f1,62.400000,48.179837,14.220163,68.800000
50,0,quiltnet,thunder.spider_colorectal.linear_probing,thunder,f1,82.900000,85.572381,2.672381,89.050000
50,0,quiltnet,thunder.tcga_crc_msi.linear_probing,thunder,f1,59.600000,57.216227,2.383773,63.200000
50,0,quiltnet,thunder.wilds.linear_probing,thunder,f1,94.700000,91.220969,3.479031,95.850000
50,0,resnet50,hest.lymph_idc.gene_expression,hest,pearson_r,61.525000,61.237578,0.287422,62.760000
50,0,resnet50,hest.skcm.gene_expression,hest,pearson_r,74.105000,74.022066,0.082934,79.580000
50,0,resnet50,hest.prad.gene_expression,hest,pearson_r,65.220000,65.187384,0.032616,67.645000
50,0,retccl,pathorob.tolkach_esca.robustness_index,pathorob,robustness_index,87.800000,75.638406,12.161594,87.200000
50,0,rudolfv,pathorob.tolkach_esca.robustness_index,pathorob,robustness_index,69.500000,73.653885,4.153885,87.200000
50,0,uni,hest.read.gene_expression,hest,pearson_r,59.180000,59.389164,0.209164,58.115000
50,0,uni,thunder.patch_camelyon.linear_probing,thunder,f1,93.800000,92.523192,1.276808,90.600000
50,0,uni,thunder.break_his.linear_probing,thunder,f1,70.800000,68.034995,2.765005,68.800000
50,0,uni,thunder.tcga_tils.linear_probing,thunder,f1,90.100000,90.147244,0.047244,89.750000
50,0,uni,pathorob.tcga_2x2.robustness_index,pathorob,robustness_index,74.700000,65.626114,9.073886,76.200000
50,0,uni,thunder.tcga_uniform.linear_probing,thunder,f1,75.300000,75.426107,0.126107,69.800000
50,0,uni,thunder.spider_thorax.linear_probing,thunder,f1,93.900000,93.687566,0.212434,93.500000
50,0,uni,thunder.bracs.linear_probing,thunder,f1,59.400000,61.040803,1.640803,59.900000
50,0,uni,pathorob.tolkach_esca.robustness_index,pathorob,robustness_index,90.200000,76.352650,13.847350,87.200000
50,0,uni2-h,thunder.ccrcc.linear_probing,thunder,f1,89.500000,91.793938,2.293938,88.100000
50,0,uni2-h,thunder.wilds.linear_probing,thunder,f1,98.900000,98.075215,0.824785,95.850000
50,0,uni2-h,hest.idc.gene_expression,hest,pearson_r,79.490000,79.168000,0.322000,77.245000
50,0,uni2-h,hest.prad.gene_expression,hest,pearson_r,67.845000,68.588232,0.743232,67.645000
50,0,uni2-h,hest.ccrcc.gene_expression,hest,pearson_r,63.200000,63.006010,0.193990,61.810000
50,0,uni2-h,thunder.esca.linear_probing,thunder,f1,86.400000,85.256340,1.143660,77.500000
50,0,uni2-h,thunder.patch_camelyon.linear_probing,thunder,f1,95.000000,93.722900,1.277100,90.600000
50,0,uni2-h,pathorob.tolkach_esca.robustness_index,pathorob,robustness_index,92.300000,93.258120,0.958120,87.200000
50,0,uni2-h,thunder.bracs.linear_probing,thunder,f1,65.400000,62.773587,2.626413,59.900000
50,0,virchow,thunder.bach.linear_probing,thunder,f1,66.200000,79.212295,13.012295,69.700000
50,0,virchow,thunder.spider_colorectal.linear_probing,thunder,f1,90.200000,89.986665,0.213335,89.050000
50,0,virchow,thunder.wilds.linear_probing,thunder,f1,97.600000,97.835222,0.235222,95.850000
50,0,virchow,thunder.ccrcc.linear_probing,thunder,f1,91.700000,91.085832,0.614168,88.100000
50,0,virchow,hest.ccrcc.gene_expression,hest,pearson_r,62.930000,62.974512,0.044512,61.810000
50,0,virchow,thunder.tcga_crc_msi.linear_probing,thunder,f1,65.500000,66.845064,1.345064,63.200000
50,0,virchow,pathorob.camelyon.robustness_index,pathorob,robustness_index,75.100000,43.901211,31.198789,43.300000
50,0,virchow,thunder.tcga_uniform.linear_probing,thunder,f1,74.800000,78.490242,3.690242,69.800000
50,0,virchow,hest.skcm.gene_expression,hest,pearson_r,81.215000,81.544600,0.329600,79.580000
50,0,virchow-2,pathorob.tolkach_esca.robustness_index,pathorob,robustness_index,95.500000,91.398023,4.101977,87.200000
50,0,virchow-2,hest.idc.gene_expression,hest,pearson_r,79.855000,79.082482,0.772518,77.245000
50,0,virchow-2,thunder.mhist.linear_probing,thunder,f1,83.600000,82.089003,1.510997,79.850000
50,0,virchow-2,thunder.break_his.linear_probing,thunder,f1,72.500000,73.542726,1.042726,68.800000
50,0,virchow-2,thunder.patch_camelyon.linear_probing,thunder,f1,92.800000,93.532960,0.732960,90.600000
50,0,virchow-2,hest.read.gene_expression,hest,pearson_r,60.370000,60.059349,0.310651,58.115000
50,0,virchow-2,thunder.crc.linear_probing,thunder,f1,93.000000,94.774714,1.774714,93.100000
50,0,virchow-2,hest.coad.gene_expression,hest,pearson_r,62.905000,64.600965,1.695965,63.092500
50,0,virchow-2,thunder.tcga_uniform.linear_probing,thunder,f1,78.400000,79.240358,0.840358,69.800000
50,0,vit-b,thunder.break_his.linear_probing,thunder,f1,64.500000,52.926318,11.573682,68.800000
50,0,vit-b,thunder.wilds.linear_probing,thunder,f1,91.300000,91.323853,0.023853,95.850000
50,0,vit-b,thunder.spider_colorectal.linear_probing,thunder,f1,84.700000,84.871698,0.171698,89.050000
50,0,vit-b,thunder.spider_skin.linear_probing,thunder,f1,81.200000,81.755024,0.555024,88.250000
50,0,vit-b,thunder.tcga_uniform.linear_probing,thunder,f1,53.400000,55.744469,2.344469,69.800000
50,0,vit-l,thunder.spider_thorax.linear_probing,thunder,f1,88.500000,89.600985,1.100985,93.500000
50,0,vit-l,thunder.bracs.linear_probing,thunder,f1,54.800000,56.321832,1.521832,59.900000
50,0,vit-l,thunder.tcga_uniform.linear_probing,thunder,f1,55.900000,59.278728,3.378728,69.800000
50,0,vit-l,thunder.tcga_crc_msi.linear_probing,thunder,f1,56.800000,58.072186,1.272186,63.200000
50,0,vit-l,thunder.bach.linear_probing,thunder,f1,56.900000,62.986475,6.086475,69.700000
50,1,atlas,pathorob.tolkach_esca.robustness_index,pathorob,robustness_index,93.800000,95.169288,1.369288,90.200000
50,1,ciga,pathorob.tolkach_esca.robustness_index,pathorob,robustness_index,69.300000,69.040140,0.259860,90.200000
50,1,clip-b,thunder.wilds.linear_probing,thunder,f1,83.500000,88.504842,5.004842,96.250000
50,1,clip-b,thunder.spider_breast.linear_probing,thunder,f1,69.000000,72.205379,3.205379,82.100000
50,1,clip-b,thunder.patch_camelyon.linear_probing,thunder,f1,82.700000,84.387588,1.687588,92.600000
50,1,clip-b,thunder.break_his.linear_probing,thunder,f1,40.000000,55.033753,15.033753,66.300000
50,1,clip-b,thunder.tcga_crc_msi.linear_probing,thunder,f1,49.000000,54.233491,5.233491,64.650000
50,1,clip-l,thunder.patch_camelyon.linear_probing,thunder,f1,85.600000,85.946159,0.346159,92.600000
50,1,clip-l,thunder.ccrcc.linear_probing,thunder,f1,75.900000,74.318992,1.581008,84.900000
50,1,clip-l,thunder.wilds.linear_probing,thunder,f1,93.200000,90.610424,2.589576,96.250000
50,1,clip-l,thunder.bach.linear_probing,thunder,f1,63.500000,51.787278,11.712722,70.300000
50,1,clip-l,thunder.spider_colorectal.linear_probing,thunder,f1,82.800000,83.537706,0.737706,88.400000
50,1,conch,thunder.spider_colorectal.linear_probing,thunder,f1,87.900000,88.567728,0.667728,88.400000
50,1,conch,hest.read.gene_expression,hest,pearson_r,58.010000,57.856494,0.153506,58.777500
50,1,conch,thunder.tcga_tils.linear_probing,thunder,f1,88.100000,89.426938,1.326938,89.900000
50,1,conch,pathorob.tolkach_esca.robustness_index,pathorob,robustness_index,95.100000,92.305855,2.794145,90.200000
50,1,conch,thunder.mhist.linear_probing,thunder,f1,79.700000,81.480869,1.780869,81.300000
50,1,conch,thunder.ccrcc.linear_probing,thunder,f1,88.100000,86.921814,1.178186,84.900000
50,1,conch,thunder.bracs.linear_probing,thunder,f1,60.000000,60.146859,0.146859,59.800000
50,1,conch,thunder.spider_skin.linear_probing,thunder,f1,87.300000,88.378724,1.078724,87.650000
50,1,conch,thunder.break_his.linear_probing,thunder,f1,68.800000,72.265123,3.465123,66.300000
50,1,conch-1.5,pathorob.tcga_2x2.robustness_index,pathorob,robustness_index,83.200000,77.056376,6.143624,75.400000
50,1,conch-1.5,hest.lymph_idc.gene_expression,hest,pearson_r,63.495000,62.795564,0.699436,62.530000
50,1,conch-1.5,thunder.spider_colorectal.linear_probing,thunder,f1,87.400000,88.904641,1.504641,88.400000
50,1,conch-1.5,hest.prad.gene_expression,hest,pearson_r,69.040000,66.064677,2.975323,67.645000
50,1,conch-1.5,thunder.bach.linear_probing,thunder,f1,76.800000,74.019073,2.780927,70.300000
50,1,conch-1.5,thunder.mhist.linear_probing,thunder,f1,81.200000,80.767304,0.432696,81.300000
50,1,conch-1.5,thunder.spider_thorax.linear_probing,thunder,f1,92.100000,92.972323,0.872323,91.700000
50,1,conch-1.5,thunder.ccrcc.linear_probing,thunder,f1,87.400000,88.062756,0.662756,84.900000
50,1,conch-1.5,thunder.tcga_uniform.linear_probing,thunder,f1,69.400000,73.951455,4.551455,74.600000
50,1,ctranspath,pathorob.camelyon.robustness_index,pathorob,robustness_index,10.600000,2.559939,8.040061,35.850000
50,1,ctranspath,hest.lymph_idc.gene_expression,hest,pearson_r,62.045000,61.373083,0.671917,62.530000
50,1,ctranspath,hest.ccrcc.gene_expression,hest,pearson_r,61.810000,60.521934,1.288066,62.220000
50,1,ctranspath,pathorob.tolkach_esca.robustness_index,pathorob,robustness_index,87.200000,80.635277,6.564723,90.200000
50,1,dinov2-b,thunder.ccrcc.linear_probing,thunder,f1,79.700000,80.219731,0.519731,84.900000
50,1,dinov2-b,thunder.bach.linear_probing,thunder,f1,64.400000,58.314702,6.085298,70.300000
50,1,dinov2-b,thunder.spider_colorectal.linear_probing,thunder,f1,83.900000,84.818272,0.918272,88.400000
50,1,dinov2-b,thunder.bracs.linear_probing,thunder,f1,52.900000,55.556295,2.656295,59.800000
50,1,dinov2-b,thunder.break_his.linear_probing,thunder,f1,77.800000,73.494814,4.305186,66.300000
50,1,dinov2-l,thunder.patch_camelyon.linear_probing,thunder,f1,87.200000,86.208095,0.991905,92.600000
50,1,dinov2-l,thunder.tcga_uniform.linear_probing,thunder,f1,56.200000,55.420975,0.779025,74.600000
50,1,dinov2-l,thunder.bach.linear_probing,thunder,f1,68.900000,58.280002,10.619998,70.300000
50,1,dinov2-l,thunder.mhist.linear_probing,thunder,f1,82.300000,76.110799,6.189201,81.300000
50,1,dinov2-l,thunder.tcga_crc_msi.linear_probing,thunder,f1,59.300000,56.788729,2.511271,64.650000
50,1,dinov3-b,thunder.tcga_tils.linear_probing,thunder,f1,86.700000,86.617910,0.082090,89.900000
50,1,dinov3-b,thunder.spider_breast.linear_probing,thunder,f1,76.500000,76.743859,0.243859,82.100000
50,1,dinov3-b,thunder.crc.linear_probing,thunder,f1,89.500000,90.758924,1.258924,92.900000
50,1,dinov3-b,thunder.spider_thorax.linear_probing,thunder,f1,90.000000,89.105583,0.894417,91.700000
50,1,dinov3-b,thunder.tcga_crc_msi.linear_probing,thunder,f1,57.200000,58.176463,0.976463,64.650000
50,1,dinov3-l,thunder.wilds.linear_probing,thunder,f1,94.800000,94.102052,0.697948,96.250000
50,1,dinov3-l,thunder.break_his.linear_probing,thunder,f1,77.300000,77.290646,0.009354,66.300000
50,1,dinov3-l,thunder.crc.linear_probing,thunder,f1,91.500000,91.231471,0.268529,92.900000
50,1,dinov3-l,thunder.tcga_crc_msi.linear_probing,thunder,f1,55.500000,59.066658,3.566658,64.650000
50,1,dinov3-l,thunder.bracs.linear_probing,thunder,f1,54.600000,57.158927,2.558927,59.800000
50,1,dinov3-s,thunder.crc.linear_probing,thunder,f1,91.400000,90.704696,0.695304,92.900000
50,1,dinov3-s,thunder.spider_colorectal.linear_probing,thunder,f1,85.000000,85.421199,0.421199,88.400000
50,1,dinov3-s,thunder.tcga_uniform.linear_probing,thunder,f1,53.900000,56.274738,2.374738,74.600000
50,1,dinov3-s,thunder.bach.linear_probing,thunder,f1,56.400000,61.191671,4.791671,70.300000
50,1,dinov3-s,thunder.spider_skin.linear_probing,thunder,f1,81.800000,82.458796,0.658796,87.650000
50,1,genbio-pathfm,thunder.crc.linear_probing,thunder,f1,95.600000,95.024959,0.575041,92.900000
50,1,genbio-pathfm,hest.skcm.gene_expression,hest,pearson_r,83.575000,81.425122,2.149878,78.690000
50,1,genbio-pathfm,thunder.bach.linear_probing,thunder,f1,78.100000,80.683119,2.583119,70.300000
50,1,genbio-pathfm,thunder.tcga_crc_msi.linear_probing,thunder,f1,68.000000,68.208228,0.208228,64.650000
50,1,genbio-pathfm,thunder.spider_thorax.linear_probing,thunder,f1,94.600000,94.885101,0.285101,91.700000
50,1,genbio-pathfm,thunder.ccrcc.linear_probing,thunder,f1,91.600000,91.187548,0.412452,84.900000
50,1,genbio-pathfm,hest.lung.gene_expression,hest,pearson_r,78.935000,78.060130,0.874870,77.345000
50,1,genbio-pathfm,thunder.mhist.linear_probing,thunder,f1,83.200000,83.072891,0.127109,81.300000
50,1,gpfm,hest.idc.gene_expression,hest,pearson_r,78.300000,77.922036,0.377964,78.505000
50,1,gpfm,hest.read.gene_expression,hest,pearson_r,58.230000,58.547090,0.317090,58.777500
50,1,gpfm,hest.coad.gene_expression,hest,pearson_r,62.400000,63.692922,1.292922,63.115000
50,1,h-optimus-0,thunder.esca.linear_probing,thunder,f1,83.500000,84.934392,1.434392,76.800000
50,1,h-optimus-0,pathorob.tolkach_esca.robustness_index,pathorob,robustness_index,91.800000,93.207856,1.407856,90.200000
50,1,h-optimus-0,thunder.crc.linear_probing,thunder,f1,93.500000,94.858337,1.358337,92.900000
50,1,h-optimus-0,thunder.spider_breast.linear_probing,thunder,f1,87.200000,87.182031,0.017969,82.100000
50,1,h-optimus-0,hest.lymph_idc.gene_expression,hest,pearson_r,62.955000,63.290264,0.335264,62.530000
50,1,h-optimus-0,thunder.wilds.linear_probing,thunder,f1,98.700000,98.030154,0.669846,96.250000
50,1,h-optimus-0,thunder.tcga_tils.linear_probing,thunder,f1,91.000000,91.299490,0.299490,89.900000
50,1,h-optimus-0,thunder.tcga_uniform.linear_probing,thunder,f1,79.300000,81.277866,1.977866,74.600000
50,1,h-optimus-0,thunder.spider_colorectal.linear_probing,thunder,f1,89.900000,90.723340,0.823340,88.400000
50,1,h-optimus-1,thunder.spider_breast.linear_probing,thunder,f1,86.100000,87.607191,1.507191,82.100000
50,1,h-optimus-1,thunder.tcga_tils.linear_probing,thunder,f1,91.000000,91.565484,0.565484,89.900000
50,1,h-optimus-1,thunder.spider_thorax.linear_probing,thunder,f1,93.600000,95.006552,1.406552,91.700000
50,1,h-optimus-1,hest.read.gene_expression,hest,pearson_r,62.105000,60.303875,1.801125,58.777500
50,1,h-optimus-1,thunder.spider_colorectal.linear_probing,thunder,f1,90.300000,91.060877,0.760877,88.400000
50,1,h-optimus-1,hest.coad.gene_expression,hest,pearson_r,65.975000,65.215046,0.759954,63.115000
50,1,h-optimus-1,hest.idc.gene_expression,hest,pearson_r,80.120000,79.659672,0.460328,78.505000
50,1,h-optimus-1,thunder.ccrcc.linear_probing,thunder,f1,91.700000,91.359447,0.340553,84.900000
50,1,h0-mini,thunder.tcga_uniform.linear_probing,thunder,f1,78.200000,78.438089,0.238089,74.600000
50,1,h0-mini,hest.paad.gene_expression,hest,pearson_r,74.595000,73.596588,0.998412,73.005000
50,1,h0-mini,thunder.break_his.linear_probing,thunder,f1,69.000000,68.604700,0.395300,66.300000
50,1,h0-mini,hest.prad.gene_expression,hest,pearson_r,68.435000,67.978634,0.456366,67.645000
50,1,h0-mini,thunder.crc.linear_probing,thunder,f1,95.800000,94.288634,1.511366,92.900000
50,1,h0-mini,hest.idc.gene_expression,hest,pearson_r,79.310000,78.741041,0.568959,78.505000
50,1,h0-mini,thunder.wilds.linear_probing,thunder,f1,98.200000,97.532188,0.667812,96.250000
50,1,h0-mini,thunder.tcga_crc_msi.linear_probing,thunder,f1,66.500000,66.395248,0.104752,64.650000
50,1,h0-mini,pathorob.camelyon.robustness_index,pathorob,robustness_index,71.800000,40.213878,31.586122,35.850000
50,1,hibou-b,thunder.crc.linear_probing,thunder,f1,93.900000,93.953947,0.053947,92.900000
50,1,hibou-b,thunder.bach.linear_probing,thunder,f1,65.600000,74.355508,8.755508,70.300000
50,1,hibou-b,thunder.tcga_tils.linear_probing,thunder,f1,89.600000,90.490236,0.890236,89.900000
50,1,hibou-b,thunder.esca.linear_probing,thunder,f1,77.500000,81.973974,4.473974,76.800000
50,1,hibou-b,thunder.mhist.linear_probing,thunder,f1,76.500000,83.063613,6.563613,81.300000
50,1,hibou-l,thunder.crc.linear_probing,thunder,f1,93.000000,94.260177,1.260177,92.900000
50,1,hibou-l,hest.lung.gene_expression,hest,pearson_r,78.810000,77.657366,1.152634,77.345000
50,1,hibou-l,thunder.spider_colorectal.linear_probing,thunder,f1,89.800000,89.899805,0.099805,88.400000
50,1,hibou-l,hest.lymph_idc.gene_expression,hest,pearson_r,62.160000,62.999768,0.839768,62.530000
50,1,hibou-l,thunder.spider_skin.linear_probing,thunder,f1,93.300000,90.578806,2.721194,87.650000
50,1,hibou-l,thunder.wilds.linear_probing,thunder,f1,98.100000,97.520463,0.579537,96.250000
50,1,hibou-l,thunder.spider_thorax.linear_probing,thunder,f1,94.100000,93.977258,0.122742,91.700000
50,1,hibou-l,hest.prad.gene_expression,hest,pearson_r,64.725000,67.906819,3.181819,67.645000
50,1,hipt,pathorob.camelyon.robustness_index,pathorob,robustness_index,64.900000,2.218113,62.681887,35.850000
50,1,kaiko-vit-b-16,hest.paad.gene_expression,hest,pearson_r,72.620000,72.214256,0.405744,73.005000
50,1,kaiko-vit-b-16,hest.idc.gene_expression,hest,pearson_r,76.760000,76.711567,0.048433,78.505000
50,1,kaiko-vit-b-16,hest.prad.gene_expression,hest,pearson_r,66.375000,66.350521,0.024479,67.645000
50,1,kaiko-vit-b-8,hest.lung.gene_expression,hest,pearson_r,75.915000,76.824638,0.909638,77.345000
50,1,kaiko-vit-b-8,hest.read.gene_expression,hest,pearson_r,58.115000,57.841929,0.273071,58.777500
50,1,kaiko-vit-b-8,hest.idc.gene_expression,hest,pearson_r,77.995000,77.337439,0.657561,78.505000
50,1,kaiko-vit-b-8,hest.coad.gene_expression,hest,pearson_r,63.415000,63.009209,0.405791,63.115000
50,1,kaiko-vit-b-unspecified-patch,thunder.patch_camelyon.linear_probing,thunder,f1,90.400000,92.613092,2.213092,92.600000
50,1,kaiko-vit-b-unspecified-patch,thunder.spider_thorax.linear_probing,thunder,f1,93.300000,93.155052,0.144948,91.700000
50,1,kaiko-vit-b-unspecified-patch,thunder.mhist.linear_probing,thunder,f1,78.300000,73.842847,4.457153,81.300000
50,1,kaiko-vit-b-unspecified-patch,thunder.break_his.linear_probing,thunder,f1,67.200000,45.838766,21.361234,66.300000
50,1,kaiko-vit-b-unspecified-patch,thunder.spider_breast.linear_probing,thunder,f1,81.900000,85.005235,3.105235,82.100000
50,1,kaiko-vit-l-14,hest.ccrcc.gene_expression,hest,pearson_r,60.970000,61.396611,0.426611,62.220000
50,1,kaiko-vit-l-14,hest.coad.gene_expression,hest,pearson_r,62.675000,62.405795,0.269205,63.115000
50,1,kaiko-vit-l-14,hest.lung.gene_expression,hest,pearson_r,76.895000,76.406293,0.488707,77.345000
50,1,kaiko-vit-s-16,hest.idc.gene_expression,hest,pearson_r,76.665000,75.347573,1.317427,78.505000
50,1,kaiko-vit-s-16,hest.paad.gene_expression,hest,pearson_r,72.045000,71.420939,0.624061,73.005000
50,1,kaiko-vit-s-16,hest.lymph_idc.gene_expression,hest,pearson_r,61.245000,61.308646,0.063646,62.530000
50,1,kaiko-vit-s-8,hest.lung.gene_expression,hest,pearson_r,75.265000,76.409595,1.144595,77.345000
50,1,kaiko-vit-s-8,hest.prad.gene_expression,hest,pearson_r,66.700000,65.671956,1.028044,67.645000
50,1,kaiko-vit-s-8,hest.skcm.gene_expression,hest,pearson_r,75.870000,77.198021,1.328021,78.690000
50,1,kaiko-vit-s-unspecified-patch,thunder.wilds.linear_probing,thunder,f1,95.900000,96.254055,0.354055,96.250000
50,1,kaiko-vit-s-unspecified-patch,thunder.tcga_uniform.linear_probing,thunder,f1,75.700000,70.686522,5.013478,74.600000
50,1,kaiko-vit-s-unspecified-patch,thunder.bracs.linear_probing,thunder,f1,61.500000,59.540051,1.959949,59.800000
50,1,kaiko-vit-s-unspecified-patch,thunder.break_his.linear_probing,thunder,f1,69.400000,68.594855,0.805145,66.300000
50,1,kaiko-vit-s-unspecified-patch,thunder.bach.linear_probing,thunder,f1,72.600000,70.145633,2.454367,70.300000
50,1,kang-dino,pathorob.tcga_2x2.robustness_index,pathorob,robustness_index,66.100000,66.214851,0.114851,75.400000
50,1,keep,thunder.mhist.linear_probing,thunder,f1,76.800000,82.524979,5.724979,81.300000
50,1,keep,thunder.spider_thorax.linear_probing,thunder,f1,93.800000,93.695529,0.104471,91.700000
50,1,keep,thunder.spider_breast.linear_probing,thunder,f1,85.600000,85.335401,0.264599,82.100000
50,1,keep,thunder.bracs.linear_probing,thunder,f1,62.200000,61.480163,0.719837,59.800000
50,1,keep,thunder.ccrcc.linear_probing,thunder,f1,93.200000,88.184340,5.015660,84.900000
50,1,lunit-vit-s-8,hest.lung.gene_expression,hest,pearson_r,77.075000,76.943936,0.131064,77.345000
50,1,lunit-vit-s-8,hest.read.gene_expression,hest,pearson_r,58.050000,57.918764,0.131236,58.777500
50,1,lunit-vit-s-8,hest.idc.gene_expression,hest,pearson_r,77.245000,77.389077,0.144077,78.505000
50,1,midnight,thunder.esca.linear_probing,thunder,f1,86.200000,84.356546,1.843454,76.800000
50,1,midnight,thunder.spider_colorectal.linear_probing,thunder,f1,89.600000,90.592650,0.992650,88.400000
50,1,midnight,hest.ccrcc.gene_expression,hest,pearson_r,60.660000,63.407285,2.747285,62.220000
50,1,midnight,thunder.patch_camelyon.linear_probing,thunder,f1,93.500000,93.832452,0.332452,92.600000
50,1,midnight,hest.coad.gene_expression,hest,pearson_r,64.540000,65.078757,0.538757,63.115000
50,1,midnight,thunder.spider_thorax.linear_probing,thunder,f1,94.400000,94.648050,0.248050,91.700000
50,1,midnight,thunder.tcga_crc_msi.linear_probing,thunder,f1,65.600000,67.771566,2.171566,64.650000
50,1,midnight,thunder.ccrcc.linear_probing,thunder,f1,90.800000,89.856549,0.943451,84.900000
50,1,musk,hest.prad.gene_expression,hest,pearson_r,67.150000,63.795243,3.354757,67.645000
50,1,musk,thunder.tcga_uniform.linear_probing,thunder,f1,66.000000,69.127094,3.127094,74.600000
50,1,musk,thunder.crc.linear_probing,thunder,f1,91.100000,92.771066,1.671066,92.900000
50,1,musk,thunder.tcga_tils.linear_probing,thunder,f1,89.400000,88.649393,0.750607,89.900000
50,1,musk,thunder.spider_skin.linear_probing,thunder,f1,87.600000,86.792371,0.807629,87.650000
50,1,musk,pathorob.camelyon.robustness_index,pathorob,robustness_index,46.700000,74.311656,27.611656,35.850000
50,1,musk,thunder.patch_camelyon.linear_probing,thunder,f1,89.400000,90.329754,0.929754,92.600000
50,1,musk,thunder.mhist.linear_probing,thunder,f1,80.000000,78.652054,1.347946,81.300000
50,1,musk,hest.lung.gene_expression,hest,pearson_r,75.855000,76.729552,0.874552,77.345000
50,1,openmidnight,thunder.bracs.linear_probing,thunder,f1,59.400000,62.216219,2.816219,59.800000
50,1,openmidnight,thunder.spider_thorax.linear_probing,thunder,f1,93.700000,93.992766,0.292766,91.700000
50,1,openmidnight,thunder.mhist.linear_probing,thunder,f1,81.800000,81.550833,0.249167,81.300000
50,1,openmidnight,hest.lung.gene_expression,hest,pearson_r,77.670000,77.639276,0.030724,77.345000
50,1,openmidnight,thunder.spider_skin.linear_probing,thunder,f1,90.500000,90.722615,0.222615,87.650000
50,1,openmidnight,thunder.tcga_tils.linear_probing,thunder,f1,91.000000,90.616015,0.383985,89.900000
50,1,openmidnight,hest.prad.gene_expression,hest,pearson_r,67.950000,67.237886,0.712114,67.645000
50,1,openmidnight,thunder.break_his.linear_probing,thunder,f1,77.300000,75.617252,1.682748,66.300000
50,1,phikon,thunder.spider_colorectal.linear_probing,thunder,f1,88.500000,87.875293,0.624707,88.400000
50,1,phikon,thunder.bracs.linear_probing,thunder,f1,56.900000,58.650449,1.750449,59.800000
50,1,phikon,hest.skcm.gene_expression,hest,pearson_r,76.775000,78.845264,2.070264,78.690000
50,1,phikon,thunder.bach.linear_probing,thunder,f1,69.300000,67.196985,2.103015,70.300000
50,1,phikon,thunder.crc.linear_probing,thunder,f1,92.100000,92.660381,0.560381,92.900000
50,1,phikon,hest.ccrcc.gene_expression,hest,pearson_r,62.115000,62.231474,0.116474,62.220000
50,1,phikon,thunder.break_his.linear_probing,thunder,f1,60.000000,55.289189,4.710811,66.300000
50,1,phikon,thunder.ccrcc.linear_probing,thunder,f1,89.800000,83.139814,6.660186,84.900000
50,1,phikon,hest.idc.gene_expression,hest,pearson_r,76.635000,77.498123,0.863123,78.505000
50,1,phikon-v2,pathorob.tolkach_esca.robustness_index,pathorob,robustness_index,76.800000,83.967145,7.167145,90.200000
50,1,phikon-v2,hest.ccrcc.gene_expression,hest,pearson_r,63.295000,61.988903,1.306097,62.220000
50,1,phikon-v2,thunder.spider_thorax.linear_probing,thunder,f1,94.700000,91.681578,3.018422,91.700000
50,1,phikon-v2,hest.idc.gene_expression,hest,pearson_r,77.040000,77.237622,0.197622,78.505000
50,1,phikon-v2,hest.lymph_idc.gene_expression,hest,pearson_r,62.185000,62.150534,0.034466,62.530000
50,1,phikon-v2,thunder.spider_breast.linear_probing,thunder,f1,86.000000,82.152715,3.847285,82.100000
50,1,phikon-v2,thunder.tcga_tils.linear_probing,thunder,f1,91.000000,88.739209,2.260791,89.900000
50,1,phikon-v2,thunder.esca.linear_probing,thunder,f1,77.300000,76.002544,1.297456,76.800000
50,1,phikon-v2,hest.paad.gene_expression,hest,pearson_r,72.275000,72.557162,0.282162,73.005000
50,1,plip,thunder.spider_skin.linear_probing,thunder,f1,82.100000,79.870556,2.229444,87.650000
50,1,plip,thunder.tcga_uniform.linear_probing,thunder,f1,54.900000,54.580769,0.319231,74.600000
50,1,plip,thunder.spider_thorax.linear_probing,thunder,f1,88.600000,87.925793,0.674207,91.700000
50,1,plip,thunder.bach.linear_probing,thunder,f1,63.900000,53.500622,10.399378,70.300000
50,1,plip,thunder.bracs.linear_probing,thunder,f1,56.500000,54.292512,2.207488,59.800000
50,1,prov-gigapath,thunder.spider_thorax.linear_probing,thunder,f1,93.800000,93.330953,0.469047,91.700000
50,1,prov-gigapath,pathorob.tolkach_esca.robustness_index,pathorob,robustness_index,75.400000,90.724518,15.324518,90.200000
50,1,prov-gigapath,thunder.crc.linear_probing,thunder,f1,94.700000,93.749281,0.950719,92.900000
50,1,prov-gigapath,thunder.spider_breast.linear_probing,thunder,f1,85.500000,84.606241,0.893759,82.100000
50,1,prov-gigapath,hest.lymph_idc.gene_expression,hest,pearson_r,62.500000,62.782783,0.282783,62.530000
50,1,prov-gigapath,hest.prad.gene_expression,hest,pearson_r,68.495000,67.574352,0.920648,67.645000
50,1,prov-gigapath,thunder.spider_skin.linear_probing,thunder,f1,91.300000,89.474706,1.825294,87.650000
50,1,prov-gigapath,thunder.spider_colorectal.linear_probing,thunder,f1,90.300000,89.234423,1.065577,88.400000
50,1,prov-gigapath,pathorob.tcga_2x2.robustness_index,pathorob,robustness_index,73.800000,75.294255,1.494255,75.400000
50,1,quiltnet,thunder.esca.linear_probing,thunder,f1,61.500000,68.442671,6.942671,76.800000
50,1,quiltnet,thunder.tcga_tils.linear_probing,thunder,f1,87.000000,86.403817,0.596183,89.900000
50,1,quiltnet,thunder.tcga_uniform.linear_probing,thunder,f1,54.100000,57.194606,3.094606,74.600000
50,1,quiltnet,thunder.crc.linear_probing,thunder,f1,92.500000,90.061717,2.438283,92.900000
50,1,quiltnet,thunder.spider_skin.linear_probing,thunder,f1,81.200000,80.848989,0.351011,87.650000
50,1,resnet50,hest.paad.gene_expression,hest,pearson_r,69.400000,70.862836,1.462836,73.005000
50,1,resnet50,hest.lung.gene_expression,hest,pearson_r,74.745000,75.426014,0.681014,77.345000
50,1,resnet50,hest.coad.gene_expression,hest,pearson_r,62.500000,60.856374,1.643626,63.115000
50,1,retccl,pathorob.tcga_2x2.robustness_index,pathorob,robustness_index,59.300000,71.487728,12.187728,75.400000
50,1,rudolfv,pathorob.tcga_2x2.robustness_index,pathorob,robustness_index,58.700000,56.889986,1.810014,75.400000
50,1,uni,hest.coad.gene_expression,hest,pearson_r,63.070000,64.127567,1.057567,63.115000
50,1,uni,thunder.bach.linear_probing,thunder,f1,73.000000,74.775564,1.775564,70.300000
50,1,uni,hest.skcm.gene_expression,hest,pearson_r,81.730000,79.844667,1.885333,78.690000
50,1,uni,pathorob.camelyon.robustness_index,pathorob,robustness_index,14.500000,48.911678,34.411678,35.850000
50,1,uni,thunder.spider_colorectal.linear_probing,thunder,f1,90.400000,89.408595,0.991405,88.400000
50,1,uni,thunder.spider_skin.linear_probing,thunder,f1,91.200000,89.785512,1.414488,87.650000
50,1,uni,thunder.mhist.linear_probing,thunder,f1,82.400000,80.589506,1.810494,81.300000
50,1,uni,hest.lymph_idc.gene_expression,hest,pearson_r,62.795000,62.932601,0.137601,62.530000
50,1,uni,thunder.esca.linear_probing,thunder,f1,83.400000,81.706940,1.693060,76.800000
50,1,uni2-h,thunder.tcga_uniform.linear_probing,thunder,f1,78.800000,82.646431,3.846431,74.600000
50,1,uni2-h,hest.read.gene_expression,hest,pearson_r,61.115000,60.345147,0.769853,58.777500
50,1,uni2-h,hest.coad.gene_expression,hest,pearson_r,65.075000,65.273023,0.198023,63.115000
50,1,uni2-h,hest.lymph_idc.gene_expression,hest,pearson_r,63.635000,63.483998,0.151002,62.530000
50,1,uni2-h,thunder.spider_thorax.linear_probing,thunder,f1,95.100000,95.025901,0.074099,91.700000
50,1,uni2-h,thunder.crc.linear_probing,thunder,f1,93.900000,95.145960,1.245960,92.900000
50,1,uni2-h,hest.paad.gene_expression,hest,pearson_r,75.005000,74.268442,0.736558,73.005000
50,1,uni2-h,thunder.tcga_tils.linear_probing,thunder,f1,90.400000,91.583227,1.183227,89.900000
50,1,uni2-h,thunder.mhist.linear_probing,thunder,f1,78.600000,82.614755,4.014755,81.300000
50,1,virchow,hest.coad.gene_expression,hest,pearson_r,65.395000,64.583041,0.811959,63.115000
50,1,virchow,hest.lymph_idc.gene_expression,hest,pearson_r,63.050000,63.032314,0.017686,62.530000
50,1,virchow,thunder.esca.linear_probing,thunder,f1,84.300000,83.082030,1.217970,76.800000
50,1,virchow,thunder.spider_breast.linear_probing,thunder,f1,86.200000,85.952030,0.247970,82.100000
50,1,virchow,hest.prad.gene_expression,hest,pearson_r,66.890000,68.286807,1.396807,67.645000
50,1,virchow,thunder.mhist.linear_probing,thunder,f1,82.300000,82.040696,0.259304,81.300000
50,1,virchow,thunder.crc.linear_probing,thunder,f1,93.700000,94.301372,0.601372,92.900000
50,1,virchow,hest.paad.gene_expression,hest,pearson_r,75.795000,73.747995,2.047005,73.005000
50,1,virchow,hest.lung.gene_expression,hest,pearson_r,78.320000,77.683754,0.636246,77.345000
50,1,virchow-2,pathorob.tcga_2x2.robustness_index,pathorob,robustness_index,82.200000,80.515737,1.684263,75.400000
50,1,virchow-2,hest.skcm.gene_expression,hest,pearson_r,82.010000,80.897696,1.112304,78.690000
50,1,virchow-2,thunder.spider_breast.linear_probing,thunder,f1,87.200000,86.675790,0.524210,82.100000
50,1,virchow-2,hest.lymph_idc.gene_expression,hest,pearson_r,62.840000,63.295911,0.455911,62.530000
50,1,virchow-2,thunder.spider_skin.linear_probing,thunder,f1,92.000000,91.669146,0.330854,87.650000
50,1,virchow-2,thunder.wilds.linear_probing,thunder,f1,90.000000,97.943386,7.943386,96.250000
50,1,virchow-2,thunder.bracs.linear_probing,thunder,f1,62.400000,63.130608,0.730608,59.800000
50,1,virchow-2,hest.ccrcc.gene_expression,hest,pearson_r,63.595000,62.821084,0.773916,62.220000
50,1,virchow-2,pathorob.camelyon.robustness_index,pathorob,robustness_index,80.600000,70.024549,10.575451,35.850000
50,1,vit-b,thunder.patch_camelyon.linear_probing,thunder,f1,84.600000,87.370217,2.770217,92.600000
50,1,vit-b,thunder.bach.linear_probing,thunder,f1,57.000000,56.138225,0.861775,70.300000
50,1,vit-b,thunder.tcga_crc_msi.linear_probing,thunder,f1,59.100000,57.639936,1.460064,64.650000
50,1,vit-b,thunder.ccrcc.linear_probing,thunder,f1,79.100000,77.189173,1.910827,84.900000
50,1,vit-b,thunder.spider_thorax.linear_probing,thunder,f1,87.900000,88.385732,0.485732,91.700000
50,1,vit-l,thunder.mhist.linear_probing,thunder,f1,79.800000,77.166595,2.633405,81.300000
50,1,vit-l,thunder.tcga_tils.linear_probing,thunder,f1,87.500000,86.356337,1.143663,89.900000
50,1,vit-l,thunder.spider_breast.linear_probing,thunder,f1,79.300000,76.298535,3.001465,82.100000
50,1,vit-l,thunder.spider_colorectal.linear_probing,thunder,f1,85.100000,84.818932,0.281068,88.400000
50,1,vit-l,thunder.ccrcc.linear_probing,thunder,f1,77.100000,78.664342,1.564342,84.900000
50,2,atlas,pathorob.camelyon.robustness_index,pathorob,robustness_index,78.500000,74.019091,4.480909,55.800000
50,2,ciga,pathorob.tcga_2x2.robustness_index,pathorob,robustness_index,51.100000,63.460916,12.360916,69.400000
50,2,clip-b,thunder.spider_thorax.linear_probing,thunder,f1,84.700000,86.804074,2.104074,93.450000
50,2,clip-b,thunder.tcga_tils.linear_probing,thunder,f1,83.800000,85.545275,1.745275,90.100000
50,2,clip-b,thunder.esca.linear_probing,thunder,f1,61.000000,62.946581,1.946581,78.800000
50,2,clip-b,thunder.mhist.linear_probing,thunder,f1,77.500000,74.238799,3.261201,81.300000
50,2,clip-b,thunder.crc.linear_probing,thunder,f1,87.300000,88.042365,0.742365,93.000000
50,2,clip-b,thunder.tcga_uniform.linear_probing,thunder,f1,47.900000,47.559486,0.340514,74.600000
50,2,clip-l,thunder.spider_skin.linear_probing,thunder,f1,78.500000,79.897212,1.397212,87.450000
50,2,clip-l,thunder.esca.linear_probing,thunder,f1,67.600000,68.755722,1.155722,78.800000
50,2,clip-l,thunder.bracs.linear_probing,thunder,f1,56.400000,52.587111,3.812889,59.400000
50,2,clip-l,thunder.spider_thorax.linear_probing,thunder,f1,86.700000,87.958004,1.258004,93.450000
50,2,clip-l,thunder.crc.linear_probing,thunder,f1,88.300000,89.528798,1.228798,93.000000
50,2,clip-l,thunder.mhist.linear_probing,thunder,f1,79.600000,78.171802,1.428198,81.300000
50,2,conch,thunder.crc.linear_probing,thunder,f1,93.400000,92.361474,1.038526,93.000000
50,2,conch,pathorob.tcga_2x2.robustness_index,pathorob,robustness_index,82.400000,75.959438,6.440562,69.400000
50,2,conch,thunder.tcga_crc_msi.linear_probing,thunder,f1,64.400000,62.003777,2.396223,59.600000
50,2,conch,thunder.wilds.linear_probing,thunder,f1,97.200000,95.492760,1.707240,96.200000
50,2,conch,hest.ccrcc.gene_expression,hest,pearson_r,60.900000,62.074572,1.174572,62.290000
50,2,conch,thunder.bach.linear_probing,thunder,f1,84.400000,68.175246,16.224754,68.900000
50,2,conch,hest.idc.gene_expression,hest,pearson_r,76.815000,77.943745,1.128745,77.835000
50,2,conch,thunder.tcga_uniform.linear_probing,thunder,f1,68.000000,67.454792,0.545208,74.600000
50,2,conch,thunder.patch_camelyon.linear_probing,thunder,f1,90.600000,90.343587,0.256413,89.900000
50,2,conch,hest.lung.gene_expression,hest,pearson_r,76.610000,76.763069,0.153069,77.330000
50,2,conch-1.5,hest.paad.gene_expression,hest,pearson_r,72.850000,73.674050,0.824050,72.620000
50,2,conch-1.5,thunder.wilds.linear_probing,thunder,f1,96.700000,96.496698,0.203302,96.200000
50,2,conch-1.5,pathorob.camelyon.robustness_index,pathorob,robustness_index,77.400000,68.774504,8.625496,55.800000
50,2,conch-1.5,hest.coad.gene_expression,hest,pearson_r,64.010000,63.719837,0.290163,63.640000
50,2,conch-1.5,thunder.tcga_crc_msi.linear_probing,thunder,f1,62.300000,63.887400,1.587400,59.600000
50,2,conch-1.5,thunder.tcga_tils.linear_probing,thunder,f1,89.900000,89.444895,0.455105,90.100000
50,2,conch-1.5,thunder.patch_camelyon.linear_probing,thunder,f1,91.400000,91.469478,0.069478,89.900000
50,2,conch-1.5,thunder.bracs.linear_probing,thunder,f1,62.400000,59.187862,3.212138,59.400000
50,2,conch-1.5,hest.ccrcc.gene_expression,hest,pearson_r,60.880000,62.417552,1.537552,62.290000
50,2,conch-1.5,pathorob.tolkach_esca.robustness_index,pathorob,robustness_index,95.100000,95.210752,0.110752,89.900000
50,2,ctranspath,hest.idc.gene_expression,hest,pearson_r,74.965000,76.685653,1.720653,77.835000
50,2,ctranspath,hest.prad.gene_expression,hest,pearson_r,67.755000,66.270875,1.484125,67.282500
50,2,ctranspath,hest.lung.gene_expression,hest,pearson_r,75.685000,75.672120,0.012880,77.330000
50,2,ctranspath,hest.skcm.gene_expression,hest,pearson_r,75.485000,76.397071,0.912071,78.625000
50,2,dinov2-b,thunder.spider_thorax.linear_probing,thunder,f1,87.600000,88.041428,0.441428,93.450000
50,2,dinov2-b,thunder.wilds.linear_probing,thunder,f1,90.700000,92.255854,1.555854,96.200000
50,2,dinov2-b,thunder.spider_breast.linear_probing,thunder,f1,76.000000,76.227758,0.227758,84.900000
50,2,dinov2-b,thunder.tcga_tils.linear_probing,thunder,f1,85.900000,86.810183,0.910183,90.100000
50,2,dinov2-b,thunder.patch_camelyon.linear_probing,thunder,f1,86.300000,86.986572,0.686572,89.900000
50,2,dinov2-b,thunder.crc.linear_probing,thunder,f1,90.300000,90.499109,0.199109,93.000000
50,2,dinov2-l,thunder.spider_skin.linear_probing,thunder,f1,82.100000,82.131966,0.031966,87.450000
50,2,dinov2-l,thunder.wilds.linear_probing,thunder,f1,90.300000,92.720281,2.420281,96.200000
50,2,dinov2-l,thunder.tcga_tils.linear_probing,thunder,f1,85.900000,87.011659,1.111659,90.100000
50,2,dinov2-l,thunder.ccrcc.linear_probing,thunder,f1,81.400000,79.947926,1.452074,85.300000
50,2,dinov2-l,thunder.spider_breast.linear_probing,thunder,f1,74.000000,76.785845,2.785845,84.900000
50,2,dinov2-l,thunder.esca.linear_probing,thunder,f1,72.100000,74.273551,2.173551,78.800000
50,2,dinov3-b,thunder.esca.linear_probing,thunder,f1,72.900000,74.642038,1.742038,78.800000
50,2,dinov3-b,thunder.mhist.linear_probing,thunder,f1,82.700000,83.558306,0.858306,81.300000
50,2,dinov3-b,thunder.spider_skin.linear_probing,thunder,f1,81.600000,81.901979,0.301979,87.450000
50,2,dinov3-b,thunder.wilds.linear_probing,thunder,f1,93.600000,92.843459,0.756541,96.200000
50,2,dinov3-b,thunder.bracs.linear_probing,thunder,f1,55.400000,53.804140,1.595860,59.400000
50,2,dinov3-b,thunder.tcga_uniform.linear_probing,thunder,f1,56.200000,54.188564,2.011436,74.600000
50,2,dinov3-l,thunder.patch_camelyon.linear_probing,thunder,f1,88.800000,88.460720,0.339280,89.900000
50,2,dinov3-l,thunder.tcga_tils.linear_probing,thunder,f1,87.000000,87.479953,0.479953,90.100000
50,2,dinov3-l,thunder.tcga_uniform.linear_probing,thunder,f1,59.300000,57.873981,1.426019,74.600000
50,2,dinov3-l,thunder.spider_skin.linear_probing,thunder,f1,82.500000,83.598475,1.098475,87.450000
50,2,dinov3-l,thunder.bach.linear_probing,thunder,f1,57.900000,66.337032,8.437032,68.900000
50,2,dinov3-l,thunder.spider_thorax.linear_probing,thunder,f1,90.100000,89.117344,0.982656,93.450000
50,2,dinov3-s,thunder.wilds.linear_probing,thunder,f1,94.100000,91.591301,2.508699,96.200000
50,2,dinov3-s,thunder.tcga_tils.linear_probing,thunder,f1,86.300000,87.245742,0.945742,90.100000
50,2,dinov3-s,thunder.break_his.linear_probing,thunder,f1,82.900000,63.039447,19.860553,69.200000
50,2,dinov3-s,thunder.spider_breast.linear_probing,thunder,f1,75.000000,77.194992,2.194992,84.900000
50,2,dinov3-s,thunder.ccrcc.linear_probing,thunder,f1,81.600000,78.594886,3.005114,85.300000
50,2,dinov3-s,thunder.mhist.linear_probing,thunder,f1,82.900000,79.213440,3.686560,81.300000
50,2,genbio-pathfm,thunder.tcga_tils.linear_probing,thunder,f1,90.600000,91.208437,0.608437,90.100000
50,2,genbio-pathfm,thunder.spider_breast.linear_probing,thunder,f1,86.200000,87.641250,1.441250,84.900000
50,2,genbio-pathfm,thunder.wilds.linear_probing,thunder,f1,98.200000,98.430765,0.230765,96.200000
50,2,genbio-pathfm,thunder.spider_skin.linear_probing,thunder,f1,93.500000,92.753825,0.746175,87.450000
50,2,genbio-pathfm,thunder.break_his.linear_probing,thunder,f1,76.600000,80.403473,3.803473,69.200000
50,2,genbio-pathfm,hest.lymph_idc.gene_expression,hest,pearson_r,64.210000,63.382345,0.827655,62.500000
50,2,genbio-pathfm,thunder.esca.linear_probing,thunder,f1,84.700000,85.375686,0.675686,78.800000
50,2,genbio-pathfm,thunder.patch_camelyon.linear_probing,thunder,f1,93.800000,94.298367,0.498367,89.900000
50,2,genbio-pathfm,thunder.tcga_uniform.linear_probing,thunder,f1,79.900000,81.252527,1.352527,74.600000
50,2,gpfm,hest.paad.gene_expression,hest,pearson_r,73.005000,72.804739,0.200261,72.620000
50,2,gpfm,hest.lung.gene_expression,hest,pearson_r,77.360000,76.958131,0.401869,77.330000
50,2,gpfm,hest.skcm.gene_expression,hest,pearson_r,79.455000,78.646076,0.808924,78.625000
50,2,h-optimus-0,thunder.spider_skin.linear_probing,thunder,f1,91.900000,92.279877,0.379877,87.450000
50,2,h-optimus-0,thunder.ccrcc.linear_probing,thunder,f1,90.800000,91.433044,0.633044,85.300000
50,2,h-optimus-0,hest.skcm.gene_expression,hest,pearson_r,82.270000,81.229833,1.040167,78.625000
50,2,h-optimus-0,thunder.tcga_crc_msi.linear_probing,thunder,f1,67.300000,68.716805,1.416805,59.600000
50,2,h-optimus-0,thunder.spider_thorax.linear_probing,thunder,f1,94.400000,94.421209,0.021209,93.450000
50,2,h-optimus-0,thunder.bracs.linear_probing,thunder,f1,61.100000,63.042048,1.942048,59.400000
50,2,h-optimus-0,hest.ccrcc.gene_expression,hest,pearson_r,63.380000,63.067517,0.312483,62.290000
50,2,h-optimus-0,thunder.break_his.linear_probing,thunder,f1,66.000000,77.461125,11.461125,69.200000
50,2,h-optimus-0,pathorob.tcga_2x2.robustness_index,pathorob,robustness_index,81.200000,80.650197,0.549803,69.400000
50,2,h-optimus-0,thunder.bach.linear_probing,thunder,f1,69.700000,76.583881,6.883881,68.900000
50,2,h-optimus-1,thunder.break_his.linear_probing,thunder,f1,76.000000,86.230073,10.230073,69.200000
50,2,h-optimus-1,hest.paad.gene_expression,hest,pearson_r,74.820000,75.838004,1.018004,72.620000
50,2,h-optimus-1,hest.lung.gene_expression,hest,pearson_r,78.895000,78.339655,0.555345,77.330000
50,2,h-optimus-1,hest.prad.gene_expression,hest,pearson_r,68.905000,70.370794,1.465794,67.282500
50,2,h-optimus-1,thunder.mhist.linear_probing,thunder,f1,82.000000,85.161173,3.161173,81.300000
50,2,h-optimus-1,hest.skcm.gene_expression,hest,pearson_r,82.945000,82.887534,0.057466,78.625000
50,2,h-optimus-1,hest.ccrcc.gene_expression,hest,pearson_r,62.665000,63.502824,0.837824,62.290000
50,2,h-optimus-1,thunder.crc.linear_probing,thunder,f1,94.600000,94.530904,0.069096,93.000000
50,2,h-optimus-1,thunder.tcga_uniform.linear_probing,thunder,f1,81.000000,78.799479,2.200521,74.600000
50,2,h0-mini,thunder.bracs.linear_probing,thunder,f1,60.700000,62.606097,1.906097,59.400000
50,2,h0-mini,thunder.spider_thorax.linear_probing,thunder,f1,93.400000,94.265230,0.865230,93.450000
50,2,h0-mini,hest.lymph_idc.gene_expression,hest,pearson_r,63.145000,62.999982,0.145018,62.500000
50,2,h0-mini,hest.ccrcc.gene_expression,hest,pearson_r,63.350000,62.896851,0.453149,62.290000
50,2,h0-mini,pathorob.tolkach_esca.robustness_index,pathorob,robustness_index,93.200000,92.463977,0.736023,89.900000
50,2,h0-mini,thunder.mhist.linear_probing,thunder,f1,79.900000,81.720028,1.820028,81.300000
50,2,h0-mini,thunder.ccrcc.linear_probing,thunder,f1,90.200000,90.882723,0.682723,85.300000
50,2,h0-mini,thunder.spider_skin.linear_probing,thunder,f1,90.400000,91.931938,1.531938,87.450000
50,2,h0-mini,thunder.patch_camelyon.linear_probing,thunder,f1,94.300000,93.573241,0.726759,89.900000
50,2,h0-mini,hest.coad.gene_expression,hest,pearson_r,62.470000,64.788905,2.318905,63.640000
50,2,hibou-b,thunder.tcga_uniform.linear_probing,thunder,f1,70.200000,76.386159,6.186159,74.600000
50,2,hibou-b,thunder.spider_colorectal.linear_probing,thunder,f1,90.700000,89.150583,1.549417,87.900000
50,2,hibou-b,thunder.patch_camelyon.linear_probing,thunder,f1,93.400000,91.872140,1.527860,89.900000
50,2,hibou-b,thunder.bracs.linear_probing,thunder,f1,61.700000,60.838141,0.861859,59.400000
50,2,hibou-b,thunder.tcga_crc_msi.linear_probing,thunder,f1,66.200000,64.929200,1.270800,59.600000
50,2,hibou-b,thunder.wilds.linear_probing,thunder,f1,97.100000,96.570198,0.529802,96.200000
50,2,hibou-l,thunder.bach.linear_probing,thunder,f1,76.500000,72.892655,3.607345,68.900000
50,2,hibou-l,thunder.bracs.linear_probing,thunder,f1,62.700000,61.892403,0.807597,59.400000
50,2,hibou-l,hest.idc.gene_expression,hest,pearson_r,78.505000,78.317962,0.187038,77.835000
50,2,hibou-l,thunder.spider_breast.linear_probing,thunder,f1,88.000000,86.016730,1.983270,84.900000
50,2,hibou-l,thunder.patch_camelyon.linear_probing,thunder,f1,93.300000,92.920401,0.379599,89.900000
50,2,hibou-l,thunder.tcga_tils.linear_probing,thunder,f1,90.300000,90.579902,0.279902,90.100000
50,2,hibou-l,hest.read.gene_expression,hest,pearson_r,59.510000,59.192466,0.317534,58.745000
50,2,hibou-l,hest.ccrcc.gene_expression,hest,pearson_r,63.285000,62.531479,0.753521,62.290000
50,2,hibou-l,hest.paad.gene_expression,hest,pearson_r,73.370000,73.332930,0.037070,72.620000
50,2,hipt,pathorob.tolkach_esca.robustness_index,pathorob,robustness_index,72.600000,80.326202,7.726202,89.900000
50,2,kaiko-vit-b-16,hest.lung.gene_expression,hest,pearson_r,75.780000,76.584058,0.804058,77.330000
50,2,kaiko-vit-b-16,hest.read.gene_expression,hest,pearson_r,57.625000,57.761047,0.136047,58.745000
50,2,kaiko-vit-b-16,hest.skcm.gene_expression,hest,pearson_r,77.510000,77.665174,0.155174,78.625000
50,2,kaiko-vit-b-8,pathorob.camelyon.robustness_index,pathorob,robustness_index,14.700000,33.592797,18.892797,55.800000
50,2,kaiko-vit-b-8,hest.ccrcc.gene_expression,hest,pearson_r,61.565000,61.674763,0.109763,62.290000
50,2,kaiko-vit-b-8,hest.prad.gene_expression,hest,pearson_r,68.055000,66.362915,1.692085,67.282500
50,2,kaiko-vit-b-8,pathorob.tcga_2x2.robustness_index,pathorob,robustness_index,76.300000,71.611075,4.688925,69.400000
50,2,kaiko-vit-b-unspecified-patch,thunder.esca.linear_probing,thunder,f1,78.500000,78.446020,0.053980,78.800000
50,2,kaiko-vit-b-unspecified-patch,thunder.spider_colorectal.linear_probing,thunder,f1,88.500000,88.374638,0.125362,87.900000
50,2,kaiko-vit-b-unspecified-patch,thunder.tcga_uniform.linear_probing,thunder,f1,79.100000,72.352798,6.747202,74.600000
50,2,kaiko-vit-b-unspecified-patch,thunder.spider_skin.linear_probing,thunder,f1,87.400000,88.989731,1.589731,87.450000
50,2,kaiko-vit-b-unspecified-patch,thunder.crc.linear_probing,thunder,f1,94.500000,92.865350,1.634650,93.000000
50,2,kaiko-vit-b-unspecified-patch,thunder.bracs.linear_probing,thunder,f1,59.400000,59.429839,0.029839,59.400000
50,2,kaiko-vit-l-14,hest.skcm.gene_expression,hest,pearson_r,77.665000,76.733341,0.931659,78.625000
50,2,kaiko-vit-l-14,hest.prad.gene_expression,hest,pearson_r,67.350000,64.860715,2.489285,67.282500
50,2,kaiko-vit-l-14,hest.paad.gene_expression,hest,pearson_r,71.860000,71.531275,0.328725,72.620000
50,2,kaiko-vit-s-16,hest.lung.gene_expression,hest,pearson_r,75.150000,75.109094,0.040906,77.330000
50,2,kaiko-vit-s-16,hest.read.gene_expression,hest,pearson_r,56.640000,56.474977,0.165023,58.745000
50,2,kaiko-vit-s-16,hest.coad.gene_expression,hest,pearson_r,60.285000,62.020687,1.735687,63.640000
50,2,kaiko-vit-s-8,hest.coad.gene_expression,hest,pearson_r,61.405000,62.516603,1.111603,63.640000
50,2,kaiko-vit-s-8,hest.ccrcc.gene_expression,hest,pearson_r,61.730000,61.112766,0.617234,62.290000
50,2,kaiko-vit-s-8,hest.paad.gene_expression,hest,pearson_r,70.905000,71.681594,0.776594,72.620000
50,2,kaiko-vit-s-unspecified-patch,thunder.spider_skin.linear_probing,thunder,f1,88.600000,89.291206,0.691206,87.450000
50,2,kaiko-vit-s-unspecified-patch,thunder.tcga_crc_msi.linear_probing,thunder,f1,62.600000,64.280655,1.680655,59.600000
50,2,kaiko-vit-s-unspecified-patch,thunder.tcga_tils.linear_probing,thunder,f1,90.100000,89.682028,0.417972,90.100000
50,2,kaiko-vit-s-unspecified-patch,thunder.ccrcc.linear_probing,thunder,f1,84.900000,87.469256,2.569256,85.300000
50,2,kaiko-vit-s-unspecified-patch,thunder.spider_breast.linear_probing,thunder,f1,83.100000,83.785212,0.685212,84.900000
50,2,kaiko-vit-s-unspecified-patch,thunder.patch_camelyon.linear_probing,thunder,f1,90.400000,91.653738,1.253738,89.900000
50,2,kang-dino,pathorob.tolkach_esca.robustness_index,pathorob,robustness_index,83.200000,79.887059,3.312941,89.900000
50,2,keep,thunder.tcga_tils.linear_probing,thunder,f1,89.900000,91.027003,1.127003,90.100000
50,2,keep,thunder.tcga_uniform.linear_probing,thunder,f1,72.700000,80.817482,8.117482,74.600000
50,2,keep,thunder.bach.linear_probing,thunder,f1,77.000000,73.270083,3.729917,68.900000
50,2,keep,thunder.tcga_crc_msi.linear_probing,thunder,f1,64.900000,67.804636,2.904636,59.600000
50,2,keep,thunder.spider_colorectal.linear_probing,thunder,f1,89.700000,90.341439,0.641439,87.900000
50,2,keep,thunder.spider_skin.linear_probing,thunder,f1,89.300000,92.175836,2.875836,87.450000
50,2,lunit-vit-s-8,hest.skcm.gene_expression,hest,pearson_r,78.690000,77.317521,1.372479,78.625000
50,2,lunit-vit-s-8,hest.coad.gene_expression,hest,pearson_r,64.130000,63.051632,1.078368,63.640000
50,2,lunit-vit-s-8,hest.lymph_idc.gene_expression,hest,pearson_r,62.530000,61.840500,0.689500,62.500000
50,2,midnight,thunder.crc.linear_probing,thunder,f1,95.600000,94.085379,1.514621,93.000000
50,2,midnight,thunder.bracs.linear_probing,thunder,f1,63.800000,62.326679,1.473321,59.400000
50,2,midnight,thunder.bach.linear_probing,thunder,f1,87.900000,74.285060,13.614940,68.900000
50,2,midnight,thunder.break_his.linear_probing,thunder,f1,56.700000,71.231915,14.531915,69.200000
50,2,midnight,hest.lung.gene_expression,hest,pearson_r,77.885000,77.858092,0.026908,77.330000
50,2,midnight,hest.paad.gene_expression,hest,pearson_r,74.500000,73.793439,0.706561,72.620000
50,2,midnight,thunder.tcga_tils.linear_probing,thunder,f1,91.000000,90.738420,0.261580,90.100000
50,2,midnight,thunder.spider_breast.linear_probing,thunder,f1,86.100000,86.435245,0.335245,84.900000
50,2,midnight,thunder.wilds.linear_probing,thunder,f1,98.300000,97.784947,0.515053,96.200000
50,2,musk,thunder.bracs.linear_probing,thunder,f1,63.300000,56.841792,6.458208,59.400000
50,2,musk,hest.read.gene_expression,hest,pearson_r,55.550000,57.850372,2.300372,58.745000
50,2,musk,thunder.tcga_crc_msi.linear_probing,thunder,f1,63.200000,60.550655,2.649345,59.600000
50,2,musk,hest.ccrcc.gene_expression,hest,pearson_r,59.125000,61.807635,2.682635,62.290000
50,2,musk,thunder.spider_breast.linear_probing,thunder,f1,80.600000,80.517724,0.082276,84.900000
50,2,musk,thunder.wilds.linear_probing,thunder,f1,96.000000,94.548713,1.451287,96.200000
50,2,musk,hest.lymph_idc.gene_expression,hest,pearson_r,62.725000,62.226642,0.498358,62.500000
50,2,musk,hest.coad.gene_expression,hest,pearson_r,61.825000,62.946283,1.121283,63.640000
50,2,musk,thunder.spider_thorax.linear_probing,thunder,f1,93.300000,91.035882,2.264118,93.450000
50,2,musk,thunder.bach.linear_probing,thunder,f1,69.900000,65.968116,3.931884,68.900000
50,2,openmidnight,thunder.patch_camelyon.linear_probing,thunder,f1,93.200000,92.928143,0.271857,89.900000
50,2,openmidnight,thunder.ccrcc.linear_probing,thunder,f1,92.000000,89.778381,2.221619,85.300000
50,2,openmidnight,thunder.tcga_uniform.linear_probing,thunder,f1,82.800000,76.625959,6.174041,74.600000
50,2,openmidnight,thunder.spider_colorectal.linear_probing,thunder,f1,88.300000,89.621785,1.321785,87.900000
50,2,openmidnight,thunder.spider_breast.linear_probing,thunder,f1,84.500000,85.575095,1.075095,84.900000
50,2,openmidnight,thunder.esca.linear_probing,thunder,f1,79.800000,82.481132,2.681132,78.800000
50,2,openmidnight,hest.read.gene_expression,hest,pearson_r,58.810000,59.525092,0.715092,58.745000
50,2,openmidnight,hest.skcm.gene_expression,hest,pearson_r,79.705000,80.510678,0.805678,78.625000
50,2,openmidnight,thunder.crc.linear_probing,thunder,f1,94.200000,93.843915,0.356085,93.000000
50,2,phikon,hest.lymph_idc.gene_expression,hest,pearson_r,61.865000,61.981887,0.116887,62.500000
50,2,phikon,hest.read.gene_expression,hest,pearson_r,57.660000,57.921396,0.261396,58.745000
50,2,phikon,thunder.spider_skin.linear_probing,thunder,f1,87.900000,89.104099,1.204099,87.450000
50,2,phikon,thunder.wilds.linear_probing,thunder,f1,97.800000,95.941227,1.858773,96.200000
50,2,phikon,hest.coad.gene_expression,hest,pearson_r,63.115000,63.513067,0.398067,63.640000
50,2,phikon,hest.paad.gene_expression,hest,pearson_r,72.125000,72.025511,0.099489,72.620000
50,2,phikon,thunder.tcga_crc_msi.linear_probing,thunder,f1,63.100000,63.446628,0.346628,59.600000
50,2,phikon,thunder.patch_camelyon.linear_probing,thunder,f1,90.900000,91.074230,0.174230,89.900000
50,2,phikon,pathorob.tolkach_esca.robustness_index,pathorob,robustness_index,79.500000,65.865985,13.634015,89.900000
50,2,phikon,hest.prad.gene_expression,hest,pearson_r,67.100000,65.683679,1.416321,67.282500
50,2,phikon-v2,thunder.patch_camelyon.linear_probing,thunder,f1,90.800000,91.990466,1.190466,89.900000
50,2,phikon-v2,thunder.wilds.linear_probing,thunder,f1,95.800000,96.711160,0.911160,96.200000
50,2,phikon-v2,thunder.mhist.linear_probing,thunder,f1,79.200000,78.221121,0.978879,81.300000
50,2,phikon-v2,thunder.bracs.linear_probing,thunder,f1,58.200000,60.752664,2.552664,59.400000
50,2,phikon-v2,pathorob.camelyon.robustness_index,pathorob,robustness_index,1.900000,4.399592,2.499592,55.800000
50,2,phikon-v2,thunder.tcga_crc_msi.linear_probing,thunder,f1,61.100000,65.085191,3.985191,59.600000
50,2,phikon-v2,hest.prad.gene_expression,hest,pearson_r,67.725000,66.341331,1.383669,67.282500
50,2,phikon-v2,hest.coad.gene_expression,hest,pearson_r,62.500000,63.829300,1.329300,63.640000
50,2,phikon-v2,thunder.ccrcc.linear_probing,thunder,f1,76.700000,87.934604,11.234604,85.300000
50,2,phikon-v2,thunder.bach.linear_probing,thunder,f1,64.700000,70.066978,5.366978,68.900000
50,2,plip,thunder.ccrcc.linear_probing,thunder,f1,76.900000,77.560197,0.660197,85.300000
50,2,plip,thunder.break_his.linear_probing,thunder,f1,47.200000,59.984658,12.784658,69.200000
50,2,plip,thunder.tcga_tils.linear_probing,thunder,f1,87.200000,87.078025,0.121975,90.100000
50,2,plip,thunder.tcga_crc_msi.linear_probing,thunder,f1,56.000000,56.337627,0.337627,59.600000
50,2,plip,thunder.spider_colorectal.linear_probing,thunder,f1,84.700000,84.650866,0.049134,87.900000
50,2,plip,thunder.wilds.linear_probing,thunder,f1,89.000000,90.848858,1.848858,96.200000
50,2,prov-gigapath,hest.lung.gene_expression,hest,pearson_r,77.060000,77.527410,0.467410,77.330000
50,2,prov-gigapath,hest.paad.gene_expression,hest,pearson_r,73.730000,73.378057,0.351943,72.620000
50,2,prov-gigapath,thunder.bracs.linear_probing,thunder,f1,62.700000,61.108481,1.591519,59.400000
50,2,prov-gigapath,pathorob.camelyon.robustness_index,pathorob,robustness_index,39.900000,27.709509,12.190491,55.800000
50,2,prov-gigapath,thunder.patch_camelyon.linear_probing,thunder,f1,93.500000,92.499527,1.000473,89.900000
50,2,prov-gigapath,thunder.ccrcc.linear_probing,thunder,f1,88.100000,88.939126,0.839126,85.300000
50,2,prov-gigapath,thunder.break_his.linear_probing,thunder,f1,65.400000,69.371693,3.971693,69.200000
50,2,prov-gigapath,hest.read.gene_expression,hest,pearson_r,59.805000,58.980968,0.824032,58.745000
50,2,prov-gigapath,hest.coad.gene_expression,hest,pearson_r,64.960000,64.207238,0.752762,63.640000
50,2,prov-gigapath,thunder.wilds.linear_probing,thunder,f1,94.800000,97.214860,2.414860,96.200000
50,2,quiltnet,thunder.spider_thorax.linear_probing,thunder,f1,88.500000,88.686723,0.186723,93.450000
50,2,quiltnet,thunder.mhist.linear_probing,thunder,f1,73.500000,78.806330,5.306330,81.300000
50,2,quiltnet,thunder.bach.linear_probing,thunder,f1,58.400000,59.324228,0.924228,68.900000
50,2,quiltnet,thunder.patch_camelyon.linear_probing,thunder,f1,87.400000,86.033305,1.366695,89.900000
50,2,quiltnet,thunder.bracs.linear_probing,thunder,f1,55.900000,53.536911,2.363089,59.400000
50,2,quiltnet,thunder.spider_breast.linear_probing,thunder,f1,77.000000,76.240959,0.759041,84.900000
50,2,resnet50,hest.ccrcc.gene_expression,hest,pearson_r,61.260000,60.594328,0.665672,62.290000
50,2,resnet50,hest.idc.gene_expression,hest,pearson_r,73.695000,75.893660,2.198660,77.835000
50,2,resnet50,hest.read.gene_expression,hest,pearson_r,53.915000,55.915428,2.000428,58.745000
50,2,retccl,pathorob.camelyon.robustness_index,pathorob,robustness_index,31.800000,10.596794,21.203206,55.800000
50,2,rudolfv,pathorob.camelyon.robustness_index,pathorob,robustness_index,18.400000,3.268998,15.131002,55.800000
50,2,uni,thunder.spider_breast.linear_probing,thunder,f1,85.700000,85.471787,0.228213,84.900000
50,2,uni,hest.idc.gene_expression,hest,pearson_r,79.450000,78.497764,0.952236,77.835000
50,2,uni,thunder.ccrcc.linear_probing,thunder,f1,90.700000,89.399682,1.300318,85.300000
50,2,uni,thunder.wilds.linear_probing,thunder,f1,97.200000,97.401463,0.201463,96.200000
50,2,uni,hest.lung.gene_expression,hest,pearson_r,77.320000,77.652263,0.332263,77.330000
50,2,uni,hest.paad.gene_expression,hest,pearson_r,74.035000,73.706347,0.328653,72.620000
50,2,uni,hest.ccrcc.gene_expression,hest,pearson_r,62.000000,62.625763,0.625763,62.290000
50,2,uni,thunder.tcga_crc_msi.linear_probing,thunder,f1,65.900000,66.357720,0.457720,59.600000
50,2,uni,thunder.crc.linear_probing,thunder,f1,93.100000,93.744135,0.644135,93.000000
50,2,uni,hest.prad.gene_expression,hest,pearson_r,64.715000,67.794439,3.079439,67.282500
50,2,uni2-h,thunder.spider_skin.linear_probing,thunder,f1,92.500000,92.921646,0.421646,87.450000
50,2,uni2-h,hest.skcm.gene_expression,hest,pearson_r,83.030000,81.147335,1.882665,78.625000
50,2,uni2-h,thunder.tcga_crc_msi.linear_probing,thunder,f1,66.900000,69.598472,2.698472,59.600000
50,2,uni2-h,thunder.spider_colorectal.linear_probing,thunder,f1,90.500000,90.902309,0.402309,87.900000
50,2,uni2-h,pathorob.camelyon.robustness_index,pathorob,robustness_index,54.400000,60.230194,5.830194,55.800000
50,2,uni2-h,pathorob.tcga_2x2.robustness_index,pathorob,robustness_index,80.300000,78.181414,2.118586,69.400000
50,2,uni2-h,hest.lung.gene_expression,hest,pearson_r,77.935000,78.377499,0.442499,77.330000
50,2,uni2-h,thunder.spider_breast.linear_probing,thunder,f1,86.700000,87.841960,1.141960,84.900000
50,2,uni2-h,thunder.bach.linear_probing,thunder,f1,84.700000,77.171072,7.528928,68.900000
50,2,uni2-h,thunder.break_his.linear_probing,thunder,f1,78.400000,75.651187,2.748813,69.200000
50,2,virchow,thunder.spider_skin.linear_probing,thunder,f1,91.300000,91.553431,0.253431,87.450000
50,2,virchow,pathorob.tcga_2x2.robustness_index,pathorob,robustness_index,76.100000,79.068334,2.968334,69.400000
50,2,virchow,hest.read.gene_expression,hest,pearson_r,59.905000,59.763029,0.141971,58.745000
50,2,virchow,pathorob.tolkach_esca.robustness_index,pathorob,robustness_index,93.200000,93.474822,0.274822,89.900000
50,2,virchow,hest.idc.gene_expression,hest,pearson_r,79.230000,78.940196,0.289804,77.835000
50,2,virchow,thunder.break_his.linear_probing,thunder,f1,62.700000,75.865579,13.165579,69.200000
50,2,virchow,thunder.spider_thorax.linear_probing,thunder,f1,94.700000,94.005597,0.694403,93.450000
50,2,virchow,thunder.patch_camelyon.linear_probing,thunder,f1,93.600000,93.322442,0.277558,89.900000
50,2,virchow,thunder.bracs.linear_probing,thunder,f1,59.800000,62.126736,2.326736,59.400000
50,2,virchow,thunder.tcga_tils.linear_probing,thunder,f1,90.700000,90.638086,0.061914,90.100000
50,2,virchow-2,hest.paad.gene_expression,hest,pearson_r,73.895000,74.339355,0.444355,72.620000
50,2,virchow-2,thunder.ccrcc.linear_probing,thunder,f1,93.600000,89.695740,3.904260,85.300000
50,2,virchow-2,thunder.bach.linear_probing,thunder,f1,76.500000,74.327290,2.172710,68.900000
50,2,virchow-2,hest.prad.gene_expression,hest,pearson_r,67.645000,68.712639,1.067639,67.282500
50,2,virchow-2,thunder.tcga_crc_msi.linear_probing,thunder,f1,69.600000,66.496038,3.103962,59.600000
50,2,virchow-2,thunder.spider_thorax.linear_probing,thunder,f1,93.900000,93.446547,0.453453,93.450000
50,2,virchow-2,thunder.tcga_tils.linear_probing,thunder,f1,90.900000,90.250544,0.649456,90.100000
50,2,virchow-2,thunder.spider_colorectal.linear_probing,thunder,f1,90.800000,89.487647,1.312353,87.900000
50,2,virchow-2,thunder.esca.linear_probing,thunder,f1,88.900000,82.585135,6.314865,78.800000
50,2,virchow-2,hest.lung.gene_expression,hest,pearson_r,78.425000,77.717435,0.707565,77.330000
50,2,vit-b,thunder.bracs.linear_probing,thunder,f1,56.600000,53.489734,3.110266,59.400000
50,2,vit-b,thunder.tcga_tils.linear_probing,thunder,f1,85.800000,86.862348,1.062348,90.100000
50,2,vit-b,thunder.esca.linear_probing,thunder,f1,62.700000,71.131902,8.431902,78.800000
50,2,vit-b,thunder.spider_breast.linear_probing,thunder,f1,78.200000,76.166469,2.033531,84.900000
50,2,vit-b,thunder.mhist.linear_probing,thunder,f1,77.600000,79.607627,2.007627,81.300000
50,2,vit-b,thunder.crc.linear_probing,thunder,f1,90.600000,90.150980,0.449020,93.000000
50,2,vit-l,thunder.spider_skin.linear_probing,thunder,f1,81.300000,82.402290,1.102290,87.450000
50,2,vit-l,thunder.break_his.linear_probing,thunder,f1,66.300000,64.425515,1.874485,69.200000
50,2,vit-l,thunder.crc.linear_probing,thunder,f1,92.800000,90.505712,2.294288,93.000000
50,2,vit-l,thunder.patch_camelyon.linear_probing,thunder,f1,85.700000,86.846435,1.146435,89.900000
50,2,vit-l,thunder.esca.linear_probing,thunder,f1,67.900000,72.063751,4.163751,78.800000
50,2,vit-l,thunder.wilds.linear_probing,thunder,f1,92.600000,91.667273,0.932727,96.200000
51,0,atlas,pathorob.camelyon.robustness_index,pathorob,robustness_index,78.500000,73.068434,5.431566,18.400000
51,0,ciga,pathorob.tolkach_esca.robustness_index,pathorob,robustness_index,69.300000,75.118749,5.818749,91.500000
51,0,clip-b,thunder.bracs.linear_probing,thunder,f1,52.400000,50.836504,1.563496,60.100000
51,0,clip-b,thunder.ccrcc.linear_probing,thunder,f1,73.700000,69.221073,4.478927,87.750000
51,0,clip-b,thunder.break_his.linear_probing,thunder,f1,40.000000,59.468808,19.468808,68.000000
51,0,clip-b,thunder.tcga_tils.linear_probing,thunder,f1,83.800000,84.936296,1.136296,89.900000
51,0,clip-b,thunder.spider_breast.linear_probing,thunder,f1,69.000000,71.244150,2.244150,84.500000
51,0,clip-l,thunder.ccrcc.linear_probing,thunder,f1,75.900000,76.502461,0.602461,87.750000
51,0,clip-l,thunder.break_his.linear_probing,thunder,f1,54.500000,66.742413,12.242413,68.000000
51,0,clip-l,thunder.tcga_tils.linear_probing,thunder,f1,85.000000,86.492985,1.492985,89.900000
51,0,clip-l,thunder.esca.linear_probing,thunder,f1,67.600000,67.642421,0.042421,77.300000
51,0,clip-l,thunder.spider_thorax.linear_probing,thunder,f1,86.700000,88.135531,1.435531,93.300000
51,0,conch,pathorob.tcga_2x2.robustness_index,pathorob,robustness_index,82.400000,73.558606,8.841394,72.700000
51,0,conch,hest.ccrcc.gene_expression,hest,pearson_r,60.900000,61.333871,0.433871,62.145000
51,0,conch,thunder.spider_breast.linear_probing,thunder,f1,82.100000,81.842302,0.257698,84.500000
51,0,conch,thunder.bach.linear_probing,thunder,f1,84.400000,67.754078,16.645922,65.600000
51,0,conch,thunder.spider_colorectal.linear_probing,thunder,f1,87.900000,87.327369,0.572631,87.400000
51,0,conch,thunder.ccrcc.linear_probing,thunder,f1,88.100000,84.605677,3.494323,87.750000
51,0,conch,thunder.crc.linear_probing,thunder,f1,93.400000,92.596893,0.803107,93.000000
51,0,conch,thunder.patch_camelyon.linear_probing,thunder,f1,90.600000,90.575879,0.024121,93.100000
51,0,conch,pathorob.camelyon.robustness_index,pathorob,robustness_index,66.200000,28.307389,37.892611,18.400000
51,0,conch-1.5,thunder.esca.linear_probing,thunder,f1,82.700000,80.513781,2.186219,77.300000
51,0,conch-1.5,hest.idc.gene_expression,hest,pearson_r,77.200000,78.533885,1.333885,77.625000
51,0,conch-1.5,pathorob.tcga_2x2.robustness_index,pathorob,robustness_index,83.200000,80.897504,2.302496,72.700000
51,0,conch-1.5,thunder.tcga_uniform.linear_probing,thunder,f1,69.400000,72.625879,3.225879,70.200000
51,0,conch-1.5,thunder.mhist.linear_probing,thunder,f1,81.200000,81.881976,0.681976,81.300000
51,0,conch-1.5,hest.ccrcc.gene_expression,hest,pearson_r,60.880000,61.583694,0.703694,62.145000
51,0,conch-1.5,thunder.bracs.linear_probing,thunder,f1,62.400000,60.014115,2.385885,60.100000
51,0,conch-1.5,pathorob.tolkach_esca.robustness_index,pathorob,robustness_index,95.100000,96.640251,1.540251,91.500000
51,0,conch-1.5,hest.skcm.gene_expression,hest,pearson_r,77.585000,80.566628,2.981628,78.812500
51,0,ctranspath,pathorob.tolkach_esca.robustness_index,pathorob,robustness_index,87.200000,89.223676,2.023676,91.500000
51,0,ctranspath,hest.lung.gene_expression,hest,pearson_r,75.685000,75.540334,0.144666,77.330000
51,0,ctranspath,hest.coad.gene_expression,hest,pearson_r,61.910000,61.261756,0.648244,63.640000
51,0,ctranspath,hest.ccrcc.gene_expression,hest,pearson_r,61.810000,59.883593,1.926407,62.145000
51,0,dinov2-b,thunder.tcga_tils.linear_probing,thunder,f1,85.900000,86.521826,0.621826,89.900000
51,0,dinov2-b,thunder.spider_breast.linear_probing,thunder,f1,76.000000,75.280103,0.719897,84.500000
51,0,dinov2-b,thunder.spider_skin.linear_probing,thunder,f1,80.100000,81.020021,0.920021,87.250000
51,0,dinov2-b,thunder.patch_camelyon.linear_probing,thunder,f1,86.300000,85.647529,0.652471,93.100000
51,0,dinov2-b,thunder.esca.linear_probing,thunder,f1,73.800000,70.544431,3.255569,77.300000
51,0,dinov2-l,thunder.patch_camelyon.linear_probing,thunder,f1,87.200000,85.370918,1.829082,93.100000
51,0,dinov2-l,thunder.bach.linear_probing,thunder,f1,68.900000,59.844104,9.055896,65.600000
51,0,dinov2-l,thunder.break_his.linear_probing,thunder,f1,78.500000,80.048002,1.548002,68.000000
51,0,dinov2-l,thunder.spider_thorax.linear_probing,thunder,f1,87.700000,88.261652,0.561652,93.300000
51,0,dinov2-l,thunder.ccrcc.linear_probing,thunder,f1,81.400000,79.468689,1.931311,87.750000
51,0,dinov3-b,thunder.bracs.linear_probing,thunder,f1,55.400000,53.702120,1.697880,60.100000
51,0,dinov3-b,thunder.crc.linear_probing,thunder,f1,89.500000,91.192579,1.692579,93.000000
51,0,dinov3-b,thunder.tcga_crc_msi.linear_probing,thunder,f1,57.200000,57.553511,0.353511,63.800000
51,0,dinov3-b,thunder.mhist.linear_probing,thunder,f1,82.700000,82.838416,0.138416,81.300000
51,0,dinov3-b,thunder.patch_camelyon.linear_probing,thunder,f1,88.000000,86.510851,1.489149,93.100000
51,0,dinov3-l,thunder.break_his.linear_probing,thunder,f1,77.300000,83.380467,6.080467,68.000000
51,0,dinov3-l,thunder.tcga_tils.linear_probing,thunder,f1,87.000000,87.104546,0.104546,89.900000
51,0,dinov3-l,thunder.patch_camelyon.linear_probing,thunder,f1,88.800000,87.061447,1.738553,93.100000
51,0,dinov3-l,thunder.bracs.linear_probing,thunder,f1,54.600000,54.051170,0.548830,60.100000
51,0,dinov3-l,thunder.esca.linear_probing,thunder,f1,76.000000,73.936724,2.063276,77.300000
51,0,dinov3-s,thunder.bracs.linear_probing,thunder,f1,56.500000,52.984463,3.515537,60.100000
51,0,dinov3-s,thunder.spider_colorectal.linear_probing,thunder,f1,85.000000,84.715347,0.284653,87.400000
51,0,dinov3-s,thunder.ccrcc.linear_probing,thunder,f1,81.600000,80.408060,1.191940,87.750000
51,0,dinov3-s,thunder.crc.linear_probing,thunder,f1,91.400000,90.917711,0.482289,93.000000
51,0,dinov3-s,thunder.esca.linear_probing,thunder,f1,72.600000,71.487653,1.112347,77.300000
51,0,genbio-pathfm,thunder.tcga_tils.linear_probing,thunder,f1,90.600000,90.988957,0.388957,89.900000
51,0,genbio-pathfm,hest.read.gene_expression,hest,pearson_r,58.925000,60.243007,1.318007,58.230000
51,0,genbio-pathfm,hest.lymph_idc.gene_expression,hest,pearson_r,64.210000,63.260054,0.949946,62.630000
51,0,genbio-pathfm,thunder.bach.linear_probing,thunder,f1,78.100000,78.464816,0.364816,65.600000
51,0,genbio-pathfm,hest.ccrcc.gene_expression,hest,pearson_r,63.075000,63.092346,0.017346,62.145000
51,0,genbio-pathfm,hest.coad.gene_expression,hest,pearson_r,66.420000,64.980708,1.439292,63.640000
51,0,genbio-pathfm,thunder.wilds.linear_probing,thunder,f1,98.200000,98.228348,0.028348,95.600000
51,0,genbio-pathfm,hest.idc.gene_expression,hest,pearson_r,79.360000,79.718063,0.358063,77.625000
51,0,gpfm,hest.ccrcc.gene_expression,hest,pearson_r,62.955000,61.350609,1.604391,62.145000
51,0,gpfm,hest.lymph_idc.gene_expression,hest,pearson_r,61.855000,62.488852,0.633852,62.630000
51,0,gpfm,hest.idc.gene_expression,hest,pearson_r,78.300000,77.480906,0.819094,77.625000
51,0,h-optimus-0,pathorob.tcga_2x2.robustness_index,pathorob,robustness_index,81.200000,81.132343,0.067657,72.700000
51,0,h-optimus-0,thunder.tcga_crc_msi.linear_probing,thunder,f1,67.300000,67.688818,0.388818,63.800000
51,0,h-optimus-0,thunder.tcga_uniform.linear_probing,thunder,f1,79.300000,80.105217,0.805217,70.200000
51,0,h-optimus-0,thunder.wilds.linear_probing,thunder,f1,98.700000,98.044794,0.655206,95.600000
51,0,h-optimus-0,thunder.spider_skin.linear_probing,thunder,f1,91.900000,92.279663,0.379663,87.250000
51,0,h-optimus-0,thunder.spider_colorectal.linear_probing,thunder,f1,89.900000,90.148722,0.248722,87.400000
51,0,h-optimus-0,pathorob.tolkach_esca.robustness_index,pathorob,robustness_index,91.800000,95.829719,4.029719,91.500000
51,0,h-optimus-0,thunder.esca.linear_probing,thunder,f1,83.500000,84.881962,1.381962,77.300000
51,0,h-optimus-0,thunder.break_his.linear_probing,thunder,f1,66.000000,76.195865,10.195865,68.000000
51,0,h-optimus-1,thunder.bach.linear_probing,thunder,f1,72.500000,78.653566,6.153566,65.600000
51,0,h-optimus-1,hest.lymph_idc.gene_expression,hest,pearson_r,63.870000,63.204129,0.665871,62.630000
51,0,h-optimus-1,hest.paad.gene_expression,hest,pearson_r,74.820000,74.639099,0.180901,73.655000
51,0,h-optimus-1,hest.idc.gene_expression,hest,pearson_r,80.120000,79.650146,0.469854,77.625000
51,0,h-optimus-1,thunder.spider_skin.linear_probing,thunder,f1,92.300000,92.895067,0.595067,87.250000
51,0,h-optimus-1,thunder.spider_colorectal.linear_probing,thunder,f1,90.300000,90.570602,0.270602,87.400000
51,0,h-optimus-1,thunder.break_his.linear_probing,thunder,f1,76.000000,77.486315,1.486315,68.000000
51,0,h-optimus-1,hest.prad.gene_expression,hest,pearson_r,68.905000,68.875420,0.029580,67.645000
51,0,h0-mini,thunder.ccrcc.linear_probing,thunder,f1,90.200000,90.208412,0.008412,87.750000
51,0,h0-mini,pathorob.camelyon.robustness_index,pathorob,robustness_index,71.800000,46.755147,25.044853,18.400000
51,0,h0-mini,thunder.bracs.linear_probing,thunder,f1,60.700000,63.468821,2.768821,60.100000
51,0,h0-mini,thunder.spider_skin.linear_probing,thunder,f1,90.400000,92.150849,1.750849,87.250000
51,0,h0-mini,hest.coad.gene_expression,hest,pearson_r,62.470000,64.583589,2.113589,63.640000
51,0,h0-mini,hest.skcm.gene_expression,hest,pearson_r,80.060000,81.268243,1.208243,78.812500
51,0,h0-mini,thunder.spider_breast.linear_probing,thunder,f1,86.000000,86.553975,0.553975,84.500000
51,0,h0-mini,thunder.patch_camelyon.linear_probing,thunder,f1,94.300000,93.859921,0.440079,93.100000
51,0,h0-mini,hest.lung.gene_expression,hest,pearson_r,77.410000,77.992891,0.582891,77.330000
51,0,hibou-b,thunder.spider_colorectal.linear_probing,thunder,f1,90.700000,88.343082,2.356918,87.400000
51,0,hibou-b,thunder.crc.linear_probing,thunder,f1,93.900000,93.143307,0.756693,93.000000
51,0,hibou-b,thunder.spider_thorax.linear_probing,thunder,f1,94.500000,93.148764,1.351236,93.300000
51,0,hibou-b,thunder.esca.linear_probing,thunder,f1,77.500000,78.924653,1.424653,77.300000
51,0,hibou-b,thunder.spider_breast.linear_probing,thunder,f1,86.600000,84.589056,2.010944,84.500000
51,0,hibou-l,hest.prad.gene_expression,hest,pearson_r,64.725000,67.936251,3.211251,67.645000
51,0,hibou-l,thunder.spider_colorectal.linear_probing,thunder,f1,89.800000,89.421973,0.378027,87.400000
51,0,hibou-l,thunder.esca.linear_probing,thunder,f1,77.500000,82.684775,5.184775,77.300000
51,0,hibou-l,thunder.bracs.linear_probing,thunder,f1,62.700000,62.454914,0.245086,60.100000
51,0,hibou-l,hest.read.gene_expression,hest,pearson_r,59.510000,59.484374,0.025626,58.230000
51,0,hibou-l,thunder.break_his.linear_probing,thunder,f1,69.400000,70.550976,1.150976,68.000000
51,0,hibou-l,thunder.spider_breast.linear_probing,thunder,f1,88.000000,85.654510,2.345490,84.500000
51,0,hibou-l,thunder.spider_thorax.linear_probing,thunder,f1,94.100000,93.907915,0.192085,93.300000
51,0,hipt,pathorob.camelyon.robustness_index,pathorob,robustness_index,64.900000,5.028983,59.871017,18.400000
51,0,kaiko-vit-b-16,hest.idc.gene_expression,hest,pearson_r,76.760000,76.501591,0.258409,77.625000
51,0,kaiko-vit-b-16,hest.paad.gene_expression,hest,pearson_r,72.620000,72.016415,0.603585,73.655000
51,0,kaiko-vit-b-16,hest.prad.gene_expression,hest,pearson_r,66.375000,66.200499,0.174501,67.645000
51,0,kaiko-vit-b-8,hest.lymph_idc.gene_expression,hest,pearson_r,61.365000,62.487353,1.122353,62.630000
51,0,kaiko-vit-b-8,hest.ccrcc.gene_expression,hest,pearson_r,61.565000,61.329946,0.235054,62.145000
51,0,kaiko-vit-b-8,hest.paad.gene_expression,hest,pearson_r,73.005000,72.799131,0.205869,73.655000
51,0,kaiko-vit-b-8,hest.idc.gene_expression,hest,pearson_r,77.995000,77.428744,0.566256,77.625000
51,0,kaiko-vit-b-unspecified-patch,thunder.tcga_uniform.linear_probing,thunder,f1,79.100000,72.252266,6.847734,70.200000
51,0,kaiko-vit-b-unspecified-patch,thunder.bach.linear_probing,thunder,f1,69.600000,69.985233,0.385233,65.600000
51,0,kaiko-vit-b-unspecified-patch,thunder.tcga_tils.linear_probing,thunder,f1,90.200000,89.600280,0.599720,89.900000
51,0,kaiko-vit-b-unspecified-patch,thunder.ccrcc.linear_probing,thunder,f1,81.700000,86.058141,4.358141,87.750000
51,0,kaiko-vit-b-unspecified-patch,thunder.spider_skin.linear_probing,thunder,f1,87.400000,89.159217,1.759217,87.250000
51,0,kaiko-vit-l-14,hest.lymph_idc.gene_expression,hest,pearson_r,61.415000,62.416612,1.001612,62.630000
51,0,kaiko-vit-l-14,hest.ccrcc.gene_expression,hest,pearson_r,60.970000,60.987018,0.017018,62.145000
51,0,kaiko-vit-l-14,hest.coad.gene_expression,hest,pearson_r,62.675000,62.679709,0.004709,63.640000
51,0,kaiko-vit-s-16,hest.idc.gene_expression,hest,pearson_r,76.665000,75.901180,0.763820,77.625000
51,0,kaiko-vit-s-16,hest.lymph_idc.gene_expression,hest,pearson_r,61.245000,62.019616,0.774616,62.630000
51,0,kaiko-vit-s-16,hest.paad.gene_expression,hest,pearson_r,72.045000,71.739459,0.305541,73.655000
51,0,kaiko-vit-s-8,hest.coad.gene_expression,hest,pearson_r,61.405000,61.996127,0.591127,63.640000
51,0,kaiko-vit-s-8,hest.lymph_idc.gene_expression,hest,pearson_r,62.315000,61.967414,0.347586,62.630000
51,0,kaiko-vit-s-8,hest.read.gene_expression,hest,pearson_r,57.345000,56.700815,0.644185,58.230000
51,0,kaiko-vit-s-unspecified-patch,thunder.break_his.linear_probing,thunder,f1,69.400000,72.114843,2.714843,68.000000
51,0,kaiko-vit-s-unspecified-patch,thunder.spider_skin.linear_probing,thunder,f1,88.600000,88.815970,0.215970,87.250000
51,0,kaiko-vit-s-unspecified-patch,thunder.bracs.linear_probing,thunder,f1,61.500000,59.781995,1.718005,60.100000
51,0,kaiko-vit-s-unspecified-patch,thunder.wilds.linear_probing,thunder,f1,95.900000,96.467000,0.567000,95.600000
51,0,kaiko-vit-s-unspecified-patch,thunder.spider_thorax.linear_probing,thunder,f1,93.100000,92.551427,0.548573,93.300000
51,0,kang-dino,pathorob.tcga_2x2.robustness_index,pathorob,robustness_index,66.100000,62.579067,3.520933,72.700000
51,0,keep,thunder.patch_camelyon.linear_probing,thunder,f1,92.600000,92.978774,0.378774,93.100000
51,0,keep,thunder.spider_breast.linear_probing,thunder,f1,85.600000,85.289902,0.310098,84.500000
51,0,keep,thunder.mhist.linear_probing,thunder,f1,76.800000,80.186984,3.386984,81.300000
51,0,keep,thunder.ccrcc.linear_probing,thunder,f1,93.200000,88.318629,4.881371,87.750000
51,0,keep,thunder.bach.linear_probing,thunder,f1,77.000000,73.460302,3.539698,65.600000
51,0,lunit-vit-s-8,hest.paad.gene_expression,hest,pearson_r,71.335000,72.903318,1.568318,73.655000
51,0,lunit-vit-s-8,hest.ccrcc.gene_expression,hest,pearson_r,62.315000,60.038235,2.276765,62.145000
51,0,lunit-vit-s-8,hest.read.gene_expression,hest,pearson_r,58.050000,58.791679,0.741679,58.230000
51,0,midnight,thunder.spider_skin.linear_probing,thunder,f1,91.000000,92.489415,1.489415,87.250000
51,0,midnight,thunder.spider_colorectal.linear_probing,thunder,f1,89.600000,90.261412,0.661412,87.400000
51,0,midnight,thunder.wilds.linear_probing,thunder,f1,98.300000,98.087763,0.212237,95.600000
51,0,midnight,thunder.break_his.linear_probing,thunder,f1,56.700000,74.516987,17.816987,68.000000
51,0,midnight,hest.paad.gene_expression,hest,pearson_r,74.500000,74.342155,0.157845,73.655000
51,0,midnight,thunder.esca.linear_probing,thunder,f1,86.200000,85.037870,1.162130,77.300000
51,0,midnight,hest.prad.gene_expression,hest,pearson_r,66.850000,68.844578,1.994578,67.645000
51,0,midnight,thunder.ccrcc.linear_probing,thunder,f1,90.800000,90.880211,0.080211,87.750000
51,0,musk,hest.read.gene_expression,hest,pearson_r,55.550000,57.706918,2.156918,58.230000
51,0,musk,thunder.patch_camelyon.linear_probing,thunder,f1,89.400000,90.238637,0.838637,93.100000
51,0,musk,hest.lung.gene_expression,hest,pearson_r,75.855000,76.657260,0.802260,77.330000
51,0,musk,thunder.spider_breast.linear_probing,thunder,f1,80.600000,81.457328,0.857328,84.500000
51,0,musk,thunder.tcga_tils.linear_probing,thunder,f1,89.400000,88.796288,0.603712,89.900000
51,0,musk,thunder.ccrcc.linear_probing,thunder,f1,85.300000,83.610315,1.689685,87.750000
51,0,musk,thunder.mhist.linear_probing,thunder,f1,80.000000,79.079200,0.920800,81.300000
51,0,musk,thunder.bach.linear_probing,thunder,f1,69.900000,66.652054,3.247946,65.600000
51,0,musk,thunder.break_his.linear_probing,thunder,f1,77.600000,64.451925,13.148075,68.000000
51,0,openmidnight,thunder.ccrcc.linear_probing,thunder,f1,92.000000,88.980368,3.019632,87.750000
51,0,openmidnight,thunder.tcga_uniform.linear_probing,thunder,f1,82.800000,76.788521,6.011479,70.200000
51,0,openmidnight,thunder.bach.linear_probing,thunder,f1,84.600000,74.308736,10.291264,65.600000
51,0,openmidnight,thunder.wilds.linear_probing,thunder,f1,96.500000,97.467537,0.967537,95.600000
51,0,openmidnight,hest.skcm.gene_expression,hest,pearson_r,79.705000,80.828522,1.123522,78.812500
51,0,openmidnight,thunder.spider_thorax.linear_probing,thunder,f1,93.700000,93.729274,0.029274,93.300000
51,0,openmidnight,thunder.bracs.linear_probing,thunder,f1,59.400000,62.034852,2.634852,60.100000
51,0,openmidnight,thunder.esca.linear_probing,thunder,f1,79.800000,82.553242,2.753242,77.300000
51,0,phikon,hest.skcm.gene_expression,hest,pearson_r,76.775000,78.430602,1.655602,78.812500
51,0,phikon,thunder.spider_colorectal.linear_probing,thunder,f1,88.500000,88.010665,0.489335,87.400000
51,0,phikon,hest.ccrcc.gene_expression,hest,pearson_r,62.115000,62.123521,0.008521,62.145000
51,0,phikon,hest.paad.gene_expression,hest,pearson_r,72.125000,73.427704,1.302704,73.655000
51,0,phikon,thunder.break_his.linear_probing,thunder,f1,60.000000,58.255113,1.744887,68.000000
51,0,phikon,thunder.bracs.linear_probing,thunder,f1,56.900000,60.952408,4.052408,60.100000
51,0,phikon,thunder.spider_skin.linear_probing,thunder,f1,87.900000,89.184660,1.284660,87.250000
51,0,phikon,pathorob.tolkach_esca.robustness_index,pathorob,robustness_index,79.500000,81.325300,1.825300,91.500000
51,0,phikon,thunder.patch_camelyon.linear_probing,thunder,f1,90.900000,91.862707,0.962707,93.100000
51,0,phikon-v2,thunder.bracs.linear_probing,thunder,f1,58.200000,59.928628,1.728628,60.100000
51,0,phikon-v2,thunder.spider_colorectal.linear_probing,thunder,f1,89.700000,87.527996,2.172004,87.400000
51,0,phikon-v2,pathorob.camelyon.robustness_index,pathorob,robustness_index,1.900000,6.848548,4.948548,18.400000
51,0,phikon-v2,pathorob.tolkach_esca.robustness_index,pathorob,robustness_index,76.800000,85.703098,8.903098,91.500000
51,0,phikon-v2,thunder.patch_camelyon.linear_probing,thunder,f1,90.800000,91.185859,0.385859,93.100000
51,0,phikon-v2,hest.read.gene_expression,hest,pearson_r,58.745000,58.107760,0.637240,58.230000
51,0,phikon-v2,hest.prad.gene_expression,hest,pearson_r,67.725000,66.850432,0.874568,67.645000
51,0,phikon-v2,hest.paad.gene_expression,hest,pearson_r,72.275000,73.117148,0.842148,73.655000
51,0,phikon-v2,thunder.tcga_tils.linear_probing,thunder,f1,91.000000,89.292851,1.707149,89.900000
51,0,plip,thunder.esca.linear_probing,thunder,f1,65.700000,66.822903,1.122903,77.300000
51,0,plip,thunder.spider_breast.linear_probing,thunder,f1,77.100000,77.585855,0.485855,84.500000
51,0,plip,thunder.ccrcc.linear_probing,thunder,f1,76.900000,75.154918,1.745082,87.750000
51,0,plip,thunder.bracs.linear_probing,thunder,f1,56.500000,55.823916,0.676084,60.100000
51,0,plip,thunder.mhist.linear_probing,thunder,f1,78.500000,75.258620,3.241380,81.300000
51,0,prov-gigapath,hest.ccrcc.gene_expression,hest,pearson_r,62.150000,62.079923,0.070077,62.145000
51,0,prov-gigapath,hest.coad.gene_expression,hest,pearson_r,64.960000,63.805697,1.154303,63.640000
51,0,prov-gigapath,hest.read.gene_expression,hest,pearson_r,59.805000,58.893846,0.911154,58.230000
51,0,prov-gigapath,pathorob.tolkach_esca.robustness_index,pathorob,robustness_index,75.400000,91.636171,16.236171,91.500000
51,0,prov-gigapath,pathorob.tcga_2x2.robustness_index,pathorob,robustness_index,73.800000,74.108342,0.308342,72.700000
51,0,prov-gigapath,hest.prad.gene_expression,hest,pearson_r,68.495000,67.760869,0.734131,67.645000
51,0,prov-gigapath,thunder.tcga_crc_msi.linear_probing,thunder,f1,68.000000,64.724651,3.275349,63.800000
51,0,prov-gigapath,thunder.spider_colorectal.linear_probing,thunder,f1,90.300000,88.747137,1.552863,87.400000
51,0,prov-gigapath,thunder.bach.linear_probing,thunder,f1,70.700000,72.152639,1.452639,65.600000
51,0,quiltnet,thunder.tcga_tils.linear_probing,thunder,f1,87.000000,87.112849,0.112849,89.900000
51,0,quiltnet,thunder.bach.linear_probing,thunder,f1,58.400000,56.924484,1.475516,65.600000
51,0,quiltnet,thunder.spider_breast.linear_probing,thunder,f1,77.000000,77.221594,0.221594,84.500000
51,0,quiltnet,thunder.tcga_crc_msi.linear_probing,thunder,f1,59.600000,56.335118,3.264882,63.800000
51,0,quiltnet,thunder.tcga_uniform.linear_probing,thunder,f1,54.100000,56.154886,2.054886,70.200000
51,0,resnet50,hest.paad.gene_expression,hest,pearson_r,69.400000,70.838463,1.438463,73.655000
51,0,resnet50,hest.lymph_idc.gene_expression,hest,pearson_r,61.525000,61.600771,0.075771,62.630000
51,0,resnet50,hest.read.gene_expression,hest,pearson_r,53.915000,55.911175,1.996175,58.230000
51,0,retccl,pathorob.camelyon.robustness_index,pathorob,robustness_index,31.800000,3.411360,28.388640,18.400000
51,0,rudolfv,pathorob.tcga_2x2.robustness_index,pathorob,robustness_index,58.700000,63.508702,4.808702,72.700000
51,0,uni,thunder.tcga_uniform.linear_probing,thunder,f1,75.300000,76.672701,1.372701,70.200000
51,0,uni,hest.prad.gene_expression,hest,pearson_r,64.715000,68.032620,3.317620,67.645000
51,0,uni,thunder.crc.linear_probing,thunder,f1,93.100000,93.996379,0.896379,93.000000
51,0,uni,hest.lymph_idc.gene_expression,hest,pearson_r,62.795000,62.798526,0.003526,62.630000
51,0,uni,thunder.tcga_tils.linear_probing,thunder,f1,90.100000,90.297216,0.197216,89.900000
51,0,uni,thunder.spider_skin.linear_probing,thunder,f1,91.200000,90.946796,0.253204,87.250000
51,0,uni,thunder.spider_colorectal.linear_probing,thunder,f1,90.400000,89.234282,1.165718,87.400000
51,0,uni,hest.coad.gene_expression,hest,pearson_r,63.070000,64.139728,1.069728,63.640000
51,0,uni,thunder.tcga_crc_msi.linear_probing,thunder,f1,65.900000,65.719906,0.180094,63.800000
51,0,uni2-h,hest.read.gene_expression,hest,pearson_r,61.115000,60.230152,0.884848,58.230000
51,0,uni2-h,hest.idc.gene_expression,hest,pearson_r,79.490000,79.484947,0.005053,77.625000
51,0,uni2-h,thunder.mhist.linear_probing,thunder,f1,78.600000,82.248856,3.648856,81.300000
51,0,uni2-h,pathorob.tolkach_esca.robustness_index,pathorob,robustness_index,92.300000,95.512104,3.212104,91.500000
51,0,uni2-h,thunder.bracs.linear_probing,thunder,f1,65.400000,64.076656,1.323344,60.100000
51,0,uni2-h,thunder.spider_thorax.linear_probing,thunder,f1,95.100000,94.749923,0.350077,93.300000
51,0,uni2-h,thunder.tcga_tils.linear_probing,thunder,f1,90.400000,91.117606,0.717606,89.900000
51,0,uni2-h,thunder.bach.linear_probing,thunder,f1,84.700000,78.221103,6.478897,65.600000
51,0,uni2-h,pathorob.tcga_2x2.robustness_index,pathorob,robustness_index,80.300000,81.172090,0.872090,72.700000
51,0,virchow,thunder.esca.linear_probing,thunder,f1,84.300000,83.747934,0.552066,77.300000
51,0,virchow,thunder.bracs.linear_probing,thunder,f1,59.800000,63.469646,3.669646,60.100000
51,0,virchow,thunder.tcga_uniform.linear_probing,thunder,f1,74.800000,79.360967,4.560967,70.200000
51,0,virchow,hest.ccrcc.gene_expression,hest,pearson_r,62.930000,62.801634,0.128366,62.145000
51,0,virchow,thunder.spider_breast.linear_probing,thunder,f1,86.200000,86.500570,0.300570,84.500000
51,0,virchow,thunder.spider_thorax.linear_probing,thunder,f1,94.700000,94.322102,0.377898,93.300000
51,0,virchow,thunder.wilds.linear_probing,thunder,f1,97.600000,97.850555,0.250555,95.600000
51,0,virchow,pathorob.camelyon.robustness_index,pathorob,robustness_index,75.100000,35.738818,39.361182,18.400000
51,0,virchow,hest.lymph_idc.gene_expression,hest,pearson_r,63.050000,62.857491,0.192509,62.630000
51,0,virchow-2,thunder.break_his.linear_probing,thunder,f1,72.500000,74.389032,1.889032,68.000000
51,0,virchow-2,thunder.spider_skin.linear_probing,thunder,f1,92.000000,91.227986,0.772014,87.250000
51,0,virchow-2,hest.ccrcc.gene_expression,hest,pearson_r,63.595000,62.081340,1.513660,62.145000
51,0,virchow-2,thunder.patch_camelyon.linear_probing,thunder,f1,92.800000,93.151763,0.351763,93.100000
51,0,virchow-2,thunder.spider_breast.linear_probing,thunder,f1,87.200000,85.388417,1.811583,84.500000
51,0,virchow-2,thunder.mhist.linear_probing,thunder,f1,83.600000,81.681277,1.918723,81.300000
51,0,virchow-2,thunder.tcga_tils.linear_probing,thunder,f1,90.900000,90.382702,0.517298,89.900000
51,0,virchow-2,thunder.esca.linear_probing,thunder,f1,88.900000,83.110281,5.789719,77.300000
51,0,virchow-2,thunder.spider_colorectal.linear_probing,thunder,f1,90.800000,89.472192,1.327808,87.400000
51,0,vit-b,thunder.tcga_tils.linear_probing,thunder,f1,85.800000,86.823843,1.023843,89.900000
51,0,vit-b,thunder.spider_colorectal.linear_probing,thunder,f1,84.700000,84.139292,0.560708,87.400000
51,0,vit-b,thunder.tcga_crc_msi.linear_probing,thunder,f1,59.100000,56.127844,2.972156,63.800000
51,0,vit-b,thunder.spider_skin.linear_probing,thunder,f1,81.200000,81.137490,0.062510,87.250000
51,0,vit-b,thunder.spider_breast.linear_probing,thunder,f1,78.200000,76.341378,1.858622,84.500000
51,0,vit-l,thunder.spider_skin.linear_probing,thunder,f1,81.300000,83.050057,1.750057,87.250000
51,0,vit-l,thunder.patch_camelyon.linear_probing,thunder,f1,85.700000,87.362288,1.662288,93.100000
51,0,vit-l,thunder.wilds.linear_probing,thunder,f1,92.600000,93.011208,0.411208,95.600000
51,0,vit-l,thunder.bracs.linear_probing,thunder,f1,54.800000,55.422517,0.622517,60.100000
51,0,vit-l,thunder.spider_thorax.linear_probing,thunder,f1,88.500000,89.551123,1.051123,93.300000
51,1,atlas,pathorob.tcga_2x2.robustness_index,pathorob,robustness_index,82.600000,79.844237,2.755763,72.700000
51,1,ciga,pathorob.camelyon.robustness_index,pathorob,robustness_index,13.500000,2.237027,11.262973,55.800000
51,1,clip-b,thunder.patch_camelyon.linear_probing,thunder,f1,82.700000,84.066240,1.366240,90.700000
51,1,clip-b,thunder.mhist.linear_probing,thunder,f1,77.500000,76.295062,1.204938,80.000000
51,1,clip-b,thunder.spider_thorax.linear_probing,thunder,f1,84.700000,85.606010,0.906010,93.100000
51,1,clip-b,thunder.spider_skin.linear_probing,thunder,f1,75.800000,76.010636,0.210636,87.900000
51,1,clip-b,thunder.tcga_crc_msi.linear_probing,thunder,f1,49.000000,54.501657,5.501657,63.100000
51,1,clip-l,thunder.tcga_crc_msi.linear_probing,thunder,f1,52.000000,57.127122,5.127122,63.100000
51,1,clip-l,thunder.spider_breast.linear_probing,thunder,f1,73.600000,75.826156,2.226156,84.300000
51,1,clip-l,thunder.bach.linear_probing,thunder,f1,63.500000,55.429489,8.070511,70.300000
51,1,clip-l,thunder.patch_camelyon.linear_probing,thunder,f1,85.600000,86.605841,1.005841,90.700000
51,1,clip-l,thunder.tcga_uniform.linear_probing,thunder,f1,54.100000,53.137394,0.962606,74.400000
51,1,conch,thunder.tcga_uniform.linear_probing,thunder,f1,68.000000,72.232138,4.232138,74.400000
51,1,conch,hest.lymph_idc.gene_expression,hest,pearson_r,62.535000,62.509174,0.025826,62.515000
51,1,conch,hest.coad.gene_expression,hest,pearson_r,62.445000,63.659610,1.214610,63.712500
51,1,conch,thunder.break_his.linear_probing,thunder,f1,68.800000,74.191802,5.391802,69.400000
51,1,conch,thunder.tcga_crc_msi.linear_probing,thunder,f1,64.400000,63.461533,0.938467,63.100000
51,1,conch,hest.paad.gene_expression,hest,pearson_r,72.340000,72.391612,0.051612,73.005000
51,1,conch,thunder.wilds.linear_probing,thunder,f1,97.200000,96.161639,1.038361,94.700000
51,1,conch,hest.prad.gene_expression,hest,pearson_r,67.740000,64.790418,2.949582,67.415000
51,1,conch,hest.skcm.gene_expression,hest,pearson_r,78.935000,77.816749,1.118251,79.580000
51,1,conch-1.5,thunder.ccrcc.linear_probing,thunder,f1,87.400000,88.316639,0.916639,84.300000
51,1,conch-1.5,hest.prad.gene_expression,hest,pearson_r,69.040000,65.375267,3.664733,67.415000
51,1,conch-1.5,thunder.bach.linear_probing,thunder,f1,76.800000,73.642604,3.157396,70.300000
51,1,conch-1.5,hest.lymph_idc.gene_expression,hest,pearson_r,63.495000,62.635713,0.859287,62.515000
51,1,conch-1.5,hest.paad.gene_expression,hest,pearson_r,72.850000,72.699567,0.150433,73.005000
51,1,conch-1.5,thunder.wilds.linear_probing,thunder,f1,96.700000,96.560375,0.139625,94.700000
51,1,conch-1.5,hest.read.gene_expression,hest,pearson_r,58.000000,57.787968,0.212032,58.745000
51,1,conch-1.5,thunder.tcga_tils.linear_probing,thunder,f1,89.900000,89.626298,0.273702,89.400000
51,1,conch-1.5,thunder.spider_colorectal.linear_probing,thunder,f1,87.400000,88.895711,1.495711,89.650000
51,1,ctranspath,hest.prad.gene_expression,hest,pearson_r,67.755000,64.623955,3.131045,67.415000
51,1,ctranspath,pathorob.tcga_2x2.robustness_index,pathorob,robustness_index,65.200000,66.101462,0.901462,72.700000
51,1,ctranspath,hest.lymph_idc.gene_expression,hest,pearson_r,62.045000,61.739543,0.305457,62.515000
51,1,ctranspath,hest.read.gene_expression,hest,pearson_r,54.840000,56.409096,1.569096,58.745000
51,1,dinov2-b,thunder.bach.linear_probing,thunder,f1,64.400000,59.763071,4.636929,70.300000
51,1,dinov2-b,thunder.wilds.linear_probing,thunder,f1,90.700000,89.996942,0.703058,94.700000
51,1,dinov2-b,thunder.tcga_crc_msi.linear_probing,thunder,f1,58.600000,57.304489,1.295511,63.100000
51,1,dinov2-b,thunder.break_his.linear_probing,thunder,f1,77.800000,66.849426,10.950574,69.400000
51,1,dinov2-b,thunder.mhist.linear_probing,thunder,f1,82.600000,77.634111,4.965889,80.000000
51,1,dinov2-l,thunder.crc.linear_probing,thunder,f1,90.700000,90.937500,0.237500,93.000000
51,1,dinov2-l,thunder.spider_breast.linear_probing,thunder,f1,74.000000,76.754206,2.754206,84.300000
51,1,dinov2-l,thunder.tcga_uniform.linear_probing,thunder,f1,56.200000,57.107251,0.907251,74.400000
51,1,dinov2-l,thunder.mhist.linear_probing,thunder,f1,82.300000,77.223163,5.076837,80.000000
51,1,dinov2-l,thunder.spider_colorectal.linear_probing,thunder,f1,85.300000,84.657300,0.642700,89.650000
51,1,dinov3-b,thunder.spider_colorectal.linear_probing,thunder,f1,84.800000,85.240499,0.440499,89.650000
51,1,dinov3-b,thunder.spider_skin.linear_probing,thunder,f1,81.600000,83.115777,1.515777,87.900000
51,1,dinov3-b,thunder.spider_thorax.linear_probing,thunder,f1,90.000000,89.687749,0.312251,93.100000
51,1,dinov3-b,thunder.spider_breast.linear_probing,thunder,f1,76.500000,77.912705,1.412705,84.300000
51,1,dinov3-b,thunder.break_his.linear_probing,thunder,f1,81.800000,51.925130,29.874870,69.400000
51,1,dinov3-l,thunder.spider_skin.linear_probing,thunder,f1,82.500000,82.658019,0.158019,87.900000
51,1,dinov3-l,thunder.tcga_uniform.linear_probing,thunder,f1,59.300000,59.662547,0.362547,74.400000
51,1,dinov3-l,thunder.mhist.linear_probing,thunder,f1,84.100000,77.995105,6.104895,80.000000
51,1,dinov3-l,thunder.spider_colorectal.linear_probing,thunder,f1,86.300000,85.374389,0.925611,89.650000
51,1,dinov3-l,thunder.wilds.linear_probing,thunder,f1,94.800000,91.986960,2.813040,94.700000
51,1,dinov3-s,thunder.patch_camelyon.linear_probing,thunder,f1,86.500000,88.250264,1.750264,90.700000
51,1,dinov3-s,thunder.break_his.linear_probing,thunder,f1,82.900000,52.106860,30.793140,69.400000
51,1,dinov3-s,thunder.tcga_uniform.linear_probing,thunder,f1,53.900000,57.509024,3.609024,74.400000
51,1,dinov3-s,thunder.spider_thorax.linear_probing,thunder,f1,88.200000,89.851784,1.651784,93.100000
51,1,dinov3-s,thunder.tcga_tils.linear_probing,thunder,f1,86.300000,87.186015,0.886015,89.400000
51,1,genbio-pathfm,thunder.spider_breast.linear_probing,thunder,f1,86.200000,87.673219,1.473219,84.300000
51,1,genbio-pathfm,thunder.spider_colorectal.linear_probing,thunder,f1,90.500000,91.155843,0.655843,89.650000
51,1,genbio-pathfm,thunder.tcga_crc_msi.linear_probing,thunder,f1,68.000000,67.847855,0.152145,63.100000
51,1,genbio-pathfm,thunder.bracs.linear_probing,thunder,f1,60.100000,63.730686,3.630686,59.400000
51,1,genbio-pathfm,thunder.crc.linear_probing,thunder,f1,95.600000,94.916611,0.683389,93.000000
51,1,genbio-pathfm,thunder.mhist.linear_probing,thunder,f1,83.200000,82.520768,0.679232,80.000000
51,1,genbio-pathfm,hest.skcm.gene_expression,hest,pearson_r,83.575000,81.827416,1.747584,79.580000
51,1,genbio-pathfm,thunder.patch_camelyon.linear_probing,thunder,f1,93.800000,93.819983,0.019983,90.700000
51,1,gpfm,hest.paad.gene_expression,hest,pearson_r,73.005000,72.808830,0.196170,73.005000
51,1,gpfm,hest.prad.gene_expression,hest,pearson_r,67.115000,68.423508,1.308508,67.415000
51,1,gpfm,hest.coad.gene_expression,hest,pearson_r,62.400000,62.961363,0.561363,63.712500
51,1,h-optimus-0,thunder.spider_thorax.linear_probing,thunder,f1,94.400000,94.558673,0.158673,93.100000
51,1,h-optimus-0,hest.prad.gene_expression,hest,pearson_r,69.240000,68.382632,0.857368,67.415000
51,1,h-optimus-0,thunder.ccrcc.linear_probing,thunder,f1,90.800000,90.441558,0.358442,84.300000
51,1,h-optimus-0,hest.skcm.gene_expression,hest,pearson_r,82.270000,81.368975,0.901025,79.580000
51,1,h-optimus-0,thunder.mhist.linear_probing,thunder,f1,82.800000,81.984716,0.815284,80.000000
51,1,h-optimus-0,thunder.tcga_tils.linear_probing,thunder,f1,91.000000,90.891215,0.108785,89.400000
51,1,h-optimus-0,pathorob.camelyon.robustness_index,pathorob,robustness_index,70.500000,47.453342,23.046658,55.800000
51,1,h-optimus-0,thunder.patch_camelyon.linear_probing,thunder,f1,93.000000,93.213185,0.213185,90.700000
51,1,h-optimus-0,hest.idc.gene_expression,hest,pearson_r,79.880000,79.403233,0.476767,78.402500
51,1,h-optimus-1,thunder.ccrcc.linear_probing,thunder,f1,91.700000,91.730155,0.030155,84.300000
51,1,h-optimus-1,thunder.tcga_tils.linear_probing,thunder,f1,91.000000,91.383271,0.383271,89.400000
51,1,h-optimus-1,thunder.wilds.linear_probing,thunder,f1,98.200000,98.225747,0.025747,94.700000
51,1,h-optimus-1,thunder.tcga_uniform.linear_probing,thunder,f1,81.000000,82.063526,1.063526,74.400000
51,1,h-optimus-1,thunder.spider_thorax.linear_probing,thunder,f1,93.600000,95.029248,1.429248,93.100000
51,1,h-optimus-1,thunder.patch_camelyon.linear_probing,thunder,f1,93.300000,93.785153,0.485153,90.700000
51,1,h-optimus-1,thunder.esca.linear_probing,thunder,f1,87.100000,85.334479,1.765521,77.300000
51,1,h-optimus-1,hest.read.gene_expression,hest,pearson_r,62.105000,60.342638,1.762362,58.745000
51,1,h0-mini,thunder.bach.linear_probing,thunder,f1,71.300000,75.615565,4.315565,70.300000
51,1,h0-mini,thunder.esca.linear_probing,thunder,f1,84.400000,82.698079,1.701921,77.300000
51,1,h0-mini,thunder.mhist.linear_probing,thunder,f1,79.900000,81.604939,1.704939,80.000000
51,1,h0-mini,hest.idc.gene_expression,hest,pearson_r,79.310000,78.945428,0.364572,78.402500
51,1,h0-mini,thunder.break_his.linear_probing,thunder,f1,69.000000,71.300413,2.300413,69.400000
51,1,h0-mini,thunder.wilds.linear_probing,thunder,f1,98.200000,97.505093,0.694907,94.700000
51,1,h0-mini,thunder.tcga_tils.linear_probing,thunder,f1,91.700000,90.547962,1.152038,89.400000
51,1,h0-mini,pathorob.tolkach_esca.robustness_index,pathorob,robustness_index,93.200000,90.938304,2.261696,91.000000
51,1,h0-mini,thunder.crc.linear_probing,thunder,f1,95.800000,94.157047,1.642953,93.000000
51,1,hibou-b,thunder.tcga_uniform.linear_probing,thunder,f1,70.200000,76.152188,5.952188,74.400000
51,1,hibou-b,thunder.wilds.linear_probing,thunder,f1,97.100000,97.216733,0.116733,94.700000
51,1,hibou-b,thunder.patch_camelyon.linear_probing,thunder,f1,93.400000,92.537957,0.862043,90.700000
51,1,hibou-b,thunder.tcga_tils.linear_probing,thunder,f1,89.600000,90.348704,0.748704,89.400000
51,1,hibou-b,thunder.mhist.linear_probing,thunder,f1,76.500000,81.596786,5.096786,80.000000
51,1,hibou-l,hest.lung.gene_expression,hest,pearson_r,78.810000,77.611548,1.198452,77.345000
51,1,hibou-l,thunder.tcga_tils.linear_probing,thunder,f1,90.300000,90.405915,0.105915,89.400000
51,1,hibou-l,hest.lymph_idc.gene_expression,hest,pearson_r,62.160000,62.929473,0.769473,62.515000
51,1,hibou-l,thunder.wilds.linear_probing,thunder,f1,98.100000,97.320975,0.779025,94.700000
51,1,hibou-l,thunder.ccrcc.linear_probing,thunder,f1,88.400000,89.567316,1.167316,84.300000
51,1,hibou-l,thunder.tcga_uniform.linear_probing,thunder,f1,75.200000,77.368347,2.168347,74.400000
51,1,hibou-l,thunder.spider_skin.linear_probing,thunder,f1,93.300000,90.496619,2.803381,87.900000
51,1,hibou-l,thunder.tcga_crc_msi.linear_probing,thunder,f1,68.100000,65.643529,2.456471,63.100000
51,1,hipt,pathorob.tolkach_esca.robustness_index,pathorob,robustness_index,72.600000,86.175486,13.575486,91.000000
51,1,kaiko-vit-b-16,hest.ccrcc.gene_expression,hest,pearson_r,61.455000,61.518122,0.063122,62.290000
51,1,kaiko-vit-b-16,hest.skcm.gene_expression,hest,pearson_r,77.510000,77.575797,0.065797,79.580000
51,1,kaiko-vit-b-16,hest.read.gene_expression,hest,pearson_r,57.625000,57.392907,0.232093,58.745000
51,1,kaiko-vit-b-8,pathorob.tcga_2x2.robustness_index,pathorob,robustness_index,76.300000,70.370169,5.929831,72.700000
51,1,kaiko-vit-b-8,hest.prad.gene_expression,hest,pearson_r,68.055000,66.028543,2.026457,67.415000
51,1,kaiko-vit-b-8,hest.lung.gene_expression,hest,pearson_r,75.915000,76.843714,0.928714,77.345000
51,1,kaiko-vit-b-8,hest.skcm.gene_expression,hest,pearson_r,78.625000,78.236982,0.388018,79.580000
51,1,kaiko-vit-b-unspecified-patch,thunder.patch_camelyon.linear_probing,thunder,f1,90.400000,91.221575,0.821575,90.700000
51,1,kaiko-vit-b-unspecified-patch,thunder.spider_thorax.linear_probing,thunder,f1,93.300000,92.589392,0.710608,93.100000
51,1,kaiko-vit-b-unspecified-patch,thunder.tcga_crc_msi.linear_probing,thunder,f1,67.000000,63.375920,3.624080,63.100000
51,1,kaiko-vit-b-unspecified-patch,thunder.esca.linear_probing,thunder,f1,78.500000,78.734468,0.234468,77.300000
51,1,kaiko-vit-b-unspecified-patch,thunder.wilds.linear_probing,thunder,f1,95.600000,95.876607,0.276607,94.700000
51,1,kaiko-vit-l-14,hest.idc.gene_expression,hest,pearson_r,77.675000,77.024279,0.650721,78.402500
51,1,kaiko-vit-l-14,hest.skcm.gene_expression,hest,pearson_r,77.665000,77.147482,0.517518,79.580000
51,1,kaiko-vit-l-14,hest.paad.gene_expression,hest,pearson_r,71.860000,71.877483,0.017483,73.005000
51,1,kaiko-vit-s-16,hest.skcm.gene_expression,hest,pearson_r,77.245000,75.891057,1.353943,79.580000
51,1,kaiko-vit-s-16,hest.ccrcc.gene_expression,hest,pearson_r,60.495000,61.056875,0.561875,62.290000
51,1,kaiko-vit-s-16,hest.lung.gene_expression,hest,pearson_r,75.150000,76.014422,0.864422,77.345000
51,1,kaiko-vit-s-8,hest.ccrcc.gene_expression,hest,pearson_r,61.730000,61.116903,0.613097,62.290000
51,1,kaiko-vit-s-8,hest.paad.gene_expression,hest,pearson_r,70.905000,71.420979,0.515979,73.005000
51,1,kaiko-vit-s-8,hest.idc.gene_expression,hest,pearson_r,76.520000,76.593113,0.073113,78.402500
51,1,kaiko-vit-s-unspecified-patch,thunder.spider_colorectal.linear_probing,thunder,f1,88.400000,88.611802,0.211802,89.650000
51,1,kaiko-vit-s-unspecified-patch,thunder.mhist.linear_probing,thunder,f1,81.400000,80.524596,0.875404,80.000000
51,1,kaiko-vit-s-unspecified-patch,thunder.patch_camelyon.linear_probing,thunder,f1,90.400000,91.410795,1.010795,90.700000
51,1,kaiko-vit-s-unspecified-patch,thunder.crc.linear_probing,thunder,f1,92.300000,93.200477,0.900477,93.000000
51,1,kaiko-vit-s-unspecified-patch,thunder.tcga_uniform.linear_probing,thunder,f1,75.700000,72.263985,3.436015,74.400000
51,1,kang-dino,pathorob.tolkach_esca.robustness_index,pathorob,robustness_index,83.200000,80.339506,2.860494,91.000000
51,1,keep,thunder.esca.linear_probing,thunder,f1,85.800000,82.856834,2.943166,77.300000
51,1,keep,thunder.bracs.linear_probing,thunder,f1,62.200000,61.319763,0.880237,59.400000
51,1,keep,thunder.spider_thorax.linear_probing,thunder,f1,93.800000,93.712609,0.087391,93.100000
51,1,keep,thunder.tcga_uniform.linear_probing,thunder,f1,72.700000,78.791821,6.091821,74.400000
51,1,keep,thunder.break_his.linear_probing,thunder,f1,65.900000,78.710415,12.810415,69.400000
51,1,lunit-vit-s-8,hest.idc.gene_expression,hest,pearson_r,77.245000,77.849791,0.604791,78.402500
51,1,lunit-vit-s-8,hest.prad.gene_expression,hest,pearson_r,64.145000,65.635790,1.490790,67.415000
51,1,lunit-vit-s-8,hest.skcm.gene_expression,hest,pearson_r,78.690000,78.773982,0.083982,79.580000
51,1,midnight,thunder.patch_camelyon.linear_probing,thunder,f1,93.500000,93.097927,0.402073,90.700000
51,1,midnight,thunder.tcga_uniform.linear_probing,thunder,f1,85.200000,79.210213,5.989787,74.400000
51,1,midnight,thunder.tcga_tils.linear_probing,thunder,f1,91.000000,90.794481,0.205519,89.400000
51,1,midnight,thunder.mhist.linear_probing,thunder,f1,80.200000,81.695998,1.495998,80.000000
51,1,midnight,hest.ccrcc.gene_expression,hest,pearson_r,60.660000,62.981309,2.321309,62.290000
51,1,midnight,thunder.bach.linear_probing,thunder,f1,87.900000,76.604144,11.295856,70.300000
51,1,midnight,thunder.tcga_crc_msi.linear_probing,thunder,f1,65.600000,66.465426,0.865426,63.100000
51,1,midnight,thunder.bracs.linear_probing,thunder,f1,63.800000,62.460653,1.339347,59.400000
51,1,musk,hest.skcm.gene_expression,hest,pearson_r,76.165000,76.511162,0.346162,79.580000
51,1,musk,thunder.spider_thorax.linear_probing,thunder,f1,93.300000,91.257574,2.042426,93.100000
51,1,musk,thunder.esca.linear_probing,thunder,f1,76.400000,77.235741,0.835741,77.300000
51,1,musk,hest.lymph_idc.gene_expression,hest,pearson_r,62.725000,62.159171,0.565829,62.515000
51,1,musk,thunder.wilds.linear_probing,thunder,f1,96.000000,94.897104,1.102896,94.700000
51,1,musk,hest.prad.gene_expression,hest,pearson_r,67.150000,64.052837,3.097163,67.415000
51,1,musk,thunder.crc.linear_probing,thunder,f1,91.100000,92.534003,1.434003,93.000000
51,1,musk,thunder.spider_skin.linear_probing,thunder,f1,87.600000,86.319336,1.280664,87.900000
51,1,musk,hest.coad.gene_expression,hest,pearson_r,61.825000,62.986150,1.161150,63.712500
51,1,openmidnight,hest.prad.gene_expression,hest,pearson_r,67.950000,66.557749,1.392251,67.415000
51,1,openmidnight,thunder.spider_breast.linear_probing,thunder,f1,84.500000,86.145842,1.645842,84.300000
51,1,openmidnight,hest.coad.gene_expression,hest,pearson_r,63.640000,64.796454,1.156454,63.712500
51,1,openmidnight,thunder.crc.linear_probing,thunder,f1,94.200000,94.391598,0.191598,93.000000
51,1,openmidnight,thunder.break_his.linear_probing,thunder,f1,77.300000,76.356388,0.943612,69.400000
51,1,openmidnight,thunder.spider_skin.linear_probing,thunder,f1,90.500000,90.990147,0.490147,87.900000
51,1,openmidnight,thunder.spider_colorectal.linear_probing,thunder,f1,88.300000,90.232271,1.932271,89.650000
51,1,openmidnight,thunder.mhist.linear_probing,thunder,f1,81.800000,81.402627,0.397373,80.000000
51,1,phikon,thunder.mhist.linear_probing,thunder,f1,78.100000,79.703087,1.603087,80.000000
51,1,phikon,thunder.wilds.linear_probing,thunder,f1,97.800000,94.928181,2.871819,94.700000
51,1,phikon,hest.idc.gene_expression,hest,pearson_r,76.635000,77.813940,1.178940,78.402500
51,1,phikon,hest.read.gene_expression,hest,pearson_r,57.660000,58.081385,0.421385,58.745000
51,1,phikon,thunder.ccrcc.linear_probing,thunder,f1,89.800000,84.358621,5.441379,84.300000
51,1,phikon,thunder.tcga_uniform.linear_probing,thunder,f1,76.600000,67.435945,9.164055,74.400000
51,1,phikon,thunder.bach.linear_probing,thunder,f1,69.300000,65.676959,3.623041,70.300000
51,1,phikon,thunder.spider_breast.linear_probing,thunder,f1,84.900000,81.693506,3.206494,84.300000
51,1,phikon,hest.prad.gene_expression,hest,pearson_r,67.100000,66.827797,0.272203,67.415000
51,1,phikon-v2,thunder.bach.linear_probing,thunder,f1,64.700000,68.657662,3.957662,70.300000
51,1,phikon-v2,thunder.crc.linear_probing,thunder,f1,92.000000,92.814156,0.814156,93.000000
51,1,phikon-v2,thunder.tcga_crc_msi.linear_probing,thunder,f1,61.100000,62.942229,1.842229,63.100000
51,1,phikon-v2,thunder.ccrcc.linear_probing,thunder,f1,76.700000,86.059226,9.359226,84.300000
51,1,phikon-v2,hest.ccrcc.gene_expression,hest,pearson_r,63.295000,62.247278,1.047722,62.290000
51,1,phikon-v2,hest.idc.gene_expression,hest,pearson_r,77.040000,78.055538,1.015538,78.402500
51,1,phikon-v2,thunder.break_his.linear_probing,thunder,f1,53.000000,62.694217,9.694217,69.400000
51,1,phikon-v2,pathorob.tcga_2x2.robustness_index,pathorob,robustness_index,61.900000,68.736016,6.836016,72.700000
51,1,phikon-v2,thunder.spider_skin.linear_probing,thunder,f1,87.200000,87.899343,0.699343,87.900000
51,1,plip,thunder.tcga_tils.linear_probing,thunder,f1,87.200000,86.394533,0.805467,89.400000
51,1,plip,thunder.bach.linear_probing,thunder,f1,63.900000,56.104736,7.795264,70.300000
51,1,plip,thunder.crc.linear_probing,thunder,f1,88.200000,90.034959,1.834959,93.000000
51,1,plip,thunder.spider_colorectal.linear_probing,thunder,f1,84.700000,84.458343,0.241657,89.650000
51,1,plip,thunder.wilds.linear_probing,thunder,f1,89.000000,90.595598,1.595598,94.700000
51,1,prov-gigapath,thunder.crc.linear_probing,thunder,f1,94.700000,93.618791,1.081209,93.000000
51,1,prov-gigapath,hest.paad.gene_expression,hest,pearson_r,73.730000,73.599890,0.130110,73.005000
51,1,prov-gigapath,thunder.patch_camelyon.linear_probing,thunder,f1,93.500000,92.106641,1.393359,90.700000
51,1,prov-gigapath,hest.lung.gene_expression,hest,pearson_r,77.060000,77.577861,0.517861,77.345000
51,1,prov-gigapath,thunder.ccrcc.linear_probing,thunder,f1,88.100000,88.353595,0.253595,84.300000
51,1,prov-gigapath,thunder.wilds.linear_probing,thunder,f1,94.800000,96.908186,2.108186,94.700000
51,1,prov-gigapath,thunder.bracs.linear_probing,thunder,f1,62.700000,60.802460,1.897540,59.400000
51,1,prov-gigapath,pathorob.camelyon.robustness_index,pathorob,robustness_index,39.900000,27.550220,12.349780,55.800000
51,1,prov-gigapath,hest.skcm.gene_expression,hest,pearson_r,78.095000,80.057264,1.962264,79.580000
51,1,quiltnet,thunder.ccrcc.linear_probing,thunder,f1,65.500000,77.731060,12.231060,84.300000
51,1,quiltnet,thunder.mhist.linear_probing,thunder,f1,73.500000,79.193665,5.693665,80.000000
51,1,quiltnet,thunder.crc.linear_probing,thunder,f1,92.500000,90.108652,2.391348,93.000000
51,1,quiltnet,thunder.patch_camelyon.linear_probing,thunder,f1,87.400000,87.518031,0.118031,90.700000
51,1,quiltnet,thunder.break_his.linear_probing,thunder,f1,62.400000,45.954578,16.445422,69.400000
51,1,resnet50,hest.lung.gene_expression,hest,pearson_r,74.745000,75.719704,0.974704,77.345000
51,1,resnet50,hest.idc.gene_expression,hest,pearson_r,73.695000,75.937043,2.242043,78.402500
51,1,resnet50,hest.skcm.gene_expression,hest,pearson_r,74.105000,75.219000,1.114000,79.580000
51,1,retccl,pathorob.tolkach_esca.robustness_index,pathorob,robustness_index,87.800000,82.126598,5.673402,91.000000
51,1,rudolfv,pathorob.camelyon.robustness_index,pathorob,robustness_index,18.400000,3.238057,15.161943,55.800000
51,1,uni,hest.paad.gene_expression,hest,pearson_r,74.035000,73.364565,0.670435,73.005000
51,1,uni,pathorob.camelyon.robustness_index,pathorob,robustness_index,14.500000,49.100834,34.600834,55.800000
51,1,uni,thunder.patch_camelyon.linear_probing,thunder,f1,93.800000,92.273876,1.526124,90.700000
51,1,uni,hest.read.gene_expression,hest,pearson_r,59.180000,58.897512,0.282488,58.745000
51,1,uni,thunder.spider_thorax.linear_probing,thunder,f1,93.900000,93.621703,0.278297,93.100000
51,1,uni,pathorob.tcga_2x2.robustness_index,pathorob,robustness_index,74.700000,75.942796,1.242796,72.700000
51,1,uni,thunder.esca.linear_probing,thunder,f1,83.400000,81.279847,2.120153,77.300000
51,1,uni,thunder.mhist.linear_probing,thunder,f1,82.400000,80.864671,1.535329,80.000000
51,1,uni,thunder.wilds.linear_probing,thunder,f1,97.200000,97.012023,0.187977,94.700000
51,1,uni2-h,pathorob.camelyon.robustness_index,pathorob,robustness_index,54.400000,68.160954,13.760954,55.800000
51,1,uni2-h,thunder.tcga_uniform.linear_probing,thunder,f1,78.800000,81.558118,2.758118,74.400000
51,1,uni2-h,thunder.crc.linear_probing,thunder,f1,93.900000,94.794123,0.894123,93.000000
51,1,uni2-h,thunder.tcga_crc_msi.linear_probing,thunder,f1,66.900000,67.509480,0.609480,63.100000
51,1,uni2-h,thunder.esca.linear_probing,thunder,f1,86.400000,84.948063,1.451937,77.300000
51,1,uni2-h,thunder.spider_skin.linear_probing,thunder,f1,92.500000,92.091830,0.408170,87.900000
51,1,uni2-h,hest.coad.gene_expression,hest,pearson_r,65.075000,65.336132,0.261132,63.712500
51,1,uni2-h,thunder.wilds.linear_probing,thunder,f1,98.900000,98.099274,0.800726,94.700000
51,1,uni2-h,thunder.patch_camelyon.linear_probing,thunder,f1,95.000000,93.636333,1.363667,90.700000
51,1,virchow,hest.prad.gene_expression,hest,pearson_r,66.890000,67.720780,0.830780,67.415000
51,1,virchow,hest.skcm.gene_expression,hest,pearson_r,81.215000,80.854895,0.360105,79.580000
51,1,virchow,hest.paad.gene_expression,hest,pearson_r,75.795000,74.073964,1.721036,73.005000
51,1,virchow,pathorob.tcga_2x2.robustness_index,pathorob,robustness_index,76.100000,78.869392,2.769392,72.700000
51,1,virchow,thunder.crc.linear_probing,thunder,f1,93.700000,94.350118,0.650118,93.000000
51,1,virchow,thunder.break_his.linear_probing,thunder,f1,62.700000,72.788709,10.088709,69.400000
51,1,virchow,thunder.spider_skin.linear_probing,thunder,f1,91.300000,91.180984,0.119016,87.900000
51,1,virchow,thunder.spider_colorectal.linear_probing,thunder,f1,90.200000,90.313807,0.113807,89.650000
51,1,virchow,thunder.tcga_tils.linear_probing,thunder,f1,90.700000,90.758055,0.058055,89.400000
51,1,virchow-2,hest.lymph_idc.gene_expression,hest,pearson_r,62.840000,63.242268,0.402268,62.515000
51,1,virchow-2,thunder.ccrcc.linear_probing,thunder,f1,93.600000,90.956891,2.643109,84.300000
51,1,virchow-2,hest.paad.gene_expression,hest,pearson_r,73.895000,74.289821,0.394821,73.005000
51,1,virchow-2,hest.lung.gene_expression,hest,pearson_r,78.425000,78.032428,0.392572,77.345000
51,1,virchow-2,thunder.tcga_crc_msi.linear_probing,thunder,f1,69.600000,66.962405,2.637595,63.100000
51,1,virchow-2,hest.read.gene_expression,hest,pearson_r,60.370000,59.887727,0.482273,58.745000
51,1,virchow-2,hest.coad.gene_expression,hest,pearson_r,62.905000,65.152277,2.247277,63.712500
51,1,virchow-2,pathorob.tcga_2x2.robustness_index,pathorob,robustness_index,82.200000,79.916202,2.283798,72.700000
51,1,virchow-2,thunder.spider_thorax.linear_probing,thunder,f1,93.900000,94.639411,0.739411,93.100000
51,1,vit-b,thunder.spider_thorax.linear_probing,thunder,f1,87.900000,88.220783,0.320783,93.100000
51,1,vit-b,thunder.mhist.linear_probing,thunder,f1,77.600000,77.623653,0.023653,80.000000
51,1,vit-b,thunder.esca.linear_probing,thunder,f1,62.700000,70.362034,7.662034,77.300000
51,1,vit-b,thunder.bach.linear_probing,thunder,f1,57.000000,59.613487,2.613487,70.300000
51,1,vit-b,thunder.bracs.linear_probing,thunder,f1,56.600000,54.340466,2.259534,59.400000
51,1,vit-l,thunder.bach.linear_probing,thunder,f1,56.900000,58.364791,1.464791,70.300000
51,1,vit-l,thunder.break_his.linear_probing,thunder,f1,66.300000,54.231603,12.068397,69.400000
51,1,vit-l,thunder.spider_colorectal.linear_probing,thunder,f1,85.100000,84.957318,0.142682,89.650000
51,1,vit-l,thunder.esca.linear_probing,thunder,f1,67.900000,70.078325,2.178325,77.300000
51,1,vit-l,thunder.tcga_tils.linear_probing,thunder,f1,87.500000,86.766323,0.733677,89.400000
51,2,atlas,pathorob.tolkach_esca.robustness_index,pathorob,robustness_index,93.800000,93.935386,0.135386,85.200000
51,2,ciga,pathorob.tcga_2x2.robustness_index,pathorob,robustness_index,51.100000,64.006660,12.906660,76.200000
51,2,clip-b,thunder.wilds.linear_probing,thunder,f1,83.500000,88.284441,4.784441,97.150000
51,2,clip-b,thunder.crc.linear_probing,thunder,f1,87.300000,87.827759,0.527759,93.100000
51,2,clip-b,thunder.tcga_uniform.linear_probing,thunder,f1,47.900000,47.324336,0.575664,75.000000
51,2,clip-b,thunder.bach.linear_probing,thunder,f1,51.100000,52.016316,0.916316,69.900000
51,2,clip-b,thunder.esca.linear_probing,thunder,f1,61.000000,61.486800,0.486800,79.150000
51,2,clip-b,thunder.spider_colorectal.linear_probing,thunder,f1,81.300000,82.978991,1.678991,88.500000
51,2,clip-l,thunder.bracs.linear_probing,thunder,f1,56.400000,54.105106,2.294894,59.600000
51,2,clip-l,thunder.spider_colorectal.linear_probing,thunder,f1,82.800000,84.425425,1.625425,88.500000
51,2,clip-l,thunder.mhist.linear_probing,thunder,f1,79.600000,77.243455,2.356545,80.700000
51,2,clip-l,thunder.wilds.linear_probing,thunder,f1,93.200000,91.236319,1.963681,97.150000
51,2,clip-l,thunder.crc.linear_probing,thunder,f1,88.300000,89.382464,1.082464,93.100000
51,2,clip-l,thunder.spider_skin.linear_probing,thunder,f1,78.500000,79.348870,0.848870,88.600000
51,2,conch,thunder.bracs.linear_probing,thunder,f1,60.000000,59.840741,0.159259,59.600000
51,2,conch,thunder.spider_skin.linear_probing,thunder,f1,87.300000,88.569113,1.269113,88.600000
51,2,conch,thunder.esca.linear_probing,thunder,f1,80.100000,80.020292,0.079708,79.150000
51,2,conch,hest.idc.gene_expression,hest,pearson_r,76.815000,77.647358,0.832358,77.460000
51,2,conch,thunder.tcga_tils.linear_probing,thunder,f1,88.100000,89.480400,1.380400,90.000000
51,2,conch,hest.read.gene_expression,hest,pearson_r,58.010000,57.792016,0.217984,58.397500
51,2,conch,thunder.spider_thorax.linear_probing,thunder,f1,91.000000,92.715111,1.715111,93.450000
51,2,conch,hest.lung.gene_expression,hest,pearson_r,76.610000,76.679851,0.069851,75.915000
51,2,conch,pathorob.tolkach_esca.robustness_index,pathorob,robustness_index,95.100000,91.967245,3.132755,85.200000
51,2,conch,thunder.mhist.linear_probing,thunder,f1,79.700000,80.794893,1.094893,80.700000
51,2,conch-1.5,thunder.break_his.linear_probing,thunder,f1,75.300000,73.182738,2.117262,69.000000
51,2,conch-1.5,thunder.crc.linear_probing,thunder,f1,93.800000,93.426635,0.373365,93.100000
51,2,conch-1.5,thunder.spider_breast.linear_probing,thunder,f1,81.600000,83.938193,2.338193,82.100000
51,2,conch-1.5,thunder.spider_skin.linear_probing,thunder,f1,87.000000,89.054578,2.054578,88.600000
51,2,conch-1.5,thunder.patch_camelyon.linear_probing,thunder,f1,91.400000,91.763088,0.363088,90.700000
51,2,conch-1.5,thunder.spider_thorax.linear_probing,thunder,f1,92.100000,93.050301,0.950301,93.450000
51,2,conch-1.5,hest.lung.gene_expression,hest,pearson_r,77.565000,76.749346,0.815654,75.915000
51,2,conch-1.5,thunder.tcga_crc_msi.linear_probing,thunder,f1,62.300000,64.760812,2.460812,65.600000
51,2,conch-1.5,hest.coad.gene_expression,hest,pearson_r,64.010000,62.920897,1.089103,62.675000
51,2,conch-1.5,pathorob.camelyon.robustness_index,pathorob,robustness_index,77.400000,75.317447,2.082553,54.400000
51,2,ctranspath,hest.paad.gene_expression,hest,pearson_r,71.570000,72.025303,0.455303,72.735000
51,2,ctranspath,hest.skcm.gene_expression,hest,pearson_r,75.485000,77.408838,1.923838,78.360000
51,2,ctranspath,hest.idc.gene_expression,hest,pearson_r,74.965000,76.819204,1.854204,77.460000
51,2,ctranspath,pathorob.camelyon.robustness_index,pathorob,robustness_index,10.600000,22.426255,11.826255,54.400000
51,2,dinov2-b,thunder.ccrcc.linear_probing,thunder,f1,79.700000,81.321542,1.621542,88.100000
51,2,dinov2-b,thunder.spider_thorax.linear_probing,thunder,f1,87.600000,88.251765,0.651765,93.450000
51,2,dinov2-b,thunder.crc.linear_probing,thunder,f1,90.300000,90.130420,0.169580,93.100000
51,2,dinov2-b,thunder.bracs.linear_probing,thunder,f1,52.900000,55.147588,2.247588,59.600000
51,2,dinov2-b,thunder.tcga_uniform.linear_probing,thunder,f1,54.400000,56.003335,1.603335,75.000000
51,2,dinov2-b,thunder.spider_colorectal.linear_probing,thunder,f1,83.900000,84.507554,0.607554,88.500000
51,2,dinov2-l,thunder.tcga_tils.linear_probing,thunder,f1,85.900000,86.567800,0.667800,90.000000
51,2,dinov2-l,thunder.tcga_crc_msi.linear_probing,thunder,f1,59.300000,57.104798,2.195202,65.600000
51,2,dinov2-l,thunder.spider_skin.linear_probing,thunder,f1,82.100000,81.509758,0.590242,88.600000
51,2,dinov2-l,thunder.wilds.linear_probing,thunder,f1,90.300000,92.778009,2.478009,97.150000
51,2,dinov2-l,thunder.esca.linear_probing,thunder,f1,72.100000,72.438948,0.338948,79.150000
51,2,dinov2-l,thunder.bracs.linear_probing,thunder,f1,50.600000,55.484166,4.884166,59.600000
51,2,dinov3-b,thunder.wilds.linear_probing,thunder,f1,93.600000,93.080390,0.519610,97.150000
51,2,dinov3-b,thunder.ccrcc.linear_probing,thunder,f1,80.700000,82.982481,2.282481,88.100000
51,2,dinov3-b,thunder.bach.linear_probing,thunder,f1,60.300000,69.471903,9.171903,69.900000
51,2,dinov3-b,thunder.esca.linear_probing,thunder,f1,72.900000,73.396553,0.496553,79.150000
51,2,dinov3-b,thunder.tcga_uniform.linear_probing,thunder,f1,56.200000,57.993606,1.793606,75.000000
51,2,dinov3-b,thunder.tcga_tils.linear_probing,thunder,f1,86.700000,86.764991,0.064991,90.000000
51,2,dinov3-l,thunder.bach.linear_probing,thunder,f1,57.900000,71.051357,13.151357,69.900000
51,2,dinov3-l,thunder.ccrcc.linear_probing,thunder,f1,82.500000,84.288674,1.788674,88.100000
51,2,dinov3-l,thunder.tcga_crc_msi.linear_probing,thunder,f1,55.500000,58.940772,3.440772,65.600000
51,2,dinov3-l,thunder.crc.linear_probing,thunder,f1,91.500000,91.137795,0.362205,93.100000
51,2,dinov3-l,thunder.spider_breast.linear_probing,thunder,f1,78.300000,77.518380,0.781620,82.100000
51,2,dinov3-l,thunder.spider_thorax.linear_probing,thunder,f1,90.100000,89.773386,0.326614,93.450000
51,2,dinov3-s,thunder.mhist.linear_probing,thunder,f1,82.900000,83.980852,1.080852,80.700000
51,2,dinov3-s,thunder.wilds.linear_probing,thunder,f1,94.100000,92.848087,1.251913,97.150000
51,2,dinov3-s,thunder.spider_skin.linear_probing,thunder,f1,81.800000,81.579951,0.220049,88.600000
51,2,dinov3-s,thunder.spider_breast.linear_probing,thunder,f1,75.000000,75.534548,0.534548,82.100000
51,2,dinov3-s,thunder.bach.linear_probing,thunder,f1,56.400000,70.081444,13.681444,69.900000
51,2,dinov3-s,thunder.tcga_crc_msi.linear_probing,thunder,f1,57.700000,57.439551,0.260449,65.600000
51,2,genbio-pathfm,thunder.break_his.linear_probing,thunder,f1,76.600000,77.661952,1.061952,69.000000
51,2,genbio-pathfm,thunder.spider_skin.linear_probing,thunder,f1,93.500000,92.483420,1.016580,88.600000
51,2,genbio-pathfm,hest.paad.gene_expression,hest,pearson_r,74.795000,74.573753,0.221247,72.735000
51,2,genbio-pathfm,thunder.tcga_uniform.linear_probing,thunder,f1,79.900000,80.875460,0.975460,75.000000
51,2,genbio-pathfm,thunder.ccrcc.linear_probing,thunder,f1,91.600000,92.459772,0.859772,88.100000
51,2,genbio-pathfm,thunder.esca.linear_probing,thunder,f1,84.700000,86.214901,1.514901,79.150000
51,2,genbio-pathfm,hest.lung.gene_expression,hest,pearson_r,78.935000,78.253014,0.681986,75.915000
51,2,genbio-pathfm,thunder.spider_thorax.linear_probing,thunder,f1,94.600000,95.054432,0.454432,93.450000
51,2,genbio-pathfm,hest.prad.gene_expression,hest,pearson_r,69.565000,68.589427,0.975573,67.437500
51,2,gpfm,hest.read.gene_expression,hest,pearson_r,58.230000,58.729587,0.499587,58.397500
51,2,gpfm,hest.lung.gene_expression,hest,pearson_r,77.360000,77.133473,0.226527,75.915000
51,2,gpfm,hest.skcm.gene_expression,hest,pearson_r,79.455000,79.476492,0.021492,78.360000
51,2,h-optimus-0,hest.lung.gene_expression,hest,pearson_r,77.950000,78.039813,0.089813,75.915000
51,2,h-optimus-0,hest.read.gene_expression,hest,pearson_r,61.080000,60.156888,0.923112,58.397500
51,2,h-optimus-0,hest.lymph_idc.gene_expression,hest,pearson_r,62.955000,63.238150,0.283150,62.425000
51,2,h-optimus-0,thunder.crc.linear_probing,thunder,f1,93.500000,94.732796,1.232796,93.100000
51,2,h-optimus-0,thunder.bach.linear_probing,thunder,f1,69.700000,80.696400,10.996400,69.900000
51,2,h-optimus-0,thunder.spider_breast.linear_probing,thunder,f1,87.200000,87.668113,0.468113,82.100000
51,2,h-optimus-0,thunder.bracs.linear_probing,thunder,f1,61.100000,62.974461,1.874461,59.600000
51,2,h-optimus-0,hest.paad.gene_expression,hest,pearson_r,74.555000,74.296131,0.258869,72.735000
51,2,h-optimus-0,hest.ccrcc.gene_expression,hest,pearson_r,63.380000,62.804405,0.575595,61.810000
51,2,h-optimus-0,hest.coad.gene_expression,hest,pearson_r,65.430000,64.218026,1.211974,62.675000
51,2,h-optimus-1,thunder.crc.linear_probing,thunder,f1,94.600000,94.866046,0.266046,93.100000
51,2,h-optimus-1,thunder.bracs.linear_probing,thunder,f1,64.300000,63.283826,1.016174,59.600000
51,2,h-optimus-1,thunder.tcga_crc_msi.linear_probing,thunder,f1,67.900000,69.502419,1.602419,65.600000
51,2,h-optimus-1,thunder.mhist.linear_probing,thunder,f1,82.000000,82.126041,0.126041,80.700000
51,2,h-optimus-1,hest.ccrcc.gene_expression,hest,pearson_r,62.665000,62.952257,0.287257,61.810000
51,2,h-optimus-1,hest.lung.gene_expression,hest,pearson_r,78.895000,78.187879,0.707121,75.915000
51,2,h-optimus-1,hest.skcm.gene_expression,hest,pearson_r,82.945000,81.225675,1.719325,78.360000
51,2,h-optimus-1,hest.coad.gene_expression,hest,pearson_r,65.975000,64.373807,1.601193,62.675000
51,2,h-optimus-1,thunder.spider_breast.linear_probing,thunder,f1,86.100000,87.990856,1.890856,82.100000
51,2,h0-mini,hest.paad.gene_expression,hest,pearson_r,74.595000,73.869656,0.725344,72.735000
51,2,h0-mini,thunder.tcga_uniform.linear_probing,thunder,f1,78.200000,77.906934,0.293066,75.000000
51,2,h0-mini,hest.ccrcc.gene_expression,hest,pearson_r,63.350000,62.454804,0.895196,61.810000
51,2,h0-mini,pathorob.tcga_2x2.robustness_index,pathorob,robustness_index,79.400000,79.604620,0.204620,76.200000
51,2,h0-mini,hest.prad.gene_expression,hest,pearson_r,68.435000,68.147502,0.287498,67.437500
51,2,h0-mini,hest.read.gene_expression,hest,pearson_r,59.315000,59.554680,0.239680,58.397500
51,2,h0-mini,thunder.spider_colorectal.linear_probing,thunder,f1,90.200000,90.023165,0.176835,88.500000
51,2,h0-mini,thunder.spider_thorax.linear_probing,thunder,f1,93.400000,94.284744,0.884744,93.450000
51,2,h0-mini,hest.lymph_idc.gene_expression,hest,pearson_r,63.145000,62.986459,0.158541,62.425000
51,2,h0-mini,thunder.tcga_crc_msi.linear_probing,thunder,f1,66.500000,67.553133,1.053133,65.600000
51,2,hibou-b,thunder.bach.linear_probing,thunder,f1,65.600000,72.511246,6.911246,69.900000
51,2,hibou-b,thunder.tcga_crc_msi.linear_probing,thunder,f1,66.200000,65.611355,0.588645,65.600000
51,2,hibou-b,thunder.ccrcc.linear_probing,thunder,f1,84.300000,86.958616,2.658616,88.100000
51,2,hibou-b,thunder.bracs.linear_probing,thunder,f1,61.700000,61.031597,0.668403,59.600000
51,2,hibou-b,thunder.spider_skin.linear_probing,thunder,f1,91.100000,90.354740,0.745260,88.600000
51,2,hibou-b,thunder.break_his.linear_probing,thunder,f1,59.600000,52.507366,7.092634,69.000000
51,2,hibou-l,thunder.patch_camelyon.linear_probing,thunder,f1,93.300000,93.040645,0.259355,90.700000
51,2,hibou-l,thunder.mhist.linear_probing,thunder,f1,81.300000,78.973759,2.326241,80.700000
51,2,hibou-l,hest.coad.gene_expression,hest,pearson_r,65.200000,63.726232,1.473768,62.675000
51,2,hibou-l,hest.idc.gene_expression,hest,pearson_r,78.505000,79.172140,0.667140,77.460000
51,2,hibou-l,hest.ccrcc.gene_expression,hest,pearson_r,63.285000,62.999316,0.285684,61.810000
51,2,hibou-l,thunder.bach.linear_probing,thunder,f1,76.500000,76.082250,0.417750,69.900000
51,2,hibou-l,hest.skcm.gene_expression,hest,pearson_r,79.085000,80.925313,1.840313,78.360000
51,2,hibou-l,hest.paad.gene_expression,hest,pearson_r,73.370000,74.024723,0.654723,72.735000
51,2,hibou-l,thunder.crc.linear_probing,thunder,f1,93.000000,94.188475,1.188475,93.100000
51,2,hipt,pathorob.tcga_2x2.robustness_index,pathorob,robustness_index,61.400000,71.334506,9.934506,76.200000
51,2,kaiko-vit-b-16,hest.lung.gene_expression,hest,pearson_r,75.780000,76.195702,0.415702,75.915000
51,2,kaiko-vit-b-16,hest.coad.gene_expression,hest,pearson_r,64.060000,62.230868,1.829132,62.675000
51,2,kaiko-vit-b-16,hest.lymph_idc.gene_expression,hest,pearson_r,61.825000,62.035003,0.210003,62.425000
51,2,kaiko-vit-b-8,pathorob.tolkach_esca.robustness_index,pathorob,robustness_index,89.600000,86.820592,2.779408,85.200000
51,2,kaiko-vit-b-8,hest.coad.gene_expression,hest,pearson_r,63.415000,62.575219,0.839781,62.675000
51,2,kaiko-vit-b-8,hest.read.gene_expression,hest,pearson_r,58.115000,57.744676,0.370324,58.397500
51,2,kaiko-vit-b-8,pathorob.camelyon.robustness_index,pathorob,robustness_index,14.700000,39.909103,25.209103,54.400000
51,2,kaiko-vit-b-unspecified-patch,thunder.break_his.linear_probing,thunder,f1,67.200000,49.443454,17.756546,69.000000
51,2,kaiko-vit-b-unspecified-patch,thunder.spider_colorectal.linear_probing,thunder,f1,88.500000,89.201793,0.701793,88.500000
51,2,kaiko-vit-b-unspecified-patch,thunder.spider_breast.linear_probing,thunder,f1,81.900000,84.217631,2.317631,82.100000
51,2,kaiko-vit-b-unspecified-patch,thunder.bracs.linear_probing,thunder,f1,59.400000,59.956810,0.556810,59.600000
51,2,kaiko-vit-b-unspecified-patch,thunder.mhist.linear_probing,thunder,f1,78.300000,75.567303,2.732697,80.700000
51,2,kaiko-vit-b-unspecified-patch,thunder.crc.linear_probing,thunder,f1,94.500000,93.270208,1.229792,93.100000
51,2,kaiko-vit-l-14,hest.read.gene_expression,hest,pearson_r,57.360000,56.911539,0.448461,58.397500
51,2,kaiko-vit-l-14,hest.prad.gene_expression,hest,pearson_r,67.350000,65.871370,1.478630,67.437500
51,2,kaiko-vit-l-14,hest.lung.gene_expression,hest,pearson_r,76.895000,76.012624,0.882376,75.915000
51,2,kaiko-vit-s-16,hest.prad.gene_expression,hest,pearson_r,67.415000,65.466370,1.948630,67.437500
51,2,kaiko-vit-s-16,hest.read.gene_expression,hest,pearson_r,56.640000,56.040336,0.599664,58.397500
51,2,kaiko-vit-s-16,hest.coad.gene_expression,hest,pearson_r,60.285000,61.505464,1.220464,62.675000
51,2,kaiko-vit-s-8,hest.skcm.gene_expression,hest,pearson_r,75.870000,77.327626,1.457626,78.360000
51,2,kaiko-vit-s-8,hest.lung.gene_expression,hest,pearson_r,75.265000,75.960809,0.695809,75.915000
51,2,kaiko-vit-s-8,hest.prad.gene_expression,hest,pearson_r,66.700000,66.479850,0.220150,67.437500
51,2,kaiko-vit-s-unspecified-patch,thunder.tcga_crc_msi.linear_probing,thunder,f1,62.600000,63.969305,1.369305,65.600000
51,2,kaiko-vit-s-unspecified-patch,thunder.tcga_tils.linear_probing,thunder,f1,90.100000,89.470337,0.629663,90.000000
51,2,kaiko-vit-s-unspecified-patch,thunder.ccrcc.linear_probing,thunder,f1,84.900000,87.598495,2.698495,88.100000
51,2,kaiko-vit-s-unspecified-patch,thunder.bach.linear_probing,thunder,f1,72.600000,74.658178,2.058178,69.900000
51,2,kaiko-vit-s-unspecified-patch,thunder.spider_breast.linear_probing,thunder,f1,83.100000,83.366291,0.266291,82.100000
51,2,kaiko-vit-s-unspecified-patch,thunder.esca.linear_probing,thunder,f1,76.800000,80.019211,3.219211,79.150000
51,2,kang-dino,pathorob.camelyon.robustness_index,pathorob,robustness_index,4.300000,11.306432,7.006432,54.400000
51,2,keep,thunder.crc.linear_probing,thunder,f1,94.700000,94.241264,0.458736,93.100000
51,2,keep,thunder.wilds.linear_probing,thunder,f1,97.400000,97.733265,0.333265,97.150000
51,2,keep,thunder.tcga_tils.linear_probing,thunder,f1,89.900000,90.702868,0.802868,90.000000
51,2,keep,thunder.spider_colorectal.linear_probing,thunder,f1,89.700000,90.121592,0.421592,88.500000
51,2,keep,thunder.tcga_crc_msi.linear_probing,thunder,f1,64.900000,67.095459,2.195459,65.600000
51,2,keep,thunder.spider_skin.linear_probing,thunder,f1,89.300000,91.148575,1.848575,88.600000
51,2,lunit-vit-s-8,hest.lymph_idc.gene_expression,hest,pearson_r,62.530000,61.455969,1.074031,62.425000
51,2,lunit-vit-s-8,hest.lung.gene_expression,hest,pearson_r,77.075000,76.580064,0.494936,75.915000
51,2,lunit-vit-s-8,hest.coad.gene_expression,hest,pearson_r,64.130000,61.398289,2.731711,62.675000
51,2,midnight,hest.lymph_idc.gene_expression,hest,pearson_r,63.210000,62.988795,0.221205,62.425000
51,2,midnight,thunder.crc.linear_probing,thunder,f1,95.600000,94.335502,1.264498,93.100000
51,2,midnight,hest.read.gene_expression,hest,pearson_r,59.280000,59.568355,0.288355,58.397500
51,2,midnight,thunder.spider_thorax.linear_probing,thunder,f1,94.400000,94.286190,0.113810,93.450000
51,2,midnight,hest.lung.gene_expression,hest,pearson_r,77.885000,77.666478,0.218522,75.915000
51,2,midnight,hest.idc.gene_expression,hest,pearson_r,79.115000,78.897323,0.217677,77.460000
51,2,midnight,hest.coad.gene_expression,hest,pearson_r,64.540000,63.883048,0.656952,62.675000
51,2,midnight,thunder.spider_breast.linear_probing,thunder,f1,86.100000,86.622416,0.522416,82.100000
51,2,midnight,hest.skcm.gene_expression,hest,pearson_r,81.800000,80.403841,1.396159,78.360000
51,2,musk,thunder.tcga_uniform.linear_probing,thunder,f1,66.000000,66.767510,0.767510,75.000000
51,2,musk,thunder.spider_colorectal.linear_probing,thunder,f1,87.900000,87.315929,0.584071,88.500000
51,2,musk,hest.idc.gene_expression,hest,pearson_r,76.240000,76.793638,0.553638,77.460000
51,2,musk,hest.paad.gene_expression,hest,pearson_r,71.385000,72.090818,0.705818,72.735000
51,2,musk,thunder.bracs.linear_probing,thunder,f1,63.300000,58.207655,5.092345,59.600000
51,2,musk,hest.ccrcc.gene_expression,hest,pearson_r,59.125000,61.046947,1.921947,61.810000
51,2,musk,pathorob.tcga_2x2.robustness_index,pathorob,robustness_index,72.700000,76.289304,3.589304,76.200000
51,2,musk,thunder.tcga_crc_msi.linear_probing,thunder,f1,63.200000,61.399534,1.800466,65.600000
51,2,musk,pathorob.camelyon.robustness_index,pathorob,robustness_index,46.700000,43.228593,3.471407,54.400000
51,2,musk,pathorob.tolkach_esca.robustness_index,pathorob,robustness_index,92.800000,90.086354,2.713646,85.200000
51,2,openmidnight,thunder.tcga_tils.linear_probing,thunder,f1,91.000000,90.364707,0.635293,90.000000
51,2,openmidnight,hest.lymph_idc.gene_expression,hest,pearson_r,62.990000,63.125289,0.135289,62.425000
51,2,openmidnight,hest.idc.gene_expression,hest,pearson_r,79.350000,78.378178,0.971822,77.460000
51,2,openmidnight,hest.paad.gene_expression,hest,pearson_r,73.655000,73.510761,0.144239,72.735000
51,2,openmidnight,thunder.tcga_crc_msi.linear_probing,thunder,f1,66.300000,66.481784,0.181784,65.600000
51,2,openmidnight,hest.lung.gene_expression,hest,pearson_r,77.670000,77.307683,0.362317,75.915000
51,2,openmidnight,hest.read.gene_expression,hest,pearson_r,58.810000,58.800523,0.009477,58.397500
51,2,openmidnight,hest.ccrcc.gene_expression,hest,pearson_r,62.290000,62.067552,0.222448,61.810000
51,2,openmidnight,thunder.patch_camelyon.linear_probing,thunder,f1,93.200000,92.616876,0.583124,90.700000
51,2,phikon,hest.coad.gene_expression,hest,pearson_r,63.115000,62.673899,0.441101,62.675000
51,2,phikon,pathorob.camelyon.robustness_index,pathorob,robustness_index,1.100000,24.627824,23.527824,54.400000
51,2,phikon,thunder.esca.linear_probing,thunder,f1,76.700000,78.007629,1.307629,79.150000
51,2,phikon,hest.lung.gene_expression,hest,pearson_r,77.330000,76.586081,0.743919,75.915000
51,2,phikon,thunder.tcga_tils.linear_probing,thunder,f1,90.100000,89.148567,0.951433,90.000000
51,2,phikon,thunder.spider_thorax.linear_probing,thunder,f1,92.400000,92.265333,0.134667,93.450000
51,2,phikon,hest.lymph_idc.gene_expression,hest,pearson_r,61.865000,62.249539,0.384539,62.425000
51,2,phikon,thunder.tcga_crc_msi.linear_probing,thunder,f1,63.100000,62.856594,0.243406,65.600000
51,2,phikon,pathorob.tcga_2x2.robustness_index,pathorob,robustness_index,62.300000,71.381313,9.081313,76.200000
51,2,phikon,thunder.crc.linear_probing,thunder,f1,92.100000,92.841311,0.741311,93.100000
51,2,phikon-v2,hest.skcm.gene_expression,hest,pearson_r,77.770000,78.780462,1.010462,78.360000
51,2,phikon-v2,thunder.mhist.linear_probing,thunder,f1,79.200000,76.398931,2.801069,80.700000
51,2,phikon-v2,thunder.spider_breast.linear_probing,thunder,f1,86.000000,82.812230,3.187770,82.100000
51,2,phikon-v2,thunder.esca.linear_probing,thunder,f1,77.300000,76.985152,0.314848,79.150000
51,2,phikon-v2,thunder.spider_thorax.linear_probing,thunder,f1,94.700000,92.150726,2.549274,93.450000
51,2,phikon-v2,hest.lung.gene_expression,hest,pearson_r,77.095000,76.634250,0.460750,75.915000
51,2,phikon-v2,thunder.wilds.linear_probing,thunder,f1,95.800000,96.245697,0.445697,97.150000
51,2,phikon-v2,hest.lymph_idc.gene_expression,hest,pearson_r,62.185000,61.995722,0.189278,62.425000
51,2,phikon-v2,thunder.tcga_uniform.linear_probing,thunder,f1,77.700000,70.222163,7.477837,75.000000
51,2,phikon-v2,hest.coad.gene_expression,hest,pearson_r,62.500000,62.774065,0.274065,62.675000
51,2,plip,thunder.tcga_crc_msi.linear_probing,thunder,f1,56.000000,55.595093,0.404907,65.600000
51,2,plip,thunder.spider_thorax.linear_probing,thunder,f1,88.600000,87.889805,0.710195,93.450000
51,2,plip,thunder.spider_skin.linear_probing,thunder,f1,82.100000,80.556486,1.543514,88.600000
51,2,plip,thunder.tcga_uniform.linear_probing,thunder,f1,54.900000,55.605294,0.705294,75.000000
51,2,plip,thunder.patch_camelyon.linear_probing,thunder,f1,87.900000,86.104988,1.795012,90.700000
51,2,plip,thunder.break_his.linear_probing,thunder,f1,47.200000,61.103591,13.903591,69.000000
51,2,prov-gigapath,thunder.break_his.linear_probing,thunder,f1,65.400000,63.992676,1.407324,69.000000
51,2,prov-gigapath,thunder.spider_breast.linear_probing,thunder,f1,85.500000,85.606026,0.106026,82.100000
51,2,prov-gigapath,thunder.mhist.linear_probing,thunder,f1,81.700000,79.233258,2.466742,80.700000
51,2,prov-gigapath,thunder.tcga_tils.linear_probing,thunder,f1,89.100000,90.323554,1.223554,90.000000
51,2,prov-gigapath,thunder.esca.linear_probing,thunder,f1,81.700000,81.773549,0.073549,79.150000
51,2,prov-gigapath,thunder.spider_thorax.linear_probing,thunder,f1,93.800000,93.719566,0.080434,93.450000
51,2,prov-gigapath,thunder.tcga_uniform.linear_probing,thunder,f1,74.400000,75.898707,1.498707,75.000000
51,2,prov-gigapath,thunder.spider_skin.linear_probing,thunder,f1,91.300000,90.327556,0.972444,88.600000
51,2,prov-gigapath,hest.idc.gene_expression,hest,pearson_r,77.575000,78.558920,0.983920,77.460000
51,2,prov-gigapath,hest.lymph_idc.gene_expression,hest,pearson_r,62.500000,62.649424,0.149424,62.425000
51,2,quiltnet,thunder.spider_thorax.linear_probing,thunder,f1,88.500000,88.981172,0.481172,93.450000
51,2,quiltnet,thunder.esca.linear_probing,thunder,f1,61.500000,69.847684,8.347684,79.150000
51,2,quiltnet,thunder.bracs.linear_probing,thunder,f1,55.900000,55.698430,0.201570,59.600000
51,2,quiltnet,thunder.spider_colorectal.linear_probing,thunder,f1,82.900000,85.983487,3.083487,88.500000
51,2,quiltnet,thunder.wilds.linear_probing,thunder,f1,94.700000,93.341471,1.358529,97.150000
51,2,quiltnet,thunder.spider_skin.linear_probing,thunder,f1,81.200000,82.567984,1.367984,88.600000
51,2,resnet50,hest.ccrcc.gene_expression,hest,pearson_r,61.260000,59.846504,1.413496,61.810000
51,2,resnet50,hest.coad.gene_expression,hest,pearson_r,62.500000,60.142874,2.357126,62.675000
51,2,resnet50,hest.prad.gene_expression,hest,pearson_r,65.220000,65.888136,0.668136,67.437500
51,2,retccl,pathorob.tcga_2x2.robustness_index,pathorob,robustness_index,59.300000,74.451432,15.151432,76.200000
51,2,rudolfv,pathorob.tolkach_esca.robustness_index,pathorob,robustness_index,69.500000,61.394273,8.105727,85.200000
51,2,uni,hest.idc.gene_expression,hest,pearson_r,79.450000,78.639356,0.810644,77.460000
51,2,uni,thunder.bach.linear_probing,thunder,f1,73.000000,75.487842,2.487842,69.900000
51,2,uni,thunder.spider_breast.linear_probing,thunder,f1,85.700000,85.451425,0.248575,82.100000
51,2,uni,hest.lung.gene_expression,hest,pearson_r,77.320000,77.518351,0.198351,75.915000
51,2,uni,thunder.break_his.linear_probing,thunder,f1,70.800000,65.864823,4.935177,69.000000
51,2,uni,hest.ccrcc.gene_expression,hest,pearson_r,62.000000,62.732871,0.732871,61.810000
51,2,uni,pathorob.tolkach_esca.robustness_index,pathorob,robustness_index,90.200000,84.763989,5.436011,85.200000
51,2,uni,thunder.bracs.linear_probing,thunder,f1,59.400000,61.068891,1.668891,59.600000
51,2,uni,hest.skcm.gene_expression,hest,pearson_r,81.730000,80.171024,1.558976,78.360000
51,2,uni,thunder.ccrcc.linear_probing,thunder,f1,90.700000,88.587926,2.112074,88.100000
51,2,uni2-h,hest.skcm.gene_expression,hest,pearson_r,83.030000,81.466422,1.563578,78.360000
51,2,uni2-h,hest.lymph_idc.gene_expression,hest,pearson_r,63.635000,63.220982,0.414018,62.425000
51,2,uni2-h,hest.paad.gene_expression,hest,pearson_r,75.005000,74.571804,0.433196,72.735000
51,2,uni2-h,hest.prad.gene_expression,hest,pearson_r,67.845000,68.391063,0.546063,67.437500
51,2,uni2-h,hest.ccrcc.gene_expression,hest,pearson_r,63.200000,63.194813,0.005187,61.810000
51,2,uni2-h,thunder.break_his.linear_probing,thunder,f1,78.400000,70.985977,7.414023,69.000000
51,2,uni2-h,hest.lung.gene_expression,hest,pearson_r,77.935000,78.295473,0.360473,75.915000
51,2,uni2-h,thunder.spider_breast.linear_probing,thunder,f1,86.700000,88.340865,1.640865,82.100000
51,2,uni2-h,thunder.ccrcc.linear_probing,thunder,f1,89.500000,91.839319,2.339319,88.100000
51,2,uni2-h,thunder.spider_colorectal.linear_probing,thunder,f1,90.500000,90.901460,0.401460,88.500000
51,2,virchow,thunder.tcga_crc_msi.linear_probing,thunder,f1,65.500000,67.504757,2.004757,65.600000
51,2,virchow,hest.lung.gene_expression,hest,pearson_r,78.320000,77.795679,0.524321,75.915000
51,2,virchow,hest.coad.gene_expression,hest,pearson_r,65.395000,63.894454,1.500546,62.675000
51,2,virchow,thunder.ccrcc.linear_probing,thunder,f1,91.700000,90.145728,1.554272,88.100000
51,2,virchow,pathorob.tolkach_esca.robustness_index,pathorob,robustness_index,93.200000,88.498967,4.701033,85.200000
51,2,virchow,thunder.mhist.linear_probing,thunder,f1,82.300000,80.507851,1.792149,80.700000
51,2,virchow,hest.idc.gene_expression,hest,pearson_r,79.230000,78.998621,0.231379,77.460000
51,2,virchow,thunder.bach.linear_probing,thunder,f1,66.200000,78.144798,11.944798,69.900000
51,2,virchow,thunder.patch_camelyon.linear_probing,thunder,f1,93.600000,93.205054,0.394946,90.700000
51,2,virchow,hest.read.gene_expression,hest,pearson_r,59.905000,59.785301,0.119699,58.397500
51,2,virchow-2,pathorob.camelyon.robustness_index,pathorob,robustness_index,80.600000,70.050610,10.549390,54.400000
51,2,virchow-2,thunder.bracs.linear_probing,thunder,f1,62.400000,63.048177,0.648177,59.600000
51,2,virchow-2,thunder.crc.linear_probing,thunder,f1,93.000000,94.759484,1.759484,93.100000
51,2,virchow-2,thunder.wilds.linear_probing,thunder,f1,90.000000,98.140741,8.140741,97.150000
51,2,virchow-2,pathorob.tolkach_esca.robustness_index,pathorob,robustness_index,95.500000,92.663464,2.836536,85.200000
51,2,virchow-2,thunder.bach.linear_probing,thunder,f1,76.500000,81.160611,4.660611,69.900000
51,2,virchow-2,hest.idc.gene_expression,hest,pearson_r,79.855000,79.306485,0.548515,77.460000
51,2,virchow-2,hest.skcm.gene_expression,hest,pearson_r,82.010000,81.070745,0.939255,78.360000
51,2,virchow-2,thunder.tcga_uniform.linear_probing,thunder,f1,78.400000,80.097471,1.697471,75.000000
51,2,virchow-2,hest.prad.gene_expression,hest,pearson_r,67.645000,68.421503,0.776503,67.437500
51,2,vit-b,thunder.ccrcc.linear_probing,thunder,f1,79.100000,77.019710,2.080290,88.100000
51,2,vit-b,thunder.patch_camelyon.linear_probing,thunder,f1,84.600000,86.585958,1.985958,90.700000
51,2,vit-b,thunder.break_his.linear_probing,thunder,f1,64.500000,55.920224,8.579776,69.000000
51,2,vit-b,thunder.crc.linear_probing,thunder,f1,90.600000,90.164379,0.435621,93.100000
51,2,vit-b,thunder.wilds.linear_probing,thunder,f1,91.300000,92.600124,1.300124,97.150000
51,2,vit-b,thunder.tcga_uniform.linear_probing,thunder,f1,53.400000,57.069137,3.669137,75.000000
51,2,vit-l,thunder.crc.linear_probing,thunder,f1,92.800000,90.099081,2.700919,93.100000
51,2,vit-l,thunder.ccrcc.linear_probing,thunder,f1,77.100000,78.434248,1.334248,88.100000
51,2,vit-l,thunder.tcga_uniform.linear_probing,thunder,f1,55.900000,56.464674,0.564674,75.000000
51,2,vit-l,thunder.mhist.linear_probing,thunder,f1,79.800000,79.158357,0.641643,80.700000
51,2,vit-l,thunder.spider_breast.linear_probing,thunder,f1,79.300000,75.341105,3.958895,82.100000
51,2,vit-l,thunder.tcga_crc_msi.linear_probing,thunder,f1,56.800000,56.134260,0.665740,65.600000
