model_id,evaluation_id,suite_id,metric,status,normalized_score,native_score_estimate,model_observations,evaluation_observations,method,rank,comparison_rank,comparison_normalized_score,rank_sensitivity_absolute_difference
atlas,hest.ccrcc.gene_expression,hest,pearson_r,imputed,62.706699,0.254134,3,26,logit_zscore_bias_als,1,2,62.401452,0.305247
atlas,hest.coad.gene_expression,hest,pearson_r,imputed,64.538249,0.290765,3,26,logit_zscore_bias_als,1,2,64.543081,0.004832
atlas,hest.idc.gene_expression,hest,pearson_r,imputed,79.090404,0.581808,3,26,logit_zscore_bias_als,1,2,78.927856,0.162547
atlas,hest.lung.gene_expression,hest,pearson_r,imputed,77.919358,0.558387,3,26,logit_zscore_bias_als,1,2,77.883699,0.035659
atlas,hest.lymph_idc.gene_expression,hest,pearson_r,imputed,63.220042,0.264401,3,26,logit_zscore_bias_als,1,2,63.289034,0.068993
atlas,hest.paad.gene_expression,hest,pearson_r,imputed,74.231923,0.484638,3,26,logit_zscore_bias_als,1,2,74.068240,0.163683
atlas,hest.prad.gene_expression,hest,pearson_r,imputed,68.768076,0.375362,3,26,logit_zscore_bias_als,1,2,68.416673,0.351403
atlas,hest.read.gene_expression,hest,pearson_r,imputed,59.735153,0.194703,3,26,logit_zscore_bias_als,1,2,59.534122,0.201031
atlas,hest.skcm.gene_expression,hest,pearson_r,imputed,81.109569,0.622191,3,26,logit_zscore_bias_als,1,2,80.944964,0.164605
atlas,pathorob.camelyon.robustness_index,pathorob,robustness_index,observed,78.500000,0.785000,3,20,logit_zscore_bias_als,1,2,,
atlas,pathorob.tcga_2x2.robustness_index,pathorob,robustness_index,observed,82.600000,0.826000,3,20,logit_zscore_bias_als,1,2,,
atlas,pathorob.tolkach_esca.robustness_index,pathorob,robustness_index,observed,93.800000,0.938000,3,20,logit_zscore_bias_als,1,2,,
atlas,thunder.bach.linear_probing,thunder,f1,imputed,78.926343,78.926343,3,32,logit_zscore_bias_als,1,2,78.396978,0.529365
atlas,thunder.bracs.linear_probing,thunder,f1,imputed,62.926558,62.926558,3,32,logit_zscore_bias_als,1,2,62.569776,0.356782
atlas,thunder.break_his.linear_probing,thunder,f1,imputed,75.591798,75.591798,3,32,logit_zscore_bias_als,1,2,75.247547,0.344250
atlas,thunder.ccrcc.linear_probing,thunder,f1,imputed,91.070481,91.070481,3,32,logit_zscore_bias_als,1,2,90.606357,0.464123
atlas,thunder.crc.linear_probing,thunder,f1,imputed,94.648305,94.648305,3,32,logit_zscore_bias_als,1,2,94.480515,0.167790
atlas,thunder.esca.linear_probing,thunder,f1,imputed,84.639755,84.639755,3,32,logit_zscore_bias_als,1,2,83.987411,0.652344
atlas,thunder.mhist.linear_probing,thunder,f1,imputed,82.202097,82.202097,3,32,logit_zscore_bias_als,1,2,82.019780,0.182317
atlas,thunder.patch_camelyon.linear_probing,thunder,f1,imputed,93.645704,93.645704,3,32,logit_zscore_bias_als,1,2,93.363152,0.282552
atlas,thunder.spider_breast.linear_probing,thunder,f1,imputed,86.855068,86.855068,3,32,logit_zscore_bias_als,1,2,86.329949,0.525119
atlas,thunder.spider_colorectal.linear_probing,thunder,f1,imputed,90.399506,90.399506,3,32,logit_zscore_bias_als,1,2,90.102458,0.297048
atlas,thunder.spider_skin.linear_probing,thunder,f1,imputed,91.828783,91.828783,3,32,logit_zscore_bias_als,1,2,91.400383,0.428400
atlas,thunder.spider_thorax.linear_probing,thunder,f1,imputed,94.543520,94.543520,3,32,logit_zscore_bias_als,1,2,94.288329,0.255191
atlas,thunder.tcga_crc_msi.linear_probing,thunder,f1,imputed,67.710945,67.710945,3,32,logit_zscore_bias_als,1,2,67.148939,0.562006
atlas,thunder.tcga_tils.linear_probing,thunder,f1,imputed,91.002913,91.002913,3,32,logit_zscore_bias_als,1,2,90.771920,0.230993
atlas,thunder.tcga_uniform.linear_probing,thunder,f1,imputed,79.844334,79.844334,3,32,logit_zscore_bias_als,1,2,78.764575,1.079758
atlas,thunder.wilds.linear_probing,thunder,f1,imputed,98.017892,98.017892,3,32,logit_zscore_bias_als,1,2,97.868826,0.149066
ciga,hest.ccrcc.gene_expression,hest,pearson_r,imputed,61.646099,0.232922,3,26,logit_zscore_bias_als,1,2,60.126045,1.520054
ciga,hest.coad.gene_expression,hest,pearson_r,imputed,62.769336,0.255387,3,26,logit_zscore_bias_als,1,2,62.348109,0.421227
ciga,hest.idc.gene_expression,hest,pearson_r,imputed,76.781780,0.535636,3,26,logit_zscore_bias_als,1,2,76.033854,0.747926
ciga,hest.lung.gene_expression,hest,pearson_r,imputed,76.466638,0.529333,3,26,logit_zscore_bias_als,1,2,76.167420,0.299218
ciga,hest.lymph_idc.gene_expression,hest,pearson_r,imputed,61.829221,0.236584,3,26,logit_zscore_bias_als,1,2,62.010240,0.181019
ciga,hest.paad.gene_expression,hest,pearson_r,imputed,71.941039,0.438821,3,26,logit_zscore_bias_als,1,2,71.188633,0.752406
ciga,hest.prad.gene_expression,hest,pearson_r,imputed,65.377365,0.307547,3,26,logit_zscore_bias_als,1,2,63.730478,1.646886
ciga,hest.read.gene_expression,hest,pearson_r,imputed,57.374927,0.147499,3,26,logit_zscore_bias_als,1,2,56.423389,0.951538
ciga,hest.skcm.gene_expression,hest,pearson_r,imputed,77.359225,0.547185,3,26,logit_zscore_bias_als,1,2,76.347591,1.011634
ciga,pathorob.camelyon.robustness_index,pathorob,robustness_index,observed,13.500000,0.135000,3,20,logit_zscore_bias_als,1,2,,
ciga,pathorob.tcga_2x2.robustness_index,pathorob,robustness_index,observed,51.100000,0.511000,3,20,logit_zscore_bias_als,1,2,,
ciga,pathorob.tolkach_esca.robustness_index,pathorob,robustness_index,observed,69.300000,0.693000,3,20,logit_zscore_bias_als,1,2,,
ciga,thunder.bach.linear_probing,thunder,f1,imputed,63.516571,63.516571,3,32,logit_zscore_bias_als,1,2,65.441486,1.924915
ciga,thunder.bracs.linear_probing,thunder,f1,imputed,57.392407,57.392407,3,32,logit_zscore_bias_als,1,2,57.819446,0.427039
ciga,thunder.break_his.linear_probing,thunder,f1,imputed,54.023623,54.023623,3,32,logit_zscore_bias_als,1,2,52.125293,1.898330
ciga,thunder.ccrcc.linear_probing,thunder,f1,imputed,81.342852,81.342852,3,32,logit_zscore_bias_als,1,2,81.299020,0.043832
ciga,thunder.crc.linear_probing,thunder,f1,imputed,91.598717,91.598717,3,32,logit_zscore_bias_als,1,2,91.466722,0.131996
ciga,thunder.esca.linear_probing,thunder,f1,imputed,72.880739,72.880739,3,32,logit_zscore_bias_als,1,2,72.440317,0.440423
ciga,thunder.mhist.linear_probing,thunder,f1,imputed,77.191091,77.191091,3,32,logit_zscore_bias_als,1,2,76.562411,0.628681
ciga,thunder.patch_camelyon.linear_probing,thunder,f1,imputed,89.339042,89.339042,3,32,logit_zscore_bias_als,1,2,89.230602,0.108440
ciga,thunder.spider_breast.linear_probing,thunder,f1,imputed,80.457810,80.457810,3,32,logit_zscore_bias_als,1,2,79.960220,0.497590
ciga,thunder.spider_colorectal.linear_probing,thunder,f1,imputed,86.688032,86.688032,3,32,logit_zscore_bias_als,1,2,86.406759,0.281272
ciga,thunder.spider_skin.linear_probing,thunder,f1,imputed,85.411040,85.411040,3,32,logit_zscore_bias_als,1,2,85.182823,0.228217
ciga,thunder.spider_thorax.linear_probing,thunder,f1,imputed,90.956632,90.956632,3,32,logit_zscore_bias_als,1,2,90.766704,0.189928
ciga,thunder.tcga_crc_msi.linear_probing,thunder,f1,imputed,60.104751,60.104751,3,32,logit_zscore_bias_als,1,2,59.750678,0.354073
ciga,thunder.tcga_tils.linear_probing,thunder,f1,imputed,88.087806,88.087806,3,32,logit_zscore_bias_als,1,2,87.889881,0.197925
ciga,thunder.tcga_uniform.linear_probing,thunder,f1,imputed,64.296896,64.296896,3,32,logit_zscore_bias_als,1,2,63.672078,0.624818
ciga,thunder.wilds.linear_probing,thunder,f1,imputed,94.217312,94.217312,3,32,logit_zscore_bias_als,1,2,94.170794,0.046518
clip-b,hest.ccrcc.gene_expression,hest,pearson_r,imputed,59.474894,0.189498,16,26,logit_zscore_bias_als,1,2,59.731349,0.256456
clip-b,hest.coad.gene_expression,hest,pearson_r,imputed,60.089583,0.201792,16,26,logit_zscore_bias_als,1,2,60.455187,0.365604
clip-b,hest.idc.gene_expression,hest,pearson_r,imputed,74.314553,0.486291,16,26,logit_zscore_bias_als,1,2,74.630413,0.315860
clip-b,hest.lung.gene_expression,hest,pearson_r,imputed,74.424999,0.488500,16,26,logit_zscore_bias_als,1,2,74.688909,0.263909
clip-b,hest.lymph_idc.gene_expression,hest,pearson_r,imputed,60.960878,0.219218,16,26,logit_zscore_bias_als,1,2,61.130858,0.169980
clip-b,hest.paad.gene_expression,hest,pearson_r,imputed,69.761742,0.395235,16,26,logit_zscore_bias_als,1,2,70.052261,0.290518
clip-b,hest.prad.gene_expression,hest,pearson_r,imputed,64.866892,0.297338,16,26,logit_zscore_bias_als,1,2,65.093568,0.226675
clip-b,hest.read.gene_expression,hest,pearson_r,imputed,54.250011,0.085000,16,26,logit_zscore_bias_als,1,2,54.621475,0.371463
clip-b,hest.skcm.gene_expression,hest,pearson_r,imputed,73.204238,0.464085,16,26,logit_zscore_bias_als,1,2,73.788747,0.584509
clip-b,pathorob.camelyon.robustness_index,pathorob,robustness_index,imputed,1.562568,0.015626,16,20,logit_zscore_bias_als,1,2,2.870768,1.308199
clip-b,pathorob.tcga_2x2.robustness_index,pathorob,robustness_index,imputed,53.561012,0.535610,16,20,logit_zscore_bias_als,1,2,55.480150,1.919138
clip-b,pathorob.tolkach_esca.robustness_index,pathorob,robustness_index,imputed,68.439631,0.684396,16,20,logit_zscore_bias_als,1,2,72.179756,3.740125
clip-b,thunder.bach.linear_probing,thunder,f1,observed,51.100000,51.100000,16,32,logit_zscore_bias_als,1,2,,
clip-b,thunder.bracs.linear_probing,thunder,f1,observed,52.400000,52.400000,16,32,logit_zscore_bias_als,1,2,,
clip-b,thunder.break_his.linear_probing,thunder,f1,observed,40.000000,40.000000,16,32,logit_zscore_bias_als,1,2,,
clip-b,thunder.ccrcc.linear_probing,thunder,f1,observed,73.700000,73.700000,16,32,logit_zscore_bias_als,1,2,,
clip-b,thunder.crc.linear_probing,thunder,f1,observed,87.300000,87.300000,16,32,logit_zscore_bias_als,1,2,,
clip-b,thunder.esca.linear_probing,thunder,f1,observed,61.000000,61.000000,16,32,logit_zscore_bias_als,1,2,,
clip-b,thunder.mhist.linear_probing,thunder,f1,observed,77.500000,77.500000,16,32,logit_zscore_bias_als,1,2,,
clip-b,thunder.patch_camelyon.linear_probing,thunder,f1,observed,82.700000,82.700000,16,32,logit_zscore_bias_als,1,2,,
clip-b,thunder.spider_breast.linear_probing,thunder,f1,observed,69.000000,69.000000,16,32,logit_zscore_bias_als,1,2,,
clip-b,thunder.spider_colorectal.linear_probing,thunder,f1,observed,81.300000,81.300000,16,32,logit_zscore_bias_als,1,2,,
clip-b,thunder.spider_skin.linear_probing,thunder,f1,observed,75.800000,75.800000,16,32,logit_zscore_bias_als,1,2,,
clip-b,thunder.spider_thorax.linear_probing,thunder,f1,observed,84.700000,84.700000,16,32,logit_zscore_bias_als,1,2,,
clip-b,thunder.tcga_crc_msi.linear_probing,thunder,f1,observed,49.000000,49.000000,16,32,logit_zscore_bias_als,1,2,,
clip-b,thunder.tcga_tils.linear_probing,thunder,f1,observed,83.800000,83.800000,16,32,logit_zscore_bias_als,1,2,,
clip-b,thunder.tcga_uniform.linear_probing,thunder,f1,observed,47.900000,47.900000,16,32,logit_zscore_bias_als,1,2,,
clip-b,thunder.wilds.linear_probing,thunder,f1,observed,83.500000,83.500000,16,32,logit_zscore_bias_als,1,2,,
clip-l,hest.ccrcc.gene_expression,hest,pearson_r,imputed,60.106663,0.202133,16,26,logit_zscore_bias_als,1,2,59.731831,0.374832
clip-l,hest.coad.gene_expression,hest,pearson_r,imputed,61.034031,0.220681,16,26,logit_zscore_bias_als,1,2,61.194456,0.160425
clip-l,hest.idc.gene_expression,hest,pearson_r,imputed,75.467457,0.509349,16,26,logit_zscore_bias_als,1,2,75.458842,0.008615
clip-l,hest.lung.gene_expression,hest,pearson_r,imputed,75.193622,0.503872,16,26,logit_zscore_bias_als,1,2,75.229769,0.036147
clip-l,hest.lymph_idc.gene_expression,hest,pearson_r,imputed,61.567353,0.231347,16,26,logit_zscore_bias_als,1,2,61.906354,0.339001
clip-l,hest.paad.gene_expression,hest,pearson_r,imputed,70.829363,0.416587,16,26,logit_zscore_bias_als,1,2,70.919615,0.090251
clip-l,hest.prad.gene_expression,hest,pearson_r,imputed,66.187297,0.323746,16,26,logit_zscore_bias_als,1,2,66.662601,0.475304
clip-l,hest.read.gene_expression,hest,pearson_r,imputed,55.404212,0.108084,16,26,logit_zscore_bias_als,1,2,55.310670,0.093542
clip-l,hest.skcm.gene_expression,hest,pearson_r,imputed,75.203454,0.504069,16,26,logit_zscore_bias_als,1,2,75.395872,0.192417
clip-l,pathorob.camelyon.robustness_index,pathorob,robustness_index,imputed,7.305325,0.073053,16,20,logit_zscore_bias_als,1,2,22.146676,14.841352
clip-l,pathorob.tcga_2x2.robustness_index,pathorob,robustness_index,imputed,64.431465,0.644315,16,20,logit_zscore_bias_als,1,2,68.015403,3.583938
clip-l,pathorob.tolkach_esca.robustness_index,pathorob,robustness_index,imputed,81.600509,0.816005,16,20,logit_zscore_bias_als,1,2,87.581874,5.981366
clip-l,thunder.bach.linear_probing,thunder,f1,observed,63.500000,63.500000,16,32,logit_zscore_bias_als,1,2,,
clip-l,thunder.bracs.linear_probing,thunder,f1,observed,56.400000,56.400000,16,32,logit_zscore_bias_als,1,2,,
clip-l,thunder.break_his.linear_probing,thunder,f1,observed,54.500000,54.500000,16,32,logit_zscore_bias_als,1,2,,
clip-l,thunder.ccrcc.linear_probing,thunder,f1,observed,75.900000,75.900000,16,32,logit_zscore_bias_als,1,2,,
clip-l,thunder.crc.linear_probing,thunder,f1,observed,88.300000,88.300000,16,32,logit_zscore_bias_als,1,2,,
clip-l,thunder.esca.linear_probing,thunder,f1,observed,67.600000,67.600000,16,32,logit_zscore_bias_als,1,2,,
clip-l,thunder.mhist.linear_probing,thunder,f1,observed,79.600000,79.600000,16,32,logit_zscore_bias_als,1,2,,
clip-l,thunder.patch_camelyon.linear_probing,thunder,f1,observed,85.600000,85.600000,16,32,logit_zscore_bias_als,1,2,,
clip-l,thunder.spider_breast.linear_probing,thunder,f1,observed,73.600000,73.600000,16,32,logit_zscore_bias_als,1,2,,
clip-l,thunder.spider_colorectal.linear_probing,thunder,f1,observed,82.800000,82.800000,16,32,logit_zscore_bias_als,1,2,,
clip-l,thunder.spider_skin.linear_probing,thunder,f1,observed,78.500000,78.500000,16,32,logit_zscore_bias_als,1,2,,
clip-l,thunder.spider_thorax.linear_probing,thunder,f1,observed,86.700000,86.700000,16,32,logit_zscore_bias_als,1,2,,
clip-l,thunder.tcga_crc_msi.linear_probing,thunder,f1,observed,52.000000,52.000000,16,32,logit_zscore_bias_als,1,2,,
clip-l,thunder.tcga_tils.linear_probing,thunder,f1,observed,85.000000,85.000000,16,32,logit_zscore_bias_als,1,2,,
clip-l,thunder.tcga_uniform.linear_probing,thunder,f1,observed,54.100000,54.100000,16,32,logit_zscore_bias_als,1,2,,
clip-l,thunder.wilds.linear_probing,thunder,f1,observed,93.200000,93.200000,16,32,logit_zscore_bias_als,1,2,,
conch,hest.ccrcc.gene_expression,hest,pearson_r,observed,60.900000,0.218000,28,26,logit_zscore_bias_als,1,2,,
conch,hest.coad.gene_expression,hest,pearson_r,observed,62.445000,0.248900,28,26,logit_zscore_bias_als,1,2,,
conch,hest.idc.gene_expression,hest,pearson_r,observed,76.815000,0.536300,28,26,logit_zscore_bias_als,1,2,,
conch,hest.lung.gene_expression,hest,pearson_r,observed,76.610000,0.532200,28,26,logit_zscore_bias_als,1,2,,
conch,hest.lymph_idc.gene_expression,hest,pearson_r,observed,62.535000,0.250700,28,26,logit_zscore_bias_als,1,2,,
conch,hest.paad.gene_expression,hest,pearson_r,observed,72.340000,0.446800,28,26,logit_zscore_bias_als,1,2,,
conch,hest.prad.gene_expression,hest,pearson_r,observed,67.740000,0.354800,28,26,logit_zscore_bias_als,1,2,,
conch,hest.read.gene_expression,hest,pearson_r,observed,58.010000,0.160200,28,26,logit_zscore_bias_als,1,2,,
conch,hest.skcm.gene_expression,hest,pearson_r,observed,78.935000,0.578700,28,26,logit_zscore_bias_als,1,2,,
conch,pathorob.camelyon.robustness_index,pathorob,robustness_index,observed,66.200000,0.662000,28,20,logit_zscore_bias_als,1,2,,
conch,pathorob.tcga_2x2.robustness_index,pathorob,robustness_index,observed,82.400000,0.824000,28,20,logit_zscore_bias_als,1,2,,
conch,pathorob.tolkach_esca.robustness_index,pathorob,robustness_index,observed,95.100000,0.951000,28,20,logit_zscore_bias_als,1,2,,
conch,thunder.bach.linear_probing,thunder,f1,observed,84.400000,84.400000,28,32,logit_zscore_bias_als,1,2,,
conch,thunder.bracs.linear_probing,thunder,f1,observed,60.000000,60.000000,28,32,logit_zscore_bias_als,1,2,,
conch,thunder.break_his.linear_probing,thunder,f1,observed,68.800000,68.800000,28,32,logit_zscore_bias_als,1,2,,
conch,thunder.ccrcc.linear_probing,thunder,f1,observed,88.100000,88.100000,28,32,logit_zscore_bias_als,1,2,,
conch,thunder.crc.linear_probing,thunder,f1,observed,93.400000,93.400000,28,32,logit_zscore_bias_als,1,2,,
conch,thunder.esca.linear_probing,thunder,f1,observed,80.100000,80.100000,28,32,logit_zscore_bias_als,1,2,,
conch,thunder.mhist.linear_probing,thunder,f1,observed,79.700000,79.700000,28,32,logit_zscore_bias_als,1,2,,
conch,thunder.patch_camelyon.linear_probing,thunder,f1,observed,90.600000,90.600000,28,32,logit_zscore_bias_als,1,2,,
conch,thunder.spider_breast.linear_probing,thunder,f1,observed,82.100000,82.100000,28,32,logit_zscore_bias_als,1,2,,
conch,thunder.spider_colorectal.linear_probing,thunder,f1,observed,87.900000,87.900000,28,32,logit_zscore_bias_als,1,2,,
conch,thunder.spider_skin.linear_probing,thunder,f1,observed,87.300000,87.300000,28,32,logit_zscore_bias_als,1,2,,
conch,thunder.spider_thorax.linear_probing,thunder,f1,observed,91.000000,91.000000,28,32,logit_zscore_bias_als,1,2,,
conch,thunder.tcga_crc_msi.linear_probing,thunder,f1,observed,64.400000,64.400000,28,32,logit_zscore_bias_als,1,2,,
conch,thunder.tcga_tils.linear_probing,thunder,f1,observed,88.100000,88.100000,28,32,logit_zscore_bias_als,1,2,,
conch,thunder.tcga_uniform.linear_probing,thunder,f1,observed,68.000000,68.000000,28,32,logit_zscore_bias_als,1,2,,
conch,thunder.wilds.linear_probing,thunder,f1,observed,97.200000,97.200000,28,32,logit_zscore_bias_als,1,2,,
conch-1.5,hest.ccrcc.gene_expression,hest,pearson_r,observed,60.880000,0.217600,28,26,logit_zscore_bias_als,1,2,,
conch-1.5,hest.coad.gene_expression,hest,pearson_r,observed,64.010000,0.280200,28,26,logit_zscore_bias_als,1,2,,
conch-1.5,hest.idc.gene_expression,hest,pearson_r,observed,77.200000,0.544000,28,26,logit_zscore_bias_als,1,2,,
conch-1.5,hest.lung.gene_expression,hest,pearson_r,observed,77.565000,0.551300,28,26,logit_zscore_bias_als,1,2,,
conch-1.5,hest.lymph_idc.gene_expression,hest,pearson_r,observed,63.495000,0.269900,28,26,logit_zscore_bias_als,1,2,,
conch-1.5,hest.paad.gene_expression,hest,pearson_r,observed,72.850000,0.457000,28,26,logit_zscore_bias_als,1,2,,
conch-1.5,hest.prad.gene_expression,hest,pearson_r,observed,69.040000,0.380800,28,26,logit_zscore_bias_als,1,2,,
conch-1.5,hest.read.gene_expression,hest,pearson_r,observed,58.000000,0.160000,28,26,logit_zscore_bias_als,1,2,,
conch-1.5,hest.skcm.gene_expression,hest,pearson_r,observed,77.585000,0.551700,28,26,logit_zscore_bias_als,1,2,,
conch-1.5,pathorob.camelyon.robustness_index,pathorob,robustness_index,observed,77.400000,0.774000,28,20,logit_zscore_bias_als,1,2,,
conch-1.5,pathorob.tcga_2x2.robustness_index,pathorob,robustness_index,observed,83.200000,0.832000,28,20,logit_zscore_bias_als,1,2,,
conch-1.5,pathorob.tolkach_esca.robustness_index,pathorob,robustness_index,observed,95.100000,0.951000,28,20,logit_zscore_bias_als,1,2,,
conch-1.5,thunder.bach.linear_probing,thunder,f1,observed,76.800000,76.800000,28,32,logit_zscore_bias_als,1,2,,
conch-1.5,thunder.bracs.linear_probing,thunder,f1,observed,62.400000,62.400000,28,32,logit_zscore_bias_als,1,2,,
conch-1.5,thunder.break_his.linear_probing,thunder,f1,observed,75.300000,75.300000,28,32,logit_zscore_bias_als,1,2,,
conch-1.5,thunder.ccrcc.linear_probing,thunder,f1,observed,87.400000,87.400000,28,32,logit_zscore_bias_als,1,2,,
conch-1.5,thunder.crc.linear_probing,thunder,f1,observed,93.800000,93.800000,28,32,logit_zscore_bias_als,1,2,,
conch-1.5,thunder.esca.linear_probing,thunder,f1,observed,82.700000,82.700000,28,32,logit_zscore_bias_als,1,2,,
conch-1.5,thunder.mhist.linear_probing,thunder,f1,observed,81.200000,81.200000,28,32,logit_zscore_bias_als,1,2,,
conch-1.5,thunder.patch_camelyon.linear_probing,thunder,f1,observed,91.400000,91.400000,28,32,logit_zscore_bias_als,1,2,,
conch-1.5,thunder.spider_breast.linear_probing,thunder,f1,observed,81.600000,81.600000,28,32,logit_zscore_bias_als,1,2,,
conch-1.5,thunder.spider_colorectal.linear_probing,thunder,f1,observed,87.400000,87.400000,28,32,logit_zscore_bias_als,1,2,,
conch-1.5,thunder.spider_skin.linear_probing,thunder,f1,observed,87.000000,87.000000,28,32,logit_zscore_bias_als,1,2,,
conch-1.5,thunder.spider_thorax.linear_probing,thunder,f1,observed,92.100000,92.100000,28,32,logit_zscore_bias_als,1,2,,
conch-1.5,thunder.tcga_crc_msi.linear_probing,thunder,f1,observed,62.300000,62.300000,28,32,logit_zscore_bias_als,1,2,,
conch-1.5,thunder.tcga_tils.linear_probing,thunder,f1,observed,89.900000,89.900000,28,32,logit_zscore_bias_als,1,2,,
conch-1.5,thunder.tcga_uniform.linear_probing,thunder,f1,observed,69.400000,69.400000,28,32,logit_zscore_bias_als,1,2,,
conch-1.5,thunder.wilds.linear_probing,thunder,f1,observed,96.700000,96.700000,28,32,logit_zscore_bias_als,1,2,,
ctranspath,hest.ccrcc.gene_expression,hest,pearson_r,observed,61.810000,0.236200,12,26,logit_zscore_bias_als,1,2,,
ctranspath,hest.coad.gene_expression,hest,pearson_r,observed,61.910000,0.238200,12,26,logit_zscore_bias_als,1,2,,
ctranspath,hest.idc.gene_expression,hest,pearson_r,observed,74.965000,0.499300,12,26,logit_zscore_bias_als,1,2,,
ctranspath,hest.lung.gene_expression,hest,pearson_r,observed,75.685000,0.513700,12,26,logit_zscore_bias_als,1,2,,
ctranspath,hest.lymph_idc.gene_expression,hest,pearson_r,observed,62.045000,0.240900,12,26,logit_zscore_bias_als,1,2,,
ctranspath,hest.paad.gene_expression,hest,pearson_r,observed,71.570000,0.431400,12,26,logit_zscore_bias_als,1,2,,
ctranspath,hest.prad.gene_expression,hest,pearson_r,observed,67.755000,0.355100,12,26,logit_zscore_bias_als,1,2,,
ctranspath,hest.read.gene_expression,hest,pearson_r,observed,54.840000,0.096800,12,26,logit_zscore_bias_als,1,2,,
ctranspath,hest.skcm.gene_expression,hest,pearson_r,observed,75.485000,0.509700,12,26,logit_zscore_bias_als,1,2,,
ctranspath,pathorob.camelyon.robustness_index,pathorob,robustness_index,observed,10.600000,0.106000,12,20,logit_zscore_bias_als,1,2,,
ctranspath,pathorob.tcga_2x2.robustness_index,pathorob,robustness_index,observed,65.200000,0.652000,12,20,logit_zscore_bias_als,1,2,,
ctranspath,pathorob.tolkach_esca.robustness_index,pathorob,robustness_index,observed,87.200000,0.872000,12,20,logit_zscore_bias_als,1,2,,
ctranspath,thunder.bach.linear_probing,thunder,f1,imputed,62.422207,62.422207,12,32,logit_zscore_bias_als,1,2,57.244575,5.177633
ctranspath,thunder.bracs.linear_probing,thunder,f1,imputed,56.373041,56.373041,12,32,logit_zscore_bias_als,1,2,54.621022,1.752020
ctranspath,thunder.break_his.linear_probing,thunder,f1,imputed,59.455263,59.455263,12,32,logit_zscore_bias_als,1,2,58.235337,1.219927
ctranspath,thunder.ccrcc.linear_probing,thunder,f1,imputed,80.459840,80.459840,12,32,logit_zscore_bias_als,1,2,77.828213,2.631627
ctranspath,thunder.crc.linear_probing,thunder,f1,imputed,91.125218,91.125218,12,32,logit_zscore_bias_als,1,2,90.177833,0.947385
ctranspath,thunder.esca.linear_probing,thunder,f1,imputed,71.908058,71.908058,12,32,logit_zscore_bias_als,1,2,69.270529,2.637529
ctranspath,thunder.mhist.linear_probing,thunder,f1,imputed,78.342984,78.342984,12,32,logit_zscore_bias_als,1,2,78.441990,0.099006
ctranspath,thunder.patch_camelyon.linear_probing,thunder,f1,imputed,88.305466,88.305466,12,32,logit_zscore_bias_als,1,2,86.949580,1.355886
ctranspath,thunder.spider_breast.linear_probing,thunder,f1,imputed,78.639914,78.639914,12,32,logit_zscore_bias_als,1,2,76.902922,1.736991
ctranspath,thunder.spider_colorectal.linear_probing,thunder,f1,imputed,85.848227,85.848227,12,32,logit_zscore_bias_als,1,2,84.950851,0.897376
ctranspath,thunder.spider_skin.linear_probing,thunder,f1,imputed,83.765134,83.765134,12,32,logit_zscore_bias_als,1,2,81.729403,2.035731
ctranspath,thunder.spider_thorax.linear_probing,thunder,f1,imputed,89.974977,89.974977,12,32,logit_zscore_bias_als,1,2,88.830344,1.144633
ctranspath,thunder.tcga_crc_msi.linear_probing,thunder,f1,imputed,58.803915,58.803915,12,32,logit_zscore_bias_als,1,2,57.006819,1.797096
ctranspath,thunder.tcga_tils.linear_probing,thunder,f1,imputed,87.440256,87.440256,12,32,logit_zscore_bias_als,1,2,86.683358,0.756898
ctranspath,thunder.tcga_uniform.linear_probing,thunder,f1,imputed,60.942091,60.942091,12,32,logit_zscore_bias_als,1,2,56.761952,4.180139
ctranspath,thunder.wilds.linear_probing,thunder,f1,imputed,93.354801,93.354801,12,32,logit_zscore_bias_als,1,2,91.592676,1.762125
dinov2-b,hest.ccrcc.gene_expression,hest,pearson_r,imputed,60.245244,0.204905,16,26,logit_zscore_bias_als,1,2,60.148553,0.096691
dinov2-b,hest.coad.gene_expression,hest,pearson_r,imputed,61.445724,0.228914,16,26,logit_zscore_bias_als,1,2,61.956263,0.510538
dinov2-b,hest.idc.gene_expression,hest,pearson_r,imputed,76.225741,0.524515,16,26,logit_zscore_bias_als,1,2,76.610730,0.384990
dinov2-b,hest.lung.gene_expression,hest,pearson_r,imputed,75.554204,0.511084,16,26,logit_zscore_bias_als,1,2,75.740054,0.185850
dinov2-b,hest.lymph_idc.gene_expression,hest,pearson_r,imputed,62.177032,0.243541,16,26,logit_zscore_bias_als,1,2,62.895332,0.718300
dinov2-b,hest.paad.gene_expression,hest,pearson_r,imputed,71.559173,0.431183,16,26,logit_zscore_bias_als,1,2,72.206862,0.647689
dinov2-b,hest.prad.gene_expression,hest,pearson_r,imputed,68.018471,0.360369,16,26,logit_zscore_bias_als,1,2,70.127797,2.109326
dinov2-b,hest.read.gene_expression,hest,pearson_r,imputed,55.908022,0.118160,16,26,logit_zscore_bias_als,1,2,56.168604,0.260582
dinov2-b,hest.skcm.gene_expression,hest,pearson_r,imputed,76.539186,0.530784,16,26,logit_zscore_bias_als,1,2,77.545095,1.005909
dinov2-b,pathorob.camelyon.robustness_index,pathorob,robustness_index,imputed,39.898330,0.398983,16,20,logit_zscore_bias_als,1,2,93.678141,53.779812
dinov2-b,pathorob.tcga_2x2.robustness_index,pathorob,robustness_index,imputed,77.462010,0.774620,16,20,logit_zscore_bias_als,1,2,85.193936,7.731926
dinov2-b,pathorob.tolkach_esca.robustness_index,pathorob,robustness_index,imputed,92.684848,0.926848,16,20,logit_zscore_bias_als,1,2,97.957609,5.272762
dinov2-b,thunder.bach.linear_probing,thunder,f1,observed,64.400000,64.400000,16,32,logit_zscore_bias_als,1,2,,
dinov2-b,thunder.bracs.linear_probing,thunder,f1,observed,52.900000,52.900000,16,32,logit_zscore_bias_als,1,2,,
dinov2-b,thunder.break_his.linear_probing,thunder,f1,observed,77.800000,77.800000,16,32,logit_zscore_bias_als,1,2,,
dinov2-b,thunder.ccrcc.linear_probing,thunder,f1,observed,79.700000,79.700000,16,32,logit_zscore_bias_als,1,2,,
dinov2-b,thunder.crc.linear_probing,thunder,f1,observed,90.300000,90.300000,16,32,logit_zscore_bias_als,1,2,,
dinov2-b,thunder.esca.linear_probing,thunder,f1,observed,73.800000,73.800000,16,32,logit_zscore_bias_als,1,2,,
dinov2-b,thunder.mhist.linear_probing,thunder,f1,observed,82.600000,82.600000,16,32,logit_zscore_bias_als,1,2,,
dinov2-b,thunder.patch_camelyon.linear_probing,thunder,f1,observed,86.300000,86.300000,16,32,logit_zscore_bias_als,1,2,,
dinov2-b,thunder.spider_breast.linear_probing,thunder,f1,observed,76.000000,76.000000,16,32,logit_zscore_bias_als,1,2,,
dinov2-b,thunder.spider_colorectal.linear_probing,thunder,f1,observed,83.900000,83.900000,16,32,logit_zscore_bias_als,1,2,,
dinov2-b,thunder.spider_skin.linear_probing,thunder,f1,observed,80.100000,80.100000,16,32,logit_zscore_bias_als,1,2,,
dinov2-b,thunder.spider_thorax.linear_probing,thunder,f1,observed,87.600000,87.600000,16,32,logit_zscore_bias_als,1,2,,
dinov2-b,thunder.tcga_crc_msi.linear_probing,thunder,f1,observed,58.600000,58.600000,16,32,logit_zscore_bias_als,1,2,,
dinov2-b,thunder.tcga_tils.linear_probing,thunder,f1,observed,85.900000,85.900000,16,32,logit_zscore_bias_als,1,2,,
dinov2-b,thunder.tcga_uniform.linear_probing,thunder,f1,observed,54.400000,54.400000,16,32,logit_zscore_bias_als,1,2,,
dinov2-b,thunder.wilds.linear_probing,thunder,f1,observed,90.700000,90.700000,16,32,logit_zscore_bias_als,1,2,,
dinov2-l,hest.ccrcc.gene_expression,hest,pearson_r,imputed,60.307690,0.206154,16,26,logit_zscore_bias_als,1,2,60.164869,0.142822
dinov2-l,hest.coad.gene_expression,hest,pearson_r,imputed,61.527150,0.230543,16,26,logit_zscore_bias_als,1,2,62.013564,0.486414
dinov2-l,hest.idc.gene_expression,hest,pearson_r,imputed,76.307732,0.526155,16,26,logit_zscore_bias_als,1,2,76.666898,0.359165
dinov2-l,hest.lung.gene_expression,hest,pearson_r,imputed,75.617952,0.512359,16,26,logit_zscore_bias_als,1,2,75.786370,0.168418
dinov2-l,hest.lymph_idc.gene_expression,hest,pearson_r,imputed,62.210961,0.244219,16,26,logit_zscore_bias_als,1,2,62.927180,0.716218
dinov2-l,hest.paad.gene_expression,hest,pearson_r,imputed,71.634253,0.432685,16,26,logit_zscore_bias_als,1,2,72.258116,0.623863
dinov2-l,hest.prad.gene_expression,hest,pearson_r,imputed,68.062621,0.361252,16,26,logit_zscore_bias_als,1,2,70.140227,2.077606
dinov2-l,hest.read.gene_expression,hest,pearson_r,imputed,56.006915,0.120138,16,26,logit_zscore_bias_als,1,2,56.233011,0.226096
dinov2-l,hest.skcm.gene_expression,hest,pearson_r,imputed,76.675371,0.533507,16,26,logit_zscore_bias_als,1,2,77.639491,0.964120
dinov2-l,pathorob.camelyon.robustness_index,pathorob,robustness_index,imputed,41.388315,0.413883,16,20,logit_zscore_bias_als,1,2,93.985107,52.596792
dinov2-l,pathorob.tcga_2x2.robustness_index,pathorob,robustness_index,imputed,77.737891,0.777379,16,20,logit_zscore_bias_als,1,2,85.354580,7.616689
dinov2-l,pathorob.tolkach_esca.robustness_index,pathorob,robustness_index,imputed,92.841613,0.928416,16,20,logit_zscore_bias_als,1,2,97.994141,5.152527
dinov2-l,thunder.bach.linear_probing,thunder,f1,observed,68.900000,68.900000,16,32,logit_zscore_bias_als,1,2,,
dinov2-l,thunder.bracs.linear_probing,thunder,f1,observed,50.600000,50.600000,16,32,logit_zscore_bias_als,1,2,,
dinov2-l,thunder.break_his.linear_probing,thunder,f1,observed,78.500000,78.500000,16,32,logit_zscore_bias_als,1,2,,
dinov2-l,thunder.ccrcc.linear_probing,thunder,f1,observed,81.400000,81.400000,16,32,logit_zscore_bias_als,1,2,,
dinov2-l,thunder.crc.linear_probing,thunder,f1,observed,90.700000,90.700000,16,32,logit_zscore_bias_als,1,2,,
dinov2-l,thunder.esca.linear_probing,thunder,f1,observed,72.100000,72.100000,16,32,logit_zscore_bias_als,1,2,,
dinov2-l,thunder.mhist.linear_probing,thunder,f1,observed,82.300000,82.300000,16,32,logit_zscore_bias_als,1,2,,
dinov2-l,thunder.patch_camelyon.linear_probing,thunder,f1,observed,87.200000,87.200000,16,32,logit_zscore_bias_als,1,2,,
dinov2-l,thunder.spider_breast.linear_probing,thunder,f1,observed,74.000000,74.000000,16,32,logit_zscore_bias_als,1,2,,
dinov2-l,thunder.spider_colorectal.linear_probing,thunder,f1,observed,85.300000,85.300000,16,32,logit_zscore_bias_als,1,2,,
dinov2-l,thunder.spider_skin.linear_probing,thunder,f1,observed,82.100000,82.100000,16,32,logit_zscore_bias_als,1,2,,
dinov2-l,thunder.spider_thorax.linear_probing,thunder,f1,observed,87.700000,87.700000,16,32,logit_zscore_bias_als,1,2,,
dinov2-l,thunder.tcga_crc_msi.linear_probing,thunder,f1,observed,59.300000,59.300000,16,32,logit_zscore_bias_als,1,2,,
dinov2-l,thunder.tcga_tils.linear_probing,thunder,f1,observed,85.900000,85.900000,16,32,logit_zscore_bias_als,1,2,,
dinov2-l,thunder.tcga_uniform.linear_probing,thunder,f1,observed,56.200000,56.200000,16,32,logit_zscore_bias_als,1,2,,
dinov2-l,thunder.wilds.linear_probing,thunder,f1,observed,90.300000,90.300000,16,32,logit_zscore_bias_als,1,2,,
dinov3-b,hest.ccrcc.gene_expression,hest,pearson_r,imputed,60.477956,0.209559,16,26,logit_zscore_bias_als,1,2,60.467161,0.010795
dinov3-b,hest.coad.gene_expression,hest,pearson_r,imputed,61.753414,0.235068,16,26,logit_zscore_bias_als,1,2,62.278237,0.524823
dinov3-b,hest.idc.gene_expression,hest,pearson_r,imputed,76.542198,0.530844,16,26,logit_zscore_bias_als,1,2,76.946840,0.404642
dinov3-b,hest.lung.gene_expression,hest,pearson_r,imputed,75.794838,0.515897,16,26,logit_zscore_bias_als,1,2,75.990675,0.195836
dinov3-b,hest.lymph_idc.gene_expression,hest,pearson_r,imputed,62.318678,0.246374,16,26,logit_zscore_bias_als,1,2,63.022745,0.704066
dinov3-b,hest.paad.gene_expression,hest,pearson_r,imputed,71.847438,0.436949,16,26,logit_zscore_bias_als,1,2,72.513016,0.665578
dinov3-b,hest.prad.gene_expression,hest,pearson_r,imputed,68.233465,0.364669,16,26,logit_zscore_bias_als,1,2,70.390675,2.157210
dinov3-b,hest.read.gene_expression,hest,pearson_r,imputed,56.276683,0.125534,16,26,logit_zscore_bias_als,1,2,56.576950,0.300268
dinov3-b,hest.skcm.gene_expression,hest,pearson_r,imputed,77.066409,0.541328,16,26,logit_zscore_bias_als,1,2,78.082578,1.016169
dinov3-b,pathorob.camelyon.robustness_index,pathorob,robustness_index,imputed,46.882264,0.468823,16,20,logit_zscore_bias_als,1,2,94.940008,48.057744
dinov3-b,pathorob.tcga_2x2.robustness_index,pathorob,robustness_index,imputed,78.787386,0.787874,16,20,logit_zscore_bias_als,1,2,86.181053,7.393667
dinov3-b,pathorob.tolkach_esca.robustness_index,pathorob,robustness_index,imputed,93.444633,0.934446,16,20,logit_zscore_bias_als,1,2,98.163712,4.719079
dinov3-b,thunder.bach.linear_probing,thunder,f1,observed,60.300000,60.300000,16,32,logit_zscore_bias_als,1,2,,
dinov3-b,thunder.bracs.linear_probing,thunder,f1,observed,55.400000,55.400000,16,32,logit_zscore_bias_als,1,2,,
dinov3-b,thunder.break_his.linear_probing,thunder,f1,observed,81.800000,81.800000,16,32,logit_zscore_bias_als,1,2,,
dinov3-b,thunder.ccrcc.linear_probing,thunder,f1,observed,80.700000,80.700000,16,32,logit_zscore_bias_als,1,2,,
dinov3-b,thunder.crc.linear_probing,thunder,f1,observed,89.500000,89.500000,16,32,logit_zscore_bias_als,1,2,,
dinov3-b,thunder.esca.linear_probing,thunder,f1,observed,72.900000,72.900000,16,32,logit_zscore_bias_als,1,2,,
dinov3-b,thunder.mhist.linear_probing,thunder,f1,observed,82.700000,82.700000,16,32,logit_zscore_bias_als,1,2,,
dinov3-b,thunder.patch_camelyon.linear_probing,thunder,f1,observed,88.000000,88.000000,16,32,logit_zscore_bias_als,1,2,,
dinov3-b,thunder.spider_breast.linear_probing,thunder,f1,observed,76.500000,76.500000,16,32,logit_zscore_bias_als,1,2,,
dinov3-b,thunder.spider_colorectal.linear_probing,thunder,f1,observed,84.800000,84.800000,16,32,logit_zscore_bias_als,1,2,,
dinov3-b,thunder.spider_skin.linear_probing,thunder,f1,observed,81.600000,81.600000,16,32,logit_zscore_bias_als,1,2,,
dinov3-b,thunder.spider_thorax.linear_probing,thunder,f1,observed,90.000000,90.000000,16,32,logit_zscore_bias_als,1,2,,
dinov3-b,thunder.tcga_crc_msi.linear_probing,thunder,f1,observed,57.200000,57.200000,16,32,logit_zscore_bias_als,1,2,,
dinov3-b,thunder.tcga_tils.linear_probing,thunder,f1,observed,86.700000,86.700000,16,32,logit_zscore_bias_als,1,2,,
dinov3-b,thunder.tcga_uniform.linear_probing,thunder,f1,observed,56.200000,56.200000,16,32,logit_zscore_bias_als,1,2,,
dinov3-b,thunder.wilds.linear_probing,thunder,f1,observed,93.600000,93.600000,16,32,logit_zscore_bias_als,1,2,,
dinov3-l,hest.ccrcc.gene_expression,hest,pearson_r,imputed,60.722331,0.214447,16,26,logit_zscore_bias_als,1,2,61.418105,0.695774
dinov3-l,hest.coad.gene_expression,hest,pearson_r,imputed,62.052301,0.241046,16,26,logit_zscore_bias_als,1,2,62.855919,0.803619
dinov3-l,hest.idc.gene_expression,hest,pearson_r,imputed,76.814842,0.536297,16,26,logit_zscore_bias_als,1,2,77.593024,0.778182
dinov3-l,hest.lung.gene_expression,hest,pearson_r,imputed,76.023233,0.520465,16,26,logit_zscore_bias_als,1,2,76.482239,0.459006
dinov3-l,hest.lymph_idc.gene_expression,hest,pearson_r,imputed,62.417512,0.248350,16,26,logit_zscore_bias_als,1,2,63.010387,0.592875
dinov3-l,hest.paad.gene_expression,hest,pearson_r,imputed,72.089555,0.441791,16,26,logit_zscore_bias_als,1,2,73.031433,0.941878
dinov3-l,hest.prad.gene_expression,hest,pearson_r,imputed,68.301177,0.366024,16,26,logit_zscore_bias_als,1,2,70.433963,2.132785
dinov3-l,hest.read.gene_expression,hest,pearson_r,imputed,56.628665,0.132573,16,26,logit_zscore_bias_als,1,2,57.476380,0.847715
dinov3-l,hest.skcm.gene_expression,hest,pearson_r,imputed,77.513718,0.550274,16,26,logit_zscore_bias_als,1,2,78.987044,1.473325
dinov3-l,pathorob.camelyon.robustness_index,pathorob,robustness_index,imputed,49.636425,0.496364,16,20,logit_zscore_bias_als,1,2,93.481888,43.845463
dinov3-l,pathorob.tcga_2x2.robustness_index,pathorob,robustness_index,imputed,79.214636,0.792146,16,20,logit_zscore_bias_als,1,2,85.992830,6.778194
dinov3-l,pathorob.tolkach_esca.robustness_index,pathorob,robustness_index,imputed,93.640072,0.936401,16,20,logit_zscore_bias_als,1,2,97.884194,4.244122
dinov3-l,thunder.bach.linear_probing,thunder,f1,observed,57.900000,57.900000,16,32,logit_zscore_bias_als,1,2,,
dinov3-l,thunder.bracs.linear_probing,thunder,f1,observed,54.600000,54.600000,16,32,logit_zscore_bias_als,1,2,,
dinov3-l,thunder.break_his.linear_probing,thunder,f1,observed,77.300000,77.300000,16,32,logit_zscore_bias_als,1,2,,
dinov3-l,thunder.ccrcc.linear_probing,thunder,f1,observed,82.500000,82.500000,16,32,logit_zscore_bias_als,1,2,,
dinov3-l,thunder.crc.linear_probing,thunder,f1,observed,91.500000,91.500000,16,32,logit_zscore_bias_als,1,2,,
dinov3-l,thunder.esca.linear_probing,thunder,f1,observed,76.000000,76.000000,16,32,logit_zscore_bias_als,1,2,,
dinov3-l,thunder.mhist.linear_probing,thunder,f1,observed,84.100000,84.100000,16,32,logit_zscore_bias_als,1,2,,
dinov3-l,thunder.patch_camelyon.linear_probing,thunder,f1,observed,88.800000,88.800000,16,32,logit_zscore_bias_als,1,2,,
dinov3-l,thunder.spider_breast.linear_probing,thunder,f1,observed,78.300000,78.300000,16,32,logit_zscore_bias_als,1,2,,
dinov3-l,thunder.spider_colorectal.linear_probing,thunder,f1,observed,86.300000,86.300000,16,32,logit_zscore_bias_als,1,2,,
dinov3-l,thunder.spider_skin.linear_probing,thunder,f1,observed,82.500000,82.500000,16,32,logit_zscore_bias_als,1,2,,
dinov3-l,thunder.spider_thorax.linear_probing,thunder,f1,observed,90.100000,90.100000,16,32,logit_zscore_bias_als,1,2,,
dinov3-l,thunder.tcga_crc_msi.linear_probing,thunder,f1,observed,55.500000,55.500000,16,32,logit_zscore_bias_als,1,2,,
dinov3-l,thunder.tcga_tils.linear_probing,thunder,f1,observed,87.000000,87.000000,16,32,logit_zscore_bias_als,1,2,,
dinov3-l,thunder.tcga_uniform.linear_probing,thunder,f1,observed,59.300000,59.300000,16,32,logit_zscore_bias_als,1,2,,
dinov3-l,thunder.wilds.linear_probing,thunder,f1,observed,94.800000,94.800000,16,32,logit_zscore_bias_als,1,2,,
dinov3-s,hest.ccrcc.gene_expression,hest,pearson_r,imputed,60.397530,0.207951,16,26,logit_zscore_bias_als,1,2,60.133009,0.264521
dinov3-s,hest.coad.gene_expression,hest,pearson_r,imputed,61.683371,0.233667,16,26,logit_zscore_bias_als,1,2,62.140569,0.457198
dinov3-s,hest.idc.gene_expression,hest,pearson_r,imputed,76.520773,0.530415,16,26,logit_zscore_bias_als,1,2,76.829289,0.308516
dinov3-s,hest.lung.gene_expression,hest,pearson_r,imputed,75.746575,0.514931,16,26,logit_zscore_bias_als,1,2,75.852871,0.106296
dinov3-s,hest.lymph_idc.gene_expression,hest,pearson_r,imputed,62.347735,0.246955,16,26,logit_zscore_bias_als,1,2,63.148040,0.800305
dinov3-s,hest.paad.gene_expression,hest,pearson_r,imputed,71.837227,0.436745,16,26,logit_zscore_bias_als,1,2,72.470579,0.633353
dinov3-s,hest.prad.gene_expression,hest,pearson_r,imputed,68.406128,0.368123,16,26,logit_zscore_bias_als,1,2,70.790947,2.384819
dinov3-s,hest.read.gene_expression,hest,pearson_r,imputed,56.199918,0.123998,16,26,logit_zscore_bias_als,1,2,56.328219,0.128301
dinov3-s,hest.skcm.gene_expression,hest,pearson_r,imputed,77.037983,0.540760,16,26,logit_zscore_bias_als,1,2,77.979620,0.941637
dinov3-s,pathorob.camelyon.robustness_index,pathorob,robustness_index,imputed,51.867872,0.518679,16,20,logit_zscore_bias_als,1,2,97.151732,45.283860
dinov3-s,pathorob.tcga_2x2.robustness_index,pathorob,robustness_index,imputed,79.776565,0.797766,16,20,logit_zscore_bias_als,1,2,87.683360,7.906795
dinov3-s,pathorob.tolkach_esca.robustness_index,pathorob,robustness_index,imputed,94.044759,0.940448,16,20,logit_zscore_bias_als,1,2,98.636057,4.591298
dinov3-s,thunder.bach.linear_probing,thunder,f1,observed,56.400000,56.400000,16,32,logit_zscore_bias_als,1,2,,
dinov3-s,thunder.bracs.linear_probing,thunder,f1,observed,56.500000,56.500000,16,32,logit_zscore_bias_als,1,2,,
dinov3-s,thunder.break_his.linear_probing,thunder,f1,observed,82.900000,82.900000,16,32,logit_zscore_bias_als,1,2,,
dinov3-s,thunder.ccrcc.linear_probing,thunder,f1,observed,81.600000,81.600000,16,32,logit_zscore_bias_als,1,2,,
dinov3-s,thunder.crc.linear_probing,thunder,f1,observed,91.400000,91.400000,16,32,logit_zscore_bias_als,1,2,,
dinov3-s,thunder.esca.linear_probing,thunder,f1,observed,72.600000,72.600000,16,32,logit_zscore_bias_als,1,2,,
dinov3-s,thunder.mhist.linear_probing,thunder,f1,observed,82.900000,82.900000,16,32,logit_zscore_bias_als,1,2,,
dinov3-s,thunder.patch_camelyon.linear_probing,thunder,f1,observed,86.500000,86.500000,16,32,logit_zscore_bias_als,1,2,,
dinov3-s,thunder.spider_breast.linear_probing,thunder,f1,observed,75.000000,75.000000,16,32,logit_zscore_bias_als,1,2,,
dinov3-s,thunder.spider_colorectal.linear_probing,thunder,f1,observed,85.000000,85.000000,16,32,logit_zscore_bias_als,1,2,,
dinov3-s,thunder.spider_skin.linear_probing,thunder,f1,observed,81.800000,81.800000,16,32,logit_zscore_bias_als,1,2,,
dinov3-s,thunder.spider_thorax.linear_probing,thunder,f1,observed,88.200000,88.200000,16,32,logit_zscore_bias_als,1,2,,
dinov3-s,thunder.tcga_crc_msi.linear_probing,thunder,f1,observed,57.700000,57.700000,16,32,logit_zscore_bias_als,1,2,,
dinov3-s,thunder.tcga_tils.linear_probing,thunder,f1,observed,86.300000,86.300000,16,32,logit_zscore_bias_als,1,2,,
dinov3-s,thunder.tcga_uniform.linear_probing,thunder,f1,observed,53.900000,53.900000,16,32,logit_zscore_bias_als,1,2,,
dinov3-s,thunder.wilds.linear_probing,thunder,f1,observed,94.100000,94.100000,16,32,logit_zscore_bias_als,1,2,,
genbio-pathfm,hest.ccrcc.gene_expression,hest,pearson_r,observed,63.075000,0.261500,25,26,logit_zscore_bias_als,1,2,,
genbio-pathfm,hest.coad.gene_expression,hest,pearson_r,observed,66.420000,0.328400,25,26,logit_zscore_bias_als,1,2,,
genbio-pathfm,hest.idc.gene_expression,hest,pearson_r,observed,79.360000,0.587200,25,26,logit_zscore_bias_als,1,2,,
genbio-pathfm,hest.lung.gene_expression,hest,pearson_r,observed,78.935000,0.578700,25,26,logit_zscore_bias_als,1,2,,
genbio-pathfm,hest.lymph_idc.gene_expression,hest,pearson_r,observed,64.210000,0.284200,25,26,logit_zscore_bias_als,1,2,,
genbio-pathfm,hest.paad.gene_expression,hest,pearson_r,observed,74.795000,0.495900,25,26,logit_zscore_bias_als,1,2,,
genbio-pathfm,hest.prad.gene_expression,hest,pearson_r,observed,69.565000,0.391300,25,26,logit_zscore_bias_als,1,2,,
genbio-pathfm,hest.read.gene_expression,hest,pearson_r,observed,58.925000,0.178500,25,26,logit_zscore_bias_als,1,2,,
genbio-pathfm,hest.skcm.gene_expression,hest,pearson_r,observed,83.575000,0.671500,25,26,logit_zscore_bias_als,1,2,,
genbio-pathfm,pathorob.camelyon.robustness_index,pathorob,robustness_index,imputed,81.373301,0.813733,25,20,logit_zscore_bias_als,1,2,91.254254,9.880953
genbio-pathfm,pathorob.tcga_2x2.robustness_index,pathorob,robustness_index,imputed,83.712441,0.837124,25,20,logit_zscore_bias_als,1,2,85.766639,2.054198
genbio-pathfm,pathorob.tolkach_esca.robustness_index,pathorob,robustness_index,imputed,95.585569,0.955856,25,20,logit_zscore_bias_als,1,2,96.897256,1.311687
genbio-pathfm,thunder.bach.linear_probing,thunder,f1,observed,78.100000,78.100000,25,32,logit_zscore_bias_als,1,2,,
genbio-pathfm,thunder.bracs.linear_probing,thunder,f1,observed,60.100000,60.100000,25,32,logit_zscore_bias_als,1,2,,
genbio-pathfm,thunder.break_his.linear_probing,thunder,f1,observed,76.600000,76.600000,25,32,logit_zscore_bias_als,1,2,,
genbio-pathfm,thunder.ccrcc.linear_probing,thunder,f1,observed,91.600000,91.600000,25,32,logit_zscore_bias_als,1,2,,
genbio-pathfm,thunder.crc.linear_probing,thunder,f1,observed,95.600000,95.600000,25,32,logit_zscore_bias_als,1,2,,
genbio-pathfm,thunder.esca.linear_probing,thunder,f1,observed,84.700000,84.700000,25,32,logit_zscore_bias_als,1,2,,
genbio-pathfm,thunder.mhist.linear_probing,thunder,f1,observed,83.200000,83.200000,25,32,logit_zscore_bias_als,1,2,,
genbio-pathfm,thunder.patch_camelyon.linear_probing,thunder,f1,observed,93.800000,93.800000,25,32,logit_zscore_bias_als,1,2,,
genbio-pathfm,thunder.spider_breast.linear_probing,thunder,f1,observed,86.200000,86.200000,25,32,logit_zscore_bias_als,1,2,,
genbio-pathfm,thunder.spider_colorectal.linear_probing,thunder,f1,observed,90.500000,90.500000,25,32,logit_zscore_bias_als,1,2,,
genbio-pathfm,thunder.spider_skin.linear_probing,thunder,f1,observed,93.500000,93.500000,25,32,logit_zscore_bias_als,1,2,,
genbio-pathfm,thunder.spider_thorax.linear_probing,thunder,f1,observed,94.600000,94.600000,25,32,logit_zscore_bias_als,1,2,,
genbio-pathfm,thunder.tcga_crc_msi.linear_probing,thunder,f1,observed,68.000000,68.000000,25,32,logit_zscore_bias_als,1,2,,
genbio-pathfm,thunder.tcga_tils.linear_probing,thunder,f1,observed,90.600000,90.600000,25,32,logit_zscore_bias_als,1,2,,
genbio-pathfm,thunder.tcga_uniform.linear_probing,thunder,f1,observed,79.900000,79.900000,25,32,logit_zscore_bias_als,1,2,,
genbio-pathfm,thunder.wilds.linear_probing,thunder,f1,observed,98.200000,98.200000,25,32,logit_zscore_bias_als,1,2,,
gpfm,hest.ccrcc.gene_expression,hest,pearson_r,observed,62.955000,0.259100,9,26,logit_zscore_bias_als,1,2,,
gpfm,hest.coad.gene_expression,hest,pearson_r,observed,62.400000,0.248000,9,26,logit_zscore_bias_als,1,2,,
gpfm,hest.idc.gene_expression,hest,pearson_r,observed,78.300000,0.566000,9,26,logit_zscore_bias_als,1,2,,
gpfm,hest.lung.gene_expression,hest,pearson_r,observed,77.360000,0.547200,9,26,logit_zscore_bias_als,1,2,,
gpfm,hest.lymph_idc.gene_expression,hest,pearson_r,observed,61.855000,0.237100,9,26,logit_zscore_bias_als,1,2,,
gpfm,hest.paad.gene_expression,hest,pearson_r,observed,73.005000,0.460100,9,26,logit_zscore_bias_als,1,2,,
gpfm,hest.prad.gene_expression,hest,pearson_r,observed,67.115000,0.342300,9,26,logit_zscore_bias_als,1,2,,
gpfm,hest.read.gene_expression,hest,pearson_r,observed,58.230000,0.164600,9,26,logit_zscore_bias_als,1,2,,
gpfm,hest.skcm.gene_expression,hest,pearson_r,observed,79.455000,0.589100,9,26,logit_zscore_bias_als,1,2,,
gpfm,pathorob.camelyon.robustness_index,pathorob,robustness_index,imputed,15.007575,0.150076,9,20,logit_zscore_bias_als,1,2,6.416317,8.591258
gpfm,pathorob.tcga_2x2.robustness_index,pathorob,robustness_index,imputed,68.479141,0.684791,9,20,logit_zscore_bias_als,1,2,69.116059,0.636918
gpfm,pathorob.tolkach_esca.robustness_index,pathorob,robustness_index,imputed,84.534710,0.845347,9,20,logit_zscore_bias_als,1,2,82.847845,1.686865
gpfm,thunder.bach.linear_probing,thunder,f1,imputed,70.841125,70.841125,9,32,logit_zscore_bias_als,1,2,63.159406,7.681719
gpfm,thunder.bracs.linear_probing,thunder,f1,imputed,59.868543,59.868543,9,32,logit_zscore_bias_als,1,2,57.642202,2.226341
gpfm,thunder.break_his.linear_probing,thunder,f1,imputed,63.691027,63.691027,9,32,logit_zscore_bias_als,1,2,56.139638,7.551389
gpfm,thunder.ccrcc.linear_probing,thunder,f1,imputed,86.315615,86.315615,9,32,logit_zscore_bias_als,1,2,85.168549,1.147066
gpfm,thunder.crc.linear_probing,thunder,f1,imputed,93.090131,93.090131,9,32,logit_zscore_bias_als,1,2,91.846098,1.244033
gpfm,thunder.esca.linear_probing,thunder,f1,imputed,78.588556,78.588556,9,32,logit_zscore_bias_als,1,2,77.190283,1.398272
gpfm,thunder.mhist.linear_probing,thunder,f1,imputed,79.380747,79.380747,9,32,logit_zscore_bias_als,1,2,79.946274,0.565527
gpfm,thunder.patch_camelyon.linear_probing,thunder,f1,imputed,91.499078,91.499078,9,32,logit_zscore_bias_als,1,2,91.019204,0.479874
gpfm,thunder.spider_breast.linear_probing,thunder,f1,imputed,83.580246,83.580246,9,32,logit_zscore_bias_als,1,2,83.337147,0.243099
gpfm,thunder.spider_colorectal.linear_probing,thunder,f1,imputed,88.468318,88.468318,9,32,logit_zscore_bias_als,1,2,88.385014,0.083304
gpfm,thunder.spider_skin.linear_probing,thunder,f1,imputed,88.664328,88.664328,9,32,logit_zscore_bias_als,1,2,88.086868,0.577460
gpfm,thunder.spider_thorax.linear_probing,thunder,f1,imputed,92.762580,92.762580,9,32,logit_zscore_bias_als,1,2,92.390120,0.372460
gpfm,thunder.tcga_crc_msi.linear_probing,thunder,f1,imputed,63.548787,63.548787,9,32,logit_zscore_bias_als,1,2,61.704781,1.844006
gpfm,thunder.tcga_tils.linear_probing,thunder,f1,imputed,89.473653,89.473653,9,32,logit_zscore_bias_als,1,2,89.136840,0.336813
gpfm,thunder.tcga_uniform.linear_probing,thunder,f1,imputed,71.879681,71.879681,9,32,logit_zscore_bias_als,1,2,70.022866,1.856815
gpfm,thunder.wilds.linear_probing,thunder,f1,imputed,96.375146,96.375146,9,32,logit_zscore_bias_als,1,2,95.086113,1.289033
h-optimus-0,hest.ccrcc.gene_expression,hest,pearson_r,observed,63.380000,0.267600,28,26,logit_zscore_bias_als,1,2,,
h-optimus-0,hest.coad.gene_expression,hest,pearson_r,observed,65.430000,0.308600,28,26,logit_zscore_bias_als,1,2,,
h-optimus-0,hest.idc.gene_expression,hest,pearson_r,observed,79.880000,0.597600,28,26,logit_zscore_bias_als,1,2,,
h-optimus-0,hest.lung.gene_expression,hest,pearson_r,observed,77.950000,0.559000,28,26,logit_zscore_bias_als,1,2,,
h-optimus-0,hest.lymph_idc.gene_expression,hest,pearson_r,observed,62.955000,0.259100,28,26,logit_zscore_bias_als,1,2,,
h-optimus-0,hest.paad.gene_expression,hest,pearson_r,observed,74.555000,0.491100,28,26,logit_zscore_bias_als,1,2,,
h-optimus-0,hest.prad.gene_expression,hest,pearson_r,observed,69.240000,0.384800,28,26,logit_zscore_bias_als,1,2,,
h-optimus-0,hest.read.gene_expression,hest,pearson_r,observed,61.080000,0.221600,28,26,logit_zscore_bias_als,1,2,,
h-optimus-0,hest.skcm.gene_expression,hest,pearson_r,observed,82.270000,0.645400,28,26,logit_zscore_bias_als,1,2,,
h-optimus-0,pathorob.camelyon.robustness_index,pathorob,robustness_index,observed,70.500000,0.705000,28,20,logit_zscore_bias_als,1,2,,
h-optimus-0,pathorob.tcga_2x2.robustness_index,pathorob,robustness_index,observed,81.200000,0.812000,28,20,logit_zscore_bias_als,1,2,,
h-optimus-0,pathorob.tolkach_esca.robustness_index,pathorob,robustness_index,observed,91.800000,0.918000,28,20,logit_zscore_bias_als,1,2,,
h-optimus-0,thunder.bach.linear_probing,thunder,f1,observed,69.700000,69.700000,28,32,logit_zscore_bias_als,1,2,,
h-optimus-0,thunder.bracs.linear_probing,thunder,f1,observed,61.100000,61.100000,28,32,logit_zscore_bias_als,1,2,,
h-optimus-0,thunder.break_his.linear_probing,thunder,f1,observed,66.000000,66.000000,28,32,logit_zscore_bias_als,1,2,,
h-optimus-0,thunder.ccrcc.linear_probing,thunder,f1,observed,90.800000,90.800000,28,32,logit_zscore_bias_als,1,2,,
h-optimus-0,thunder.crc.linear_probing,thunder,f1,observed,93.500000,93.500000,28,32,logit_zscore_bias_als,1,2,,
h-optimus-0,thunder.esca.linear_probing,thunder,f1,observed,83.500000,83.500000,28,32,logit_zscore_bias_als,1,2,,
h-optimus-0,thunder.mhist.linear_probing,thunder,f1,observed,82.800000,82.800000,28,32,logit_zscore_bias_als,1,2,,
h-optimus-0,thunder.patch_camelyon.linear_probing,thunder,f1,observed,93.000000,93.000000,28,32,logit_zscore_bias_als,1,2,,
h-optimus-0,thunder.spider_breast.linear_probing,thunder,f1,observed,87.200000,87.200000,28,32,logit_zscore_bias_als,1,2,,
h-optimus-0,thunder.spider_colorectal.linear_probing,thunder,f1,observed,89.900000,89.900000,28,32,logit_zscore_bias_als,1,2,,
h-optimus-0,thunder.spider_skin.linear_probing,thunder,f1,observed,91.900000,91.900000,28,32,logit_zscore_bias_als,1,2,,
h-optimus-0,thunder.spider_thorax.linear_probing,thunder,f1,observed,94.400000,94.400000,28,32,logit_zscore_bias_als,1,2,,
h-optimus-0,thunder.tcga_crc_msi.linear_probing,thunder,f1,observed,67.300000,67.300000,28,32,logit_zscore_bias_als,1,2,,
h-optimus-0,thunder.tcga_tils.linear_probing,thunder,f1,observed,91.000000,91.000000,28,32,logit_zscore_bias_als,1,2,,
h-optimus-0,thunder.tcga_uniform.linear_probing,thunder,f1,observed,79.300000,79.300000,28,32,logit_zscore_bias_als,1,2,,
h-optimus-0,thunder.wilds.linear_probing,thunder,f1,observed,98.700000,98.700000,28,32,logit_zscore_bias_als,1,2,,
h-optimus-1,hest.ccrcc.gene_expression,hest,pearson_r,observed,62.665000,0.253300,25,26,logit_zscore_bias_als,1,2,,
h-optimus-1,hest.coad.gene_expression,hest,pearson_r,observed,65.975000,0.319500,25,26,logit_zscore_bias_als,1,2,,
h-optimus-1,hest.idc.gene_expression,hest,pearson_r,observed,80.120000,0.602400,25,26,logit_zscore_bias_als,1,2,,
h-optimus-1,hest.lung.gene_expression,hest,pearson_r,observed,78.895000,0.577900,25,26,logit_zscore_bias_als,1,2,,
h-optimus-1,hest.lymph_idc.gene_expression,hest,pearson_r,observed,63.870000,0.277400,25,26,logit_zscore_bias_als,1,2,,
h-optimus-1,hest.paad.gene_expression,hest,pearson_r,observed,74.820000,0.496400,25,26,logit_zscore_bias_als,1,2,,
h-optimus-1,hest.prad.gene_expression,hest,pearson_r,observed,68.905000,0.378100,25,26,logit_zscore_bias_als,1,2,,
h-optimus-1,hest.read.gene_expression,hest,pearson_r,observed,62.105000,0.242100,25,26,logit_zscore_bias_als,1,2,,
h-optimus-1,hest.skcm.gene_expression,hest,pearson_r,observed,82.945000,0.658900,25,26,logit_zscore_bias_als,1,2,,
h-optimus-1,pathorob.camelyon.robustness_index,pathorob,robustness_index,imputed,68.959407,0.689594,25,20,logit_zscore_bias_als,1,2,83.694802,14.735396
h-optimus-1,pathorob.tcga_2x2.robustness_index,pathorob,robustness_index,imputed,81.042712,0.810427,25,20,logit_zscore_bias_als,1,2,83.647699,2.604987
h-optimus-1,pathorob.tolkach_esca.robustness_index,pathorob,robustness_index,imputed,94.082078,0.940821,25,20,logit_zscore_bias_als,1,2,95.678399,1.596321
h-optimus-1,thunder.bach.linear_probing,thunder,f1,observed,72.500000,72.500000,25,32,logit_zscore_bias_als,1,2,,
h-optimus-1,thunder.bracs.linear_probing,thunder,f1,observed,64.300000,64.300000,25,32,logit_zscore_bias_als,1,2,,
h-optimus-1,thunder.break_his.linear_probing,thunder,f1,observed,76.000000,76.000000,25,32,logit_zscore_bias_als,1,2,,
h-optimus-1,thunder.ccrcc.linear_probing,thunder,f1,observed,91.700000,91.700000,25,32,logit_zscore_bias_als,1,2,,
h-optimus-1,thunder.crc.linear_probing,thunder,f1,observed,94.600000,94.600000,25,32,logit_zscore_bias_als,1,2,,
h-optimus-1,thunder.esca.linear_probing,thunder,f1,observed,87.100000,87.100000,25,32,logit_zscore_bias_als,1,2,,
h-optimus-1,thunder.mhist.linear_probing,thunder,f1,observed,82.000000,82.000000,25,32,logit_zscore_bias_als,1,2,,
h-optimus-1,thunder.patch_camelyon.linear_probing,thunder,f1,observed,93.300000,93.300000,25,32,logit_zscore_bias_als,1,2,,
h-optimus-1,thunder.spider_breast.linear_probing,thunder,f1,observed,86.100000,86.100000,25,32,logit_zscore_bias_als,1,2,,
h-optimus-1,thunder.spider_colorectal.linear_probing,thunder,f1,observed,90.300000,90.300000,25,32,logit_zscore_bias_als,1,2,,
h-optimus-1,thunder.spider_skin.linear_probing,thunder,f1,observed,92.300000,92.300000,25,32,logit_zscore_bias_als,1,2,,
h-optimus-1,thunder.spider_thorax.linear_probing,thunder,f1,observed,93.600000,93.600000,25,32,logit_zscore_bias_als,1,2,,
h-optimus-1,thunder.tcga_crc_msi.linear_probing,thunder,f1,observed,67.900000,67.900000,25,32,logit_zscore_bias_als,1,2,,
h-optimus-1,thunder.tcga_tils.linear_probing,thunder,f1,observed,91.000000,91.000000,25,32,logit_zscore_bias_als,1,2,,
h-optimus-1,thunder.tcga_uniform.linear_probing,thunder,f1,observed,81.000000,81.000000,25,32,logit_zscore_bias_als,1,2,,
h-optimus-1,thunder.wilds.linear_probing,thunder,f1,observed,98.200000,98.200000,25,32,logit_zscore_bias_als,1,2,,
h0-mini,hest.ccrcc.gene_expression,hest,pearson_r,observed,63.350000,0.267000,28,26,logit_zscore_bias_als,1,2,,
h0-mini,hest.coad.gene_expression,hest,pearson_r,observed,62.470000,0.249400,28,26,logit_zscore_bias_als,1,2,,
h0-mini,hest.idc.gene_expression,hest,pearson_r,observed,79.310000,0.586200,28,26,logit_zscore_bias_als,1,2,,
h0-mini,hest.lung.gene_expression,hest,pearson_r,observed,77.410000,0.548200,28,26,logit_zscore_bias_als,1,2,,
h0-mini,hest.lymph_idc.gene_expression,hest,pearson_r,observed,63.145000,0.262900,28,26,logit_zscore_bias_als,1,2,,
h0-mini,hest.paad.gene_expression,hest,pearson_r,observed,74.595000,0.491900,28,26,logit_zscore_bias_als,1,2,,
h0-mini,hest.prad.gene_expression,hest,pearson_r,observed,68.435000,0.368700,28,26,logit_zscore_bias_als,1,2,,
h0-mini,hest.read.gene_expression,hest,pearson_r,observed,59.315000,0.186300,28,26,logit_zscore_bias_als,1,2,,
h0-mini,hest.skcm.gene_expression,hest,pearson_r,observed,80.060000,0.601200,28,26,logit_zscore_bias_als,1,2,,
h0-mini,pathorob.camelyon.robustness_index,pathorob,robustness_index,observed,71.800000,0.718000,28,20,logit_zscore_bias_als,1,2,,
h0-mini,pathorob.tcga_2x2.robustness_index,pathorob,robustness_index,observed,79.400000,0.794000,28,20,logit_zscore_bias_als,1,2,,
h0-mini,pathorob.tolkach_esca.robustness_index,pathorob,robustness_index,observed,93.200000,0.932000,28,20,logit_zscore_bias_als,1,2,,
h0-mini,thunder.bach.linear_probing,thunder,f1,observed,71.300000,71.300000,28,32,logit_zscore_bias_als,1,2,,
h0-mini,thunder.bracs.linear_probing,thunder,f1,observed,60.700000,60.700000,28,32,logit_zscore_bias_als,1,2,,
h0-mini,thunder.break_his.linear_probing,thunder,f1,observed,69.000000,69.000000,28,32,logit_zscore_bias_als,1,2,,
h0-mini,thunder.ccrcc.linear_probing,thunder,f1,observed,90.200000,90.200000,28,32,logit_zscore_bias_als,1,2,,
h0-mini,thunder.crc.linear_probing,thunder,f1,observed,95.800000,95.800000,28,32,logit_zscore_bias_als,1,2,,
h0-mini,thunder.esca.linear_probing,thunder,f1,observed,84.400000,84.400000,28,32,logit_zscore_bias_als,1,2,,
h0-mini,thunder.mhist.linear_probing,thunder,f1,observed,79.900000,79.900000,28,32,logit_zscore_bias_als,1,2,,
h0-mini,thunder.patch_camelyon.linear_probing,thunder,f1,observed,94.300000,94.300000,28,32,logit_zscore_bias_als,1,2,,
h0-mini,thunder.spider_breast.linear_probing,thunder,f1,observed,86.000000,86.000000,28,32,logit_zscore_bias_als,1,2,,
h0-mini,thunder.spider_colorectal.linear_probing,thunder,f1,observed,90.200000,90.200000,28,32,logit_zscore_bias_als,1,2,,
h0-mini,thunder.spider_skin.linear_probing,thunder,f1,observed,90.400000,90.400000,28,32,logit_zscore_bias_als,1,2,,
h0-mini,thunder.spider_thorax.linear_probing,thunder,f1,observed,93.400000,93.400000,28,32,logit_zscore_bias_als,1,2,,
h0-mini,thunder.tcga_crc_msi.linear_probing,thunder,f1,observed,66.500000,66.500000,28,32,logit_zscore_bias_als,1,2,,
h0-mini,thunder.tcga_tils.linear_probing,thunder,f1,observed,91.700000,91.700000,28,32,logit_zscore_bias_als,1,2,,
h0-mini,thunder.tcga_uniform.linear_probing,thunder,f1,observed,78.200000,78.200000,28,32,logit_zscore_bias_als,1,2,,
h0-mini,thunder.wilds.linear_probing,thunder,f1,observed,98.200000,98.200000,28,32,logit_zscore_bias_als,1,2,,
hibou-b,hest.ccrcc.gene_expression,hest,pearson_r,imputed,62.505912,0.250118,16,26,logit_zscore_bias_als,1,2,62.401792,0.104119
hibou-b,hest.coad.gene_expression,hest,pearson_r,imputed,63.928999,0.278580,16,26,logit_zscore_bias_als,1,2,63.714992,0.214007
hibou-b,hest.idc.gene_expression,hest,pearson_r,imputed,78.035395,0.560708,16,26,logit_zscore_bias_als,1,2,77.822597,0.212798
hibou-b,hest.lung.gene_expression,hest,pearson_r,imputed,77.398290,0.547966,16,26,logit_zscore_bias_als,1,2,77.302804,0.095486
hibou-b,hest.lymph_idc.gene_expression,hest,pearson_r,imputed,62.357851,0.247157,16,26,logit_zscore_bias_als,1,2,62.103414,0.254437
hibou-b,hest.paad.gene_expression,hest,pearson_r,imputed,73.151502,0.463030,16,26,logit_zscore_bias_als,1,2,72.839485,0.312017
hibou-b,hest.prad.gene_expression,hest,pearson_r,imputed,66.213797,0.324276,16,26,logit_zscore_bias_als,1,2,65.196885,1.016912
hibou-b,hest.read.gene_expression,hest,pearson_r,imputed,58.914982,0.178300,16,26,logit_zscore_bias_als,1,2,58.731401,0.183581
hibou-b,hest.skcm.gene_expression,hest,pearson_r,imputed,79.376779,0.587536,16,26,logit_zscore_bias_als,1,2,78.929452,0.447327
hibou-b,pathorob.camelyon.robustness_index,pathorob,robustness_index,imputed,10.884819,0.108848,16,20,logit_zscore_bias_als,1,2,3.157992,7.726827
hibou-b,pathorob.tcga_2x2.robustness_index,pathorob,robustness_index,imputed,64.775872,0.647759,16,20,logit_zscore_bias_als,1,2,60.997541,3.778331
hibou-b,pathorob.tolkach_esca.robustness_index,pathorob,robustness_index,imputed,80.329627,0.803296,16,20,logit_zscore_bias_als,1,2,70.699224,9.630403
hibou-b,thunder.bach.linear_probing,thunder,f1,observed,65.600000,65.600000,16,32,logit_zscore_bias_als,1,2,,
hibou-b,thunder.bracs.linear_probing,thunder,f1,observed,61.700000,61.700000,16,32,logit_zscore_bias_als,1,2,,
hibou-b,thunder.break_his.linear_probing,thunder,f1,observed,59.600000,59.600000,16,32,logit_zscore_bias_als,1,2,,
hibou-b,thunder.ccrcc.linear_probing,thunder,f1,observed,84.300000,84.300000,16,32,logit_zscore_bias_als,1,2,,
hibou-b,thunder.crc.linear_probing,thunder,f1,observed,93.900000,93.900000,16,32,logit_zscore_bias_als,1,2,,
hibou-b,thunder.esca.linear_probing,thunder,f1,observed,77.500000,77.500000,16,32,logit_zscore_bias_als,1,2,,
hibou-b,thunder.mhist.linear_probing,thunder,f1,observed,76.500000,76.500000,16,32,logit_zscore_bias_als,1,2,,
hibou-b,thunder.patch_camelyon.linear_probing,thunder,f1,observed,93.400000,93.400000,16,32,logit_zscore_bias_als,1,2,,
hibou-b,thunder.spider_breast.linear_probing,thunder,f1,observed,86.600000,86.600000,16,32,logit_zscore_bias_als,1,2,,
hibou-b,thunder.spider_colorectal.linear_probing,thunder,f1,observed,90.700000,90.700000,16,32,logit_zscore_bias_als,1,2,,
hibou-b,thunder.spider_skin.linear_probing,thunder,f1,observed,91.100000,91.100000,16,32,logit_zscore_bias_als,1,2,,
hibou-b,thunder.spider_thorax.linear_probing,thunder,f1,observed,94.500000,94.500000,16,32,logit_zscore_bias_als,1,2,,
hibou-b,thunder.tcga_crc_msi.linear_probing,thunder,f1,observed,66.200000,66.200000,16,32,logit_zscore_bias_als,1,2,,
hibou-b,thunder.tcga_tils.linear_probing,thunder,f1,observed,89.600000,89.600000,16,32,logit_zscore_bias_als,1,2,,
hibou-b,thunder.tcga_uniform.linear_probing,thunder,f1,observed,70.200000,70.200000,16,32,logit_zscore_bias_als,1,2,,
hibou-b,thunder.wilds.linear_probing,thunder,f1,observed,97.100000,97.100000,16,32,logit_zscore_bias_als,1,2,,
hibou-l,hest.ccrcc.gene_expression,hest,pearson_r,observed,63.285000,0.265700,25,26,logit_zscore_bias_als,1,2,,
hibou-l,hest.coad.gene_expression,hest,pearson_r,observed,65.200000,0.304000,25,26,logit_zscore_bias_als,1,2,,
hibou-l,hest.idc.gene_expression,hest,pearson_r,observed,78.505000,0.570100,25,26,logit_zscore_bias_als,1,2,,
hibou-l,hest.lung.gene_expression,hest,pearson_r,observed,78.810000,0.576200,25,26,logit_zscore_bias_als,1,2,,
hibou-l,hest.lymph_idc.gene_expression,hest,pearson_r,observed,62.160000,0.243200,25,26,logit_zscore_bias_als,1,2,,
hibou-l,hest.paad.gene_expression,hest,pearson_r,observed,73.370000,0.467400,25,26,logit_zscore_bias_als,1,2,,
hibou-l,hest.prad.gene_expression,hest,pearson_r,observed,64.725000,0.294500,25,26,logit_zscore_bias_als,1,2,,
hibou-l,hest.read.gene_expression,hest,pearson_r,observed,59.510000,0.190200,25,26,logit_zscore_bias_als,1,2,,
hibou-l,hest.skcm.gene_expression,hest,pearson_r,observed,79.085000,0.581700,25,26,logit_zscore_bias_als,1,2,,
hibou-l,pathorob.camelyon.robustness_index,pathorob,robustness_index,imputed,8.356943,0.083569,25,20,logit_zscore_bias_als,1,2,9.437288,1.080345
hibou-l,pathorob.tcga_2x2.robustness_index,pathorob,robustness_index,imputed,64.680357,0.646804,25,20,logit_zscore_bias_als,1,2,66.647314,1.966956
hibou-l,pathorob.tolkach_esca.robustness_index,pathorob,robustness_index,imputed,79.779839,0.797798,25,20,logit_zscore_bias_als,1,2,78.019270,1.760569
hibou-l,thunder.bach.linear_probing,thunder,f1,observed,76.500000,76.500000,25,32,logit_zscore_bias_als,1,2,,
hibou-l,thunder.bracs.linear_probing,thunder,f1,observed,62.700000,62.700000,25,32,logit_zscore_bias_als,1,2,,
hibou-l,thunder.break_his.linear_probing,thunder,f1,observed,69.400000,69.400000,25,32,logit_zscore_bias_als,1,2,,
hibou-l,thunder.ccrcc.linear_probing,thunder,f1,observed,88.400000,88.400000,25,32,logit_zscore_bias_als,1,2,,
hibou-l,thunder.crc.linear_probing,thunder,f1,observed,93.000000,93.000000,25,32,logit_zscore_bias_als,1,2,,
hibou-l,thunder.esca.linear_probing,thunder,f1,observed,77.500000,77.500000,25,32,logit_zscore_bias_als,1,2,,
hibou-l,thunder.mhist.linear_probing,thunder,f1,observed,81.300000,81.300000,25,32,logit_zscore_bias_als,1,2,,
hibou-l,thunder.patch_camelyon.linear_probing,thunder,f1,observed,93.300000,93.300000,25,32,logit_zscore_bias_als,1,2,,
hibou-l,thunder.spider_breast.linear_probing,thunder,f1,observed,88.000000,88.000000,25,32,logit_zscore_bias_als,1,2,,
hibou-l,thunder.spider_colorectal.linear_probing,thunder,f1,observed,89.800000,89.800000,25,32,logit_zscore_bias_als,1,2,,
hibou-l,thunder.spider_skin.linear_probing,thunder,f1,observed,93.300000,93.300000,25,32,logit_zscore_bias_als,1,2,,
hibou-l,thunder.spider_thorax.linear_probing,thunder,f1,observed,94.100000,94.100000,25,32,logit_zscore_bias_als,1,2,,
hibou-l,thunder.tcga_crc_msi.linear_probing,thunder,f1,observed,68.100000,68.100000,25,32,logit_zscore_bias_als,1,2,,
hibou-l,thunder.tcga_tils.linear_probing,thunder,f1,observed,90.300000,90.300000,25,32,logit_zscore_bias_als,1,2,,
hibou-l,thunder.tcga_uniform.linear_probing,thunder,f1,observed,75.200000,75.200000,25,32,logit_zscore_bias_als,1,2,,
hibou-l,thunder.wilds.linear_probing,thunder,f1,observed,98.100000,98.100000,25,32,logit_zscore_bias_als,1,2,,
hipt,hest.ccrcc.gene_expression,hest,pearson_r,imputed,62.794985,0.255900,3,26,logit_zscore_bias_als,1,2,61.087974,1.707011
hipt,hest.coad.gene_expression,hest,pearson_r,imputed,64.304317,0.286086,3,26,logit_zscore_bias_als,1,2,64.271947,0.032370
hipt,hest.idc.gene_expression,hest,pearson_r,imputed,78.325258,0.566505,3,26,logit_zscore_bias_als,1,2,77.769844,0.555413
hipt,hest.lung.gene_expression,hest,pearson_r,imputed,77.634078,0.552682,3,26,logit_zscore_bias_als,1,2,77.647177,0.013099
hipt,hest.lymph_idc.gene_expression,hest,pearson_r,imputed,62.546536,0.250931,3,26,logit_zscore_bias_als,1,2,62.960469,0.413933
hipt,hest.paad.gene_expression,hest,pearson_r,imputed,73.381712,0.467634,3,26,logit_zscore_bias_als,1,2,72.718254,0.663457
hipt,hest.prad.gene_expression,hest,pearson_r,imputed,66.469674,0.329393,3,26,logit_zscore_bias_als,1,2,63.955822,2.513852
hipt,hest.read.gene_expression,hest,pearson_r,imputed,59.227338,0.184547,3,26,logit_zscore_bias_als,1,2,58.522742,0.704596
hipt,hest.skcm.gene_expression,hest,pearson_r,imputed,79.874256,0.597485,3,26,logit_zscore_bias_als,1,2,79.283078,0.591178
hipt,pathorob.camelyon.robustness_index,pathorob,robustness_index,observed,64.900000,0.649000,3,20,logit_zscore_bias_als,1,2,,
hipt,pathorob.tcga_2x2.robustness_index,pathorob,robustness_index,observed,61.400000,0.614000,3,20,logit_zscore_bias_als,1,2,,
hipt,pathorob.tolkach_esca.robustness_index,pathorob,robustness_index,observed,72.600000,0.726000,3,20,logit_zscore_bias_als,1,2,,
hipt,thunder.bach.linear_probing,thunder,f1,imputed,72.839798,72.839798,3,32,logit_zscore_bias_als,1,2,77.472312,4.632514
hipt,thunder.bracs.linear_probing,thunder,f1,imputed,60.939432,60.939432,3,32,logit_zscore_bias_als,1,2,62.656658,1.717226
hipt,thunder.break_his.linear_probing,thunder,f1,imputed,63.228505,63.228505,3,32,logit_zscore_bias_als,1,2,61.783928,1.444577
hipt,thunder.ccrcc.linear_probing,thunder,f1,imputed,87.601077,87.601077,3,32,logit_zscore_bias_als,1,2,89.061815,1.460739
hipt,thunder.crc.linear_probing,thunder,f1,imputed,93.586511,93.586511,3,32,logit_zscore_bias_als,1,2,93.932786,0.346275
hipt,thunder.esca.linear_probing,thunder,f1,imputed,80.169374,80.169374,3,32,logit_zscore_bias_als,1,2,81.542708,1.373335
hipt,thunder.mhist.linear_probing,thunder,f1,imputed,79.312912,79.312912,3,32,logit_zscore_bias_als,1,2,78.835926,0.476987
hipt,thunder.patch_camelyon.linear_probing,thunder,f1,imputed,92.312166,92.312166,3,32,logit_zscore_bias_als,1,2,92.997467,0.685301
hipt,thunder.spider_breast.linear_probing,thunder,f1,imputed,84.949007,84.949007,3,32,logit_zscore_bias_als,1,2,85.685340,0.736333
hipt,thunder.spider_colorectal.linear_probing,thunder,f1,imputed,89.188899,89.188899,3,32,logit_zscore_bias_als,1,2,89.581782,0.392884
hipt,thunder.spider_skin.linear_probing,thunder,f1,imputed,89.899947,89.899947,3,32,logit_zscore_bias_als,1,2,90.870658,0.970711
hipt,thunder.spider_thorax.linear_probing,thunder,f1,imputed,93.479033,93.479033,3,32,logit_zscore_bias_als,1,2,93.961332,0.482299
hipt,thunder.tcga_crc_msi.linear_probing,thunder,f1,imputed,64.940836,64.940836,3,32,logit_zscore_bias_als,1,2,65.882837,0.942001
hipt,thunder.tcga_tils.linear_probing,thunder,f1,imputed,90.040050,90.040050,3,32,logit_zscore_bias_als,1,2,90.362275,0.322225
hipt,thunder.tcga_uniform.linear_probing,thunder,f1,imputed,74.815011,74.815011,3,32,logit_zscore_bias_als,1,2,77.017457,2.202446
hipt,thunder.wilds.linear_probing,thunder,f1,imputed,96.963487,96.963487,3,32,logit_zscore_bias_als,1,2,97.478011,0.514524
kaiko-vit-b-16,hest.ccrcc.gene_expression,hest,pearson_r,observed,61.455000,0.229100,9,26,logit_zscore_bias_als,1,2,,
kaiko-vit-b-16,hest.coad.gene_expression,hest,pearson_r,observed,64.060000,0.281200,9,26,logit_zscore_bias_als,1,2,,
kaiko-vit-b-16,hest.idc.gene_expression,hest,pearson_r,observed,76.760000,0.535200,9,26,logit_zscore_bias_als,1,2,,
kaiko-vit-b-16,hest.lung.gene_expression,hest,pearson_r,observed,75.780000,0.515600,9,26,logit_zscore_bias_als,1,2,,
kaiko-vit-b-16,hest.lymph_idc.gene_expression,hest,pearson_r,observed,61.825000,0.236500,9,26,logit_zscore_bias_als,1,2,,
kaiko-vit-b-16,hest.paad.gene_expression,hest,pearson_r,observed,72.620000,0.452400,9,26,logit_zscore_bias_als,1,2,,
kaiko-vit-b-16,hest.prad.gene_expression,hest,pearson_r,observed,66.375000,0.327500,9,26,logit_zscore_bias_als,1,2,,
kaiko-vit-b-16,hest.read.gene_expression,hest,pearson_r,observed,57.625000,0.152500,9,26,logit_zscore_bias_als,1,2,,
kaiko-vit-b-16,hest.skcm.gene_expression,hest,pearson_r,observed,77.510000,0.550200,9,26,logit_zscore_bias_als,1,2,,
kaiko-vit-b-16,pathorob.camelyon.robustness_index,pathorob,robustness_index,imputed,9.193785,0.091938,9,20,logit_zscore_bias_als,1,2,10.339066,1.145281
kaiko-vit-b-16,pathorob.tcga_2x2.robustness_index,pathorob,robustness_index,imputed,65.032832,0.650328,9,20,logit_zscore_bias_als,1,2,66.113707,1.080875
kaiko-vit-b-16,pathorob.tolkach_esca.robustness_index,pathorob,robustness_index,imputed,81.307506,0.813075,9,20,logit_zscore_bias_als,1,2,81.735915,0.428409
kaiko-vit-b-16,thunder.bach.linear_probing,thunder,f1,imputed,66.153287,66.153287,9,32,logit_zscore_bias_als,1,2,63.913785,2.239502
kaiko-vit-b-16,thunder.bracs.linear_probing,thunder,f1,imputed,58.060340,58.060340,9,32,logit_zscore_bias_als,1,2,57.382509,0.677832
kaiko-vit-b-16,thunder.break_his.linear_probing,thunder,f1,imputed,59.403090,59.403090,9,32,logit_zscore_bias_als,1,2,57.412253,1.990837
kaiko-vit-b-16,thunder.ccrcc.linear_probing,thunder,f1,imputed,83.184577,83.184577,9,32,logit_zscore_bias_als,1,2,82.926511,0.258067
kaiko-vit-b-16,thunder.crc.linear_probing,thunder,f1,imputed,92.079864,92.079864,9,32,logit_zscore_bias_als,1,2,91.637379,0.442485
kaiko-vit-b-16,thunder.esca.linear_probing,thunder,f1,imputed,74.930865,74.930865,9,32,logit_zscore_bias_als,1,2,74.573084,0.357780
kaiko-vit-b-16,thunder.mhist.linear_probing,thunder,f1,imputed,78.386342,78.386342,9,32,logit_zscore_bias_als,1,2,78.748080,0.361738
kaiko-vit-b-16,thunder.patch_camelyon.linear_probing,thunder,f1,imputed,89.957722,89.957722,9,32,logit_zscore_bias_als,1,2,89.829720,0.128003
kaiko-vit-b-16,thunder.spider_breast.linear_probing,thunder,f1,imputed,81.231626,81.231626,9,32,logit_zscore_bias_als,1,2,81.175293,0.056333
kaiko-vit-b-16,thunder.spider_colorectal.linear_probing,thunder,f1,imputed,87.175980,87.175980,9,32,logit_zscore_bias_als,1,2,87.170434,0.005546
kaiko-vit-b-16,thunder.spider_skin.linear_probing,thunder,f1,imputed,86.327449,86.327449,9,32,logit_zscore_bias_als,1,2,86.183963,0.143485
kaiko-vit-b-16,thunder.spider_thorax.linear_probing,thunder,f1,imputed,91.445578,91.445578,9,32,logit_zscore_bias_als,1,2,91.333705,0.111873
kaiko-vit-b-16,thunder.tcga_crc_msi.linear_probing,thunder,f1,imputed,61.079814,61.079814,9,32,logit_zscore_bias_als,1,2,60.471932,0.607882
kaiko-vit-b-16,thunder.tcga_tils.linear_probing,thunder,f1,imputed,88.465995,88.465995,9,32,logit_zscore_bias_als,1,2,88.353700,0.112295
kaiko-vit-b-16,thunder.tcga_uniform.linear_probing,thunder,f1,imputed,66.433041,66.433041,9,32,logit_zscore_bias_als,1,2,65.901437,0.531604
kaiko-vit-b-16,thunder.wilds.linear_probing,thunder,f1,imputed,94.969346,94.969346,9,32,logit_zscore_bias_als,1,2,94.520105,0.449241
kaiko-vit-b-8,hest.ccrcc.gene_expression,hest,pearson_r,observed,61.565000,0.231300,12,26,logit_zscore_bias_als,1,2,,
kaiko-vit-b-8,hest.coad.gene_expression,hest,pearson_r,observed,63.415000,0.268300,12,26,logit_zscore_bias_als,1,2,,
kaiko-vit-b-8,hest.idc.gene_expression,hest,pearson_r,observed,77.995000,0.559900,12,26,logit_zscore_bias_als,1,2,,
kaiko-vit-b-8,hest.lung.gene_expression,hest,pearson_r,observed,75.915000,0.518300,12,26,logit_zscore_bias_als,1,2,,
kaiko-vit-b-8,hest.lymph_idc.gene_expression,hest,pearson_r,observed,61.365000,0.227300,12,26,logit_zscore_bias_als,1,2,,
kaiko-vit-b-8,hest.paad.gene_expression,hest,pearson_r,observed,73.005000,0.460100,12,26,logit_zscore_bias_als,1,2,,
kaiko-vit-b-8,hest.prad.gene_expression,hest,pearson_r,observed,68.055000,0.361100,12,26,logit_zscore_bias_als,1,2,,
kaiko-vit-b-8,hest.read.gene_expression,hest,pearson_r,observed,58.115000,0.162300,12,26,logit_zscore_bias_als,1,2,,
kaiko-vit-b-8,hest.skcm.gene_expression,hest,pearson_r,observed,78.625000,0.572500,12,26,logit_zscore_bias_als,1,2,,
kaiko-vit-b-8,pathorob.camelyon.robustness_index,pathorob,robustness_index,observed,14.700000,0.147000,12,20,logit_zscore_bias_als,1,2,,
kaiko-vit-b-8,pathorob.tcga_2x2.robustness_index,pathorob,robustness_index,observed,76.300000,0.763000,12,20,logit_zscore_bias_als,1,2,,
kaiko-vit-b-8,pathorob.tolkach_esca.robustness_index,pathorob,robustness_index,observed,89.600000,0.896000,12,20,logit_zscore_bias_als,1,2,,
kaiko-vit-b-8,thunder.bach.linear_probing,thunder,f1,imputed,69.318740,69.318740,12,32,logit_zscore_bias_als,1,2,62.961286,6.357453
kaiko-vit-b-8,thunder.bracs.linear_probing,thunder,f1,imputed,58.952099,58.952099,12,32,logit_zscore_bias_als,1,2,56.855182,2.096916
kaiko-vit-b-8,thunder.break_his.linear_probing,thunder,f1,imputed,65.444640,65.444640,12,32,logit_zscore_bias_als,1,2,61.885447,3.559193
kaiko-vit-b-8,thunder.ccrcc.linear_probing,thunder,f1,imputed,85.302759,85.302759,12,32,logit_zscore_bias_als,1,2,83.395002,1.907758
kaiko-vit-b-8,thunder.crc.linear_probing,thunder,f1,imputed,92.671534,92.671534,12,32,logit_zscore_bias_als,1,2,91.622534,1.049000
kaiko-vit-b-8,thunder.esca.linear_probing,thunder,f1,imputed,77.382496,77.382496,12,32,logit_zscore_bias_als,1,2,75.266308,2.116187
kaiko-vit-b-8,thunder.mhist.linear_probing,thunder,f1,imputed,79.736139,79.736139,12,32,logit_zscore_bias_als,1,2,80.008562,0.272424
kaiko-vit-b-8,thunder.patch_camelyon.linear_probing,thunder,f1,imputed,90.729078,90.729078,12,32,logit_zscore_bias_als,1,2,89.727667,1.001410
kaiko-vit-b-8,thunder.spider_breast.linear_probing,thunder,f1,imputed,82.235121,82.235121,12,32,logit_zscore_bias_als,1,2,81.028693,1.206428
kaiko-vit-b-8,thunder.spider_colorectal.linear_probing,thunder,f1,imputed,87.798924,87.798924,12,32,logit_zscore_bias_als,1,2,87.191277,0.607647
kaiko-vit-b-8,thunder.spider_skin.linear_probing,thunder,f1,imputed,87.470916,87.470916,12,32,logit_zscore_bias_als,1,2,86.032101,1.438815
kaiko-vit-b-8,thunder.spider_thorax.linear_probing,thunder,f1,imputed,92.061759,92.061759,12,32,logit_zscore_bias_als,1,2,91.221501,0.840258
kaiko-vit-b-8,thunder.tcga_crc_msi.linear_probing,thunder,f1,imputed,62.350074,62.350074,12,32,logit_zscore_bias_als,1,2,60.415207,1.934867
kaiko-vit-b-8,thunder.tcga_tils.linear_probing,thunder,f1,imputed,88.949659,88.949659,12,32,logit_zscore_bias_als,1,2,88.330149,0.619510
kaiko-vit-b-8,thunder.tcga_uniform.linear_probing,thunder,f1,imputed,69.130793,69.130793,12,32,logit_zscore_bias_als,1,2,65.650980,3.479813
kaiko-vit-b-8,thunder.wilds.linear_probing,thunder,f1,imputed,95.795669,95.795669,12,32,logit_zscore_bias_als,1,2,94.363683,1.431985
kaiko-vit-b-unspecified-patch,hest.ccrcc.gene_expression,hest,pearson_r,imputed,62.022928,0.240459,16,26,logit_zscore_bias_als,1,2,61.416216,0.606713
kaiko-vit-b-unspecified-patch,hest.coad.gene_expression,hest,pearson_r,imputed,63.454050,0.269081,16,26,logit_zscore_bias_als,1,2,63.214285,0.239765
kaiko-vit-b-unspecified-patch,hest.idc.gene_expression,hest,pearson_r,imputed,77.782115,0.555642,16,26,logit_zscore_bias_als,1,2,77.453174,0.328941
kaiko-vit-b-unspecified-patch,hest.lung.gene_expression,hest,pearson_r,imputed,77.061296,0.541226,16,26,logit_zscore_bias_als,1,2,76.840864,0.220431
kaiko-vit-b-unspecified-patch,hest.lymph_idc.gene_expression,hest,pearson_r,imputed,62.432576,0.248652,16,26,logit_zscore_bias_als,1,2,62.506926,0.074350
kaiko-vit-b-unspecified-patch,hest.paad.gene_expression,hest,pearson_r,imputed,72.948405,0.458968,16,26,logit_zscore_bias_als,1,2,72.686634,0.261770
kaiko-vit-b-unspecified-patch,hest.prad.gene_expression,hest,pearson_r,imputed,66.973287,0.339466,16,26,logit_zscore_bias_als,1,2,66.854191,0.119097
kaiko-vit-b-unspecified-patch,hest.read.gene_expression,hest,pearson_r,imputed,58.354244,0.167085,16,26,logit_zscore_bias_als,1,2,57.889955,0.464289
kaiko-vit-b-unspecified-patch,hest.skcm.gene_expression,hest,pearson_r,imputed,79.003886,0.580078,16,26,logit_zscore_bias_als,1,2,78.581312,0.422573
kaiko-vit-b-unspecified-patch,pathorob.camelyon.robustness_index,pathorob,robustness_index,imputed,21.400884,0.214009,16,20,logit_zscore_bias_als,1,2,22.790047,1.389163
kaiko-vit-b-unspecified-patch,pathorob.tcga_2x2.robustness_index,pathorob,robustness_index,imputed,70.467403,0.704674,16,20,logit_zscore_bias_als,1,2,71.555961,1.088558
kaiko-vit-b-unspecified-patch,pathorob.tolkach_esca.robustness_index,pathorob,robustness_index,imputed,86.496472,0.864965,16,20,logit_zscore_bias_als,1,2,87.618425,1.121953
kaiko-vit-b-unspecified-patch,thunder.bach.linear_probing,thunder,f1,observed,69.600000,69.600000,16,32,logit_zscore_bias_als,1,2,,
kaiko-vit-b-unspecified-patch,thunder.bracs.linear_probing,thunder,f1,observed,59.400000,59.400000,16,32,logit_zscore_bias_als,1,2,,
kaiko-vit-b-unspecified-patch,thunder.break_his.linear_probing,thunder,f1,observed,67.200000,67.200000,16,32,logit_zscore_bias_als,1,2,,
kaiko-vit-b-unspecified-patch,thunder.ccrcc.linear_probing,thunder,f1,observed,81.700000,81.700000,16,32,logit_zscore_bias_als,1,2,,
kaiko-vit-b-unspecified-patch,thunder.crc.linear_probing,thunder,f1,observed,94.500000,94.500000,16,32,logit_zscore_bias_als,1,2,,
kaiko-vit-b-unspecified-patch,thunder.esca.linear_probing,thunder,f1,observed,78.500000,78.500000,16,32,logit_zscore_bias_als,1,2,,
kaiko-vit-b-unspecified-patch,thunder.mhist.linear_probing,thunder,f1,observed,78.300000,78.300000,16,32,logit_zscore_bias_als,1,2,,
kaiko-vit-b-unspecified-patch,thunder.patch_camelyon.linear_probing,thunder,f1,observed,90.400000,90.400000,16,32,logit_zscore_bias_als,1,2,,
kaiko-vit-b-unspecified-patch,thunder.spider_breast.linear_probing,thunder,f1,observed,81.900000,81.900000,16,32,logit_zscore_bias_als,1,2,,
kaiko-vit-b-unspecified-patch,thunder.spider_colorectal.linear_probing,thunder,f1,observed,88.500000,88.500000,16,32,logit_zscore_bias_als,1,2,,
kaiko-vit-b-unspecified-patch,thunder.spider_skin.linear_probing,thunder,f1,observed,87.400000,87.400000,16,32,logit_zscore_bias_als,1,2,,
kaiko-vit-b-unspecified-patch,thunder.spider_thorax.linear_probing,thunder,f1,observed,93.300000,93.300000,16,32,logit_zscore_bias_als,1,2,,
kaiko-vit-b-unspecified-patch,thunder.tcga_crc_msi.linear_probing,thunder,f1,observed,67.000000,67.000000,16,32,logit_zscore_bias_als,1,2,,
kaiko-vit-b-unspecified-patch,thunder.tcga_tils.linear_probing,thunder,f1,observed,90.200000,90.200000,16,32,logit_zscore_bias_als,1,2,,
kaiko-vit-b-unspecified-patch,thunder.tcga_uniform.linear_probing,thunder,f1,observed,79.100000,79.100000,16,32,logit_zscore_bias_als,1,2,,
kaiko-vit-b-unspecified-patch,thunder.wilds.linear_probing,thunder,f1,observed,95.600000,95.600000,16,32,logit_zscore_bias_als,1,2,,
kaiko-vit-l-14,hest.ccrcc.gene_expression,hest,pearson_r,observed,60.970000,0.219400,9,26,logit_zscore_bias_als,1,2,,
kaiko-vit-l-14,hest.coad.gene_expression,hest,pearson_r,observed,62.675000,0.253500,9,26,logit_zscore_bias_als,1,2,,
kaiko-vit-l-14,hest.idc.gene_expression,hest,pearson_r,observed,77.675000,0.553500,9,26,logit_zscore_bias_als,1,2,,
kaiko-vit-l-14,hest.lung.gene_expression,hest,pearson_r,observed,76.895000,0.537900,9,26,logit_zscore_bias_als,1,2,,
kaiko-vit-l-14,hest.lymph_idc.gene_expression,hest,pearson_r,observed,61.415000,0.228300,9,26,logit_zscore_bias_als,1,2,,
kaiko-vit-l-14,hest.paad.gene_expression,hest,pearson_r,observed,71.860000,0.437200,9,26,logit_zscore_bias_als,1,2,,
kaiko-vit-l-14,hest.prad.gene_expression,hest,pearson_r,observed,67.350000,0.347000,9,26,logit_zscore_bias_als,1,2,,
kaiko-vit-l-14,hest.read.gene_expression,hest,pearson_r,observed,57.360000,0.147200,9,26,logit_zscore_bias_als,1,2,,
kaiko-vit-l-14,hest.skcm.gene_expression,hest,pearson_r,observed,77.665000,0.553300,9,26,logit_zscore_bias_als,1,2,,
kaiko-vit-l-14,pathorob.camelyon.robustness_index,pathorob,robustness_index,imputed,18.293078,0.182931,9,20,logit_zscore_bias_als,1,2,10.538821,7.754258
kaiko-vit-l-14,pathorob.tcga_2x2.robustness_index,pathorob,robustness_index,imputed,69.745371,0.697454,9,20,logit_zscore_bias_als,1,2,69.951600,0.206229
kaiko-vit-l-14,pathorob.tolkach_esca.robustness_index,pathorob,robustness_index,imputed,86.209803,0.862098,9,20,logit_zscore_bias_als,1,2,86.135119,0.074684
kaiko-vit-l-14,thunder.bach.linear_probing,thunder,f1,imputed,66.571821,66.571821,9,32,logit_zscore_bias_als,1,2,63.441244,3.130578
kaiko-vit-l-14,thunder.bracs.linear_probing,thunder,f1,imputed,57.982397,57.982397,9,32,logit_zscore_bias_als,1,2,57.048425,0.933972
kaiko-vit-l-14,thunder.break_his.linear_probing,thunder,f1,imputed,62.193941,62.193941,9,32,logit_zscore_bias_als,1,2,59.581390,2.612551
kaiko-vit-l-14,thunder.ccrcc.linear_probing,thunder,f1,imputed,83.454872,83.454872,9,32,logit_zscore_bias_als,1,2,82.595761,0.859112
kaiko-vit-l-14,thunder.crc.linear_probing,thunder,f1,imputed,92.096569,92.096569,9,32,logit_zscore_bias_als,1,2,91.600056,0.496513
kaiko-vit-l-14,thunder.esca.linear_probing,thunder,f1,imputed,75.239379,75.239379,9,32,logit_zscore_bias_als,1,2,74.312462,0.926917
kaiko-vit-l-14,thunder.mhist.linear_probing,thunder,f1,imputed,78.991364,78.991364,9,32,logit_zscore_bias_als,1,2,79.027577,0.036213
kaiko-vit-l-14,thunder.patch_camelyon.linear_probing,thunder,f1,imputed,89.874645,89.874645,9,32,logit_zscore_bias_als,1,2,89.500716,0.373930
kaiko-vit-l-14,thunder.spider_breast.linear_probing,thunder,f1,imputed,80.983889,80.983889,9,32,logit_zscore_bias_als,1,2,80.655908,0.327981
kaiko-vit-l-14,thunder.spider_colorectal.linear_probing,thunder,f1,imputed,87.097146,87.097146,9,32,logit_zscore_bias_als,1,2,86.926580,0.170566
kaiko-vit-l-14,thunder.spider_skin.linear_probing,thunder,f1,imputed,86.177348,86.177348,9,32,logit_zscore_bias_als,1,2,85.645549,0.531799
kaiko-vit-l-14,thunder.spider_thorax.linear_probing,thunder,f1,imputed,91.339605,91.339605,9,32,logit_zscore_bias_als,1,2,91.051030,0.288575
kaiko-vit-l-14,thunder.tcga_crc_msi.linear_probing,thunder,f1,imputed,61.009446,61.009446,9,32,logit_zscore_bias_als,1,2,60.220419,0.789027
kaiko-vit-l-14,thunder.tcga_tils.linear_probing,thunder,f1,imputed,88.404296,88.404296,9,32,logit_zscore_bias_als,1,2,88.195980,0.208316
kaiko-vit-l-14,thunder.tcga_uniform.linear_probing,thunder,f1,imputed,66.152607,66.152607,9,32,logit_zscore_bias_als,1,2,64.929679,1.222928
kaiko-vit-l-14,thunder.wilds.linear_probing,thunder,f1,imputed,94.969214,94.969214,9,32,logit_zscore_bias_als,1,2,94.278237,0.690977
kaiko-vit-s-16,hest.ccrcc.gene_expression,hest,pearson_r,observed,60.495000,0.209900,9,26,logit_zscore_bias_als,1,2,,
kaiko-vit-s-16,hest.coad.gene_expression,hest,pearson_r,observed,60.285000,0.205700,9,26,logit_zscore_bias_als,1,2,,
kaiko-vit-s-16,hest.idc.gene_expression,hest,pearson_r,observed,76.665000,0.533300,9,26,logit_zscore_bias_als,1,2,,
kaiko-vit-s-16,hest.lung.gene_expression,hest,pearson_r,observed,75.150000,0.503000,9,26,logit_zscore_bias_als,1,2,,
kaiko-vit-s-16,hest.lymph_idc.gene_expression,hest,pearson_r,observed,61.245000,0.224900,9,26,logit_zscore_bias_als,1,2,,
kaiko-vit-s-16,hest.paad.gene_expression,hest,pearson_r,observed,72.045000,0.440900,9,26,logit_zscore_bias_als,1,2,,
kaiko-vit-s-16,hest.prad.gene_expression,hest,pearson_r,observed,67.415000,0.348300,9,26,logit_zscore_bias_als,1,2,,
kaiko-vit-s-16,hest.read.gene_expression,hest,pearson_r,observed,56.640000,0.132800,9,26,logit_zscore_bias_als,1,2,,
kaiko-vit-s-16,hest.skcm.gene_expression,hest,pearson_r,observed,77.245000,0.544900,9,26,logit_zscore_bias_als,1,2,,
kaiko-vit-s-16,pathorob.camelyon.robustness_index,pathorob,robustness_index,imputed,23.478219,0.234782,9,20,logit_zscore_bias_als,1,2,6.768256,16.709963
kaiko-vit-s-16,pathorob.tcga_2x2.robustness_index,pathorob,robustness_index,imputed,71.434141,0.714341,9,20,logit_zscore_bias_als,1,2,70.301575,1.132567
kaiko-vit-s-16,pathorob.tolkach_esca.robustness_index,pathorob,robustness_index,imputed,88.116413,0.881164,9,20,logit_zscore_bias_als,1,2,87.677946,0.438467
kaiko-vit-s-16,thunder.bach.linear_probing,thunder,f1,imputed,62.159796,62.159796,9,32,logit_zscore_bias_als,1,2,56.512948,5.646849
kaiko-vit-s-16,thunder.bracs.linear_probing,thunder,f1,imputed,56.105683,56.105683,9,32,logit_zscore_bias_als,1,2,54.400692,1.704990
kaiko-vit-s-16,thunder.break_his.linear_probing,thunder,f1,imputed,60.998810,60.998810,9,32,logit_zscore_bias_als,1,2,57.459334,3.539476
kaiko-vit-s-16,thunder.ccrcc.linear_probing,thunder,f1,imputed,80.242441,80.242441,9,32,logit_zscore_bias_als,1,2,77.588183,2.654258
kaiko-vit-s-16,thunder.crc.linear_probing,thunder,f1,imputed,91.001540,91.001540,9,32,logit_zscore_bias_als,1,2,90.098813,0.902728
kaiko-vit-s-16,thunder.esca.linear_probing,thunder,f1,imputed,71.673588,71.673588,9,32,logit_zscore_bias_als,1,2,69.076237,2.597351
kaiko-vit-s-16,thunder.mhist.linear_probing,thunder,f1,imputed,78.668606,78.668606,9,32,logit_zscore_bias_als,1,2,78.308919,0.359687
kaiko-vit-s-16,thunder.patch_camelyon.linear_probing,thunder,f1,imputed,88.014089,88.014089,9,32,logit_zscore_bias_als,1,2,86.780400,1.233688
kaiko-vit-s-16,thunder.spider_breast.linear_probing,thunder,f1,imputed,78.121003,78.121003,9,32,logit_zscore_bias_als,1,2,76.741118,1.379885
kaiko-vit-s-16,thunder.spider_colorectal.linear_probing,thunder,f1,imputed,85.614219,85.614219,9,32,logit_zscore_bias_als,1,2,84.872268,0.741952
kaiko-vit-s-16,thunder.spider_skin.linear_probing,thunder,f1,imputed,83.297057,83.297057,9,32,logit_zscore_bias_als,1,2,81.441643,1.855413
kaiko-vit-s-16,thunder.spider_thorax.linear_probing,thunder,f1,imputed,89.693636,89.693636,9,32,logit_zscore_bias_als,1,2,88.699389,0.994248
kaiko-vit-s-16,thunder.tcga_crc_msi.linear_probing,thunder,f1,imputed,58.457822,58.457822,9,32,logit_zscore_bias_als,1,2,56.874350,1.583472
kaiko-vit-s-16,thunder.tcga_tils.linear_probing,thunder,f1,imputed,87.260739,87.260739,9,32,logit_zscore_bias_als,1,2,86.638876,0.621864
kaiko-vit-s-16,thunder.tcga_uniform.linear_probing,thunder,f1,imputed,60.016365,60.016365,9,32,logit_zscore_bias_als,1,2,56.398709,3.617657
kaiko-vit-s-16,thunder.wilds.linear_probing,thunder,f1,imputed,93.104575,93.104575,9,32,logit_zscore_bias_als,1,2,91.226024,1.878551
kaiko-vit-s-8,hest.ccrcc.gene_expression,hest,pearson_r,observed,61.730000,0.234600,9,26,logit_zscore_bias_als,1,2,,
kaiko-vit-s-8,hest.coad.gene_expression,hest,pearson_r,observed,61.405000,0.228100,9,26,logit_zscore_bias_als,1,2,,
kaiko-vit-s-8,hest.idc.gene_expression,hest,pearson_r,observed,76.520000,0.530400,9,26,logit_zscore_bias_als,1,2,,
kaiko-vit-s-8,hest.lung.gene_expression,hest,pearson_r,observed,75.265000,0.505300,9,26,logit_zscore_bias_als,1,2,,
kaiko-vit-s-8,hest.lymph_idc.gene_expression,hest,pearson_r,observed,62.315000,0.246300,9,26,logit_zscore_bias_als,1,2,,
kaiko-vit-s-8,hest.paad.gene_expression,hest,pearson_r,observed,70.905000,0.418100,9,26,logit_zscore_bias_als,1,2,,
kaiko-vit-s-8,hest.prad.gene_expression,hest,pearson_r,observed,66.700000,0.334000,9,26,logit_zscore_bias_als,1,2,,
kaiko-vit-s-8,hest.read.gene_expression,hest,pearson_r,observed,57.345000,0.146900,9,26,logit_zscore_bias_als,1,2,,
kaiko-vit-s-8,hest.skcm.gene_expression,hest,pearson_r,observed,75.870000,0.517400,9,26,logit_zscore_bias_als,1,2,,
kaiko-vit-s-8,pathorob.camelyon.robustness_index,pathorob,robustness_index,imputed,12.438449,0.124384,9,20,logit_zscore_bias_als,1,2,9.364331,3.074117
kaiko-vit-s-8,pathorob.tcga_2x2.robustness_index,pathorob,robustness_index,imputed,67.097558,0.670976,9,20,logit_zscore_bias_als,1,2,66.713214,0.384344
kaiko-vit-s-8,pathorob.tolkach_esca.robustness_index,pathorob,robustness_index,imputed,83.852437,0.838524,9,20,logit_zscore_bias_als,1,2,83.723059,0.129377
kaiko-vit-s-8,thunder.bach.linear_probing,thunder,f1,imputed,63.345397,63.345397,9,32,logit_zscore_bias_als,1,2,58.776543,4.568854
kaiko-vit-s-8,thunder.bracs.linear_probing,thunder,f1,imputed,56.804864,56.804864,9,32,logit_zscore_bias_als,1,2,55.358732,1.446133
kaiko-vit-s-8,thunder.break_his.linear_probing,thunder,f1,imputed,59.241654,59.241654,9,32,logit_zscore_bias_als,1,2,56.661533,2.580121
kaiko-vit-s-8,thunder.ccrcc.linear_probing,thunder,f1,imputed,81.155935,81.155935,9,32,logit_zscore_bias_als,1,2,79.376858,1.779076
kaiko-vit-s-8,thunder.crc.linear_probing,thunder,f1,imputed,91.373762,91.373762,9,32,logit_zscore_bias_als,1,2,90.515739,0.858023
kaiko-vit-s-8,thunder.esca.linear_probing,thunder,f1,imputed,72.667566,72.667566,9,32,logit_zscore_bias_als,1,2,70.788153,1.879413
kaiko-vit-s-8,thunder.mhist.linear_probing,thunder,f1,imputed,78.311628,78.311628,9,32,logit_zscore_bias_als,1,2,78.438831,0.127203
kaiko-vit-s-8,thunder.patch_camelyon.linear_probing,thunder,f1,imputed,88.750378,88.750378,9,32,logit_zscore_bias_als,1,2,87.884252,0.866126
kaiko-vit-s-8,thunder.spider_breast.linear_probing,thunder,f1,imputed,79.337774,79.337774,9,32,logit_zscore_bias_als,1,2,78.302251,1.035523
kaiko-vit-s-8,thunder.spider_colorectal.linear_probing,thunder,f1,imputed,86.200129,86.200129,9,32,logit_zscore_bias_als,1,2,85.669250,0.530879
kaiko-vit-s-8,thunder.spider_skin.linear_probing,thunder,f1,imputed,84.458898,84.458898,9,32,logit_zscore_bias_als,1,2,83.197958,1.260941
kaiko-vit-s-8,thunder.spider_thorax.linear_probing,thunder,f1,imputed,90.374690,90.374690,9,32,logit_zscore_bias_als,1,2,89.646699,0.727991
kaiko-vit-s-8,thunder.tcga_crc_msi.linear_probing,thunder,f1,imputed,59.387215,59.387215,9,32,logit_zscore_bias_als,1,2,57.930578,1.456637
kaiko-vit-s-8,thunder.tcga_tils.linear_probing,thunder,f1,imputed,87.710882,87.710882,9,32,logit_zscore_bias_als,1,2,87.194594,0.516287
kaiko-vit-s-8,thunder.tcga_uniform.linear_probing,thunder,f1,imputed,62.382572,62.382572,9,32,logit_zscore_bias_als,1,2,59.558252,2.824319
kaiko-vit-s-8,thunder.wilds.linear_probing,thunder,f1,imputed,93.803132,93.803132,9,32,logit_zscore_bias_als,1,2,92.456704,1.346429
kaiko-vit-s-unspecified-patch,hest.ccrcc.gene_expression,hest,pearson_r,imputed,61.920002,0.238400,16,26,logit_zscore_bias_als,1,2,61.828856,0.091146
kaiko-vit-s-unspecified-patch,hest.coad.gene_expression,hest,pearson_r,imputed,63.408410,0.268168,16,26,logit_zscore_bias_als,1,2,63.529469,0.121059
kaiko-vit-s-unspecified-patch,hest.idc.gene_expression,hest,pearson_r,imputed,77.864082,0.557282,16,26,logit_zscore_bias_als,1,2,77.898823,0.034741
kaiko-vit-s-unspecified-patch,hest.lung.gene_expression,hest,pearson_r,imputed,77.039301,0.540786,16,26,logit_zscore_bias_als,1,2,77.092158,0.052857
kaiko-vit-s-unspecified-patch,hest.lymph_idc.gene_expression,hest,pearson_r,imputed,62.591318,0.251826,16,26,logit_zscore_bias_als,1,2,62.745332,0.154014
kaiko-vit-s-unspecified-patch,hest.paad.gene_expression,hest,pearson_r,imputed,73.034896,0.460698,16,26,logit_zscore_bias_als,1,2,73.102347,0.067450
kaiko-vit-s-unspecified-patch,hest.prad.gene_expression,hest,pearson_r,imputed,67.602896,0.352058,16,26,logit_zscore_bias_als,1,2,67.800810,0.197914
kaiko-vit-s-unspecified-patch,hest.read.gene_expression,hest,pearson_r,imputed,58.291840,0.165837,16,26,logit_zscore_bias_als,1,2,58.313670,0.021830
kaiko-vit-s-unspecified-patch,hest.skcm.gene_expression,hest,pearson_r,imputed,79.160998,0.583220,16,26,logit_zscore_bias_als,1,2,79.292867,0.131869
kaiko-vit-s-unspecified-patch,pathorob.camelyon.robustness_index,pathorob,robustness_index,imputed,35.331593,0.353316,16,20,logit_zscore_bias_als,1,2,47.841040,12.509447
kaiko-vit-s-unspecified-patch,pathorob.tcga_2x2.robustness_index,pathorob,robustness_index,imputed,74.864592,0.748646,16,20,logit_zscore_bias_als,1,2,76.410376,1.545784
kaiko-vit-s-unspecified-patch,pathorob.tolkach_esca.robustness_index,pathorob,robustness_index,imputed,90.273428,0.902734,16,20,logit_zscore_bias_als,1,2,91.846494,1.573067
kaiko-vit-s-unspecified-patch,thunder.bach.linear_probing,thunder,f1,observed,72.600000,72.600000,16,32,logit_zscore_bias_als,1,2,,
kaiko-vit-s-unspecified-patch,thunder.bracs.linear_probing,thunder,f1,observed,61.500000,61.500000,16,32,logit_zscore_bias_als,1,2,,
kaiko-vit-s-unspecified-patch,thunder.break_his.linear_probing,thunder,f1,observed,69.400000,69.400000,16,32,logit_zscore_bias_als,1,2,,
kaiko-vit-s-unspecified-patch,thunder.ccrcc.linear_probing,thunder,f1,observed,84.900000,84.900000,16,32,logit_zscore_bias_als,1,2,,
kaiko-vit-s-unspecified-patch,thunder.crc.linear_probing,thunder,f1,observed,92.300000,92.300000,16,32,logit_zscore_bias_als,1,2,,
kaiko-vit-s-unspecified-patch,thunder.esca.linear_probing,thunder,f1,observed,76.800000,76.800000,16,32,logit_zscore_bias_als,1,2,,
kaiko-vit-s-unspecified-patch,thunder.mhist.linear_probing,thunder,f1,observed,81.400000,81.400000,16,32,logit_zscore_bias_als,1,2,,
kaiko-vit-s-unspecified-patch,thunder.patch_camelyon.linear_probing,thunder,f1,observed,90.400000,90.400000,16,32,logit_zscore_bias_als,1,2,,
kaiko-vit-s-unspecified-patch,thunder.spider_breast.linear_probing,thunder,f1,observed,83.100000,83.100000,16,32,logit_zscore_bias_als,1,2,,
kaiko-vit-s-unspecified-patch,thunder.spider_colorectal.linear_probing,thunder,f1,observed,88.400000,88.400000,16,32,logit_zscore_bias_als,1,2,,
kaiko-vit-s-unspecified-patch,thunder.spider_skin.linear_probing,thunder,f1,observed,88.600000,88.600000,16,32,logit_zscore_bias_als,1,2,,
kaiko-vit-s-unspecified-patch,thunder.spider_thorax.linear_probing,thunder,f1,observed,93.100000,93.100000,16,32,logit_zscore_bias_als,1,2,,
kaiko-vit-s-unspecified-patch,thunder.tcga_crc_msi.linear_probing,thunder,f1,observed,62.600000,62.600000,16,32,logit_zscore_bias_als,1,2,,
kaiko-vit-s-unspecified-patch,thunder.tcga_tils.linear_probing,thunder,f1,observed,90.100000,90.100000,16,32,logit_zscore_bias_als,1,2,,
kaiko-vit-s-unspecified-patch,thunder.tcga_uniform.linear_probing,thunder,f1,observed,75.700000,75.700000,16,32,logit_zscore_bias_als,1,2,,
kaiko-vit-s-unspecified-patch,thunder.wilds.linear_probing,thunder,f1,observed,95.900000,95.900000,16,32,logit_zscore_bias_als,1,2,,
kang-dino,hest.ccrcc.gene_expression,hest,pearson_r,imputed,60.971424,0.219428,3,26,logit_zscore_bias_als,1,2,61.855173,0.883749
kang-dino,hest.coad.gene_expression,hest,pearson_r,imputed,62.072109,0.241442,3,26,logit_zscore_bias_als,1,2,62.482246,0.410137
kang-dino,hest.idc.gene_expression,hest,pearson_r,imputed,76.414351,0.528287,3,26,logit_zscore_bias_als,1,2,76.980622,0.566271
kang-dino,hest.lung.gene_expression,hest,pearson_r,imputed,76.001846,0.520037,3,26,logit_zscore_bias_als,1,2,76.340796,0.338950
kang-dino,hest.lymph_idc.gene_expression,hest,pearson_r,imputed,61.846802,0.236936,3,26,logit_zscore_bias_als,1,2,61.813368,0.033434
kang-dino,hest.paad.gene_expression,hest,pearson_r,imputed,71.677383,0.433548,3,26,logit_zscore_bias_als,1,2,72.195122,0.517738
kang-dino,hest.prad.gene_expression,hest,pearson_r,imputed,66.204864,0.324097,3,26,logit_zscore_bias_als,1,2,66.788739,0.583875
kang-dino,hest.read.gene_expression,hest,pearson_r,imputed,56.674741,0.133495,3,26,logit_zscore_bias_als,1,2,57.417423,0.742682
kang-dino,hest.skcm.gene_expression,hest,pearson_r,imputed,76.763282,0.535266,3,26,logit_zscore_bias_als,1,2,77.555517,0.792235
kang-dino,pathorob.camelyon.robustness_index,pathorob,robustness_index,observed,4.300000,0.043000,3,20,logit_zscore_bias_als,1,2,,
kang-dino,pathorob.tcga_2x2.robustness_index,pathorob,robustness_index,observed,66.100000,0.661000,3,20,logit_zscore_bias_als,1,2,,
kang-dino,pathorob.tolkach_esca.robustness_index,pathorob,robustness_index,observed,83.200000,0.832000,3,20,logit_zscore_bias_als,1,2,,
kang-dino,thunder.bach.linear_probing,thunder,f1,imputed,62.795238,62.795238,3,32,logit_zscore_bias_als,1,2,60.870597,1.924641
kang-dino,thunder.bracs.linear_probing,thunder,f1,imputed,56.694407,56.694407,3,32,logit_zscore_bias_als,1,2,56.434226,0.260182
kang-dino,thunder.break_his.linear_probing,thunder,f1,imputed,57.765737,57.765737,3,32,logit_zscore_bias_als,1,2,55.910625,1.855113
kang-dino,thunder.ccrcc.linear_probing,thunder,f1,imputed,80.750541,80.750541,3,32,logit_zscore_bias_als,1,2,81.859486,1.108945
kang-dino,thunder.crc.linear_probing,thunder,f1,imputed,91.275229,91.275229,3,32,logit_zscore_bias_als,1,2,91.157260,0.117969
kang-dino,thunder.esca.linear_probing,thunder,f1,imputed,72.219791,72.219791,3,32,logit_zscore_bias_als,1,2,73.474980,1.255189
kang-dino,thunder.mhist.linear_probing,thunder,f1,imputed,77.986102,77.986102,3,32,logit_zscore_bias_als,1,2,78.820266,0.834163
kang-dino,thunder.patch_camelyon.linear_probing,thunder,f1,imputed,88.647944,88.647944,3,32,logit_zscore_bias_als,1,2,89.327801,0.679857
kang-dino,thunder.spider_breast.linear_probing,thunder,f1,imputed,79.248305,79.248305,3,32,logit_zscore_bias_als,1,2,80.625464,1.377159
kang-dino,thunder.spider_colorectal.linear_probing,thunder,f1,imputed,86.125802,86.125802,3,32,logit_zscore_bias_als,1,2,86.885912,0.760110
kang-dino,thunder.spider_skin.linear_probing,thunder,f1,imputed,84.313079,84.313079,3,32,logit_zscore_bias_als,1,2,85.454793,1.141714
kang-dino,thunder.spider_thorax.linear_probing,thunder,f1,imputed,90.303459,90.303459,3,32,logit_zscore_bias_als,1,2,90.943919,0.640460
kang-dino,thunder.tcga_crc_msi.linear_probing,thunder,f1,imputed,59.222820,59.222820,3,32,logit_zscore_bias_als,1,2,59.629411,0.406591
kang-dino,thunder.tcga_tils.linear_probing,thunder,f1,imputed,87.654653,87.654653,3,32,logit_zscore_bias_als,1,2,88.085027,0.430374
kang-dino,thunder.tcga_uniform.linear_probing,thunder,f1,imputed,62.057266,62.057266,3,32,logit_zscore_bias_als,1,2,64.308172,2.250907
kang-dino,thunder.wilds.linear_probing,thunder,f1,imputed,93.655896,93.655896,3,32,logit_zscore_bias_als,1,2,93.788152,0.132256
keep,hest.ccrcc.gene_expression,hest,pearson_r,imputed,62.551026,0.251021,16,26,logit_zscore_bias_als,1,2,61.589446,0.961580
keep,hest.coad.gene_expression,hest,pearson_r,imputed,64.118676,0.282374,16,26,logit_zscore_bias_als,1,2,63.700225,0.418451
keep,hest.idc.gene_expression,hest,pearson_r,imputed,78.398906,0.567978,16,26,logit_zscore_bias_als,1,2,77.839433,0.559473
keep,hest.lung.gene_expression,hest,pearson_r,imputed,77.566637,0.551333,16,26,logit_zscore_bias_als,1,2,77.259667,0.306970
keep,hest.lymph_idc.gene_expression,hest,pearson_r,imputed,62.661518,0.253230,16,26,logit_zscore_bias_als,1,2,62.622891,0.038627
keep,hest.paad.gene_expression,hest,pearson_r,imputed,73.528261,0.470565,16,26,logit_zscore_bias_als,1,2,72.965760,0.562501
keep,hest.prad.gene_expression,hest,pearson_r,imputed,67.149488,0.342990,16,26,logit_zscore_bias_als,1,2,66.134382,1.015106
keep,hest.read.gene_expression,hest,pearson_r,imputed,59.182147,0.183643,16,26,logit_zscore_bias_als,1,2,58.449971,0.732176
keep,hest.skcm.gene_expression,hest,pearson_r,imputed,79.980158,0.599603,16,26,logit_zscore_bias_als,1,2,79.161669,0.818489
keep,pathorob.camelyon.robustness_index,pathorob,robustness_index,imputed,27.175043,0.271750,16,20,logit_zscore_bias_als,1,2,18.214817,8.960226
keep,pathorob.tcga_2x2.robustness_index,pathorob,robustness_index,imputed,71.713806,0.717138,16,20,logit_zscore_bias_als,1,2,69.419626,2.294180
keep,pathorob.tolkach_esca.robustness_index,pathorob,robustness_index,imputed,87.347473,0.873475,16,20,logit_zscore_bias_als,1,2,84.382084,2.965389
keep,thunder.bach.linear_probing,thunder,f1,observed,77.000000,77.000000,16,32,logit_zscore_bias_als,1,2,,
keep,thunder.bracs.linear_probing,thunder,f1,observed,62.200000,62.200000,16,32,logit_zscore_bias_als,1,2,,
keep,thunder.break_his.linear_probing,thunder,f1,observed,65.900000,65.900000,16,32,logit_zscore_bias_als,1,2,,
keep,thunder.ccrcc.linear_probing,thunder,f1,observed,93.200000,93.200000,16,32,logit_zscore_bias_als,1,2,,
keep,thunder.crc.linear_probing,thunder,f1,observed,94.700000,94.700000,16,32,logit_zscore_bias_als,1,2,,
keep,thunder.esca.linear_probing,thunder,f1,observed,85.800000,85.800000,16,32,logit_zscore_bias_als,1,2,,
keep,thunder.mhist.linear_probing,thunder,f1,observed,76.800000,76.800000,16,32,logit_zscore_bias_als,1,2,,
keep,thunder.patch_camelyon.linear_probing,thunder,f1,observed,92.600000,92.600000,16,32,logit_zscore_bias_als,1,2,,
keep,thunder.spider_breast.linear_probing,thunder,f1,observed,85.600000,85.600000,16,32,logit_zscore_bias_als,1,2,,
keep,thunder.spider_colorectal.linear_probing,thunder,f1,observed,89.700000,89.700000,16,32,logit_zscore_bias_als,1,2,,
keep,thunder.spider_skin.linear_probing,thunder,f1,observed,89.300000,89.300000,16,32,logit_zscore_bias_als,1,2,,
keep,thunder.spider_thorax.linear_probing,thunder,f1,observed,93.800000,93.800000,16,32,logit_zscore_bias_als,1,2,,
keep,thunder.tcga_crc_msi.linear_probing,thunder,f1,observed,64.900000,64.900000,16,32,logit_zscore_bias_als,1,2,,
keep,thunder.tcga_tils.linear_probing,thunder,f1,observed,89.900000,89.900000,16,32,logit_zscore_bias_als,1,2,,
keep,thunder.tcga_uniform.linear_probing,thunder,f1,observed,72.700000,72.700000,16,32,logit_zscore_bias_als,1,2,,
keep,thunder.wilds.linear_probing,thunder,f1,observed,97.400000,97.400000,16,32,logit_zscore_bias_als,1,2,,
lunit-vit-s-8,hest.ccrcc.gene_expression,hest,pearson_r,observed,62.315000,0.246300,9,26,logit_zscore_bias_als,1,2,,
lunit-vit-s-8,hest.coad.gene_expression,hest,pearson_r,observed,64.130000,0.282600,9,26,logit_zscore_bias_als,1,2,,
lunit-vit-s-8,hest.idc.gene_expression,hest,pearson_r,observed,77.245000,0.544900,9,26,logit_zscore_bias_als,1,2,,
lunit-vit-s-8,hest.lung.gene_expression,hest,pearson_r,observed,77.075000,0.541500,9,26,logit_zscore_bias_als,1,2,,
lunit-vit-s-8,hest.lymph_idc.gene_expression,hest,pearson_r,observed,62.530000,0.250600,9,26,logit_zscore_bias_als,1,2,,
lunit-vit-s-8,hest.paad.gene_expression,hest,pearson_r,observed,71.335000,0.426700,9,26,logit_zscore_bias_als,1,2,,
lunit-vit-s-8,hest.prad.gene_expression,hest,pearson_r,observed,64.145000,0.282900,9,26,logit_zscore_bias_als,1,2,,
lunit-vit-s-8,hest.read.gene_expression,hest,pearson_r,observed,58.050000,0.161000,9,26,logit_zscore_bias_als,1,2,,
lunit-vit-s-8,hest.skcm.gene_expression,hest,pearson_r,observed,78.690000,0.573800,9,26,logit_zscore_bias_als,1,2,,
lunit-vit-s-8,pathorob.camelyon.robustness_index,pathorob,robustness_index,imputed,1.424945,0.014249,9,20,logit_zscore_bias_als,1,2,6.005531,4.580586
lunit-vit-s-8,pathorob.tcga_2x2.robustness_index,pathorob,robustness_index,imputed,52.521276,0.525213,9,20,logit_zscore_bias_als,1,2,55.966369,3.445093
lunit-vit-s-8,pathorob.tolkach_esca.robustness_index,pathorob,robustness_index,imputed,64.254381,0.642544,9,20,logit_zscore_bias_als,1,2,65.069133,0.814752
lunit-vit-s-8,thunder.bach.linear_probing,thunder,f1,imputed,65.869824,65.869824,9,32,logit_zscore_bias_als,1,2,67.430949,1.561125
lunit-vit-s-8,thunder.bracs.linear_probing,thunder,f1,imputed,58.547754,58.547754,9,32,logit_zscore_bias_als,1,2,59.228224,0.680469
lunit-vit-s-8,thunder.break_his.linear_probing,thunder,f1,imputed,52.830461,52.830461,9,32,logit_zscore_bias_als,1,2,51.661724,1.168737
lunit-vit-s-8,thunder.ccrcc.linear_probing,thunder,f1,imputed,83.040312,83.040312,9,32,logit_zscore_bias_als,1,2,85.273281,2.232969
lunit-vit-s-8,thunder.crc.linear_probing,thunder,f1,imputed,92.208554,92.208554,9,32,logit_zscore_bias_als,1,2,92.269096,0.060542
lunit-vit-s-8,thunder.esca.linear_probing,thunder,f1,imputed,74.764546,74.764546,9,32,logit_zscore_bias_als,1,2,77.006413,2.241868
lunit-vit-s-8,thunder.mhist.linear_probing,thunder,f1,imputed,76.970317,76.970317,9,32,logit_zscore_bias_als,1,2,78.056547,1.086230
lunit-vit-s-8,thunder.patch_camelyon.linear_probing,thunder,f1,imputed,90.423423,90.423423,9,32,logit_zscore_bias_als,1,2,91.439880,1.016457
lunit-vit-s-8,thunder.spider_breast.linear_probing,thunder,f1,imputed,82.231343,82.231343,9,32,logit_zscore_bias_als,1,2,83.777843,1.546500
lunit-vit-s-8,thunder.spider_colorectal.linear_probing,thunder,f1,imputed,87.586237,87.586237,9,32,logit_zscore_bias_als,1,2,88.483355,0.897118
lunit-vit-s-8,thunder.spider_skin.linear_probing,thunder,f1,imputed,87.092491,87.092491,9,32,logit_zscore_bias_als,1,2,88.684031,1.591540
lunit-vit-s-8,thunder.spider_thorax.linear_probing,thunder,f1,imputed,91.927282,91.927282,9,32,logit_zscore_bias_als,1,2,92.741890,0.814609
lunit-vit-s-8,thunder.tcga_crc_msi.linear_probing,thunder,f1,imputed,61.656948,61.656948,9,32,logit_zscore_bias_als,1,2,62.436755,0.779807
lunit-vit-s-8,thunder.tcga_tils.linear_probing,thunder,f1,imputed,88.785961,88.785961,9,32,logit_zscore_bias_als,1,2,89.326944,0.540982
lunit-vit-s-8,thunder.tcga_uniform.linear_probing,thunder,f1,imputed,68.036936,68.036936,9,32,logit_zscore_bias_als,1,2,71.359610,3.322674
lunit-vit-s-8,thunder.wilds.linear_probing,thunder,f1,imputed,95.225894,95.225894,9,32,logit_zscore_bias_als,1,2,95.801969,0.576075
midnight,hest.ccrcc.gene_expression,hest,pearson_r,observed,60.660000,0.213200,25,26,logit_zscore_bias_als,1,2,,
midnight,hest.coad.gene_expression,hest,pearson_r,observed,64.540000,0.290800,25,26,logit_zscore_bias_als,1,2,,
midnight,hest.idc.gene_expression,hest,pearson_r,observed,79.115000,0.582300,25,26,logit_zscore_bias_als,1,2,,
midnight,hest.lung.gene_expression,hest,pearson_r,observed,77.885000,0.557700,25,26,logit_zscore_bias_als,1,2,,
midnight,hest.lymph_idc.gene_expression,hest,pearson_r,observed,63.210000,0.264200,25,26,logit_zscore_bias_als,1,2,,
midnight,hest.paad.gene_expression,hest,pearson_r,observed,74.500000,0.490000,25,26,logit_zscore_bias_als,1,2,,
midnight,hest.prad.gene_expression,hest,pearson_r,observed,66.850000,0.337000,25,26,logit_zscore_bias_als,1,2,,
midnight,hest.read.gene_expression,hest,pearson_r,observed,59.280000,0.185600,25,26,logit_zscore_bias_als,1,2,,
midnight,hest.skcm.gene_expression,hest,pearson_r,observed,81.800000,0.636000,25,26,logit_zscore_bias_als,1,2,,
midnight,pathorob.camelyon.robustness_index,pathorob,robustness_index,imputed,46.898659,0.468987,25,20,logit_zscore_bias_als,1,2,46.412409,0.486250
midnight,pathorob.tcga_2x2.robustness_index,pathorob,robustness_index,imputed,76.710266,0.767103,25,20,logit_zscore_bias_als,1,2,75.309884,1.400382
midnight,pathorob.tolkach_esca.robustness_index,pathorob,robustness_index,imputed,91.305926,0.913059,25,20,logit_zscore_bias_als,1,2,90.036500,1.269425
midnight,thunder.bach.linear_probing,thunder,f1,observed,87.900000,87.900000,25,32,logit_zscore_bias_als,1,2,,
midnight,thunder.bracs.linear_probing,thunder,f1,observed,63.800000,63.800000,25,32,logit_zscore_bias_als,1,2,,
midnight,thunder.break_his.linear_probing,thunder,f1,observed,56.700000,56.700000,25,32,logit_zscore_bias_als,1,2,,
midnight,thunder.ccrcc.linear_probing,thunder,f1,observed,90.800000,90.800000,25,32,logit_zscore_bias_als,1,2,,
midnight,thunder.crc.linear_probing,thunder,f1,observed,95.600000,95.600000,25,32,logit_zscore_bias_als,1,2,,
midnight,thunder.esca.linear_probing,thunder,f1,observed,86.200000,86.200000,25,32,logit_zscore_bias_als,1,2,,
midnight,thunder.mhist.linear_probing,thunder,f1,observed,80.200000,80.200000,25,32,logit_zscore_bias_als,1,2,,
midnight,thunder.patch_camelyon.linear_probing,thunder,f1,observed,93.500000,93.500000,25,32,logit_zscore_bias_als,1,2,,
midnight,thunder.spider_breast.linear_probing,thunder,f1,observed,86.100000,86.100000,25,32,logit_zscore_bias_als,1,2,,
midnight,thunder.spider_colorectal.linear_probing,thunder,f1,observed,89.600000,89.600000,25,32,logit_zscore_bias_als,1,2,,
midnight,thunder.spider_skin.linear_probing,thunder,f1,observed,91.000000,91.000000,25,32,logit_zscore_bias_als,1,2,,
midnight,thunder.spider_thorax.linear_probing,thunder,f1,observed,94.400000,94.400000,25,32,logit_zscore_bias_als,1,2,,
midnight,thunder.tcga_crc_msi.linear_probing,thunder,f1,observed,65.600000,65.600000,25,32,logit_zscore_bias_als,1,2,,
midnight,thunder.tcga_tils.linear_probing,thunder,f1,observed,91.000000,91.000000,25,32,logit_zscore_bias_als,1,2,,
midnight,thunder.tcga_uniform.linear_probing,thunder,f1,observed,85.200000,85.200000,25,32,logit_zscore_bias_als,1,2,,
midnight,thunder.wilds.linear_probing,thunder,f1,observed,98.300000,98.300000,25,32,logit_zscore_bias_als,1,2,,
musk,hest.ccrcc.gene_expression,hest,pearson_r,observed,59.125000,0.182500,28,26,logit_zscore_bias_als,1,2,,
musk,hest.coad.gene_expression,hest,pearson_r,observed,61.825000,0.236500,28,26,logit_zscore_bias_als,1,2,,
musk,hest.idc.gene_expression,hest,pearson_r,observed,76.240000,0.524800,28,26,logit_zscore_bias_als,1,2,,
musk,hest.lung.gene_expression,hest,pearson_r,observed,75.855000,0.517100,28,26,logit_zscore_bias_als,1,2,,
musk,hest.lymph_idc.gene_expression,hest,pearson_r,observed,62.725000,0.254500,28,26,logit_zscore_bias_als,1,2,,
musk,hest.paad.gene_expression,hest,pearson_r,observed,71.385000,0.427700,28,26,logit_zscore_bias_als,1,2,,
musk,hest.prad.gene_expression,hest,pearson_r,observed,67.150000,0.343000,28,26,logit_zscore_bias_als,1,2,,
musk,hest.read.gene_expression,hest,pearson_r,observed,55.550000,0.111000,28,26,logit_zscore_bias_als,1,2,,
musk,hest.skcm.gene_expression,hest,pearson_r,observed,76.165000,0.523300,28,26,logit_zscore_bias_als,1,2,,
musk,pathorob.camelyon.robustness_index,pathorob,robustness_index,observed,46.700000,0.467000,28,20,logit_zscore_bias_als,1,2,,
musk,pathorob.tcga_2x2.robustness_index,pathorob,robustness_index,observed,72.700000,0.727000,28,20,logit_zscore_bias_als,1,2,,
musk,pathorob.tolkach_esca.robustness_index,pathorob,robustness_index,observed,92.800000,0.928000,28,20,logit_zscore_bias_als,1,2,,
musk,thunder.bach.linear_probing,thunder,f1,observed,69.900000,69.900000,28,32,logit_zscore_bias_als,1,2,,
musk,thunder.bracs.linear_probing,thunder,f1,observed,63.300000,63.300000,28,32,logit_zscore_bias_als,1,2,,
musk,thunder.break_his.linear_probing,thunder,f1,observed,77.600000,77.600000,28,32,logit_zscore_bias_als,1,2,,
musk,thunder.ccrcc.linear_probing,thunder,f1,observed,85.300000,85.300000,28,32,logit_zscore_bias_als,1,2,,
musk,thunder.crc.linear_probing,thunder,f1,observed,91.100000,91.100000,28,32,logit_zscore_bias_als,1,2,,
musk,thunder.esca.linear_probing,thunder,f1,observed,76.400000,76.400000,28,32,logit_zscore_bias_als,1,2,,
musk,thunder.mhist.linear_probing,thunder,f1,observed,80.000000,80.000000,28,32,logit_zscore_bias_als,1,2,,
musk,thunder.patch_camelyon.linear_probing,thunder,f1,observed,89.400000,89.400000,28,32,logit_zscore_bias_als,1,2,,
musk,thunder.spider_breast.linear_probing,thunder,f1,observed,80.600000,80.600000,28,32,logit_zscore_bias_als,1,2,,
musk,thunder.spider_colorectal.linear_probing,thunder,f1,observed,87.900000,87.900000,28,32,logit_zscore_bias_als,1,2,,
musk,thunder.spider_skin.linear_probing,thunder,f1,observed,87.600000,87.600000,28,32,logit_zscore_bias_als,1,2,,
musk,thunder.spider_thorax.linear_probing,thunder,f1,observed,93.300000,93.300000,28,32,logit_zscore_bias_als,1,2,,
musk,thunder.tcga_crc_msi.linear_probing,thunder,f1,observed,63.200000,63.200000,28,32,logit_zscore_bias_als,1,2,,
musk,thunder.tcga_tils.linear_probing,thunder,f1,observed,89.400000,89.400000,28,32,logit_zscore_bias_als,1,2,,
musk,thunder.tcga_uniform.linear_probing,thunder,f1,observed,66.000000,66.000000,28,32,logit_zscore_bias_als,1,2,,
musk,thunder.wilds.linear_probing,thunder,f1,observed,96.000000,96.000000,28,32,logit_zscore_bias_als,1,2,,
openmidnight,hest.ccrcc.gene_expression,hest,pearson_r,observed,62.290000,0.245800,25,26,logit_zscore_bias_als,1,2,,
openmidnight,hest.coad.gene_expression,hest,pearson_r,observed,63.640000,0.272800,25,26,logit_zscore_bias_als,1,2,,
openmidnight,hest.idc.gene_expression,hest,pearson_r,observed,79.350000,0.587000,25,26,logit_zscore_bias_als,1,2,,
openmidnight,hest.lung.gene_expression,hest,pearson_r,observed,77.670000,0.553400,25,26,logit_zscore_bias_als,1,2,,
openmidnight,hest.lymph_idc.gene_expression,hest,pearson_r,observed,62.990000,0.259800,25,26,logit_zscore_bias_als,1,2,,
openmidnight,hest.paad.gene_expression,hest,pearson_r,observed,73.655000,0.473100,25,26,logit_zscore_bias_als,1,2,,
openmidnight,hest.prad.gene_expression,hest,pearson_r,observed,67.950000,0.359000,25,26,logit_zscore_bias_als,1,2,,
openmidnight,hest.read.gene_expression,hest,pearson_r,observed,58.810000,0.176200,25,26,logit_zscore_bias_als,1,2,,
openmidnight,hest.skcm.gene_expression,hest,pearson_r,observed,79.705000,0.594100,25,26,logit_zscore_bias_als,1,2,,
openmidnight,pathorob.camelyon.robustness_index,pathorob,robustness_index,imputed,63.045744,0.630457,25,20,logit_zscore_bias_als,1,2,69.860738,6.814994
openmidnight,pathorob.tcga_2x2.robustness_index,pathorob,robustness_index,imputed,80.011779,0.800118,25,20,logit_zscore_bias_als,1,2,80.378029,0.366250
openmidnight,pathorob.tolkach_esca.robustness_index,pathorob,robustness_index,imputed,93.654932,0.936549,25,20,logit_zscore_bias_als,1,2,94.316012,0.661080
openmidnight,thunder.bach.linear_probing,thunder,f1,observed,84.600000,84.600000,25,32,logit_zscore_bias_als,1,2,,
openmidnight,thunder.bracs.linear_probing,thunder,f1,observed,59.400000,59.400000,25,32,logit_zscore_bias_als,1,2,,
openmidnight,thunder.break_his.linear_probing,thunder,f1,observed,77.300000,77.300000,25,32,logit_zscore_bias_als,1,2,,
openmidnight,thunder.ccrcc.linear_probing,thunder,f1,observed,92.000000,92.000000,25,32,logit_zscore_bias_als,1,2,,
openmidnight,thunder.crc.linear_probing,thunder,f1,observed,94.200000,94.200000,25,32,logit_zscore_bias_als,1,2,,
openmidnight,thunder.esca.linear_probing,thunder,f1,observed,79.800000,79.800000,25,32,logit_zscore_bias_als,1,2,,
openmidnight,thunder.mhist.linear_probing,thunder,f1,observed,81.800000,81.800000,25,32,logit_zscore_bias_als,1,2,,
openmidnight,thunder.patch_camelyon.linear_probing,thunder,f1,observed,93.200000,93.200000,25,32,logit_zscore_bias_als,1,2,,
openmidnight,thunder.spider_breast.linear_probing,thunder,f1,observed,84.500000,84.500000,25,32,logit_zscore_bias_als,1,2,,
openmidnight,thunder.spider_colorectal.linear_probing,thunder,f1,observed,88.300000,88.300000,25,32,logit_zscore_bias_als,1,2,,
openmidnight,thunder.spider_skin.linear_probing,thunder,f1,observed,90.500000,90.500000,25,32,logit_zscore_bias_als,1,2,,
openmidnight,thunder.spider_thorax.linear_probing,thunder,f1,observed,93.700000,93.700000,25,32,logit_zscore_bias_als,1,2,,
openmidnight,thunder.tcga_crc_msi.linear_probing,thunder,f1,observed,66.300000,66.300000,25,32,logit_zscore_bias_als,1,2,,
openmidnight,thunder.tcga_tils.linear_probing,thunder,f1,observed,91.000000,91.000000,25,32,logit_zscore_bias_als,1,2,,
openmidnight,thunder.tcga_uniform.linear_probing,thunder,f1,observed,82.800000,82.800000,25,32,logit_zscore_bias_als,1,2,,
openmidnight,thunder.wilds.linear_probing,thunder,f1,observed,96.500000,96.500000,25,32,logit_zscore_bias_als,1,2,,
phikon,hest.ccrcc.gene_expression,hest,pearson_r,observed,62.115000,0.242300,28,26,logit_zscore_bias_als,1,2,,
phikon,hest.coad.gene_expression,hest,pearson_r,observed,63.115000,0.262300,28,26,logit_zscore_bias_als,1,2,,
phikon,hest.idc.gene_expression,hest,pearson_r,observed,76.635000,0.532700,28,26,logit_zscore_bias_als,1,2,,
phikon,hest.lung.gene_expression,hest,pearson_r,observed,77.330000,0.546600,28,26,logit_zscore_bias_als,1,2,,
phikon,hest.lymph_idc.gene_expression,hest,pearson_r,observed,61.865000,0.237300,28,26,logit_zscore_bias_als,1,2,,
phikon,hest.paad.gene_expression,hest,pearson_r,observed,72.125000,0.442500,28,26,logit_zscore_bias_als,1,2,,
phikon,hest.prad.gene_expression,hest,pearson_r,observed,67.100000,0.342000,28,26,logit_zscore_bias_als,1,2,,
phikon,hest.read.gene_expression,hest,pearson_r,observed,57.660000,0.153200,28,26,logit_zscore_bias_als,1,2,,
phikon,hest.skcm.gene_expression,hest,pearson_r,observed,76.775000,0.535500,28,26,logit_zscore_bias_als,1,2,,
phikon,pathorob.camelyon.robustness_index,pathorob,robustness_index,observed,1.100000,0.011000,28,20,logit_zscore_bias_als,1,2,,
phikon,pathorob.tcga_2x2.robustness_index,pathorob,robustness_index,observed,62.300000,0.623000,28,20,logit_zscore_bias_als,1,2,,
phikon,pathorob.tolkach_esca.robustness_index,pathorob,robustness_index,observed,79.500000,0.795000,28,20,logit_zscore_bias_als,1,2,,
phikon,thunder.bach.linear_probing,thunder,f1,observed,69.300000,69.300000,28,32,logit_zscore_bias_als,1,2,,
phikon,thunder.bracs.linear_probing,thunder,f1,observed,56.900000,56.900000,28,32,logit_zscore_bias_als,1,2,,
phikon,thunder.break_his.linear_probing,thunder,f1,observed,60.000000,60.000000,28,32,logit_zscore_bias_als,1,2,,
phikon,thunder.ccrcc.linear_probing,thunder,f1,observed,89.800000,89.800000,28,32,logit_zscore_bias_als,1,2,,
phikon,thunder.crc.linear_probing,thunder,f1,observed,92.100000,92.100000,28,32,logit_zscore_bias_als,1,2,,
phikon,thunder.esca.linear_probing,thunder,f1,observed,76.700000,76.700000,28,32,logit_zscore_bias_als,1,2,,
phikon,thunder.mhist.linear_probing,thunder,f1,observed,78.100000,78.100000,28,32,logit_zscore_bias_als,1,2,,
phikon,thunder.patch_camelyon.linear_probing,thunder,f1,observed,90.900000,90.900000,28,32,logit_zscore_bias_als,1,2,,
phikon,thunder.spider_breast.linear_probing,thunder,f1,observed,84.900000,84.900000,28,32,logit_zscore_bias_als,1,2,,
phikon,thunder.spider_colorectal.linear_probing,thunder,f1,observed,88.500000,88.500000,28,32,logit_zscore_bias_als,1,2,,
phikon,thunder.spider_skin.linear_probing,thunder,f1,observed,87.900000,87.900000,28,32,logit_zscore_bias_als,1,2,,
phikon,thunder.spider_thorax.linear_probing,thunder,f1,observed,92.400000,92.400000,28,32,logit_zscore_bias_als,1,2,,
phikon,thunder.tcga_crc_msi.linear_probing,thunder,f1,observed,63.100000,63.100000,28,32,logit_zscore_bias_als,1,2,,
phikon,thunder.tcga_tils.linear_probing,thunder,f1,observed,90.100000,90.100000,28,32,logit_zscore_bias_als,1,2,,
phikon,thunder.tcga_uniform.linear_probing,thunder,f1,observed,76.600000,76.600000,28,32,logit_zscore_bias_als,1,2,,
phikon,thunder.wilds.linear_probing,thunder,f1,observed,97.800000,97.800000,28,32,logit_zscore_bias_als,1,2,,
phikon-v2,hest.ccrcc.gene_expression,hest,pearson_r,observed,63.295000,0.265900,28,26,logit_zscore_bias_als,1,2,,
phikon-v2,hest.coad.gene_expression,hest,pearson_r,observed,62.500000,0.250000,28,26,logit_zscore_bias_als,1,2,,
phikon-v2,hest.idc.gene_expression,hest,pearson_r,observed,77.040000,0.540800,28,26,logit_zscore_bias_als,1,2,,
phikon-v2,hest.lung.gene_expression,hest,pearson_r,observed,77.095000,0.541900,28,26,logit_zscore_bias_als,1,2,,
phikon-v2,hest.lymph_idc.gene_expression,hest,pearson_r,observed,62.185000,0.243700,28,26,logit_zscore_bias_als,1,2,,
phikon-v2,hest.paad.gene_expression,hest,pearson_r,observed,72.275000,0.445500,28,26,logit_zscore_bias_als,1,2,,
phikon-v2,hest.prad.gene_expression,hest,pearson_r,observed,67.725000,0.354500,28,26,logit_zscore_bias_als,1,2,,
phikon-v2,hest.read.gene_expression,hest,pearson_r,observed,58.745000,0.174900,28,26,logit_zscore_bias_als,1,2,,
phikon-v2,hest.skcm.gene_expression,hest,pearson_r,observed,77.770000,0.555400,28,26,logit_zscore_bias_als,1,2,,
phikon-v2,pathorob.camelyon.robustness_index,pathorob,robustness_index,observed,1.900000,0.019000,28,20,logit_zscore_bias_als,1,2,,
phikon-v2,pathorob.tcga_2x2.robustness_index,pathorob,robustness_index,observed,61.900000,0.619000,28,20,logit_zscore_bias_als,1,2,,
phikon-v2,pathorob.tolkach_esca.robustness_index,pathorob,robustness_index,observed,76.800000,0.768000,28,20,logit_zscore_bias_als,1,2,,
phikon-v2,thunder.bach.linear_probing,thunder,f1,observed,64.700000,64.700000,28,32,logit_zscore_bias_als,1,2,,
phikon-v2,thunder.bracs.linear_probing,thunder,f1,observed,58.200000,58.200000,28,32,logit_zscore_bias_als,1,2,,
phikon-v2,thunder.break_his.linear_probing,thunder,f1,observed,53.000000,53.000000,28,32,logit_zscore_bias_als,1,2,,
phikon-v2,thunder.ccrcc.linear_probing,thunder,f1,observed,76.700000,76.700000,28,32,logit_zscore_bias_als,1,2,,
phikon-v2,thunder.crc.linear_probing,thunder,f1,observed,92.000000,92.000000,28,32,logit_zscore_bias_als,1,2,,
phikon-v2,thunder.esca.linear_probing,thunder,f1,observed,77.300000,77.300000,28,32,logit_zscore_bias_als,1,2,,
phikon-v2,thunder.mhist.linear_probing,thunder,f1,observed,79.200000,79.200000,28,32,logit_zscore_bias_als,1,2,,
phikon-v2,thunder.patch_camelyon.linear_probing,thunder,f1,observed,90.800000,90.800000,28,32,logit_zscore_bias_als,1,2,,
phikon-v2,thunder.spider_breast.linear_probing,thunder,f1,observed,86.000000,86.000000,28,32,logit_zscore_bias_als,1,2,,
phikon-v2,thunder.spider_colorectal.linear_probing,thunder,f1,observed,89.700000,89.700000,28,32,logit_zscore_bias_als,1,2,,
phikon-v2,thunder.spider_skin.linear_probing,thunder,f1,observed,87.200000,87.200000,28,32,logit_zscore_bias_als,1,2,,
phikon-v2,thunder.spider_thorax.linear_probing,thunder,f1,observed,94.700000,94.700000,28,32,logit_zscore_bias_als,1,2,,
phikon-v2,thunder.tcga_crc_msi.linear_probing,thunder,f1,observed,61.100000,61.100000,28,32,logit_zscore_bias_als,1,2,,
phikon-v2,thunder.tcga_tils.linear_probing,thunder,f1,observed,91.000000,91.000000,28,32,logit_zscore_bias_als,1,2,,
phikon-v2,thunder.tcga_uniform.linear_probing,thunder,f1,observed,77.700000,77.700000,28,32,logit_zscore_bias_als,1,2,,
phikon-v2,thunder.wilds.linear_probing,thunder,f1,observed,95.800000,95.800000,28,32,logit_zscore_bias_als,1,2,,
plip,hest.ccrcc.gene_expression,hest,pearson_r,imputed,60.527311,0.210546,16,26,logit_zscore_bias_als,1,2,60.657897,0.130586
plip,hest.coad.gene_expression,hest,pearson_r,imputed,61.462509,0.229250,16,26,logit_zscore_bias_als,1,2,61.668760,0.206251
plip,hest.idc.gene_expression,hest,pearson_r,imputed,75.727698,0.514554,16,26,logit_zscore_bias_als,1,2,75.868756,0.141058
plip,hest.lung.gene_expression,hest,pearson_r,imputed,75.509691,0.510194,16,26,logit_zscore_bias_als,1,2,75.675435,0.165743
plip,hest.lymph_idc.gene_expression,hest,pearson_r,imputed,61.524343,0.230487,16,26,logit_zscore_bias_als,1,2,61.577077,0.052733
plip,hest.paad.gene_expression,hest,pearson_r,imputed,71.041701,0.420834,16,26,logit_zscore_bias_als,1,2,71.131451,0.089750
plip,hest.prad.gene_expression,hest,pearson_r,imputed,65.599483,0.311990,16,26,logit_zscore_bias_als,1,2,65.390145,0.209337
plip,hest.read.gene_expression,hest,pearson_r,imputed,55.912344,0.118247,16,26,logit_zscore_bias_als,1,2,56.115065,0.202721
plip,hest.skcm.gene_expression,hest,pearson_r,imputed,75.611032,0.512221,16,26,logit_zscore_bias_als,1,2,75.842515,0.231483
plip,pathorob.camelyon.robustness_index,pathorob,robustness_index,imputed,4.140591,0.041406,16,20,logit_zscore_bias_als,1,2,4.467146,0.326555
plip,pathorob.tcga_2x2.robustness_index,pathorob,robustness_index,imputed,59.728366,0.597284,16,20,logit_zscore_bias_als,1,2,59.443519,0.284848
plip,pathorob.tolkach_esca.robustness_index,pathorob,robustness_index,imputed,75.798677,0.757987,16,20,logit_zscore_bias_als,1,2,74.871966,0.926711
plip,thunder.bach.linear_probing,thunder,f1,observed,63.900000,63.900000,16,32,logit_zscore_bias_als,1,2,,
plip,thunder.bracs.linear_probing,thunder,f1,observed,56.500000,56.500000,16,32,logit_zscore_bias_als,1,2,,
plip,thunder.break_his.linear_probing,thunder,f1,observed,47.200000,47.200000,16,32,logit_zscore_bias_als,1,2,,
plip,thunder.ccrcc.linear_probing,thunder,f1,observed,76.900000,76.900000,16,32,logit_zscore_bias_als,1,2,,
plip,thunder.crc.linear_probing,thunder,f1,observed,88.200000,88.200000,16,32,logit_zscore_bias_als,1,2,,
plip,thunder.esca.linear_probing,thunder,f1,observed,65.700000,65.700000,16,32,logit_zscore_bias_als,1,2,,
plip,thunder.mhist.linear_probing,thunder,f1,observed,78.500000,78.500000,16,32,logit_zscore_bias_als,1,2,,
plip,thunder.patch_camelyon.linear_probing,thunder,f1,observed,87.900000,87.900000,16,32,logit_zscore_bias_als,1,2,,
plip,thunder.spider_breast.linear_probing,thunder,f1,observed,77.100000,77.100000,16,32,logit_zscore_bias_als,1,2,,
plip,thunder.spider_colorectal.linear_probing,thunder,f1,observed,84.700000,84.700000,16,32,logit_zscore_bias_als,1,2,,
plip,thunder.spider_skin.linear_probing,thunder,f1,observed,82.100000,82.100000,16,32,logit_zscore_bias_als,1,2,,
plip,thunder.spider_thorax.linear_probing,thunder,f1,observed,88.600000,88.600000,16,32,logit_zscore_bias_als,1,2,,
plip,thunder.tcga_crc_msi.linear_probing,thunder,f1,observed,56.000000,56.000000,16,32,logit_zscore_bias_als,1,2,,
plip,thunder.tcga_tils.linear_probing,thunder,f1,observed,87.200000,87.200000,16,32,logit_zscore_bias_als,1,2,,
plip,thunder.tcga_uniform.linear_probing,thunder,f1,observed,54.900000,54.900000,16,32,logit_zscore_bias_als,1,2,,
plip,thunder.wilds.linear_probing,thunder,f1,observed,89.000000,89.000000,16,32,logit_zscore_bias_als,1,2,,
prov-gigapath,hest.ccrcc.gene_expression,hest,pearson_r,observed,62.150000,0.243000,28,26,logit_zscore_bias_als,1,2,,
prov-gigapath,hest.coad.gene_expression,hest,pearson_r,observed,64.960000,0.299200,28,26,logit_zscore_bias_als,1,2,,
prov-gigapath,hest.idc.gene_expression,hest,pearson_r,observed,77.575000,0.551500,28,26,logit_zscore_bias_als,1,2,,
prov-gigapath,hest.lung.gene_expression,hest,pearson_r,observed,77.060000,0.541200,28,26,logit_zscore_bias_als,1,2,,
prov-gigapath,hest.lymph_idc.gene_expression,hest,pearson_r,observed,62.500000,0.250000,28,26,logit_zscore_bias_als,1,2,,
prov-gigapath,hest.paad.gene_expression,hest,pearson_r,observed,73.730000,0.474600,28,26,logit_zscore_bias_als,1,2,,
prov-gigapath,hest.prad.gene_expression,hest,pearson_r,observed,68.495000,0.369900,28,26,logit_zscore_bias_als,1,2,,
prov-gigapath,hest.read.gene_expression,hest,pearson_r,observed,59.805000,0.196100,28,26,logit_zscore_bias_als,1,2,,
prov-gigapath,hest.skcm.gene_expression,hest,pearson_r,observed,78.095000,0.561900,28,26,logit_zscore_bias_als,1,2,,
prov-gigapath,pathorob.camelyon.robustness_index,pathorob,robustness_index,observed,39.900000,0.399000,28,20,logit_zscore_bias_als,1,2,,
prov-gigapath,pathorob.tcga_2x2.robustness_index,pathorob,robustness_index,observed,73.800000,0.738000,28,20,logit_zscore_bias_als,1,2,,
prov-gigapath,pathorob.tolkach_esca.robustness_index,pathorob,robustness_index,observed,75.400000,0.754000,28,20,logit_zscore_bias_als,1,2,,
prov-gigapath,thunder.bach.linear_probing,thunder,f1,observed,70.700000,70.700000,28,32,logit_zscore_bias_als,1,2,,
prov-gigapath,thunder.bracs.linear_probing,thunder,f1,observed,62.700000,62.700000,28,32,logit_zscore_bias_als,1,2,,
prov-gigapath,thunder.break_his.linear_probing,thunder,f1,observed,65.400000,65.400000,28,32,logit_zscore_bias_als,1,2,,
prov-gigapath,thunder.ccrcc.linear_probing,thunder,f1,observed,88.100000,88.100000,28,32,logit_zscore_bias_als,1,2,,
prov-gigapath,thunder.crc.linear_probing,thunder,f1,observed,94.700000,94.700000,28,32,logit_zscore_bias_als,1,2,,
prov-gigapath,thunder.esca.linear_probing,thunder,f1,observed,81.700000,81.700000,28,32,logit_zscore_bias_als,1,2,,
prov-gigapath,thunder.mhist.linear_probing,thunder,f1,observed,81.700000,81.700000,28,32,logit_zscore_bias_als,1,2,,
prov-gigapath,thunder.patch_camelyon.linear_probing,thunder,f1,observed,93.500000,93.500000,28,32,logit_zscore_bias_als,1,2,,
prov-gigapath,thunder.spider_breast.linear_probing,thunder,f1,observed,85.500000,85.500000,28,32,logit_zscore_bias_als,1,2,,
prov-gigapath,thunder.spider_colorectal.linear_probing,thunder,f1,observed,90.300000,90.300000,28,32,logit_zscore_bias_als,1,2,,
prov-gigapath,thunder.spider_skin.linear_probing,thunder,f1,observed,91.300000,91.300000,28,32,logit_zscore_bias_als,1,2,,
prov-gigapath,thunder.spider_thorax.linear_probing,thunder,f1,observed,93.800000,93.800000,28,32,logit_zscore_bias_als,1,2,,
prov-gigapath,thunder.tcga_crc_msi.linear_probing,thunder,f1,observed,68.000000,68.000000,28,32,logit_zscore_bias_als,1,2,,
prov-gigapath,thunder.tcga_tils.linear_probing,thunder,f1,observed,89.100000,89.100000,28,32,logit_zscore_bias_als,1,2,,
prov-gigapath,thunder.tcga_uniform.linear_probing,thunder,f1,observed,74.400000,74.400000,28,32,logit_zscore_bias_als,1,2,,
prov-gigapath,thunder.wilds.linear_probing,thunder,f1,observed,94.800000,94.800000,28,32,logit_zscore_bias_als,1,2,,
quiltnet,hest.ccrcc.gene_expression,hest,pearson_r,imputed,60.526496,0.210530,16,26,logit_zscore_bias_als,1,2,58.915802,1.610694
quiltnet,hest.coad.gene_expression,hest,pearson_r,imputed,61.443483,0.228870,16,26,logit_zscore_bias_als,1,2,60.799251,0.644232
quiltnet,hest.idc.gene_expression,hest,pearson_r,imputed,75.677747,0.513555,16,26,logit_zscore_bias_als,1,2,74.775787,0.901960
quiltnet,hest.lung.gene_expression,hest,pearson_r,imputed,75.493989,0.509880,16,26,logit_zscore_bias_als,1,2,74.865480,0.628509
quiltnet,hest.lymph_idc.gene_expression,hest,pearson_r,imputed,61.463942,0.229279,16,26,logit_zscore_bias_als,1,2,61.723297,0.259355
quiltnet,hest.paad.gene_expression,hest,pearson_r,imputed,71.002294,0.420046,16,26,logit_zscore_bias_als,1,2,70.354962,0.647332
quiltnet,hest.prad.gene_expression,hest,pearson_r,imputed,65.393263,0.307865,16,26,logit_zscore_bias_als,1,2,65.493356,0.100093
quiltnet,hest.read.gene_expression,hest,pearson_r,imputed,55.907246,0.118145,16,26,logit_zscore_bias_als,1,2,54.662745,1.244501
quiltnet,hest.skcm.gene_expression,hest,pearson_r,imputed,75.515641,0.510313,16,26,logit_zscore_bias_als,1,2,74.341998,1.173644
quiltnet,pathorob.camelyon.robustness_index,pathorob,robustness_index,imputed,3.379858,0.033799,16,20,logit_zscore_bias_als,1,2,6.887497,3.507639
quiltnet,pathorob.tcga_2x2.robustness_index,pathorob,robustness_index,imputed,57.971363,0.579714,16,20,logit_zscore_bias_als,1,2,61.681593,3.710230
quiltnet,pathorob.tolkach_esca.robustness_index,pathorob,robustness_index,imputed,73.511620,0.735116,16,20,logit_zscore_bias_als,1,2,81.045283,7.533663
quiltnet,thunder.bach.linear_probing,thunder,f1,observed,58.400000,58.400000,16,32,logit_zscore_bias_als,1,2,,
quiltnet,thunder.bracs.linear_probing,thunder,f1,observed,55.900000,55.900000,16,32,logit_zscore_bias_als,1,2,,
quiltnet,thunder.break_his.linear_probing,thunder,f1,observed,62.400000,62.400000,16,32,logit_zscore_bias_als,1,2,,
quiltnet,thunder.ccrcc.linear_probing,thunder,f1,observed,65.500000,65.500000,16,32,logit_zscore_bias_als,1,2,,
quiltnet,thunder.crc.linear_probing,thunder,f1,observed,92.500000,92.500000,16,32,logit_zscore_bias_als,1,2,,
quiltnet,thunder.esca.linear_probing,thunder,f1,observed,61.500000,61.500000,16,32,logit_zscore_bias_als,1,2,,
quiltnet,thunder.mhist.linear_probing,thunder,f1,observed,73.500000,73.500000,16,32,logit_zscore_bias_als,1,2,,
quiltnet,thunder.patch_camelyon.linear_probing,thunder,f1,observed,87.400000,87.400000,16,32,logit_zscore_bias_als,1,2,,
quiltnet,thunder.spider_breast.linear_probing,thunder,f1,observed,77.000000,77.000000,16,32,logit_zscore_bias_als,1,2,,
quiltnet,thunder.spider_colorectal.linear_probing,thunder,f1,observed,82.900000,82.900000,16,32,logit_zscore_bias_als,1,2,,
quiltnet,thunder.spider_skin.linear_probing,thunder,f1,observed,81.200000,81.200000,16,32,logit_zscore_bias_als,1,2,,
quiltnet,thunder.spider_thorax.linear_probing,thunder,f1,observed,88.500000,88.500000,16,32,logit_zscore_bias_als,1,2,,
quiltnet,thunder.tcga_crc_msi.linear_probing,thunder,f1,observed,59.600000,59.600000,16,32,logit_zscore_bias_als,1,2,,
quiltnet,thunder.tcga_tils.linear_probing,thunder,f1,observed,87.000000,87.000000,16,32,logit_zscore_bias_als,1,2,,
quiltnet,thunder.tcga_uniform.linear_probing,thunder,f1,observed,54.100000,54.100000,16,32,logit_zscore_bias_als,1,2,,
quiltnet,thunder.wilds.linear_probing,thunder,f1,observed,94.700000,94.700000,16,32,logit_zscore_bias_als,1,2,,
resnet50,hest.ccrcc.gene_expression,hest,pearson_r,observed,61.260000,0.225200,9,26,logit_zscore_bias_als,1,2,,
resnet50,hest.coad.gene_expression,hest,pearson_r,observed,62.500000,0.250000,9,26,logit_zscore_bias_als,1,2,,
resnet50,hest.idc.gene_expression,hest,pearson_r,observed,73.695000,0.473900,9,26,logit_zscore_bias_als,1,2,,
resnet50,hest.lung.gene_expression,hest,pearson_r,observed,74.745000,0.494900,9,26,logit_zscore_bias_als,1,2,,
resnet50,hest.lymph_idc.gene_expression,hest,pearson_r,observed,61.525000,0.230500,9,26,logit_zscore_bias_als,1,2,,
resnet50,hest.paad.gene_expression,hest,pearson_r,observed,69.400000,0.388000,9,26,logit_zscore_bias_als,1,2,,
resnet50,hest.prad.gene_expression,hest,pearson_r,observed,65.220000,0.304400,9,26,logit_zscore_bias_als,1,2,,
resnet50,hest.read.gene_expression,hest,pearson_r,observed,53.915000,0.078300,9,26,logit_zscore_bias_als,1,2,,
resnet50,hest.skcm.gene_expression,hest,pearson_r,observed,74.105000,0.482100,9,26,logit_zscore_bias_als,1,2,,
resnet50,pathorob.camelyon.robustness_index,pathorob,robustness_index,imputed,1.403966,0.014040,9,20,logit_zscore_bias_als,1,2,2.352446,0.948481
resnet50,pathorob.tcga_2x2.robustness_index,pathorob,robustness_index,imputed,52.355427,0.523554,9,20,logit_zscore_bias_als,1,2,53.079528,0.724101
resnet50,pathorob.tolkach_esca.robustness_index,pathorob,robustness_index,imputed,65.929282,0.659293,9,20,logit_zscore_bias_als,1,2,66.903088,0.973806
resnet50,thunder.bach.linear_probing,thunder,f1,imputed,53.561784,53.561784,9,32,logit_zscore_bias_als,1,2,49.087038,4.474746
resnet50,thunder.bracs.linear_probing,thunder,f1,imputed,53.750864,53.750864,9,32,logit_zscore_bias_als,1,2,52.328786,1.422078
resnet50,thunder.break_his.linear_probing,thunder,f1,imputed,46.896605,46.896605,9,32,logit_zscore_bias_als,1,2,44.980959,1.915645
resnet50,thunder.ccrcc.linear_probing,thunder,f1,imputed,73.325683,73.325683,9,32,logit_zscore_bias_als,1,2,71.576079,1.749604
resnet50,thunder.crc.linear_probing,thunder,f1,imputed,89.118095,89.118095,9,32,logit_zscore_bias_als,1,2,87.979773,1.138323
resnet50,thunder.esca.linear_probing,thunder,f1,imputed,64.525385,64.525385,9,32,logit_zscore_bias_als,1,2,62.740865,1.784521
resnet50,thunder.mhist.linear_probing,thunder,f1,imputed,75.472569,75.472569,9,32,logit_zscore_bias_als,1,2,76.050280,0.577710
resnet50,thunder.patch_camelyon.linear_probing,thunder,f1,imputed,85.375798,85.375798,9,32,logit_zscore_bias_als,1,2,84.448796,0.927002
resnet50,thunder.spider_breast.linear_probing,thunder,f1,imputed,74.883633,74.883633,9,32,logit_zscore_bias_als,1,2,73.798114,1.085520
resnet50,thunder.spider_colorectal.linear_probing,thunder,f1,imputed,83.689534,83.689534,9,32,logit_zscore_bias_als,1,2,83.167614,0.521920
resnet50,thunder.spider_skin.linear_probing,thunder,f1,imputed,79.327791,79.327791,9,32,logit_zscore_bias_als,1,2,78.025997,1.301794
resnet50,thunder.spider_thorax.linear_probing,thunder,f1,imputed,87.533677,87.533677,9,32,logit_zscore_bias_als,1,2,86.707644,0.826033
resnet50,thunder.tcga_crc_msi.linear_probing,thunder,f1,imputed,55.077945,55.077945,9,32,logit_zscore_bias_als,1,2,53.532690,1.545255
resnet50,thunder.tcga_tils.linear_probing,thunder,f1,imputed,85.793456,85.793456,9,32,logit_zscore_bias_als,1,2,85.219558,0.573898
resnet50,thunder.tcga_uniform.linear_probing,thunder,f1,imputed,52.146551,52.146551,9,32,logit_zscore_bias_als,1,2,49.413442,2.733108
resnet50,thunder.wilds.linear_probing,thunder,f1,imputed,89.364337,89.364337,9,32,logit_zscore_bias_als,1,2,87.370647,1.993690
retccl,hest.ccrcc.gene_expression,hest,pearson_r,imputed,61.728913,0.234578,3,26,logit_zscore_bias_als,1,2,58.826319,2.902594
retccl,hest.coad.gene_expression,hest,pearson_r,imputed,63.075570,0.261511,3,26,logit_zscore_bias_als,1,2,61.260466,1.815104
retccl,hest.idc.gene_expression,hest,pearson_r,imputed,77.379850,0.547597,3,26,logit_zscore_bias_als,1,2,75.193657,2.186193
retccl,hest.lung.gene_expression,hest,pearson_r,imputed,76.754999,0.535100,3,26,logit_zscore_bias_als,1,2,75.259554,1.495446
retccl,hest.lymph_idc.gene_expression,hest,pearson_r,imputed,62.265473,0.245309,3,26,logit_zscore_bias_als,1,2,62.122492,0.142981
retccl,hest.paad.gene_expression,hest,pearson_r,imputed,72.571264,0.451425,3,26,logit_zscore_bias_als,1,2,70.659891,1.911373
retccl,hest.prad.gene_expression,hest,pearson_r,imputed,66.712384,0.334248,3,26,logit_zscore_bias_als,1,2,65.427640,1.284744
retccl,hest.read.gene_expression,hest,pearson_r,imputed,57.859980,0.157200,3,26,logit_zscore_bias_als,1,2,55.024076,2.835904
retccl,hest.skcm.gene_expression,hest,pearson_r,imputed,78.360191,0.567204,3,26,logit_zscore_bias_als,1,2,75.143869,3.216322
retccl,pathorob.camelyon.robustness_index,pathorob,robustness_index,observed,31.800000,0.318000,3,20,logit_zscore_bias_als,1,2,,
retccl,pathorob.tcga_2x2.robustness_index,pathorob,robustness_index,observed,59.300000,0.593000,3,20,logit_zscore_bias_als,1,2,,
retccl,pathorob.tolkach_esca.robustness_index,pathorob,robustness_index,observed,87.800000,0.878000,3,20,logit_zscore_bias_als,1,2,,
retccl,thunder.bach.linear_probing,thunder,f1,imputed,68.434634,68.434634,3,32,logit_zscore_bias_als,1,2,64.636320,3.798314
retccl,thunder.bracs.linear_probing,thunder,f1,imputed,58.856519,58.856519,3,32,logit_zscore_bias_als,1,2,56.438658,2.417861
retccl,thunder.break_his.linear_probing,thunder,f1,imputed,62.281855,62.281855,3,32,logit_zscore_bias_als,1,2,61.630588,0.651268
retccl,thunder.ccrcc.linear_probing,thunder,f1,imputed,84.746421,84.746421,3,32,logit_zscore_bias_als,1,2,77.528859,7.217562
retccl,thunder.crc.linear_probing,thunder,f1,imputed,92.559662,92.559662,3,32,logit_zscore_bias_als,1,2,91.093060,1.466602
retccl,thunder.esca.linear_probing,thunder,f1,imputed,76.733861,76.733861,3,32,logit_zscore_bias_als,1,2,68.726711,8.007150
retccl,thunder.mhist.linear_probing,thunder,f1,imputed,79.040327,79.040327,3,32,logit_zscore_bias_als,1,2,76.662885,2.377443
retccl,thunder.patch_camelyon.linear_probing,thunder,f1,imputed,90.654604,90.654604,3,32,logit_zscore_bias_als,1,2,86.653532,4.001072
retccl,thunder.spider_breast.linear_probing,thunder,f1,imputed,82.233780,82.233780,3,32,logit_zscore_bias_als,1,2,75.624755,6.609025
retccl,thunder.spider_colorectal.linear_probing,thunder,f1,imputed,87.745872,87.745872,3,32,logit_zscore_bias_als,1,2,84.173282,3.572590
retccl,thunder.spider_skin.linear_probing,thunder,f1,imputed,87.378905,87.378905,3,32,logit_zscore_bias_als,1,2,80.988544,6.390361
retccl,thunder.spider_thorax.linear_probing,thunder,f1,imputed,92.028890,92.028890,3,32,logit_zscore_bias_als,1,2,88.453065,3.575825
retccl,thunder.tcga_crc_msi.linear_probing,thunder,f1,imputed,62.177853,62.177853,3,32,logit_zscore_bias_als,1,2,57.648185,4.529668
retccl,thunder.tcga_tils.linear_probing,thunder,f1,imputed,88.907760,88.907760,3,32,logit_zscore_bias_als,1,2,86.460452,2.447308
retccl,thunder.tcga_uniform.linear_probing,thunder,f1,imputed,68.846523,68.846523,3,32,logit_zscore_bias_als,1,2,55.906524,12.939999
retccl,thunder.wilds.linear_probing,thunder,f1,imputed,95.651695,95.651695,3,32,logit_zscore_bias_als,1,2,92.723882,2.927813
rudolfv,hest.ccrcc.gene_expression,hest,pearson_r,imputed,61.909657,0.238193,3,26,logit_zscore_bias_als,1,2,61.520333,0.389325
rudolfv,hest.coad.gene_expression,hest,pearson_r,imputed,63.137022,0.262740,3,26,logit_zscore_bias_als,1,2,63.568977,0.431955
rudolfv,hest.idc.gene_expression,hest,pearson_r,imputed,77.190318,0.543806,3,26,logit_zscore_bias_als,1,2,77.374529,0.184211
rudolfv,hest.lung.gene_expression,hest,pearson_r,imputed,76.757079,0.535142,3,26,logit_zscore_bias_als,1,2,77.148815,0.391737
rudolfv,hest.lymph_idc.gene_expression,hest,pearson_r,imputed,62.032835,0.240657,3,26,logit_zscore_bias_als,1,2,62.338538,0.305704
rudolfv,hest.paad.gene_expression,hest,pearson_r,imputed,72.324337,0.446487,3,26,logit_zscore_bias_als,1,2,72.371816,0.047479
rudolfv,hest.prad.gene_expression,hest,pearson_r,imputed,65.769873,0.315397,3,26,logit_zscore_bias_als,1,2,64.408921,1.360952
rudolfv,hest.read.gene_expression,hest,pearson_r,imputed,57.831436,0.156629,3,26,logit_zscore_bias_als,1,2,58.105615,0.274179
rudolfv,hest.skcm.gene_expression,hest,pearson_r,imputed,78.034613,0.560692,3,26,logit_zscore_bias_als,1,2,78.422031,0.387418
rudolfv,pathorob.camelyon.robustness_index,pathorob,robustness_index,observed,18.400000,0.184000,3,20,logit_zscore_bias_als,1,2,,
rudolfv,pathorob.tcga_2x2.robustness_index,pathorob,robustness_index,observed,58.700000,0.587000,3,20,logit_zscore_bias_als,1,2,,
rudolfv,pathorob.tolkach_esca.robustness_index,pathorob,robustness_index,observed,69.500000,0.695000,3,20,logit_zscore_bias_als,1,2,,
rudolfv,thunder.bach.linear_probing,thunder,f1,imputed,66.258136,66.258136,3,32,logit_zscore_bias_als,1,2,70.033804,3.775668
rudolfv,thunder.bracs.linear_probing,thunder,f1,imputed,58.340634,58.340634,3,32,logit_zscore_bias_als,1,2,59.936736,1.596102
rudolfv,thunder.break_his.linear_probing,thunder,f1,imputed,57.121402,57.121402,3,32,logit_zscore_bias_als,1,2,55.067406,2.053996
rudolfv,thunder.ccrcc.linear_probing,thunder,f1,imputed,83.290577,83.290577,3,32,logit_zscore_bias_als,1,2,86.179615,2.889038
rudolfv,thunder.crc.linear_probing,thunder,f1,imputed,92.185559,92.185559,3,32,logit_zscore_bias_als,1,2,92.670107,0.484549
rudolfv,thunder.esca.linear_probing,thunder,f1,imputed,75.058626,75.058626,3,32,logit_zscore_bias_als,1,2,78.054031,2.995405
rudolfv,thunder.mhist.linear_probing,thunder,f1,imputed,77.899290,77.899290,3,32,logit_zscore_bias_als,1,2,78.344795,0.445505
rudolfv,thunder.patch_camelyon.linear_probing,thunder,f1,imputed,90.212738,90.212738,3,32,logit_zscore_bias_als,1,2,91.680214,1.467477
rudolfv,thunder.spider_breast.linear_probing,thunder,f1,imputed,81.717570,81.717570,3,32,logit_zscore_bias_als,1,2,83.921916,2.204346
rudolfv,thunder.spider_colorectal.linear_probing,thunder,f1,imputed,87.392851,87.392851,3,32,logit_zscore_bias_als,1,2,88.599203,1.206353
rudolfv,thunder.spider_skin.linear_probing,thunder,f1,imputed,86.735793,86.735793,3,32,logit_zscore_bias_als,1,2,88.980884,2.245091
rudolfv,thunder.spider_thorax.linear_probing,thunder,f1,imputed,91.693549,91.693549,3,32,logit_zscore_bias_als,1,2,92.893414,1.199864
rudolfv,thunder.tcga_crc_msi.linear_probing,thunder,f1,imputed,61.418802,61.418802,3,32,logit_zscore_bias_als,1,2,63.094267,1.675466
rudolfv,thunder.tcga_tils.linear_probing,thunder,f1,imputed,88.633891,88.633891,3,32,logit_zscore_bias_als,1,2,89.473268,0.839377
rudolfv,thunder.tcga_uniform.linear_probing,thunder,f1,imputed,67.285904,67.285904,3,32,logit_zscore_bias_als,1,2,72.199551,4.913647
rudolfv,thunder.wilds.linear_probing,thunder,f1,imputed,95.132976,95.132976,3,32,logit_zscore_bias_als,1,2,96.152578,1.019602
uni,hest.ccrcc.gene_expression,hest,pearson_r,observed,62.000000,0.240000,28,26,logit_zscore_bias_als,1,2,,
uni,hest.coad.gene_expression,hest,pearson_r,observed,63.070000,0.261400,28,26,logit_zscore_bias_als,1,2,,
uni,hest.idc.gene_expression,hest,pearson_r,observed,79.450000,0.589000,28,26,logit_zscore_bias_als,1,2,,
uni,hest.lung.gene_expression,hest,pearson_r,observed,77.320000,0.546400,28,26,logit_zscore_bias_als,1,2,,
uni,hest.lymph_idc.gene_expression,hest,pearson_r,observed,62.795000,0.255900,28,26,logit_zscore_bias_als,1,2,,
uni,hest.paad.gene_expression,hest,pearson_r,observed,74.035000,0.480700,28,26,logit_zscore_bias_als,1,2,,
uni,hest.prad.gene_expression,hest,pearson_r,observed,64.715000,0.294300,28,26,logit_zscore_bias_als,1,2,,
uni,hest.read.gene_expression,hest,pearson_r,observed,59.180000,0.183600,28,26,logit_zscore_bias_als,1,2,,
uni,hest.skcm.gene_expression,hest,pearson_r,observed,81.730000,0.634600,28,26,logit_zscore_bias_als,1,2,,
uni,pathorob.camelyon.robustness_index,pathorob,robustness_index,observed,14.500000,0.145000,28,20,logit_zscore_bias_als,1,2,,
uni,pathorob.tcga_2x2.robustness_index,pathorob,robustness_index,observed,74.700000,0.747000,28,20,logit_zscore_bias_als,1,2,,
uni,pathorob.tolkach_esca.robustness_index,pathorob,robustness_index,observed,90.200000,0.902000,28,20,logit_zscore_bias_als,1,2,,
uni,thunder.bach.linear_probing,thunder,f1,observed,73.000000,73.000000,28,32,logit_zscore_bias_als,1,2,,
uni,thunder.bracs.linear_probing,thunder,f1,observed,59.400000,59.400000,28,32,logit_zscore_bias_als,1,2,,
uni,thunder.break_his.linear_probing,thunder,f1,observed,70.800000,70.800000,28,32,logit_zscore_bias_als,1,2,,
uni,thunder.ccrcc.linear_probing,thunder,f1,observed,90.700000,90.700000,28,32,logit_zscore_bias_als,1,2,,
uni,thunder.crc.linear_probing,thunder,f1,observed,93.100000,93.100000,28,32,logit_zscore_bias_als,1,2,,
uni,thunder.esca.linear_probing,thunder,f1,observed,83.400000,83.400000,28,32,logit_zscore_bias_als,1,2,,
uni,thunder.mhist.linear_probing,thunder,f1,observed,82.400000,82.400000,28,32,logit_zscore_bias_als,1,2,,
uni,thunder.patch_camelyon.linear_probing,thunder,f1,observed,93.800000,93.800000,28,32,logit_zscore_bias_als,1,2,,
uni,thunder.spider_breast.linear_probing,thunder,f1,observed,85.700000,85.700000,28,32,logit_zscore_bias_als,1,2,,
uni,thunder.spider_colorectal.linear_probing,thunder,f1,observed,90.400000,90.400000,28,32,logit_zscore_bias_als,1,2,,
uni,thunder.spider_skin.linear_probing,thunder,f1,observed,91.200000,91.200000,28,32,logit_zscore_bias_als,1,2,,
uni,thunder.spider_thorax.linear_probing,thunder,f1,observed,93.900000,93.900000,28,32,logit_zscore_bias_als,1,2,,
uni,thunder.tcga_crc_msi.linear_probing,thunder,f1,observed,65.900000,65.900000,28,32,logit_zscore_bias_als,1,2,,
uni,thunder.tcga_tils.linear_probing,thunder,f1,observed,90.100000,90.100000,28,32,logit_zscore_bias_als,1,2,,
uni,thunder.tcga_uniform.linear_probing,thunder,f1,observed,75.300000,75.300000,28,32,logit_zscore_bias_als,1,2,,
uni,thunder.wilds.linear_probing,thunder,f1,observed,97.200000,97.200000,28,32,logit_zscore_bias_als,1,2,,
uni2-h,hest.ccrcc.gene_expression,hest,pearson_r,observed,63.200000,0.264000,28,26,logit_zscore_bias_als,1,2,,
uni2-h,hest.coad.gene_expression,hest,pearson_r,observed,65.075000,0.301500,28,26,logit_zscore_bias_als,1,2,,
uni2-h,hest.idc.gene_expression,hest,pearson_r,observed,79.490000,0.589800,28,26,logit_zscore_bias_als,1,2,,
uni2-h,hest.lung.gene_expression,hest,pearson_r,observed,77.935000,0.558700,28,26,logit_zscore_bias_als,1,2,,
uni2-h,hest.lymph_idc.gene_expression,hest,pearson_r,observed,63.635000,0.272700,28,26,logit_zscore_bias_als,1,2,,
uni2-h,hest.paad.gene_expression,hest,pearson_r,observed,75.005000,0.500100,28,26,logit_zscore_bias_als,1,2,,
uni2-h,hest.prad.gene_expression,hest,pearson_r,observed,67.845000,0.356900,28,26,logit_zscore_bias_als,1,2,,
uni2-h,hest.read.gene_expression,hest,pearson_r,observed,61.115000,0.222300,28,26,logit_zscore_bias_als,1,2,,
uni2-h,hest.skcm.gene_expression,hest,pearson_r,observed,83.030000,0.660600,28,26,logit_zscore_bias_als,1,2,,
uni2-h,pathorob.camelyon.robustness_index,pathorob,robustness_index,observed,54.400000,0.544000,28,20,logit_zscore_bias_als,1,2,,
uni2-h,pathorob.tcga_2x2.robustness_index,pathorob,robustness_index,observed,80.300000,0.803000,28,20,logit_zscore_bias_als,1,2,,
uni2-h,pathorob.tolkach_esca.robustness_index,pathorob,robustness_index,observed,92.300000,0.923000,28,20,logit_zscore_bias_als,1,2,,
uni2-h,thunder.bach.linear_probing,thunder,f1,observed,84.700000,84.700000,28,32,logit_zscore_bias_als,1,2,,
uni2-h,thunder.bracs.linear_probing,thunder,f1,observed,65.400000,65.400000,28,32,logit_zscore_bias_als,1,2,,
uni2-h,thunder.break_his.linear_probing,thunder,f1,observed,78.400000,78.400000,28,32,logit_zscore_bias_als,1,2,,
uni2-h,thunder.ccrcc.linear_probing,thunder,f1,observed,89.500000,89.500000,28,32,logit_zscore_bias_als,1,2,,
uni2-h,thunder.crc.linear_probing,thunder,f1,observed,93.900000,93.900000,28,32,logit_zscore_bias_als,1,2,,
uni2-h,thunder.esca.linear_probing,thunder,f1,observed,86.400000,86.400000,28,32,logit_zscore_bias_als,1,2,,
uni2-h,thunder.mhist.linear_probing,thunder,f1,observed,78.600000,78.600000,28,32,logit_zscore_bias_als,1,2,,
uni2-h,thunder.patch_camelyon.linear_probing,thunder,f1,observed,95.000000,95.000000,28,32,logit_zscore_bias_als,1,2,,
uni2-h,thunder.spider_breast.linear_probing,thunder,f1,observed,86.700000,86.700000,28,32,logit_zscore_bias_als,1,2,,
uni2-h,thunder.spider_colorectal.linear_probing,thunder,f1,observed,90.500000,90.500000,28,32,logit_zscore_bias_als,1,2,,
uni2-h,thunder.spider_skin.linear_probing,thunder,f1,observed,92.500000,92.500000,28,32,logit_zscore_bias_als,1,2,,
uni2-h,thunder.spider_thorax.linear_probing,thunder,f1,observed,95.100000,95.100000,28,32,logit_zscore_bias_als,1,2,,
uni2-h,thunder.tcga_crc_msi.linear_probing,thunder,f1,observed,66.900000,66.900000,28,32,logit_zscore_bias_als,1,2,,
uni2-h,thunder.tcga_tils.linear_probing,thunder,f1,observed,90.400000,90.400000,28,32,logit_zscore_bias_als,1,2,,
uni2-h,thunder.tcga_uniform.linear_probing,thunder,f1,observed,78.800000,78.800000,28,32,logit_zscore_bias_als,1,2,,
uni2-h,thunder.wilds.linear_probing,thunder,f1,observed,98.900000,98.900000,28,32,logit_zscore_bias_als,1,2,,
virchow,hest.ccrcc.gene_expression,hest,pearson_r,observed,62.930000,0.258600,28,26,logit_zscore_bias_als,1,2,,
virchow,hest.coad.gene_expression,hest,pearson_r,observed,65.395000,0.307900,28,26,logit_zscore_bias_als,1,2,,
virchow,hest.idc.gene_expression,hest,pearson_r,observed,79.230000,0.584600,28,26,logit_zscore_bias_als,1,2,,
virchow,hest.lung.gene_expression,hest,pearson_r,observed,78.320000,0.566400,28,26,logit_zscore_bias_als,1,2,,
virchow,hest.lymph_idc.gene_expression,hest,pearson_r,observed,63.050000,0.261000,28,26,logit_zscore_bias_als,1,2,,
virchow,hest.paad.gene_expression,hest,pearson_r,observed,75.795000,0.515900,28,26,logit_zscore_bias_als,1,2,,
virchow,hest.prad.gene_expression,hest,pearson_r,observed,66.890000,0.337800,28,26,logit_zscore_bias_als,1,2,,
virchow,hest.read.gene_expression,hest,pearson_r,observed,59.905000,0.198100,28,26,logit_zscore_bias_als,1,2,,
virchow,hest.skcm.gene_expression,hest,pearson_r,observed,81.215000,0.624300,28,26,logit_zscore_bias_als,1,2,,
virchow,pathorob.camelyon.robustness_index,pathorob,robustness_index,observed,75.100000,0.751000,28,20,logit_zscore_bias_als,1,2,,
virchow,pathorob.tcga_2x2.robustness_index,pathorob,robustness_index,observed,76.100000,0.761000,28,20,logit_zscore_bias_als,1,2,,
virchow,pathorob.tolkach_esca.robustness_index,pathorob,robustness_index,observed,93.200000,0.932000,28,20,logit_zscore_bias_als,1,2,,
virchow,thunder.bach.linear_probing,thunder,f1,observed,66.200000,66.200000,28,32,logit_zscore_bias_als,1,2,,
virchow,thunder.bracs.linear_probing,thunder,f1,observed,59.800000,59.800000,28,32,logit_zscore_bias_als,1,2,,
virchow,thunder.break_his.linear_probing,thunder,f1,observed,62.700000,62.700000,28,32,logit_zscore_bias_als,1,2,,
virchow,thunder.ccrcc.linear_probing,thunder,f1,observed,91.700000,91.700000,28,32,logit_zscore_bias_als,1,2,,
virchow,thunder.crc.linear_probing,thunder,f1,observed,93.700000,93.700000,28,32,logit_zscore_bias_als,1,2,,
virchow,thunder.esca.linear_probing,thunder,f1,observed,84.300000,84.300000,28,32,logit_zscore_bias_als,1,2,,
virchow,thunder.mhist.linear_probing,thunder,f1,observed,82.300000,82.300000,28,32,logit_zscore_bias_als,1,2,,
virchow,thunder.patch_camelyon.linear_probing,thunder,f1,observed,93.600000,93.600000,28,32,logit_zscore_bias_als,1,2,,
virchow,thunder.spider_breast.linear_probing,thunder,f1,observed,86.200000,86.200000,28,32,logit_zscore_bias_als,1,2,,
virchow,thunder.spider_colorectal.linear_probing,thunder,f1,observed,90.200000,90.200000,28,32,logit_zscore_bias_als,1,2,,
virchow,thunder.spider_skin.linear_probing,thunder,f1,observed,91.300000,91.300000,28,32,logit_zscore_bias_als,1,2,,
virchow,thunder.spider_thorax.linear_probing,thunder,f1,observed,94.700000,94.700000,28,32,logit_zscore_bias_als,1,2,,
virchow,thunder.tcga_crc_msi.linear_probing,thunder,f1,observed,65.500000,65.500000,28,32,logit_zscore_bias_als,1,2,,
virchow,thunder.tcga_tils.linear_probing,thunder,f1,observed,90.700000,90.700000,28,32,logit_zscore_bias_als,1,2,,
virchow,thunder.tcga_uniform.linear_probing,thunder,f1,observed,74.800000,74.800000,28,32,logit_zscore_bias_als,1,2,,
virchow,thunder.wilds.linear_probing,thunder,f1,observed,97.600000,97.600000,28,32,logit_zscore_bias_als,1,2,,
virchow-2,hest.ccrcc.gene_expression,hest,pearson_r,observed,63.595000,0.271900,28,26,logit_zscore_bias_als,1,2,,
virchow-2,hest.coad.gene_expression,hest,pearson_r,observed,62.905000,0.258100,28,26,logit_zscore_bias_als,1,2,,
virchow-2,hest.idc.gene_expression,hest,pearson_r,observed,79.855000,0.597100,28,26,logit_zscore_bias_als,1,2,,
virchow-2,hest.lung.gene_expression,hest,pearson_r,observed,78.425000,0.568500,28,26,logit_zscore_bias_als,1,2,,
virchow-2,hest.lymph_idc.gene_expression,hest,pearson_r,observed,62.840000,0.256800,28,26,logit_zscore_bias_als,1,2,,
virchow-2,hest.paad.gene_expression,hest,pearson_r,observed,73.895000,0.477900,28,26,logit_zscore_bias_als,1,2,,
virchow-2,hest.prad.gene_expression,hest,pearson_r,observed,67.645000,0.352900,28,26,logit_zscore_bias_als,1,2,,
virchow-2,hest.read.gene_expression,hest,pearson_r,observed,60.370000,0.207400,28,26,logit_zscore_bias_als,1,2,,
virchow-2,hest.skcm.gene_expression,hest,pearson_r,observed,82.010000,0.640200,28,26,logit_zscore_bias_als,1,2,,
virchow-2,pathorob.camelyon.robustness_index,pathorob,robustness_index,observed,80.600000,0.806000,28,20,logit_zscore_bias_als,1,2,,
virchow-2,pathorob.tcga_2x2.robustness_index,pathorob,robustness_index,observed,82.200000,0.822000,28,20,logit_zscore_bias_als,1,2,,
virchow-2,pathorob.tolkach_esca.robustness_index,pathorob,robustness_index,observed,95.500000,0.955000,28,20,logit_zscore_bias_als,1,2,,
virchow-2,thunder.bach.linear_probing,thunder,f1,observed,76.500000,76.500000,28,32,logit_zscore_bias_als,1,2,,
virchow-2,thunder.bracs.linear_probing,thunder,f1,observed,62.400000,62.400000,28,32,logit_zscore_bias_als,1,2,,
virchow-2,thunder.break_his.linear_probing,thunder,f1,observed,72.500000,72.500000,28,32,logit_zscore_bias_als,1,2,,
virchow-2,thunder.ccrcc.linear_probing,thunder,f1,observed,93.600000,93.600000,28,32,logit_zscore_bias_als,1,2,,
virchow-2,thunder.crc.linear_probing,thunder,f1,observed,93.000000,93.000000,28,32,logit_zscore_bias_als,1,2,,
virchow-2,thunder.esca.linear_probing,thunder,f1,observed,88.900000,88.900000,28,32,logit_zscore_bias_als,1,2,,
virchow-2,thunder.mhist.linear_probing,thunder,f1,observed,83.600000,83.600000,28,32,logit_zscore_bias_als,1,2,,
virchow-2,thunder.patch_camelyon.linear_probing,thunder,f1,observed,92.800000,92.800000,28,32,logit_zscore_bias_als,1,2,,
virchow-2,thunder.spider_breast.linear_probing,thunder,f1,observed,87.200000,87.200000,28,32,logit_zscore_bias_als,1,2,,
virchow-2,thunder.spider_colorectal.linear_probing,thunder,f1,observed,90.800000,90.800000,28,32,logit_zscore_bias_als,1,2,,
virchow-2,thunder.spider_skin.linear_probing,thunder,f1,observed,92.000000,92.000000,28,32,logit_zscore_bias_als,1,2,,
virchow-2,thunder.spider_thorax.linear_probing,thunder,f1,observed,93.900000,93.900000,28,32,logit_zscore_bias_als,1,2,,
virchow-2,thunder.tcga_crc_msi.linear_probing,thunder,f1,observed,69.600000,69.600000,28,32,logit_zscore_bias_als,1,2,,
virchow-2,thunder.tcga_tils.linear_probing,thunder,f1,observed,90.900000,90.900000,28,32,logit_zscore_bias_als,1,2,,
virchow-2,thunder.tcga_uniform.linear_probing,thunder,f1,observed,78.400000,78.400000,28,32,logit_zscore_bias_als,1,2,,
virchow-2,thunder.wilds.linear_probing,thunder,f1,observed,90.000000,90.000000,28,32,logit_zscore_bias_als,1,2,,
vit-b,hest.ccrcc.gene_expression,hest,pearson_r,imputed,60.407928,0.208159,16,26,logit_zscore_bias_als,1,2,59.803803,0.604125
vit-b,hest.coad.gene_expression,hest,pearson_r,imputed,61.401439,0.228029,16,26,logit_zscore_bias_als,1,2,61.370400,0.031039
vit-b,hest.idc.gene_expression,hest,pearson_r,imputed,75.803586,0.516072,16,26,logit_zscore_bias_als,1,2,75.626224,0.177362
vit-b,hest.lung.gene_expression,hest,pearson_r,imputed,75.478294,0.509566,16,26,logit_zscore_bias_als,1,2,75.341562,0.136732
vit-b,hest.lymph_idc.gene_expression,hest,pearson_r,imputed,61.669440,0.233389,16,26,logit_zscore_bias_als,1,2,62.006406,0.336966
vit-b,hest.paad.gene_expression,hest,pearson_r,imputed,71.131837,0.422637,16,26,logit_zscore_bias_als,1,2,71.118739,0.013098
vit-b,hest.prad.gene_expression,hest,pearson_r,imputed,66.200758,0.324015,16,26,logit_zscore_bias_als,1,2,66.875013,0.674255
vit-b,hest.read.gene_expression,hest,pearson_r,imputed,55.850542,0.117011,16,26,logit_zscore_bias_als,1,2,55.513944,0.336598
vit-b,hest.skcm.gene_expression,hest,pearson_r,imputed,75.761881,0.515238,16,26,logit_zscore_bias_als,1,2,75.715081,0.046800
vit-b,pathorob.camelyon.robustness_index,pathorob,robustness_index,imputed,7.793231,0.077932,16,20,logit_zscore_bias_als,1,2,23.004449,15.211218
vit-b,pathorob.tcga_2x2.robustness_index,pathorob,robustness_index,imputed,64.544695,0.645447,16,20,logit_zscore_bias_als,1,2,69.414333,4.869638
vit-b,pathorob.tolkach_esca.robustness_index,pathorob,robustness_index,imputed,81.519734,0.815197,16,20,logit_zscore_bias_als,1,2,88.627707,7.107973
vit-b,thunder.bach.linear_probing,thunder,f1,observed,57.000000,57.000000,16,32,logit_zscore_bias_als,1,2,,
vit-b,thunder.bracs.linear_probing,thunder,f1,observed,56.600000,56.600000,16,32,logit_zscore_bias_als,1,2,,
vit-b,thunder.break_his.linear_probing,thunder,f1,observed,64.500000,64.500000,16,32,logit_zscore_bias_als,1,2,,
vit-b,thunder.ccrcc.linear_probing,thunder,f1,observed,79.100000,79.100000,16,32,logit_zscore_bias_als,1,2,,
vit-b,thunder.crc.linear_probing,thunder,f1,observed,90.600000,90.600000,16,32,logit_zscore_bias_als,1,2,,
vit-b,thunder.esca.linear_probing,thunder,f1,observed,62.700000,62.700000,16,32,logit_zscore_bias_als,1,2,,
vit-b,thunder.mhist.linear_probing,thunder,f1,observed,77.600000,77.600000,16,32,logit_zscore_bias_als,1,2,,
vit-b,thunder.patch_camelyon.linear_probing,thunder,f1,observed,84.600000,84.600000,16,32,logit_zscore_bias_als,1,2,,
vit-b,thunder.spider_breast.linear_probing,thunder,f1,observed,78.200000,78.200000,16,32,logit_zscore_bias_als,1,2,,
vit-b,thunder.spider_colorectal.linear_probing,thunder,f1,observed,84.700000,84.700000,16,32,logit_zscore_bias_als,1,2,,
vit-b,thunder.spider_skin.linear_probing,thunder,f1,observed,81.200000,81.200000,16,32,logit_zscore_bias_als,1,2,,
vit-b,thunder.spider_thorax.linear_probing,thunder,f1,observed,87.900000,87.900000,16,32,logit_zscore_bias_als,1,2,,
vit-b,thunder.tcga_crc_msi.linear_probing,thunder,f1,observed,59.100000,59.100000,16,32,logit_zscore_bias_als,1,2,,
vit-b,thunder.tcga_tils.linear_probing,thunder,f1,observed,85.800000,85.800000,16,32,logit_zscore_bias_als,1,2,,
vit-b,thunder.tcga_uniform.linear_probing,thunder,f1,observed,53.400000,53.400000,16,32,logit_zscore_bias_als,1,2,,
vit-b,thunder.wilds.linear_probing,thunder,f1,observed,91.300000,91.300000,16,32,logit_zscore_bias_als,1,2,,
vit-l,hest.ccrcc.gene_expression,hest,pearson_r,imputed,60.575685,0.211514,16,26,logit_zscore_bias_als,1,2,60.435810,0.139875
vit-l,hest.coad.gene_expression,hest,pearson_r,imputed,61.671877,0.233438,16,26,logit_zscore_bias_als,1,2,61.884202,0.212325
vit-l,hest.idc.gene_expression,hest,pearson_r,imputed,76.155170,0.523103,16,26,logit_zscore_bias_als,1,2,76.292401,0.137231
vit-l,hest.lung.gene_expression,hest,pearson_r,imputed,75.697571,0.513951,16,26,logit_zscore_bias_als,1,2,75.742385,0.044814
vit-l,hest.lymph_idc.gene_expression,hest,pearson_r,imputed,61.886953,0.237739,16,26,logit_zscore_bias_als,1,2,62.265428,0.378476
vit-l,hest.paad.gene_expression,hest,pearson_r,imputed,71.458403,0.429168,16,26,logit_zscore_bias_als,1,2,71.750188,0.291785
vit-l,hest.prad.gene_expression,hest,pearson_r,imputed,66.736501,0.334730,16,26,logit_zscore_bias_als,1,2,67.870467,1.133966
vit-l,hest.read.gene_expression,hest,pearson_r,imputed,56.173448,0.123469,16,26,logit_zscore_bias_als,1,2,56.224909,0.051461
vit-l,hest.skcm.gene_expression,hest,pearson_r,imputed,76.366810,0.527336,16,26,logit_zscore_bias_als,1,2,76.810690,0.443879
vit-l,pathorob.camelyon.robustness_index,pathorob,robustness_index,imputed,13.724298,0.137243,16,20,logit_zscore_bias_als,1,2,42.640808,28.916510
vit-l,pathorob.tcga_2x2.robustness_index,pathorob,robustness_index,imputed,68.689019,0.686890,16,20,logit_zscore_bias_als,1,2,74.675188,5.986169
vit-l,pathorob.tolkach_esca.robustness_index,pathorob,robustness_index,imputed,85.627127,0.856271,16,20,logit_zscore_bias_als,1,2,92.380815,6.753688
vit-l,thunder.bach.linear_probing,thunder,f1,observed,56.900000,56.900000,16,32,logit_zscore_bias_als,1,2,,
vit-l,thunder.bracs.linear_probing,thunder,f1,observed,54.800000,54.800000,16,32,logit_zscore_bias_als,1,2,,
vit-l,thunder.break_his.linear_probing,thunder,f1,observed,66.300000,66.300000,16,32,logit_zscore_bias_als,1,2,,
vit-l,thunder.ccrcc.linear_probing,thunder,f1,observed,77.100000,77.100000,16,32,logit_zscore_bias_als,1,2,,
vit-l,thunder.crc.linear_probing,thunder,f1,observed,92.800000,92.800000,16,32,logit_zscore_bias_als,1,2,,
vit-l,thunder.esca.linear_probing,thunder,f1,observed,67.900000,67.900000,16,32,logit_zscore_bias_als,1,2,,
vit-l,thunder.mhist.linear_probing,thunder,f1,observed,79.800000,79.800000,16,32,logit_zscore_bias_als,1,2,,
vit-l,thunder.patch_camelyon.linear_probing,thunder,f1,observed,85.700000,85.700000,16,32,logit_zscore_bias_als,1,2,,
vit-l,thunder.spider_breast.linear_probing,thunder,f1,observed,79.300000,79.300000,16,32,logit_zscore_bias_als,1,2,,
vit-l,thunder.spider_colorectal.linear_probing,thunder,f1,observed,85.100000,85.100000,16,32,logit_zscore_bias_als,1,2,,
vit-l,thunder.spider_skin.linear_probing,thunder,f1,observed,81.300000,81.300000,16,32,logit_zscore_bias_als,1,2,,
vit-l,thunder.spider_thorax.linear_probing,thunder,f1,observed,88.500000,88.500000,16,32,logit_zscore_bias_als,1,2,,
vit-l,thunder.tcga_crc_msi.linear_probing,thunder,f1,observed,56.800000,56.800000,16,32,logit_zscore_bias_als,1,2,,
vit-l,thunder.tcga_tils.linear_probing,thunder,f1,observed,87.500000,87.500000,16,32,logit_zscore_bias_als,1,2,,
vit-l,thunder.tcga_uniform.linear_probing,thunder,f1,observed,55.900000,55.900000,16,32,logit_zscore_bias_als,1,2,,
vit-l,thunder.wilds.linear_probing,thunder,f1,observed,92.600000,92.600000,16,32,logit_zscore_bias_als,1,2,,
